window_idx,timestamp,te_bits,surr_mean,surr_std,surr_p95,surr_p99,p_value,sig95,sig99,n_valid_surrogates,h_target_bits,pct_h,surr_p95_pct
0,2022-12-06 00:00:00,0.02311032409513931,0.07069866674758606,0.0704045576945868,0.21113626271798502,0.2619274230923709,0.645,False,False,2000,1.6501821425089718,1.4004711055715273,12.794724732444928
1,2022-12-06 06:00:00,0.04551247197536735,0.07158562505204591,0.07139730025457497,0.20991758637298438,0.27168966435187186,0.543,False,False,2000,1.6370107165021666,2.7802183282351844,12.823226155875112
2,2022-12-06 12:00:00,0.060240232463947066,0.06773199473047083,0.06750050072551508,0.19587725093402072,0.24850768947247207,0.469,False,False,2000,1.6347219897343352,3.685044481094729,11.982297428191655
3,2022-12-06 18:00:00,0.06405725156676877,0.06173426720777144,0.0649579238579924,0.19288545981308228,0.2519936345137239,0.4105,False,False,2000,1.6457100123129578,3.8923778240092077,11.72050108281179
4,2022-12-07 00:00:00,0.07434243219024157,0.062040581111584545,0.06640310853938751,0.1909247283815995,0.2586238006236056,0.367,False,False,2000,1.550648113697324,4.794281277199729,12.312576057398585
5,2022-12-07 06:00:00,0.07080152183243107,0.06034303887302542,0.065777227650617,0.19538357810694623,0.243726799059843,0.3565,False,False,2000,1.5450389492141208,4.582507248017537,12.645867484850623
6,2022-12-07 12:00:00,0.08129850334913877,0.059558216658955485,0.0653198692381883,0.18469974254331,0.260576061376435,0.3125,False,False,2000,1.5824048151058558,5.137655205106303,11.672091792197588
7,2022-12-07 18:00:00,0.06692913070930907,0.05629985538451163,0.06293742435114581,0.17794159139828897,0.24932178360500756,0.359,False,False,2000,1.5827030916196576,4.228786249530682,11.242891502549137
8,2022-12-08 00:00:00,0.06872097262033727,0.058697605517425006,0.06374293316267875,0.18537237363673797,0.25601228222889344,0.3615,False,False,2000,1.5670737952309173,4.385305454629904,11.82920512109146
9,2022-12-08 06:00:00,0.04956066997950466,0.05850700004284425,0.06490707136278083,0.1927906934176148,0.25659744932307144,0.4525,False,False,2000,1.541752786727943,3.2145665898024487,12.504643745562728
10,2022-12-08 12:00:00,0.023277470941869684,0.059440796536071504,0.06540993446081556,0.1889761823731729,0.24948844976351484,0.5775,False,False,2000,1.5613763038256117,1.4908302940704496,12.10317986190467
11,2022-12-08 18:00:00,0.02425372490621803,0.05489536091317339,0.061463624571945444,0.17542698479439892,0.2462924580901195,0.559,False,False,2000,1.5650538617174747,1.549705444616598,11.209006225631562
12,2022-12-09 00:00:00,0.023580846188130507,0.05810879809219087,0.0645375954400751,0.18483201893215176,0.25465763109235795,0.572,False,False,2000,1.5009344666877822,1.5710776660468075,12.314462958534998
13,2022-12-09 06:00:00,0.060857874063297845,0.055445642760741834,0.06207289580052639,0.17947972286830147,0.23896981886084273,0.3865,False,False,2000,1.4880357868738505,4.089812530056921,12.061519249168233
14,2022-12-09 12:00:00,0.04703461367028763,0.05257682603104895,0.06064136447299073,0.17221592251340317,0.24510092630183813,0.4275,False,False,2000,1.4909007952213922,3.154778226763451,11.551132246047926
15,2022-12-09 18:00:00,0.0658840932956947,0.049110496010076075,0.05926526842095057,0.16913905723883144,0.23833230436618605,0.316,False,False,2000,1.5090410482731007,4.365957663715668,11.208380145284243
16,2022-12-10 00:00:00,0.08129701156503917,0.05155496992083651,0.05958319697126749,0.16997644945744575,0.23910936585918,0.267,False,False,2000,1.5006688839822824,5.41738503628486,11.326712459472343
17,2022-12-10 06:00:00,0.06582916044193106,0.05111041469248302,0.05859546348167209,0.16997361829515192,0.2284970883690633,0.3295,False,False,2000,1.5329275504813518,4.294342574850336,11.088170360156866
18,2022-12-10 12:00:00,0.06540537252143422,0.052834082129877884,0.060260004856468784,0.16906718007889227,0.24053497685445285,0.3445,False,False,2000,1.542126116560639,4.241246667121234,10.963252503365814
19,2022-12-10 18:00:00,0.05371440257171106,0.051216808576097665,0.06069759620553054,0.17137091853359634,0.23089529640421566,0.3885,False,False,2000,1.5264076613216997,3.519007663077395,11.227074056036129
20,2022-12-11 00:00:00,0.06696132090441197,0.05524380085964145,0.061213950310373584,0.17859273004123305,0.22257310124414037,0.3515,False,False,2000,1.5012414237048624,4.460396565607709,11.896336406737976
21,2022-12-11 06:00:00,0.0727513950021379,0.051629833755865065,0.058872612074332295,0.17175387329659664,0.22798719474142146,0.311,False,False,2000,1.480787427120584,4.913020847536787,11.598820340511326
22,2022-12-11 12:00:00,0.13970253766780094,0.05527896614374213,0.06139143191705817,0.17807285924402447,0.23639233924628741,0.109,False,False,2000,1.473106355793092,9.483533698596244,12.088255443589713
23,2022-12-11 18:00:00,0.12090890907408525,0.05220507265687853,0.058801462931759016,0.16852709284442835,0.22907211027155847,0.1405,False,False,2000,1.471995497801655,8.213945576236892,11.448886433152436
24,2022-12-12 00:00:00,0.13664911886653908,0.05163623722851493,0.05880693767159363,0.16782277295480497,0.2332242954360326,0.1055,False,False,2000,1.4559717465906121,9.385423802798686,11.526513021134408
25,2022-12-12 06:00:00,0.12055816704205544,0.05268366145748368,0.06074602840513412,0.17242047541902347,0.2506315115839948,0.135,False,False,2000,1.4360496256659037,8.395125411223306,12.00658196885579
26,2022-12-12 12:00:00,0.15157770603924967,0.054699931653515665,0.06253255942212516,0.1797495472484405,0.24273328382038598,0.0955,False,False,2000,1.389568126824723,10.908260135875247,12.935641209559329
27,2022-12-12 18:00:00,0.14388541683922387,0.05256562913516528,0.06028667831621959,0.1770354465421352,0.24176386803443714,0.095,False,False,2000,1.4300752528558702,10.061387787242923,12.379449695992864
28,2022-12-13 00:00:00,0.15909830600496783,0.053706038271225255,0.059599443666278965,0.17229410338812395,0.23503522044931263,0.067,False,False,2000,1.4043163706567312,11.32923530119963,12.268895171217743
29,2022-12-13 06:00:00,0.1486657880879191,0.05655261477897462,0.06124949594341196,0.1835338686771168,0.2315856592282185,0.0855,False,False,2000,1.3936615141965358,10.667280869388641,13.169185401731243
30,2022-12-13 12:00:00,0.1407428565821857,0.05600276597169567,0.06152659654126243,0.17772177577826787,0.2414000441232262,0.1085,False,False,2000,1.426577806370589,9.8657679906191,12.457909760310699
31,2022-12-13 18:00:00,0.13872128865653763,0.055369663963888045,0.06244321801209247,0.18079344821933127,0.23507370835290436,0.121,False,False,2000,1.4844653656433537,9.344865287336432,12.17902770947957
32,2022-12-14 00:00:00,0.1258193397659475,0.05673100224078531,0.06394438448276159,0.18019477698532033,0.2502176987823337,0.1465,False,False,2000,1.4791617852250911,8.50612428084065,12.182222308961235
33,2022-12-14 06:00:00,0.10955631093650649,0.05386732231147438,0.05965690751785387,0.17246941212679573,0.2296979572680421,0.1845,False,False,2000,1.5566236634125095,7.038073075179365,11.079711569378274
34,2022-12-14 12:00:00,0.09340019230652867,0.05164217043352506,0.059883871439078695,0.17061505959774437,0.24465540455340823,0.2215,False,False,2000,1.5374675212285247,6.074937585146291,11.097148866039989
35,2022-12-14 18:00:00,0.10002869712491394,0.053724778781884384,0.06220369630311005,0.1763778260523503,0.2467822268690835,0.217,False,False,2000,1.5686968389308336,6.376547376298014,11.243589052717349
36,2022-12-15 00:00:00,0.10288921717609822,0.054423706118619665,0.06187599183739266,0.1765300285557349,0.250200371408225,0.2045,False,False,2000,1.5461268601311748,6.654642631806358,11.417564309099316
37,2022-12-15 06:00:00,0.1023371932329856,0.05015642481172925,0.05935731987418155,0.17175036809772093,0.22428638085676889,0.186,False,False,2000,1.5334301680740832,6.673743308540509,11.200403622776731
38,2022-12-15 12:00:00,0.10648225084969273,0.05472925866207072,0.06360497683305115,0.18143325513487762,0.2537050234022226,0.203,False,False,2000,1.5087706957758378,7.057550305544448,12.025237210852726
39,2022-12-15 18:00:00,0.10727451643975676,0.052688383355895214,0.06204303252634707,0.17701592221192702,0.2478025902237146,0.1805,False,False,2000,1.5253050606640572,7.032987643340912,11.605279938877363
40,2022-12-16 00:00:00,0.11102750764125427,0.04902140641785851,0.05886169279194361,0.16667298737644476,0.23203994460871302,0.154,False,False,2000,1.5649479231736307,7.094645514854987,10.650385543720896
41,2022-12-16 06:00:00,0.10215524795528917,0.048929622152912085,0.06008100107424053,0.16577074046374432,0.2455313406564701,0.18,False,False,2000,1.5630204010242958,6.535759091074158,10.605795059047828
42,2022-12-16 12:00:00,0.10291660054391236,0.05089931083491576,0.06121873768479029,0.17798521929041772,0.25455000706124614,0.187,False,False,2000,1.5902315579043278,6.47179965913518,11.192408954892954
43,2022-12-16 18:00:00,0.12256261309893132,0.04889457713354608,0.05896961559113866,0.16608104567568158,0.2350761180019199,0.13,False,False,2000,1.6102272257120627,7.61151042175011,10.31413722384668
44,2022-12-17 00:00:00,0.06167413500517721,0.05276469498560474,0.06223261885477587,0.17604682220836285,0.25572940956317586,0.355,False,False,2000,1.6386168488677302,3.763792313486432,10.743623338793913
45,2022-12-17 06:00:00,0.02390694843978973,0.053448416357428224,0.06154613349638309,0.1756635894721474,0.2551944351990152,0.547,False,False,2000,1.6402736193742826,1.457497588049337,10.709407710840221
46,2022-12-17 12:00:00,0.01659250119454097,0.049278253264548155,0.05847510840660441,0.16359451730402919,0.24619092589554947,0.57,False,False,2000,1.6598620757792475,0.9996313209789656,9.855910300693342
47,2022-12-17 18:00:00,0.006697999779037158,0.05304157397614841,0.06031077347590338,0.17454661186194048,0.24441417069881596,0.65,False,False,2000,1.69565731145536,0.3950090465678089,10.293743357384487
48,2022-12-18 00:00:00,0.02775983678987762,0.05581300768589423,0.06402837819098618,0.18246680648490815,0.2536286052690073,0.5385,False,False,2000,1.7012250393909518,1.63175571409505,10.725612559184546
49,2022-12-18 06:00:00,0.038356411715586985,0.05273621525168132,0.05831816309100102,0.16599236483527138,0.22643279394484173,0.4825,False,False,2000,1.6968243775727483,2.2604821231089676,9.782530651328692
50,2022-12-18 12:00:00,0.05350729760937709,0.05383232204594275,0.06084947707592161,0.17800787425295686,0.23951859815121093,0.4125,False,False,2000,1.6775720875287874,3.189567709617659,10.611041729668873
51,2022-12-18 18:00:00,0.06766956503857587,0.052296677435861104,0.06029635066144372,0.17270714645479335,0.23169958076781802,0.3325,False,False,2000,1.6605781174425254,4.0750606266445635,10.400422879279027
52,2022-12-19 00:00:00,0.07507806245567726,0.05105802518322871,0.0586218505840355,0.17063047500777173,0.23264127742487542,0.285,False,False,2000,1.6655594619773315,4.507678300872279,10.244634244712065
53,2022-12-19 06:00:00,0.06022610912274415,0.04906769735076877,0.05823308692966497,0.1631837658141809,0.22570132279064942,0.3405,False,False,2000,1.6581930599026724,3.632032395930973,9.841059509907668
54,2022-12-19 12:00:00,0.05972640776182289,0.05165467647727345,0.059443081923855653,0.16381041114415534,0.24613838012430536,0.364,False,False,2000,1.649693145890799,3.620455592641255,9.929750363101691
55,2022-12-19 18:00:00,0.044814995425517916,0.05222008856813786,0.060622539403666624,0.17667658104086836,0.24233390845237313,0.435,False,False,2000,1.640549861966292,2.7317057813655605,10.769351492255863
56,2022-12-20 00:00:00,0.05493281110713772,0.04840058262720777,0.057752415649299525,0.16365859067400645,0.23330979367649024,0.366,False,False,2000,1.625239602267906,3.3799823134067672,10.069813118363136
57,2022-12-20 06:00:00,0.051021716397265285,0.04819732329303096,0.05849034848980344,0.16657256323262482,0.2283871857766153,0.3735,False,False,2000,1.624357460941259,3.141039926501151,10.254674062696875
58,2022-12-20 12:00:00,0.04725000498113437,0.049829328372718286,0.05759651799493027,0.16311763555863606,0.22070951164869956,0.4125,False,False,2000,1.5925506549351474,2.9669389061322207,10.242539855994636
59,2022-12-20 18:00:00,0.0,0.04871025946814088,0.05637757511373707,0.16132019227255318,0.22460126809512193,1.0,False,False,2000,1.5849147296234154,0.0,10.178477697086187
60,2022-12-21 00:00:00,0.0,0.04941098189673594,0.05755430161212503,0.1652750970805218,0.22114578098879376,1.0,False,False,2000,1.6082439556863442,0.0,10.276742934189233
61,2022-12-21 06:00:00,0.0,0.04655279500660697,0.05522216855037328,0.15875263403594467,0.22128942257166023,1.0,False,False,2000,1.6029359995813532,0.0,9.903866035662489
62,2022-12-21 12:00:00,0.0,0.04856488171703109,0.05591496635631553,0.1600429664680067,0.21889338912249381,1.0,False,False,2000,1.5863888468052771,0.0,10.088508047084835
63,2022-12-21 18:00:00,0.0,0.047365277818723954,0.057335544275930996,0.1654175907297945,0.23063646037197272,1.0,False,False,2000,1.593480537798107,0.0,10.380898091066163
64,2022-12-22 00:00:00,0.0,0.04757868498269464,0.057280498254216945,0.16460035531805428,0.22329093198052102,1.0,False,False,2000,1.5796172334545162,0.0,10.420268393633844
65,2022-12-22 06:00:00,0.0,0.04758955749000625,0.05690561123459567,0.16412793039476956,0.2240045393129729,1.0,False,False,2000,1.5745672785609113,0.0,10.423684819919263
66,2022-12-22 12:00:00,0.005387430000692244,0.051045951327493996,0.059864853429299085,0.17207518513067407,0.2317064568819627,0.6275,False,False,2000,1.5717816797658803,0.3427594347259927,10.947779029738085
67,2022-12-22 18:00:00,0.0019994927774752177,0.052558197090265595,0.059531363857988406,0.17058951518034082,0.22411296586196036,0.657,False,False,2000,1.5561093603402665,0.12849307564334675,10.962565969209187
68,2022-12-23 00:00:00,0.013737333782169384,0.05227182247946009,0.05903663007680831,0.1683726494122476,0.224261926403971,0.598,False,False,2000,1.574976582572637,0.8722246371263636,10.690485895175675
69,2022-12-23 06:00:00,0.009497351471714958,0.05022824467012691,0.05648603952579448,0.16365724773253176,0.2169668055429562,0.638,False,False,2000,1.5655809749748484,0.6066343180918852,10.453451488522399
70,2022-12-23 12:00:00,0.0030422669666076226,0.05331503503634053,0.058653285883719666,0.17178114668679428,0.23258862821342852,0.6755,False,False,2000,1.5501596558206112,0.19625507315871485,11.081513187482495
71,2022-12-23 18:00:00,0.0,0.05057729360933919,0.05842436007899691,0.16895615716483375,0.2224821209355797,1.0,False,False,2000,1.5559732307598908,0.0,10.858551665591355
72,2022-12-24 00:00:00,0.0,0.053973091747756365,0.06173213232966028,0.17412752963296568,0.243199902166221,1.0,False,False,2000,1.6422847946447843,0.0,10.602760873191203
73,2022-12-24 06:00:00,0.0,0.0496874531080511,0.05829305133967519,0.16580098988711187,0.23738955751369414,1.0,False,False,2000,1.6399375181159095,0.0,10.11020164216971
74,2022-12-24 12:00:00,0.0,0.0514860113992854,0.05836597683166468,0.1675267914796913,0.23252580753039034,1.0,False,False,2000,1.6637116836727868,0.0,10.069460539572667
75,2022-12-24 18:00:00,0.009461772572063662,0.05031531931040697,0.05678766398305424,0.16218185667972623,0.2251244136894961,0.6275,False,False,2000,1.7013311806387734,0.556139373670398,9.532644703474737
76,2022-12-25 00:00:00,0.022839418492801883,0.05415324249650267,0.06043271562780114,0.17194263224522802,0.2302861252250867,0.568,False,False,2000,1.7089598357967217,1.3364514492614792,10.06124477846888
77,2022-12-25 06:00:00,0.026823731123861133,0.0500611523538468,0.05874494046102656,0.1706484635122073,0.24651032891868996,0.5225,False,False,2000,1.7357211230082537,1.5453940594657143,9.831559992566607
78,2022-12-25 12:00:00,0.01719405286624815,0.049123912896578734,0.05707629004560097,0.1639500420659532,0.22163158057276583,0.5705,False,False,2000,1.7314171499380027,0.9930624094178473,9.469124299237986
79,2022-12-25 18:00:00,0.03165104034309699,0.047160111302789735,0.05508743340101297,0.15392072043274566,0.22184991911568316,0.4815,False,False,2000,1.7331389064807021,1.82622640486257,8.881037743552584
80,2022-12-26 00:00:00,0.022433811183977352,0.045164616729131045,0.054845517040104555,0.15723255847421108,0.22011058996899877,0.517,False,False,2000,1.7083037131116598,1.31322147296129,9.204016666791258
81,2022-12-26 06:00:00,0.029043728864795938,0.04566747637235333,0.055599942341524995,0.15791000991113222,0.21972161574531515,0.4785,False,False,2000,1.7290192115324292,1.679780575662574,9.132923963937719
82,2022-12-26 12:00:00,0.03718398805912749,0.047226738695472954,0.05538931273437545,0.16072473254490743,0.21996759130367308,0.4525,False,False,2000,1.7136536966595486,2.1698659496729595,9.379067244345261
83,2022-12-26 18:00:00,0.038806177410499264,0.045726316448512744,0.05587514335285752,0.15798161140495878,0.23053569852586014,0.4225,False,False,2000,1.7582716395595523,2.2070638311734485,8.98505144771221
84,2022-12-27 00:00:00,0.047898990924465666,0.04761012583123488,0.055645888500314836,0.15784976267358747,0.2159271929910548,0.389,False,False,2000,1.7430602173140877,2.747982568168188,9.055898419666818
85,2022-12-27 06:00:00,0.021576504209838542,0.047219586327700194,0.056150270345576986,0.16251999671382417,0.22119238038523673,0.5325,False,False,2000,1.7453575464778701,1.2362225867920247,9.311558943426197
86,2022-12-27 12:00:00,0.011958495401327738,0.04780144973021007,0.0549680357524415,0.15674440538441792,0.2152879608200029,0.5965,False,False,2000,1.7561543194915614,0.6809478682254951,8.925434607010976
87,2022-12-27 18:00:00,0.014117392719896989,0.048572334469104306,0.0573834140416895,0.1621000213014507,0.2249327879100359,0.5755,False,False,2000,1.7585118239355242,0.8028034004515514,9.218022824474001
88,2022-12-28 00:00:00,0.013079240997484212,0.04674572021957668,0.05579047384414038,0.15873999827470883,0.2225380385764813,0.5765,False,False,2000,1.7700842551524367,0.7389049961555558,8.967934594787884
89,2022-12-28 06:00:00,0.017905562331278272,0.049653063446995944,0.0575700660669551,0.16349751149219244,0.2228927806327069,0.562,False,False,2000,1.7689515620128529,1.0122132632565646,9.242622296913096
90,2022-12-28 12:00:00,0.05055644130434832,0.05106519628354952,0.058747918186521766,0.17002071458856852,0.23024126555973512,0.3975,False,False,2000,1.7533066511671178,2.88349110354966,9.697146501748076
91,2022-12-28 18:00:00,0.06361609230536805,0.050140662812706634,0.05842897922045803,0.16438442307462747,0.24010133428474517,0.336,False,False,2000,1.747302172805747,3.6408180162230277,9.407898967507471
92,2022-12-29 00:00:00,0.06992444048086226,0.04958894757158035,0.05878615369193342,0.17339601336027174,0.23007674733640315,0.304,False,False,2000,1.764377131770762,3.9631232587267085,9.827604894552689
93,2022-12-29 06:00:00,0.06680951104900681,0.04794646316798618,0.0583400236370197,0.16128892477187703,0.23507400200123957,0.3135,False,False,2000,1.803936622543512,3.703539814763938,8.94094186881483
94,2022-12-29 12:00:00,0.052519947601482576,0.04808952607430294,0.05763639967632327,0.1646579285182737,0.2274809951174247,0.3675,False,False,2000,1.8421472376886683,2.851017906005117,8.938369591177146
95,2022-12-29 18:00:00,0.07059284808959,0.046310906619677156,0.05766288225210755,0.1641635174448838,0.22528342669387483,0.283,False,False,2000,1.8458157874183565,3.824479591667402,8.893819121272688
96,2022-12-30 00:00:00,0.07267764947871952,0.04477853803063501,0.054884715622248025,0.1566016995345055,0.2104716357106789,0.2565,False,False,2000,1.834227737823004,3.962302389177621,8.537745684751878
97,2022-12-30 06:00:00,0.07969225654820951,0.046215409126405094,0.05715000893901513,0.16553188976243577,0.22914140335120095,0.2365,False,False,2000,1.8236911527366637,4.369832930791043,9.076750167594751
98,2022-12-30 12:00:00,0.08203402300603754,0.0459175418347668,0.057357396015661255,0.16515002283768188,0.22364934156856933,0.23,False,False,2000,1.8240527126472679,4.497349360423946,9.054015911524719
99,2022-12-30 18:00:00,0.08632400138125353,0.0414595786002404,0.05307774177300895,0.14873984797443296,0.22145691338252818,0.19,False,False,2000,1.8349731435041436,4.704374104157486,8.10583242054393
100,2022-12-31 00:00:00,0.12818892619826883,0.04195676917443207,0.05657523882936582,0.16084161814130613,0.22806421147680941,0.093,False,False,2000,1.8564874367453763,6.904917515789815,8.663760118047387
101,2022-12-31 06:00:00,0.14441636855452142,0.04430426189178318,0.05686228283293003,0.16581895833161234,0.22402094344151327,0.0755,False,False,2000,1.8636513471223581,7.7491086933998155,8.897531106751885
102,2022-12-31 12:00:00,0.13756833517110134,0.04445237418950596,0.05646648221155551,0.15456638252797367,0.231384606298176,0.071,False,False,2000,1.8707934541385953,7.353475332446282,8.262076296345796
103,2022-12-31 18:00:00,0.1336667976937997,0.038186288995893776,0.050112595552925965,0.1399655074076238,0.20126119966531147,0.0595,False,False,2000,1.866363437761339,7.16188471062903,7.499370410701428
104,2023-01-01 00:00:00,0.13604731345855064,0.04273634925003991,0.05390678755874519,0.15484663501886367,0.2235053787453125,0.0735,False,False,2000,1.8270215797689817,7.446398825554825,8.475358842693216
105,2023-01-01 06:00:00,0.13380022851359108,0.040459998170497155,0.05098827175990889,0.1456764109912736,0.20049204113706923,0.07,False,False,2000,1.8010296649364066,7.429096317428814,8.08850702614148
106,2023-01-01 12:00:00,0.13147656480609568,0.043794651579038085,0.05285325357526113,0.14911939238078487,0.20253387890005528,0.0775,False,False,2000,1.799498476326438,7.306289309813518,8.286719568954716
107,2023-01-01 18:00:00,0.13097314268295712,0.039581059057744825,0.05108898884908105,0.14386868717607823,0.20284012460358683,0.067,False,False,2000,1.790555933664053,7.314663575738958,8.034861378592996
108,2023-01-02 00:00:00,0.13423192084184127,0.04209497373773963,0.05310391276539935,0.15301500954077585,0.20420206510349584,0.0725,False,False,2000,1.7281794470765843,7.767244372041926,8.8541158037505
109,2023-01-02 06:00:00,0.14036797201636844,0.042525852632712406,0.051781059875939214,0.14616806161038778,0.20121788930305431,0.059,False,False,2000,1.7088224904474774,8.214309725032425,8.553729976488768
110,2023-01-02 12:00:00,0.12127873860639865,0.04486882470187277,0.055465245655027626,0.1557791632778452,0.21848634559548222,0.1085,False,False,2000,1.6990281399801705,7.138124187149372,9.168721789367378
111,2023-01-02 18:00:00,0.10193197726748472,0.04241496508748986,0.05372926763988332,0.14945160806249755,0.21973397428834987,0.14,False,False,2000,1.6730265924132592,6.092669281511707,8.933008521216683
112,2023-01-03 00:00:00,0.11533686711277649,0.039226926369727744,0.051402689880909944,0.14395170974656296,0.20695921972948872,0.098,False,False,2000,1.6889728778449866,6.828817006223238,8.523032645156235
113,2023-01-03 06:00:00,0.1201787463274404,0.04613166000668398,0.05526886050935432,0.15773600787646005,0.21803720558527803,0.1095,False,False,2000,1.6654140868415386,7.2161480605318795,9.471278592077164
114,2023-01-03 12:00:00,0.13843784468537548,0.04389255247568609,0.054900264822332644,0.1543302759344071,0.21420435124113524,0.0745,False,False,2000,1.6787360393950743,8.246552253400182,9.193242553488004
115,2023-01-03 18:00:00,0.11459396399487155,0.04133496427852485,0.05411209643235947,0.15323261830016283,0.2231563066336822,0.112,False,False,2000,1.679815197916891,6.821819694034052,9.121992615031932
116,2023-01-04 00:00:00,0.18097411669199717,0.044883257542345775,0.054316767389581945,0.15207522619583883,0.2115602856638379,0.0255,True,False,2000,1.6586216318012112,10.91111518275961,9.16877142321422
117,2023-01-04 06:00:00,0.1863308653377477,0.0439964012579615,0.054327336697808905,0.14855619740619927,0.21941877861085848,0.021,True,False,2000,1.642185735609286,11.34651588412531,9.046248191352225
118,2023-01-04 12:00:00,0.16976465484286518,0.04446667515211162,0.05470923097689534,0.1581424172031092,0.21509157126816053,0.039,True,False,2000,1.6291642098064698,10.420352584533617,9.706966078139853
119,2023-01-04 18:00:00,0.16625920942538494,0.043246800617170573,0.052942664966920835,0.150172815418672,0.20657979365573678,0.034,True,False,2000,1.6268743590105175,10.219548209396182,9.23075679365976
120,2023-01-05 00:00:00,0.1712241131834469,0.0417595951385423,0.05287017388358219,0.14922422570666627,0.20256338271615904,0.03,True,False,2000,1.5943159766724269,10.73965987224295,9.359764807608546
121,2023-01-05 06:00:00,0.1793231874893626,0.04284539251468253,0.05342805650844429,0.15278550956132753,0.21163322747764382,0.023,True,False,2000,1.5607954046555559,11.489218058592153,9.788951780969972
122,2023-01-05 12:00:00,0.17045297343210442,0.04041834436592683,0.051672374528806804,0.14717703337288082,0.2045085533337509,0.0265,True,False,2000,1.5474064602873239,11.015397557565745,9.511207116555068
123,2023-01-05 18:00:00,0.15524968066884803,0.04112213296591176,0.05484162811766695,0.15244729421698777,0.22292230377469738,0.048,True,False,2000,1.5389876159490659,10.087779723497539,9.905686870844395
124,2023-01-06 00:00:00,0.17652019493204155,0.040455970708674016,0.05260847282979259,0.14613535659882107,0.21875225274759835,0.022,True,False,2000,1.522651275558184,11.592949598215228,9.597427785639871
125,2023-01-06 06:00:00,0.19463244068393618,0.040880981301666446,0.05227991750116186,0.14686568103944972,0.21796263513222436,0.016,True,False,2000,1.5159236310263657,12.839198274926227,9.688197877093147
126,2023-01-06 12:00:00,0.2057941466622503,0.04121779180761696,0.05260573054732458,0.1475276407179604,0.20124748173342683,0.008,True,True,2000,1.4803756202768477,13.901481748514904,9.965554599607024
127,2023-01-06 18:00:00,0.21724268233009456,0.04319357865787853,0.054473540562197865,0.15732504736215946,0.21571073386538672,0.0095,True,True,2000,1.458132783984856,14.898689935247408,10.789487013124686
128,2023-01-07 00:00:00,0.21373700049707947,0.04337872531893653,0.05319200111920883,0.15113272262226304,0.2125388447696896,0.0095,True,True,2000,1.4423659331244834,14.818500325647452,10.478112325828173
129,2023-01-07 06:00:00,0.21051064719381857,0.04054548149631271,0.05172927948886146,0.14359536291419844,0.20249315020614922,0.007,True,True,2000,1.3921504632192743,15.121256843676498,10.314643905813297
130,2023-01-07 12:00:00,0.2241378527926785,0.040898932345640175,0.052550141867118906,0.1472054653740194,0.21756637832192485,0.0075,True,True,2000,1.3319638062371024,16.82762337408287,11.051761668350874
131,2023-01-07 18:00:00,0.23047830843564274,0.043142099572421246,0.054055336385170905,0.1563198325076504,0.21814648559916514,0.0085,True,True,2000,1.296742178225837,17.77364169267449,12.054812061525014
132,2023-01-08 00:00:00,0.21029427255077793,0.04400482348572738,0.05479670276501917,0.16107252222077215,0.21787015356547063,0.012,True,False,2000,1.2201949172703614,17.234481931888144,13.200556725895861
133,2023-01-08 06:00:00,0.2181301194999472,0.04310648632557594,0.05389140025850492,0.15380992167870258,0.2129637580546689,0.009,True,True,2000,1.1929374332721134,18.285126563732444,12.893377086576674
134,2023-01-08 12:00:00,0.2237862325906958,0.04213972084791797,0.05529440286578992,0.1550669906485321,0.23030779809751076,0.0115,True,False,2000,1.155086683132216,19.373977369720947,13.424705947439488
135,2023-01-08 18:00:00,0.19173843020951034,0.04134135679419847,0.052999811749200175,0.1526646602163735,0.21234072612760574,0.0205,True,False,2000,1.1721704159302038,16.35755583008395,13.024101115469872
136,2023-01-09 00:00:00,0.1801848832362405,0.04417140221606495,0.05605209108563752,0.15680429051698228,0.2229600583158801,0.029,True,False,2000,1.2263306138550558,14.693010286175337,12.78646139510919
137,2023-01-09 06:00:00,0.18072208721688449,0.04174378766327078,0.054042801357177025,0.14904684701158993,0.22113627640191025,0.0265,True,False,2000,1.2995358863396667,13.90666384180546,11.469236715840317
138,2023-01-09 12:00:00,0.2143873655160832,0.04162631066993392,0.05371110086170529,0.15123758368920884,0.2106750066438351,0.008,True,True,2000,1.3340941415338128,16.069882839722336,11.336350185552156
139,2023-01-09 18:00:00,0.22829485003824437,0.03926272905969512,0.052094362399017824,0.15010015208284064,0.2087328032471404,0.0055,True,True,2000,1.2946327308057328,17.63394703424205,11.594033466883207
140,2023-01-10 00:00:00,0.21492854055527105,0.036756289749325044,0.04904936933089836,0.1354683545533581,0.18864200956525345,0.0055,True,True,2000,1.2877399559566791,16.690368234757287,10.51985332339221
141,2023-01-10 06:00:00,0.208289623633377,0.03740173627402685,0.049999356488318124,0.13951616537428624,0.19871435619376845,0.0065,True,True,2000,1.2865612247894525,16.18963945283396,10.844113959451736
142,2023-01-10 12:00:00,0.20020100233532387,0.03809282944790182,0.05135524966152636,0.14502170832511496,0.2074012751039625,0.012,True,False,2000,1.2801728447711742,15.638591550589325,11.328291247346135
143,2023-01-10 18:00:00,0.20815386653595916,0.03928412203367119,0.0521801181606732,0.1445538753081792,0.20339994071145945,0.01,True,True,2000,1.2932066380482934,16.095947887346515,11.17794102312526
144,2023-01-11 00:00:00,0.23904505815411015,0.041008080333710985,0.05352988645746514,0.15438634503654394,0.2108562799576196,0.0045,True,True,2000,1.3186145842581984,18.12850100460459,11.708223682615776
145,2023-01-11 06:00:00,0.25016847974587003,0.03951884262080511,0.052166048762686774,0.14371329067648952,0.20221854601930342,0.003,True,True,2000,1.2528992511440797,19.967166515378608,11.470458661800487
146,2023-01-11 12:00:00,0.2781205419907544,0.04004656082215054,0.05368694980478275,0.14900375118677325,0.21149563376793873,0.0015,True,True,2000,1.2879849752719539,21.593461673109204,11.568749173903337
147,2023-01-11 18:00:00,0.2979978838497759,0.04019363890422898,0.05131337796658302,0.14555832483872844,0.19945863383683488,0.0,True,True,2000,1.2998038346137857,22.926373650707134,11.198484029859673
148,2023-01-12 00:00:00,0.28153450964258425,0.03970839617519704,0.05198073425199915,0.14695816169154682,0.210279472687684,0.0005,True,True,2000,1.2971144047471774,21.704678370097863,11.329622210169708
149,2023-01-12 06:00:00,0.2629901380803876,0.034676642306959354,0.047838330180410546,0.13602576788354934,0.18935422592456067,0.001,True,True,2000,1.3317772004782429,19.74730743144931,10.213853175643967
150,2023-01-12 12:00:00,0.263274319027747,0.03735086244424845,0.0501020099966733,0.14320477093400813,0.19920991438303015,0.0005,True,True,2000,1.28753053331745,20.448005869763307,11.122436884275423
151,2023-01-12 18:00:00,0.2822056978023636,0.04060131984865082,0.051765007783806515,0.14489815386038088,0.20490486851598494,0.0005,True,True,2000,1.29823448652623,21.737652229334902,11.1611696780675
152,2023-01-13 00:00:00,0.26602956845155185,0.04328633387272289,0.05301285671775006,0.15076582409003808,0.2023099340671596,0.001,True,True,2000,1.3085029187046453,20.330834929654436,11.522009002416974
153,2023-01-13 06:00:00,0.2698332477087075,0.041494609419043024,0.05210218571929677,0.1483114670692514,0.20556452245525553,0.001,True,True,2000,1.3118136487237595,20.569480121755365,11.30583350871071
154,2023-01-13 12:00:00,0.2743551563988375,0.04236749018595992,0.0527598190458344,0.1537957454631466,0.2134936342213013,0.0,True,True,2000,1.3057026980205741,21.01206934892268,11.778772127552363
155,2023-01-13 18:00:00,0.2637660873130616,0.04221264360205699,0.053462264401641126,0.14943764911463583,0.21606012035721683,0.002,True,True,2000,1.2914760504717706,20.423614299057967,11.571073970752064
156,2023-01-14 00:00:00,0.3266420594504656,0.0427856010508629,0.0558125186276896,0.15679245950476436,0.22576219638551437,0.0,True,True,2000,1.2907087722118729,25.307185205745743,12.147779799781706
157,2023-01-14 06:00:00,0.30666788603178957,0.04301851922001323,0.053942151615727844,0.15473682591531782,0.20392461767986084,0.0,True,True,2000,1.3044783371404471,23.50885233587226,11.861969762910523
158,2023-01-14 12:00:00,0.2680770341833725,0.04383294409400132,0.05589585108223847,0.15883320714244695,0.21883324915313287,0.002,True,True,2000,1.2560417539333781,21.3430033949008,12.645535599835773
159,2023-01-14 18:00:00,0.28570452628396187,0.04355998507052379,0.05657167558412615,0.15805847475185028,0.22022372282300565,0.0025,True,True,2000,1.3042971506760594,21.90486471091898,12.118287207015936
160,2023-01-15 00:00:00,0.29069239722982976,0.04272111310065816,0.0543920388160642,0.1559499123573664,0.2188469814736481,0.0015,True,True,2000,1.3027657691893193,22.31348137207511,11.970679307486748
161,2023-01-15 06:00:00,0.27686432926850324,0.03929563730203252,0.05183149161250851,0.1447588052880009,0.20238732862861195,0.002,True,True,2000,1.3289430595892735,20.833423017692844,10.892777101581794
162,2023-01-15 12:00:00,0.2403197860085,0.03958556755915819,0.0527285213605959,0.15136973836405632,0.20881154276807534,0.004,True,True,2000,1.3470046293459315,17.84105123121906,11.237506914698379
163,2023-01-15 18:00:00,0.24328012527816897,0.04219832446724981,0.05423144455362325,0.15650215843019624,0.21434523546410683,0.0025,True,True,2000,1.3611834597237562,17.87269185062983,11.497506622799941
164,2023-01-16 00:00:00,0.22312669573414964,0.04111844439161589,0.05228072463961393,0.14849372191828047,0.21416689720710855,0.007,True,True,2000,1.3589023669568083,16.41962668987253,10.927475404345973
165,2023-01-16 06:00:00,0.24444691650419723,0.04079890503983563,0.053871706802709335,0.15118607473590395,0.2185011426011529,0.005,True,True,2000,1.3538048329588177,18.056289248867916,11.167494091853563
166,2023-01-16 12:00:00,0.22261179734530792,0.038803356230246826,0.050712639069869274,0.13714906116094472,0.19960521017038801,0.0065,True,True,2000,1.3480925621417927,16.513094396992418,10.173564116624757
167,2023-01-16 18:00:00,0.20359793064758452,0.04529992457325588,0.05575849050631327,0.15916536001602627,0.20978665833636778,0.014,True,False,2000,1.3373360705978776,15.224141120830067,11.901672550032156
168,2023-01-17 00:00:00,0.20071809579630095,0.04541719611678802,0.05577951003431682,0.16042736688501827,0.213096870800552,0.0165,True,False,2000,1.3715971529717583,14.633895627547561,11.696391067700148
169,2023-01-17 06:00:00,0.20030393381308642,0.041831705166907214,0.05288370596252505,0.14782402760693641,0.21085513076784285,0.012,True,False,2000,1.3647895477370453,14.676543657973493,10.83126902986934
170,2023-01-17 12:00:00,0.20364281224385847,0.046730744353508054,0.055045791909495496,0.1537589681029079,0.2143622738578192,0.012,True,False,2000,1.362339778261374,14.948019245518077,11.286389090035675
171,2023-01-17 18:00:00,0.18848640301524439,0.05042233821233095,0.05959239348716597,0.1701057084118709,0.23813931529621618,0.0345,True,False,2000,1.3411041169236593,14.054568965727347,12.684004639555807
172,2023-01-18 00:00:00,0.20559630556120725,0.04957849532039109,0.05778629365193018,0.16343033940776047,0.22232849747564304,0.0185,True,False,2000,1.3500440339385595,15.22885923664353,12.105556211450077
173,2023-01-18 06:00:00,0.19264908219235868,0.048451042133774255,0.05626047688866428,0.15891175070104827,0.21637388349877035,0.021,True,False,2000,1.3438789064813677,14.335300692884987,11.82485638658631
174,2023-01-18 12:00:00,0.19732169432163765,0.04968366460743596,0.05640203249673629,0.1617148233293324,0.2200564843207151,0.0205,True,False,2000,1.338623725417846,14.740639253203472,12.080678106826008
175,2023-01-18 18:00:00,0.21378489291827993,0.051699399262008255,0.05918349331072458,0.1716047058067469,0.22649501111721532,0.015,True,False,2000,1.3516438967888413,15.816658028507206,12.69599975366556
176,2023-01-19 00:00:00,0.21512935153434018,0.05091987751554858,0.05810228197540457,0.16586683804849905,0.22146906370366368,0.0125,True,False,2000,1.343442380492509,16.01329202190817,12.34640506038613
177,2023-01-19 06:00:00,0.22525076758033605,0.05043112750949291,0.05916469090440415,0.16986314925725055,0.22276660753123784,0.0085,True,True,2000,1.3613748526643366,16.545829911541222,12.477323855719286
178,2023-01-19 12:00:00,0.2085133972347792,0.052411492323910104,0.05979248472812324,0.1707147846946478,0.22931510871364522,0.0195,True,False,2000,1.3739010931305344,15.176740034442082,12.425551267716196
179,2023-01-19 18:00:00,0.20187538789083412,0.05267781349303568,0.06172246462674513,0.17417052164359412,0.24206897173841677,0.0305,True,False,2000,1.3910686740900484,14.512251742200188,12.520627118393401
180,2023-01-20 00:00:00,0.21928144095174906,0.05401013899475537,0.06207709742927408,0.17888965278500757,0.2443545909706998,0.02,True,False,2000,1.42257789748376,15.414371426662235,12.575033894553375
181,2023-01-20 06:00:00,0.2253990098961551,0.05565010216815944,0.06151905262726875,0.17722440460482963,0.23619140716552356,0.012,True,False,2000,1.4448669386878952,15.599983905842793,12.265794161348152
182,2023-01-20 12:00:00,0.2189933972278635,0.05881219805904209,0.06347033757899283,0.18068524827917246,0.25095527448520716,0.0205,True,False,2000,1.4292917067992228,15.321812628317883,12.641593554320812
183,2023-01-20 18:00:00,0.1976613845757491,0.053836077128227744,0.06200285632230499,0.18423362242132899,0.2407752997302785,0.039,True,False,2000,1.4945487540307876,13.225489234971944,12.327039979422029
184,2023-01-21 00:00:00,0.2109419312497681,0.057382644792763185,0.06261842238066835,0.1801934716919528,0.2387365131703578,0.0235,True,False,2000,1.5646198457344702,13.481992563551238,11.516757388908463
185,2023-01-21 06:00:00,0.21260418812129367,0.058655179000757285,0.0636909254208859,0.18454002059958644,0.24315227768898268,0.0275,True,False,2000,1.5864809067520211,13.400992550017829,11.632035394450002
186,2023-01-21 12:00:00,0.1755057682931122,0.05900083278496615,0.06424698208771998,0.18753710807653232,0.24614958801439213,0.064,False,False,2000,1.58552832399812,11.069229457254421,11.828051586214027
187,2023-01-21 18:00:00,0.17451974292408134,0.06084916872697032,0.06665854499546922,0.1962207029015791,0.25032578319271237,0.073,False,False,2000,1.6079539967423866,10.853528352032916,12.203129150405415
188,2023-01-22 00:00:00,0.17923680763654692,0.06386324099701296,0.06855907900694566,0.19629325318955448,0.2682975337147706,0.071,False,False,2000,1.617576139432675,11.080579347529804,12.135024027889006
189,2023-01-22 06:00:00,0.2038268365351331,0.0638048594072777,0.06785687971097505,0.19577505830573314,0.2655482062078901,0.041,True,False,2000,1.6532279021764094,12.329022288264255,11.841988515195212
190,2023-01-22 12:00:00,0.22081906310536298,0.061481623894483535,0.06536051703570807,0.19068428759029646,0.25777853502937975,0.026,True,False,2000,1.6531700290208038,13.357311058691119,11.534463137058049
191,2023-01-22 18:00:00,0.22193834539519464,0.058888139501532814,0.0637516436176542,0.1849918428498719,0.2508715231922351,0.019,True,False,2000,1.63049781428303,13.61169229734824,11.345727742126252
192,2023-01-23 00:00:00,0.20259164364140908,0.060698398353607866,0.06715926588287272,0.19797292626707524,0.25775405372113697,0.046,True,False,2000,1.6103146729541047,12.580872983648403,12.294052186949031
193,2023-01-23 06:00:00,0.18864009464023193,0.060564403983664424,0.06442742194873906,0.18540188701078048,0.24410198972816846,0.047,True,False,2000,1.6254560650014787,11.605364100693816,11.406145696753226
194,2023-01-23 12:00:00,0.15149927480131806,0.06174981138004985,0.06458025433130979,0.1907236748300987,0.24589921086240024,0.0995,False,False,2000,1.6161889887620025,9.373858865191638,11.800827511898387
195,2023-01-23 18:00:00,0.1314471160664631,0.05900154499166452,0.06437925831800523,0.18164487171185792,0.2501772716646344,0.1455,False,False,2000,1.6052955621454956,8.188343577726119,11.315353757602589
196,2023-01-24 00:00:00,0.12964966200592695,0.0626820024462847,0.06654837056160777,0.19412923423043477,0.24846656145332321,0.18,False,False,2000,1.6269165671228292,7.969041844303663,11.932341101778109
197,2023-01-24 06:00:00,0.13277795352403782,0.058953237997100456,0.06394560823772219,0.18723366015221501,0.26158936307980907,0.1415,False,False,2000,1.6199616694814745,8.196363903260629,11.557906812211533
198,2023-01-24 12:00:00,0.11095363211782819,0.058473908346915,0.06438793610273844,0.18627148642258823,0.2608079357089888,0.201,False,False,2000,1.604454077051816,6.91535106580959,11.609648981967876
199,2023-01-24 18:00:00,0.14051945628032297,0.06049206082381875,0.06542968950634376,0.19127662016888447,0.24554690229421644,0.1265,False,False,2000,1.6128202308234973,8.71265461548523,11.859760716866731
200,2023-01-25 00:00:00,0.1647875350039801,0.06047719106407706,0.06576231737704509,0.19351736997622915,0.2539413497974943,0.084,False,False,2000,1.570869706583264,10.490210251899432,12.319122914219351
201,2023-01-25 06:00:00,0.16636272921205586,0.058381935924533404,0.06336527034298516,0.18243793533323457,0.25186577282546085,0.073,False,False,2000,1.5451137082833946,10.76702176158175,11.807411607002132
202,2023-01-25 12:00:00,0.1762056429944206,0.06217544346547471,0.06412360799623605,0.18561782710990374,0.23863174238994722,0.063,False,False,2000,1.5380612550808304,11.456347555231822,12.06829874276684
203,2023-01-25 18:00:00,0.18944272149318309,0.062792414950538,0.06700734916739416,0.19093999917681925,0.2666635442302797,0.053,False,False,2000,1.4859615565504762,12.748830591079155,12.849592126735027
204,2023-01-26 00:00:00,0.17420536271227588,0.06393700986712199,0.06568347374279802,0.19521668966795155,0.24862396108952886,0.0795,False,False,2000,1.5040077136027172,11.582743967115858,12.979766519968654
205,2023-01-26 06:00:00,0.1567010475722577,0.058929206121977856,0.0643514581660759,0.188787887915881,0.23817104566960956,0.0945,False,False,2000,1.5169262559467254,10.330169113887436,12.445422918601738
206,2023-01-26 12:00:00,0.1646380934419212,0.06314450200872795,0.06338439629665202,0.1836916400610428,0.25214649245782955,0.0805,False,False,2000,1.5267618088523696,10.783482563378746,12.031453694739682
207,2023-01-26 18:00:00,0.16404014911144096,0.06927591489880869,0.06857695067304224,0.1997786789172975,0.261106333209391,0.104,False,False,2000,1.550588726021309,10.579217193998007,12.884053364035102
208,2023-01-27 00:00:00,0.1618336421885731,0.07043919909724901,0.0684856709674065,0.19860362460798442,0.25543263650174075,0.112,False,False,2000,1.576977280248114,10.262268468643441,12.593943305051111
209,2023-01-27 06:00:00,0.13685895805169568,0.06896587045583209,0.06891424115772977,0.19760133260100393,0.253299709326203,0.179,False,False,2000,1.5991052110040307,8.558471144357412,12.356993851388673
210,2023-01-27 12:00:00,0.13606020798892007,0.07034178277030821,0.07183967430663102,0.20754627852534807,0.2862381600623014,0.1865,False,False,2000,1.589913086722197,8.557713570961608,13.053938624609376
211,2023-01-27 18:00:00,0.12512935187052798,0.06964365100095424,0.07091619962918987,0.20369001837621034,0.28103889396963605,0.2105,False,False,2000,1.6013129027030317,7.814172461816077,12.720188417415459
212,2023-01-28 00:00:00,0.11773423287134553,0.07113813945350952,0.0704202552390683,0.20778533695425982,0.2739103544002918,0.246,False,False,2000,1.6277289313401275,7.233036816173907,12.76535256906614
213,2023-01-28 06:00:00,0.14561437679909084,0.07532574483634344,0.0716244191761853,0.21267299711765822,0.2650726162548712,0.184,False,False,2000,1.6726223394644262,8.70575343658967,12.714944198686007
214,2023-01-28 12:00:00,0.16839247369721946,0.07341768758397564,0.0724415304112285,0.20835316169499365,0.2774563787709259,0.12,False,False,2000,1.7068134968081672,9.865897710096764,12.207142847453763
215,2023-01-28 18:00:00,0.17436482469856696,0.06447666291027698,0.06632691847119859,0.19977804511598207,0.2500805370250435,0.0765,False,False,2000,1.7157425229430223,10.16264517355891,11.64382431772465
216,2023-01-29 00:00:00,0.21012442439452303,0.07020514126514814,0.06960057876032688,0.21215234753073203,0.26154915568694875,0.0525,False,False,2000,1.7315944773008314,12.134736345547834,12.251849397292494
217,2023-01-29 06:00:00,0.18791713114059688,0.07089951424124762,0.0711981824389812,0.205589758014191,0.2640235585314206,0.082,False,False,2000,1.7578108564048684,10.690406789552494,11.69578383618985
218,2023-01-29 12:00:00,0.22028640089904636,0.06884670053650947,0.0701953927428276,0.19980014978520974,0.28123155640447844,0.0345,True,False,2000,1.736081006843318,12.688716714872008,11.508688188951647
219,2023-01-29 18:00:00,0.23415128695032214,0.06806571721801156,0.06842697377056618,0.2016794938739389,0.27497979308819365,0.025,True,False,2000,1.727303092807885,13.555888826070959,11.675975960078375
220,2023-01-30 00:00:00,0.2707873838427417,0.07132095457907053,0.06978366814822243,0.19965975542573036,0.26967279916584197,0.01,True,True,2000,1.722639667059522,15.719328250751655,11.590337738277077
221,2023-01-30 06:00:00,0.2656728720495304,0.06865510700403277,0.06754806152067051,0.1976747432703701,0.25741143946852163,0.0085,True,True,2000,1.7536658263735947,15.149572287607112,11.272087321171199
222,2023-01-30 12:00:00,0.2570769463399557,0.06816278519523317,0.0697345612092373,0.20444689778498462,0.2679872514631633,0.0145,True,False,2000,1.7469544136607456,14.715721505362614,11.703047096493254
223,2023-01-30 18:00:00,0.2376599109920539,0.06912673294926008,0.0691090361180698,0.19883836640211466,0.2717762256355957,0.0215,True,False,2000,1.701057798921505,13.97130133630578,11.689101130377876
224,2023-01-31 00:00:00,0.2354872198623824,0.07013219476158582,0.07029534092811154,0.20651397002619584,0.26863241171576413,0.025,True,False,2000,1.731347636435779,13.601382813399956,11.927932073268297
225,2023-01-31 06:00:00,0.220651927818891,0.06528003415341233,0.06575841618981597,0.18919223661267734,0.2558620044433577,0.0255,True,False,2000,1.7101454136829752,12.902524314800473,11.062932724839596
226,2023-01-31 12:00:00,0.215408541415732,0.07081955805887083,0.07098378032151263,0.20683805520695678,0.2799770121332154,0.0405,True,False,2000,1.7004985487420428,12.667375786652812,12.163377343660004
227,2023-01-31 18:00:00,0.21060266618478365,0.06797236365544038,0.06842596865897234,0.2010108859896187,0.25658537541694953,0.04,True,False,2000,1.7108478959791271,12.309841610101444,11.749196784941487
228,2023-02-01 00:00:00,0.19124681176563715,0.06529766899860005,0.06644645718322464,0.19310402889580822,0.25937833202066174,0.0535,False,False,2000,1.7108337646739957,11.178573612152189,11.287129871007938
229,2023-02-01 06:00:00,0.1954435804481586,0.0625136576053003,0.06367248293714242,0.18267359995055488,0.24216277428799646,0.036,True,False,2000,1.7096206859962007,11.431985003987775,10.6850368299159
230,2023-02-01 12:00:00,0.18680919114171635,0.0653288411992009,0.06595554030630858,0.1921618338507995,0.2510531076207664,0.0575,False,False,2000,1.6845920082257537,11.089283947064878,11.407025137985084
231,2023-02-01 18:00:00,0.20260109687408237,0.07334826846126148,0.07048163532374693,0.20391289714593783,0.277668868600771,0.0525,False,False,2000,1.618306301124987,12.519329420718533,12.600389493891551
232,2023-02-02 00:00:00,0.1987641127080299,0.07121061918493152,0.0689509638681992,0.1989442158557122,0.24989944138727183,0.0505,False,False,2000,1.6203141585297791,12.267010793041644,12.278126115754477
233,2023-02-02 06:00:00,0.18950209590448877,0.06961332783218226,0.06785012858610882,0.19619532533978634,0.2557943035840224,0.0615,False,False,2000,1.622707030301459,11.678145984816739,12.090619050521898
234,2023-02-02 12:00:00,0.2093765695689378,0.06913425250131865,0.06746044914956124,0.19632426765828884,0.26093940912392244,0.034,True,False,2000,1.6198396099356152,12.925759333497226,12.119981907720621
235,2023-02-02 18:00:00,0.2093742836285574,0.07348583972842557,0.07155106539868657,0.20660793205599176,0.2870702621632773,0.0445,True,False,2000,1.6704100973854046,12.53430423799992,12.368695111421028
236,2023-02-03 00:00:00,0.23411377151762056,0.07883818926458343,0.07369456433509326,0.2191493295994186,0.2814026204676303,0.0325,True,False,2000,1.6899014825339327,13.853693480792579,12.968171923893093
237,2023-02-03 06:00:00,0.218133453489953,0.07547675812571293,0.07365235524865225,0.21932854300361293,0.2802769168407579,0.051,False,False,2000,1.6904390722513485,12.903952415122543,12.974649403454
238,2023-02-03 12:00:00,0.209708759360376,0.07747870231781451,0.07439915056642928,0.21805745078505548,0.27441743456218176,0.0585,False,False,2000,1.7077047073237854,12.280153498494435,12.769037284366473
239,2023-02-03 18:00:00,0.2137694783652975,0.0739627153723092,0.07044740860161353,0.20808304460116783,0.2641561282873188,0.04,True,False,2000,1.6962251597588927,12.602659330656518,12.267418827270872
240,2023-02-04 00:00:00,0.19946244218510048,0.08148241281362456,0.07639553285371259,0.22824061517602204,0.3001838103903293,0.082,False,False,2000,1.700047219619533,11.732758942409832,13.425545628497412
241,2023-02-04 06:00:00,0.21345547806619675,0.08658507821881875,0.07917447047979662,0.22975615733096413,0.31530441538241816,0.0695,False,False,2000,1.7329685640271704,12.317331225568042,13.257952977349097
242,2023-02-04 12:00:00,0.21435835283049387,0.08358027703879924,0.07680226055887705,0.2291581769504901,0.2996861050311158,0.061,False,False,2000,1.739314709343557,12.324299431205056,13.175199158579975
243,2023-02-04 18:00:00,0.2043355761585023,0.07350238858937058,0.07133879245534655,0.2071834122097475,0.2713806757207165,0.054,False,False,2000,1.7474984165637344,11.693033551372595,11.855999996678175
244,2023-02-05 00:00:00,0.1932312533298764,0.07676319689739955,0.07679054296096434,0.2257947317694474,0.29029587591767997,0.0845,False,False,2000,1.7337398845151968,11.145342796558515,13.023564479661612
245,2023-02-05 06:00:00,0.22190279997313206,0.07826976403002284,0.07896110431045261,0.23461765761547185,0.29607745042744343,0.0595,False,False,2000,1.7232046879757648,12.877332653603652,13.615193787052391
246,2023-02-05 12:00:00,0.22152562400118023,0.07388541433139043,0.07344082689787353,0.210123377388825,0.26849019687656045,0.038,True,False,2000,1.7122589679036255,12.937623814720112,12.27170546789928
247,2023-02-05 18:00:00,0.24236817784796674,0.06383229888523975,0.06783040326708638,0.1941531595778983,0.26223444842097593,0.017,True,False,2000,1.710383697956609,14.170398030425769,11.351438850232997
248,2023-02-06 00:00:00,0.21506393076702107,0.06729486357535988,0.07011019122091824,0.20359193819334095,0.27889355914104447,0.0355,True,False,2000,1.7072611084064657,12.597014581311397,11.9250615615189
249,2023-02-06 06:00:00,0.2297756449475231,0.06782892313503924,0.07131016459010274,0.20542988968686562,0.2810535239609004,0.0285,True,False,2000,1.7372405506622612,13.226472572260029,11.82506876255869
250,2023-02-06 12:00:00,0.21240219103527225,0.06805721237568263,0.07056674402981435,0.20854021332124448,0.2599551290518138,0.0455,True,False,2000,1.751280022959395,12.12839684406067,11.907873703078247
251,2023-02-06 18:00:00,0.20337440091924983,0.06211205695074692,0.06742432951477255,0.19109051426674703,0.26765125425060643,0.04,True,False,2000,1.7557456105199827,11.58336376868505,10.883724448563683
252,2023-02-07 00:00:00,0.24117138286545978,0.06256447740731509,0.06927859029059201,0.20258664747783142,0.2669994067195842,0.0215,True,False,2000,1.7475095675578793,13.800861943347954,11.592877729473235
253,2023-02-07 06:00:00,0.23869155369317385,0.05796509320093884,0.06542341550133121,0.18353684949730942,0.2497585360904407,0.0135,True,False,2000,1.769603678444793,13.488418712089628,10.371635848915608
254,2023-02-07 12:00:00,0.233274743455847,0.06027710209610855,0.06664947356687183,0.1947368950978715,0.2597988821560453,0.021,True,False,2000,1.779097827392384,13.111968316984388,10.945822770369885
255,2023-02-07 18:00:00,0.23917154806185129,0.05597817116251957,0.06574601083262877,0.19097580066125885,0.26045659247899466,0.0185,True,False,2000,1.7954511239456747,13.320972365777859,10.6366471420047
256,2023-02-08 00:00:00,0.2341328939432174,0.05436601319688093,0.06548875753876876,0.1889461430448414,0.25291561506965704,0.0175,True,False,2000,1.8180399209214457,12.878314235506485,10.392848961703598
257,2023-02-08 06:00:00,0.2078535388547734,0.052022782640376346,0.061513144282231855,0.17342476430419348,0.240233093178877,0.023,True,False,2000,1.8122942387238132,11.469083464125578,9.56934920382003
258,2023-02-08 12:00:00,0.2094745122987854,0.05066482408117059,0.06139465591819245,0.17498932252392085,0.2384110267645778,0.023,True,False,2000,1.8064975565705739,11.595615589785156,9.686662563558503
259,2023-02-08 18:00:00,0.23385967988271839,0.0489956736304671,0.06035869770544015,0.17046045702067103,0.23371616526057964,0.0095,True,True,2000,1.8156754336722056,12.88003767334875,9.38826696993496
260,2023-02-09 00:00:00,0.2543784740385211,0.04701252544693496,0.06047178127964324,0.17142389938203753,0.23250472155039908,0.007,True,True,2000,1.8235794706567712,13.94940435181064,9.400407393284503
261,2023-02-09 06:00:00,0.2175871107178774,0.04490956286935936,0.057671331029511046,0.16125532337263848,0.24005447975990615,0.016,True,False,2000,1.826086501858814,11.915487601293293,8.830650859556386
262,2023-02-09 12:00:00,0.23986066341869117,0.046118891178221405,0.06026474317868467,0.16862211526554355,0.24494592546347674,0.0115,True,False,2000,1.8236273764890463,13.15294267409414,9.246522477096427
263,2023-02-09 18:00:00,0.20881613777773336,0.04302351349303856,0.05588517421379226,0.1606497628604843,0.2287154805573004,0.014,True,False,2000,1.8063092011649224,11.560376132893744,8.893813017000538
264,2023-02-10 00:00:00,0.2128098714337808,0.047051158157374644,0.059509921306412326,0.1706566891754512,0.23147334098020456,0.0175,True,False,2000,1.80023928755207,11.821199154205521,9.479666972911518
265,2023-02-10 06:00:00,0.21369518762179804,0.04725395793648222,0.06024916320334471,0.1674932304299343,0.2444311054373929,0.0175,True,False,2000,1.7821807019873965,11.990657702863471,9.398218162903147
266,2023-02-10 12:00:00,0.1735910453577743,0.045786364220343684,0.05838822341800816,0.17126173050409899,0.2300099217274982,0.046,True,False,2000,1.7687842415314972,9.81414472618045,9.682454563017389
267,2023-02-10 18:00:00,0.18566645790859368,0.04489252988321606,0.056850079819594466,0.15952454796249183,0.22817931520191956,0.0285,True,False,2000,1.8063299123071808,10.278657107075555,8.831418163182331
268,2023-02-11 00:00:00,0.1750911367389936,0.05049101199816775,0.061722722974597646,0.1804754099857783,0.24139904506907878,0.053,False,False,2000,1.804433824742444,9.70338365076842,10.001774934114776
269,2023-02-11 06:00:00,0.18141047475887848,0.05241905533429818,0.06311485960734245,0.17674708867572023,0.2566299593735875,0.0455,True,False,2000,1.8386056070223296,9.866742169500807,9.613105061828175
270,2023-02-11 12:00:00,0.19566054281048045,0.04785967549187819,0.06328091196310114,0.18127391313692628,0.2625285469878393,0.035,True,False,2000,1.8551333891197397,10.546979745931981,9.771475959631168
271,2023-02-11 18:00:00,0.17567914168351426,0.049071885405890595,0.060193127486369305,0.17245163260738172,0.2401551111733622,0.0455,True,False,2000,1.8420748221690053,9.537025291766144,9.361814760831672
272,2023-02-12 00:00:00,0.18577387702394177,0.048780668981622,0.06220069627815973,0.1731900430042781,0.2421933765219135,0.038,True,False,2000,1.8284398750318012,10.160239861357798,9.472011924989651
273,2023-02-12 06:00:00,0.19696245990954422,0.050472518507393066,0.0650964477746005,0.18398151068021315,0.26127180676087847,0.038,True,False,2000,1.7986511817786646,10.950564617802682,10.228859967071328
274,2023-02-12 12:00:00,0.18305157868366276,0.05089499442144853,0.06527882446740418,0.18787145180217174,0.26865458176606877,0.055,False,False,2000,1.7925078588826544,10.21203772003357,10.480927649560206
275,2023-02-12 18:00:00,0.17927949191241763,0.05172984918592454,0.0669051344473258,0.19683406819684,0.2739194689982069,0.0655,False,False,2000,1.794049517606441,9.993006890445596,10.971495840284788
276,2023-02-13 00:00:00,0.16331733630364942,0.054572109320514116,0.06729677123072293,0.19553374154651124,0.2630207197741901,0.0875,False,False,2000,1.7731929848693335,9.210353170649627,11.027211545218249
277,2023-02-13 06:00:00,0.1732366809668887,0.0570708601722817,0.06883372405925901,0.19484388464844468,0.2719020528297896,0.077,False,False,2000,1.7950825179682157,9.65062492853914,10.854313531445948
278,2023-02-13 12:00:00,0.15210370269064277,0.058777258428867725,0.07068368544153313,0.2016562688907117,0.2754818311267825,0.1125,False,False,2000,1.7890654489632194,8.501852337419423,11.271598197124282
279,2023-02-13 18:00:00,0.16076924710998752,0.05802439758781727,0.0710753537987771,0.20481974015032173,0.28550462830418893,0.103,False,False,2000,1.750191475678112,9.185809058274463,11.70270470383615
280,2023-02-14 00:00:00,0.14343065595272345,0.05669168231784603,0.06982170810451147,0.1967044703285425,0.2767157822945921,0.1225,False,False,2000,1.7664621357884986,8.119656405128666,11.135504483414199
281,2023-02-14 06:00:00,0.15361003304070703,0.0573579575806429,0.0701992898494789,0.20512092817679528,0.27748672239333366,0.109,False,False,2000,1.7646073511192961,8.705054580174547,11.62416829141545
282,2023-02-14 12:00:00,0.18173669540820486,0.056171463369746426,0.06802449732256753,0.2003490660708098,0.2742257231145108,0.066,False,False,2000,1.7741957244265794,10.243328450526066,11.292388055752005
283,2023-02-14 18:00:00,0.18536715223236536,0.060297010922490284,0.069912378322149,0.20085870206538495,0.28157043326694947,0.0725,False,False,2000,1.7698604334047625,10.473546316630514,11.348844139025346
284,2023-02-15 00:00:00,0.1977311619084816,0.06029209747658588,0.0707666318896073,0.2028203089833433,0.2801885984783166,0.0555,False,False,2000,1.7895058256155238,11.049484113328852,11.3338725183295
285,2023-02-15 06:00:00,0.21130475788748537,0.05871411604754253,0.0694973225242929,0.1985893495584347,0.2749965232905367,0.039,True,False,2000,1.812479038698442,11.658328365509004,10.956780482330078
286,2023-02-15 12:00:00,0.2040864813197212,0.06395612068886707,0.07195365086097662,0.20997176801127168,0.27911715643939683,0.056,False,False,2000,1.8549255113906393,11.002408456106542,11.319687325549568
287,2023-02-15 18:00:00,0.23037741148011137,0.06390120166136254,0.07324637494447064,0.21806379270837387,0.29336670419391786,0.039,True,False,2000,1.863980917223628,12.359429721161263,11.6988210927168
288,2023-02-16 00:00:00,0.2330814006011636,0.06507594718382426,0.0739207397413091,0.21800912692308716,0.29870388550820065,0.035,True,False,2000,1.8761811746653354,12.423181926592969,11.619833407718454
289,2023-02-16 06:00:00,0.21707437193441978,0.06740559970945142,0.07344941223581442,0.2064353944208552,0.31239060605937047,0.0395,True,False,2000,1.8951130330063932,11.454428741385131,10.893038611705794
290,2023-02-16 12:00:00,0.22024572117117505,0.06834917859942467,0.07441451106044629,0.21726210611485075,0.29439064328530756,0.046,True,False,2000,1.8934039421153184,11.632262734444065,11.474683308841358
291,2023-02-16 18:00:00,0.2452755720882469,0.0697018215777916,0.07460594833471644,0.21978064132109892,0.29781525294437505,0.0355,True,False,2000,1.890631589844358,12.973208181105168,11.624720675443271
292,2023-02-17 00:00:00,0.24746670905465618,0.0704218189075256,0.07405699346346538,0.21869960070207206,0.29720960902903815,0.027,True,False,2000,1.8861269721782452,13.12036319425847,11.59516850816787
293,2023-02-17 06:00:00,0.21831626455201505,0.07038590084677457,0.07276144989492542,0.2126535471774688,0.28359371966418984,0.047,True,False,2000,1.8511416650134256,11.793601142375653,11.487697089672848
294,2023-02-17 12:00:00,0.1943010396873044,0.07246919380488961,0.07338617597304357,0.21980133102432733,0.2925807622889835,0.077,False,False,2000,1.850470297482717,10.500089623249904,11.878133430368138
295,2023-02-17 18:00:00,0.20773122531769436,0.06653933020524358,0.07141523882614878,0.20675525911412618,0.2739687236615461,0.0485,True,False,2000,1.8395823691109825,11.29230355790401,11.23924987463568
296,2023-02-18 00:00:00,0.20302126769860462,0.06915206309580114,0.07414396267912671,0.22134419845458028,0.276003750551829,0.068,False,False,2000,1.8705211198767822,10.853727634573747,11.833290525431812
297,2023-02-18 06:00:00,0.1975355736493968,0.06912211032912512,0.07507525079385577,0.2146981897039971,0.2933299988273548,0.068,False,False,2000,1.8874528445995342,10.465722320671192,11.375022709483911
298,2023-02-18 12:00:00,0.18968916561660826,0.06403076366845255,0.06939113663392239,0.2035410269898277,0.2634841413102219,0.069,False,False,2000,1.924330687600223,9.857409999170367,10.577237493606559
299,2023-02-18 18:00:00,0.2102492156873306,0.05743406186356097,0.0651870202207114,0.18846802546209,0.24765422936836204,0.0295,True,False,2000,1.9415052148707712,10.82918624564833,9.707314923418046
300,2023-02-19 00:00:00,0.23915187315617803,0.05991469711855167,0.066613526412748,0.19631045999099778,0.2657529822799705,0.0175,True,False,2000,1.936657992717283,12.348689033143597,10.136557963730025
301,2023-02-19 06:00:00,0.25229115049168005,0.06139805114717242,0.06686369121036383,0.19001345115133125,0.25000784157633893,0.01,True,True,2000,1.947708010398502,12.953232678858322,9.755746248250754
302,2023-02-19 12:00:00,0.24995274011637258,0.05647220687052044,0.06423769496310495,0.1826385092567677,0.25901015539107825,0.0115,True,False,2000,1.9591084214767331,12.75849449557078,9.322531987234212
303,2023-02-19 18:00:00,0.23363404853837436,0.054386616340175796,0.0643223089906562,0.18274165938417258,0.24551018876440545,0.013,True,False,2000,1.9795382391534306,11.80245190101962,9.231529645131982
304,2023-02-20 00:00:00,0.24986320239463566,0.055672169163100874,0.06367137545768911,0.18290242640399146,0.25359521406986146,0.012,True,False,2000,2.031985665976219,12.296504182011285,9.001167157157102
305,2023-02-20 06:00:00,0.24148331159187897,0.05446944206657845,0.06456773096031761,0.18435219863210137,0.2613313498212719,0.0185,True,False,2000,2.055008321985625,11.750965142493868,8.970873580403483
306,2023-02-20 12:00:00,0.22638012965772367,0.05270801371706668,0.060904789698923385,0.18008507017193043,0.23832628719050364,0.014,True,False,2000,2.0823709231646315,10.87126828075798,8.64807840758027
307,2023-02-20 18:00:00,0.21571098943606573,0.05176659542293711,0.060306361990543206,0.17363948911354704,0.24286706271842678,0.019,True,False,2000,2.0999633453453304,10.272131173822604,8.268691427325496
308,2023-02-21 00:00:00,0.19485136207819764,0.04678974045346044,0.055607087161077415,0.1633134711789744,0.21376447177997449,0.02,True,False,2000,2.132336127677409,9.13792903234418,7.65889903843909
309,2023-02-21 06:00:00,0.18948940461589125,0.0488352032589284,0.05769705999508181,0.1637274218569662,0.2268197617340273,0.031,True,False,2000,2.1308257245706526,8.8927687717902,7.683754704526867
310,2023-02-21 12:00:00,0.2011250237015167,0.04967401556106802,0.0605806226048818,0.17081549165578208,0.25116863744401924,0.0295,True,False,2000,2.1298650085086135,9.443087843503736,8.02001492927439
311,2023-02-21 18:00:00,0.19926773376167606,0.04815020750917673,0.05796990572158005,0.16509008879587628,0.22873871674479646,0.023,True,False,2000,2.1355168832452405,9.33112425029666,7.730685254288271
312,2023-02-22 00:00:00,0.21593906040950192,0.05077323286557487,0.06008622424335326,0.1721706513645179,0.23577281618648135,0.021,True,False,2000,2.1733391216046076,9.935819875642371,7.921941387472095
313,2023-02-22 06:00:00,0.22317460517647747,0.048698656225390984,0.0579157409217068,0.16634442484963285,0.21871957201079817,0.0085,True,True,2000,2.1526145526339096,10.36760644879057,7.727552740275592
314,2023-02-22 12:00:00,0.22402964305037482,0.04720125914729201,0.05777266359238033,0.1640518946763754,0.21900817027225833,0.009,True,True,2000,2.1576633710187183,10.382974752201571,7.603220079641988
315,2023-02-22 18:00:00,0.22576916999078173,0.04711517547854445,0.05779494494441088,0.1634852646671727,0.22861242367223103,0.011,True,False,2000,2.168379108238865,10.411886423963432,7.539514840647664
316,2023-02-23 00:00:00,0.20523648607885875,0.0510971452566742,0.05950235449685571,0.1733974809152409,0.22956551249105298,0.0205,True,False,2000,2.1405698869330685,9.587936714036195,8.100528834574916
317,2023-02-23 06:00:00,0.19706242715962594,0.049924486731184145,0.05879543868758634,0.16755222909172612,0.23198723894441084,0.026,True,False,2000,2.1752381244175476,9.059349638439807,7.702707451240114
318,2023-02-23 12:00:00,0.20383120247426129,0.05045553603037982,0.058085169428098146,0.16741715885851868,0.2222449911939255,0.0195,True,False,2000,2.1672491295396217,9.405065605796791,7.724869124486962
319,2023-02-23 18:00:00,0.22103842494629583,0.048124156153835,0.05646833419793399,0.15969500728016564,0.21358606724738688,0.0085,True,True,2000,2.180770417138034,10.135795277174514,7.322871129632421
320,2023-02-24 00:00:00,0.20358749115749117,0.048418066898634676,0.05671199703971456,0.1652538391818348,0.21963267593797187,0.0175,True,False,2000,2.1459956559983357,9.48685476545294,7.7005672737467545
321,2023-02-24 06:00:00,0.2023286089360821,0.04682393893392908,0.05646509059508997,0.16126384811356587,0.22733121362790723,0.019,True,False,2000,2.154344903353177,9.391653519413873,7.485516727733021
322,2023-02-24 12:00:00,0.2201373895911207,0.04782489764189983,0.057284651628088594,0.1604633200838254,0.22278907449985058,0.0115,True,False,2000,2.179326503609679,10.101166081654172,7.3629774986926275
323,2023-02-24 18:00:00,0.2362375592603155,0.04467323575870016,0.05600313265858945,0.1585415217435601,0.2227389058217992,0.006,True,True,2000,2.204479918907126,10.71624909050796,7.191787976102648
324,2023-02-25 00:00:00,0.25543302642362,0.047097876063835184,0.05630833677711391,0.1640479265605295,0.21831477208976438,0.0045,True,True,2000,2.2052703354744216,11.582844167205852,7.438903245630324
325,2023-02-25 06:00:00,0.2466188341960154,0.0498310183068684,0.058158445943260556,0.16604921214650134,0.23662132436621733,0.008,True,True,2000,2.213318111175865,11.142493839938567,7.502275037106379
326,2023-02-25 12:00:00,0.2625125866891801,0.04939780258222012,0.05591748083224279,0.1628721101171597,0.21202123572658052,0.003,True,True,2000,2.2169772204005467,11.84101416440135,7.34658473792226
327,2023-02-25 18:00:00,0.25874395086539476,0.043009610044101795,0.053482033686770694,0.1500335951456617,0.21992257025317385,0.0035,True,True,2000,2.193913100778345,11.793719212196642,6.838629802266716
328,2023-02-26 00:00:00,0.2512885206473098,0.044538010365173394,0.0558152979602043,0.1589894929411726,0.22079338152540381,0.003,True,True,2000,2.190891681098524,11.469691670074372,7.256839501141128
329,2023-02-26 06:00:00,0.23679450310698588,0.04760304731888507,0.05578322416528113,0.16037944989524802,0.21687297706135905,0.0055,True,True,2000,2.2009604978719692,10.758689369297365,7.286793654421024
330,2023-02-26 12:00:00,0.24012293356185313,0.04484893299556987,0.05399040169901464,0.1543596108891692,0.21468032613469867,0.0055,True,True,2000,2.217276973053677,10.829631862867863,6.961674737305466
331,2023-02-26 18:00:00,0.24322094666199603,0.045700587054206515,0.05534073686043575,0.15703055295470142,0.22418728532806095,0.0065,True,True,2000,2.216088541646986,10.975235966033894,7.085933165738815
332,2023-02-27 00:00:00,0.2686789171693556,0.04463326562377306,0.054517362076845974,0.1565444538587688,0.20566944476440513,0.0025,True,True,2000,2.1946755018448876,12.242307208673846,7.132920275784481
333,2023-02-27 06:00:00,0.262685600443305,0.04595489759694168,0.05529664343846833,0.15927620493664998,0.22126744203316503,0.0035,True,True,2000,2.169833178708925,12.106257892120807,7.3404815863043025
334,2023-02-27 12:00:00,0.2650243682096585,0.04577403607898987,0.05554024034744408,0.15407616053794718,0.2198049433814754,0.0025,True,True,2000,2.1667086758148573,12.231656759762037,7.11106953407117
335,2023-02-27 18:00:00,0.21319741219963634,0.04244923996197095,0.052471694132929736,0.14994662674779022,0.20596978117089185,0.009,True,True,2000,2.1623729387250314,9.859419177033395,6.934355497262238
336,2023-02-28 00:00:00,0.23001130683278734,0.04756860978170839,0.057328600877815626,0.16015755658088804,0.22996467887855268,0.01,True,True,2000,2.166716889106021,10.61566040257752,7.391715889885754
337,2023-02-28 06:00:00,0.2675166501819936,0.04805711135628709,0.057461359915089126,0.16372449475442805,0.23293094657311283,0.003,True,True,2000,2.1765592550999893,12.290804835897019,7.522170341597555
338,2023-02-28 12:00:00,0.24721373899294902,0.04531985686366139,0.05547518967683028,0.1582162328463436,0.21338711804810984,0.0035,True,True,2000,2.1728874697771428,11.377199345638637,7.281381804027371
339,2023-02-28 18:00:00,0.23059637170513647,0.04192747642063661,0.05191408166583498,0.1476084615973714,0.1928326334268583,0.003,True,True,2000,2.193059209116707,10.514826537584145,6.730710278306772
340,2023-03-01 00:00:00,0.2517631465563845,0.04050404069060496,0.05251378483935232,0.1490654589676754,0.2112967434143492,0.003,True,True,2000,2.192526603643529,11.482786395294172,6.798798186528693
341,2023-03-01 06:00:00,0.22701543226693194,0.04512337251635804,0.05439004860555505,0.15728985290228417,0.21692758522901673,0.0075,True,True,2000,2.221731583378287,10.217950447539673,7.079606469072863
342,2023-03-01 12:00:00,0.2440819439336104,0.04427156033541542,0.053807720278902106,0.15366787781100535,0.20005350871569375,0.0035,True,True,2000,2.2035372860003335,11.076823863355017,6.973690837332266
343,2023-03-01 18:00:00,0.24120593178501895,0.042719506054269,0.05233942340023235,0.14884622523114088,0.20447815582257453,0.002,True,True,2000,2.171811216367151,11.106210796189313,6.8535526527080055
344,2023-03-02 00:00:00,0.23354336131709394,0.04379821845497092,0.053461929313418144,0.15420727284907335,0.20877545887917304,0.0045,True,True,2000,2.1732189193453646,10.746425923231142,7.095800219497674
345,2023-03-02 06:00:00,0.22214818628315758,0.04134730707741036,0.05092687568918433,0.14620519945074234,0.20158599399986596,0.006,True,True,2000,2.191034185003972,10.138964868900704,6.672885363971504
346,2023-03-02 12:00:00,0.21388667138667114,0.042923883610796236,0.052511044286997884,0.1454760062344491,0.21587950096404887,0.0105,True,False,2000,2.2043567117157474,9.702906532772266,6.599476639205945
347,2023-03-02 18:00:00,0.20850893757388467,0.04119611635511199,0.05203066439478613,0.14536661176800358,0.20852931725929835,0.01,True,False,2000,2.194335810269515,9.502143500464268,6.6246292426020785
348,2023-03-03 00:00:00,0.23005908039100242,0.043692169959661284,0.053315324417603324,0.15157394369608818,0.20985938129159482,0.006,True,True,2000,2.2282805549146953,10.324511421310218,6.802282744952233
349,2023-03-03 06:00:00,0.21615049694804953,0.042452861238455014,0.05270456223146659,0.14633696896894097,0.20750980369691155,0.009,True,True,2000,2.2318681829666707,9.684734008830906,6.556703038547069
350,2023-03-03 12:00:00,0.2240485549014335,0.04266927448711037,0.053765820886551775,0.15187781598080244,0.20922711591298998,0.006,True,True,2000,2.248701278144476,9.963464559699453,6.754023642754585
351,2023-03-03 18:00:00,0.2397468169542508,0.04243858783451775,0.053701931355291596,0.15077434840632475,0.22004342234043547,0.005,True,True,2000,2.2458025933668972,10.675329063309318,6.713606478665808
352,2023-03-04 00:00:00,0.25670575695988784,0.04701346118214397,0.05503190228457145,0.15591559232821206,0.21612112988388854,0.003,True,True,2000,2.284767460693068,11.235531027828012,6.824133965953637
353,2023-03-04 06:00:00,0.22331333740545567,0.04448558374457524,0.05276159732596251,0.14946535592476715,0.2128371038712967,0.006,True,True,2000,2.2190931444407713,10.063270122973247,6.735425067632011
354,2023-03-04 12:00:00,0.23940803915569595,0.04921125096681526,0.05676834431608145,0.1631360972492363,0.21764036697285064,0.005,True,True,2000,2.2517224870825543,10.632217803441895,7.244946843365396
355,2023-03-04 18:00:00,0.2712795931582972,0.0499233281589776,0.055608876664067136,0.1581136556649045,0.222300442499424,0.0015,True,True,2000,2.2808519116886345,11.893783711606892,6.932219266609232
356,2023-03-05 00:00:00,0.2873545695790756,0.051624795792517254,0.05736298861907657,0.16436667819355874,0.22153149632286892,0.002,True,True,2000,2.2933800085176292,12.529740754338084,7.1670057985636815
357,2023-03-05 06:00:00,0.26639587711479806,0.047961516168099676,0.056667489072931974,0.16224693704763177,0.2243213144747112,0.0035,True,True,2000,2.3183959483516197,11.490525477505498,6.998241053819535
358,2023-03-05 12:00:00,0.26301683575098367,0.05200173688872083,0.0562687553015824,0.15705081292035727,0.21706872529921165,0.0025,True,True,2000,2.3001500266769748,11.434768719454528,6.827850840114482
359,2023-03-05 18:00:00,0.25054028607032325,0.0502214769686405,0.05608639853457855,0.157997966385271,0.21065016060493205,0.0035,True,True,2000,2.2731991388414987,11.021484294508719,6.950467457320622
360,2023-03-06 00:00:00,0.23745543682485265,0.047836755867513805,0.05529650648866774,0.15825943018925506,0.21574551132510014,0.005,True,True,2000,2.250721285377487,10.550192881169071,7.031498356435193
361,2023-03-06 06:00:00,0.22654152473001155,0.05141130850678579,0.05617984976110528,0.1628874789194009,0.21514115311244214,0.0075,True,True,2000,2.304223099040541,9.831579451848285,7.06908454251786
362,2023-03-06 12:00:00,0.2187518825020969,0.04574422478892208,0.053691713178454,0.15132960900314923,0.20121409730939846,0.0045,True,True,2000,2.2935725068206665,9.53760484360397,6.597986702104362
363,2023-03-06 18:00:00,0.20837083843582224,0.04798707767710768,0.05484329959921578,0.1556395413340637,0.22073633654130556,0.0125,True,False,2000,2.2784542838587134,9.145271858732773,6.830926669745501
364,2023-03-07 00:00:00,0.20747909400212167,0.04860940456690864,0.05449147619313237,0.15620720478163966,0.21044021773522817,0.011,True,False,2000,2.2229238400803712,9.333612346998812,7.027105560935092
365,2023-03-07 06:00:00,0.23297218968078767,0.046853996886118486,0.05308489258626487,0.15629730000871092,0.20537538680532605,0.003,True,True,2000,2.202237126438625,10.578887572272542,7.097205751928677
366,2023-03-07 12:00:00,0.2294640192710737,0.04657975302229444,0.053392209814863104,0.15129853892931247,0.20859874625319874,0.006,True,True,2000,2.1774423636623355,10.538236194005528,6.948452067169156
367,2023-03-07 18:00:00,0.23500860534249235,0.048301553900419056,0.05643012217539427,0.15931057054633851,0.2284433011698415,0.0085,True,True,2000,2.1614937009703907,10.872509377981835,7.370392542657742
368,2023-03-08 00:00:00,0.21623997215664487,0.04571246849289119,0.05466115954618065,0.15848908115706306,0.2098869694583363,0.009,True,True,2000,2.132889107452838,10.138359814443671,7.430722985234596
369,2023-03-08 06:00:00,0.19805727736094314,0.04562449643226411,0.05498687090441478,0.1555895580026584,0.21480948384159518,0.0145,True,False,2000,2.1141742087689446,9.368067992668836,7.359353706866764
370,2023-03-08 12:00:00,0.21009200142205908,0.047586185335892255,0.05463081296509559,0.15446737493410984,0.2051187337287788,0.008,True,True,2000,2.0922427961605843,10.041473284438737,7.3828608810396466
371,2023-03-08 18:00:00,0.19214271347460635,0.045028551243957146,0.054309920071511225,0.154363761475084,0.20263430387171785,0.0145,True,False,2000,2.061775820403388,9.319282512344795,7.486932378753118
372,2023-03-09 00:00:00,0.2004091740764411,0.04494682777104641,0.054892640635862015,0.15565873897266272,0.2212140503800365,0.0215,True,False,2000,2.0334322978076096,9.855709201261174,7.65497524262252
373,2023-03-09 06:00:00,0.21087107594573576,0.04216968282389554,0.05244864736650936,0.149837053319473,0.20634453982317477,0.009,True,True,2000,2.0205754798889606,10.436188998855119,7.41556327941321
374,2023-03-09 12:00:00,0.23293700646190338,0.04581527245543066,0.05409197024339443,0.1516358551384477,0.21252844264817894,0.006,True,True,2000,2.0306205419377936,11.471222793777844,7.467463861748571
375,2023-03-09 18:00:00,0.23545695630277344,0.046173173670793176,0.05553291667220883,0.15664044050173728,0.22133751174030486,0.008,True,True,2000,1.9993914854953863,11.776430879640094,7.834405699838554
376,2023-03-10 00:00:00,0.2255038507505374,0.04515365585618278,0.05282601860478578,0.1507965123861376,0.20030585514985408,0.0055,True,True,2000,1.9854025889001488,11.358091905957446,7.595261194339137
377,2023-03-10 06:00:00,0.2203139924623304,0.04573573144467903,0.05374338171684797,0.1565073472988423,0.20793257629518808,0.007,True,True,2000,1.9745281576152198,11.157804542449245,7.926316304745308
378,2023-03-10 12:00:00,0.2465577669747284,0.04997793452494808,0.055916526498948675,0.1580535187199136,0.22292971860367525,0.0045,True,True,2000,1.9782555852972392,12.463392941093723,7.989539870105588
379,2023-03-10 18:00:00,0.2407607492989921,0.047371441530687404,0.054078612438064735,0.15394099204273914,0.21945246351368053,0.0055,True,True,2000,1.9716313629228512,12.211245663189064,7.807797894558181
380,2023-03-11 00:00:00,0.23922317991321454,0.0485839977276634,0.055496985201722616,0.16322164849470108,0.21481492921942105,0.005,True,True,2000,1.9963797555933378,11.982849417450426,8.175881769858485
381,2023-03-11 06:00:00,0.2219418740116585,0.04741941858412002,0.055086754979645165,0.1570220960651079,0.21440965590303088,0.007,True,True,2000,2.00040611371495,11.094840817072425,7.849510906238059
382,2023-03-11 12:00:00,0.22378539357784277,0.047411818537800555,0.05475987502466466,0.15970309496859567,0.21398105942963747,0.0085,True,True,2000,2.000992243816606,11.183721189793529,7.9811951026849
383,2023-03-11 18:00:00,0.21226543173712606,0.04980044430721669,0.05436603910063803,0.15330863173490547,0.20978107438453666,0.009,True,True,2000,2.0266955029688734,10.473474255317678,7.564463014316958
384,2023-03-12 00:00:00,0.21257810127373147,0.046556617242452726,0.05366810097230395,0.1514335389544231,0.2099808026343343,0.0095,True,True,2000,2.030972530309992,10.46681321885162,7.456208131545209
385,2023-03-12 06:00:00,0.20029790171372214,0.04313417610831664,0.05170135804985569,0.14406785430352276,0.208793663991843,0.013,True,False,2000,2.011870771631195,9.955803550509538,7.160890069828624
386,2023-03-12 12:00:00,0.20503278817803072,0.04420781730355991,0.053048271283182,0.14971744143511326,0.21215549496651548,0.0125,True,False,2000,2.0626660247020734,9.940183516022435,7.258443181888261
387,2023-03-12 18:00:00,0.22716883938685736,0.04668556402240661,0.05334514998484975,0.1518553638316892,0.202367867679808,0.0055,True,True,2000,2.0692872423026136,10.978120134451402,7.33853477309951
388,2023-03-13 00:00:00,0.23005202640231287,0.04632530332164405,0.05297280833448656,0.14946320739868788,0.2079976881812375,0.0045,True,True,2000,2.1018563336784624,10.945183203825279,7.111009682432103
389,2023-03-13 06:00:00,0.20020271324988714,0.044125164999985145,0.05172116680854174,0.15077950753493724,0.20051361372923826,0.011,True,False,2000,2.1171052723938084,9.456436383228036,7.121965520611597
390,2023-03-13 12:00:00,0.20133396356643515,0.04377184362552686,0.05355853501052439,0.15290979232882884,0.20548516944570697,0.012,True,False,2000,2.142255763891824,9.398222516655661,7.137793484146752
391,2023-03-13 18:00:00,0.1975788828182157,0.044977464745901134,0.052162636584098074,0.1502822006941315,0.20579531182719932,0.0135,True,False,2000,2.1702511021667945,9.103964173590397,6.924645749244807
392,2023-03-14 00:00:00,0.17779790912449642,0.04415609937081097,0.05309275329582343,0.14856146881379584,0.21396147127633544,0.0305,True,False,2000,2.1903594175120777,8.11729379676183,6.782515582878154
393,2023-03-14 06:00:00,0.18777606815833645,0.04618121422903124,0.05337865739573891,0.15501018680655648,0.20516739176493967,0.02,True,False,2000,2.2111297748102428,8.492313309581807,7.010451786795703
394,2023-03-14 12:00:00,0.18774661230331954,0.04881686078586127,0.05766718772377316,0.15964012674977576,0.22628753133533908,0.031,True,False,2000,2.2238115690906013,8.442559383756425,7.1786714741779365
395,2023-03-14 18:00:00,0.2032278167695993,0.04842659443718968,0.057404476497275696,0.16452636918366617,0.22925595255294975,0.0195,True,False,2000,2.253886345470291,9.016773058589795,7.29967460490278
396,2023-03-15 00:00:00,0.19092425958924517,0.05058667946473342,0.05728334997940678,0.163807949384275,0.23469087050904727,0.0245,True,False,2000,2.249807858798912,8.486247340747243,7.280975072765811
397,2023-03-15 06:00:00,0.1828090934249077,0.04916766864571339,0.05629897119802333,0.16445926800062868,0.21424353479198172,0.03,True,False,2000,2.256335441624908,8.102035275980821,7.288777411668574
398,2023-03-15 12:00:00,0.154006688834098,0.05013981223002057,0.05702994868083494,0.16995918122564446,0.21997636614739308,0.0715,False,False,2000,2.268137446106812,6.7900068886233385,7.493336945579474
399,2023-03-15 18:00:00,0.15084486778600548,0.048788344133529504,0.05492988292707728,0.1577722723481611,0.20764336374387413,0.057,False,False,2000,2.2908981578884897,6.584529620689839,6.8869177708702285
400,2023-03-16 00:00:00,0.17705168663521884,0.05281209474912529,0.05725679098114126,0.16678790962369375,0.23181470149786082,0.04,True,False,2000,2.28365921732624,7.752981937581517,7.303537601331462
401,2023-03-16 06:00:00,0.1589115133720539,0.05267568547180493,0.058319776333705574,0.17077986708553183,0.22566412483021112,0.068,False,False,2000,2.2849211777495815,6.954791916654465,7.474212622674928
402,2023-03-16 12:00:00,0.16141899772139487,0.052159878804020426,0.05981279908181114,0.17124690137722834,0.2428901137578226,0.0605,False,False,2000,2.2750260861313323,7.095259201879609,7.527250013578202
403,2023-03-16 18:00:00,0.164829927219358,0.05345341013185774,0.057818866697755524,0.16758461752878678,0.23078456201955896,0.053,False,False,2000,2.2655054353887656,7.275635919676035,7.397228667431068
404,2023-03-17 00:00:00,0.166226811589816,0.05227730031759116,0.058210612708311155,0.16891004544053576,0.22470563490281475,0.055,False,False,2000,2.260702650387329,7.35288258990346,7.471572849777311
405,2023-03-17 06:00:00,0.1799303415309862,0.053905952799531226,0.058560768530591285,0.1671837228866448,0.22583684754650682,0.0395,True,False,2000,2.2070928816312305,8.152368349718127,7.574838570594351
406,2023-03-17 12:00:00,0.18666217412376168,0.05373699164413734,0.057306783004262424,0.16299432447775625,0.22756976965657666,0.0275,True,False,2000,2.2110578525549034,8.442211220663962,7.371780177050293
407,2023-03-17 18:00:00,0.18321406215155142,0.05205363562731009,0.05799099306271818,0.17224750896901117,0.23085078674585024,0.0395,True,False,2000,2.2188903098544395,8.257013036555664,7.762777105476237
408,2023-03-18 00:00:00,0.18895637059814208,0.05349995159550063,0.05719275577776179,0.16579522192084914,0.22382534311668809,0.028,True,False,2000,2.2293451457445803,8.475868842418855,7.436947223597139
409,2023-03-18 06:00:00,0.18477326465794575,0.05297770548784122,0.0581567063197791,0.16597917045333532,0.2363630615969958,0.0275,True,False,2000,2.221448662752577,8.317692312951984,7.471663569648827
410,2023-03-18 12:00:00,0.1896483648077612,0.0520460348893475,0.05547244472295436,0.15836207642034766,0.21273138344278283,0.0205,True,False,2000,2.1791943290916755,8.702682559146059,7.267001125427654
411,2023-03-18 18:00:00,0.16718375059157448,0.05313403539106199,0.05854079438532747,0.16749514918757197,0.23441800472629196,0.0505,False,False,2000,2.1850414041769493,7.6512852466769825,7.665536628614286
412,2023-03-19 00:00:00,0.17694771669324347,0.057468638355691354,0.06044035198984583,0.17564363753834059,0.23824852652674997,0.0475,True,False,2000,2.183910051502079,8.10233537647487,8.04262233316496
413,2023-03-19 06:00:00,0.15710632185276166,0.059237390103157726,0.0628945746702409,0.18030130494246596,0.24740346110289899,0.088,False,False,2000,2.1654649707232307,7.255084888318035,8.326216650008806
414,2023-03-19 12:00:00,0.176187485903744,0.05713462224989072,0.062208139296107565,0.17752622315901642,0.24579664404451093,0.0535,False,False,2000,2.1609156196202624,8.15337185330288,8.215324168475078
415,2023-03-19 18:00:00,0.18879984410798673,0.05463328925931178,0.059359961920044106,0.16764663062345458,0.24242718939367278,0.0285,True,False,2000,2.172797537903224,8.68925156690765,7.715704187755828
416,2023-03-20 00:00:00,0.2042493475442532,0.05769657712393032,0.060195053600199014,0.1741849784961904,0.23975069951519395,0.026,True,False,2000,2.1994517967271308,9.286375261698579,7.919472422873026
417,2023-03-20 06:00:00,0.19824742802297887,0.061908122757592964,0.06307997001090264,0.18008074166190347,0.24307242033722157,0.0325,True,False,2000,2.1908504731157126,9.04887989644687,8.219672856349804
418,2023-03-20 12:00:00,0.17672200420423212,0.057189284877778294,0.06218097801454149,0.17844373655083184,0.2433934353931078,0.052,False,False,2000,2.19379457180448,8.055540225850386,8.134022157054343
419,2023-03-20 18:00:00,0.19100944252663346,0.05668455464454608,0.06064161079552249,0.1767704168296453,0.23832933760591016,0.038,True,False,2000,2.165588664865322,8.820208824768315,8.162695884845641
420,2023-03-21 00:00:00,0.20105564200107756,0.05442889154474703,0.0597630132411011,0.1734903708513523,0.23477442184155387,0.024,True,False,2000,2.1730937114392845,9.252046561209468,7.983566007213103
421,2023-03-21 06:00:00,0.22204364854579667,0.0511232511541543,0.05796014117086358,0.1654009539707231,0.23498262391093383,0.014,True,False,2000,2.1608824717476125,10.275600429403225,7.654324385210787
422,2023-03-21 12:00:00,0.23440900061759523,0.053983896231752114,0.058464306483236944,0.1651000710447442,0.22906921989440715,0.009,True,True,2000,2.133574141194811,10.98668174176151,7.73819235324475
423,2023-03-21 18:00:00,0.23311678491886204,0.053732320512051304,0.05941258411178482,0.17102217562103944,0.2351299155652869,0.0105,True,False,2000,2.137656739459061,10.90524875279334,8.000450795683737
424,2023-03-22 00:00:00,0.2366648072181826,0.05381949505417286,0.057648348801876845,0.16635789467987636,0.2332285054181142,0.0085,True,True,2000,2.089441873583646,11.326699737871806,7.961834056410116
425,2023-03-22 06:00:00,0.23061929171126233,0.053389537021609874,0.05919872410270363,0.17580853049785491,0.23620868531323821,0.0125,True,False,2000,2.096539355523814,10.99999821628165,8.385653721913066
426,2023-03-22 12:00:00,0.23648033498810048,0.06006806460694554,0.062407383663245254,0.18015571688810342,0.2431285610064879,0.013,True,False,2000,2.060506764527923,11.476804592887605,8.743272285707754
427,2023-03-22 18:00:00,0.22380649040185036,0.06537202732025305,0.06422033461192561,0.1867453388611631,0.2545992661670975,0.02,True,False,2000,2.0428403460436795,10.955652546969278,9.141455386997245
428,2023-03-23 00:00:00,0.21781340215492873,0.06702428881357995,0.06602362957694456,0.18863705401860537,0.26532583154141204,0.03,True,False,2000,1.9703340110056817,11.054643575063407,9.573861739427763
429,2023-03-23 06:00:00,0.18291672470138512,0.0648646786970943,0.06550957828554484,0.19029228425512887,0.25733140577064734,0.061,False,False,2000,1.9678373755664662,9.295317132023182,9.670122471393293
430,2023-03-23 12:00:00,0.19823416647651412,0.06610782420720014,0.06389353878736606,0.18493289909853813,0.2516536884535122,0.037,True,False,2000,1.9708129794733515,10.058497104554641,9.383584390029572
431,2023-03-23 18:00:00,0.18460499066159225,0.06542169980058128,0.06375700479631959,0.18641611935963168,0.24803989179374095,0.054,False,False,2000,1.9710238606189092,9.365943982211638,9.457831692666383
432,2023-03-24 00:00:00,0.2106719277553655,0.0676374825963436,0.06559344754938692,0.19394805793236455,0.24764894000778553,0.0335,True,False,2000,1.9752647372778838,10.66550340212588,9.818838673728605
433,2023-03-24 06:00:00,0.19536022156776037,0.06960544710048876,0.06776552357044159,0.2007271861550159,0.2629971542946309,0.058,False,False,2000,1.9553126928933267,9.991252155105729,10.265733295987287
434,2023-03-24 12:00:00,0.18731192681073633,0.07243556530009652,0.06964743814344292,0.20422211137766125,0.27369008512881166,0.076,False,False,2000,1.9057275057595608,9.828893493148167,10.71622835691113
435,2023-03-24 18:00:00,0.17766855412796576,0.071620261954587,0.06905280323177565,0.2057220767177933,0.27426494749707553,0.0855,False,False,2000,1.9145121985248938,9.2800951733218,10.745404332043401
436,2023-03-25 00:00:00,0.200494744495013,0.0765541182512581,0.07241945369424174,0.2175104962630132,0.2905962239661528,0.0665,False,False,2000,1.9271863986375108,10.403495200918785,11.286427530662813
437,2023-03-25 06:00:00,0.17748871202125327,0.07317691428182152,0.06747469183583162,0.19929415064422715,0.26141056780483707,0.082,False,False,2000,1.920005626809622,9.24417665984539,10.37987325981874
438,2023-03-25 12:00:00,0.1838868697433824,0.07066152655744992,0.07061723682970326,0.20957206892762031,0.2847657331579133,0.081,False,False,2000,1.8758561004613827,9.802823878556243,11.172075985789863
439,2023-03-25 18:00:00,0.1566004226613454,0.07236923945056681,0.06950501578299022,0.20331868135786066,0.2624983121820894,0.1305,False,False,2000,1.8014414363441025,8.693062094716488,11.286444136118101
440,2023-03-26 00:00:00,0.17648023087802778,0.07400411034150182,0.07405311126002505,0.2183145636526046,0.30620738406684034,0.1015,False,False,2000,1.7380407239809215,10.153975591193626,12.560957901640112
441,2023-03-26 06:00:00,0.17684577177320046,0.07451085696129164,0.0734819712765437,0.2137969220428494,0.2946112851458019,0.1045,False,False,2000,1.7100773180172868,10.341390410244173,12.5021786904192
442,2023-03-26 12:00:00,0.19186660650642884,0.07171392831240546,0.06968582936184456,0.20730649715790891,0.26482554460340396,0.07,False,False,2000,1.730275232073472,11.08879113275556,11.981128395942163
443,2023-03-26 18:00:00,0.17729206828257135,0.07615343390214814,0.0709825787209,0.20966305840956526,0.2859086878692007,0.092,False,False,2000,1.73818158403725,10.199858858864305,12.062206868087038
444,2023-03-27 00:00:00,0.18623041098559587,0.07689473327208128,0.07207516898770412,0.2118153701285142,0.273340659218539,0.0905,False,False,2000,1.7560378272468085,10.605148026769783,12.062118870218612
445,2023-03-27 06:00:00,0.1858961041348283,0.07663705758937987,0.0742438694444951,0.2153864783313281,0.3096174411510085,0.087,False,False,2000,1.7573929752701962,10.577947377207826,12.256022492534022
446,2023-03-27 12:00:00,0.19943521453575774,0.07533726182894772,0.07156521927100286,0.21380823390199372,0.27229454163394706,0.0695,False,False,2000,1.7908316813713978,11.136457803953558,11.939046875598152
447,2023-03-27 18:00:00,0.20439332893277,0.07848368881219148,0.07362957063423463,0.22286851658953571,0.28267876501423717,0.0725,False,False,2000,1.727331704448166,11.832893960460707,12.902473567503698
448,2023-03-28 00:00:00,0.21961879514022078,0.0789605691799089,0.07285609024433921,0.21577824684119684,0.2903633066881228,0.044,True,False,2000,1.7360776035068626,12.650286755418803,12.429066903767811
449,2023-03-28 06:00:00,0.22342574484291283,0.07957872340406931,0.07384720329938477,0.21607102548961835,0.28786542629095224,0.044,True,False,2000,1.70698122979922,13.088939757655849,12.658078584439576
450,2023-03-28 12:00:00,0.2083233378820228,0.07617211144451773,0.07055283529415496,0.21057949208214763,0.265931628094732,0.052,False,False,2000,1.6385835459737725,12.713623201813675,12.85131250094453
451,2023-03-28 18:00:00,0.20718684456533729,0.07697625782612075,0.07214784381762894,0.2137096185062152,0.2865756166477202,0.056,False,False,2000,1.6523890554902656,12.538623629643004,12.933371701787708
452,2023-03-29 00:00:00,0.2321966301167462,0.07390608045617032,0.07137069900599767,0.2057998695941371,0.26827754086437655,0.0275,True,False,2000,1.65658479310966,14.016585874899773,12.423141299505692
453,2023-03-29 06:00:00,0.24509468251672914,0.0693923243160911,0.0669573082421669,0.19756965901991252,0.2700556217099211,0.015,True,False,2000,1.6500646532645484,14.853641160776629,11.97344956326611
454,2023-03-29 12:00:00,0.23422504689019322,0.06991533790213167,0.06828957634947695,0.2024921089618585,0.26697114320563015,0.0225,True,False,2000,1.6768886147136708,13.967835718783697,12.075465668089953
455,2023-03-29 18:00:00,0.2262793998176889,0.0675745437601586,0.06724157068871488,0.19569039553415477,0.2713814658008167,0.0285,True,False,2000,1.6723245491279504,13.530830479985745,11.701699627395854
456,2023-03-30 00:00:00,0.26011571308089754,0.06849821424353815,0.0696021984798971,0.205800478703214,0.26214947381073367,0.0105,True,False,2000,1.7122940466240444,15.191065669692724,12.018991662616
457,2023-03-30 06:00:00,0.269854414674296,0.06792116448120898,0.06862465070228631,0.19904524258991982,0.26382880615062165,0.0095,True,True,2000,1.734243314900718,15.560354902665122,11.477353891447164
458,2023-03-30 12:00:00,0.25695518918472465,0.0677618465311904,0.07019375971484935,0.20406545200633935,0.26935035166423027,0.015,True,False,2000,1.7405038529887211,14.76326459970151,11.724504467825602
459,2023-03-30 18:00:00,0.23638062098517396,0.0663253390330793,0.06761377696834124,0.1969193397001469,0.26570976546768005,0.023,True,False,2000,1.680158777876806,14.068945393594584,11.720281576541906
460,2023-03-31 00:00:00,0.2383521253938298,0.06785776151460046,0.06832903897854119,0.20075334120142438,0.27411266847605487,0.024,True,False,2000,1.688242105476675,14.118361615352029,11.89126491693214
461,2023-03-31 06:00:00,0.24266252697108295,0.06599259677985655,0.06694651770627698,0.19419726907414397,0.2555441102643062,0.016,True,False,2000,1.6573605636768318,14.641504829386035,11.717261369084346
462,2023-03-31 12:00:00,0.2229453019739845,0.06776875059686899,0.07043944703979063,0.2059734066159839,0.27225541227554945,0.0395,True,False,2000,1.6214994416005788,13.749329555976637,12.702650480882557
463,2023-03-31 18:00:00,0.18950338359578267,0.06735071181875392,0.06739937975082351,0.19398077179018897,0.26214299159809945,0.054,False,False,2000,1.6395194885048856,11.55847093764009,11.83156242729901
464,2023-04-01 00:00:00,0.18529371150508409,0.07232807339538419,0.07080699954501234,0.2093532976913738,0.27951678748737363,0.076,False,False,2000,1.6235480932788247,11.412887137262164,12.894801118492024
465,2023-04-01 06:00:00,0.16390087005593765,0.07111730836747467,0.07039886232395798,0.20633589814281733,0.2704092831480538,0.1095,False,False,2000,1.5962053253244926,10.268157075758298,12.926651406884094
466,2023-04-01 12:00:00,0.15607645653217758,0.07469804127502473,0.07350545462614398,0.21330176712903834,0.2921098631327711,0.1455,False,False,2000,1.604823131599178,9.725461545201565,13.291294406785306
467,2023-04-01 18:00:00,0.1618165465311739,0.07063132717525256,0.0697834774467765,0.19823823841226543,0.26825778785840065,0.12,False,False,2000,1.580982588635898,10.23518840082814,12.538926098060902
468,2023-04-02 00:00:00,0.1793565635519719,0.07242811588664165,0.06966013432593966,0.20549097990529913,0.2643833309070097,0.0835,False,False,2000,1.56252785932024,11.478615404015832,13.151188228713927
469,2023-04-02 06:00:00,0.17190096526708418,0.07279526773971481,0.07202183192103602,0.20988333730330508,0.2805335577129308,0.1125,False,False,2000,1.5235340610851549,11.283040508109528,13.77608434653658
470,2023-04-02 12:00:00,0.17899488643678274,0.07167764580739992,0.0704129830174898,0.20311084103906374,0.2698988036330196,0.0855,False,False,2000,1.51277822188493,11.832196143976354,13.42634618219097
471,2023-04-02 18:00:00,0.21802022298787346,0.0656395198197705,0.06809161766732215,0.19860918827964788,0.2629780061087098,0.0305,True,False,2000,1.5085292025572739,14.452502650812685,13.165750317790573
472,2023-04-03 00:00:00,0.2410911787118955,0.06933256988767433,0.0693757084467702,0.20053877861840758,0.2634454747011909,0.019,True,False,2000,1.4920930006611797,16.1579190174515,13.440099144593828
473,2023-04-03 06:00:00,0.22935632034786763,0.06875087389843708,0.06842857397049958,0.1986897474773739,0.26203609632685276,0.0255,True,False,2000,1.4748730980202722,15.550918967586668,13.471650391079471
474,2023-04-03 12:00:00,0.22750562570398322,0.07139636764077309,0.07168159448862127,0.2105084807153886,0.27992537705250475,0.038,True,False,2000,1.490869647919905,15.259927386770816,14.119844817358432
475,2023-04-03 18:00:00,0.24275533108559125,0.06364661491833871,0.06642470614186499,0.19184305631210932,0.25736447315432626,0.0155,True,False,2000,1.513541379766231,16.038896215912196,12.67511142257239
476,2023-04-04 00:00:00,0.2664523348815455,0.06423770117672939,0.06662286037813779,0.19382179158963,0.2639509475401956,0.0095,True,True,2000,1.5059752308473673,17.693009116200454,12.870184556791964
477,2023-04-04 06:00:00,0.28485625035667583,0.06753750612048975,0.07011554201198877,0.20052971512572018,0.27801302291891455,0.009,True,True,2000,1.5473356120681523,18.40946774151601,12.959678143624853
478,2023-04-04 12:00:00,0.280737610673186,0.0666975495885329,0.06876250104484469,0.20247003387041376,0.26644469820068106,0.008,True,True,2000,1.573256684372416,17.844361537556367,12.869485054893035
479,2023-04-04 18:00:00,0.3008113914212036,0.06200142844567169,0.06677750157980619,0.18893723496683054,0.25535985654723775,0.0025,True,True,2000,1.5785948014475322,19.055643103940735,11.968697400598291
480,2023-04-05 00:00:00,0.3073219041056071,0.058435502600797294,0.06634569777158358,0.19261135873869964,0.2620734714797801,0.0035,True,True,2000,1.5803631047351545,19.44628441304378,12.187791410821278
481,2023-04-05 06:00:00,0.3131609822116742,0.06072734613989905,0.06798150035640152,0.19160703450121702,0.2673212025431241,0.0045,True,True,2000,1.5805172642167964,19.81382863077151,12.123058623859148
482,2023-04-05 12:00:00,0.31535966627174733,0.05698261959211003,0.06608386503871003,0.18599556387265787,0.2575833773198121,0.0055,True,True,2000,1.5450688360600762,20.410719503987547,12.038011480895982
483,2023-04-05 18:00:00,0.3210716084789251,0.05969036844850706,0.06610418881852904,0.19237133269646423,0.26447451288386276,0.0025,True,True,2000,1.5681154529861023,20.47499805371605,12.26767661336025
484,2023-04-06 00:00:00,0.31166362870808995,0.060351668829316335,0.06707225074618357,0.18818673844042438,0.2605653938171712,0.005,True,True,2000,1.5785690148247988,19.74342748281301,11.92135007548661
485,2023-04-06 06:00:00,0.2947972370290435,0.0571966777261794,0.0664388005365219,0.19217828029403186,0.2716849210861061,0.006,True,True,2000,1.556645925185405,18.93797634127565,12.34566430199227
486,2023-04-06 12:00:00,0.2787771495660141,0.059125310807486745,0.06712409032135286,0.19241681775985048,0.2521401487850554,0.005,True,True,2000,1.5155094866048324,18.394945860124793,12.696510279913738
487,2023-04-06 18:00:00,0.2978282139282026,0.06108665043596886,0.06791059864166457,0.19868135861819977,0.27356676160425586,0.0055,True,True,2000,1.5205388992819446,19.587017081170906,13.06650942715274
488,2023-04-07 00:00:00,0.33287099380754975,0.06131342698479127,0.06737759448582223,0.1940888023144365,0.2543410185353956,0.0,True,True,2000,1.5256725949486076,21.81798341988063,12.721523802488857
489,2023-04-07 06:00:00,0.33802093902298924,0.06223832898829118,0.06898401988250656,0.19952932779314336,0.2636477999604764,0.0005,True,True,2000,1.5397430425292211,21.953074616122144,12.958612072400822
490,2023-04-07 12:00:00,0.3244467382363786,0.06093886928176473,0.0675828175507657,0.19479406860119064,0.2708022324044929,0.0025,True,True,2000,1.4794274992483216,21.93056019313051,13.166854658316346
491,2023-04-07 18:00:00,0.3075784597880429,0.056250217959045404,0.0658964683061689,0.1863042302687582,0.25880598586896114,0.0025,True,True,2000,1.4702183112300895,20.92059780772971,12.671875247757104
492,2023-04-08 00:00:00,0.31613625483829827,0.05750553493872133,0.06756749427309006,0.1831517301765246,0.27362145348339806,0.0055,True,True,2000,1.4393701273396824,21.963513680987496,12.724435966656818
493,2023-04-08 06:00:00,0.3071179447550075,0.05709688890675361,0.06577901917024148,0.18836375529218102,0.2645193287591502,0.0045,True,True,2000,1.3935959862246619,22.037803480405326,13.51638187495575
494,2023-04-08 12:00:00,0.27884741869131996,0.06083786284568372,0.06875315749845065,0.19568264823186726,0.2705769174268907,0.009,True,True,2000,1.3161353793963524,21.186834048881337,14.867972648954808
495,2023-04-08 18:00:00,0.27761298535402457,0.05935936942645958,0.06776461098921753,0.18974474540174502,0.2771862648587404,0.01,True,True,2000,1.31717463204986,21.076399332257704,14.40543575504895
496,2023-04-09 00:00:00,0.2852795564278129,0.05746320621795861,0.06604464186863118,0.18747164236697342,0.2643148753458757,0.0045,True,True,2000,1.3148698258297737,21.696410612189823,14.257810064860669
497,2023-04-09 06:00:00,0.29731514893272143,0.05522891813079749,0.06549033799728594,0.18140227660881914,0.27086586322179657,0.007,True,True,2000,1.3088525131103763,22.71571059035348,13.859642304367211
498,2023-04-09 12:00:00,0.2836902680916049,0.05478391949984966,0.0660355568653784,0.19089099668033674,0.26028586005596605,0.0055,True,True,2000,1.3001943485854002,21.819066388056324,14.681727919216419
499,2023-04-09 18:00:00,0.29664193046971143,0.05439424543925792,0.064688219092637,0.18264609646011679,0.2547415894095809,0.004,True,True,2000,1.3206016904414086,22.46263446554876,13.830521176984686
500,2023-04-10 00:00:00,0.3107748210704064,0.054986175628410267,0.06415126538434907,0.18288263924244685,0.26333605267805654,0.0015,True,True,2000,1.3178461014221934,23.582026818990805,13.877389707727142
501,2023-04-10 06:00:00,0.3018744896788509,0.061583069681615955,0.06914555308346965,0.203922478801531,0.26347386007107926,0.003,True,True,2000,1.3086515431274284,23.06759895437316,15.582641526880032
502,2023-04-10 12:00:00,0.30078185553994574,0.05974419368750156,0.0681893494720734,0.19473474693163664,0.26809660497331866,0.004,True,True,2000,1.3313250828848655,22.59266796717881,14.627137236058335
503,2023-04-10 18:00:00,0.30902456249465826,0.05631619431963255,0.06694846193476837,0.18826189362647502,0.2683409654404392,0.0045,True,True,2000,1.3512855599871847,22.868931012449284,13.932058419114643
504,2023-04-11 00:00:00,0.29621266754155834,0.058954578519431464,0.06932025406229594,0.19568662768024145,0.27823433580166634,0.0075,True,True,2000,1.348207317612515,21.970854457763156,14.514579851619175
505,2023-04-11 06:00:00,0.28987953627478436,0.062479850942036834,0.06965667939471268,0.19985856588866852,0.2674401033741359,0.007,True,True,2000,1.324133407377276,21.892018935535475,15.093537008822272
506,2023-04-11 12:00:00,0.2857294407762686,0.06818595285782277,0.07371340770831493,0.21900390766276173,0.2794564929494095,0.008,True,True,2000,1.3414584529424447,21.299909821994902,16.325806228466032
507,2023-04-11 18:00:00,0.30635024403366573,0.06084065539428688,0.0685680448402697,0.1947554375307327,0.27139300658942384,0.0055,True,True,2000,1.3653614400456244,22.43730012057678,14.264020633556552
508,2023-04-12 00:00:00,0.33636287528816683,0.0666268042203642,0.07143700975431848,0.2035080981318076,0.27550779576951673,0.002,True,True,2000,1.377781739985264,24.41336428887237,14.770706580418477
509,2023-04-12 06:00:00,0.3457521768597706,0.0741464078413564,0.07427542275227296,0.21706963023818052,0.2971426106320657,0.0015,True,True,2000,1.3791739580452667,25.06951170610941,15.739104481485283
510,2023-04-12 12:00:00,0.3391251663063985,0.072428379098614,0.07371111050020315,0.21535209958024334,0.2808756311835753,0.0025,True,True,2000,1.3792863833471147,24.58700168441041,15.613298454933508
511,2023-04-12 18:00:00,0.35372180915017737,0.06868309219174981,0.07197747170767294,0.20729465927890128,0.2688423458072141,0.0005,True,True,2000,1.4236398543951305,24.846298595684164,14.560891832223655
512,2023-04-13 00:00:00,0.3946279464697417,0.07900323041810295,0.07846177526583888,0.2335889789425778,0.31693352474367426,0.0005,True,True,2000,1.3862176862968867,28.46796360851106,16.850815081329873
513,2023-04-13 06:00:00,0.3923939707578135,0.08120930084532807,0.08031123034779301,0.2443547447076562,0.3179589817279191,0.0005,True,True,2000,1.3891297760192647,28.247466689704858,17.59049074650801
514,2023-04-13 12:00:00,0.3875076443212714,0.08057429080540132,0.0800861128509153,0.23838881685336447,0.3093418129418561,0.001,True,True,2000,1.3985022872729491,27.70876013917027,17.046008363577137
515,2023-04-13 18:00:00,0.3891864813774777,0.07748948472823892,0.07908792502127907,0.23011346551761075,0.31420367485127176,0.0025,True,True,2000,1.4589361159893803,26.67604682015498,15.772689632921924
516,2023-04-14 00:00:00,0.4016811119047486,0.08319337617796117,0.08023178357757323,0.2417938058583405,0.3157620024324733,0.001,True,True,2000,1.4936423834609496,26.89272320821568,16.188199299625865
517,2023-04-14 06:00:00,0.41744165380237247,0.08105268996637574,0.08035433927744412,0.23796071487485426,0.30523518566277613,0.0,True,True,2000,1.4945983374905922,27.93002262422228,15.921382280833168
518,2023-04-14 12:00:00,0.4185454044793233,0.08098063368489869,0.07989228517281267,0.24035261772019345,0.31128022955568296,0.0005,True,True,2000,1.5191593931589484,27.551118491193847,15.821421952333974
519,2023-04-14 18:00:00,0.4118933504082889,0.07857976854503888,0.0799168373219717,0.2303852883414262,0.30171728222066974,0.001,True,True,2000,1.4857741190561908,27.722474441130807,15.506077632296755
520,2023-04-15 00:00:00,0.4278506383122066,0.08066396199421097,0.07893620121321636,0.23406500547051526,0.311532947017834,0.0005,True,True,2000,1.4980344056616808,28.56080185442906,15.624808387970829
521,2023-04-15 06:00:00,0.4293978800295219,0.08024767151327285,0.07899392303234054,0.2322799244583916,0.2976559567956249,0.001,True,True,2000,1.4941142806716938,28.739292943273508,15.546329184001099
522,2023-04-15 12:00:00,0.4341231899317797,0.08155421286600871,0.08076494293222103,0.24389904946471372,0.3208013236713168,0.0005,True,True,2000,1.5066163801253705,28.814447769090023,16.188530317479895
523,2023-04-15 18:00:00,0.4512973366285576,0.08252604278584225,0.07973120475099386,0.23830532062818074,0.29844837792405043,0.0,True,True,2000,1.4856237953393157,30.377632483025863,16.040758190316406
524,2023-04-16 00:00:00,0.4467641415502167,0.09009468011556837,0.08428960991782401,0.2501230316867271,0.3350591148686111,0.0005,True,True,2000,1.509418278805294,29.59843191403717,16.570823024927176
525,2023-04-16 06:00:00,0.4567672105397106,0.09566550494685121,0.08512832250476637,0.2541622223424556,0.3303783793637634,0.0,True,True,2000,1.5069200954045547,30.311309267999693,16.866337048496394
526,2023-04-16 12:00:00,0.48372128321648244,0.09672180624943656,0.08619686893189638,0.25901973583416504,0.3280718030955006,0.0,True,True,2000,1.5300040979103022,31.615685466277814,16.92934915585764
527,2023-04-16 18:00:00,0.49066806832272897,0.09145735802463625,0.08405914919716911,0.24904932481973546,0.32599105871872847,0.0,True,True,2000,1.518013641638347,32.323034185197805,16.406263948388762
528,2023-04-17 00:00:00,0.5218463647268945,0.10077996801173465,0.08738054563527976,0.2623452328996026,0.3407352615163648,0.0,True,True,2000,1.4874746101245178,35.082707373621005,17.63695535466259
529,2023-04-17 06:00:00,0.5121420512681253,0.10363658558476864,0.08712381567735702,0.2669879660280817,0.32977218052613533,0.0005,True,True,2000,1.477170774074965,34.670470080809665,18.074278933339656
530,2023-04-17 12:00:00,0.501981320687653,0.10829900421660454,0.08901281395317255,0.26741257941244717,0.3505822515027881,0.0,True,True,2000,1.4907884351009708,33.672203839819424,17.93766124797818
531,2023-04-17 18:00:00,0.49966887344189886,0.10065442424506922,0.08847969773888878,0.26812574607797446,0.33525010928237153,0.0,True,True,2000,1.5183593969560187,32.908471765224135,17.658911758013843
532,2023-04-18 00:00:00,0.4977008408417654,0.09856212356153127,0.08672814177962732,0.2583286812579164,0.3326307128767622,0.0,True,True,2000,1.5133451022931488,32.88746499972854,17.07004442453178
533,2023-04-18 06:00:00,0.5239633396796042,0.10267183114363525,0.08927850537331422,0.26783976074831095,0.3374908081175395,0.0,True,True,2000,1.5126226115453434,34.639396216899506,17.706978508980328
534,2023-04-18 12:00:00,0.5351225298463606,0.10481790709680787,0.09140951320105194,0.2723932217901525,0.3449675214043033,0.0,True,True,2000,1.5302449341712525,34.969730524621625,17.800628886752353
535,2023-04-18 18:00:00,0.5438296412875154,0.10682419169429641,0.09360944795484127,0.27989350845377303,0.35105813418049836,0.0,True,True,2000,1.529713359548953,35.551081376962514,18.297121268281376
536,2023-04-19 00:00:00,0.5652083637256042,0.10470409410317981,0.09259770438399675,0.2766616891968027,0.3565086793156384,0.0,True,True,2000,1.5510997543363472,36.43920142115128,17.83648591416192
537,2023-04-19 06:00:00,0.5825758830937913,0.1107821399053534,0.09411942521530985,0.28384679013050973,0.3544868371248719,0.0,True,True,2000,1.5598546425853863,37.348087904408764,18.19700261686223
538,2023-04-19 12:00:00,0.5818019999495994,0.10793629963169955,0.09302352108012348,0.2767263130897714,0.3564555901121375,0.0,True,True,2000,1.5581335073303497,37.339675785962534,17.76011566325304
539,2023-04-19 18:00:00,0.5709413313551153,0.10528470463537792,0.09042118920236517,0.2781211878444497,0.3381292587547308,0.0,True,True,2000,1.6018707167431339,35.64216046822635,17.362274304502908
540,2023-04-20 00:00:00,0.5875816238077685,0.11114606269738775,0.09573700422817578,0.2889632211990558,0.3673572325277143,0.0,True,True,2000,1.5863923187990896,37.038859608988275,18.21511726795318
541,2023-04-20 06:00:00,0.5742847588728937,0.12168382137678779,0.10040644542158646,0.30224501126530295,0.3632013347282216,0.0,True,True,2000,1.6005211010829385,35.88111137580899,18.88416285550994
542,2023-04-20 12:00:00,0.5548051811492348,0.12287009125871685,0.09782180409191613,0.3043691343177781,0.3685870726592285,0.0,True,True,2000,1.6306150130855,34.02429001922504,18.665910216406107
543,2023-04-20 18:00:00,0.5472201186797858,0.10908777327547316,0.09305327540855357,0.27775741604945886,0.3476453374689194,0.0,True,True,2000,1.6234997639236202,33.706202540940474,17.10855906613648
544,2023-04-21 00:00:00,0.5990848187764322,0.11693882590255425,0.09802370287714463,0.2976453638299391,0.366890958096539,0.0,True,True,2000,1.6222320985665077,36.929661255366355,18.347890175083744
545,2023-04-21 06:00:00,0.5918176708665522,0.13315472946811513,0.1025784727251485,0.3163517886443222,0.3757673623413589,0.0,True,True,2000,1.6049968670122914,36.87344710947775,19.710430290945826
546,2023-04-21 12:00:00,0.5812932822719261,0.13336427023615496,0.10369932356194321,0.3218444732781402,0.38762861056799874,0.0,True,True,2000,1.6229551279086785,35.816965748213505,19.830768438611443
547,2023-04-21 18:00:00,0.5961661491868285,0.12228336222577146,0.10018673782112189,0.30082521773676574,0.3664339925764244,0.0,True,True,2000,1.593432643631289,37.41395355301746,18.879067084455624
548,2023-04-22 00:00:00,0.6312380673481838,0.13494362538609217,0.10308584969093583,0.317504764883655,0.3789764887915662,0.0,True,True,2000,1.6012232351712334,39.42224004017027,19.82888818433248
549,2023-04-22 06:00:00,0.6341025191414613,0.1425821755084749,0.10948770732263342,0.33496048376391285,0.4109933275871408,0.0,True,True,2000,1.6358197908436165,38.763592584635816,20.476612744192852
550,2023-04-22 12:00:00,0.6420903447549514,0.14601508885763853,0.1075561326443464,0.33332730922589066,0.4042000290354657,0.0,True,True,2000,1.6065193266677622,39.96779460392633,20.748415763990664
551,2023-04-22 18:00:00,0.6482370603360716,0.14313652768379886,0.10861105543031618,0.3328730027075074,0.39185320505517784,0.0,True,True,2000,1.6635266890397638,38.96763812730008,20.01007888245252
552,2023-04-23 00:00:00,0.6532388258073988,0.14127445359561994,0.10276558544615833,0.31641062315722385,0.38105097355301226,0.0,True,True,2000,1.646475426480837,39.67498180058636,19.217451901697512
553,2023-04-23 06:00:00,0.6386222311832799,0.14358809949309898,0.10808071885089951,0.3332996945137393,0.4172027476464336,0.0,True,True,2000,1.633728411378942,39.08986504337359,20.40116901881011
554,2023-04-23 12:00:00,0.642367137463977,0.13933117996542974,0.10604187799212993,0.3264504951742953,0.3928635853900153,0.0,True,True,2000,1.6835784369464977,38.154868425912895,19.390275380716908
555,2023-04-23 18:00:00,0.6310143538893176,0.1399422422005038,0.10055883971457212,0.32103266326508506,0.3776582681840402,0.0,True,True,2000,1.6683514915894728,37.82262653106374,19.24250764203355
556,2023-04-24 00:00:00,0.6074851536691891,0.14542462221899813,0.1021082238114765,0.32185152376841714,0.3841948800256765,0.0,True,True,2000,1.7014971825043523,35.70297734934011,18.91578352746369
557,2023-04-24 06:00:00,0.6367193228877234,0.14016979686431386,0.10269314177887699,0.3186191494350135,0.3839051752756098,0.0,True,True,2000,1.6956799052869782,37.54949981435114,18.790052794845742
558,2023-04-24 12:00:00,0.6460270467872378,0.136727492688724,0.10114410510087513,0.3148235283434723,0.38509964887876247,0.0,True,True,2000,1.6590250982097614,38.940161151531676,18.976417456444477
559,2023-04-24 18:00:00,0.6325226234801252,0.12973377405794134,0.09707685531492044,0.29831792095041615,0.3651694992883412,0.0,True,True,2000,1.6398224424441086,38.57262878640497,18.192086730181703
560,2023-04-25 00:00:00,0.6367720246676698,0.13007939694078716,0.09920764345826034,0.30465676618064513,0.36473029870935664,0.0,True,True,2000,1.682405462046164,37.8489037888179,18.108403298341504
561,2023-04-25 06:00:00,0.6240115303904519,0.13031466035990405,0.09919903045556648,0.30667485298936,0.3660489476734111,0.0,True,True,2000,1.649236481885845,37.83638897418254,18.59495932558367
562,2023-04-25 12:00:00,0.6328526635342969,0.1343794008409218,0.10061210700934253,0.30862816994230036,0.37653724554972823,0.0,True,True,2000,1.6988437752849839,37.251963526083195,18.166954162134623
563,2023-04-25 18:00:00,0.5928435050750488,0.12675409430269355,0.0983557385685732,0.30321423874908254,0.36692164812833444,0.0,True,True,2000,1.671588294952249,35.465880376482545,18.139289421008076
564,2023-04-26 00:00:00,0.6157126736921481,0.12971061645739995,0.09780431488225703,0.2995186195602248,0.3641087364621758,0.0,True,True,2000,1.6992175430482488,36.23507044234095,17.6268554185778
565,2023-04-26 06:00:00,0.6023571539095992,0.12489602667599976,0.09587102553994639,0.29632454165649164,0.36477420852884457,0.0,True,True,2000,1.7386407025555486,34.6452923265987,17.043460516076596
566,2023-04-26 12:00:00,0.5995768310870694,0.12453680315837017,0.09448242748818378,0.2890357237697438,0.3589867498188536,0.0,True,True,2000,1.7150513175527466,34.959702077172935,16.852890686803278
567,2023-04-26 18:00:00,0.5993828869968918,0.12072482067362357,0.09220397333037623,0.2790391135553722,0.3346833171399194,0.0,True,True,2000,1.7185387139876374,34.877473641900366,16.236998985486895
568,2023-04-27 00:00:00,0.5739761553238468,0.11224141262961691,0.08855106466465879,0.2695578370271817,0.32302576328441246,0.0,True,True,2000,1.7135039338902742,33.4972184172763,15.731381276446085
569,2023-04-27 06:00:00,0.5462006753332831,0.10760151974730647,0.08829923701885915,0.26351799011914484,0.3257257421512056,0.0,True,True,2000,1.7488970495964005,31.231150824991776,15.067667372413823
570,2023-04-27 12:00:00,0.5302776648884413,0.10620517369060431,0.08484234711623587,0.2566599873800547,0.3236703494210412,0.0,True,True,2000,1.7669425605991693,30.011030166630004,14.525655394990396
571,2023-04-27 18:00:00,0.4959501361020946,0.10150723956839512,0.08420788001807018,0.2556742382475649,0.3163934454047073,0.0,True,True,2000,1.7883216717349242,27.73271408274961,14.29688194739176
572,2023-04-28 00:00:00,0.5011886545702305,0.10400452707670667,0.08672640540170745,0.2626874494406613,0.3244356387803852,0.0,True,True,2000,1.8129565333098911,27.6448246475726,14.48945104939037
573,2023-04-28 06:00:00,0.49808746643187024,0.10017749505977898,0.08508838650598086,0.254053627695072,0.31565262843526415,0.0,True,True,2000,1.8251925221204601,27.289585092821085,13.919278356450818
574,2023-04-28 12:00:00,0.47396848760609345,0.09654720620656632,0.08514700188831362,0.25449134128931994,0.3134869512328084,0.0,True,True,2000,1.8164028751610957,26.093797476733098,14.01073213269106
575,2023-04-28 18:00:00,0.489780600224411,0.09720618780681929,0.08507159741010636,0.2550642281031603,0.3164613856280193,0.0,True,True,2000,1.8522201728143126,26.44289309732683,13.770729411482922
576,2023-04-29 00:00:00,0.4904720922046035,0.09940894093316925,0.08432274809681525,0.2516690496715165,0.3229828884303523,0.0,True,True,2000,1.847076028438048,26.553974208596266,13.625267492878276
577,2023-04-29 06:00:00,0.49084414868083703,0.09494401983635656,0.08320009853995776,0.24529129279698222,0.3065183068605268,0.0,True,True,2000,1.835559712412489,26.740843425666448,13.363296826481017
578,2023-04-29 12:00:00,0.48610959644787854,0.09577355355109227,0.08287438674617313,0.2439391715162436,0.3249802362774195,0.0,True,True,2000,1.8690564724047223,26.008288332906893,13.051460729936759
579,2023-04-29 18:00:00,0.4863816925935014,0.09497008019652305,0.0828583680361051,0.24499179346069525,0.31463623105875077,0.0,True,True,2000,1.8615991785653623,26.1270899876702,13.16028693402721
580,2023-04-30 00:00:00,0.49821266666496467,0.10099621474932141,0.08687369422567391,0.25831174324837974,0.3372873017575219,0.0,True,True,2000,1.861231354800608,26.76790638519722,13.878540278301536
581,2023-04-30 06:00:00,0.4828316449828695,0.10944064523158437,0.09214367970593214,0.2727762648382453,0.3327780029546303,0.0,True,True,2000,1.8664322867531098,25.869229138915884,14.614849237995845
582,2023-04-30 12:00:00,0.4934343205857061,0.10545935706567704,0.08858697461241304,0.26906900162598596,0.335437926175698,0.0,True,True,2000,1.907712010527667,25.86524160159917,14.104277801949905
583,2023-04-30 18:00:00,0.5050364861846887,0.10065178722744494,0.0841073951720351,0.2578972438190514,0.3207892403015195,0.0,True,True,2000,1.9250576775621315,26.23487556093698,13.396858017555566
584,2023-05-01 00:00:00,0.5577620974522116,0.11094887066437205,0.09034985904651867,0.2792870278740899,0.33720404817601635,0.0,True,True,2000,1.8992042774199274,29.368199307655967,14.705475929819507
585,2023-05-01 06:00:00,0.559721120183801,0.12102881816539043,0.0918437504831402,0.2794562422055346,0.3438807716768044,0.0,True,True,2000,1.8934854804705292,29.56035976809872,14.758826782030038
586,2023-05-01 12:00:00,0.5522985885403616,0.12006581535348669,0.09109807794025362,0.27694734568449364,0.3419053988440463,0.0,True,True,2000,1.9182729081355017,28.791450173644883,14.437327687314177
587,2023-05-01 18:00:00,0.5730322778491944,0.1216627041631498,0.09464997358937455,0.28979198004552265,0.3640325762409064,0.0,True,True,2000,1.9231808573978066,29.796068094424864,15.068368579626501
588,2023-05-02 00:00:00,0.5950201921685104,0.1254054791222262,0.09514719396930726,0.29372921257802603,0.3518358401568124,0.0,True,True,2000,1.8950236850378455,31.39908998850467,15.500028569413896
589,2023-05-02 06:00:00,0.5876645033811538,0.12617388059974866,0.09615900522942242,0.2912039248376545,0.359813195631388,0.0,True,True,2000,1.8947448571311525,31.015495367061774,15.369031019752633
590,2023-05-02 12:00:00,0.6034568288246043,0.133245526491676,0.09766906784550934,0.30010819610803974,0.3708065810984858,0.0,True,True,2000,1.8745334729954928,32.192374130310085,16.00975391644881
591,2023-05-02 18:00:00,0.5941402306755809,0.12687992624674863,0.09644266432836754,0.29844566791609434,0.35867439728939315,0.0,True,True,2000,1.9430370765059695,30.57791525748868,15.359751572665239
592,2023-05-03 00:00:00,0.6095971790546506,0.12265889566802489,0.09727228217568307,0.296918165854977,0.36354840895722973,0.0,True,True,2000,1.9367794551234423,31.474785497236567,15.330509886891209
593,2023-05-03 06:00:00,0.5925627695511061,0.12706910820560854,0.09927089573990494,0.30493117704684897,0.3828218158927239,0.0,True,True,2000,1.9044773513784845,31.11419356718534,16.01127872831546
594,2023-05-03 12:00:00,0.5895972749080723,0.1289935368297708,0.09741914416321393,0.2997686582450645,0.3571261347863005,0.0,True,True,2000,1.9327865069272945,30.505038854260334,15.50966219862693
595,2023-05-03 18:00:00,0.5836868191745115,0.12363172049990474,0.09442518763068602,0.2896071652340581,0.3524239413381285,0.0,True,True,2000,1.9511715875328495,29.914684228902278,14.842731776360615
596,2023-05-04 00:00:00,0.5724453555787684,0.13017352109861713,0.09846606238082085,0.2972316865686,0.38524345782325,0.0,True,True,2000,1.959266883652412,29.217324110109562,15.170556346795836
597,2023-05-04 06:00:00,0.586892481611566,0.13238778251053668,0.10013575198394906,0.30835748786696004,0.36695762235550033,0.0,True,True,2000,1.931646913205844,30.383010352421714,15.963449932741423
598,2023-05-04 12:00:00,0.6005356155743713,0.13929772683483338,0.10226726435358928,0.31750457038255053,0.38188086187259335,0.0,True,True,2000,1.8859469693344568,31.842656518931594,16.835286227300266
599,2023-05-04 18:00:00,0.5968551633262377,0.13990406033935346,0.10276029470500832,0.3199421945884027,0.3857310485910032,0.0,True,True,2000,1.901848632656319,31.38289520405248,16.82269498711568
600,2023-05-05 00:00:00,0.6111497849677477,0.13765012051122677,0.10403000183166995,0.32188839151990395,0.3905700663684504,0.0,True,True,2000,1.9279114890853977,31.700095591923542,16.696222484394653
601,2023-05-05 06:00:00,0.61649933071385,0.15261731414222227,0.11584952524142096,0.35091816041671786,0.43058746118501323,0.0,True,True,2000,1.9324884089731773,31.901838471643167,18.15887530229365
602,2023-05-05 12:00:00,0.6144648678245812,0.14419069084753156,0.10791670229736752,0.3351121083361561,0.39407256404379254,0.0,True,True,2000,1.97272140732167,31.148081302510406,16.987300238766714
603,2023-05-05 18:00:00,0.653235690775359,0.13941725668315855,0.10786436513275068,0.32868470274490696,0.4000071360735955,0.0,True,True,2000,1.9442210019028823,33.59883933647526,16.905727405640146
604,2023-05-06 00:00:00,0.6766759519865477,0.1585437601719326,0.112195809325968,0.3506112325206705,0.4130147436473698,0.0,True,True,2000,1.9260171823933467,35.13343277372442,18.203951435416936
605,2023-05-06 06:00:00,0.7053944375681537,0.18097572590351063,0.12403440847775213,0.38393028536123075,0.44669652584955827,0.0,True,True,2000,1.954815672463347,36.08495918590912,19.64022955051428
606,2023-05-06 12:00:00,0.708566123390113,0.1871659694689466,0.1271688660206573,0.39681360898187745,0.4622634320905211,0.0,True,True,2000,1.9423845567149423,36.47918847689334,20.429199131040683
607,2023-05-06 18:00:00,0.7223179140922772,0.1916891449559806,0.12416842351209492,0.39232637843719137,0.4549065447244882,0.0,True,True,2000,1.9937874417776633,36.2284313240662,19.677442550615762
608,2023-05-07 00:00:00,0.7476586734595264,0.22349016549275888,0.13514577546665008,0.4347081223158313,0.5014580712862479,0.0,True,True,2000,1.9796397549121485,37.7674105404448,21.958950927166168
609,2023-05-07 06:00:00,0.7082531373309837,0.23401500951256457,0.14653536876650272,0.45966223855428967,0.5403313746308919,0.0,True,True,2000,1.999714927638009,35.41770517098388,22.986388319720454
610,2023-05-07 12:00:00,0.7006247059207866,0.23795134902178364,0.14554949235419365,0.462368888228672,0.5306820129180992,0.0,True,True,2000,1.999456821792313,35.04075198246825,23.12472483472809
611,2023-05-07 18:00:00,0.7149480645500929,0.23546944780704357,0.14243730279612313,0.45044918156697183,0.531152990985737,0.0,True,True,2000,2.03378965371576,35.1534910822205,22.148267926527968
612,2023-05-08 00:00:00,0.7127072097804495,0.2596257075910286,0.14850158032596955,0.4803107656908163,0.5437459725627961,0.0,True,True,2000,2.058707350517178,34.61916088274552,23.330696593187717
613,2023-05-08 06:00:00,0.7075247807224535,0.2672463999958299,0.15267675416500223,0.49403412982290296,0.5544763212290592,0.0,True,True,2000,2.0445406358406384,34.605562164899005,24.163575972153502
614,2023-05-08 12:00:00,0.7137432241499394,0.27508858951730997,0.15403045774233948,0.49918405576558217,0.5651699884135344,0.0,True,True,2000,2.085951958444042,34.21666646063778,23.930755152095383
615,2023-05-08 18:00:00,0.737193769708033,0.2756956267335785,0.15437263706830062,0.5110504410266579,0.578982758153366,0.0,True,True,2000,2.1133694947903288,34.882389072298565,24.18178374801232
616,2023-05-09 00:00:00,0.7560715825366228,0.2957517862707376,0.1570960947449244,0.5266011596986993,0.5990806509024637,0.0,True,True,2000,2.139614056982448,35.33682067890925,24.61196952694255
617,2023-05-09 06:00:00,0.7612957027473659,0.2888755691225282,0.15989290451820154,0.5247666177316356,0.593727335874315,0.0,True,True,2000,2.141643734017493,35.547261696942336,24.502983824822717
618,2023-05-09 12:00:00,0.7457764549378136,0.2873002449627501,0.15705030745919185,0.5136809860501541,0.5845574976609126,0.0,True,True,2000,2.134694769281189,34.93597612500532,24.06343958125333
619,2023-05-09 18:00:00,0.7507792913424177,0.29294520901438104,0.15442019154138736,0.5207530354671384,0.5967230963604695,0.0,True,True,2000,2.0610399661116956,36.42720683184123,25.26651806998083
620,2023-05-10 00:00:00,0.7557170435663298,0.29979759114788856,0.15868528872814205,0.5251218618807986,0.5940253762036224,0.0,True,True,2000,2.100680195945892,35.97487352071915,24.99770611891484
621,2023-05-10 06:00:00,0.7482199884797412,0.2912645030728801,0.15913578201861578,0.5250364713553356,0.6029598304281171,0.0,True,True,2000,2.071824370327132,36.114064454295445,25.341746089821054
622,2023-05-10 12:00:00,0.7441125845209183,0.29576580558317234,0.15394045753449417,0.5208760276434604,0.5889558810195422,0.0,True,True,2000,1.999395083700346,37.21688577646019,26.051680925385597
623,2023-05-10 18:00:00,0.7385483149087666,0.2938598429238985,0.15846371209999258,0.5285473790667844,0.6125900186384857,0.0005,True,True,2000,1.9913337613647806,37.088123007696865,26.54238025395297
624,2023-05-11 00:00:00,0.7684426651270686,0.32077772406023963,0.16149227299330887,0.5515366358357915,0.6155055577624351,0.0,True,True,2000,1.994395633721023,38.530101657581085,27.65432427300133
625,2023-05-11 06:00:00,0.7841502394698566,0.3353426371575716,0.1720541517156278,0.5757227807648827,0.6404354194111631,0.0,True,True,2000,2.011009535323361,38.99286530950083,28.628545546518712
626,2023-05-11 12:00:00,0.7851481312127448,0.33440808268113864,0.17083998753655338,0.5832810825239324,0.6522186205854443,0.0005,True,True,2000,1.9618960607118803,40.019863790737794,29.730478296199188
627,2023-05-11 18:00:00,0.8149087750827319,0.33286002144901283,0.16864691116031194,0.5770441802410885,0.6301915700546723,0.0,True,True,2000,1.9469694219096774,41.85524260999599,29.63807103221462
628,2023-05-12 00:00:00,0.8444900472119952,0.3403821425389583,0.17033433265418105,0.5899223012501214,0.6524072260878718,0.0,True,True,2000,1.9433901395544948,43.454478337817804,30.355320285064114
629,2023-05-12 06:00:00,0.8420439073117115,0.34118244565993144,0.1701565734931656,0.5854401069453197,0.6340050331928317,0.0,True,True,2000,1.920755706445052,43.83919852411488,30.479675524632764
630,2023-05-12 12:00:00,0.8401640347762204,0.33491514166424896,0.1709196120136652,0.5864632730156779,0.6450384392645008,0.0,True,True,2000,1.975565214221434,42.52778033993311,29.685847310629114
631,2023-05-12 18:00:00,0.8399971097688179,0.3441999866573657,0.16889237504346974,0.5876519506125029,0.6379221708655355,0.0,True,True,2000,1.9744870746204242,42.542547913629626,29.762258672950452
632,2023-05-13 00:00:00,0.8595977993817583,0.34980444354298684,0.16828592870649772,0.5866421336295432,0.6400014456642608,0.0,True,True,2000,1.957690087459319,43.90877825291235,29.966036881296393
633,2023-05-13 06:00:00,0.887990839930061,0.35374959367494946,0.17272336276948236,0.5999959745419959,0.6517646027891604,0.0,True,True,2000,2.001120101856123,44.374689910236384,29.983006716362226
634,2023-05-13 12:00:00,0.9101537873078939,0.3601696409453234,0.1733739811130422,0.6043761250274743,0.6642406681803669,0.0,True,True,2000,1.9947643657409202,45.627132855355235,30.29812119202307
635,2023-05-13 18:00:00,0.9383833413200333,0.3601493542336648,0.17449754077347734,0.6000394410028265,0.6568462137271076,0.0,True,True,2000,1.9876430021797975,47.21085930878594,30.18849161266779
636,2023-05-14 00:00:00,0.9839622759444904,0.37440481453715424,0.18052934958013214,0.6332992641510844,0.6984503246147042,0.0,True,True,2000,2.009957393426736,48.9543847627015,31.50809396369269
637,2023-05-14 06:00:00,0.9876828889041291,0.39630220570238694,0.18240238450406568,0.6445057971061249,0.7003841493866747,0.0,True,True,2000,2.0309768677268987,48.630927540280624,31.733783252168003
638,2023-05-14 12:00:00,0.9932393908734697,0.4015438451079178,0.18614809484601308,0.657855167552945,0.7162363788755115,0.0,True,True,2000,2.0393537543923985,48.70363411616116,32.258021254823696
639,2023-05-14 18:00:00,0.9930694473796535,0.3916973284256019,0.18859760943054127,0.6429919568814066,0.705148669899356,0.0,True,True,2000,2.0200421592287205,49.16082779969408,31.830620660259374
640,2023-05-15 00:00:00,0.9909260729594797,0.3983040786661432,0.18616705099614514,0.6549904346602379,0.7073644591825284,0.0,True,True,2000,2.009168126018338,49.32021666714592,32.600080908025504
641,2023-05-15 06:00:00,1.0034785837181768,0.3988555425243426,0.18312756048726325,0.6469559636770217,0.7067428735106976,0.0,True,True,2000,2.031562871081299,49.394414418692115,31.845234665697518
642,2023-05-15 12:00:00,0.9904906362070125,0.39559587836226023,0.18403162282095456,0.6468148460345946,0.7056415393173671,0.0,True,True,2000,2.05265741394161,48.25406468120882,31.51109589166904
643,2023-05-15 18:00:00,0.9723544940040139,0.38086892267601297,0.1799567102019426,0.6240981443041336,0.6810177397126395,0.0,True,True,2000,2.0549130476634327,47.31852255790789,30.371024458371753
644,2023-05-16 00:00:00,0.9666737342995176,0.39167484444347306,0.17839741006360496,0.6338067041399276,0.6954599886795224,0.0,True,True,2000,2.0631636419830874,46.85395354148267,30.72013732903515
645,2023-05-16 06:00:00,0.9827084648272116,0.3881879056529382,0.17786202686033256,0.6379896801491146,0.6939253557893332,0.0,True,True,2000,2.0211763676119596,48.62061918863081,31.565265177867968
646,2023-05-16 12:00:00,0.988665775672368,0.3776393121575693,0.1757455998474549,0.6278045598555996,0.6752198150837231,0.0,True,True,2000,2.008828910393141,49.21602683818801,31.252266263568163
647,2023-05-16 18:00:00,0.9419732808115465,0.37511392359284,0.1707108901713364,0.611776195854398,0.6770914764073314,0.0,True,True,2000,1.981240939141511,47.544610158303705,30.87843501353682
648,2023-05-17 00:00:00,0.9566200753455494,0.38221445401228243,0.16852066778563093,0.6210335429943508,0.6734280266169613,0.0,True,True,2000,1.9818255796451465,48.269640132348876,31.3364379475589
