window_idx,timestamp,te_bits,surr_mean,surr_std,surr_p95,surr_p99,p_value,sig95,sig99,n_valid_surrogates,h_target_bits,pct_h,surr_p95_pct
0,2022-12-06 00:00:00,0.4884138297475665,0.0778652510197222,0.07086676584111548,0.2090978770307072,0.27247666392630615,0.0,True,True,2000,1.6501821425089718,29.597570908443583,12.67119984178173
1,2022-12-06 06:00:00,0.5061698829294188,0.07746675118420705,0.06957598914607017,0.20450906999301063,0.2661662735577908,0.0,True,True,2000,1.6370107165021666,30.92037686906302,12.492836359067292
2,2022-12-06 12:00:00,0.5490506633606855,0.07515387173338024,0.07098988630219796,0.2114865816608703,0.27655429971657275,0.0,True,True,2000,1.6347219897343352,33.586791320395335,12.93715891686511
3,2022-12-06 18:00:00,0.5109495379251077,0.06501809728438707,0.06453483512685375,0.1875608109512009,0.2454531066070614,0.0,True,True,2000,1.6457100123129578,31.047361570523307,11.396953870845945
4,2022-12-07 00:00:00,0.5290307524083769,0.06614875102323088,0.06549283483843205,0.19034503406806208,0.2449246025720559,0.0,True,True,2000,1.550648113697324,34.11675077893527,12.275192055933855
5,2022-12-07 06:00:00,0.5337611621669454,0.06550323038890705,0.06739854023577346,0.1961339261982641,0.26585415670063545,0.0,True,True,2000,1.5450389492141208,34.546777117718705,12.694432480037285
6,2022-12-07 12:00:00,0.5577010489515326,0.061711019946550746,0.06393863414331033,0.1905285969411803,0.2391697371628055,0.0,True,True,2000,1.5824048151058558,35.24389231046576,12.040445979585494
7,2022-12-07 18:00:00,0.5355939967367408,0.05846779704947013,0.06037160841291751,0.1745848786623125,0.23149836495269488,0.0,True,True,2000,1.5827030916196576,33.84045937438849,11.03080417209846
8,2022-12-08 00:00:00,0.5618760304368264,0.06008719935676706,0.061965355924958554,0.18329258276870558,0.24578346837327422,0.0,True,True,2000,1.5670737952309173,35.85510983252903,11.696487001857903
9,2022-12-08 06:00:00,0.564565506517774,0.06044390286935124,0.06218146922884362,0.18335525966415797,0.2365308598594088,0.0,True,True,2000,1.541752786727943,36.618419721877046,11.892649797202068
10,2022-12-08 12:00:00,0.5309491794523696,0.06803046905470997,0.06524093083557912,0.1882254590501768,0.26728820167735257,0.0,True,True,2000,1.5613763038256117,34.005202855420734,12.055098991126965
11,2022-12-08 18:00:00,0.5332320677398542,0.061946514356122806,0.06401741935545217,0.1849685904029457,0.24491959373487093,0.0,True,True,2000,1.5650538617174747,34.07116398886685,11.818672502425123
12,2022-12-09 00:00:00,0.5402922137984021,0.06424472192393306,0.06329743413368585,0.18361213820554886,0.24807019905083777,0.0,True,True,2000,1.5009344666877822,35.99705555371135,12.233188209125393
13,2022-12-09 06:00:00,0.5644305332612545,0.06171295487081215,0.062196064316169024,0.17500829240877894,0.23473803821975486,0.0,True,True,2000,1.4880357868738505,37.93124723478875,11.761027117260817
14,2022-12-09 12:00:00,0.5387900644663747,0.05567507759942253,0.06016565123861732,0.17639493177303275,0.23447443793727438,0.0,True,True,2000,1.4909007952213922,36.13855906397627,11.831433207253665
15,2022-12-09 18:00:00,0.558708359216994,0.049259151190753685,0.05793824936861355,0.1640056910951212,0.2263939428369379,0.0,True,True,2000,1.5090410482731007,37.024066366939614,10.868206089079166
16,2022-12-10 00:00:00,0.5764384143919132,0.05353134088826883,0.059967332288928664,0.16962709014602648,0.23313943127063816,0.0,True,True,2000,1.5006688839822824,38.412098801051634,11.303432219897296
17,2022-12-10 06:00:00,0.5631372214916291,0.050613604055651164,0.05750750455371544,0.16359870233774335,0.23127844779828496,0.0,True,True,2000,1.5329275504813518,36.73606240000054,10.67230491658735
18,2022-12-10 12:00:00,0.5545745398686596,0.05533217077241078,0.060225104622087786,0.1677940006570085,0.24295023675454722,0.0,True,True,2000,1.542126116560639,35.961685228800334,10.880692496877934
19,2022-12-10 18:00:00,0.5397478955929013,0.050206576219082096,0.05674796854793115,0.16237674038936958,0.22960169208789294,0.0,True,True,2000,1.5264076613216997,35.360664733924324,10.637835782923766
20,2022-12-11 00:00:00,0.5544742330886842,0.05537074869332508,0.058985378226642744,0.17244132718722768,0.22736103046183892,0.0,True,True,2000,1.5012414237048624,36.93438139485361,11.486582002358132
21,2022-12-11 06:00:00,0.5477000574222023,0.05405614878868834,0.05929830113920638,0.1726321587019716,0.2348338640031811,0.0,True,True,2000,1.480787427120584,36.9870818316721,11.65813239228116
22,2022-12-11 12:00:00,0.5937692296262904,0.05741559013823672,0.060600608808825,0.17749287171765896,0.23567483640808545,0.0,True,True,2000,1.473106355793092,40.30728856007254,12.048883708881986
23,2022-12-11 18:00:00,0.5734708963194249,0.05295984687897153,0.058729054059414,0.16798343425723858,0.2273190025383721,0.0,True,True,2000,1.471995497801655,38.958739831465,11.411952992255253
24,2022-12-12 00:00:00,0.5941756169784664,0.05647342254040555,0.05989055186900279,0.16985926661212086,0.2305267861268105,0.0,True,True,2000,1.4559717465906121,40.80955680423212,11.666384805190978
25,2022-12-12 06:00:00,0.5638444045625121,0.05542641329663278,0.05849573294594015,0.1720185481089532,0.22192458966175255,0.0,True,True,2000,1.4360496256659037,39.26357379892457,11.978593569089739
26,2022-12-12 12:00:00,0.5828562135275718,0.05854064358507478,0.061029373394514475,0.17493049771514194,0.23750368389061044,0.0,True,True,2000,1.389568126824723,41.94513405106995,12.588839247117193
27,2022-12-12 18:00:00,0.5427146544393721,0.053390223426602185,0.057309134085491154,0.16687672144354726,0.23596129955258213,0.0,True,True,2000,1.4300752528558702,37.95007663796483,11.669086721855601
28,2022-12-13 00:00:00,0.53801173776915,0.05855936101300649,0.061286558251865055,0.17644848391427273,0.23722058481759914,0.0,True,True,2000,1.4043163706567312,38.31129145902841,12.564724559306836
29,2022-12-13 06:00:00,0.5573715769673199,0.05762211583305153,0.06009744648672399,0.17428944790399103,0.23052163379557558,0.0,True,True,2000,1.3936615141965358,39.99332487046913,12.505866462450976
30,2022-12-13 12:00:00,0.5488327006388297,0.06350361604564464,0.06324749191690407,0.18187772361953106,0.24289898574157728,0.0,True,True,2000,1.426577806370589,38.471978057413914,12.749232660660347
31,2022-12-13 18:00:00,0.5507910122988726,0.05736057559027658,0.06020008349733866,0.17393146878865182,0.23452674813059238,0.0,True,True,2000,1.4844653656433537,37.103662035265124,11.716775130908594
32,2022-12-14 00:00:00,0.5446792958491525,0.062484095411769185,0.06304389229636219,0.1875410001623528,0.2368900077205384,0.0,True,True,2000,1.4791617852250911,36.82351053750798,12.678870021903235
33,2022-12-14 06:00:00,0.4994725685702731,0.05349504690163464,0.05841478663725356,0.167737872541263,0.22294717277787812,0.0,True,True,2000,1.5566236634125095,32.08691865028596,10.775749879938193
34,2022-12-14 12:00:00,0.4844092408184084,0.05388340964553739,0.05897471771718122,0.1686610517254086,0.23351227130890495,0.0,True,True,2000,1.5374675212285247,31.50695765145905,10.970056238367803
35,2022-12-14 18:00:00,0.47503849943953924,0.055848849999638434,0.0601365820493522,0.17610978270786357,0.2389079315354497,0.0,True,True,2000,1.5686968389308336,30.282364804362587,11.226502045346988
36,2022-12-15 00:00:00,0.4937582254056917,0.05392820044794824,0.059967916778676175,0.17241248730228542,0.2350471057532577,0.0,True,True,2000,1.5461268601311748,31.935168978553335,11.15125102267855
37,2022-12-15 06:00:00,0.49330647639570724,0.05327286436726125,0.05749614710624946,0.16504909918619273,0.2278267128703462,0.0,True,True,2000,1.5334301680740832,32.17012986090375,10.763391944576565
38,2022-12-15 12:00:00,0.498066325767302,0.05479511832532372,0.05928044199796265,0.1731397888785728,0.2287016005938764,0.0,True,True,2000,1.5087706957758378,33.011399754896956,11.47555353264209
39,2022-12-15 18:00:00,0.4891121175596963,0.05373555571867368,0.059551155239025905,0.1705125727999784,0.23941989575057415,0.0,True,True,2000,1.5253050606640572,32.06651116379017,11.178916086841276
40,2022-12-16 00:00:00,0.48044054122391316,0.05049679810387391,0.05706459550782438,0.16152839061347982,0.22584787211919508,0.0,True,True,2000,1.5649479231736307,30.70009769076567,10.32164637695476
41,2022-12-16 06:00:00,0.46496435101915223,0.05071072581780858,0.05728484541995351,0.16226404203137199,0.22115150627076713,0.0,True,True,2000,1.5630204010242958,29.74781075886448,10.381441081961267
42,2022-12-16 12:00:00,0.4707327301800656,0.05473916707937709,0.0595958029399888,0.17093769159598746,0.24332658160809287,0.0,True,True,2000,1.5902315579043278,29.60152110177064,10.749232760872646
43,2022-12-16 18:00:00,0.4592715063665312,0.05305722185420429,0.05797700279427135,0.1633060670191239,0.22753808783545698,0.0,True,True,2000,1.6102272257120627,28.52215507432099,10.14180262334764
44,2022-12-17 00:00:00,0.39135344934751126,0.05462849238982617,0.05686763737214657,0.1663803147049525,0.2208057844268122,0.0,True,True,2000,1.6386168488677302,23.883157897340862,10.153704621060122
45,2022-12-17 06:00:00,0.3777759753283069,0.06258748156811361,0.06399977052027118,0.18814431879912796,0.24656086912072392,0.0,True,True,2000,1.6402736193742826,23.031277883528826,11.470300843520219
46,2022-12-17 12:00:00,0.37160706703954005,0.057977175959828375,0.05757152063389527,0.16625817197778076,0.22845037348156544,0.0,True,True,2000,1.6598620757792475,22.38782802872844,10.016384758940186
47,2022-12-17 18:00:00,0.36306953662133956,0.06447696229282786,0.06211339519017875,0.17835470264705278,0.2366462381152823,0.0005,True,True,2000,1.69565731145536,21.41172831140756,10.518322389915763
48,2022-12-18 00:00:00,0.3603461410871528,0.06474601395273812,0.06317252871400485,0.1852253770327931,0.2376309236484095,0.0,True,True,2000,1.7012250393909518,21.181568149041514,10.887764566356537
49,2022-12-18 06:00:00,0.3754399112689147,0.060380081787128954,0.06091443104595664,0.17789622939028585,0.24131374906575281,0.0,True,True,2000,1.6968243775727483,22.12603238326698,10.48406845997584
50,2022-12-18 12:00:00,0.38666632768523906,0.06310515625413923,0.06251919356621488,0.17834162259200412,0.25521287444040863,0.0,True,True,2000,1.6775720875287874,23.049163166206043,10.630936453807905
51,2022-12-18 18:00:00,0.3983558509714914,0.06036612249473785,0.061534223324132116,0.18202284395900942,0.24099686830220804,0.0,True,True,2000,1.6605781174425254,23.988985931297446,10.961414103140466
52,2022-12-19 00:00:00,0.42298956507160457,0.057020677151716964,0.05922949023678329,0.1686615434048417,0.23838225634667246,0.0,True,True,2000,1.6655594619773315,25.39624520936867,10.12641981599437
53,2022-12-19 06:00:00,0.4234374373602949,0.05872957048854728,0.05847846169117027,0.17149186083089873,0.22729612890413145,0.0,True,True,2000,1.6581930599026724,25.536075840598954,10.34209254506013
54,2022-12-19 12:00:00,0.45248778830372244,0.061489962536312615,0.06025767100952791,0.17276694312959587,0.23705693825636062,0.0,True,True,2000,1.649693145890799,27.428603278786657,10.472671451653842
55,2022-12-19 18:00:00,0.4129912342613348,0.0625126935642138,0.06213188328176264,0.18486586595091736,0.22975442663955709,0.0,True,True,2000,1.640549861966292,25.173951967929913,11.268530767443128
56,2022-12-20 00:00:00,0.43767164602448344,0.057151925432563186,0.06016691001333727,0.17434158800851635,0.23171868884196223,0.0,True,True,2000,1.625239602267906,26.92966904164431,10.727131418975706
57,2022-12-20 06:00:00,0.42250874176641373,0.054547761712349714,0.058571090429883184,0.16908048384475274,0.23273834139071628,0.0,True,True,2000,1.624357460941259,26.010822859248268,10.409068687798339
58,2022-12-20 12:00:00,0.4251130179860268,0.05738985355730174,0.05915256348240168,0.17294568405438585,0.22535749215451079,0.0,True,True,2000,1.5925506549351474,26.693845917468696,10.859666128574643
59,2022-12-20 18:00:00,0.41254507652176553,0.05469267766670549,0.056976480146424355,0.16521534452865763,0.21437242980666865,0.0,True,True,2000,1.5849147296234154,26.02948088063946,10.424241849775333
60,2022-12-21 00:00:00,0.4213592740005217,0.053790591693511344,0.056899952117145026,0.16355491224669824,0.22338210927725852,0.0,True,True,2000,1.6082439556863442,26.199960056476616,10.169782492787204
61,2022-12-21 06:00:00,0.399140201395872,0.05606656255768968,0.057166209580887764,0.1643214649983605,0.22081638989094338,0.0,True,True,2000,1.6029359995813532,24.90057004771977,10.251280465425767
62,2022-12-21 12:00:00,0.38781418229782555,0.05148811588426442,0.053813888112916874,0.15547108593935888,0.2110310357048083,0.0,True,True,2000,1.5863888468052771,24.44635078460232,9.800313854478475
63,2022-12-21 18:00:00,0.41158483182742384,0.054705388904435985,0.05795851437114407,0.16763809894263135,0.2146031407819843,0.0,True,True,2000,1.593480537798107,25.829297695480946,10.520247657010982
64,2022-12-22 00:00:00,0.40609769742194024,0.05328074702317553,0.05611745699373428,0.16321611899344005,0.21502971317540395,0.0,True,True,2000,1.5796172334545162,25.70861401238527,10.332637270390968
65,2022-12-22 06:00:00,0.40139825095210385,0.05307040015723609,0.05514863084093762,0.15708512745218958,0.2190130752242408,0.0,True,True,2000,1.5745672785609113,25.49260717007692,9.976399839564735
66,2022-12-22 12:00:00,0.4113037463371006,0.05879524206482581,0.05845594048960133,0.1665619048597839,0.22856497411508306,0.0,True,True,2000,1.5717816797658803,26.167994679666005,10.5970127406367
67,2022-12-22 18:00:00,0.42927591284672806,0.055854025133342616,0.059020914071393954,0.1691035992286589,0.23474612647169418,0.0,True,True,2000,1.5561093603402665,27.586487414538812,10.86707679669004
68,2022-12-23 00:00:00,0.44858715684901074,0.056711388412609066,0.057844116065026485,0.16992986678014216,0.21799147642588546,0.0,True,True,2000,1.574976582572637,28.48214772287398,10.78935830922458
69,2022-12-23 06:00:00,0.43198126927632796,0.05930896473898375,0.05973743732560887,0.17335494389857298,0.23983056496584487,0.0,True,True,2000,1.5655809749748484,27.5923938896401,11.072882633960084
70,2022-12-23 12:00:00,0.42426321662846445,0.05761417438594644,0.058339160222164316,0.17168967499095447,0.22695712711841534,0.0,True,True,2000,1.5501596558206112,27.369001317730163,11.075612395554622
71,2022-12-23 18:00:00,0.3989895492170326,0.057175807073082126,0.05876334237503535,0.1718994628949457,0.23144607702475564,0.0,True,True,2000,1.5559732307598908,25.642443027260697,11.047713385852735
72,2022-12-24 00:00:00,0.41564690003580035,0.06031334259006728,0.06050939363541292,0.17813596680132776,0.226424738852435,0.0,True,True,2000,1.6422847946447843,25.309063409169667,10.846837733759656
73,2022-12-24 06:00:00,0.39687911534872133,0.05893409908043857,0.0605093565021154,0.17838871716763616,0.231144009941793,0.0,True,True,2000,1.6399375181159095,24.200868079699013,10.877775232106604
74,2022-12-24 12:00:00,0.41735529922722125,0.057444626585841985,0.05944988752985711,0.1714875898819724,0.23309903976954138,0.0,True,True,2000,1.6637116836727868,25.08579481186749,10.30753053939002
75,2022-12-24 18:00:00,0.405736312524814,0.061676549637194794,0.06051515866375078,0.17752706344817187,0.22309562804805105,0.0,True,True,2000,1.7013311806387734,23.848167666713678,10.434597653204618
76,2022-12-25 00:00:00,0.42932844254619995,0.0601909743291978,0.06109410354195006,0.1751961907537613,0.24656023363048513,0.0,True,True,2000,1.7089598357967217,25.12220788068117,10.251627164314506
77,2022-12-25 06:00:00,0.4641352136885324,0.054997556205002726,0.057887691106455585,0.16699392721795978,0.2267319771887709,0.0,True,True,2000,1.7357211230082537,26.74019504262986,9.621011405826263
78,2022-12-25 12:00:00,0.45821832727732503,0.05709395620038913,0.05924026073782304,0.17535518470431002,0.2254354252512316,0.0,True,True,2000,1.7314171499380027,26.464929453524967,10.127841503163406
79,2022-12-25 18:00:00,0.4790390644310935,0.053309601362727506,0.057649923808298975,0.16266245439062874,0.23185689910223592,0.0,True,True,2000,1.7331389064807021,27.63996945887196,9.385425125613837
80,2022-12-26 00:00:00,0.465981696388139,0.055965364357387644,0.058127528747330355,0.1715237138180296,0.22283089939447903,0.0,True,True,2000,1.7083037131116598,27.277450304159178,10.040586606558428
81,2022-12-26 06:00:00,0.46323701282702245,0.05552622182474827,0.05805499957376927,0.16301498912993717,0.23129189548759116,0.0,True,True,2000,1.7290192115324292,26.791895066131488,9.428176855562931
82,2022-12-26 12:00:00,0.4671665969983362,0.05577911964131214,0.05840183610197901,0.17041000711518717,0.23255484332634768,0.0,True,True,2000,1.7136536966595486,27.261435487752934,9.944249964118772
83,2022-12-26 18:00:00,0.4519846191905363,0.04989111853230702,0.05368388018165258,0.15406282248067374,0.20212338426820453,0.0,True,True,2000,1.7582716395595523,25.706188339803887,8.762174115443647
84,2022-12-27 00:00:00,0.4531497880386643,0.051014083899758575,0.0553977368777484,0.15907041769853744,0.21225933922039625,0.0,True,True,2000,1.7430602173140877,25.997368509559056,9.12592784336802
85,2022-12-27 06:00:00,0.4123575435828572,0.04975198859603233,0.05389004327471959,0.15402330501972852,0.20778198829305128,0.0,True,True,2000,1.7453575464778701,23.625963884305214,8.824742261581154
86,2022-12-27 12:00:00,0.40863148005081457,0.050315050962179954,0.0553765552170952,0.15951958542401787,0.2205364298142644,0.0,True,True,2000,1.7561543194915614,23.26854055565691,9.083460585069863
87,2022-12-27 18:00:00,0.41962389535240335,0.05215166363037883,0.05631716145312826,0.16145670175551388,0.2182896898477422,0.0,True,True,2000,1.7585118239355242,23.86244378006462,9.181439644470295
88,2022-12-28 00:00:00,0.41842393190140703,0.053295439372841855,0.057370236889624886,0.16536821586913367,0.21994640179240002,0.0,True,True,2000,1.7700842551524367,23.63864492232168,9.342392340238765
89,2022-12-28 06:00:00,0.4285004440010785,0.05365272991318602,0.057542315585461044,0.16743669733353483,0.22048423451532762,0.0,True,True,2000,1.7689515620128529,24.223413077150447,9.465307073926441
90,2022-12-28 12:00:00,0.4608301774776717,0.0557402277121647,0.05919135582304191,0.1756334291604452,0.22473988296695135,0.0,True,True,2000,1.7533066511671178,26.283489951453294,10.017268174026025
91,2022-12-28 18:00:00,0.47853632962204296,0.05637109535561811,0.058220925977756445,0.17585455862370414,0.22672243553714946,0.0,True,True,2000,1.747302172805747,27.38715358280753,10.064347275510109
92,2022-12-29 00:00:00,0.49552770592348566,0.054925816538981646,0.05941143471704496,0.17192306799317394,0.24435934443982713,0.0,True,True,2000,1.764377131770762,28.08513537160645,9.744122438303695
93,2022-12-29 06:00:00,0.49111237260004464,0.053634424336406916,0.05734304776927585,0.1669965213857634,0.22367771578593318,0.0,True,True,2000,1.803936622543512,27.224480420359043,9.257338605959553
94,2022-12-29 12:00:00,0.4770990180048744,0.05401317975931784,0.05767840332781463,0.16762882666171328,0.22435733865408486,0.0,True,True,2000,1.8421472376886683,25.89907083667687,9.099643244154372
95,2022-12-29 18:00:00,0.4861664668868118,0.054761561808013136,0.058287580890331925,0.16679209577662854,0.23354636014242805,0.0,True,True,2000,1.8458157874183565,26.338839996963443,9.036226524528306
96,2022-12-30 00:00:00,0.4989016243137862,0.054657823227628966,0.05874569253790987,0.17252727375360818,0.2263530396713319,0.0,True,True,2000,1.834227737823004,27.19954638271468,9.405989790470413
97,2022-12-30 06:00:00,0.4959898015030894,0.055560856382752606,0.060176990875790974,0.17603467101200337,0.23854830299268004,0.0,True,True,2000,1.8236911527366637,27.19702844194853,9.652658058237689
98,2022-12-30 12:00:00,0.516261489598342,0.05094704443828255,0.0583306498345863,0.17055290066441706,0.22907404835828113,0.0,True,True,2000,1.8240527126472679,28.302991795071865,9.350217758613551
99,2022-12-30 18:00:00,0.5272990916411783,0.044639792033081604,0.0533958073135237,0.1508886821075016,0.2109268468754132,0.0,True,True,2000,1.8349731435041436,28.736065893271075,8.222936811999224
100,2022-12-31 00:00:00,0.5735327578491349,0.04659954338080562,0.055417583532722685,0.15860200793064488,0.21720965929137892,0.0,True,True,2000,1.8564874367453763,30.89343598546511,8.543123147048675
101,2022-12-31 06:00:00,0.5960901761444667,0.05077635050682229,0.057973708712415764,0.16790891113850825,0.23016034787644196,0.0,True,True,2000,1.8636513471223581,31.98506936744807,9.009674014282467
102,2022-12-31 12:00:00,0.6020398933460455,0.04871620935020938,0.057547013908144366,0.16360379613167533,0.22750217641674694,0.0,True,True,2000,1.8707934541385953,32.180992081953484,8.745155472387864
103,2022-12-31 18:00:00,0.5936746700717246,0.04186800317758282,0.05198289617908217,0.14747308964276157,0.20258245565537336,0.0,True,True,2000,1.866363437761339,31.80916739259659,7.901627660454613
104,2023-01-01 00:00:00,0.6145036172134477,0.043478432582513445,0.05151638278477517,0.14660416533072843,0.2011600962610607,0.0,True,True,2000,1.8270215797689817,33.63417400308697,8.024216405219791
105,2023-01-01 06:00:00,0.6247670384657287,0.04616132164428043,0.054015224081813654,0.15392123562643129,0.21459478526683584,0.0,True,True,2000,1.8010296649364066,34.68943630574729,8.546290970274837
106,2023-01-01 12:00:00,0.6395084690185626,0.04879626474108409,0.055546012795755495,0.15665793304954098,0.2145392881319712,0.0,True,True,2000,1.799498476326438,35.53815006968378,8.705644106426154
107,2023-01-01 18:00:00,0.629915147198748,0.04432660962666955,0.05264043058999042,0.14943893926308982,0.20499604952071465,0.0,True,True,2000,1.790555933664053,35.17986427320029,8.345952028278152
108,2023-01-02 00:00:00,0.631964713549027,0.04850080750659939,0.05627348407933033,0.16089678674669028,0.21914148502304942,0.0,True,True,2000,1.7281794470765843,36.56823454404972,9.310189808058754
109,2023-01-02 06:00:00,0.6718417414466872,0.04920836132001672,0.05444155473305373,0.1531615634305644,0.2061557319429823,0.0,True,True,2000,1.7088224904474774,39.316063851123396,8.962988507393593
110,2023-01-02 12:00:00,0.6581204250580577,0.05064265144665131,0.05717101290214072,0.16970873762442146,0.2195568327753046,0.0,True,True,2000,1.6990281399801705,38.735110359369244,9.988577212523515
111,2023-01-02 18:00:00,0.6164421175307753,0.04665745242223527,0.05228073296555108,0.1486045982629976,0.2008033255266862,0.0,True,True,2000,1.6730265924132592,36.845924644962615,8.88238112513458
112,2023-01-03 00:00:00,0.6439542474220348,0.04644645624610648,0.05424863389015872,0.15345236535721912,0.21060190659705552,0.0,True,True,2000,1.6889728778449866,38.126973847186704,9.0855434903735
113,2023-01-03 06:00:00,0.6490004511200773,0.04779801158875111,0.05454620940393372,0.1560953253800746,0.22268908287323205,0.0,True,True,2000,1.6654140868415386,38.96931437339455,9.372763603561786
114,2023-01-03 12:00:00,0.6730437536621887,0.04715745974065792,0.0547181219358173,0.15497203244765326,0.2296477468433598,0.0,True,True,2000,1.6787360393950743,40.092291930821794,9.231471107482555
115,2023-01-03 18:00:00,0.6454187951100134,0.04515000921176579,0.053740596668141606,0.15477954332806543,0.20215426826360403,0.0,True,True,2000,1.679815197916891,38.422011892164434,9.214081615644673
116,2023-01-04 00:00:00,0.7179437086941025,0.04856176010048156,0.05567986427797884,0.158556794237091,0.2191383489688511,0.0,True,True,2000,1.6586216318012112,43.28556283897239,9.559551810795043
117,2023-01-04 06:00:00,0.719378196383187,0.048520729755842706,0.056376805401414556,0.1600133697668951,0.21867453183449584,0.0,True,True,2000,1.642185735609286,43.80614085143556,9.743926420571832
118,2023-01-04 12:00:00,0.7037031625672684,0.049432333958143365,0.05812232853026112,0.16888024009130465,0.23495900149075133,0.0,True,True,2000,1.6291642098064698,43.19412115313177,10.366066175205637
119,2023-01-04 18:00:00,0.6714749997310513,0.047957114936817084,0.054303139973282205,0.15684820240897773,0.21030042570717336,0.0,True,True,2000,1.6268743590105175,41.27393095920755,9.641076555191054
120,2023-01-05 00:00:00,0.6902948868559472,0.0494368010040006,0.05604872618488412,0.1605787792613782,0.21911690625208932,0.0,True,True,2000,1.5943159766724269,43.29724452091954,10.071954468933434
121,2023-01-05 06:00:00,0.6804337892421417,0.04853228754628614,0.05450936121629435,0.1558499227403476,0.2254515171076477,0.0,True,True,2000,1.5607954046555559,43.59532243704313,9.985288416116354
122,2023-01-05 12:00:00,0.6645098953497295,0.04816094504128729,0.055962872796708925,0.1659639676039794,0.21894122382500797,0.0,True,True,2000,1.5474064602873239,42.94346135961864,10.725298870289263
123,2023-01-05 18:00:00,0.6372261719966883,0.0482664984620947,0.055395127206073744,0.1567000604557974,0.21053038133121882,0.0,True,True,2000,1.5389876159490659,41.40554253932202,10.182022183405506
124,2023-01-06 00:00:00,0.644517612181453,0.045658364616836866,0.05397737880840398,0.15157893303009912,0.20643753942063586,0.0,True,True,2000,1.522651275558184,42.328642317997684,9.954934229738997
125,2023-01-06 06:00:00,0.6677684251722907,0.04384378743933094,0.05296108086459035,0.14939052249921586,0.2118535822924828,0.0,True,True,2000,1.5159236310263657,44.05026819986795,9.854752537769338
126,2023-01-06 12:00:00,0.665676728905792,0.0486079742353935,0.05478824083792781,0.15727551562495495,0.20578439514313626,0.0,True,True,2000,1.4803756202768477,44.966744911761154,10.624027677214961
127,2023-01-06 18:00:00,0.6617228494103025,0.04868055201127293,0.055680913881173785,0.16036293450613434,0.209209420941799,0.0,True,True,2000,1.458132783984856,45.381521949044604,10.997827925374995
128,2023-01-07 00:00:00,0.677944148717184,0.046113639875597696,0.05537193777405807,0.1590380107301163,0.2192136665433848,0.0,True,True,2000,1.4423659331244834,47.0022296802731,11.026190169758435
129,2023-01-07 06:00:00,0.6843108859763397,0.04186626986423549,0.052989398223213996,0.15437977644153913,0.20821050132126212,0.0,True,True,2000,1.3921504632192743,49.15495156995509,11.089302522986207
130,2023-01-07 12:00:00,0.6992388292594242,0.04368496682113993,0.054463199580602105,0.15452938816692874,0.21416943630883847,0.0,True,True,2000,1.3319638062371024,52.49683407200278,11.601620662913193
131,2023-01-07 18:00:00,0.7012964385097274,0.0437194955499211,0.055068259940713744,0.15647927791264146,0.21715872671639236,0.0,True,True,2000,1.296742178225837,54.08140880164935,12.067107906271055
132,2023-01-08 00:00:00,0.6888040116162266,0.044361765704635917,0.0552805273621797,0.1553562961910835,0.21806465187559798,0.0,True,True,2000,1.2201949172703614,56.45032624436074,12.732088455066137
133,2023-01-08 06:00:00,0.6889411273204824,0.042960275837109665,0.054205033913379386,0.15256815269087087,0.2226981628941061,0.0,True,True,2000,1.1929374332721134,57.751656382412506,12.789283698843368
134,2023-01-08 12:00:00,0.6990580980565578,0.04337854911599733,0.05289008026650773,0.1497306741178909,0.2017722018825204,0.0,True,True,2000,1.155086683132216,60.51996861057576,12.962721872255548
135,2023-01-08 18:00:00,0.6659828654217615,0.03961397915903243,0.0526346473997659,0.14843973733566762,0.21063213525037994,0.0,True,True,2000,1.1721704159302038,56.81621514848205,12.66366522463969
136,2023-01-09 00:00:00,0.6772489910123086,0.04519472241848919,0.05589387634756142,0.1594706358391625,0.21471557460667545,0.0,True,True,2000,1.2263306138550558,55.22564497377499,13.003886067710194
137,2023-01-09 06:00:00,0.6775528002305528,0.03971698707583134,0.053262166798965505,0.15256838906725967,0.2137892131133831,0.0,True,True,2000,1.2995358863396667,52.13806000686749,11.74022131062428
138,2023-01-09 12:00:00,0.700764025987446,0.03886558617305945,0.05218850266383948,0.1460685716757273,0.20880333695624495,0.0,True,True,2000,1.3340941415338128,52.527329531765666,10.948895368642555
139,2023-01-09 18:00:00,0.7046267573192828,0.036917472615139786,0.05036158415484635,0.14360339437188208,0.20673111995128668,0.0,True,True,2000,1.2946327308057328,54.426768345393874,11.092211015127702
140,2023-01-10 00:00:00,0.7171813237342543,0.033736345907521025,0.04736675683476506,0.13692561848023152,0.18304507227078853,0.0,True,True,2000,1.2877399559566791,55.693024078098965,10.633017780248005
141,2023-01-10 06:00:00,0.7113822176971779,0.033698511931483696,0.046447119096735115,0.13499540571841587,0.18496155332653794,0.0,True,True,2000,1.2865612247894525,55.293304662869545,10.49273078632601
142,2023-01-10 12:00:00,0.6953908992267978,0.03605764658974506,0.049655886033064985,0.13923196887979716,0.20273933922163573,0.0,True,True,2000,1.2801728447711742,54.320078891463766,10.876028924413275
143,2023-01-10 18:00:00,0.7012191722317906,0.03621319070155155,0.049024218196873824,0.13632756274395463,0.2030997517907417,0.0,True,True,2000,1.2932066380482934,54.223288962548956,10.541823613718847
144,2023-01-11 00:00:00,0.7410739523196809,0.037126090545912004,0.04972259296304059,0.13813944481775958,0.20452768761675044,0.0,True,True,2000,1.3186145842581984,56.20095220898686,10.476104728924373
145,2023-01-11 06:00:00,0.7445758302346073,0.037701619190005954,0.05170400394038171,0.1452610399579322,0.2077316661235076,0.0,True,True,2000,1.2528992511440797,59.42822853112099,11.593992080790827
146,2023-01-11 12:00:00,0.7625266275093487,0.03704146083178264,0.05015811656237758,0.13765737182040638,0.20194575209197504,0.0,True,True,2000,1.2879849752719539,59.203068525573734,10.687808822563358
147,2023-01-11 18:00:00,0.7675286155453652,0.034963664199515125,0.04884083461380093,0.14184905791353108,0.19283924907306074,0.0,True,True,2000,1.2998038346137857,59.04957310526962,10.913112743330156
148,2023-01-12 00:00:00,0.7601023162258733,0.03622546226443333,0.049190402151756595,0.13968425424660066,0.20285956011460246,0.0,True,True,2000,1.2971144047471774,58.59948154488548,10.76884611992469
149,2023-01-12 06:00:00,0.7176278178937738,0.030139809342278393,0.043583863178457735,0.12305626878246621,0.1805072760539329,0.0,True,True,2000,1.3317772004782429,53.88497547758535,9.240004164230815
150,2023-01-12 12:00:00,0.7136956407682168,0.034095303557836104,0.046861640844957295,0.1308268855005765,0.18079248670225034,0.0,True,True,2000,1.28753053331745,55.431356562031134,10.161070523390855
151,2023-01-12 18:00:00,0.7352905370624101,0.042014325792987944,0.053076647779274684,0.14934832975653087,0.21107404238031285,0.0,True,True,2000,1.29823448652623,56.637729523722214,11.503956435185438
152,2023-01-13 00:00:00,0.7165755674273412,0.039196928382622204,0.052136042432992795,0.14645431174431675,0.21084660659747684,0.0,True,True,2000,1.3085029187046453,54.76300871661153,11.192509367063503
153,2023-01-13 06:00:00,0.7563188925893302,0.0375762487044767,0.05093489894774627,0.14894441461759048,0.1943368311240108,0.0,True,True,2000,1.3118136487237595,57.65444606595911,11.354083315301368
154,2023-01-13 12:00:00,0.755600031532749,0.03969614876780816,0.05172227559326879,0.14513292456760737,0.20052175286789511,0.0,True,True,2000,1.3057026980205741,57.86922495283401,11.115311685242494
155,2023-01-13 18:00:00,0.7229429199183388,0.039130319577860076,0.05239067561807054,0.1484822694851483,0.20586482268926148,0.0,True,True,2000,1.2914760504717706,55.97803533826669,11.49709817932035
156,2023-01-14 00:00:00,0.783934211916453,0.03705440547268806,0.0502831551162908,0.1403664224816395,0.20389203526114105,0.0,True,True,2000,1.2907087722118729,60.73672301560591,10.875142828780437
157,2023-01-14 06:00:00,0.7817785718184813,0.03523210456260513,0.047000910136772205,0.13209428268783086,0.18037350298820448,0.0,True,True,2000,1.3044783371404471,59.93036063229855,10.126215125764015
158,2023-01-14 12:00:00,0.7495515027107296,0.038666759349610565,0.052006428078283026,0.14748243015943371,0.21162110252479233,0.0,True,True,2000,1.2560417539333781,59.67568358006088,11.741841359778263
159,2023-01-14 18:00:00,0.7686058802223997,0.03996681056369833,0.05229868589085873,0.14599017921215518,0.2084775642448139,0.0,True,True,2000,1.3042971506760594,58.92874026628107,11.19301526776193
160,2023-01-15 00:00:00,0.7803017677193913,0.03672449016972172,0.051262897342310716,0.14011155284866014,0.21255441992461793,0.0,True,True,2000,1.3027657691893193,59.895783737467625,10.754930484230353
161,2023-01-15 06:00:00,0.771205339385734,0.03814975872803254,0.0502005534614356,0.14425183390616317,0.20123870272357883,0.0,True,True,2000,1.3289430595892735,58.03148101951672,10.854628636289805
162,2023-01-15 12:00:00,0.7269564745839959,0.03631892060766326,0.049686457718438874,0.13657627806382028,0.19467405870914747,0.0,True,True,2000,1.3470046293459315,53.96837239802109,10.139258254081723
163,2023-01-15 18:00:00,0.7049988712425016,0.03692619572318748,0.05008839320285392,0.14414990037936617,0.19598430969476463,0.0,True,True,2000,1.3611834597237562,51.79308242443504,10.590042021860926
164,2023-01-16 00:00:00,0.675002258821211,0.03368577330102414,0.047704218581934764,0.13320594784893977,0.18526231185457198,0.0,True,True,2000,1.3589023669568083,49.67260895518518,9.802466394053578
165,2023-01-16 06:00:00,0.6876856642318656,0.03372265619627595,0.04813764892070919,0.1345128397815203,0.19048368007257738,0.0,True,True,2000,1.3538048329588177,50.796514201303985,9.93591073888655
166,2023-01-16 12:00:00,0.668418506819948,0.0349643747934437,0.048755954723518555,0.13809556521604216,0.2004521802458574,0.0,True,True,2000,1.3480925621417927,49.58253799412651,10.243774729877728
167,2023-01-16 18:00:00,0.6681791670090764,0.038167777933462106,0.04984637718849367,0.14032184549964397,0.20194636018244316,0.0,True,True,2000,1.3373360705978776,49.96344461944829,10.492638954762569
168,2023-01-17 00:00:00,0.6647979749463192,0.03953892601022341,0.05238781947818622,0.15002817514299593,0.2088605399882347,0.0,True,True,2000,1.3715971529717583,48.46889434743582,10.93820986854185
169,2023-01-17 06:00:00,0.6664995239047892,0.03751445841361361,0.04894577910248925,0.1410033545022931,0.18482891135226706,0.0,True,True,2000,1.3647895477370453,48.835333257784,10.33150896679202
170,2023-01-17 12:00:00,0.6756977059950174,0.042036806389724166,0.0536866733305322,0.1478147564541194,0.22265923028023507,0.0,True,True,2000,1.362339778261374,49.59832464536467,10.850065366421397
171,2023-01-17 18:00:00,0.6599985061357256,0.04574067677897413,0.055775483422645385,0.157936034518995,0.21733817050908522,0.0,True,True,2000,1.3411041169236593,49.2130698733285,11.776567719535628
172,2023-01-18 00:00:00,0.6948261064897049,0.044397293140183196,0.05509609702933591,0.15891330514816643,0.22371840234713178,0.0,True,True,2000,1.3500440339385595,51.46692174644478,11.770971994488185
173,2023-01-18 06:00:00,0.6706911274129925,0.04216325269304278,0.05225823765812728,0.14708493663417105,0.20555659630678136,0.0,True,True,2000,1.3438789064813677,49.90711024470503,10.944805809868578
174,2023-01-18 12:00:00,0.6754616823745263,0.04660648855978383,0.05642418033933908,0.15915389809160324,0.22443839275672423,0.0,True,True,2000,1.338623725417846,50.45941361630085,11.889367793920133
175,2023-01-18 18:00:00,0.6922347794386368,0.04823220863157989,0.06042474830798164,0.17385689892724376,0.24216887758657205,0.0,True,True,2000,1.3516438967888413,51.214286624103345,12.862625972734614
176,2023-01-19 00:00:00,0.6923954917608013,0.046571867025491015,0.05680423770312833,0.16022645843454073,0.22594026497476474,0.0,True,True,2000,1.343442380492509,51.538904966431645,11.92655976624776
177,2023-01-19 06:00:00,0.7029603432136667,0.0499288514899419,0.06060187454732818,0.17461837780992714,0.2404691242233812,0.0,True,True,2000,1.3613748526643366,51.63606054848952,12.826619903267849
178,2023-01-19 12:00:00,0.677169696809873,0.04928777772649859,0.058762337473197784,0.16849637103791237,0.233177030681922,0.0,True,True,2000,1.3739010931305344,49.288096515513516,12.264083046471782
179,2023-01-19 18:00:00,0.6587608988165075,0.049429012633772106,0.058356016835586104,0.1684745776524284,0.21979330387668194,0.0,True,True,2000,1.3910686740900484,47.35646133699534,12.111161784491632
180,2023-01-20 00:00:00,0.709279660249202,0.05321439523729993,0.0631485382473318,0.1803667480057337,0.25603950801359276,0.0,True,True,2000,1.42257789748376,49.85875722544038,12.678866185448573
181,2023-01-20 06:00:00,0.7198570417697825,0.05142666300974736,0.05856249118285225,0.163511802539429,0.2281272806395351,0.0,True,True,2000,1.4448669386878952,49.82168409386509,11.31673776741798
182,2023-01-20 12:00:00,0.7099592948086825,0.05058361643931831,0.05991094023169398,0.17219609736526534,0.2370293311388694,0.0,True,True,2000,1.4292917067992228,49.672106220960025,12.047652452338358
183,2023-01-20 18:00:00,0.6798810837073981,0.0513147109671674,0.05913469967556089,0.17155661965680047,0.2334425534374915,0.0,True,True,2000,1.4945487540307876,45.49072633955657,11.478823905484077
184,2023-01-21 00:00:00,0.6999584392106707,0.05576995642280677,0.061800750560446795,0.17798859471926914,0.22875035797268384,0.0,True,True,2000,1.5646198457344702,44.736645845246414,11.375836450273134
185,2023-01-21 06:00:00,0.7005100899991303,0.05707246823719231,0.061743993093093,0.17909029133521506,0.23621239646902858,0.0,True,True,2000,1.5864809067520211,44.15496505616788,11.288524845966407
186,2023-01-21 12:00:00,0.646318174066378,0.05340399005929935,0.061982875963026894,0.1774812640943095,0.25624202676891333,0.0,True,True,2000,1.58552832399812,40.76358424405822,11.193824885244998
187,2023-01-21 18:00:00,0.6363761435721276,0.05885706847666682,0.06467715935642032,0.18332336564440202,0.2485660230800089,0.0,True,True,2000,1.6079539967423866,39.57676307042276,11.401032990732546
188,2023-01-22 00:00:00,0.653572566599275,0.06459187392720882,0.06725167640465758,0.19647382554530132,0.2605754138328602,0.0,True,True,2000,1.617576139432675,40.40443912757637,12.146187172012173
189,2023-01-22 06:00:00,0.6581945681297722,0.0637463081212609,0.06581789813425755,0.19042608000939223,0.25810111525671997,0.0,True,True,2000,1.6532279021764094,39.81269413994797,11.518440969856837
190,2023-01-22 12:00:00,0.6744494001354885,0.06510705376593708,0.06730436784196284,0.1958825346256279,0.26427853079969876,0.0,True,True,2000,1.6531700290208038,40.79734015834865,11.848904298225872
191,2023-01-22 18:00:00,0.6563263206414125,0.05758038891417975,0.06441069147880846,0.182513436048636,0.262134743633518,0.0,True,True,2000,1.63049781428303,40.25312483660184,11.193724668002188
192,2023-01-23 00:00:00,0.6539243319654477,0.059441421562129615,0.06344903923912427,0.18314781567259497,0.24807870941086763,0.0,True,True,2000,1.6103146729541047,40.60848124583195,11.37341780141718
193,2023-01-23 06:00:00,0.639742933127077,0.06528133157016905,0.06786234421250491,0.19957478261165557,0.2662657755762863,0.0,True,True,2000,1.6254560650014787,39.35774992026592,12.278079174749887
194,2023-01-23 12:00:00,0.6039916120453985,0.059780846773862306,0.06436449981400297,0.18518901805496518,0.24775208650924682,0.0,True,True,2000,1.6161889887620025,37.37134804439269,11.458376423961383
195,2023-01-23 18:00:00,0.5706552936784142,0.057311253423953684,0.06362480821210406,0.18694304628280883,0.24461847801727868,0.0,True,True,2000,1.6052955621454956,35.54830070767323,11.645397314433321
196,2023-01-24 00:00:00,0.5705514937529533,0.06185958841921618,0.06648524483742134,0.19383314150277686,0.26216167857095635,0.0,True,True,2000,1.6269165671228292,35.069499277517515,11.914141475955775
197,2023-01-24 06:00:00,0.5686858853959064,0.05563591399181505,0.06382887577195218,0.18192351812907867,0.24419626598376665,0.0,True,True,2000,1.6199616694814745,35.10489761019681,11.230112511693543
198,2023-01-24 12:00:00,0.5389761627725528,0.05675076435058804,0.06258185147481098,0.178250771227652,0.24451437146046184,0.0,True,True,2000,1.604454077051816,33.59249544635901,11.109745911530714
199,2023-01-24 18:00:00,0.5460034059863356,0.05913533076865159,0.06510274966018016,0.18847959418493487,0.264181061553973,0.0,True,True,2000,1.6128202308234973,33.85395319027894,11.68633618197474
200,2023-01-25 00:00:00,0.5774067387998829,0.06034574905409164,0.06565285020218567,0.1927892940561578,0.2592078157086707,0.0,True,True,2000,1.570869706583264,36.75713755125989,12.272774326744521
201,2023-01-25 06:00:00,0.55798091477392,0.05515329211906936,0.06275266782486688,0.17938024670643957,0.24130477095319433,0.0,True,True,2000,1.5451137082833946,36.11261176330064,11.609517522547202
202,2023-01-25 12:00:00,0.5597740883301893,0.059186149411287484,0.06379344569728675,0.18650926787539857,0.24921326179156883,0.0,True,True,2000,1.5380612550808304,36.39478508941253,12.126257472469577
203,2023-01-25 18:00:00,0.5718355491363771,0.060204779065316516,0.0640512267538432,0.18403054927838738,0.2494403658854916,0.0,True,True,2000,1.4859615565504762,38.48252645673021,12.38461038693339
204,2023-01-26 00:00:00,0.5798326676066233,0.06173913014662649,0.06416387158224084,0.18516045269181622,0.24859543892155436,0.0,True,True,2000,1.5040077136027172,38.55250623799565,12.311137171516279
205,2023-01-26 06:00:00,0.5630501547626198,0.0564483978582168,0.0621956621023752,0.1834429405606767,0.24106635327634088,0.0,True,True,2000,1.5169262559467254,37.11783302288587,12.093069115359768
206,2023-01-26 12:00:00,0.5652526623359467,0.057319245004007834,0.0631336534677075,0.17846662008215866,0.2529627104903919,0.0,True,True,2000,1.5267618088523696,37.022976279504505,11.689224805558096
207,2023-01-26 18:00:00,0.5611333783241638,0.06982861787205255,0.07013862038888502,0.2084139974239321,0.26462616225055147,0.0,True,True,2000,1.550588726021309,36.188408241815914,13.44095916127975
208,2023-01-27 00:00:00,0.5732276638796359,0.06830440586424842,0.0708027038057818,0.20414508024285674,0.27506553211073365,0.0,True,True,2000,1.576977280248114,36.34977314254312,12.945340608251346
209,2023-01-27 06:00:00,0.5397550605221918,0.06634022007157768,0.0677157030364272,0.19647266050785464,0.2594070337346381,0.0,True,True,2000,1.5991052110040307,33.753567733251,12.286412373360681
210,2023-01-27 12:00:00,0.5326893716708736,0.06306546218183945,0.0665080194363491,0.18770571324329013,0.2625663251552578,0.0,True,True,2000,1.589913086722197,33.504307632883176,11.806036116745773
211,2023-01-27 18:00:00,0.5129488783614055,0.06569715166186961,0.06833909636821266,0.19470584233298624,0.2613694949280781,0.0,True,True,2000,1.6013129027030317,32.03301974870388,12.159137792764978
212,2023-01-28 00:00:00,0.515242267941842,0.0694112168508752,0.07117030407740568,0.20457566925684217,0.2678246746692829,0.0,True,True,2000,1.6277289313401275,31.654058487345143,12.568165701178065
213,2023-01-28 06:00:00,0.54349127893682,0.07063186982627627,0.0705315968112151,0.20975560909486332,0.2728164994370082,0.0,True,True,2000,1.6726223394644262,32.49336482680519,12.54052419041749
214,2023-01-28 12:00:00,0.5737951396565288,0.06762329031305195,0.06932509455179177,0.19737316177967248,0.2701079577556844,0.0,True,True,2000,1.7068134968081672,33.61791670440599,11.56383882297456
215,2023-01-28 18:00:00,0.5676660594408958,0.06053760377660535,0.06550026302300672,0.1862317881698408,0.2584234079931254,0.0,True,True,2000,1.7157425229430223,33.085737040962016,10.854296940219003
216,2023-01-29 00:00:00,0.5874424838611642,0.06698902078735496,0.07169006057839333,0.2110969024424597,0.27881916633871795,0.0,True,True,2000,1.7315944773008314,33.92494556675046,12.190897188094096
217,2023-01-29 06:00:00,0.554674937288611,0.06453831166490434,0.06860053915244634,0.2033083828732782,0.2582742937074552,0.0,True,True,2000,1.7578108564048684,31.55487038139303,11.565998817932611
218,2023-01-29 12:00:00,0.5745857103917158,0.06229981526503129,0.06581472303223328,0.19062624778379453,0.25298220804710636,0.0,True,True,2000,1.736081006843318,33.096710817456255,10.980262270733927
219,2023-01-29 18:00:00,0.5876040153606955,0.06463095151668241,0.0679817218247033,0.1968159359336304,0.2608599489561491,0.0,True,True,2000,1.727303092807885,34.01858178841635,11.394406503012078
220,2023-01-30 00:00:00,0.6242416382013042,0.06575021677306384,0.0684087352004006,0.19543631237219233,0.2603641509817928,0.0,True,True,2000,1.722639667059522,36.23750515781748,11.345164987742004
221,2023-01-30 06:00:00,0.6064475378308739,0.0631966360700611,0.06727673201139776,0.19194281276319497,0.2572708806643546,0.0,True,True,2000,1.7536658263735947,34.58170471879164,10.945233115485491
222,2023-01-30 12:00:00,0.6201395320596761,0.06454478992959664,0.0669848785511601,0.19599046590375538,0.2532224609143647,0.0,True,True,2000,1.7469544136607456,35.498323666052215,11.218979978593548
223,2023-01-30 18:00:00,0.6160652979731153,0.06536710645292201,0.06858254144466797,0.20017557672436523,0.2725756210568305,0.0,True,True,2000,1.701057798921505,36.216599951142726,11.767711646910493
224,2023-01-31 00:00:00,0.6174093473846284,0.06598375997363487,0.0694654833273549,0.202741521868455,0.2733547864579887,0.0,True,True,2000,1.731347636435779,35.660622649744205,11.710041218863864
225,2023-01-31 06:00:00,0.6015654713000043,0.062046848221206374,0.06662070556686572,0.19647011798092942,0.24976920860461665,0.0,True,True,2000,1.7101454136829752,35.17627603400524,11.4885036330221
226,2023-01-31 12:00:00,0.6064404742064581,0.06450947145309312,0.06706841403348744,0.19608251913370023,0.2565240599167719,0.0,True,True,2000,1.7004985487420428,35.66251054169245,11.530884238551913
227,2023-01-31 18:00:00,0.6072357542781971,0.06727579868642433,0.06722423043389017,0.1995188651594759,0.2490103924339313,0.0,True,True,2000,1.7108478959791271,35.49326364461365,11.661987347232303
228,2023-02-01 00:00:00,0.5833178369943974,0.06524483284494485,0.06679672208817103,0.19301008460447466,0.2534025956466206,0.0,True,True,2000,1.7108337646739957,34.09552985444792,11.28163873018097
229,2023-02-01 06:00:00,0.5958851315166867,0.05691730161660976,0.06378274578752362,0.18183885462799726,0.24204049362929325,0.0,True,True,2000,1.7096206859962007,34.85481524631078,10.636210483265138
230,2023-02-01 12:00:00,0.5817439079170315,0.05670179825971243,0.06304146772760595,0.18192819334900912,0.247425988214073,0.0,True,True,2000,1.6845920082257537,34.53322258899565,10.799540331466938
231,2023-02-01 18:00:00,0.5930052623152189,0.06571963282235985,0.06669377658765642,0.19590023179667962,0.25758580298050715,0.0,True,True,2000,1.618306301124987,36.643573710550555,12.105262870230252
232,2023-02-02 00:00:00,0.5787943812588111,0.06627210231719934,0.0687667899507411,0.19787718781274072,0.2554037303410702,0.0,True,True,2000,1.6203141585297791,35.721121006804665,12.212272957750866
233,2023-02-02 06:00:00,0.5605506744120186,0.06248507185107415,0.06731617395692213,0.19101580021216943,0.26002294425985767,0.0,True,True,2000,1.622707030301459,34.54416995456549,11.771428646407195
234,2023-02-02 12:00:00,0.5734733419496074,0.06234659016246796,0.0668190839313169,0.1924330617922884,0.2562521101411372,0.0,True,True,2000,1.6198396099356152,35.40309413549911,11.87976023131927
235,2023-02-02 18:00:00,0.5582785040091022,0.06650502347825382,0.06822292813425856,0.19767610850664144,0.25318913969399665,0.0,True,True,2000,1.6704100973854046,33.42164327687811,11.83398668482981
236,2023-02-03 00:00:00,0.5828365160271922,0.06940655431807881,0.07169326203251812,0.20705553534671256,0.2831608637828318,0.0,True,True,2000,1.6899014825339327,34.48937834844991,12.252521078106987
237,2023-02-03 06:00:00,0.563336708105386,0.06986558778127704,0.07106769298208747,0.20415730550439473,0.2648634202143057,0.0,True,True,2000,1.6904390722513485,33.32487501931241,12.077176211532748
238,2023-02-03 12:00:00,0.5557895923029185,0.07348337238972329,0.07436135447173642,0.21836912326271157,0.280685497964175,0.0,True,True,2000,1.7077047073237854,32.54600106911454,12.787288242879347
239,2023-02-03 18:00:00,0.5457418266945959,0.07063717137749011,0.0713353995156446,0.20987446497941345,0.2686712666159656,0.0,True,True,2000,1.6962251597588927,32.17390235929348,12.373031007820078
240,2023-02-04 00:00:00,0.5619121542263195,0.0819850879094861,0.07661396862537674,0.22533192247375386,0.29647024533284466,0.0,True,True,2000,1.700047219619533,33.052738049951,13.254450810147652
241,2023-02-04 06:00:00,0.58524293254305,0.0818779437303637,0.07765968365472103,0.22714739345340007,0.2986589690163262,0.0,True,True,2000,1.7329685640271704,33.771122263350776,13.107415689384586
242,2023-02-04 12:00:00,0.5758149138825837,0.07906334721442114,0.07861958058275162,0.2264991986500893,0.29582623824385956,0.0,True,True,2000,1.739314709343557,33.105849722843125,13.022324104622413
243,2023-02-04 18:00:00,0.5710037058011205,0.06919082126300385,0.07234710906013071,0.2111596677558982,0.28040099199491225,0.0,True,True,2000,1.7474984165637344,32.6754920284241,12.083539862148815
244,2023-02-05 00:00:00,0.5426466563551459,0.07220522280946318,0.07528998138109139,0.22037452387685333,0.2837928681855399,0.0,True,True,2000,1.7337398845151968,31.299196678911578,12.71093350537277
245,2023-02-05 06:00:00,0.5919353940878275,0.07221390932119644,0.07531324956511118,0.21662028652534213,0.28009461634837973,0.0,True,True,2000,1.7232046879757648,34.35084631664793,12.570780943023333
246,2023-02-05 12:00:00,0.5886687515883462,0.06863394147231434,0.07340023170454985,0.2136991260280521,0.28319559520186277,0.0,True,True,2000,1.7122589679036255,34.37965650190593,12.48053770100506
247,2023-02-05 18:00:00,0.6012441878522332,0.06548632744721156,0.07036730321679398,0.20849921455166476,0.2693869023885203,0.0,True,True,2000,1.710383697956609,35.1525911156975,12.19020122799102
248,2023-02-06 00:00:00,0.5978610946115906,0.06299954470806668,0.06955763191367849,0.20225687732689934,0.27812798789268484,0.0,True,True,2000,1.7072611084064657,35.01872629018218,11.846862576028757
249,2023-02-06 06:00:00,0.629789320074167,0.06902740218573279,0.07107693863536814,0.20465084308263082,0.2701498456210186,0.0,True,True,2000,1.7372405506622612,36.25228065474768,11.78022485168303
250,2023-02-06 12:00:00,0.6237872902609043,0.06670669013688879,0.06899220765561391,0.19650588187506576,0.25794714238221406,0.0,True,True,2000,1.751280022959395,35.61893484097416,11.220700247753692
251,2023-02-06 18:00:00,0.6240057914861444,0.0601394949245096,0.06637729324027404,0.1934833477656598,0.2524941334320998,0.0,True,True,2000,1.7557456105199827,35.54078607671065,11.02001033671146
252,2023-02-07 00:00:00,0.6537948893219193,0.062236145991392516,0.06708960502417075,0.19255040654096664,0.26258171596147456,0.0,True,True,2000,1.7475095675578793,37.41295049019896,11.018560934693662
253,2023-02-07 06:00:00,0.6378582448942025,0.06200220032859269,0.06980141484471565,0.2019111489328325,0.2769283501947047,0.0,True,True,2000,1.769603678444793,36.04525988863116,11.409964354859447
254,2023-02-07 12:00:00,0.6616465350770733,0.05930141263996328,0.0655506195932413,0.18717523772712463,0.25233772486451805,0.0,True,True,2000,1.779097827392384,37.19000298296388,10.520795138144065
255,2023-02-07 18:00:00,0.6557367080723447,0.052501130622994226,0.06373424710357758,0.18283281317986153,0.24998492137014391,0.0,True,True,2000,1.7954511239456747,36.52211409861722,10.183112797750184
256,2023-02-08 00:00:00,0.6581776130654317,0.051715481707517386,0.06179059636743495,0.1764434137820449,0.23806064279405947,0.0,True,True,2000,1.8180399209214457,36.20259409550503,9.70514518144449
257,2023-02-08 06:00:00,0.6450710334193623,0.04978637448960745,0.05976976213043139,0.170560289526996,0.232243630499491,0.0,True,True,2000,1.8122942387238132,35.59416675482069,9.411291272828946
258,2023-02-08 12:00:00,0.6428830880747803,0.05150857898477841,0.06047490457635854,0.17043061128000897,0.23190658331813008,0.0,True,True,2000,1.8064975565705739,35.58726585244983,9.434311752048629
259,2023-02-08 18:00:00,0.6626415435371483,0.04596041110051581,0.05769100923749068,0.16412667828826646,0.22183913133828548,0.0,True,True,2000,1.8156754336722056,36.49559449052825,9.039428261488347
260,2023-02-09 00:00:00,0.6913560702212042,0.04317628591221509,0.05608389543811484,0.15922723688937623,0.22134167059147766,0.0,True,True,2000,1.8235794706567712,37.91203407067359,8.73157652032734
261,2023-02-09 06:00:00,0.6525966607326659,0.04747572268831344,0.05837721829697258,0.1663571172687562,0.22912311973518018,0.0,True,True,2000,1.826086501858814,35.737445080962665,9.110034880572066
262,2023-02-09 12:00:00,0.6773386580162948,0.04709385219262723,0.05775388266149107,0.16352024117242459,0.22947787452429036,0.0,True,True,2000,1.8236273764890463,37.14238263522599,8.966757314602464
263,2023-02-09 18:00:00,0.6371790867517445,0.04273542760194665,0.055642412215031696,0.16140782016190783,0.2208752928057565,0.0,True,True,2000,1.8063092011649224,35.27519465331937,8.935780211816056
264,2023-02-10 00:00:00,0.6457803959005793,0.04676303201049468,0.05837870077714707,0.16944508340211673,0.2332958507746761,0.0,True,True,2000,1.80023928755207,35.87191993674901,9.412364488085625
265,2023-02-10 06:00:00,0.665630719905075,0.04864203150985809,0.05950782316980704,0.1735359183921271,0.2311157823693884,0.0,True,True,2000,1.7821807019873965,37.349227222738854,9.737279625944144
266,2023-02-10 12:00:00,0.6315379966023312,0.04718193581581977,0.05832220820388051,0.16954973398145665,0.2275264686108606,0.0,True,True,2000,1.7687842415314972,35.70463721768098,9.585665113945863
267,2023-02-10 18:00:00,0.6520531046871273,0.039876013151646066,0.05323063943243179,0.1466769087801677,0.21048286063103475,0.0,True,True,2000,1.8063299123071808,36.09822880330182,8.120161648257316
268,2023-02-11 00:00:00,0.6406878379446044,0.044937586313627556,0.05805783041884625,0.16615645750469124,0.2286692041297967,0.0,True,True,2000,1.804433824742444,35.50630835885894,9.208232256919013
269,2023-02-11 06:00:00,0.6513273689193773,0.04841575419569304,0.06127130617597955,0.1761038910003818,0.2440503606208963,0.0,True,True,2000,1.8386056070223296,35.42507248056418,9.578122155603925
270,2023-02-11 12:00:00,0.6749004548611857,0.0458051664798057,0.05874561700551238,0.16886042093091236,0.2300127213784141,0.0,True,True,2000,1.8551333891197397,36.3801578268949,9.1023331217728
271,2023-02-11 18:00:00,0.6440752141731014,0.045640751748480424,0.05816883462025276,0.16569432366668582,0.22714287100305447,0.0,True,True,2000,1.8420748221690053,34.96466084991684,8.994983356408083
272,2023-02-12 00:00:00,0.6379488848488596,0.05055948377393457,0.06157434369693789,0.175102118761683,0.23919493734758945,0.0,True,True,2000,1.8284398750318012,34.89033976781785,9.576586091387748
273,2023-02-12 06:00:00,0.6374718356367547,0.04795562975025716,0.06030018068581748,0.16777163039549708,0.24020238554187615,0.0,True,True,2000,1.7986511817786646,35.4416599557879,9.327635735884583
274,2023-02-12 12:00:00,0.62827153975366,0.05271721306647714,0.0630657953521847,0.18500578092376388,0.23581037939444538,0.0,True,True,2000,1.7925078588826544,35.04986249517969,10.321058287526046
275,2023-02-12 18:00:00,0.6202025518580644,0.05284189552990196,0.06669394891583594,0.19345900769797414,0.26445153803987087,0.0,True,True,2000,1.794049517606441,34.569979578128766,10.78337057028841
276,2023-02-13 00:00:00,0.5947859896998565,0.05716282940998103,0.06978412262694805,0.1998166212431399,0.2658613056203278,0.0,True,True,2000,1.7731929848693335,33.54321806905221,11.268746433590497
277,2023-02-13 06:00:00,0.6037620288278193,0.0584174086274741,0.07006823199269042,0.19919360249849807,0.2734459099104431,0.0,True,True,2000,1.7950825179682157,33.63422142349167,11.096626506282151
278,2023-02-13 12:00:00,0.5757937080772767,0.056731415831959696,0.06719671428306044,0.19099982351483538,0.2606839340623003,0.0,True,True,2000,1.7890654489632194,32.18404941031949,10.675955070594071
279,2023-02-13 18:00:00,0.5880427443318939,0.057518520764310806,0.06858049572762585,0.19820267866880703,0.25573478227741986,0.0,True,True,2000,1.750191475678112,33.59876633521235,11.324628272001688
280,2023-02-14 00:00:00,0.560415962013727,0.056011694932227615,0.06664056320089545,0.18889274156625552,0.25410504867860223,0.0,True,True,2000,1.7664621357884986,31.725331138421105,10.693279959943164
281,2023-02-14 06:00:00,0.5665778329659842,0.05336876916391437,0.06433911227550691,0.1814370606751739,0.2564230376730564,0.0,True,True,2000,1.7646073511192961,32.107869923957985,10.282007527628613
282,2023-02-14 12:00:00,0.6064787161502623,0.056788223097941334,0.0674190465327856,0.19431064416792376,0.28244810545797483,0.0,True,True,2000,1.7741957244265794,34.183303893727754,10.952041056841406
283,2023-02-14 18:00:00,0.6001063360623995,0.05934814397523354,0.07006033705896872,0.19504234007862084,0.2839482924488861,0.0,True,True,2000,1.7698604334047625,33.90698637790027,11.020210203999467
284,2023-02-15 00:00:00,0.5838995754321452,0.05988531074315211,0.07217929303055826,0.2098202264468015,0.2811591637736688,0.0,True,True,2000,1.7895058256155238,32.62909609312422,11.72503735072397
285,2023-02-15 06:00:00,0.6118523090204142,0.05954972784173245,0.0698485025881506,0.19912090617745168,0.2701132176817137,0.0,True,True,2000,1.812479038698442,33.75775917716494,10.986108083238427
286,2023-02-15 12:00:00,0.61935987752128,0.061431660867894845,0.07147988810274415,0.21277464762561227,0.2859038635687897,0.0,True,True,2000,1.8549255113906393,33.390013438164715,11.470792024747933
287,2023-02-15 18:00:00,0.6328796223852231,0.06469173093096796,0.0726611230165013,0.20978670426313237,0.29098018976977336,0.0,True,True,2000,1.863980917223628,33.95311703769414,11.254766737398073
288,2023-02-16 00:00:00,0.6449884312608075,0.06204486514512146,0.07028706415795968,0.20201324124962183,0.28114104961828035,0.0,True,True,2000,1.8761811746653354,34.37772641418053,10.767256594270862
289,2023-02-16 06:00:00,0.6356333058160523,0.06736035900651906,0.07355199054453974,0.2142404510025905,0.2884815889866043,0.0,True,True,2000,1.8951130330063932,33.540654026725164,11.304890382328333
290,2023-02-16 12:00:00,0.6370278962386432,0.06574321817307438,0.07297061768941318,0.21052439787329438,0.30058579417661574,0.0,True,True,2000,1.8934039421153184,33.64458487009133,11.118831707833865
291,2023-02-16 18:00:00,0.6587835571893279,0.07019472935508123,0.07676089482066062,0.22557714475031387,0.30192943848417164,0.0,True,True,2000,1.890631589844358,34.84462868006774,11.931311523726524
292,2023-02-17 00:00:00,0.6614349568538077,0.06661972996181689,0.07180997578763124,0.20411870809395197,0.27979058267147583,0.0,True,True,2000,1.8861269721782452,35.068421511937316,10.822108538017455
293,2023-02-17 06:00:00,0.637389006174253,0.06957219207964406,0.07265265989779603,0.21082856109996873,0.2790846128833907,0.0,True,True,2000,1.8511416650134256,34.43221111711244,11.389110033263698
294,2023-02-17 12:00:00,0.6173596747156614,0.07003466702503454,0.07446393808262519,0.21707133342032392,0.2872426657018221,0.0,True,True,2000,1.850470297482717,33.36231203254034,11.730603496614693
295,2023-02-17 18:00:00,0.6302247758449077,0.06976082294711168,0.07349224067556337,0.21704380892656386,0.2903856525557885,0.0,True,True,2000,1.8395823691109825,34.25912241969775,11.798537133809067
296,2023-02-18 00:00:00,0.6521316122146913,0.06659619505664587,0.06966267577163111,0.20330511394355583,0.26790223004016106,0.0,True,True,2000,1.8705211198767822,34.863632668186575,10.86890234935964
297,2023-02-18 06:00:00,0.688441836871516,0.06483605268646175,0.07322846975905056,0.21230779159795624,0.28375285559304847,0.0,True,True,2000,1.8874528445995342,36.47465094777425,11.248375937201342
298,2023-02-18 12:00:00,0.6807168916117593,0.06288637299165581,0.06985592762137911,0.19991560270108247,0.2697216818872664,0.0,True,True,2000,1.924330687600223,35.37421587662054,10.38883825889569
299,2023-02-18 18:00:00,0.6873190949131995,0.05695224250073555,0.06511423394098778,0.19131823434039147,0.26062130800537037,0.0,True,True,2000,1.9415052148707712,35.4013519844678,9.854119003905216
300,2023-02-19 00:00:00,0.7056544165623745,0.05758205708155839,0.06658175086721276,0.19012162846065558,0.25945923488631095,0.0,True,True,2000,1.936657992717283,36.436707937899044,9.816995524021257
301,2023-02-19 06:00:00,0.7293927131435394,0.06011912572188811,0.06776142218590056,0.1955101223826464,0.2633580404796234,0.0,True,True,2000,1.947708010398502,37.448771029817,10.037958530685763
302,2023-02-19 12:00:00,0.756717087772924,0.05881239931751064,0.06636516725481235,0.18728479327228803,0.26256982742602264,0.0,True,True,2000,1.9591084214767331,38.625584958821584,9.55969517660063
303,2023-02-19 18:00:00,0.713575320775519,0.0525307221198738,0.060968474618432,0.17881175404013153,0.240114263529931,0.0,True,True,2000,1.9795382391534306,36.04756435928647,9.033003278411138
304,2023-02-20 00:00:00,0.730543433508604,0.054904382942623814,0.062241845583744126,0.1810393039793493,0.24127024383584308,0.0,True,True,2000,2.031985665976219,35.952194237434824,8.909477414663419
305,2023-02-20 06:00:00,0.726961708983834,0.0558693078397655,0.06252853927357847,0.17964480716374387,0.23889179762874474,0.0,True,True,2000,2.055008321985625,35.3751223878946,8.741804363602986
306,2023-02-20 12:00:00,0.7197096386184937,0.05228377324867536,0.06011353361467795,0.1710260680242977,0.23142714547057777,0.0,True,True,2000,2.0823709231646315,34.56202882072195,8.213045337973943
307,2023-02-20 18:00:00,0.6942906089441602,0.052166276838406744,0.06010620911383766,0.17404203680576263,0.23065748443964873,0.0,True,True,2000,2.0999633453453304,33.06203465327567,8.28786069964198
308,2023-02-21 00:00:00,0.6711106565192775,0.051166734801144385,0.05990894764957638,0.17021336086713598,0.23728294996520458,0.0,True,True,2000,2.132336127677409,31.473023779335723,7.98248262353161
309,2023-02-21 06:00:00,0.6605610629183041,0.05034417557998729,0.058075334032931386,0.1692759554584521,0.22286902722205457,0.0,True,True,2000,2.1308257245706526,31.000238794817577,7.944148294556566
310,2023-02-21 12:00:00,0.66771197455388,0.05015167622079095,0.06018990756052474,0.17397117008817647,0.2368018160516787,0.0,True,True,2000,2.1298650085086135,31.349966870502705,8.168178236328488
311,2023-02-21 18:00:00,0.6398999110925413,0.04928339489461909,0.05714072287486697,0.1609209917933412,0.2201092770040339,0.0,True,True,2000,2.1355168832452405,29.96463835584932,7.535458654337466
312,2023-02-22 00:00:00,0.6679370757332929,0.05039366662787537,0.0588663491413061,0.16716426396345535,0.23212610075059475,0.0,True,True,2000,2.1733391216046076,30.733219178429238,7.691586752463903
313,2023-02-22 06:00:00,0.6740554175588102,0.04851885787355598,0.05862718745104128,0.169161247730348,0.2259968549763767,0.0,True,True,2000,2.1526145526339096,31.313335531158852,7.858408627934091
314,2023-02-22 12:00:00,0.6802561799274172,0.048942685127864066,0.05988117142975179,0.1648728809391027,0.23588063963366648,0.0,True,True,2000,2.1576633710187183,31.527447194241486,7.641269864133611
315,2023-02-22 18:00:00,0.6592014362906327,0.048301223360499676,0.057655152473146475,0.16617465396725936,0.2256968877873204,0.0,True,True,2000,2.168379108238865,30.40065428531219,7.663542474462627
316,2023-02-23 00:00:00,0.6739121199969961,0.04975736602285903,0.057643919111284206,0.16261241178633112,0.22543007895218867,0.0,True,True,2000,2.1405698869330685,31.482836608645055,7.596687815659984
317,2023-02-23 06:00:00,0.6633794383509865,0.05162690543093677,0.06039424702051896,0.17429363097070483,0.23349355825458157,0.0,True,True,2000,2.1752381244175476,30.49686518935099,8.012623032587502
318,2023-02-23 12:00:00,0.6615988482048883,0.050262100695905164,0.05902556499932733,0.16936646142481748,0.23283634668826297,0.0,True,True,2000,2.1672491295396217,30.527124878597995,7.814812755781113
319,2023-02-23 18:00:00,0.6797358431536916,0.047908284246389966,0.058084523208442235,0.16566619371970295,0.23610231605662865,0.0,True,True,2000,2.180770417138034,31.169527879314913,7.5966819990669805
320,2023-02-24 00:00:00,0.6938200309218959,0.047439282735102596,0.057425233967858216,0.16541231438251922,0.21578027396649113,0.0,True,True,2000,2.1459956559983357,32.330914975646806,7.707951967198554
321,2023-02-24 06:00:00,0.7166647182170975,0.04347993390605517,0.05367785340156547,0.15298158788757302,0.21459736037073535,0.0,True,True,2000,2.154344903353177,33.26601590588532,7.101072240079176
322,2023-02-24 12:00:00,0.7239363804729523,0.0418681347476927,0.052959764275236715,0.1484566420869767,0.21580524910673318,0.0,True,True,2000,2.179326503609679,33.21835343505787,6.812042245211254
323,2023-02-24 18:00:00,0.729131050461305,0.0396642239451665,0.053108614024808945,0.1508959078621747,0.21245796593651992,0.0,True,True,2000,2.204479918907126,33.074969030462874,6.844966314639035
324,2023-02-25 00:00:00,0.74879188081511,0.04316217011247995,0.0544531578981206,0.15892138581495238,0.20656008709323853,0.0,True,True,2000,2.2052703354744216,33.95465257795806,7.206435567490798
325,2023-02-25 06:00:00,0.7753144596904292,0.04412193299437493,0.05446240462161603,0.15219202652907388,0.21486903019551537,0.0,True,True,2000,2.213318111175865,35.02950867187046,6.876193067801678
326,2023-02-25 12:00:00,0.8061759548180574,0.04252923782751053,0.05335657464729789,0.14897959361540059,0.21573795888231448,0.0,True,True,2000,2.2169772204005467,36.36374552700201,6.719942462398603
327,2023-02-25 18:00:00,0.7976549525853026,0.0393511670494449,0.051152630307089476,0.14502294468013635,0.20168702077302067,0.0,True,True,2000,2.193913100778345,36.357636603852484,6.610241063271187
328,2023-02-26 00:00:00,0.7868162135437435,0.04429591395078179,0.05559318498593433,0.15679881535628404,0.22312784525039006,0.0,True,True,2000,2.190891681098524,35.91305861133354,7.156849273244961
329,2023-02-26 06:00:00,0.8075251561932921,0.040893924553877616,0.05327443712902821,0.1499308965109398,0.21851256675599448,0.0,True,True,2000,2.2009604978719692,36.689670576735,6.812066670705934
330,2023-02-26 12:00:00,0.814156340795955,0.0422894269802548,0.05225606107419401,0.14819879404073014,0.2159781493991083,0.0,True,True,2000,2.217276973053677,36.71874784658423,6.6838196509400385
331,2023-02-26 18:00:00,0.8077289181987907,0.040998523344557995,0.05187549271776678,0.14860181408051482,0.2057687066433111,0.0,True,True,2000,2.216088541646986,36.44840461105812,6.70559011013498
332,2023-02-27 00:00:00,0.8192203903977999,0.04112851468533129,0.05137841143137035,0.1458138252903615,0.19942808000911216,0.0,True,True,2000,2.1946755018448876,37.32763179381859,6.643981088219535
333,2023-02-27 06:00:00,0.811595363330196,0.0427839694930307,0.05223699573610278,0.14965456776633984,0.2093085327498467,0.0,True,True,2000,2.169833178708925,37.40358343184264,6.897054079308805
334,2023-02-27 12:00:00,0.8181750274457337,0.04457946437729249,0.05513395932282664,0.1564274417058438,0.21612107455592,0.0,True,True,2000,2.1667086758148573,37.76119219802514,7.219588099309865
335,2023-02-27 18:00:00,0.7776236639684633,0.04306687475681838,0.05317521866744837,0.14825307706501564,0.2196039706456974,0.0,True,True,2000,2.1623729387250314,35.96158877325584,6.856036459299567
336,2023-02-28 00:00:00,0.7970587274044668,0.041129115167074785,0.05285928648466161,0.15030178078746176,0.21192329098197465,0.0,True,True,2000,2.166716889106021,36.78647318493604,6.936844473920896
337,2023-02-28 06:00:00,0.8127957309291192,0.0420284156501923,0.05232533400884667,0.153271621676378,0.20033915478703695,0.0,True,True,2000,2.1765592550999893,37.34314740224153,7.041922764897887
338,2023-02-28 12:00:00,0.8071244853162063,0.04436435104444336,0.05505091105194022,0.15648366854559229,0.21558226953785198,0.0,True,True,2000,2.1728874697771428,37.14525011269853,7.201646229827157
339,2023-02-28 18:00:00,0.8006482569386079,0.042040413822261924,0.05248273778396041,0.14759887591988877,0.20283104393212173,0.0,True,True,2000,2.193059209116707,36.50828274997112,6.730273186711488
340,2023-03-01 00:00:00,0.7905345989222129,0.04119548803019387,0.05356846529795506,0.15248545077694683,0.21111898140452545,0.0,True,True,2000,2.192526603643529,36.05587259960753,6.954782237239327
341,2023-03-01 06:00:00,0.7618507726975934,0.04009915325504395,0.05081987531751877,0.14408570863087908,0.2021902911205228,0.0,True,True,2000,2.221731583378287,34.2908557630148,6.485288758950233
342,2023-03-01 12:00:00,0.7719208980966027,0.04194474631676563,0.05282756652942573,0.1520849763800475,0.20584445883720365,0.0,True,True,2000,2.2035372860003335,35.03098871985622,6.901856272017014
343,2023-03-01 18:00:00,0.7771146894960335,0.04229336482133664,0.053572492481022985,0.155598258216573,0.2124008661739985,0.0,True,True,2000,2.171811216367151,35.781871077907724,7.164446755038247
344,2023-03-02 00:00:00,0.7775699931134116,0.0413313884432271,0.0511520406411703,0.146983138055333,0.19078562385960596,0.0,True,True,2000,2.1732189193453646,35.779644019832006,6.763383879411859
345,2023-03-02 06:00:00,0.7731793443240039,0.04255795409549211,0.05377597337385558,0.15260686350866137,0.21923227608094276,0.0,True,True,2000,2.191034185003972,35.28832866305107,6.96506081708555
346,2023-03-02 12:00:00,0.7650446383286469,0.04154710362140517,0.05094302294340911,0.14267919707016408,0.20577934497072006,0.0,True,True,2000,2.2043567117157474,34.70602712630748,6.472600206302845
347,2023-03-02 18:00:00,0.7578671657353091,0.039550470646135684,0.0503192278171624,0.1400113494942586,0.19545770440056925,0.0,True,True,2000,2.194335810269515,34.537428692020725,6.38057989296825
348,2023-03-03 00:00:00,0.7748005491545357,0.04320531704792012,0.053490788219875435,0.15028747190811115,0.21339271958933242,0.0,True,True,2000,2.2282805549146953,34.771229657128934,6.744548911340501
349,2023-03-03 06:00:00,0.7711284783520519,0.039296003755788615,0.05212756443217295,0.1458841414616104,0.20328264408873756,0.0,True,True,2000,2.2318681829666707,34.550807446300134,6.536413869554631
350,2023-03-03 12:00:00,0.7791435884738536,0.040915489327533146,0.05342430848685378,0.14896868330191276,0.21049757919775994,0.0,True,True,2000,2.248701278144476,34.64860344263986,6.62465418371776
351,2023-03-03 18:00:00,0.791046342613632,0.04107248597390227,0.052173871038713814,0.15030062886253165,0.21818284462572474,0.0,True,True,2000,2.2458025933668972,35.223324834962405,6.692512926401141
352,2023-03-04 00:00:00,0.8221097724255064,0.04397920378654416,0.053996640644654724,0.1503367539944121,0.21482640396553676,0.0,True,True,2000,2.284767460693068,35.982207667476374,6.5799586426536605
353,2023-03-04 06:00:00,0.7895029464785902,0.044035877901001344,0.05355375417520896,0.15304513110751802,0.19813332487846796,0.0,True,True,2000,2.2190931444407713,35.577729058216306,6.896742098948108
354,2023-03-04 12:00:00,0.8037967885921602,0.04529392062941194,0.05457253104834504,0.15435570890335165,0.2141172715560402,0.0,True,True,2000,2.2517224870825543,35.69697390345824,6.855005880557809
355,2023-03-04 18:00:00,0.8089512908807579,0.045992467548953045,0.05417555048734398,0.1521505393483988,0.21990379848697572,0.0,True,True,2000,2.2808519116886345,35.467067666039256,6.670776764097488
356,2023-03-05 00:00:00,0.8356436487451792,0.05085533735168041,0.05636024518523533,0.1588740669148254,0.2144246818840736,0.0,True,True,2000,2.2933800085176292,36.437208209786114,6.927507274187706
357,2023-03-05 06:00:00,0.8175695539761628,0.05227068290653413,0.05936687085512623,0.17030875715348476,0.22575359327315617,0.0,True,True,2000,2.3183959483516197,35.2644488771409,7.345973722675557
358,2023-03-05 12:00:00,0.8135843584117669,0.05323352694572988,0.060024900112059756,0.17653697959875048,0.23549296564961567,0.0,True,True,2000,2.3001500266769748,35.37092576466204,7.6750202183026
359,2023-03-05 18:00:00,0.7852005833172035,0.04575845968384146,0.05366664764414405,0.15115905263213483,0.21057425229121346,0.0,True,True,2000,2.2731991388414987,34.54165409007541,6.64961771493415
360,2023-03-06 00:00:00,0.7592589213494841,0.04648052708139225,0.05465087206693929,0.1512809467609838,0.21527361798111594,0.0,True,True,2000,2.250721285377487,33.73402678875642,6.721442932264766
361,2023-03-06 06:00:00,0.7681140559765204,0.0451109275397,0.0529520357728425,0.15238774027068624,0.20756106873913022,0.0,True,True,2000,2.304223099040541,33.335055806720995,6.613410842645368
362,2023-03-06 12:00:00,0.7643901026598761,0.0447425094754424,0.05456910075316953,0.15912436209100855,0.21221729193570357,0.0,True,True,2000,2.2935725068206665,33.32748802955735,6.937838747970762
363,2023-03-06 18:00:00,0.7542407091649214,0.04687282524882933,0.0539584453186548,0.15984974585898923,0.2079012242502942,0.0,True,True,2000,2.2784542838587134,33.103175012472256,7.015710036028157
364,2023-03-07 00:00:00,0.7644220195213094,0.04226719561508076,0.05229155278909201,0.1458673501176258,0.21561057339349513,0.0,True,True,2000,2.2229238400803712,34.388133580576074,6.561958960877035
365,2023-03-07 06:00:00,0.8062395203816044,0.042513064347138495,0.052411841700865845,0.15355239743542476,0.20068735049241326,0.0,True,True,2000,2.202237126438625,36.61002308527168,6.972564198104493
366,2023-03-07 12:00:00,0.8011384318125585,0.04429365178834655,0.05223542283182926,0.1503045821552567,0.19553149622094027,0.0,True,True,2000,2.1774423636623355,36.79263548749409,6.902804164352385
367,2023-03-07 18:00:00,0.7800866450582907,0.044237017065452224,0.05370085483774391,0.1543034284996264,0.2120582356908915,0.0,True,True,2000,2.1614937009703907,36.09016508852536,7.1387406047194455
368,2023-03-08 00:00:00,0.7823869756596966,0.04271493964338195,0.053077250670708336,0.14946132617707797,0.21218389435574556,0.0,True,True,2000,2.132889107452838,36.68202781503475,7.007458833880458
369,2023-03-08 06:00:00,0.7626176905947198,0.042843717986308164,0.052224978466568206,0.1452989212218814,0.20591213738952055,0.0,True,True,2000,2.1141742087689446,36.07165802286378,6.872608729177858
370,2023-03-08 12:00:00,0.7592557494579926,0.03985998108537806,0.04960555390520337,0.13938174464878383,0.19823799791487026,0.0,True,True,2000,2.0922427961605843,36.28908417566457,6.661834128646987
371,2023-03-08 18:00:00,0.7397589032825098,0.04417893260920994,0.05327666950402452,0.15285947721454843,0.20290266682047833,0.0,True,True,2000,2.061775820403388,35.87969632594564,7.413971766563902
372,2023-03-09 00:00:00,0.7545508528023656,0.04638403707039131,0.053398599473648424,0.15140010982929009,0.2014663523011685,0.0,True,True,2000,2.0334322978076096,37.10725228550276,7.445544658286655
373,2023-03-09 06:00:00,0.7529047397687727,0.040816869030275225,0.05171246944730093,0.14328305200232258,0.2146279757821164,0.0,True,True,2000,2.0205754798889606,37.26189628957331,7.0912001768029285
374,2023-03-09 12:00:00,0.7536970415201658,0.04481194090038387,0.053074001568351466,0.1501981675838984,0.2006001045255754,0.0,True,True,2000,2.0306205419377936,37.11658707051801,7.396663457396444
375,2023-03-09 18:00:00,0.7556052555845912,0.04558899809353742,0.05383080616489146,0.15153067157883088,0.2072748768089352,0.0,True,True,2000,1.9993914854953863,37.791761196651095,7.578839495822217
376,2023-03-10 00:00:00,0.7758216512832925,0.046085014354599975,0.05319313739061486,0.14971805462082435,0.20999766644948786,0.0,True,True,2000,1.9854025889001488,39.07628889076213,7.540941845137993
377,2023-03-10 06:00:00,0.7877278104575638,0.04784067139576318,0.05420760345383149,0.15476442975409613,0.2245240884532312,0.0,True,True,2000,1.9745281576152198,39.894483521012916,7.838046226751018
378,2023-03-10 12:00:00,0.8069811477637018,0.049475437355847404,0.05353208264400087,0.15564232463997346,0.20253315628445742,0.0,True,True,2000,1.9782555852972392,40.792562587025394,7.867655008621533
379,2023-03-10 18:00:00,0.809806839844322,0.04732597148758585,0.05553900844058573,0.15704473783086575,0.21646051073759703,0.0,True,True,2000,1.9716313629228512,41.07293356521887,7.965218082048272
380,2023-03-11 00:00:00,0.8148783397097898,0.04616801557782027,0.05448014832094699,0.15846230428365957,0.21387349207675913,0.0,True,True,2000,1.9963797555933378,40.81780219553481,7.937483028451342
381,2023-03-11 06:00:00,0.814015455428756,0.04543795844099097,0.05459983474414943,0.15955483448684327,0.21316072590379045,0.0,True,True,2000,2.00040611371495,40.69250987825915,7.976122118050036
382,2023-03-11 12:00:00,0.8077712259393414,0.04798099876951171,0.05438443374497915,0.15565561397854644,0.2002479716206853,0.0,True,True,2000,2.000992243816606,40.36853358305045,7.778921405595038
383,2023-03-11 18:00:00,0.8013289089722199,0.04967203781946409,0.056986921253645,0.16387441255307525,0.21840740241821802,0.0,True,True,2000,2.0266955029688734,39.538692803056314,8.08579346591623
384,2023-03-12 00:00:00,0.7859429337906629,0.04854327411696855,0.054998991550836734,0.15738165207763316,0.21682618370044382,0.0,True,True,2000,2.030972530309992,38.6978613477703,7.749078322276059
385,2023-03-12 06:00:00,0.7861609019156127,0.044242961807363076,0.052802449551378534,0.1489404687658284,0.2048101908986192,0.0,True,True,2000,2.011870771631195,39.076113287246834,7.4030832827831015
386,2023-03-12 12:00:00,0.7897483859276241,0.047600327772559806,0.0546849453534542,0.15525521991082192,0.20870116584091128,0.0,True,True,2000,2.0626660247020734,38.28774879063097,7.526919920700522
387,2023-03-12 18:00:00,0.7933639257652718,0.04810050388518906,0.054151138242988055,0.1557007972708207,0.2119261390315381,0.0,True,True,2000,2.0692872423026136,38.339961197578866,7.524368492097963
388,2023-03-13 00:00:00,0.7887996610472106,0.050412548271094065,0.05523976537444501,0.16155667799736817,0.2219813330888511,0.0,True,True,2000,2.1018563336784624,37.52871442296586,7.686380625008159
389,2023-03-13 06:00:00,0.7599824085293201,0.04220099135070633,0.050523963124458476,0.14215411764710445,0.19413388619747157,0.0,True,True,2000,2.1171052723938084,35.897242259947184,6.714551208234012
390,2023-03-13 12:00:00,0.7623975240685257,0.04294484735010053,0.05163538905843563,0.14823739417465248,0.19415665340814897,0.0,True,True,2000,2.142255763891824,35.588538815901344,6.919687026788549
391,2023-03-13 18:00:00,0.7278068378011541,0.04704390344472597,0.05429542452001006,0.15382472116557344,0.2208047291105045,0.0,True,True,2000,2.1702511021667945,33.53560503088819,7.087876652245158
392,2023-03-14 00:00:00,0.7202660137217622,0.04946516337248524,0.05497925228103146,0.15464075993631154,0.22822188890385184,0.0,True,True,2000,2.1903594175120777,32.88346231961681,7.060063234369107
393,2023-03-14 06:00:00,0.7254803773419002,0.04951554542735188,0.058327579703039055,0.16959028105848936,0.23087908566768994,0.0,True,True,2000,2.2111297748102428,32.810393383814855,7.66984746849802
394,2023-03-14 12:00:00,0.7236258404103576,0.05086404814859805,0.05699707957246164,0.16494922451097785,0.2255038508027427,0.0,True,True,2000,2.2238115690906013,32.53989009088009,7.417410126094078
395,2023-03-14 18:00:00,0.7061099676320528,0.04928911306208978,0.056659903423438185,0.16655023034459315,0.21395556386474524,0.0,True,True,2000,2.253886345470291,31.328552526667774,7.389468891335829
396,2023-03-15 00:00:00,0.6771290979010971,0.05375454719603883,0.057277624762982336,0.16696333201829433,0.2114139204658421,0.0,True,True,2000,2.249807858798912,30.097196756286156,7.421226277848891
397,2023-03-15 06:00:00,0.6519787556091396,0.055528656326256316,0.060235475246686696,0.1749177400538976,0.23819881589499078,0.0,True,True,2000,2.256335441624908,28.895471106885367,7.752293246252869
398,2023-03-15 12:00:00,0.6479658133471774,0.05037642657244068,0.05707149005930282,0.1667748788970948,0.2192478355029783,0.0,True,True,2000,2.268137446106812,28.56818992426543,7.352944116475779
399,2023-03-15 18:00:00,0.6766052482892954,0.047111791328063375,0.05581495923304431,0.16286368250100092,0.2259366400104631,0.0,True,True,2000,2.2908981578884897,29.534497025084665,7.1091629254751165
400,2023-03-16 00:00:00,0.7027483684072244,0.05142323116056809,0.05951242494468196,0.16811257605369048,0.23227295758010758,0.0,True,True,2000,2.28365921732624,30.772908806858585,7.361543910676851
401,2023-03-16 06:00:00,0.7024509100528494,0.05286323523639595,0.05832247545318183,0.16563648107785509,0.22063170876066754,0.0,True,True,2000,2.2849211777495815,30.742894629944885,7.249111378143487
402,2023-03-16 12:00:00,0.7277143355853156,0.052499899289556354,0.05868856460057048,0.16855332915206317,0.23636604919834464,0.0,True,True,2000,2.2750260861313323,31.987076544814013,7.408852592045968
403,2023-03-16 18:00:00,0.730553209980733,0.05353135002281134,0.057052899147619025,0.16507509070774215,0.2154561755748875,0.0,True,True,2000,2.2655054353887656,32.246808971145484,7.286457499909503
404,2023-03-17 00:00:00,0.7130900846868568,0.054781209859605426,0.06040827531216021,0.17458835008434093,0.22979876379237973,0.0,True,True,2000,2.260702650387329,31.54285171314689,7.722747175725586
405,2023-03-17 06:00:00,0.7524680314354703,0.05332176208464564,0.05850347389372515,0.16890752568537523,0.2300728775821121,0.0,True,True,2000,2.2070928816312305,34.09317467778393,7.652941436725495
406,2023-03-17 12:00:00,0.7651494366996123,0.054943681840532464,0.060048342602147364,0.1719707916303756,0.24821808755861186,0.0,True,True,2000,2.2110578525549034,34.605581930634386,7.777760832067841
407,2023-03-17 18:00:00,0.7604892877340592,0.05575296259917721,0.05869655871371791,0.17065595510725667,0.2317002855316642,0.0,True,True,2000,2.2188903098544395,34.273406141646895,7.691049636358627
408,2023-03-18 00:00:00,0.8216281947467889,0.057982868602215645,0.059559717543575065,0.17656697082807227,0.23094135249648612,0.0,True,True,2000,2.2293451457445803,36.85513642044749,7.920127180176964
409,2023-03-18 06:00:00,0.8396572079133316,0.05835794052491896,0.06138414042421345,0.17786223485910604,0.2323237902376489,0.0,True,True,2000,2.221448662752577,37.79773181311874,8.00658767593209
410,2023-03-18 12:00:00,0.8519598311038723,0.06020892341021822,0.062216698863304054,0.1804558872207005,0.24883543995622268,0.0,True,True,2000,2.1791943290916755,39.095174750155635,8.280853378317918
411,2023-03-18 18:00:00,0.8210356821036126,0.056977719664074014,0.059509872149541454,0.1715056035792887,0.22950283424544693,0.0,True,True,2000,2.1850414041769493,37.57529173287571,7.849077974057457
412,2023-03-19 00:00:00,0.8177661441837664,0.059158206508314444,0.062296210341007026,0.18060211568610623,0.2397581173266147,0.0,True,True,2000,2.183910051502079,37.44504695242884,8.269668229325163
413,2023-03-19 06:00:00,0.8121721739073482,0.062489099279567605,0.06401261188276566,0.18937213548112156,0.24223779544173143,0.0,True,True,2000,2.1654649707232307,37.50567129405449,8.745102693481774
414,2023-03-19 12:00:00,0.8304712630457316,0.06433349863750988,0.0652347419375994,0.1889922886470909,0.25909029861402627,0.0,True,True,2000,2.1609156196202624,38.431452644674316,8.745935608550162
415,2023-03-19 18:00:00,0.8280038609324907,0.060655276853492264,0.06210110915916982,0.18372701802470454,0.23931982664420284,0.0,True,True,2000,2.172797537903224,38.10773192110318,8.455781766119054
416,2023-03-20 00:00:00,0.8141459354389361,0.0646981526431044,0.06291247126861868,0.18560570366231657,0.24689767313494806,0.0,True,True,2000,2.1994517967271308,37.01585716269921,8.438725683304586
417,2023-03-20 06:00:00,0.8056617825121534,0.06560755444390688,0.06469428054746652,0.19013175993439235,0.2654160476496263,0.0,True,True,2000,2.1908504731157126,36.773928316814036,8.678445300924482
418,2023-03-20 12:00:00,0.8080785573348743,0.05970551291496392,0.05977973528752404,0.17376452018019795,0.22139298079250336,0.0,True,True,2000,2.19379457180448,36.83474139833425,7.9207288783320315
419,2023-03-20 18:00:00,0.8081547481282019,0.05751945266612448,0.06238091827614884,0.17886222276946256,0.2446913910159883,0.0,True,True,2000,2.165588664865322,37.31801709344747,8.259288833162877
420,2023-03-21 00:00:00,0.8016117263292731,0.056141289592313466,0.059205587246123,0.17194952151266982,0.22885282999476103,0.0,True,True,2000,2.1730937114392845,36.88804224638565,7.9126602137550766
421,2023-03-21 06:00:00,0.8127857521552554,0.05710025818893765,0.0609613430367153,0.1741973205977741,0.23635933273502205,0.0,True,True,2000,2.1608824717476125,37.61360290446131,8.061397270574004
422,2023-03-21 12:00:00,0.8243674982398271,0.05954715388243006,0.06059877019109141,0.17662707609831718,0.2332295057761136,0.0,True,True,2000,2.133574141194811,38.63786508858688,8.278459730459858
423,2023-03-21 18:00:00,0.7766625769029532,0.05808405059982765,0.06001504240371614,0.17615446565515383,0.23696995306117566,0.0,True,True,2000,2.137656739459061,36.3324271182795,8.240540326401053
424,2023-03-22 00:00:00,0.8115254805300757,0.05485664845108192,0.05953500779709057,0.16672587703880773,0.23110889372117188,0.0,True,True,2000,2.089441873583646,38.839342256418504,7.979445570929075
425,2023-03-22 06:00:00,0.8053123588703041,0.05512016134857485,0.058826221992592145,0.16896126835367017,0.22838449228361135,0.0,True,True,2000,2.096539355523814,38.411506883880996,8.059055409978495
426,2023-03-22 12:00:00,0.8222616923070861,0.0559046370816271,0.05992645770375903,0.1732307583471725,0.23176700182906673,0.0,True,True,2000,2.060506764527923,39.90579921709077,8.407191926247373
427,2023-03-22 18:00:00,0.7965376465123842,0.06103860566063339,0.06350699317175076,0.18391725359007602,0.2432661222000734,0.0,True,True,2000,2.0428403460436795,38.99167392376109,9.003016508180103
428,2023-03-23 00:00:00,0.8331424152113286,0.06432356675646522,0.06563859660975631,0.19002745051118536,0.26408064281589294,0.0,True,True,2000,1.9703340110056817,42.28432390435584,9.644428277122065
429,2023-03-23 06:00:00,0.8323259250419107,0.06228027239773655,0.06518842996690899,0.18668075922012536,0.2501345206254842,0.0,True,True,2000,1.9678373755664662,42.29647913879649,9.486594854739305
430,2023-03-23 12:00:00,0.8404408065125043,0.06703556696660164,0.06668729388558933,0.20083011368197287,0.26544821599630025,0.0,True,True,2000,1.9708129794733515,42.644371397284495,10.19021671633396
431,2023-03-23 18:00:00,0.8051553466560126,0.06190832415957094,0.0626053848407925,0.1798155161917681,0.24436488576491086,0.0,True,True,2000,1.9710238606189092,40.84959917244181,9.122949741222582
432,2023-03-24 00:00:00,0.837289939676491,0.06790222510586288,0.06481299092867664,0.18795930396166532,0.26516853041643107,0.0,True,True,2000,1.9752647372778838,42.388745360298486,9.51565126509029
433,2023-03-24 06:00:00,0.8270348237843621,0.06730931087181707,0.06731298301911544,0.198724665421138,0.26180870137708506,0.0,True,True,2000,1.9553126928933267,42.29680637732563,10.1633189485964
434,2023-03-24 12:00:00,0.8294035232662519,0.06854870413615487,0.06838102685665538,0.19832565268209965,0.2648834474952646,0.0,True,True,2000,1.9057275057595608,43.52162209757678,10.406821126457611
435,2023-03-24 18:00:00,0.8104230986445289,0.06886624764159187,0.06744541107828841,0.19725188436775667,0.2730665794258323,0.0,True,True,2000,1.9145121985248938,42.330526766502146,10.302983941274265
436,2023-03-25 00:00:00,0.8305029246336977,0.07216721342084623,0.06980525530463112,0.2029607956061105,0.27217032705064376,0.0,True,True,2000,1.9271863986375108,43.09406320119577,10.531456414885474
437,2023-03-25 06:00:00,0.8168296720239105,0.07043323973766255,0.06921644258816444,0.20386282289931915,0.26868440647604297,0.0,True,True,2000,1.920005626809622,42.54308740652994,10.617824242425158
438,2023-03-25 12:00:00,0.8285970433986126,0.07237344804546665,0.0711540612148763,0.20753614076367444,0.2811456698913177,0.0,True,True,2000,1.8758561004613827,44.17167410628204,11.063542705254905
439,2023-03-25 18:00:00,0.7808792806721664,0.0737182747203575,0.07168401090767466,0.21138055910211132,0.29039362925693457,0.0,True,True,2000,1.8014414363441025,43.347469693875,11.733967856934232
440,2023-03-26 00:00:00,0.8016328232708471,0.07648439329733582,0.0731201063590022,0.21193958524509723,0.29581079691887036,0.0,True,True,2000,1.7380407239809215,46.1227871251909,12.194166817890034
441,2023-03-26 06:00:00,0.7995216384801176,0.07589265566954718,0.07207597458162049,0.20972660086062722,0.27628384759223384,0.0,True,True,2000,1.7100773180172868,46.75353740187059,12.264158974039274
442,2023-03-26 12:00:00,0.7931289488500011,0.0707184940507387,0.0716520121219191,0.20300976498744128,0.2769330394066719,0.0,True,True,2000,1.730275232073472,45.83831139393682,11.732801881707855
443,2023-03-26 18:00:00,0.7809711620680302,0.07569970908482648,0.07092616594753441,0.2081684127059498,0.2836359785186941,0.0,True,True,2000,1.73818158403725,44.930355334572084,11.976217825438003
444,2023-03-27 00:00:00,0.7772884365282233,0.07711227543053212,0.0737194027420245,0.22008602860882423,0.2794707685861068,0.0,True,True,2000,1.7560378272468085,44.26376382488807,12.533102943111684
445,2023-03-27 06:00:00,0.7597383152987518,0.07839165582690302,0.0741440189991189,0.2213206330300557,0.30168427580411544,0.0,True,True,2000,1.7573929752701962,43.23098623868935,12.593690548696316
446,2023-03-27 12:00:00,0.745790693898498,0.07598900524878491,0.07310354333709809,0.21419055148962418,0.2806776232805027,0.0,True,True,2000,1.7908316813713978,41.64493523631323,11.96039548091977
447,2023-03-27 18:00:00,0.7560089610838943,0.07954284714511878,0.0748092603374065,0.21834698034762015,0.29198731781802634,0.0,True,True,2000,1.727331704448166,43.767445426784306,12.640709354511378
448,2023-03-28 00:00:00,0.7500142227117775,0.07711848310540385,0.07412466549714938,0.21637753243926555,0.28341644730245086,0.0,True,True,2000,1.7360776035068626,43.20165303652065,12.46358642045636
449,2023-03-28 06:00:00,0.751977642497697,0.0771887767896348,0.0750621154947011,0.2187375578741577,0.28689414636836463,0.0,True,True,2000,1.70698122979922,44.0530703777069,12.814291923988305
450,2023-03-28 12:00:00,0.7604827837565293,0.07633787358847498,0.07429884297197492,0.21800562372618396,0.3027991878940531,0.0,True,True,2000,1.6385835459737725,46.41098622191961,13.304516834790272
451,2023-03-28 18:00:00,0.7193083270972999,0.07402155442668988,0.0719107345430437,0.21602732947378436,0.28270090575554124,0.0,True,True,2000,1.6523890554902656,43.531414391018245,13.073635942819099
452,2023-03-29 00:00:00,0.7472875804376116,0.07325092399551023,0.07246486155204608,0.2111571806076197,0.28018916238072095,0.0,True,True,2000,1.65658479310966,45.1101316120885,12.746536216310773
453,2023-03-29 06:00:00,0.7611011631353001,0.07045667540243943,0.07101543889562473,0.20492319231049586,0.27107308135046254,0.0,True,True,2000,1.6500646532645484,46.12553584670211,12.419100785237008
454,2023-03-29 12:00:00,0.7652034969057453,0.06985488573363606,0.07054698443476415,0.20304159974792374,0.2722974019904761,0.0,True,True,2000,1.6768886147136708,45.63233897538293,12.108234140679233
455,2023-03-29 18:00:00,0.7443897755705979,0.06770845652405505,0.07055670077129478,0.20492455688783892,0.276081888705375,0.0,True,True,2000,1.6723245491279504,44.5122793873215,12.253874823203354
456,2023-03-30 00:00:00,0.76285506935797,0.06684896491308714,0.06944610792731411,0.19732770390423526,0.2731037787642196,0.0,True,True,2000,1.7122940466240444,44.55163941392038,11.524171581001884
457,2023-03-30 06:00:00,0.7617636752240499,0.06443777585378055,0.06827535151941104,0.19927937423062325,0.26701617773916564,0.0,True,True,2000,1.734243314900718,43.92484426371621,11.490854398480504
458,2023-03-30 12:00:00,0.7493454704420766,0.06411906346418507,0.07005473019160936,0.20253801325283544,0.27113029130707755,0.0,True,True,2000,1.7405038529887211,43.05336464238971,11.636746043684164
459,2023-03-30 18:00:00,0.7408734758368436,0.06323507898055633,0.067076502303266,0.1967490915762196,0.25847754099217274,0.0,True,True,2000,1.680158777876806,44.0954441682634,11.71014871730449
460,2023-03-31 00:00:00,0.7204740892948984,0.06525155360552175,0.07241890137021685,0.21181988290302747,0.2911277319415884,0.0,True,True,2000,1.688242105476675,42.67599338730346,12.54677171099344
461,2023-03-31 06:00:00,0.734385219057126,0.06682180884146101,0.06807182717421278,0.1953943802659563,0.2559946369519898,0.0,True,True,2000,1.6573605636768318,44.310528146506776,11.78949134836879
462,2023-03-31 12:00:00,0.7317825757920422,0.07089499075545677,0.07296326183415669,0.21310706361244078,0.27860567056118307,0.0,True,True,2000,1.6214994416005788,45.129992463623736,13.142592476139445
463,2023-03-31 18:00:00,0.7157091256434844,0.06661602751852803,0.06920089084723824,0.19817548634155369,0.26791379773987134,0.0,True,True,2000,1.6395194885048856,43.65359061978309,12.087412667614847
464,2023-04-01 00:00:00,0.7333398523391955,0.0738385948618259,0.07337415385823842,0.21218057363966936,0.28638289609306805,0.0,True,True,2000,1.6235480932788247,45.16896391151459,13.068942923098856
465,2023-04-01 06:00:00,0.7319657171219834,0.07116854846233908,0.07213381570441556,0.2130607791112645,0.27606932814596613,0.0,True,True,2000,1.5962053253244926,45.85661415289303,13.347955662781127
466,2023-04-01 12:00:00,0.7281426427856827,0.07345973275160275,0.07494754939633878,0.2218531718301049,0.2868367143751841,0.0,True,True,2000,1.604823131599178,45.37214278934909,13.824150927400462
467,2023-04-01 18:00:00,0.705039834161364,0.07316150200671268,0.07312019303570416,0.21327070815906973,0.28137105310027266,0.0,True,True,2000,1.580982588635898,44.595041035188494,13.489756920288654
468,2023-04-02 00:00:00,0.7185187016871583,0.07560049856018711,0.07388284470094977,0.21746753968455143,0.29655734927777855,0.0,True,True,2000,1.56252785932024,45.98437700814766,13.917674388164713
469,2023-04-02 06:00:00,0.7364696182377638,0.07555954182004707,0.07560438533169243,0.2166227459530225,0.2929022697897662,0.0,True,True,2000,1.5235340610851549,48.33955715523713,14.218438004512379
470,2023-04-02 12:00:00,0.7406732402401689,0.0775728545950779,0.07448633759833427,0.21962414452222107,0.28143267599406824,0.0,True,True,2000,1.51277822188493,48.96112526773991,14.517934046443912
471,2023-04-02 18:00:00,0.7613834107581432,0.06614881511475426,0.06936197054238392,0.19668572857166422,0.2668215853391085,0.0,True,True,2000,1.5085292025572739,50.47190398882822,13.038244684838757
472,2023-04-03 00:00:00,0.7873439943356693,0.07628060918426877,0.07488179315491429,0.22298217303965898,0.2970870702203208,0.0,True,True,2000,1.4920930006611797,52.76775603040692,14.944254342112092
473,2023-04-03 06:00:00,0.7871969143295594,0.07480861799724808,0.07438926319942747,0.21637250700182983,0.2887582473446921,0.0,True,True,2000,1.4748730980202722,53.373874361544516,14.670584695881123
474,2023-04-03 12:00:00,0.7785215717027785,0.07931323440761236,0.07693753275497388,0.2218548996051232,0.2880662807007828,0.0,True,True,2000,1.490869647919905,52.21929179314834,14.880905243101578
475,2023-04-03 18:00:00,0.7545556757292424,0.07043946933927231,0.07397320493711171,0.21321715271676758,0.28797261390804546,0.0,True,True,2000,1.513541379766231,49.85365354502464,14.08730250571011
476,2023-04-04 00:00:00,0.7610679374032729,0.07078544438051196,0.07392139123541783,0.2197798953701104,0.2903674484285021,0.0,True,True,2000,1.5059752308473673,50.536550788756514,14.593858575379542
477,2023-04-04 06:00:00,0.7900649740652292,0.07295538710581013,0.07108586183517827,0.20430565610292264,0.28591158265508787,0.0,True,True,2000,1.5473356120681523,51.05970339616477,13.203706714269304
478,2023-04-04 12:00:00,0.7858494771047378,0.07086081471535209,0.07141174518162405,0.21625001423159168,0.289520826426076,0.0,True,True,2000,1.573256684372416,49.95049345162764,13.745373935458947
479,2023-04-04 18:00:00,0.7906992767676265,0.06531149180357224,0.07032318092498423,0.20355024083283857,0.269450490554225,0.0,True,True,2000,1.5785948014475322,50.08880531233062,12.894394473248491
480,2023-04-05 00:00:00,0.8005783819114674,0.06261866506636699,0.06932548642152053,0.19826747190465038,0.27884713357505697,0.0,True,True,2000,1.5803631047351545,50.65787599778422,12.545691006743484
481,2023-04-05 06:00:00,0.7978425341772005,0.0609997027585531,0.06679744437984443,0.19439499389168172,0.2612026114769957,0.0,True,True,2000,1.5805172642167964,50.47983671172111,12.29945400109321
482,2023-04-05 12:00:00,0.8069275551313274,0.061033172080923306,0.06584671695696986,0.18915453701022994,0.2497024232704897,0.0,True,True,2000,1.5450688360600762,52.22599383914777,12.24246665233206
483,2023-04-05 18:00:00,0.8214527758543685,0.06062487307867444,0.06828349678369655,0.1996916241126247,0.26751916061166486,0.0,True,True,2000,1.5681154529861023,52.38471276398096,12.734497560900863
484,2023-04-06 00:00:00,0.8161852442360605,0.0610395689364072,0.06688489280314963,0.18953468010927604,0.25681741037302486,0.0,True,True,2000,1.5785690148247988,51.704121680523855,12.006740176026575
485,2023-04-06 06:00:00,0.8220626479674836,0.0585643838283544,0.06625777716106555,0.18831522584022883,0.25595217384937763,0.0,True,True,2000,1.556645925185405,52.80986733508916,12.097499039018746
486,2023-04-06 12:00:00,0.8075389670487697,0.058709412321949137,0.06582643238530016,0.19343310480975018,0.25362411502044807,0.0,True,True,2000,1.5155094866048324,53.28498265344971,12.763569381745988
487,2023-04-06 18:00:00,0.808105729391878,0.06613031939855857,0.07166516432621459,0.20665541577056484,0.2910590909145952,0.0,True,True,2000,1.5205388992819446,53.14600828518729,13.590932521894395
488,2023-04-07 00:00:00,0.8563580060563566,0.07119697184222408,0.07386041475887363,0.21517958803182652,0.2797208576364992,0.0,True,True,2000,1.5256725949486076,56.129867501828144,14.103916446049478
489,2023-04-07 06:00:00,0.8548904574194564,0.06656337162694223,0.07167565095373135,0.2062401387221474,0.28187903089394306,0.0,True,True,2000,1.5397430425292211,55.521631454505005,13.3944517380882
490,2023-04-07 12:00:00,0.8459799849199942,0.06485920793658251,0.07254851006267211,0.21052957696317284,0.2841484056245786,0.0,True,True,2000,1.4794274992483216,57.18292956902761,14.230476117967273
491,2023-04-07 18:00:00,0.8371477033028505,0.06136319077185422,0.06939982355506025,0.20229068002351616,0.2724194290987491,0.0,True,True,2000,1.4702183112300895,56.94036708075232,13.759227352723238
492,2023-04-08 00:00:00,0.8355366616961036,0.0661586470215772,0.07226485654832213,0.20791305025605583,0.27752552776517003,0.0,True,True,2000,1.4393701273396824,58.04877048826804,14.444724557423697
493,2023-04-08 06:00:00,0.8221644163682921,0.06158289638132163,0.0704971872314709,0.20269115143321811,0.27497591665390064,0.0,True,True,2000,1.3935959862246619,58.99589439803042,14.544470092965827
494,2023-04-08 12:00:00,0.8190075464577167,0.0651654176774531,0.0731751987530022,0.209153175488049,0.2885571167836576,0.0,True,True,2000,1.3161353793963524,62.22821445870985,15.891463656571364
495,2023-04-08 18:00:00,0.8214256211453981,0.06014019929952647,0.0695448582931218,0.2013153097600237,0.27199520460701154,0.0,True,True,2000,1.31717463204986,62.36269672663298,15.28387389656341
496,2023-04-09 00:00:00,0.8334592297355582,0.060335035745584055,0.07020380898439937,0.20623168414589862,0.2713750920140085,0.0,True,True,2000,1.3148698258297737,63.38720482916153,15.68457044907485
497,2023-04-09 06:00:00,0.8396626486770159,0.05893505483963459,0.06895922910974386,0.19603801057499834,0.2717804771082331,0.0,True,True,2000,1.3088525131103763,64.15257947449169,14.977853395347864
498,2023-04-09 12:00:00,0.8135419713380122,0.05727730293120228,0.06608945054177623,0.19472354070832218,0.25479739154239633,0.0,True,True,2000,1.3001943485854002,62.5707973752646,14.97649493094472
499,2023-04-09 18:00:00,0.8246201983815269,0.05256088344278077,0.06759335748665792,0.19153355069367542,0.2769326850871862,0.0,True,True,2000,1.3206016904414086,62.44276410897969,14.50350640015126
500,2023-04-10 00:00:00,0.8411800701185672,0.059453070043075894,0.06871834700874319,0.19510330257870148,0.27244760986523303,0.0,True,True,2000,1.3178461014221934,63.82991680218064,14.804710684210384
501,2023-04-10 06:00:00,0.8394182069412564,0.060467611697372324,0.0694175933995028,0.19877182760248027,0.2654419892013873,0.0,True,True,2000,1.3086515431274284,64.14375250230528,15.18905690719268
502,2023-04-10 12:00:00,0.8645926510736008,0.06063264175606777,0.07046418575127167,0.20195821911950063,0.28481926580756334,0.0,True,True,2000,1.3313250828848655,64.94226407874055,15.169714873986656
503,2023-04-10 18:00:00,0.8667971138350752,0.057121756320099616,0.06696839211706405,0.1935287711599602,0.2641830789697819,0.0,True,True,2000,1.3512855599871847,64.14610941622848,14.321826332680976
504,2023-04-11 00:00:00,0.8516308782445515,0.060877080530840684,0.07134780266322145,0.2055072554761042,0.27774535284438634,0.0,True,True,2000,1.348207317612515,63.16764989472611,15.243001042304721
505,2023-04-11 06:00:00,0.8631036225460015,0.06783838912205697,0.07566673966891556,0.22257222175837893,0.297250588516958,0.0,True,True,2000,1.324133407377276,65.1825275109975,16.808897088340206
506,2023-04-11 12:00:00,0.879031600347533,0.06456344123251655,0.07302668041135792,0.2141078889162816,0.26857852403560506,0.0,True,True,2000,1.3414584529424447,65.5280525773576,15.960828935599386
507,2023-04-11 18:00:00,0.8875772228576706,0.05575955037950514,0.06495974510097645,0.1834732579607628,0.2544126513769743,0.0,True,True,2000,1.3653614400456244,65.00675915001757,13.43770613257043
508,2023-04-12 00:00:00,0.9179967364401166,0.06012186445710229,0.06995869918684072,0.20317464254966536,0.27417270986945363,0.0,True,True,2000,1.377781739985264,66.62860377652667,14.746504228734981
509,2023-04-12 06:00:00,0.93962465905517,0.07223735649799107,0.07657863525242417,0.22397160212474804,0.3046213963469946,0.0,True,True,2000,1.3791739580452667,68.12952445730055,16.239546927219237
510,2023-04-12 12:00:00,0.9553059008971297,0.07727217951855722,0.07762036929857438,0.22868089703027172,0.2894679498682846,0.0,True,True,2000,1.3792863833471147,69.2608810201467,16.579653057643597
511,2023-04-12 18:00:00,0.9617166967545191,0.07050270452471978,0.07318927962206054,0.21519351776041598,0.27875613990058823,0.0,True,True,2000,1.4236398543951305,67.55336989094963,15.115727274426888
512,2023-04-13 00:00:00,0.9898942217423203,0.07663777796514286,0.0785990574659713,0.22876154456670936,0.29808209943494424,0.0,True,True,2000,1.3862176862968867,71.40972384984521,16.50257003846331
513,2023-04-13 06:00:00,0.975657844769576,0.08001327503035056,0.08143440155570018,0.2386105246460999,0.3108885033920166,0.0,True,True,2000,1.3891297760192647,70.2351833221409,17.176978621095426
514,2023-04-13 12:00:00,1.0092596520194659,0.08628926554829035,0.0828225367791167,0.24384432731727929,0.32735012000339303,0.0,True,True,2000,1.3985022872729491,72.16717921766875,17.436105005789496
515,2023-04-13 18:00:00,1.0278619278323473,0.08013096583904314,0.07942137595943818,0.23014690269557025,0.3209724903704902,0.0,True,True,2000,1.4589361159893803,70.45284002276556,15.774981520660738
516,2023-04-14 00:00:00,1.0500471480909617,0.08615603917001334,0.08239474580739015,0.24079212202096914,0.31506892937914666,0.0,True,True,2000,1.4936423834609496,70.30110819819372,16.121136135881788
517,2023-04-14 06:00:00,1.0698551221568908,0.08149364915294711,0.08144038787097219,0.23578589930598948,0.3119696420347667,0.0,True,True,2000,1.4945983374905922,71.58144735749948,15.775870572816936
518,2023-04-14 12:00:00,1.0642820224956306,0.08580461645825417,0.08369149715839135,0.2447643944203756,0.3221900802186645,0.0,True,True,2000,1.5191593931589484,70.05729795624386,16.11183102461758
519,2023-04-14 18:00:00,1.0562237055952748,0.08214636536378835,0.08189869822485589,0.24511840064562865,0.31561566968414084,0.0,True,True,2000,1.4857741190561908,71.08911725196965,16.497689487372103
520,2023-04-15 00:00:00,1.0619120890992062,0.08385548024060346,0.08184440870444495,0.2421970868055141,0.30648732034220016,0.0,True,True,2000,1.4980344056616808,70.88702936900575,16.167658492365256
521,2023-04-15 06:00:00,1.0576719289272842,0.08450116776735345,0.08328651396496922,0.24475694087876315,0.32180798684951284,0.0,True,True,2000,1.4941142806716938,70.78922560406808,16.38140696766048
522,2023-04-15 12:00:00,1.0715922330071705,0.08593191378987049,0.08402057368442405,0.2499488729403121,0.32206877800828254,0.0,True,True,2000,1.5066163801253705,71.12575219167601,16.590080675978914
523,2023-04-15 18:00:00,1.0834045684259692,0.08540064635297986,0.08194150474795685,0.2405733935493927,0.32526857921683866,0.0,True,True,2000,1.4856237953393157,72.92590303311076,16.193426243179275
524,2023-04-16 00:00:00,1.0724791184133875,0.09272528395912008,0.08576096939554868,0.24842535174005573,0.3344910653108572,0.0,True,True,2000,1.509418278805294,71.05247985086386,16.4583505598385
525,2023-04-16 06:00:00,1.054654342064449,0.10020895812704472,0.08970421616478566,0.2687205919993836,0.3496964676246895,0.0,True,True,2000,1.5069200954045547,69.9874097691498,17.832438018370283
526,2023-04-16 12:00:00,1.0784412944805093,0.10074472894624173,0.09214930305210046,0.2701724568932196,0.3635362517110681,0.0,True,True,2000,1.5300040979103022,70.48617032813554,17.65828322043218
527,2023-04-16 18:00:00,1.071837715147925,0.09451967769313487,0.08654887953426625,0.2551222358765813,0.32950951287013736,0.0,True,True,2000,1.518013641638347,70.60791061081127,16.806320370167125
528,2023-04-17 00:00:00,1.0926198413035382,0.10261324394551477,0.09147694079829108,0.2740453146146724,0.34709783172695885,0.0,True,True,2000,1.4874746101245178,73.45468849462068,18.423528895846623
529,2023-04-17 06:00:00,1.0858033694112492,0.10459604730890255,0.0927806498300776,0.2697783926678527,0.3544493734883333,0.0,True,True,2000,1.477170774074965,73.50560872633035,18.263182389104166
530,2023-04-17 12:00:00,1.0922482348702247,0.1115747057609,0.09278964624658534,0.2779373084373636,0.34690535783125265,0.0,True,True,2000,1.4907884351009708,73.26648162495619,18.643645328422405
531,2023-04-17 18:00:00,1.077995914670114,0.09714854604760546,0.08732748383701844,0.2550557968981364,0.3262330847182975,0.0,True,True,2000,1.5183593969560187,70.99741450089235,16.798117587276632
532,2023-04-18 00:00:00,1.0822341983759827,0.0962224121580631,0.08870426252136775,0.2596828142387473,0.3300182188329222,0.0,True,True,2000,1.5133451022931488,71.51271687707515,17.15952388158219
533,2023-04-18 06:00:00,1.075576331513548,0.10073384298981784,0.09408213543164144,0.27756220873930987,0.3509294951747336,0.0,True,True,2000,1.5126226115453434,71.10672042742407,18.349732882529338
534,2023-04-18 12:00:00,1.0880267827015297,0.10292239449126288,0.0941788192268336,0.27958405036639994,0.3479263185404601,0.0,True,True,2000,1.5302449341712525,71.1014791426695,18.27054245520614
535,2023-04-18 18:00:00,1.1011550348278203,0.10030861287168588,0.09413861934803609,0.27648995559969236,0.3426692962689916,0.0,True,True,2000,1.529713359548953,71.98440334942906,18.074625149460513
536,2023-04-19 00:00:00,1.1160108908347919,0.10425244189217034,0.09547801827877744,0.2766406119955509,0.35853094939892666,0.0,True,True,2000,1.5510997543363472,71.94965299393576,17.835127058859875
537,2023-04-19 06:00:00,1.1234794032454514,0.11016751876988798,0.09679044593504817,0.28112961576902784,0.3672652284401261,0.0,True,True,2000,1.5598546425853863,72.02462156238715,18.022808542151633
538,2023-04-19 12:00:00,1.133602754323252,0.10198881933571928,0.0956913341339333,0.2853827406261364,0.36249248392486944,0.0,True,True,2000,1.5581335073303497,72.75389104913907,18.31567957967228
539,2023-04-19 18:00:00,1.1457932824771413,0.09264706992148475,0.09022730524451285,0.26514424766242095,0.34723141500497184,0.0,True,True,2000,1.6018707167431339,71.52844923757188,16.552162723937094
540,2023-04-20 00:00:00,1.173585860487231,0.09952950089499402,0.09349535353989542,0.2768455828340253,0.3400674617139701,0.0,True,True,2000,1.5863923187990896,73.978286870151,17.45126848846567
541,2023-04-20 06:00:00,1.1715688234890766,0.10419516445769139,0.09812256669180851,0.28350952467508367,0.35971414841103205,0.0,True,True,2000,1.6005211010829385,73.19921135037671,17.7135761898582
542,2023-04-20 12:00:00,1.1652465246398365,0.10189188598494084,0.09634301220134878,0.28222563459216915,0.35688909189129187,0.0,True,True,2000,1.6306150130855,71.46055416446345,17.307925680025054
543,2023-04-20 18:00:00,1.1372270594072473,0.09287724568973973,0.09130873332920325,0.2601619279159021,0.3307244520970544,0.0,True,True,2000,1.6234997639236202,70.04787340768284,16.0247592082891
544,2023-04-21 00:00:00,1.1703393999224543,0.097042313318839,0.09528330925973152,0.27082676146722173,0.3553492219737127,0.0,True,True,2000,1.6222320985665077,72.14377036162887,16.694698724463592
545,2023-04-21 06:00:00,1.1842483368703978,0.11797006842167952,0.10508092636636472,0.31390460029065576,0.38443278116824064,0.0,True,True,2000,1.6049968670122914,73.7850871369538,19.557957198694755
546,2023-04-21 12:00:00,1.1813931195967624,0.11979156570194982,0.10331004609520628,0.3066463835550529,0.37608533952938294,0.0,True,True,2000,1.6229551279086785,72.7927161559354,18.89432297183681
547,2023-04-21 18:00:00,1.1958640843654993,0.10932813266704562,0.09635924154636742,0.286943026666141,0.35053150119292537,0.0,True,True,2000,1.593432643631289,75.04955349980989,18.0078541639654
548,2023-04-22 00:00:00,1.2206769123480126,0.12024022982962475,0.10429400327210357,0.30664801090386484,0.38270088878704245,0.0,True,True,2000,1.6012232351712334,76.23402443429285,19.150859428483884
549,2023-04-22 06:00:00,1.23107669504469,0.13034156609636266,0.1064937458190251,0.31610921375002526,0.3848959030169105,0.0,True,True,2000,1.6358197908436165,75.25747652250897,19.324207685921387
550,2023-04-22 12:00:00,1.2287808190047567,0.12899579484754248,0.10804089969487023,0.32119768206287613,0.4043759339021356,0.0,True,True,2000,1.6065193266677622,76.48714824698003,19.993390476609047
551,2023-04-22 18:00:00,1.240035948560451,0.13122174596078134,0.10470654594854495,0.31444236339523385,0.3835445016957675,0.0,True,True,2000,1.6635266890397638,74.542594160376,18.90215320661547
552,2023-04-23 00:00:00,1.2415530192016544,0.12954987039731136,0.10733826608409977,0.3179946536539337,0.3918019113160521,0.0,True,True,2000,1.646475426480837,75.40671419890788,19.313659259015655
553,2023-04-23 06:00:00,1.248479862274029,0.12181371723878513,0.10532438170202504,0.30866672597470224,0.3845308652951059,0.0,True,True,2000,1.633728411378942,76.41905800121664,18.893392795573245
554,2023-04-23 12:00:00,1.2488809909400636,0.12756147091510783,0.10730461914378277,0.318469566807846,0.3938944299924126,0.0,True,True,2000,1.6835784369464977,74.1801488741538,18.916229848218627
555,2023-04-23 18:00:00,1.2415391782320553,0.1272222547485558,0.10292235044555088,0.30685051469482727,0.38653430063579886,0.0,True,True,2000,1.6683514915894728,74.41712280001713,18.392438058869985
556,2023-04-24 00:00:00,1.2320338221339768,0.1228278792245344,0.10219287185313682,0.3017925244882877,0.376112193108785,0.0,True,True,2000,1.7014971825043523,72.40880765495041,17.736880647906432
557,2023-04-24 06:00:00,1.2658027142711994,0.12837479510055627,0.10351191256118981,0.31254627724592504,0.3869936393471239,0.0,True,True,2000,1.6956799052869782,74.64868282772827,18.431914907491308
558,2023-04-24 12:00:00,1.2626943969244968,0.11974556605463267,0.098704039017931,0.29426682663628456,0.3629868981920614,0.0,True,True,2000,1.6590250982097614,76.11062655333296,17.737334230436005
559,2023-04-24 18:00:00,1.2428287544939156,0.12126988580349997,0.0996771942631521,0.29867719165391343,0.3628469863496457,0.0,True,True,2000,1.6398224424441086,75.79044671699424,18.213995852425562
560,2023-04-25 00:00:00,1.2413355869062788,0.11849055944836001,0.09757430152166395,0.2954979197633697,0.35402714643729705,0.0,True,True,2000,1.682405462046164,73.78337831812254,17.56401333861465
561,2023-04-25 06:00:00,1.2263814245340618,0.1135097472347636,0.09807028090692961,0.2887442086082085,0.356571308231417,0.0,True,True,2000,1.649236481885845,74.36055641527751,17.5077505124092
562,2023-04-25 12:00:00,1.2103584648869556,0.11976203782882873,0.0989217927368808,0.2929587048785327,0.3706743754436052,0.0,True,True,2000,1.6988437752849839,71.24601346488826,17.24459359598197
563,2023-04-25 18:00:00,1.179920531465669,0.11071007853067334,0.09665673894984687,0.28454659793788895,0.34675563744622667,0.0,True,True,2000,1.671588294952249,70.58679072046117,17.022528740907305
564,2023-04-26 00:00:00,1.188402714105334,0.11677899311763633,0.09776887827064852,0.2949992194816928,0.358168944275763,0.0,True,True,2000,1.6992175430482488,69.93823239215402,17.360885937682223
565,2023-04-26 06:00:00,1.182501605264706,0.11548707852581583,0.09766183866324413,0.29124785599120145,0.34712292219799973,0.0,True,True,2000,1.7386407025555486,68.01299449199601,16.751468866632973
566,2023-04-26 12:00:00,1.1927911129356636,0.11487391185881114,0.09670353224447466,0.2883286099955128,0.3582000312110844,0.0,True,True,2000,1.7150513175527466,69.54842113049362,16.81166079665399
567,2023-04-26 18:00:00,1.209358012007437,0.10929919384199274,0.09310007636653857,0.27864751084647893,0.3499399381088363,0.0,True,True,2000,1.7185387139876374,70.37129871815834,16.21421202667672
568,2023-04-27 00:00:00,1.1903628611346098,0.10148888698281941,0.08924526035843407,0.2594883460939658,0.32843552579567187,0.0,True,True,2000,1.7135039338902742,69.46951434374914,15.143726312015716
569,2023-04-27 06:00:00,1.1792114308718022,0.09614791631999177,0.08674543745231904,0.25077232544974054,0.3214214112005708,0.0,True,True,2000,1.7488970495964005,67.42600607302376,14.33888435614962
570,2023-04-27 12:00:00,1.1744390967047214,0.09751787306682226,0.08774171058207368,0.25345860919648244,0.341655352689357,0.0,True,True,2000,1.7669425605991693,66.46730476096911,14.34447360363173
571,2023-04-27 18:00:00,1.1543563435592334,0.09278063990617225,0.08693490106785466,0.2556500604584164,0.32271195921523005,0.0,True,True,2000,1.7883216717349242,64.5497038818159,14.295529965277431
572,2023-04-28 00:00:00,1.1678206522719954,0.0918927958294053,0.0838439851632652,0.24695564884886106,0.31203727414574234,0.0,True,True,2000,1.8129565333098911,64.41525931898215,13.621708204884392
573,2023-04-28 06:00:00,1.1448102640887272,0.08604145584557316,0.08317970509705155,0.2421294201571238,0.30036293163069017,0.0,True,True,2000,1.8251925221204601,62.72271282147908,13.265966040438531
574,2023-04-28 12:00:00,1.1330118944893726,0.08598573770776471,0.08190340502069711,0.2423537025190088,0.31700924794649493,0.0,True,True,2000,1.8164028751610957,62.376684709271146,13.342508197555821
575,2023-04-28 18:00:00,1.1708986884232315,0.08718299568467108,0.08252294271943898,0.23932513032036498,0.3106313367632312,0.0,True,True,2000,1.8522201728143126,63.215955943517066,12.920987139273404
576,2023-04-29 00:00:00,1.1515171697869417,0.08497145442682749,0.08148915592096416,0.23795946629953826,0.30017694717409327,0.0,True,True,2000,1.847076028438048,62.34270555504446,12.88303581638516
577,2023-04-29 06:00:00,1.164007720252972,0.0821594602571783,0.08212580419077958,0.23874730853138537,0.30810014391063706,0.0,True,True,2000,1.835559712412489,63.41432056836268,13.006785173858393
578,2023-04-29 12:00:00,1.1478046824430095,0.08414509880698802,0.08044470066850816,0.23708665542312604,0.2897966293274276,0.0,True,True,2000,1.8690564724047223,61.410915046683826,12.68483103231713
579,2023-04-29 18:00:00,1.182281237641937,0.08083272829627978,0.07880820851242887,0.22869204539621044,0.2900504655624909,0.0,True,True,2000,1.8615991785653623,63.50890413225577,12.284709191398093
580,2023-04-30 00:00:00,1.1722176555249906,0.0840656282033655,0.08331408147382781,0.24133708090317607,0.30284403811600696,0.0,True,True,2000,1.861231354800608,62.980760156523864,12.966527792512409
581,2023-04-30 06:00:00,1.1500735112156606,0.09086776693246762,0.08639471263474242,0.25043197837413766,0.3141421318810326,0.0,True,True,2000,1.8664322867531098,61.618817857912,13.41768357478401
582,2023-04-30 12:00:00,1.1638150042170226,0.08645698788732054,0.0857895493700144,0.2496353007556655,0.32002236551184493,0.0,True,True,2000,1.907712010527667,61.00580159869702,13.085586261346501
583,2023-04-30 18:00:00,1.1682149735869887,0.08584016927754463,0.08315366942357538,0.2431647970378616,0.31520349957515853,0.0,True,True,2000,1.9250576775621315,60.6846738777407,12.631559037015574
584,2023-05-01 00:00:00,1.1902689474151538,0.09495111023127623,0.09061784181940771,0.26463926620668776,0.32909510814319204,0.0,True,True,2000,1.8992042774199274,62.671981185306535,13.934218101393533
585,2023-05-01 06:00:00,1.1840460016075522,0.0969698346252232,0.09040212129155319,0.2662397566803897,0.32079431995705254,0.0,True,True,2000,1.8934854804705292,62.532615846270865,14.060829059762812
586,2023-05-01 12:00:00,1.2109208080903113,0.10489879964858685,0.09248742726417084,0.27868748584215774,0.35950446663345637,0.0,True,True,2000,1.9182729081355017,63.125575248168765,14.528041586795531
587,2023-05-01 18:00:00,1.214514825220973,0.10068429598324852,0.09194821865581042,0.2757331728697838,0.3348683977790912,0.0,True,True,2000,1.9231808573978066,63.151357842875655,14.337350115000072
588,2023-05-02 00:00:00,1.2430463831303158,0.10729246923746803,0.09701475525494897,0.2873027044517589,0.3630418914745348,0.0,True,True,2000,1.8950236850378455,65.59529534880146,15.160903091616037
589,2023-05-02 06:00:00,1.2427869207314042,0.11298373474043631,0.09757436586240689,0.291632331244301,0.35488032424010535,0.0,True,True,2000,1.8947448571311525,65.59125446647826,15.391641262236423
590,2023-05-02 12:00:00,1.264809074621815,0.11554548076718646,0.09795090023580488,0.2960124631622286,0.35610038401083305,0.0,True,True,2000,1.8745334729954928,67.47327230175613,15.79126046168717
591,2023-05-02 18:00:00,1.2593943098362312,0.10943948493783431,0.09661524702810939,0.2855714993987632,0.356590134140811,0.0,True,True,2000,1.9430370765059695,64.81576317117498,14.697171909466949
592,2023-05-03 00:00:00,1.2683120922115443,0.10868906785289599,0.09704063402552292,0.2851088603232543,0.3488804332516944,0.0,True,True,2000,1.9367794551234423,65.48562299421476,14.720770584851264
593,2023-05-03 06:00:00,1.2812541241398836,0.1146145946997278,0.09885685867466662,0.29350329179497125,0.36471414521299406,0.0,True,True,2000,1.9044773513784845,67.27589189824158,15.411225110266075
594,2023-05-03 12:00:00,1.2729247043706764,0.11713072274760418,0.09884630986292649,0.2939024736427673,0.35837085842416966,0.0,True,True,2000,1.9327865069272945,65.85956078482495,15.206153012212798
595,2023-05-03 18:00:00,1.2365674406288396,0.1117954682939183,0.09404049463164524,0.2823889368981731,0.35059632000038377,0.0,True,True,2000,1.9511715875328495,63.375637925950535,14.472788487825339
596,2023-05-04 00:00:00,1.220025816669587,0.10736734832187395,0.09508640379281047,0.28181649831957156,0.3549780504438798,0.0,True,True,2000,1.959266883652412,62.26950635715579,14.38377286274634
597,2023-05-04 06:00:00,1.2326622333717645,0.11579681831435748,0.09769867648591557,0.29202016375044415,0.3522060388785133,0.0,True,True,2000,1.931646913205844,63.81405550593019,15.117678171617555
598,2023-05-04 12:00:00,1.2592983393541324,0.11698474106637041,0.10064830543376964,0.30107952946606725,0.370394177346432,0.0,True,True,2000,1.8859469693344568,66.77273326505748,15.964368795179698
599,2023-05-04 18:00:00,1.2582241394469766,0.12070207984139399,0.1040668300973294,0.30320423133797303,0.38181371633356587,0.0,True,True,2000,1.901848632656319,66.1579537846611,15.942605848420573
600,2023-05-05 00:00:00,1.2881960521780336,0.12288411629386548,0.10403242648488006,0.30474977064705205,0.3832194823449002,0.0,True,True,2000,1.9279114890853977,66.81821543525083,15.807249055381972
601,2023-05-05 06:00:00,1.3170689159676823,0.12673121440264568,0.10805469568900782,0.31761561435213564,0.40200116100820765,0.0,True,True,2000,1.9324884089731773,68.1540396233219,16.435576683272313
602,2023-05-05 12:00:00,1.3180293907716638,0.124778672524079,0.10551596310128451,0.3086499721768304,0.39259571479621924,0.0,True,True,2000,1.97272140732167,66.81274841342801,15.645897643290605
603,2023-05-05 18:00:00,1.3360704342065504,0.11989504049780261,0.10123967493032247,0.3004799184294916,0.35540671466662593,0.0,True,True,2000,1.9442210019028823,68.72009061206971,15.455028936288654
604,2023-05-06 00:00:00,1.361062621805016,0.13624617329416813,0.1103503041185219,0.325975982896615,0.40058179614011213,0.0,True,True,2000,1.9260171823933467,70.6672107729436,16.92487408090223
605,2023-05-06 06:00:00,1.3823833949635733,0.15428429450183964,0.12232961119472015,0.36362003031780415,0.4374311866809391,0.0,True,True,2000,1.954815672463347,70.71681562802148,18.60124386355011
606,2023-05-06 12:00:00,1.3876089929924444,0.16948493117461147,0.12499098368153096,0.37946939025198834,0.46122996047322745,0.0,True,True,2000,1.9423845567149423,71.43842799796751,19.536264790622404
607,2023-05-06 18:00:00,1.3822322133744191,0.16676895128194627,0.12690623290111672,0.38507988190015197,0.4378267239583018,0.0,True,True,2000,1.9937874417776633,69.32695955502756,19.313988734767747
608,2023-05-07 00:00:00,1.4110850316920371,0.19586076488316315,0.13460358348877316,0.41334061473571454,0.4851910167938528,0.0,True,True,2000,1.9796397549121485,71.27988959560258,20.87958749616329
609,2023-05-07 06:00:00,1.3989970002862944,0.2126192739482038,0.15075334188257764,0.4478983029101894,0.522147168889214,0.0,True,True,2000,1.999714927638009,69.95982182014009,22.398107686240593
610,2023-05-07 12:00:00,1.410293463835027,0.21088872407754003,0.14708996302480268,0.44800667922561116,0.5198569363495286,0.0,True,True,2000,1.999456821792313,70.53382941127181,22.406419300618754
611,2023-05-07 18:00:00,1.3979369696607649,0.2110812200035008,0.1434819898898828,0.44385968368311307,0.5043207747245044,0.0,True,True,2000,2.03378965371576,68.73557288024925,21.824266972357524
612,2023-05-08 00:00:00,1.3894961542044284,0.23017567867423241,0.1528890127708235,0.46808697344886424,0.5455661219289559,0.0,True,True,2000,2.058707350517178,67.49362185234178,22.73693603567665
613,2023-05-08 06:00:00,1.3980498824523124,0.23860495371611296,0.15534204495180162,0.47829248348184106,0.5544039973411462,0.0,True,True,2000,2.0445406358406384,68.37965741275114,23.393640365831374
614,2023-05-08 12:00:00,1.4081623731466026,0.24311607609416716,0.15664103472006402,0.4782446204654062,0.5510789105673238,0.0,True,True,2000,2.085951958444042,67.50694173210884,22.92692401325194
615,2023-05-08 18:00:00,1.3961554483264318,0.23465523576793584,0.1553814801952243,0.4823608559748412,0.5516431463383302,0.0,True,True,2000,2.1133694947903288,66.06300752273076,22.824255633665096
616,2023-05-09 00:00:00,1.3939801732234078,0.23932290233367445,0.1579196568373566,0.4891033652304513,0.5774101513879669,0.0,True,True,2000,2.139614056982448,65.15101023356397,22.85942007318115
617,2023-05-09 06:00:00,1.3925983026891269,0.2585654148167813,0.16588917670569828,0.5073610504177675,0.5791111577529114,0.0,True,True,2000,2.141643734017493,65.02474153704185,23.690263808071045
618,2023-05-09 12:00:00,1.3983569920512833,0.2620114178329969,0.1622194802014866,0.5067022493155777,0.6000935572758631,0.0,True,True,2000,2.134694769281189,65.50617972058595,23.736519928148716
619,2023-05-09 18:00:00,1.3810426958657676,0.25366072988497873,0.16614178711032784,0.5159582777386379,0.5955445676645278,0.0,True,True,2000,2.0610399661116956,67.00707985159583,25.03388028481715
620,2023-05-10 00:00:00,1.3645044113741582,0.2529813495889279,0.17028988886192198,0.5282339955747172,0.6143400298641144,0.0,True,True,2000,2.100680195945892,64.95536131618314,25.145854975648234
621,2023-05-10 06:00:00,1.354791569221234,0.251719370629031,0.16623184742241248,0.5087864474613191,0.5964498134308615,0.0,True,True,2000,2.071824370327132,65.39123627584893,24.557412044582907
622,2023-05-10 12:00:00,1.3664773484576114,0.24419174162984275,0.16306080544056845,0.5002220898810528,0.5706253138167804,0.0,True,True,2000,1.999395083700346,68.34453878563245,25.018671595174446
623,2023-05-10 18:00:00,1.3416922709113925,0.24686376717573846,0.16828099581258232,0.5086113500594299,0.5825387950431337,0.0,True,True,2000,1.9913337613647806,67.37656423762184,25.54124074664651
624,2023-05-11 00:00:00,1.354317791945159,0.2766070528627712,0.1735854077460637,0.5408307704298182,0.6162629995354229,0.0,True,True,2000,1.994395633721023,67.90617513629202,27.117526797868525
625,2023-05-11 06:00:00,1.3759961210804736,0.2874961425022339,0.18675871128440594,0.564087193545414,0.6386058820045362,0.0,True,True,2000,2.011009535323361,68.4231524968488,28.049951212922096
626,2023-05-11 12:00:00,1.3937788713252832,0.2930207620210289,0.18599117148232489,0.572949238341666,0.6384287053720854,0.0,True,True,2000,1.9618960607118803,71.04244201497332,29.20385283478114
627,2023-05-11 18:00:00,1.3798974793328473,0.27800764792998833,0.1826784799336105,0.5606702085278419,0.6274570231988214,0.0,True,True,2000,1.9469694219096774,70.8741217917732,28.797073144472435
628,2023-05-12 00:00:00,1.3731884522148574,0.28557450578417337,0.18673833779115964,0.5717611025992695,0.6421573539664285,0.0,True,True,2000,1.9433901395544948,70.65943292938847,29.420809078013576
629,2023-05-12 06:00:00,1.3796520939580668,0.29458628921823965,0.18682323577784887,0.5866966651387773,0.6513113588291986,0.0,True,True,2000,1.920755706445052,71.82860836121301,30.54509551475651
630,2023-05-12 12:00:00,1.4030843201052121,0.2980697963522986,0.1890553217908109,0.5835987814717573,0.6496785793991224,0.0,True,True,2000,1.975565214221434,71.02191868964269,29.54085125971163
631,2023-05-12 18:00:00,1.397195926129605,0.29773404673889364,0.18612795735282991,0.5787041611038439,0.6554239809533066,0.0,True,True,2000,1.9744870746204242,70.76247518096325,29.309088347164497
632,2023-05-13 00:00:00,1.4207820195582566,0.30351595826799543,0.19043660560585976,0.5858149398426529,0.6487478930826248,0.0,True,True,2000,1.957690087459319,72.57440943587454,29.92378331970413
633,2023-05-13 06:00:00,1.4515020448031015,0.311500348256752,0.19259953193596266,0.5928344448818091,0.6625370045752513,0.0,True,True,2000,2.001120101856123,72.53447923774152,29.62513066216917
634,2023-05-13 12:00:00,1.453274111474386,0.3019551788148305,0.19844501414589846,0.6077464746715492,0.6788584289052717,0.0,True,True,2000,1.9947643657409202,72.85442513580259,30.467080980054124
635,2023-05-13 18:00:00,1.4635212701376048,0.31358305055040053,0.19235186499876197,0.5994972183212496,0.6681373101176726,0.0,True,True,2000,1.9876430021797975,73.6309925138769,30.161211931106152
636,2023-05-14 00:00:00,1.4732506365915006,0.3408424958058723,0.2017619244529646,0.631358246457256,0.6987532582812587,0.0,True,True,2000,2.009957393426736,73.29760528305454,31.411523872198405
637,2023-05-14 06:00:00,1.478094463171661,0.3496167699182695,0.20049534293321733,0.6398370853611769,0.6915447285196104,0.0,True,True,2000,2.0309768677268987,72.77751345469373,31.50390807145394
638,2023-05-14 12:00:00,1.4889094756097883,0.35193445865084755,0.20803753054072757,0.6546211453627031,0.7378098071750937,0.0,True,True,2000,2.0393537543923985,73.00888687913742,32.09944051897655
639,2023-05-14 18:00:00,1.4845316205202945,0.354135486376134,0.20337106441748665,0.6467317607717376,0.7105233843768816,0.0,True,True,2000,2.0200421592287205,73.49013057663652,32.01575560277754
640,2023-05-15 00:00:00,1.4841048315783072,0.3531490432397739,0.20452562926128326,0.6459002596447574,0.7228701030499235,0.0,True,True,2000,2.009168126018338,73.86663228225838,32.14764614670491
641,2023-05-15 06:00:00,1.496187184044444,0.35964068143044586,0.20029017782735367,0.6523152148560899,0.7325867522516558,0.0,True,True,2000,2.031562871081299,73.64710220600254,32.109034091024476
642,2023-05-15 12:00:00,1.477951845199637,0.3508437970250045,0.19919397302284456,0.640114959497714,0.7081211707724478,0.0,True,True,2000,2.05265741394161,72.00187596631646,31.184695271118574
643,2023-05-15 18:00:00,1.441457339254744,0.35050702825280555,0.1936665789017372,0.6290139017276078,0.7069606157855033,0.0,True,True,2000,2.0549130476634327,70.1468775476302,30.610244187355605
644,2023-05-16 00:00:00,1.438843685991917,0.3523717061559204,0.19683022604312136,0.6384532538509257,0.7007561937001723,0.0,True,True,2000,2.0631636419830874,69.7396782646343,30.945352121330146
645,2023-05-16 06:00:00,1.4521260718114122,0.35591827285161626,0.1941241071470078,0.6389162239843451,0.6988964011282603,0.0,True,True,2000,2.0211763676119596,71.8455892855661,31.611106988116582
646,2023-05-16 12:00:00,1.4464248822678294,0.3430703621936326,0.19590523051005698,0.6304674830800138,0.6848435097321742,0.0,True,True,2000,2.008828910393141,72.00338838138059,31.384827240296293
647,2023-05-16 18:00:00,1.4509976885066214,0.34311625683134767,0.18991312429042118,0.6187894585832127,0.6943420833423927,0.0,True,True,2000,1.981240939141511,73.23681132570132,31.232418347429242
648,2023-05-17 00:00:00,1.453240424996463,0.34743172352545953,0.19215872926943928,0.630576234344869,0.6965417620471237,0.0,True,True,2000,1.9818255796451465,73.32837157428715,31.817948099033828
