window_idx,timestamp,te_bits,surr_mean,surr_std,surr_p95,surr_p99,p_value,sig95,sig99,n_valid_surrogates,h_target_bits,pct_h,surr_p95_pct
0,2022-12-06 00:00:00,1.135319095542137,0.05440800695572702,0.06758973584437283,0.1906953038071138,0.27580149713285385,0.0,True,True,2000,1.6558893814925923,68.56249627730438,11.516186161857267
1,2022-12-06 06:00:00,1.1216611593409462,0.04839412700616459,0.06092282755169944,0.17402692601731773,0.2452604966851486,0.0,True,True,2000,1.708327998231225,65.65841925568719,10.186973824552567
2,2022-12-06 12:00:00,1.11697117890142,0.04812690022357785,0.062042535868410256,0.17197297023376026,0.2510762403708811,0.0,True,True,2000,1.7248751052518678,64.75664095913304,9.970169417492324
3,2022-12-06 18:00:00,1.113839018426391,0.04373252928389081,0.058235293004516964,0.16291797360298366,0.2355032693001743,0.0,True,True,2000,1.7274328443661948,64.47943965283727,9.431218940540592
4,2022-12-07 00:00:00,1.1313011053622912,0.046197885880282175,0.059731236868850436,0.16925182236952446,0.25190224680578777,0.0,True,True,2000,1.7232276604826158,65.6501245485726,9.821791180053536
5,2022-12-07 06:00:00,1.083776454435806,0.04314920020243608,0.057779955102190424,0.16417950899396053,0.24113978192190763,0.0,True,True,2000,1.7372719414217601,62.383811572347035,9.450420805138785
6,2022-12-07 12:00:00,1.0709722179634233,0.04375728214156261,0.0569113346773994,0.15956181274308828,0.2255712792542227,0.0,True,True,2000,1.7239886290095279,62.121768087224694,9.255386610917515
7,2022-12-07 18:00:00,1.0393502919465445,0.038991153702512917,0.05355437938235957,0.1467228168577017,0.2251483608078424,0.0,True,True,2000,1.7208995590283578,60.395755608966226,8.52593726856106
8,2022-12-08 00:00:00,1.0659187915685215,0.04043398727032337,0.05470624906781978,0.15231111650240622,0.21592827122665023,0.0,True,True,2000,1.7191315075419933,62.00333057082803,8.859771101524396
9,2022-12-08 06:00:00,1.0317567724587204,0.04125268935311793,0.05626025349428981,0.15189250987129027,0.23081201296268447,0.0,True,True,2000,1.7131920605366902,60.22423266049359,8.866052637653892
10,2022-12-08 12:00:00,1.0000152863492795,0.038187399493350996,0.05250261373901205,0.1433663046379393,0.2179516929253611,0.0,True,True,2000,1.7263862529866798,57.92535040285654,8.304416487904314
11,2022-12-08 18:00:00,0.9742633706812938,0.03768158644635466,0.05157764681936167,0.14811192008671328,0.2124333589033924,0.0,True,True,2000,1.6853986131488201,57.80610966927778,8.787946004654453
12,2022-12-09 00:00:00,0.976419431206533,0.03711717227143981,0.05179715191518422,0.14507453292774836,0.21600540885105546,0.0,True,True,2000,1.701450109630467,57.387485279753434,8.526522882252284
13,2022-12-09 06:00:00,0.9712638988628067,0.03708630701596714,0.05031115343154751,0.1393442912345269,0.2007988888957226,0.0,True,True,2000,1.6919552041848895,57.40482351190376,8.235696245968695
14,2022-12-09 12:00:00,0.9927519129940402,0.035808813071231016,0.05095038938067379,0.14001924035016058,0.20841368734550234,0.0,True,True,2000,1.7166358026716186,57.83124827345496,8.15660725077778
15,2022-12-09 18:00:00,0.9885471967667119,0.03879534716501334,0.05322650678523721,0.14502304299978291,0.21650581197306307,0.0,True,True,2000,1.69279030640472,58.39749867579673,8.567100275272379
16,2022-12-10 00:00:00,1.0118504208921957,0.03949810040133707,0.05284961078544268,0.152739546018019,0.2091361963476605,0.0,True,True,2000,1.7143247873166065,59.02326259168322,8.909603778003977
17,2022-12-10 06:00:00,0.9703854624684477,0.038870537409343195,0.05133439918052351,0.1445184491375673,0.20062809511943622,0.0,True,True,2000,1.6922829638008907,57.341797041373546,8.539851326812208
18,2022-12-10 12:00:00,0.9706428578196317,0.039901637208889486,0.051753222774445,0.1520574102060398,0.21048568363921424,0.0,True,True,2000,1.6757444694380965,57.92308287582196,9.074021306901704
19,2022-12-10 18:00:00,0.9485515163703646,0.036815583479262795,0.052647073773136335,0.14390792336778654,0.22781386856789018,0.0,True,True,2000,1.6705216875047495,56.7817540751124,8.61454984057951
20,2022-12-11 00:00:00,0.993594183312354,0.043561847194444746,0.05783749022413528,0.16356262557690582,0.22186680222500763,0.0,True,True,2000,1.670521420146753,59.478086981073744,9.791112140455946
21,2022-12-11 06:00:00,0.9617984156476835,0.03885448251734313,0.05215252092486274,0.14402552828679963,0.21087610851072078,0.0,True,True,2000,1.6658217136993618,57.73717605780132,8.64591493209414
22,2022-12-11 12:00:00,0.9686669879743813,0.039479886422682166,0.053023299838793635,0.1481163788483991,0.21264812546176376,0.0,True,True,2000,1.6965267839054583,57.09706425880759,8.730565308696777
23,2022-12-11 18:00:00,0.9337722923891982,0.03658726270235988,0.05124262574502716,0.14379922832704198,0.21636616362740962,0.0,True,True,2000,1.7003805231222913,54.91548977958044,8.456885171972765
24,2022-12-12 00:00:00,0.9320846971023599,0.03228930799576877,0.047629801154333504,0.13660695063084113,0.1950792872603859,0.0,True,True,2000,1.6898839492175382,55.15672821994316,8.083806624359847
25,2022-12-12 06:00:00,0.9397624268068371,0.03537232203659886,0.04857455590267622,0.13569098516038433,0.19575679702036178,0.0,True,True,2000,1.643089195142292,57.19485159936515,8.258284794370732
26,2022-12-12 12:00:00,0.9552315959405491,0.036078999321731434,0.05157514445253709,0.14815810013341987,0.2019161946573392,0.0,True,True,2000,1.625531773250171,58.76425251477,9.1144388914149
27,2022-12-12 18:00:00,0.9497963761607872,0.036666507180277176,0.051336849161707214,0.13947349861447134,0.2150423936537097,0.0,True,True,2000,1.6025877882092798,59.26641792410528,8.703017684311574
28,2022-12-13 00:00:00,0.962312057353132,0.037363574503822675,0.05316459282940254,0.154965157915097,0.21663466027138048,0.0,True,True,2000,1.540771624257813,62.45650180744183,10.05763316739062
29,2022-12-13 06:00:00,0.9732505697096353,0.036511584254272915,0.050979214084364254,0.14223810201054474,0.20368355674919558,0.0,True,True,2000,1.5559903823967722,62.54862373959453,9.141322698373498
30,2022-12-13 12:00:00,0.9434355329031082,0.033897891503099103,0.04962866689436649,0.13760435394225998,0.1971456391449655,0.0,True,True,2000,1.5786323901696073,59.76283894705505,8.716681274193029
31,2022-12-13 18:00:00,0.903021542187808,0.030794651302967675,0.04649248721910339,0.127110602120242,0.19602550405548974,0.0,True,True,2000,1.5816653139421224,57.09308626975758,8.036504372940517
32,2022-12-14 00:00:00,0.8997975613908893,0.03235007661496485,0.04855990140501343,0.13288900261872272,0.20435764742574408,0.0,True,True,2000,1.5938412180092176,56.454655032373836,8.337656293310529
33,2022-12-14 06:00:00,0.9087660302959222,0.03220159695572758,0.046305594212920236,0.12758747968660436,0.1892759725238089,0.0,True,True,2000,1.5752899330752774,57.688810879520524,8.09930140526756
34,2022-12-14 12:00:00,0.9272816207747776,0.031243518616889916,0.0469587910974902,0.12797381722358703,0.19704500581253948,0.0,True,True,2000,1.574970098145751,58.87614132271386,8.125475993115906
35,2022-12-14 18:00:00,0.9390439755176347,0.03330287677739376,0.048003125971103976,0.1323807287943873,0.1993895990328395,0.0,True,True,2000,1.5751248272376868,59.617114737785336,8.404459539028714
36,2022-12-15 00:00:00,0.9287720460066162,0.036904594096966635,0.051352810373763096,0.14252566959445628,0.20856822618308035,0.0,True,True,2000,1.597692962717996,58.132073413316455,8.920717116509767
37,2022-12-15 06:00:00,0.9164339447858514,0.03622129634246181,0.04946140026699347,0.1354949030282632,0.20110423035087682,0.0,True,True,2000,1.5798395558981875,58.00803894069043,8.576497690693039
38,2022-12-15 12:00:00,0.9394945500506088,0.03643838172604171,0.05120095065569709,0.14046367900052342,0.21887741412938314,0.0,True,True,2000,1.566697027110912,59.9665751445955,8.96559300042506
39,2022-12-15 18:00:00,0.9416499713305355,0.03729332231242929,0.051093006964949464,0.13897178772780727,0.21828978874500155,0.0,True,True,2000,1.576959629538736,59.713004295865844,8.812640800985934
40,2022-12-16 00:00:00,0.9453977908203133,0.0397213594092126,0.054270807399115974,0.15318550407980275,0.21502493900694344,0.0,True,True,2000,1.602170981842767,59.007297069688924,9.561120867612617
41,2022-12-16 06:00:00,0.9611314878016465,0.03878097268383607,0.053151590491983564,0.15153429420062323,0.2184216377504612,0.0,True,True,2000,1.6201135737149326,59.32494507763211,9.353313042934017
42,2022-12-16 12:00:00,0.9514045511842429,0.039457129540811,0.0522122358682358,0.1485335560756575,0.20527369710107105,0.0,True,True,2000,1.597849170812747,59.54282597901969,9.2958433617427
43,2022-12-16 18:00:00,0.9248352639851192,0.03640472055006833,0.04930892089515502,0.14189140882185672,0.19243279083432538,0.0,True,True,2000,1.6465418791496897,56.16834140062835,8.617540228927098
44,2022-12-17 00:00:00,0.9401301983992937,0.036785927579793425,0.0513321659894255,0.1408467001652191,0.21919777339824598,0.0,True,True,2000,1.6601124046482785,56.6305146426802,8.48416647998361
45,2022-12-17 06:00:00,0.981323733199838,0.038161216680823985,0.05192035289517406,0.14709974057132397,0.20563981022486677,0.0,True,True,2000,1.6367704699439818,59.9548776826004,8.987194189565164
46,2022-12-17 12:00:00,0.9869297748185452,0.03570583320774313,0.04956805851606301,0.14028212637577173,0.198349658081422,0.0,True,True,2000,1.715349122467627,57.53521320480759,8.178051018207181
47,2022-12-17 18:00:00,0.9846972506397874,0.037802365173277196,0.05219356166766269,0.15012211177789522,0.20984020398407446,0.0,True,True,2000,1.7103947094963383,57.57134567668022,8.777044909247984
48,2022-12-18 00:00:00,0.9801726623011384,0.03701083435231018,0.05086596810056624,0.14282816416253896,0.20674150704741578,0.0,True,True,2000,1.6429188942806865,59.66044128613446,8.693561481321506
49,2022-12-18 06:00:00,0.9583384628785817,0.0396505785326599,0.051851397750091205,0.14666286687871916,0.21083140163036718,0.0,True,True,2000,1.656009733495468,57.870339980172844,8.856401258532852
50,2022-12-18 12:00:00,0.9628322077672247,0.04022046010822066,0.05394745157268304,0.14844527602504928,0.22881104246935266,0.0,True,True,2000,1.7039294335495436,56.50657760876277,8.711938012351558
51,2022-12-18 18:00:00,0.9396643700530495,0.03890516807094865,0.05263873551383508,0.14771655848373993,0.21814059921811355,0.0,True,True,2000,1.6970197583920597,55.371445465277866,8.7044689817697
52,2022-12-19 00:00:00,0.9257210533853517,0.03915660019286682,0.051608812740625454,0.1448878704612394,0.20173944066895633,0.0,True,True,2000,1.718721759017081,53.861019011870894,8.42997824988841
53,2022-12-19 06:00:00,0.9131988823130485,0.0356923658744842,0.048829357895906006,0.1351019376955768,0.19451473650692164,0.0,True,True,2000,1.7013283250470768,53.67564090181004,7.940967989928602
54,2022-12-19 12:00:00,0.9233940174183772,0.036301234770896564,0.04869658110859769,0.13738151549734604,0.20134200377960595,0.0,True,True,2000,1.6988401947344676,54.35437778552831,8.08678273113376
55,2022-12-19 18:00:00,0.8876580741621068,0.03377162042740757,0.04699346116033274,0.1334752081622842,0.18791076498919732,0.0,True,True,2000,1.7017227733923148,52.16231974098794,7.843534225977762
56,2022-12-20 00:00:00,0.9123599785574162,0.034547498051642804,0.04775543310076696,0.1381317404441004,0.18351369484902616,0.0,True,True,2000,1.7126155766019338,53.272899710959344,8.065542689864639
57,2022-12-20 06:00:00,0.9214892834631462,0.03291678004133469,0.045987519428796426,0.13020393796272445,0.18717873696939727,0.0,True,True,2000,1.6689390178384358,55.21407754350629,7.801599493513011
58,2022-12-20 12:00:00,0.9182153988816365,0.03593957441617574,0.049281213072058745,0.14018949117384696,0.1980034575718406,0.0,True,True,2000,1.6642114359956512,55.17420317042191,8.423778862568355
59,2022-12-20 18:00:00,0.9342618654343481,0.03451752567019551,0.04881412529419313,0.13336162994014739,0.20316338415377536,0.0,True,True,2000,1.6533445879290303,56.507389461055965,8.066172709174642
60,2022-12-21 00:00:00,0.9417128672740663,0.03538413989102631,0.04792745242846535,0.1382283691945291,0.1944488600754968,0.0,True,True,2000,1.5870170655747255,59.33854699495827,8.709948506096927
61,2022-12-21 06:00:00,0.9542233360694099,0.03508739751859406,0.047036086904664716,0.13118531850386497,0.1850967654792403,0.0,True,True,2000,1.5979976728906469,59.7136874638433,8.209356041586812
62,2022-12-21 12:00:00,0.9748275855385741,0.037368940157443145,0.04978659338687014,0.1386813176045871,0.1894511464294545,0.0,True,True,2000,1.6062524008248344,60.68956441951375,8.633843444117014
63,2022-12-21 18:00:00,0.9858503426868072,0.037634143090353574,0.05032079177544106,0.14270223915025498,0.19595680533714568,0.0,True,True,2000,1.6057365117177504,61.395523829260455,8.887027112411989
64,2022-12-22 00:00:00,1.0117492693525532,0.03605414323399455,0.04985017221810643,0.14244368077213454,0.19893267540623075,0.0,True,True,2000,1.625664927638844,62.236027372629785,8.762179607271424
65,2022-12-22 06:00:00,0.9931612755759789,0.03917413297917189,0.05366962929790389,0.1462923778434568,0.2283965218087259,0.0,True,True,2000,1.6217023210150414,61.241897647056966,9.02091437791683
66,2022-12-22 12:00:00,0.9885102823181533,0.03994934391329866,0.051823340018525295,0.14830946395022243,0.20445840056928716,0.0,True,True,2000,1.5990174458833648,61.81985599113076,9.275037263166945
67,2022-12-22 18:00:00,0.9780780304887304,0.03918100312032741,0.05230048182201407,0.1463088842975961,0.20603498041567778,0.0,True,True,2000,1.6014676583736345,61.07385468414732,9.13592500807538
68,2022-12-23 00:00:00,0.9633624730418902,0.039912290728117736,0.051414758138471274,0.14563466898310815,0.19838660415173673,0.0,True,True,2000,1.6316278574938075,59.04302679176011,8.925728272794023
69,2022-12-23 06:00:00,0.9533726585914148,0.03930710705585551,0.05066576713854624,0.14555033443921625,0.20160191226882176,0.0,True,True,2000,1.6899754096020205,56.41340419361064,8.612571142292095
70,2022-12-23 12:00:00,0.9403022679876261,0.03997926004555056,0.0522463137376213,0.14401859819603846,0.21249162396382,0.0,True,True,2000,1.6539440567831665,56.85212048927847,8.707585822228292
71,2022-12-23 18:00:00,0.949161240667547,0.041388737093722074,0.05385808843741535,0.1519450685633126,0.20645705991997854,0.0,True,True,2000,1.6071890352617968,59.05722474723933,9.454088176912064
72,2022-12-24 00:00:00,0.9311306893994591,0.04156457335515491,0.053321928954740416,0.1493455960230642,0.2176982455015564,0.0,True,True,2000,1.598990123269138,58.23242281795717,9.339994903641236
73,2022-12-24 06:00:00,0.9367618293665602,0.03917339024040568,0.052113620936976135,0.14754216991121452,0.20930730053630708,0.0,True,True,2000,1.5760191835538118,59.43847886763843,9.361698858164743
74,2022-12-24 12:00:00,0.9449616470592791,0.04307375868489817,0.05279905824025493,0.1482525299517217,0.21367493929999462,0.0,True,True,2000,1.5955666000286286,59.22420581142298,9.291528786643042
75,2022-12-24 18:00:00,0.9626179683521351,0.04400500292554907,0.053675036487260866,0.15171511560511539,0.20309035727163582,0.0,True,True,2000,1.585742147242495,60.7045710442941,9.567451799710208
76,2022-12-25 00:00:00,0.9977455054909833,0.04181987341434167,0.05305289723044383,0.15183836301126905,0.2009259344922647,0.0,True,True,2000,1.6191455799643706,61.62172925259375,9.377684433700537
77,2022-12-25 06:00:00,0.9762004513791542,0.04228100878824778,0.052130274092297806,0.1450613763523908,0.21951472219973747,0.0,True,True,2000,1.6097150638982223,60.64430117309734,9.01161824261605
78,2022-12-25 12:00:00,0.9724261697311917,0.04261572920329215,0.053947163090726044,0.15179087202456273,0.20989149925807973,0.0,True,True,2000,1.597853959836158,60.85826328151435,9.499671173961804
79,2022-12-25 18:00:00,0.9709099699796828,0.04017951309781366,0.05155898401624068,0.14470374947446055,0.1974970705121626,0.0,True,True,2000,1.5754447387322519,61.627675418242,9.184946061066066
80,2022-12-26 00:00:00,0.9946188475701551,0.04014037419498594,0.051536196994256725,0.1467122276537253,0.20054021138483974,0.0,True,True,2000,1.581004289386547,62.910572365118746,9.279685617466086
81,2022-12-26 06:00:00,1.0044549869336319,0.04103294088499158,0.05235152569604863,0.15189156730556508,0.2147784094283057,0.0,True,True,2000,1.6315540680311091,61.56430893802778,9.30962511643034
82,2022-12-26 12:00:00,0.9897407422748128,0.043411059909112225,0.05227062282527448,0.14793156314341477,0.20052601857706098,0.0,True,True,2000,1.6387758316870935,60.395126846353996,9.026955382367435
83,2022-12-26 18:00:00,0.984188171136206,0.04205007886148658,0.05252403583527454,0.14586947268674783,0.22042321749376864,0.0,True,True,2000,1.6208067832360769,60.72211575837508,8.99980640477745
84,2022-12-27 00:00:00,1.0197221250317372,0.04240457357368196,0.053374416603153146,0.1474931509955119,0.21196097318343135,0.0,True,True,2000,1.6043436403134366,63.56008148182747,9.193364020609485
85,2022-12-27 06:00:00,1.0152874905893985,0.04342040541921231,0.053022666871236565,0.1497489233419158,0.20899017953249777,0.0,True,True,2000,1.6167942130015835,62.79633378353786,9.262089271330732
86,2022-12-27 12:00:00,1.0220528175516896,0.04110544410042283,0.05322803576635553,0.14906272125569706,0.2139336035003806,0.0,True,True,2000,1.5646161583116664,65.3229108060956,9.527111200011284
87,2022-12-27 18:00:00,1.0301549474098008,0.04178949894764658,0.0514385270917661,0.146909374317007,0.2116059032332232,0.0,True,True,2000,1.5544943201752428,66.26945715013409,9.450621492167658
88,2022-12-28 00:00:00,1.020902646292403,0.04144590190967382,0.053880619911995276,0.1520755058273387,0.2234514690488203,0.0,True,True,2000,1.5273180970140143,66.84283046788487,9.957028999044413
89,2022-12-28 06:00:00,1.0169978654322958,0.04145163990694101,0.05209926175238826,0.14457947399884338,0.20530551045115963,0.0,True,True,2000,1.530876422717205,66.43239456436277,9.444228930132997
90,2022-12-28 12:00:00,1.0190171033011366,0.039812668280593,0.05035345367407236,0.1417108429856561,0.20015450451115485,0.0,True,True,2000,1.5308670561863194,66.56470260975514,9.256900683373821
91,2022-12-28 18:00:00,1.0584940726227634,0.038842375245866874,0.05055185364541401,0.14328708945576468,0.19972923842211934,0.0,True,True,2000,1.5766708618222325,67.13475197984012,9.087951894421456
92,2022-12-29 00:00:00,1.0636447037395043,0.03889466443621074,0.05071047984972816,0.1431802176430981,0.20487708324640705,0.0,True,True,2000,1.5218689527406,69.89068945943605,9.408183101787932
93,2022-12-29 06:00:00,1.0320617255630777,0.03741600353616424,0.05200195384660175,0.14715825127769602,0.2185402732583032,0.0,True,True,2000,1.5098572089098878,68.35492253656378,9.746501219406293
94,2022-12-29 12:00:00,1.0575074207030144,0.03973010388852169,0.051900606831516434,0.14208789815368897,0.19620324350367285,0.0,True,True,2000,1.525227758097902,69.3343938364866,9.31584790529157
95,2022-12-29 18:00:00,1.049654530013087,0.04037736135565997,0.05148433621247496,0.1421377499232188,0.21978119269824548,0.0,True,True,2000,1.53253169224869,68.49153823846375,9.27470215736025
96,2022-12-30 00:00:00,1.056179369553531,0.036830155117306404,0.04912612515769998,0.13763362505242946,0.19997528882280588,0.0,True,True,2000,1.5305336614461333,69.00726172566463,8.992525190356517
97,2022-12-30 06:00:00,1.0191515864922114,0.03682209927290804,0.050916262932647054,0.14567507827788506,0.20361685093079823,0.0,True,True,2000,1.5440312555464,66.00589093201712,9.434723406964565
98,2022-12-30 12:00:00,1.039402573833307,0.03594144044216775,0.05004186298976476,0.1419795115825532,0.20347956890428442,0.0,True,True,2000,1.5181169284683418,68.46656896725214,9.352343612016707
99,2022-12-30 18:00:00,1.0448066747147078,0.03453140402256784,0.04794512314087096,0.13547967399353605,0.1958568971967651,0.0,True,True,2000,1.5408716336131183,67.80621123284547,8.792404963407371
100,2022-12-31 00:00:00,1.0898800195587937,0.03727635048324245,0.04967062481870165,0.14347640089336655,0.19715093858633917,0.0,True,True,2000,1.5093460708681314,72.20875587080747,9.505865067170657
101,2022-12-31 06:00:00,1.090214359992876,0.037355317177652635,0.05097802337514186,0.14478615075319531,0.21264316906714534,0.0,True,True,2000,1.4911924190739438,73.11024023780364,9.709421058022144
102,2022-12-31 12:00:00,1.0974507280109291,0.03435327778640322,0.048691355679512556,0.1353723920626613,0.19682031079583767,0.0,True,True,2000,1.5059818203048243,72.87277397470808,8.988979165449734
103,2022-12-31 18:00:00,1.0978056091491888,0.031975828493439676,0.047017142601958335,0.12978073901029227,0.19927884645456614,0.0,True,True,2000,1.4918054520170956,73.58905999873019,8.699575325644073
104,2023-01-01 00:00:00,1.1104245764554546,0.03416644153118159,0.04675760834809446,0.13007913321563644,0.17858788233077366,0.0,True,True,2000,1.4983999166214972,74.10735706387209,8.681202646415725
105,2023-01-01 06:00:00,1.1039941690440638,0.035036642736515564,0.048064646938663066,0.13349337808212577,0.19431917264585882,0.0,True,True,2000,1.4913069158628312,74.02863604406485,8.951435593986366
106,2023-01-01 12:00:00,1.0826126033830175,0.03728692986609145,0.05057143367696875,0.1389398866747385,0.20732063383917884,0.0,True,True,2000,1.4502993626138543,74.64752666179484,9.580083274968079
107,2023-01-01 18:00:00,1.0899021563841629,0.033191200344271546,0.04748110992019641,0.13354517867117913,0.1935553004924274,0.0,True,True,2000,1.4033199897280522,77.66597528446621,9.516374002272903
108,2023-01-02 00:00:00,1.0772686723920404,0.03714480901799287,0.049368628584870185,0.13972153920910158,0.1904389339320299,0.0,True,True,2000,1.3720717621225422,78.51401815350731,10.18325302409531
109,2023-01-02 06:00:00,1.0515172250097125,0.03637769299112615,0.048078058629510964,0.13647919237782885,0.1864760724633209,0.0,True,True,2000,1.3590260286170208,77.37285400484662,10.042426672042
110,2023-01-02 12:00:00,1.0481493808018698,0.03846788273402212,0.051947769475042586,0.1451909510376481,0.21189678851374308,0.0,True,True,2000,1.2684678731250572,82.63113343340733,11.446166995144216
111,2023-01-02 18:00:00,1.0657581188190597,0.037579770812024876,0.04995912380009498,0.14439088948890075,0.19816380919168008,0.0,True,True,2000,1.2114622748763093,87.97286889745484,11.918727680038002
112,2023-01-03 00:00:00,1.0634737102097678,0.038546191989370426,0.05048780989398457,0.14202393355161871,0.20081053197976514,0.0,True,True,2000,1.1603598535222543,91.65033648670365,12.23964558240336
113,2023-01-03 06:00:00,1.0756319677183512,0.03790886957598485,0.05148541588408316,0.14501902506117698,0.19650461576577463,0.0,True,True,2000,1.1378984857507146,94.52793735011575,12.744460677043826
114,2023-01-03 12:00:00,1.0900739754809783,0.03979238009486183,0.05363272872166259,0.14886410362440772,0.21827589992659174,0.0,True,True,2000,1.0990282293885378,99.18525715098862,13.545066418105629
115,2023-01-03 18:00:00,1.101711110388941,0.03950300957328835,0.053627865677491365,0.14458875482023198,0.2164056348982917,0.0,True,True,2000,1.0416631202123832,105.76462668317515,13.880567720469166
116,2023-01-04 00:00:00,1.09286311252568,0.038993853868502286,0.052898182446793486,0.15165707359369865,0.2229634973047932,0.0,True,True,2000,1.047067336705337,104.37371830969748,14.483984771303932
117,2023-01-04 06:00:00,1.0782972245021194,0.040301871535482786,0.051740898025520704,0.1480989778740394,0.21229556642724542,0.0,True,True,2000,1.007896949794469,106.98486831634986,14.693861103978916
118,2023-01-04 12:00:00,1.095017068048664,0.04225758961728042,0.05449056082483569,0.1530378408435266,0.22114670390612323,0.0,True,True,2000,1.0218881355734044,107.15625614287273,14.975987636616765
119,2023-01-04 18:00:00,1.1373395233954877,0.04007517536796492,0.05245514236130217,0.1497605032013192,0.21224038503498943,0.0,True,True,2000,1.0348262036892244,109.90633203341744,14.472043969065822
120,2023-01-05 00:00:00,1.1195147254637208,0.03968933151257184,0.051694819159274215,0.14481140240927887,0.20744068215760894,0.0,True,True,2000,1.0508350405735536,106.53572466071186,13.780602741438821
121,2023-01-05 06:00:00,1.1349143748802542,0.03686354804912703,0.04787749983993017,0.13549731720585723,0.19451062500980296,0.0,True,True,2000,1.0731973646239226,105.75076051160066,12.625573046700422
122,2023-01-05 12:00:00,1.13122484954995,0.03657446723522404,0.04850946103011483,0.14001277083587127,0.19508651331790205,0.0,True,True,2000,1.0979909206774072,103.0267945068288,12.751723916759728
123,2023-01-05 18:00:00,1.1435531448595888,0.04116458882986886,0.051916335232439596,0.14436502877573074,0.20316827179886413,0.0,True,True,2000,1.1189246029815558,102.20109038735998,12.902123019821598
124,2023-01-06 00:00:00,1.1501109369165803,0.038956053994929005,0.05179509977431144,0.14446528527328603,0.21666549224811074,0.0,True,True,2000,1.1283163939233536,101.9315985401438,12.803614841662892
125,2023-01-06 06:00:00,1.1535961423299466,0.03884798251850772,0.05082518812843691,0.14699882153733032,0.20529930681431563,0.0,True,True,2000,1.1202295315183897,102.97855125871666,13.122205530333064
126,2023-01-06 12:00:00,1.1810940956236782,0.04254633212175339,0.053149171337612565,0.1424550029764274,0.2145416023533645,0.0,True,True,2000,1.0845717499721188,108.89958139275163,13.134677625531877
127,2023-01-06 18:00:00,1.1864117956881168,0.04238921048679505,0.05323205129627336,0.15163049732087092,0.20611761070334514,0.0,True,True,2000,1.1034304558344865,107.5203053726548,13.741735740491048
128,2023-01-07 00:00:00,1.2002629005353556,0.04036948149664357,0.05518887551608791,0.15412903636125014,0.23181566828251948,0.0,True,True,2000,1.1251093718326133,106.67966426946829,13.699026976390744
129,2023-01-07 06:00:00,1.2168065182521526,0.0413189828883047,0.05380220160291853,0.1503800531949144,0.22408071651443587,0.0,True,True,2000,1.1251399382652263,108.14712702566229,13.365453316569207
130,2023-01-07 12:00:00,1.2214317003862587,0.04617034046081816,0.05691002759750012,0.16087869983720682,0.2239814585952336,0.0,True,True,2000,1.142062929196362,106.94959701088855,14.086675587168623
131,2023-01-07 18:00:00,1.2489026551633235,0.04293177744976482,0.05545042477866217,0.15466134502350753,0.22283607941050043,0.0,True,True,2000,1.1609328418230636,107.57751096110928,13.322161235497143
132,2023-01-08 00:00:00,1.2401579684771011,0.043167170475647124,0.056266178973862366,0.1594879140814525,0.22378686894102096,0.0,True,True,2000,1.2147173019091662,102.09436932592875,13.129632205846248
133,2023-01-08 06:00:00,1.2405263210712139,0.03877799030249317,0.05128352901249913,0.14347177594238236,0.2111930343424458,0.0,True,True,2000,1.2165668008198125,101.9694372915039,11.793168763581292
134,2023-01-08 12:00:00,1.2304020947679903,0.040553368138606105,0.05303012995148232,0.1530119365649646,0.2101620632555034,0.0,True,True,2000,1.239782646400954,99.24337127477989,12.341835644268205
135,2023-01-08 18:00:00,1.2251928968618444,0.0381319248595789,0.0534584295160422,0.15063163055668619,0.2214563688222262,0.0,True,True,2000,1.242508947817153,98.60636408407927,12.123182760278445
136,2023-01-09 00:00:00,1.2547114710339713,0.03945259157271573,0.053103881214421805,0.15033862288631314,0.2171406398876732,0.0,True,True,2000,1.3076593422183096,95.95094307248877,11.496772747501588
137,2023-01-09 06:00:00,1.2230618626150773,0.036433426932612534,0.049678626126599255,0.13699814141233704,0.2109491065886072,0.0,True,True,2000,1.3072216251295372,93.56193617848693,10.480100602586147
138,2023-01-09 12:00:00,1.240814550856415,0.035932150915640025,0.05069832828742799,0.14134394463092775,0.21034556423065928,0.0,True,True,2000,1.336517126193188,92.83940523759965,10.575543093377245
139,2023-01-09 18:00:00,1.227821735541859,0.038005010471969324,0.05151343632868897,0.1515974166706816,0.2032899738676665,0.0,True,True,2000,1.401759660490419,87.59145880345093,10.814793786949455
140,2023-01-10 00:00:00,1.2438495661576103,0.03496554162478864,0.04963949627529335,0.14074327184774618,0.19836625984802486,0.0,True,True,2000,1.3730335410213295,90.5913460229365,10.250534137939155
141,2023-01-10 06:00:00,1.2368910915776725,0.03390596652855857,0.04892375803737324,0.14015617155689322,0.1948812361149103,0.0,True,True,2000,1.2963172481860852,95.41577058458748,10.811872769031762
142,2023-01-10 12:00:00,1.2593491330393063,0.03605150888000623,0.051114721820202914,0.14026438821363343,0.1981138891353649,0.0,True,True,2000,1.2636706076408424,99.65802206877282,11.099758700211778
143,2023-01-10 18:00:00,1.2589373002732722,0.038705943858981705,0.05321762880406641,0.1477578675199918,0.21392908275234285,0.0,True,True,2000,1.2859592331518068,97.89869443899045,11.490089554226875
144,2023-01-11 00:00:00,1.2769824206091616,0.04112802126196275,0.05546717625782635,0.15802337741538278,0.2276728727547414,0.0,True,True,2000,1.3134786534931908,97.22140646998963,12.03090564091927
145,2023-01-11 06:00:00,1.2807217970573916,0.03730228979144673,0.04962587673301917,0.1407196027204862,0.20033318408918496,0.0,True,True,2000,1.3487033650001636,94.95948703718376,10.433695531001298
146,2023-01-11 12:00:00,1.2978864648409272,0.03831730628416537,0.05228303939461243,0.1409223307765921,0.22377743991283017,0.0,True,True,2000,1.3811821917477713,93.96924407188885,10.203022571429669
147,2023-01-11 18:00:00,1.315890122347375,0.039331017450053,0.05250473269762076,0.1477427647762499,0.21093500801375614,0.0,True,True,2000,1.4339007470557608,91.76995862853842,10.303555882763241
148,2023-01-12 00:00:00,1.3149655533329692,0.03609599617487875,0.04972759907888705,0.14312735340907673,0.19550913444356394,0.0,True,True,2000,1.4537541999709678,90.4530871421888,9.84536130055102
149,2023-01-12 06:00:00,1.3252689142662688,0.03477237232077828,0.049361515899184485,0.14114284473065436,0.211167124797417,0.0,True,True,2000,1.41221460543175,93.84330888300794,9.994433153982527
150,2023-01-12 12:00:00,1.3269030068150194,0.03537263533032929,0.04977561834661952,0.13838849466831674,0.2162698996213518,0.0,True,True,2000,1.4193492687546883,93.48671507607288,9.75013675032477
151,2023-01-12 18:00:00,1.3196792811084437,0.040371050057960774,0.055275594555237596,0.15893842798607088,0.2270234676307062,0.0,True,True,2000,1.422731351599582,92.75674424582851,11.171359076847208
152,2023-01-13 00:00:00,1.3225829373920654,0.040656077731074894,0.05505354459411388,0.1520454765180145,0.22132339227332373,0.0,True,True,2000,1.3918503819513777,95.02335556626431,10.923981376852185
153,2023-01-13 06:00:00,1.331159517793087,0.03805810667795511,0.05153356540981718,0.14343946713532404,0.21758524441242139,0.0,True,True,2000,1.3790546712219545,96.52695760158454,10.401289385302254
154,2023-01-13 12:00:00,1.3220535143080394,0.03894107717825676,0.05207195004473697,0.1441812108238933,0.21595612810198278,0.0,True,True,2000,1.3816577987528067,95.68603133868815,10.43537777256008
155,2023-01-13 18:00:00,1.3229050178688675,0.037490814010425054,0.05216736001558716,0.1489871464829466,0.21136081528117373,0.0,True,True,2000,1.428298126891843,92.62107069675123,10.431095839015166
156,2023-01-14 00:00:00,1.3110606918434389,0.03691994140226295,0.05001216021034197,0.14116806950876049,0.196270794979416,0.0,True,True,2000,1.4394837505897708,91.07853362750946,9.80685398156961
157,2023-01-14 06:00:00,1.2937083607177533,0.04099417508790799,0.05336908816162906,0.1532744897417811,0.213540174943725,0.0,True,True,2000,1.4419436580222036,89.7197580169136,10.62971419784981
158,2023-01-14 12:00:00,1.3067396778721354,0.038456655117750455,0.051438621928531214,0.14712875007202286,0.2027087723995979,0.0,True,True,2000,1.4109384955874613,92.6149284294677,10.42772243667248
159,2023-01-14 18:00:00,1.3101871602194317,0.03645547867229445,0.04999572797488844,0.13869804231360625,0.1976861613384505,0.0,True,True,2000,1.4189830757357134,92.33282500851018,9.774467693470845
160,2023-01-15 00:00:00,1.3070567138207345,0.036153160884772426,0.05007959462346086,0.13961131481705594,0.20499759125474912,0.0,True,True,2000,1.3665704728330041,95.64502817854003,10.216181133171354
161,2023-01-15 06:00:00,1.294718021702093,0.0375931232046241,0.0506490184341914,0.13960677339829683,0.20216883198076568,0.0,True,True,2000,1.417287615052719,91.35181934500524,9.850278229737008
162,2023-01-15 12:00:00,1.285415419266137,0.03903366296069207,0.05346638650997082,0.14702231963122991,0.2181028588362657,0.0,True,True,2000,1.410851185052834,91.10921356443417,10.42082405209336
163,2023-01-15 18:00:00,1.3020037947066694,0.03683876034769019,0.04899093762245738,0.14023890957340576,0.19024323076363817,0.0,True,True,2000,1.4338081948350414,90.80738967714325,9.780869580644303
164,2023-01-16 00:00:00,1.2751898818770246,0.03505927229799508,0.04853669978273933,0.13457816921273355,0.187739655575811,0.0,True,True,2000,1.4076568854483178,90.58953890392797,9.560438385514123
165,2023-01-16 06:00:00,1.2578696483758756,0.0348396203997163,0.04869869397416522,0.13666295652591368,0.20927493408219675,0.0,True,True,2000,1.3692962155310844,91.8624936013577,9.980525395150433
166,2023-01-16 12:00:00,1.258363815971953,0.036230008573810875,0.04878502635661867,0.13896751995602194,0.19275328168086392,0.0,True,True,2000,1.2987089726991268,96.89344128859571,10.700435807970404
167,2023-01-16 18:00:00,1.2735003185899172,0.03873993918838912,0.05160938629068056,0.1402712151925033,0.21440385920950242,0.0,True,True,2000,1.3064376359076344,97.47884503535185,10.7369239324655
168,2023-01-17 00:00:00,1.2773814189527168,0.03728970060031746,0.050559046560325435,0.13982098470170387,0.20484549862711562,0.0,True,True,2000,1.3356548314610759,95.63709042667755,10.46834716636733
169,2023-01-17 06:00:00,1.273570821274108,0.03697196751367508,0.048840239198617484,0.13607473075630952,0.19178155933012445,0.0,True,True,2000,1.3298766809772082,95.76608414084484,10.232131497810782
170,2023-01-17 12:00:00,1.2973327127386254,0.040492395686377684,0.051863154789309744,0.14715853866416012,0.20895542709490195,0.0,True,True,2000,1.3311221658562744,97.46158136462905,11.055224113821067
171,2023-01-17 18:00:00,1.317627086186121,0.04657617785217744,0.05781480067681993,0.1629099563529948,0.23313613331720212,0.0,True,True,2000,1.3431007715101444,98.10336753098716,12.129391912255658
172,2023-01-18 00:00:00,1.3015723839646254,0.04304448396802794,0.05541032092451706,0.15853069657448302,0.21900952990620665,0.0,True,True,2000,1.3559637364344752,95.98873103989693,11.691366982375326
173,2023-01-18 06:00:00,1.306405075255831,0.04202941172050564,0.054944627183810844,0.15688618151259437,0.2205988835333887,0.0,True,True,2000,1.380739171459676,94.61635493941543,11.362477776793934
174,2023-01-18 12:00:00,1.323279098183471,0.04223897135531224,0.05509325096157792,0.1557862739246089,0.22386030546197117,0.0,True,True,2000,1.4057353203524434,94.13429960995082,11.08219105468236
175,2023-01-18 18:00:00,1.3170350885372633,0.04360863804195799,0.057682253452781836,0.16113450765452403,0.23346945328149363,0.0,True,True,2000,1.4283194832670962,92.20871828512173,11.281405143753249
176,2023-01-19 00:00:00,1.2965651454982992,0.04163890397339823,0.054512193835518474,0.15112603000880234,0.21843936151195395,0.0,True,True,2000,1.4752935004093344,87.88523403231659,10.243794198704933
177,2023-01-19 06:00:00,1.293843083466278,0.04240429870109837,0.05634549264352289,0.15664293606527316,0.23324772184300738,0.0,True,True,2000,1.4226862945301273,90.94366681121346,11.01036375113235
178,2023-01-19 12:00:00,1.3335169732410344,0.04350055295597778,0.056255946933320373,0.16156763886713407,0.21882101869505333,0.0,True,True,2000,1.414894992193482,94.2484764310114,11.419055107167999
179,2023-01-19 18:00:00,1.3403095534313152,0.04556975876980067,0.058187090801940934,0.164097744210925,0.24359205943468126,0.0,True,True,2000,1.4559953207273817,92.05452341438345,11.270485685966735
180,2023-01-20 00:00:00,1.3423684562720972,0.04940839754005096,0.060236281021638166,0.17157528635827785,0.23979183560798692,0.0,True,True,2000,1.5317086499876065,87.6386286832655,11.201561495370944
181,2023-01-20 06:00:00,1.2765351607295852,0.04864212991773781,0.06009229658003558,0.16875446068305208,0.23902152281439154,0.0,True,True,2000,1.5261751798965484,83.6427677205519,11.057345375941122
182,2023-01-20 12:00:00,1.28947996261616,0.04768257507138692,0.05905104907981585,0.16680132157477762,0.23459978904829784,0.0,True,True,2000,1.5098020901536586,85.40721800729024,11.047893141928396
183,2023-01-20 18:00:00,1.28092533275318,0.05049117603910231,0.06344264730998074,0.18050986463337565,0.24886431776388715,0.0,True,True,2000,1.4421315115608135,88.82167281448827,12.516879576260731
184,2023-01-21 00:00:00,1.3130765368503179,0.04843262021439409,0.058925858943391515,0.1672225477823777,0.2362769066810775,0.0,True,True,2000,1.436317017003267,91.41968808459303,11.642453984933699
185,2023-01-21 06:00:00,1.282609934017158,0.047292337433221,0.059029483874238876,0.1610884923422812,0.2427608191231871,0.0,True,True,2000,1.4791271500405647,86.7139741152059,10.890780575413235
186,2023-01-21 12:00:00,1.2979957717123962,0.05041209253361176,0.060337641272334805,0.1707415403647534,0.23087864394354551,0.0,True,True,2000,1.483227940302633,87.51155074974906,11.511483550526687
187,2023-01-21 18:00:00,1.2942851426952806,0.05489651933034837,0.06498377378239478,0.18479013223374677,0.25306487179356035,0.0,True,True,2000,1.5019259077421527,86.1750327378653,12.30354515367153
188,2023-01-22 00:00:00,1.2957712660141059,0.05480336810916831,0.06682473491331171,0.18824704933479278,0.2664888417805583,0.0,True,True,2000,1.5099867885702203,85.81341743003253,12.466801084600254
189,2023-01-22 06:00:00,1.2922606296753603,0.05654165113333931,0.06714321127733634,0.1916047485812155,0.2647171050316018,0.0,True,True,2000,1.5809439873353817,81.73981115253895,12.119641816289628
190,2023-01-22 12:00:00,1.2639684799255186,0.05241683506618495,0.06308023720338402,0.17722507439108262,0.24866941438797235,0.0,True,True,2000,1.592066358359232,79.39169578510233,11.131764292396017
191,2023-01-22 18:00:00,1.2796835241220552,0.051008724147975075,0.06275182842759094,0.17859882145523834,0.24287634406308173,0.0,True,True,2000,1.5815581011220132,80.91283672817346,11.292586805918418
192,2023-01-23 00:00:00,1.2806344002223793,0.04947710674586473,0.05947686803775694,0.17181756202867784,0.23483582785046625,0.0,True,True,2000,1.572367162511109,81.44626972348968,10.927318130600042
193,2023-01-23 06:00:00,1.2638695277786427,0.05167606632655617,0.06363229478705813,0.18054866167544897,0.2505392579503955,0.0,True,True,2000,1.5553671438224166,81.25859754711037,11.608105674120054
194,2023-01-23 12:00:00,1.2729001511397604,0.05332244372578147,0.06463345205145005,0.18430890310182751,0.2644697621888798,0.0,True,True,2000,1.5657240578434435,81.2978599110877,11.77148056060952
195,2023-01-23 18:00:00,1.308082680457461,0.05333092224303972,0.06283116123517847,0.17602559174802426,0.24509965707775838,0.0,True,True,2000,1.572152662981802,83.20328624934578,11.196469394655843
196,2023-01-24 00:00:00,1.3290356870888236,0.05280938702414104,0.06266386956311037,0.17708679856736084,0.2433548118798501,0.0,True,True,2000,1.5789016591380323,84.17469697348866,11.21582193181288
197,2023-01-24 06:00:00,1.2945372802706134,0.04832577033118686,0.05935938512031276,0.1701664762475143,0.22599704598626386,0.0,True,True,2000,1.5863483735089223,81.60485438688114,10.726929789773394
198,2023-01-24 12:00:00,1.3276073400451815,0.05246008747762993,0.06290397629245911,0.1819148531697421,0.24300161827489533,0.0,True,True,2000,1.6062632666140586,82.65191439282098,11.325344789413732
199,2023-01-24 18:00:00,1.3254444788061002,0.05241613760219705,0.060503461863612086,0.170233618913602,0.22567985112474404,0.0,True,True,2000,1.6118987941128062,82.22876545643355,10.561061248718104
200,2023-01-25 00:00:00,1.3222824223028147,0.05006282185383435,0.06163738401986428,0.17417282587780367,0.24332245315622325,0.0,True,True,2000,1.6062730197062511,82.31990490288061,10.84328901382255
201,2023-01-25 06:00:00,1.3040638509991052,0.05164632686218755,0.06202822980799718,0.17421332464714745,0.23936545448958188,0.0,True,True,2000,1.5994266359108378,81.53320832102249,10.892236051073192
202,2023-01-25 12:00:00,1.3064985372960893,0.05581318288868342,0.06736446964980267,0.1942053171806465,0.272611677767423,0.0,True,True,2000,1.6070666425452547,81.297097625452,12.084459476619228
203,2023-01-25 18:00:00,1.2840801781942794,0.060576910504988986,0.06582623736083659,0.18820796551652044,0.2469330596326576,0.0,True,True,2000,1.6099883374507287,79.75711055320467,11.690020426764754
204,2023-01-26 00:00:00,1.2963048791917158,0.05926281582922032,0.0682083240437417,0.19969285583173382,0.251556195601157,0.0,True,True,2000,1.5977489891068293,81.1331997722855,12.498387243127956
205,2023-01-26 06:00:00,1.290336081511041,0.05788163115545549,0.06503655178437769,0.18500394677500748,0.25562722547449807,0.0,True,True,2000,1.5962920557532208,80.83333352819247,11.58960517959304
206,2023-01-26 12:00:00,1.3119143377160487,0.06262989515749841,0.07076222187986118,0.2010621955968282,0.27228896366923033,0.0,True,True,2000,1.6055932546757017,81.70900904669219,12.522610879891797
207,2023-01-26 18:00:00,1.3405128024544857,0.07227696873423359,0.07763126120490309,0.22245666235151926,0.3076019314020997,0.0,True,True,2000,1.658462290068049,80.82865739440373,13.413429035060636
208,2023-01-27 00:00:00,1.318552698142798,0.06805475400426617,0.07662855596700463,0.2195510506770793,0.3045938771408628,0.0,True,True,2000,1.6592053949790897,79.4689254346003,13.2323009159361
209,2023-01-27 06:00:00,1.2905158492020874,0.06805891916566782,0.07257441256878995,0.208012692380514,0.2822670922300817,0.0,True,True,2000,1.654835930112582,77.98451953567934,12.569988878979832
210,2023-01-27 12:00:00,1.268567515804964,0.07194084955961245,0.07833725856771066,0.22606008434603356,0.30759567802588417,0.0,True,True,2000,1.6829852189822783,75.37603429292638,13.43208970562052
211,2023-01-27 18:00:00,1.26824785747712,0.0702039445354873,0.07793942099461111,0.22098455345310186,0.3136749487439194,0.0,True,True,2000,1.6894751846648097,75.06756352439348,13.080070986478857
212,2023-01-28 00:00:00,1.2956987235914676,0.07338570299283455,0.07890409957795949,0.22797013364872754,0.3110495106944955,0.0,True,True,2000,1.6923641934292941,76.56145932548655,13.47051270251612
213,2023-01-28 06:00:00,1.2633736817878745,0.0760235874317631,0.08160643499680421,0.24012970608289133,0.31392622138791887,0.0,True,True,2000,1.7719819353113286,71.29721001167576,13.551475965848473
214,2023-01-28 12:00:00,1.2451483002246575,0.07590078764258316,0.07857223827587144,0.2232130437788334,0.30954666697314914,0.0,True,True,2000,1.7875218567680151,69.6577944213777,12.487290319482902
215,2023-01-28 18:00:00,1.219064687771911,0.07089778235384495,0.07669906491186415,0.2179367389128235,0.30417310484392895,0.0,True,True,2000,1.780066953552277,68.48420422272108,12.243176498384623
216,2023-01-29 00:00:00,1.2824657992206592,0.07234058641448839,0.07754233974316861,0.22219175821473278,0.3223775179322854,0.0,True,True,2000,1.7835865673734015,71.90375968738553,12.457581946355619
217,2023-01-29 06:00:00,1.2638905814160941,0.07212065280054952,0.07683223981370517,0.222134270764533,0.30546846528430716,0.0,True,True,2000,1.7769223726609291,71.12806956915212,12.50106781152676
218,2023-01-29 12:00:00,1.2741867730754826,0.0714928639924532,0.076963562626294,0.2214832391542185,0.3035610620348054,0.0,True,True,2000,1.7492280679825403,72.84280400011285,12.661770252158405
219,2023-01-29 18:00:00,1.2465350471500214,0.07213917319036865,0.07449700678023326,0.2171944352624509,0.2818445328521861,0.0,True,True,2000,1.7750630343708944,70.22483275315402,12.235871687758259
220,2023-01-30 00:00:00,1.2709224129117023,0.0740810272202665,0.07710298872331346,0.21982118894254368,0.30000556871279244,0.0,True,True,2000,1.7636084474718248,72.06375172071785,12.464285326919514
221,2023-01-30 06:00:00,1.2761368171591072,0.07534651798643693,0.07769606866850658,0.2235332204599891,0.2996844736262266,0.0,True,True,2000,1.742029836000712,73.25573826501245,12.831767621912174
222,2023-01-30 12:00:00,1.2667908743115346,0.08261378449367836,0.0837261738578011,0.23557727331829184,0.3330173610066724,0.0,True,True,2000,1.7438589674867735,72.64296585504371,13.508963609471394
223,2023-01-30 18:00:00,1.2710403784079927,0.08080441916255299,0.08292026451390518,0.23845682754160835,0.32430950212712895,0.0,True,True,2000,1.733809635375067,73.30910801709983,13.753345389041174
224,2023-01-31 00:00:00,1.284574116591254,0.07896334699918237,0.08196015315793825,0.23872101375498883,0.313868387915367,0.0,True,True,2000,1.70483762247417,75.3487663374649,14.002566027874346
225,2023-01-31 06:00:00,1.2718070009120006,0.08231396328295527,0.0828557005056776,0.23817263260778895,0.3232418690288184,0.0,True,True,2000,1.670103530469105,76.15138688766024,14.260950190368746
226,2023-01-31 12:00:00,1.2844052957367251,0.07955866204041073,0.08003789706333199,0.2306183681064933,0.31000841619425606,0.0,True,True,2000,1.6413784477591387,78.2516242668006,14.05028611295224
227,2023-01-31 18:00:00,1.2857869358403111,0.08163298379449067,0.08501289922760857,0.2502314197140485,0.32921914668938285,0.0,True,True,2000,1.6214801271038881,79.29711344269414,15.432284092250006
228,2023-02-01 00:00:00,1.273902617295684,0.0814137064451775,0.08055508136773747,0.23859672461357634,0.3108719654446544,0.0,True,True,2000,1.6173646806573592,78.76409275723277,14.752190861284387
229,2023-02-01 06:00:00,1.2752065194216355,0.08148004337080357,0.08145498404507794,0.2398451179777344,0.3073394759537625,0.0,True,True,2000,1.608620893483666,79.27327840806663,14.909984008619976
230,2023-02-01 12:00:00,1.27230814524534,0.09230241018415217,0.08774094061163212,0.2632169651093329,0.3332671696102289,0.0,True,True,2000,1.6887461669737294,75.34040166174556,15.586532201048517
231,2023-02-01 18:00:00,1.2734600878412115,0.10187397856782159,0.094373737845868,0.2786911061246295,0.3537250752812201,0.0,True,True,2000,1.7014659681929558,74.84487563355096,16.379469900336225
232,2023-02-02 00:00:00,1.2694413831718832,0.09365607685006887,0.09342254484345543,0.26899184932679554,0.35577055680690683,0.0,True,True,2000,1.7342895443295054,73.19662321222506,15.510204175900203
233,2023-02-02 06:00:00,1.2766933391826787,0.09198528978586037,0.08978423396188176,0.2632738183014324,0.34313510120687707,0.0,True,True,2000,1.7088927927958866,74.70880236400936,15.406105017898472
234,2023-02-02 12:00:00,1.3036907023872466,0.0966792170243574,0.09442609413818988,0.2783698956663755,0.3820018031327895,0.0,True,True,2000,1.7161431914989516,75.96631265066806,16.22066835945289
235,2023-02-02 18:00:00,1.2891691311602587,0.10787404508768587,0.10002536076598484,0.2958752488666039,0.3815625343145589,0.0,True,True,2000,1.7324070759295926,74.4149079666223,17.078852480895122
236,2023-02-03 00:00:00,1.299838975234512,0.10656955597386022,0.09765150133851769,0.2946117748690037,0.3897425417572709,0.0,True,True,2000,1.7184861413387127,75.63860679271632,17.143680579204386
237,2023-02-03 06:00:00,1.292210412246298,0.1060829659536175,0.09895640727932946,0.285526121745799,0.3975187905307287,0.0,True,True,2000,1.7144643381917388,75.37108725219704,16.653955138369692
238,2023-02-03 12:00:00,1.2924651488636483,0.10634994655771604,0.09846647844175173,0.2951283249125603,0.37542101470352035,0.0,True,True,2000,1.7459486942030298,74.02652512957248,16.90360810099732
239,2023-02-03 18:00:00,1.303526107689161,0.10889988580194787,0.09899340869732061,0.30060664577028257,0.3859502351518112,0.0,True,True,2000,1.7107147350738074,76.19774828401893,17.57199137922391
240,2023-02-04 00:00:00,1.3169297318536441,0.11721564082854234,0.10211665865774443,0.30758828882423395,0.3894597518586982,0.0,True,True,2000,1.7611377723996684,74.77721235058397,17.465316663166234
241,2023-02-04 06:00:00,1.3047320014563197,0.12115648529828406,0.10401401001833045,0.31373498575957326,0.41241487219509215,0.0,True,True,2000,1.752409459071234,74.45360413358073,17.90306392924008
242,2023-02-04 12:00:00,1.2616252958844414,0.11738115443715477,0.10527212930125412,0.31867129643169,0.4147125627286366,0.0,True,True,2000,1.7324211694437626,72.82439848558985,18.39456259553833
243,2023-02-04 18:00:00,1.243842978880158,0.10835029948940073,0.09844429663259054,0.2950571798966523,0.38043207111069066,0.0,True,True,2000,1.732573094299478,71.79165964037288,17.029998957472625
244,2023-02-05 00:00:00,1.2273617673400643,0.11162047086041396,0.09748317166280777,0.29309274145420816,0.37474206903483837,0.0,True,True,2000,1.7216322630797327,71.29058822030349,17.024119943588346
245,2023-02-05 06:00:00,1.2056614628121118,0.12126883751698234,0.10546398329831426,0.3206493121864987,0.42277806699420006,0.0,True,True,2000,1.6664468071796918,72.3492317677144,19.24149698658358
246,2023-02-05 12:00:00,1.1790109866998297,0.11162639412382688,0.10028016622942615,0.3096119157449363,0.3871439108914406,0.0,True,True,2000,1.6491388156998417,71.49252540026446,18.77415732365422
247,2023-02-05 18:00:00,1.1705817282356206,0.10482187085821017,0.0994486625964379,0.2993816863921946,0.39607502747409007,0.0,True,True,2000,1.650032036858583,70.94296971737803,18.14399234103194
248,2023-02-06 00:00:00,1.1667052564665632,0.10461265505410444,0.0964308035386054,0.2904499054423322,0.38550970577847277,0.0,True,True,2000,1.6396512657203652,71.15569516875178,17.71412687043094
249,2023-02-06 06:00:00,1.1588710236489235,0.10848798693262472,0.10187042293175075,0.3137077359030972,0.39320515048328647,0.0,True,True,2000,1.658763546390546,69.8635454203594,18.912143119236152
250,2023-02-06 12:00:00,1.1331792282105604,0.10610010998173944,0.10050846598028405,0.30884867262239823,0.41362354489647657,0.0,True,True,2000,1.6740011745268257,67.69285741575813,18.44972854990365
251,2023-02-06 18:00:00,1.1035046269179765,0.10284178572763687,0.0956171916442933,0.2947151960035982,0.37979144276217003,0.0,True,True,2000,1.6071875283991257,68.66060166713379,18.337324723839522
252,2023-02-07 00:00:00,1.1334948629384143,0.11013610377472374,0.10270694941647952,0.31207272094822847,0.4251840687047679,0.0,True,True,2000,1.646289019890061,68.85151083702841,18.95613207509995
253,2023-02-07 06:00:00,1.134845669658839,0.11179113219500021,0.10341844334882924,0.31525262124929554,0.4185912645310157,0.0,True,True,2000,1.661336295781634,68.3092082283624,18.975846253992415
254,2023-02-07 12:00:00,1.1230838748617327,0.1031869602300435,0.1000892529366383,0.3066428209762805,0.4322518919588802,0.0,True,True,2000,1.649675006241255,68.07909864747556,18.588074609614097
255,2023-02-07 18:00:00,1.0931990570413188,0.09200543447963232,0.09275048535398936,0.278444089826979,0.3851966902558908,0.0,True,True,2000,1.66555463453142,65.6357368516389,16.717799828002356
256,2023-02-08 00:00:00,1.1108304067067043,0.09296953472101879,0.09400836900007516,0.2770016834745322,0.389748259384426,0.0,True,True,2000,1.654243461439965,67.15035800956183,16.74491632769769
257,2023-02-08 06:00:00,1.1027512090833587,0.09625331990785027,0.09469395335098582,0.2801573762233412,0.37436570481772324,0.0,True,True,2000,1.6660588191910817,66.18921231237054,16.815575356419014
258,2023-02-08 12:00:00,1.088768053682735,0.08839388843824737,0.0869149662175738,0.2636749141498872,0.3426039391990124,0.0,True,True,2000,1.672684142633595,65.09107284107446,15.7635806682987
259,2023-02-08 18:00:00,1.074548626435505,0.08556187257772238,0.08634707079064738,0.25121616082038317,0.37398116064428966,0.0,True,True,2000,1.65882285862247,64.77778027051293,15.144242769176671
260,2023-02-09 00:00:00,1.050122533912407,0.08795840281066038,0.08732651895307392,0.2630167795748124,0.35510833556467786,0.0,True,True,2000,1.66436615859323,63.094441598115694,15.80281948277065
261,2023-02-09 06:00:00,1.0676030681877973,0.09217059148616914,0.08893909157599235,0.2712479586129363,0.35172382099514815,0.0,True,True,2000,1.6542875071788539,64.5355213984804,16.396663665526326
262,2023-02-09 12:00:00,1.0675429628890816,0.09209333793093756,0.08972440552761038,0.27304928022316377,0.35701770538242583,0.0,True,True,2000,1.6581418943603234,64.38188230573097,16.467184210944772
263,2023-02-09 18:00:00,1.0678732333463365,0.08464976820545067,0.08430035148260988,0.2523984449499931,0.35700756696148706,0.0,True,True,2000,1.6372276543472026,65.22448057305263,15.416209485578822
264,2023-02-10 00:00:00,1.0863111095327929,0.08880630619035301,0.08702261226309584,0.25556429266509145,0.3441256644954671,0.0,True,True,2000,1.641249182305771,66.18806706771043,15.571327950704736
265,2023-02-10 06:00:00,1.0538867320645815,0.08193192493360339,0.0829922373229423,0.24976934546754195,0.3352126565988015,0.0,True,True,2000,1.6635728211846752,63.35080248029541,15.014031383950746
266,2023-02-10 12:00:00,1.0599595438444511,0.08068856020252943,0.08366103337149412,0.24719889600918513,0.34820155549859577,0.0,True,True,2000,1.648789992462111,64.28711653335735,14.992746022193346
267,2023-02-10 18:00:00,1.0430379232239144,0.07441478075179357,0.07997039397541202,0.23358507626906794,0.32686697569718626,0.0,True,True,2000,1.6331282645334924,63.867483398302525,14.302922883757216
268,2023-02-11 00:00:00,1.0757820173930017,0.07760066713957973,0.08007740779682064,0.24055462580548442,0.30836963897487896,0.0,True,True,2000,1.6334400762382564,65.85990101764139,14.726871790697802
269,2023-02-11 06:00:00,1.0841986493033255,0.07653915933324339,0.08101495108102201,0.23914759952924028,0.31969471204107175,0.0,True,True,2000,1.6197509984977998,66.93613094289432,14.764466868736745
270,2023-02-11 12:00:00,1.0868918732879027,0.08191439014506811,0.08465374832594895,0.24732458966440335,0.33877852242043405,0.0,True,True,2000,1.6183796425109878,67.15926502891138,15.282235587236398
271,2023-02-11 18:00:00,1.0707643711945172,0.07930827541364412,0.08266013514386153,0.24760810951405968,0.33127574519272024,0.0,True,True,2000,1.6253796241917433,65.87780203821485,15.23386326669306
272,2023-02-12 00:00:00,1.1101879195448296,0.07715555605054357,0.08230672361111666,0.23619789929034404,0.33310635600364247,0.0,True,True,2000,1.619825579851408,68.53749770062718,14.581687203137713
273,2023-02-12 06:00:00,1.0933550107711576,0.08253754354016331,0.08503182393556954,0.2555794960363915,0.341726736122009,0.0,True,True,2000,1.6085068318646565,67.97328983077364,15.889239073987133
274,2023-02-12 12:00:00,1.1036823615268465,0.08302785220767803,0.08263032350581559,0.24740118253470292,0.32482940305634683,0.0,True,True,2000,1.6147812512825215,68.34872281618699,15.321033876149315
275,2023-02-12 18:00:00,1.1266408586904255,0.08497472579574879,0.08677412575197387,0.2538103803391286,0.3372729717951801,0.0,True,True,2000,1.6140403741996403,69.80252022810129,15.725156842187818
276,2023-02-13 00:00:00,1.140752093737161,0.08572019360402572,0.08341577486542075,0.2512841954414163,0.33691827426157817,0.0,True,True,2000,1.6229577620918916,70.2884647020513,15.483101366576946
277,2023-02-13 06:00:00,1.1318975195449075,0.08722441411659582,0.0863142907058869,0.26043384052666513,0.35321418315184305,0.0,True,True,2000,1.5624229890386079,72.44501184928085,16.668587338625606
278,2023-02-13 12:00:00,1.131679087430258,0.08253581007051689,0.0844679149075842,0.25276215672137664,0.32689177997000557,0.0,True,True,2000,1.5448581876338592,73.25456125934538,16.361511933241786
279,2023-02-13 18:00:00,1.132397482003675,0.08433161491351691,0.08482952042105121,0.25310607215129116,0.34541397514353067,0.0,True,True,2000,1.5934721803319043,71.06477891366814,15.883934170634326
280,2023-02-14 00:00:00,1.1347432864316764,0.08789441206878067,0.08416830116298701,0.26013253997015306,0.3292457146588522,0.0,True,True,2000,1.5958393788500438,71.10635954160803,16.300671823100622
281,2023-02-14 06:00:00,1.1707927561294147,0.08896165911465202,0.08521624619292875,0.2538824301802574,0.3434748209505073,0.0,True,True,2000,1.6039306844507109,72.99522151921232,15.828765709236562
282,2023-02-14 12:00:00,1.162821353670072,0.08791701371526443,0.0849398768466473,0.24881772948699857,0.3475120555282378,0.0,True,True,2000,1.5944091005661218,72.93117890867487,15.60563906707831
283,2023-02-14 18:00:00,1.1555882995812143,0.08853564894980977,0.08277084680170141,0.25039324466110985,0.325467934423096,0.0,True,True,2000,1.6058932881611032,71.95922095822881,15.592147156168348
284,2023-02-15 00:00:00,1.161539411223315,0.08865779343525662,0.08455121466865907,0.25384017077615967,0.33841372647678697,0.0,True,True,2000,1.6180140157567648,71.78796969073528,15.688378982145931
285,2023-02-15 06:00:00,1.162960830738441,0.08629906196560685,0.08531350350583317,0.24948355066035835,0.34086681729729307,0.0,True,True,2000,1.652533577482053,70.37441457077267,15.097033673620942
286,2023-02-15 12:00:00,1.176996068002778,0.0880346654481308,0.0872075091711259,0.25735256736755846,0.34340442648915126,0.0,True,True,2000,1.6463958326493742,71.48925213864034,15.631269362084552
287,2023-02-15 18:00:00,1.1911388151703022,0.08910438329307602,0.08752854825670472,0.25975501378694654,0.344826236212322,0.0,True,True,2000,1.6894206281864343,70.50575773121524,15.37539020497159
288,2023-02-16 00:00:00,1.2020885149615752,0.09497602704189415,0.08720612125836162,0.26393245340462806,0.36076270219112194,0.0,True,True,2000,1.6881635205382364,71.20687660507637,15.634294320047776
289,2023-02-16 06:00:00,1.1658102002334523,0.08802844841534661,0.08317380496623183,0.25020551549819037,0.3287993213204037,0.0,True,True,2000,1.7143536336002267,68.00290076588186,14.594743499492955
290,2023-02-16 12:00:00,1.1865765611636885,0.08780719733828068,0.0829952297011836,0.24535139879130705,0.3229589728408751,0.0,True,True,2000,1.679415772711524,70.65412749148383,14.609330386076556
291,2023-02-16 18:00:00,1.1960662521294814,0.09020406866092881,0.08602267089888135,0.2549758956579989,0.3366858617613355,0.0,True,True,2000,1.6729254702321865,71.49548939340845,15.241318289129199
292,2023-02-17 00:00:00,1.2175443954743708,0.09331860910633363,0.08628704648008836,0.2570871895603706,0.35581445069512896,0.0,True,True,2000,1.6597459350030475,73.3572753393811,15.489550788380063
293,2023-02-17 06:00:00,1.21272676157684,0.09466667706017176,0.08422274990221382,0.2532576836961081,0.33446092166158226,0.0,True,True,2000,1.6380023478870673,74.03693670776423,15.4613748889186
294,2023-02-17 12:00:00,1.2164020116959426,0.08642685627435436,0.08006678295161353,0.23952449911764614,0.31187692877228523,0.0,True,True,2000,1.65137911810544,73.65976706133182,14.504513015305829
295,2023-02-17 18:00:00,1.1970327933907756,0.08538600500744255,0.07884498040502663,0.23272449871895876,0.30953613520097856,0.0,True,True,2000,1.649289754540962,72.57868364821918,14.110589002217608
296,2023-02-18 00:00:00,1.1963894997914712,0.08526340234535253,0.08292763806083325,0.24784206367045514,0.31738123631884546,0.0,True,True,2000,1.6280061749940087,73.48801977338164,15.223656241436997
297,2023-02-18 06:00:00,1.1562444775436567,0.08617358083400144,0.08305952550139212,0.2430621284695473,0.3297069022192959,0.0,True,True,2000,1.6509845927892988,70.0336322091419,14.722252983530252
298,2023-02-18 12:00:00,1.1596686168557608,0.08055217783168638,0.07771812352297967,0.2329637881838478,0.3142836361745596,0.0,True,True,2000,1.6538411407321416,70.11971030920088,14.086225239306641
299,2023-02-18 18:00:00,1.155581326841994,0.07287065343777399,0.07272401098547172,0.21225912782392461,0.2774945327384042,0.0,True,True,2000,1.6432938258305612,70.32104111131403,12.916687477763974
300,2023-02-19 00:00:00,1.1800666860652893,0.07545541536280154,0.07410472103818799,0.21800269125813354,0.2921579377578914,0.0,True,True,2000,1.6258485525613875,72.58158727060977,13.408548472407755
301,2023-02-19 06:00:00,1.1438665654387423,0.07241045070637596,0.07401058165380825,0.21891737872186295,0.3017148995851032,0.0,True,True,2000,1.6250685176008195,70.38882072046397,13.471270678793474
302,2023-02-19 12:00:00,1.1421554348421192,0.07291789473209728,0.0749309585524318,0.22134957725639048,0.2908993666215838,0.0,True,True,2000,1.6174678355068113,70.61379582143225,13.684944602749002
303,2023-02-19 18:00:00,1.117411375396047,0.06957034094051673,0.06976907860537458,0.19645667006457088,0.28206179517472457,0.0,True,True,2000,1.6251916456791167,68.75566819254205,12.088215601334685
304,2023-02-20 00:00:00,1.1385566822375297,0.06983550600863421,0.07052334027644144,0.20892378832633834,0.27748780349738583,0.0,True,True,2000,1.6625767532955797,68.48145085516617,12.566264258910579
305,2023-02-20 06:00:00,1.1132244353551288,0.07376269394849938,0.07397175211241816,0.22113993826084702,0.2915272709342198,0.0,True,True,2000,1.6683426120841058,66.72636827063242,13.255067433936569
306,2023-02-20 12:00:00,1.1092888701858878,0.0699797134984074,0.0707603416446223,0.20317413854263616,0.280055034956403,0.0,True,True,2000,1.6619412847242239,66.74657404457938,12.225109298993681
307,2023-02-20 18:00:00,1.060821096043094,0.06315997599039418,0.06778449521141244,0.20073870412702444,0.26773878631191617,0.0,True,True,2000,1.6658789506590554,63.67936251450993,12.050017442600385
308,2023-02-21 00:00:00,1.0574154015292143,0.06400469067616248,0.06731332373110183,0.19676265977634094,0.2686169646170517,0.0,True,True,2000,1.6775340103035428,63.03391734739729,11.72927991729584
309,2023-02-21 06:00:00,1.0608878726505644,0.06331149322652228,0.06580982935417569,0.19223928050246455,0.261849549448536,0.0,True,True,2000,1.6557745914008728,64.07199857759606,11.610232546195794
310,2023-02-21 12:00:00,1.1037885590339214,0.06857108496205552,0.06985346711909038,0.20313128437620545,0.27368924706087544,0.0,True,True,2000,1.645979772409224,67.05966728973247,12.34105593405208
311,2023-02-21 18:00:00,1.1039846853607298,0.06730526099681265,0.07016036891163331,0.20691543367103063,0.2629929590017356,0.0,True,True,2000,1.6608979464235438,66.46914626741334,12.458046210279637
312,2023-02-22 00:00:00,1.1383489947849759,0.07041105319818836,0.07333994004481237,0.21264588331419476,0.28428810765844215,0.0,True,True,2000,1.6718100333810284,68.09081008341636,12.719500365968306
313,2023-02-22 06:00:00,1.134983551904848,0.07045431839871572,0.07223534767583857,0.21386540676448076,0.28835517439044045,0.0,True,True,2000,1.6832040099835297,67.42994581601275,12.70585178599791
314,2023-02-22 12:00:00,1.1048849427159462,0.06853048622417958,0.07159978618500426,0.21075313694332684,0.28424405412973947,0.0,True,True,2000,1.66652256095269,66.29882898700897,12.64628165746805
315,2023-02-22 18:00:00,1.109311844104888,0.06258383155289625,0.06869285479440657,0.20319055134515498,0.26289227375713564,0.0,True,True,2000,1.647375886452945,67.33811349475364,12.334194825605687
316,2023-02-23 00:00:00,1.0915384991658756,0.06811110524811653,0.06990150961149554,0.20470364039895106,0.2786648678764715,0.0,True,True,2000,1.623352684204791,67.23976310179155,12.60993020128749
317,2023-02-23 06:00:00,1.0897894899560394,0.06564954062869649,0.07079508922890226,0.20501550691046913,0.28599616837682895,0.0,True,True,2000,1.6145766446375056,67.49691899579732,12.697787224371618
318,2023-02-23 12:00:00,1.0845532943668192,0.06962975702780315,0.07204550978273871,0.21037216576576698,0.28839912028866116,0.0,True,True,2000,1.5791307122077483,68.68040029761241,13.322023575341033
319,2023-02-23 18:00:00,1.1099070216395173,0.06880298635182652,0.07280841321692932,0.21476245658036414,0.2741729083574097,0.0,True,True,2000,1.5915697588243534,69.7366242029739,13.493750769617725
320,2023-02-24 00:00:00,1.0942404737468416,0.07057843184457442,0.07353000476102578,0.22026503344345943,0.28895369538930554,0.0,True,True,2000,1.6177448196062023,67.63986881523168,13.615561043618559
321,2023-02-24 06:00:00,1.1063604855632574,0.06537614596061224,0.07076822853924342,0.20221141382674515,0.27877963558802077,0.0,True,True,2000,1.6157241124360457,68.47459148797284,12.515219168318822
322,2023-02-24 12:00:00,1.1169659889968262,0.06324171167514085,0.0678343438765932,0.19800964378712935,0.2688559057546942,0.0,True,True,2000,1.6052174573925508,69.58346882242233,12.335378167937948
323,2023-02-24 18:00:00,1.1117091679019493,0.05993673618496213,0.06628033871676794,0.19067810068440422,0.26294115095357845,0.0,True,True,2000,1.59382429754037,69.7510490721949,11.963558403436531
324,2023-02-25 00:00:00,1.10684344947133,0.06126139448873308,0.06702957071337541,0.1994313481083247,0.2581025237799832,0.0,True,True,2000,1.5426212651544642,71.7508227374592,12.92808238893008
325,2023-02-25 06:00:00,1.074223984866243,0.06722219241852637,0.07030129803783644,0.20506316957686746,0.26406056828665925,0.0,True,True,2000,1.5402466803144412,69.74363253598705,13.313657623660896
326,2023-02-25 12:00:00,1.041743508632897,0.06176308469254691,0.06591171008378639,0.18938119401558445,0.2532677675186218,0.0,True,True,2000,1.4919534741392004,69.82412834515117,12.693505347065202
327,2023-02-25 18:00:00,1.0465615567096656,0.0610385072002072,0.06578397015695928,0.19135073748433087,0.2554933627605447,0.0,True,True,2000,1.5381564887332966,68.03999231388546,12.440264621053748
328,2023-02-26 00:00:00,1.0666514692479703,0.06271619027875716,0.06585563520682072,0.19015173685102585,0.2602690698966874,0.0,True,True,2000,1.5237318048320516,70.00257301615743,12.479344215827057
329,2023-02-26 06:00:00,1.0456138373368788,0.06465230785838859,0.06772682174215318,0.19380162335714046,0.25852064527324237,0.0,True,True,2000,1.5003579459551628,69.69095875792604,12.917025825711335
330,2023-02-26 12:00:00,1.044374322609519,0.06204982721651105,0.06791595676129124,0.19631553043661504,0.2707777922516528,0.0,True,True,2000,1.4467398834139737,72.18811996424924,13.569511194600892
331,2023-02-26 18:00:00,1.0611519534581462,0.06133908161883691,0.06404723312050276,0.1853077191169857,0.2524417066358401,0.0,True,True,2000,1.436126376737066,73.88987283062957,12.903301695357197
332,2023-02-27 00:00:00,1.0974923287115461,0.06448973433306952,0.0663732926499014,0.19321265245103075,0.26337198631499537,0.0,True,True,2000,1.4536712689857918,75.49797207433649,13.29135799635311
333,2023-02-27 06:00:00,1.0784362706456074,0.06428002898797308,0.06536122286738225,0.1901887252962086,0.25215041235707897,0.0,True,True,2000,1.5134080221735442,71.25879173659764,12.566916688009961
334,2023-02-27 12:00:00,1.1127391789548948,0.06516279739145475,0.06758794525677456,0.19717561169200484,0.26448749684868184,0.0,True,True,2000,1.5096487390369062,73.70848265436744,13.061025826298822
335,2023-02-27 18:00:00,1.0811780176096175,0.062338807833088684,0.06564114502595951,0.19163132502311264,0.26848386764270266,0.0,True,True,2000,1.523741276201876,70.95548532389925,12.576368968672865
336,2023-02-28 00:00:00,1.0958457862977231,0.06266687322100892,0.06656005731452898,0.18929443772238586,0.2677787479301316,0.0,True,True,2000,1.5349799132498183,71.3915391881336,12.332046568714814
337,2023-02-28 06:00:00,1.111038604991313,0.06308298421139355,0.06626307803440201,0.19139624175379572,0.257000964533123,0.0,True,True,2000,1.518001810799352,73.19086163713206,12.608433032962585
338,2023-02-28 12:00:00,1.1015833439566778,0.06060219557542979,0.06478182124650729,0.18685361589094268,0.2487488834512939,0.0,True,True,2000,1.4431191087382003,76.3335013226908,12.947899778994628
339,2023-02-28 18:00:00,1.080587647241444,0.05546468330730785,0.06301194394072557,0.18745789143793473,0.25918772014587177,0.0,True,True,2000,1.4559131400872927,74.22061230772701,12.875623296228733
340,2023-03-01 00:00:00,1.0894323983711705,0.05559330526362389,0.06110973920753028,0.17434309800413456,0.23435227975332595,0.0,True,True,2000,1.4934003425996965,72.9497889678194,11.674237177463066
341,2023-03-01 06:00:00,1.0717687818887476,0.059415721298834885,0.06399109179437608,0.18628445073449446,0.24282929214429028,0.0,True,True,2000,1.512195573533173,70.87501118553143,12.318806773071667
342,2023-03-01 12:00:00,1.0588193178038032,0.057544323786364204,0.06281956068835245,0.18482374050922637,0.25022986158418153,0.0,True,True,2000,1.506046106821843,70.30457520574805,12.272117013685161
343,2023-03-01 18:00:00,1.072747111285281,0.05936163319847136,0.06333837809932523,0.18104534979665057,0.23972392642829535,0.0,True,True,2000,1.514087993664295,70.85104140407917,11.957386265146761
344,2023-03-02 00:00:00,1.0902890692004805,0.05664872891444526,0.0626421100099601,0.17785684398512677,0.23651460081599152,0.0,True,True,2000,1.5140216564808695,72.01277898063256,11.74731175236489
345,2023-03-02 06:00:00,1.0900100018092536,0.05874802428590529,0.06409985431638306,0.1863162543784775,0.25740676375331295,0.0,True,True,2000,1.5020044978193248,72.57035537455296,12.404507086961427
346,2023-03-02 12:00:00,1.1155136341249567,0.058738845320579644,0.06426691975280988,0.18296068207654959,0.24833671246692304,0.0,True,True,2000,1.5732270252578828,70.9060813357247,11.629642711391812
347,2023-03-02 18:00:00,1.1328379417707164,0.06190632460822157,0.06482100621081839,0.1874874730248312,0.25682231466499594,0.0,True,True,2000,1.587229636207572,71.37202556760779,11.812246240109411
348,2023-03-03 00:00:00,1.1439520391098006,0.06695387143475892,0.06956384652693402,0.2042614065384924,0.2709298768777443,0.0,True,True,2000,1.5715120372508298,72.79308156690968,12.997762772203961
349,2023-03-03 06:00:00,1.1190916364391292,0.0670536167490415,0.06937049046042718,0.20170752697078187,0.29305533022946545,0.0,True,True,2000,1.5729780318100095,71.14477213336554,12.823289511467564
350,2023-03-03 12:00:00,1.1181647235957353,0.06406921361230518,0.06692728666430955,0.1919521556937867,0.2722855476792459,0.0,True,True,2000,1.591913843058011,70.24027892412693,12.057948772218307
351,2023-03-03 18:00:00,1.1400717508704994,0.06685172860512546,0.06808645504792012,0.19240462448010764,0.27143524976138583,0.0,True,True,2000,1.5865555575399406,71.85829361300502,12.127191106906068
352,2023-03-04 00:00:00,1.1409806625489165,0.06731439531397222,0.06908894147208999,0.19982047181338708,0.2687280103375936,0.0,True,True,2000,1.5878327817214788,71.85773437124159,12.584478297314655
353,2023-03-04 06:00:00,1.1115542405443335,0.07033891934287456,0.06974640516404286,0.20612903660905244,0.26612373821963387,0.0,True,True,2000,1.5612979607845647,71.19424148775347,13.202415028164832
354,2023-03-04 12:00:00,1.1255469349203666,0.07108925018450697,0.0719313086786203,0.20944446125564303,0.2853264538738609,0.0,True,True,2000,1.5384048845891538,73.16324500756866,13.614391331809717
355,2023-03-04 18:00:00,1.1547575996815833,0.07330831366209976,0.07178749586260537,0.20777881262812015,0.28233392002459695,0.0,True,True,2000,1.532093039825132,75.3712450657294,13.56176206190685
356,2023-03-05 00:00:00,1.1741052204551015,0.07577046076408271,0.074425045018578,0.21899848629350221,0.2895427622418372,0.0,True,True,2000,1.5253581570077468,76.97242874147744,14.357184592181651
357,2023-03-05 06:00:00,1.145981922224431,0.07710380602731962,0.07194762677209457,0.2216475246712194,0.27600758654125285,0.0,True,True,2000,1.5454770916463902,74.1506896749677,14.341689428414576
358,2023-03-05 12:00:00,1.1387498924597723,0.07285195121651353,0.07275667916715911,0.21703966861503254,0.2802508456733807,0.0,True,True,2000,1.547023421723754,73.6090919160702,14.029501141824891
359,2023-03-05 18:00:00,1.1528047881667132,0.06660121304638648,0.06857312734564616,0.19966867784382575,0.2635688928110459,0.0,True,True,2000,1.5361007839287657,75.04747085788694,12.998409995804355
360,2023-03-06 00:00:00,1.1686305694669148,0.07495918011124186,0.07214150518639877,0.21164160651506111,0.2807631977277305,0.0,True,True,2000,1.5150839386268118,77.13305775824519,13.968969053086349
361,2023-03-06 06:00:00,1.148054269252805,0.07459467645589368,0.07407877766681477,0.21710174476244265,0.30156214653454044,0.0,True,True,2000,1.492930444493973,76.89938091134157,14.541986571653645
362,2023-03-06 12:00:00,1.1335029752272878,0.0761935812161372,0.07406973571665579,0.21891183239723727,0.28945451017224877,0.0,True,True,2000,1.5311660236636224,74.0287439578338,14.297067007367806
363,2023-03-06 18:00:00,1.1432611545038835,0.075650076247035,0.0742699930827432,0.21234540337655128,0.3062755530400759,0.0,True,True,2000,1.5568843729485207,73.43263085997242,13.639124848713003
364,2023-03-07 00:00:00,1.1570722729035832,0.07280740695517307,0.07278140627398563,0.21164722835862793,0.2777725106864882,0.0,True,True,2000,1.566593517321666,73.85912555554151,13.510028352502799
365,2023-03-07 06:00:00,1.187983159924466,0.07765810013190627,0.07463806194399192,0.21994309938115322,0.2958770969925348,0.0,True,True,2000,1.5538181941126206,76.45573751328857,14.155008624207921
366,2023-03-07 12:00:00,1.2152756691777233,0.07396068603907495,0.07353025077376085,0.21678712066288408,0.2772479461759757,0.0,True,True,2000,1.5754428213149156,77.13867191723371,13.760392807017046
367,2023-03-07 18:00:00,1.1834830134422183,0.07199397546368921,0.07449928987203956,0.21755944467769284,0.28846835100138546,0.0,True,True,2000,1.5667329702862527,75.53827205321325,13.886185380904012
368,2023-03-08 00:00:00,1.2146545495209138,0.070482244088952,0.07362313683007099,0.21225580789636164,0.28755344140524935,0.0,True,True,2000,1.5870502999185427,76.5353530120159,13.374233186387094
369,2023-03-08 06:00:00,1.222568692098936,0.06725911070325899,0.07139302335919519,0.210486837859029,0.27748495776823506,0.0,True,True,2000,1.5243801226505578,80.20103869979367,13.80802824252518
370,2023-03-08 12:00:00,1.236244706039731,0.06742518855724919,0.07163905066015795,0.2084702330814408,0.2840425559416756,0.0,True,True,2000,1.5431303049588112,80.11278775791578,13.509567689230575
371,2023-03-08 18:00:00,1.2368837699563748,0.06810884213439397,0.07267544344772972,0.21321026129702922,0.2829063136405278,0.0,True,True,2000,1.53954798206656,80.34070937471438,13.848887061696749
372,2023-03-09 00:00:00,1.2705696915610831,0.06942801141254507,0.0725883945843784,0.20903895200304,0.2831426809039784,0.0,True,True,2000,1.545912609699296,82.18897262298862,13.522041976467309
373,2023-03-09 06:00:00,1.274538384119172,0.06898692479820773,0.07126287572086457,0.20564563874708408,0.2792886893445985,0.0,True,True,2000,1.5594267149680683,81.73121390608408,13.187258931324322
374,2023-03-09 12:00:00,1.2818774748842932,0.07278917870690739,0.07522168633366809,0.22238157777885814,0.29666821733875975,0.0,True,True,2000,1.5155853712977843,84.57969436499847,14.672982597373215
375,2023-03-09 18:00:00,1.2867440757862723,0.0749224505326471,0.07739533462631831,0.22850277549455839,0.29477054814051407,0.0,True,True,2000,1.477631419007222,87.0815319188867,15.464125393874125
376,2023-03-10 00:00:00,1.2920813371256559,0.07955544348763129,0.07828483492239584,0.23401708739468674,0.2931877251343563,0.0,True,True,2000,1.490534700017728,86.68576029194679,15.70021062856862
377,2023-03-10 06:00:00,1.2876489450895958,0.07619792002415682,0.07709451138595662,0.23074955652904997,0.3121100545035227,0.0,True,True,2000,1.4725327660008898,87.4445020728875,15.670249372835384
378,2023-03-10 12:00:00,1.2689924187659236,0.07911896605463908,0.07830445594137503,0.23123679311369189,0.31437427824160374,0.0,True,True,2000,1.4724548897892749,86.18209138804455,15.704168237492459
379,2023-03-10 18:00:00,1.2660332082147894,0.08571034609095261,0.08388383311858665,0.2463491975400023,0.3368765636104468,0.0,True,True,2000,1.4623586472240775,86.57474078729162,16.84601776777774
380,2023-03-11 00:00:00,1.2832286120952834,0.08766592696157181,0.08236967439742075,0.24924021516661551,0.3179686403645485,0.0,True,True,2000,1.4528705951524907,88.3236687683529,17.155018210032374
381,2023-03-11 06:00:00,1.2683615375080182,0.0812023935756209,0.07821452559036328,0.23364835879837445,0.3162401799917589,0.0,True,True,2000,1.4567644864631997,87.06702760083101,16.038856038125747
382,2023-03-11 12:00:00,1.2892303149189324,0.07900953868214557,0.0786124250294815,0.2392997041206305,0.30590695660708783,0.0,True,True,2000,1.461770335644118,88.1965027940482,16.37054045259339
383,2023-03-11 18:00:00,1.3019229029459805,0.0837213130538503,0.08029232040424811,0.237393762032952,0.31798450317499005,0.0,True,True,2000,1.5310122602142857,85.03673920702364,15.505673481656219
384,2023-03-12 00:00:00,1.3125092453496159,0.08098889949013381,0.08165492622521874,0.24050885232906088,0.31975752285993614,0.0,True,True,2000,1.5308274627287137,85.7385484194317,15.711035906055127
385,2023-03-12 06:00:00,1.3139724401825954,0.08124987336436507,0.08263820709068204,0.2403741030991336,0.31189756671208296,0.0,True,True,2000,1.5218120196308185,86.34262466275936,15.79525591849687
386,2023-03-12 12:00:00,1.3380357574725208,0.0829614211626473,0.08169007671181969,0.24108222621362171,0.31331078824154895,0.0,True,True,2000,1.549592645853728,86.34758051109279,15.557780740550728
387,2023-03-12 18:00:00,1.326501129244587,0.08358805781798474,0.08345372644660912,0.24607322362538692,0.32056945617311217,0.0,True,True,2000,1.5769947809879474,84.11575898897823,15.603933924957458
388,2023-03-13 00:00:00,1.342416050744771,0.08015917797607437,0.0804342418666215,0.2338983704362832,0.3345147911198871,0.0,True,True,2000,1.5618897647476977,85.94819436323155,14.975344337061221
389,2023-03-13 06:00:00,1.313609593954655,0.07602247414169293,0.07549399173812173,0.22046869176999526,0.28906556953544243,0.0,True,True,2000,1.6356747185117293,80.30995277287678,13.478761349970348
390,2023-03-13 12:00:00,1.3499133916679236,0.07991354535019647,0.07945263512055971,0.23408468572079386,0.3070492688804263,0.0,True,True,2000,1.6578668824940765,81.4247154534584,14.119630966307708
391,2023-03-13 18:00:00,1.3402854501485597,0.0795011475406497,0.0772791012374372,0.22783532923446406,0.30106110503214156,0.0,True,True,2000,1.6993888702401947,78.86867294588798,13.406897810402949
392,2023-03-14 00:00:00,1.3327547285364933,0.07993131116372526,0.07943090364256804,0.22986144480027412,0.3085664390711923,0.0,True,True,2000,1.7076727202974176,78.0450909998945,13.46050926902669
393,2023-03-14 06:00:00,1.3261596126772441,0.08043108212640186,0.077608887253921,0.22811650286087154,0.30357442656662686,0.0,True,True,2000,1.6834149814885855,78.77793813528778,13.550818150564158
394,2023-03-14 12:00:00,1.319850821126925,0.07859138190548656,0.07655606046527803,0.2255072129759621,0.30260950273489706,0.0,True,True,2000,1.7226394992975465,76.61793553817444,13.090795437345937
395,2023-03-14 18:00:00,1.3046902390552717,0.07901995180185403,0.07537500126736418,0.2208956517743184,0.2910503415991534,0.0,True,True,2000,1.7155401072001961,76.05128166805487,12.876157826168551
396,2023-03-15 00:00:00,1.3218504922898706,0.08012035604619751,0.07909368439694134,0.23737711632694708,0.29924433693160135,0.0,True,True,2000,1.730163258268465,76.40033308837971,13.719925862054913
397,2023-03-15 06:00:00,1.291532940998279,0.07890449720104632,0.07723648389886166,0.22977431453149796,0.295263061005479,0.0,True,True,2000,1.717950403277808,75.17870938148536,13.37490966520885
398,2023-03-15 12:00:00,1.2712892198985992,0.08392040902140448,0.08092032653677621,0.23775698298938536,0.318587340114736,0.0,True,True,2000,1.6652267108919176,76.34331178952083,14.277754580458268
399,2023-03-15 18:00:00,1.2488304846976157,0.08175097619302325,0.08035477044177097,0.23370126872803496,0.3077459977777828,0.0,True,True,2000,1.6681402426356298,74.86363872647107,14.009689518597753
400,2023-03-16 00:00:00,1.2363281683480067,0.08826804710178035,0.08419144727047412,0.24631145415281708,0.3337183867347924,0.0,True,True,2000,1.6668185558993966,74.17293045918234,14.777340537819377
401,2023-03-16 06:00:00,1.2206631605387286,0.08750688163705438,0.0845636498962086,0.24942916299650655,0.3401864627890786,0.0,True,True,2000,1.6683971652607659,73.16382369589691,14.950226971736761
402,2023-03-16 12:00:00,1.2024168356946159,0.08262880970264891,0.081309916318344,0.24044605585378537,0.3203131433840658,0.0,True,True,2000,1.647500759862918,72.98429627399166,14.594594534438448
403,2023-03-16 18:00:00,1.1812640910413215,0.08301071850920734,0.08213941166367072,0.23812575277091577,0.3311957172281088,0.0,True,True,2000,1.6196336066785686,72.93403188044334,14.702445774711197
404,2023-03-17 00:00:00,1.1850261828701474,0.08412436039284199,0.08222974375342643,0.24302096371483925,0.2966702981554902,0.0,True,True,2000,1.6399808644054972,72.25853719334259,14.818524349242074
405,2023-03-17 06:00:00,1.192431997362968,0.08705874734038715,0.08518290337460152,0.25234482030688454,0.3373319878002635,0.0,True,True,2000,1.6504860172867704,72.24732502267446,15.289121971582256
406,2023-03-17 12:00:00,1.1910838320272323,0.08087304270839972,0.07842308139608183,0.23089935001356024,0.30603457684096225,0.0,True,True,2000,1.6360969443353455,72.8003212860411,14.112815919191249
407,2023-03-17 18:00:00,1.173215163253408,0.0804307957758237,0.07826976974763217,0.22792905837230118,0.3031969124688459,0.0,True,True,2000,1.674537622584909,70.06203667388304,13.61146237015907
408,2023-03-18 00:00:00,1.1768714254697223,0.08031501379394246,0.07815431243588916,0.2270734673493138,0.3180371110565199,0.0,True,True,2000,1.6931761227457462,69.50673409929995,13.411095532169398
409,2023-03-18 06:00:00,1.146139927551534,0.08206645802712512,0.08073577213254655,0.2370874574971634,0.310143691554425,0.0,True,True,2000,1.6788333880202169,68.27002225057797,14.122155253104149
410,2023-03-18 12:00:00,1.1553178196631608,0.08292968600973968,0.08021483976573845,0.23489357666408106,0.3218076497796883,0.0,True,True,2000,1.6807673713816957,68.73752069052944,13.975377001219618
411,2023-03-18 18:00:00,1.1118320294582333,0.07676741366960843,0.07476327855528656,0.22249776060520593,0.2824862777083395,0.0,True,True,2000,1.6103676245201706,69.04212507311911,13.81658182997202
412,2023-03-19 00:00:00,1.129012512023995,0.08050963757095962,0.07926195823313202,0.23437577328372464,0.3107862369074966,0.0,True,True,2000,1.6346417865089151,69.06788516860404,14.338051016319495
413,2023-03-19 06:00:00,1.1145490148863086,0.07629635517353275,0.07643754197522461,0.2202195099572095,0.29143010376764283,0.0,True,True,2000,1.6648301541353177,66.9467099762609,13.227746350593192
414,2023-03-19 12:00:00,1.0938309365154097,0.07751199357088145,0.07506937360336094,0.22492988594184266,0.2829660899429422,0.0,True,True,2000,1.6749957014701586,65.30350708096412,13.428684368826719
415,2023-03-19 18:00:00,1.0845154352444069,0.07185104392384492,0.0722330288978009,0.21141211582218905,0.28107275709043966,0.0,True,True,2000,1.6645002749509996,65.15561766887262,12.701236461400567
416,2023-03-20 00:00:00,1.1002368916804568,0.07267618261133668,0.07202900007004029,0.20992235257403274,0.28272012661799173,0.0,True,True,2000,1.6762234422071922,65.63784182803836,12.523530412962986
417,2023-03-20 06:00:00,1.1271893075149961,0.07370671049858948,0.07492453253102105,0.21727296148898795,0.29986272329442715,0.0,True,True,2000,1.705313458614881,66.09865780514869,12.740939819091391
418,2023-03-20 12:00:00,1.095774053663117,0.07489827137846222,0.07705568268420829,0.21939183162868808,0.3112625033820685,0.0,True,True,2000,1.7110605140513435,64.04063705897876,12.821979691952896
419,2023-03-20 18:00:00,1.0742867073014033,0.07883802538320805,0.0778444238213361,0.22978810513367154,0.30819981605603713,0.0,True,True,2000,1.7726641038089377,60.6029481272326,12.962867846193985
420,2023-03-21 00:00:00,1.0885750862497934,0.07421776338615581,0.07228150353107794,0.2137989318256393,0.2819481023321611,0.0,True,True,2000,1.7686901711072447,61.54696305957973,12.087980999622776
421,2023-03-21 06:00:00,1.112197739639617,0.07392816651917114,0.07515192338286311,0.21521098016383333,0.3028853247246982,0.0,True,True,2000,1.7907271191433114,62.108722638416026,12.018077900489429
422,2023-03-21 12:00:00,1.1334913713038706,0.07406131007872832,0.07447141401325104,0.22257394899134414,0.30409710704108306,0.0,True,True,2000,1.7767496499985014,63.79578413339362,12.527029285838434
423,2023-03-21 18:00:00,1.1542651811615376,0.06949100095586797,0.07431847903309223,0.2147871255454583,0.2986084496644468,0.0,True,True,2000,1.7609041264020213,65.5495755762693,12.19754797124154
424,2023-03-22 00:00:00,1.1580575330668177,0.07587328304824684,0.07624871085178128,0.21960592319290476,0.30288029455006116,0.0,True,True,2000,1.778865803211536,65.10089355678652,12.345277693035175
425,2023-03-22 06:00:00,1.1985729394647404,0.07406131204879492,0.07568201990135144,0.22553903439433068,0.29415798630886336,0.0,True,True,2000,1.802546384901128,66.49332019993946,12.512245803133759
426,2023-03-22 12:00:00,1.2361692748307678,0.0797053557172459,0.07982587561607209,0.22972252055388326,0.3156243912877161,0.0,True,True,2000,1.7770324380472082,69.56368653513167,12.927311603063742
427,2023-03-22 18:00:00,1.1763462834440366,0.08327114875827608,0.0839389368965595,0.24750180777181158,0.34241333852371497,0.0,True,True,2000,1.8250682307253654,64.45492084295955,13.561235881764436
428,2023-03-23 00:00:00,1.1984740713981403,0.084544402143401,0.08552331775576467,0.2569992641629244,0.34228528815197456,0.0,True,True,2000,1.7503519776592278,68.47046118123498,14.682719101252617
429,2023-03-23 06:00:00,1.1611364007465008,0.0810218655865817,0.08290469621764122,0.23731531339368112,0.33255035334365296,0.0,True,True,2000,1.760731015816555,65.94626835763515,13.478226444692007
430,2023-03-23 12:00:00,1.1868101072771036,0.0862724762666331,0.08486468838372938,0.2550950136208615,0.3426852619593279,0.0,True,True,2000,1.8142060592045115,65.41760244133971,14.06097241967734
431,2023-03-23 18:00:00,1.197401538592393,0.0858857443370035,0.08123357748711747,0.24322094247348672,0.3237414397850463,0.0,True,True,2000,1.811069004632707,66.11573250546748,13.42968941831198
432,2023-03-24 00:00:00,1.2378459499614514,0.08637174448673175,0.08513569064039994,0.25007974095740404,0.3473237510173244,0.0,True,True,2000,1.8273290639346618,67.74072466707682,13.685534033970026
433,2023-03-24 06:00:00,1.2785847910700756,0.08735390163164397,0.08734121457566929,0.258276272320767,0.3456012532643588,0.0,True,True,2000,1.8751543136680042,68.18557714159672,13.773600947836167
434,2023-03-24 12:00:00,1.2491666348680541,0.0876588294070402,0.0863111144920997,0.25226151636412325,0.3445624245986164,0.0,True,True,2000,1.8364735387091922,68.01985482165236,13.736191186366403
435,2023-03-24 18:00:00,1.2561892319188876,0.08422995034700737,0.08482975480777744,0.2588800908558366,0.34065520334522226,0.0,True,True,2000,1.8214397577115953,68.96682838948941,14.212937307412577
436,2023-03-25 00:00:00,1.3126901568537968,0.0857487335311904,0.08627562308247444,0.2507982185594402,0.3548764890085487,0.0,True,True,2000,1.8456967652095035,71.12165885520173,13.588267763527897
437,2023-03-25 06:00:00,1.2757016725601373,0.09080606354763016,0.08964927526167546,0.2657851867393369,0.3539331015898447,0.0,True,True,2000,1.8147014606758975,70.29815648492364,14.646221017552024
438,2023-03-25 12:00:00,1.309898604639477,0.08703659839547419,0.08497106358221872,0.2578863363455978,0.3375689956659234,0.0,True,True,2000,1.7976863566955663,72.86580330104296,14.345457725986972
439,2023-03-25 18:00:00,1.3115997269890831,0.08641020739738954,0.08346978072670555,0.24866402939375423,0.3310309054366981,0.0,True,True,2000,1.8145625437602633,72.28186934086574,13.703800414531608
440,2023-03-26 00:00:00,1.3262434861947388,0.09586408558873634,0.09085950221830902,0.2683630229414203,0.3683763296547406,0.0,True,True,2000,1.843104688046671,71.95703503962633,14.560378728450438
441,2023-03-26 06:00:00,1.3199678178793484,0.09355110250389351,0.09110680489199786,0.2631323728755844,0.3807542680528236,0.0,True,True,2000,1.8385427695679637,71.79424051089796,14.312007163010815
442,2023-03-26 12:00:00,1.3431792510318141,0.09937631110084706,0.09031881376534905,0.27081570786724257,0.3582533652035894,0.0,True,True,2000,1.852351830684025,72.51210211700513,14.620100964687547
443,2023-03-26 18:00:00,1.3503349488057945,0.10460504683764842,0.0919279081959968,0.2788127271760809,0.37886246808239027,0.0,True,True,2000,1.8528627679408471,72.87830335683577,15.04767282284675
444,2023-03-27 00:00:00,1.3894996025675022,0.10831791553160706,0.09353126473882276,0.28504072908432504,0.3699307814793996,0.0,True,True,2000,1.8631398932576153,74.57838284692758,15.298944009295207
445,2023-03-27 06:00:00,1.37945810102626,0.11012932417547182,0.09548534284441854,0.28678085642472806,0.3763731856112303,0.0,True,True,2000,1.9057623313401701,72.3835327386389,15.048091344268414
446,2023-03-27 12:00:00,1.3525072422719548,0.10679278503748182,0.09442309337391917,0.2891880204210397,0.37232715762614343,0.0,True,True,2000,1.9055495899130876,70.97727865133349,15.176095230050118
447,2023-03-27 18:00:00,1.3342873881811281,0.10956317317527758,0.09581366685593276,0.2892238497105276,0.3791284257578494,0.0,True,True,2000,1.8960360169460309,70.37247057839554,15.254132681318161
448,2023-03-28 00:00:00,1.353816491093557,0.11841401118783272,0.09880904780170803,0.3049438015672788,0.40229268557974807,0.0,True,True,2000,1.9375220685856698,69.8736036633534,15.738855650293479
449,2023-03-28 06:00:00,1.3410150767301832,0.11689834820539434,0.09840595657328516,0.2963017551453876,0.40296361366918393,0.0,True,True,2000,1.981268482765254,67.68467213784828,14.95515412085088
450,2023-03-28 12:00:00,1.3560484530973236,0.1163803758715518,0.09931129028772571,0.3058846215327117,0.392114846166679,0.0,True,True,2000,2.0098852760064427,67.46894806810738,15.219009024260902
451,2023-03-28 18:00:00,1.338692630393593,0.11257984366762956,0.09859331161535681,0.3055157067907565,0.3801397274112539,0.0,True,True,2000,2.0485859445497847,65.34715489751132,14.913492284938007
452,2023-03-29 00:00:00,1.3760972788756156,0.12129365052675403,0.10132482487545585,0.3112336119216185,0.40056266832386156,0.0,True,True,2000,2.074410482472692,66.33678775260098,15.00347277220798
453,2023-03-29 06:00:00,1.3659673822530711,0.11580113866233374,0.10167018430901213,0.31140032049090405,0.4104305657394791,0.0,True,True,2000,2.1009473742692872,65.0167347827147,14.821900077302486
454,2023-03-29 12:00:00,1.343982107729247,0.11954609403511066,0.10363534834057694,0.3198903306860441,0.4115218972740494,0.0,True,True,2000,2.10296951823636,63.90877737763731,15.211363165849297
455,2023-03-29 18:00:00,1.340197241128227,0.11195791747865594,0.0970344204886444,0.2965976196453862,0.3986368201768057,0.0,True,True,2000,2.123343597948626,63.117304350694766,13.968423194999191
456,2023-03-30 00:00:00,1.3586409689684233,0.11044026272234737,0.09700589291172532,0.2971040665799923,0.3743178604700594,0.0,True,True,2000,2.137472657231783,63.56296368852662,13.899783259205217
457,2023-03-30 06:00:00,1.3663351502296857,0.11257626792306936,0.09622331231003896,0.2938316920513297,0.38250241071780117,0.0,True,True,2000,2.1290746934285147,64.17506884314302,13.800910459283298
458,2023-03-30 12:00:00,1.3671314866695825,0.11694831759829391,0.1000919793722363,0.30191309123519244,0.4120857483413128,0.0,True,True,2000,2.139328384251057,63.90470470704255,14.112517435741271
459,2023-03-30 18:00:00,1.353651005491738,0.11249851262666714,0.09760859576210772,0.29859781081454123,0.39620688899295226,0.0,True,True,2000,2.1353223513935906,63.39328601174876,13.983734615978014
460,2023-03-31 00:00:00,1.357704436516382,0.11277925566994665,0.09848245158272761,0.30506953240814666,0.39016561264607175,0.0,True,True,2000,2.1677225652328334,62.63275837471166,14.073273826689137
461,2023-03-31 06:00:00,1.3518477301009628,0.11328372159641928,0.09793108063873725,0.30535153288423633,0.3795845025692109,0.0,True,True,2000,2.1516460748825295,62.82853606278012,14.191531611485274
462,2023-03-31 12:00:00,1.358420066883183,0.12006830927968531,0.10000422921667655,0.3121504939908025,0.4042171784110057,0.0,True,True,2000,2.141138650358561,63.44381605813795,14.57871464505715
463,2023-03-31 18:00:00,1.337494973548481,0.121666930185316,0.09983966998626674,0.3069484847430384,0.40208422555927664,0.0,True,True,2000,2.1625486469443147,61.84808722977695,14.193830283390717
464,2023-04-01 00:00:00,1.3382322982752175,0.11878763564165166,0.09927614271920084,0.3032706989169741,0.4102424624556287,0.0,True,True,2000,2.118381365418118,63.17239757304429,14.316152127646559
465,2023-04-01 06:00:00,1.302535287897539,0.11160092540253007,0.09381098855925173,0.28136935895477844,0.3678549146701353,0.0,True,True,2000,2.1465980427578217,60.67904945185354,13.10768729637393
466,2023-04-01 12:00:00,1.3180368662139326,0.11638181239336655,0.09813407357631553,0.3048111548572992,0.4066948106919858,0.0,True,True,2000,2.1558084026745865,61.138868583067065,14.139065163635955
467,2023-04-01 18:00:00,1.289418463549107,0.11432715885680139,0.09602705075271831,0.29293091058167015,0.3770853040259578,0.0,True,True,2000,2.145730701886975,60.09227823487732,13.651802172754673
468,2023-04-02 00:00:00,1.3318503241130337,0.12241037116535136,0.09934934188871644,0.3101983444685879,0.3903555028842918,0.0,True,True,2000,2.1413616187484927,62.19642270843663,14.486032707071757
469,2023-04-02 06:00:00,1.2950558415066165,0.11380065759980405,0.09606126101499834,0.29414400830049897,0.3841213457727464,0.0,True,True,2000,2.153058324572523,60.1495940321887,13.661683241158807
470,2023-04-02 12:00:00,1.3359835341110198,0.1189971649723409,0.09750970242906942,0.2946683713271577,0.3895748492113675,0.0,True,True,2000,2.1724664262491915,61.496164818419,13.563771010073042
471,2023-04-02 18:00:00,1.3311225049434743,0.11410989217037354,0.0938960824701771,0.2967508749654814,0.3870950974474434,0.0,True,True,2000,2.1396837037390712,62.21118114875361,13.868913169124616
472,2023-04-03 00:00:00,1.3697413854618243,0.1178631556676122,0.09951757267492088,0.303389235264428,0.38788088784660785,0.0,True,True,2000,2.1399316634719185,64.00865078277762,14.177519798561983
473,2023-04-03 06:00:00,1.3367448778294126,0.11663491702505883,0.09597235927625515,0.2918462159764625,0.37666273879269413,0.0,True,True,2000,2.1442845032029996,62.33990292951639,13.610424155027967
474,2023-04-03 12:00:00,1.3336182617391872,0.11612185746183362,0.0957635454255751,0.2868912685343557,0.38532401676644235,0.0,True,True,2000,2.1213639626431076,62.86607509244049,13.523906014548503
475,2023-04-03 18:00:00,1.3241546892546794,0.11437841993777263,0.09282829085244422,0.28295405131175855,0.3736232201792088,0.0,True,True,2000,2.121000277868065,62.430670239499484,13.340594730905522
476,2023-04-04 00:00:00,1.3527795773626303,0.1147902953135179,0.09548533122665592,0.2885670294136696,0.3709840445208176,0.0,True,True,2000,2.1585426944704977,62.67096689020898,13.368604204720475
477,2023-04-04 06:00:00,1.3552963313417679,0.11613934076744385,0.0981603880735412,0.29907341475525123,0.4023026512698139,0.0,True,True,2000,2.167313270800606,62.53347633686205,13.79927022016404
478,2023-04-04 12:00:00,1.333216762469107,0.11097108190422621,0.09330696542402014,0.2904555560393073,0.3840762169225569,0.0,True,True,2000,2.1969635867386716,60.68451796455253,13.220772423928977
479,2023-04-04 18:00:00,1.3450927349847948,0.10970607560750542,0.09492171308073488,0.2948484029903865,0.3684612403814374,0.0,True,True,2000,2.191639794571552,61.37380505302193,13.453324023440953
480,2023-04-05 00:00:00,1.324795490261575,0.10395489770393894,0.09233442856239443,0.2771497374829527,0.3801928139319959,0.0,True,True,2000,2.182895617252534,60.689823177573984,12.696426493896338
481,2023-04-05 06:00:00,1.3333289984545065,0.10482432072839881,0.0911172080421843,0.27440877713067746,0.36835754975173857,0.0,True,True,2000,2.1622986969154168,61.662572352124144,12.690604564583502
482,2023-04-05 12:00:00,1.3152058572673915,0.10415952570047009,0.08992176351762758,0.2696178746394121,0.36616438295210746,0.0,True,True,2000,2.1704585442912134,60.595760316485844,12.422161913599632
483,2023-04-05 18:00:00,1.3051534251680676,0.10570664682581064,0.09441121725787255,0.2823146658052631,0.3890401305444453,0.0,True,True,2000,2.173870168919543,60.03824164976489,12.986730755203247
484,2023-04-06 00:00:00,1.3136765170123428,0.10569142450115514,0.0939082986989668,0.2843467690805394,0.3765439469022228,0.0,True,True,2000,2.16773780478684,60.601264327791725,13.117212259371932
485,2023-04-06 06:00:00,1.3065233747372824,0.10776591163642267,0.0948709108571367,0.28850024020366094,0.3868570955796357,0.0,True,True,2000,2.2001573401525856,59.38317914330037,13.112709483934129
486,2023-04-06 12:00:00,1.304413716186151,0.10465086953725415,0.09410431204315459,0.2796196813051512,0.36700906415976325,0.0,True,True,2000,2.1724251030310815,60.0441283046382,12.871315145226925
487,2023-04-06 18:00:00,1.2995873723399725,0.11596694743238373,0.10038972453372269,0.30666782623644834,0.4088328901892101,0.0,True,True,2000,2.172152221176969,59.82947970542314,14.118155405806784
488,2023-04-07 00:00:00,1.3082533869221702,0.11668866179277732,0.09767663642789509,0.2983630942907671,0.39676344085884324,0.0,True,True,2000,2.153975146847244,60.73669832435393,13.85174265949534
489,2023-04-07 06:00:00,1.317029890415378,0.11965136292294276,0.10100149674064757,0.30299717513591573,0.4050606415951007,0.0,True,True,2000,2.127330491270256,61.90998041065837,14.243070194278665
490,2023-04-07 12:00:00,1.3178577714259374,0.11852673952230626,0.10257618824905428,0.3063656816150661,0.4090022787118106,0.0,True,True,2000,2.1236003429399317,62.05771136773707,14.42671087493472
491,2023-04-07 18:00:00,1.3087911613512706,0.10744581683040853,0.09329102021839629,0.27969112418820397,0.3583919493826004,0.0,True,True,2000,2.1403690184476516,61.14792122624254,13.067425372801178
492,2023-04-08 00:00:00,1.3144592281442333,0.11269480741576737,0.10035933345069353,0.3013460301356323,0.39264795489795096,0.0,True,True,2000,2.1443584637325994,61.298483923075366,14.052968998993354
493,2023-04-08 06:00:00,1.3180763455506248,0.10946302341254366,0.10093413956813732,0.3050457037422192,0.39761579787212453,0.0,True,True,2000,2.1596938318363006,61.03070380258102,14.124488353187134
494,2023-04-08 12:00:00,1.3099223128605904,0.11027413272485433,0.09878526889921714,0.2995106069288447,0.3891864082316147,0.0,True,True,2000,2.1689997248315454,60.392922039781496,13.808697322546045
495,2023-04-08 18:00:00,1.2867323381152795,0.10546369360729137,0.0954940306410575,0.283342601112998,0.3841778737964154,0.0,True,True,2000,2.13983035770766,60.13244617642118,13.24135813348003
496,2023-04-09 00:00:00,1.2907088037904875,0.11128036867017414,0.09815658284228089,0.2941091462774494,0.4143813456738317,0.0,True,True,2000,2.1954189632511842,58.79100187232981,13.396492933717976
497,2023-04-09 06:00:00,1.2878121448283883,0.11253490549157948,0.09754164208392746,0.2952573158223327,0.38431142676228575,0.0,True,True,2000,2.1817312997494582,59.02707381868133,13.533165878687212
498,2023-04-09 12:00:00,1.288200150097807,0.11195729789178462,0.0985968875062712,0.3018389426714838,0.39739739016336256,0.0,True,True,2000,2.1731594002294616,59.27775707395359,13.889406485304894
499,2023-04-09 18:00:00,1.2555634691620776,0.10410211840642403,0.09544585448295917,0.2838998014258257,0.3848649570609143,0.0,True,True,2000,2.183747034782702,57.4958293778297,13.000580969492912
500,2023-04-10 00:00:00,1.271548542008823,0.11297433599823806,0.10070424897264471,0.3016459054611449,0.4074233970756941,0.0,True,True,2000,2.205586760360867,57.651259286702405,13.676447051749218
501,2023-04-10 06:00:00,1.2717700346038558,0.1144784078361887,0.09981796466527504,0.30537556976610164,0.3929392004240971,0.0,True,True,2000,2.1933394142785265,57.98327547139757,13.922859716928555
502,2023-04-10 12:00:00,1.252848236272053,0.11742142594067134,0.09702923862111927,0.2943695853849952,0.4024847007916872,0.0,True,True,2000,2.1474319682519756,58.34169625833968,13.707981893583062
503,2023-04-10 18:00:00,1.2470962705835293,0.11370003023140438,0.09837099112174297,0.2993884386632537,0.37628626967993933,0.0,True,True,2000,2.12300285034034,58.742091202732325,14.10212137092791
504,2023-04-11 00:00:00,1.2155870740525583,0.12517729979425413,0.10370211431282712,0.318610763248552,0.4084492206611059,0.0,True,True,2000,2.1034385016138377,57.79047369913186,15.147139457802153
505,2023-04-11 06:00:00,1.2222200347812389,0.12208634528984741,0.10324883865525478,0.3135505632617487,0.39997585925094004,0.0,True,True,2000,2.109951868184648,57.92644150848842,14.860555256718728
506,2023-04-11 12:00:00,1.231410085433989,0.12185335843125082,0.09749618920310442,0.2985013839640676,0.3903158273968185,0.0,True,True,2000,2.1380054637699404,57.59620853646681,13.961675450432235
507,2023-04-11 18:00:00,1.2097153977056192,0.11429190972250178,0.09736828751740864,0.29402782141840816,0.3702114112048591,0.0,True,True,2000,2.136788239351253,56.61372406621346,13.760269548641727
508,2023-04-12 00:00:00,1.2098839330146158,0.12696236649381615,0.10349878715199841,0.3225021232888331,0.40219965282754405,0.0,True,True,2000,2.1212091398921724,57.03746557852932,15.203692894950796
509,2023-04-12 06:00:00,1.1836047554596452,0.13753418081259108,0.10591887337829821,0.3313883659881757,0.4156203615182023,0.0,True,True,2000,2.075511766390895,57.027128182357366,15.966585752699757
510,2023-04-12 12:00:00,1.18528398178605,0.14295399539343948,0.10923935506278692,0.3364048698605377,0.4201376116004121,0.0,True,True,2000,2.026490253160808,58.489498280947025,16.600369497747735
511,2023-04-12 18:00:00,1.1877953933443905,0.14043718746822623,0.1069618045958735,0.3333671994274148,0.42758087226039104,0.0,True,True,2000,1.9378765492829682,61.29365638816805,17.202705690966933
512,2023-04-13 00:00:00,1.2085382638367221,0.1490517330252911,0.11049837395869958,0.3476316153134079,0.431483237894443,0.0,True,True,2000,1.9552982188601113,61.808385655936874,17.77895627174806
513,2023-04-13 06:00:00,1.1896948050737166,0.15375422840020592,0.1138305168408498,0.36576543346284573,0.4592858347526196,0.0,True,True,2000,1.973739785680924,60.27617286253779,18.531593481389933
514,2023-04-13 12:00:00,1.1878466336298228,0.15849371973222412,0.11797940821154618,0.3719103786464038,0.4726207667832133,0.0,True,True,2000,1.9982091376871745,59.44556108900066,18.61218486253502
515,2023-04-13 18:00:00,1.1874626354574416,0.1518775350512794,0.11621066551578968,0.3601491332434147,0.4661954491924052,0.0,True,True,2000,1.9556685285592406,60.71901337657955,18.415653163306768
516,2023-04-14 00:00:00,1.206696604533691,0.16591477113887262,0.11851799289411254,0.376151664262009,0.47563072957834757,0.0,True,True,2000,1.988234936390731,60.69185197621682,18.91887409165247
517,2023-04-14 06:00:00,1.1996608113148064,0.15573199447610794,0.11806771207830773,0.3664998212365635,0.46572075912181465,0.0,True,True,2000,1.9534897719059339,61.41116419280508,18.76128692903192
518,2023-04-14 12:00:00,1.1936385139208834,0.16491403108993563,0.1187634990825438,0.3825726398868568,0.4863894048847562,0.0,True,True,2000,1.950339489269628,61.20157646850921,19.615694702983447
519,2023-04-14 18:00:00,1.19353337145637,0.15615237883289027,0.11753057830662214,0.3688652210429808,0.473590168921871,0.0,True,True,2000,1.954093778362542,61.07861273968677,18.87653628128718
520,2023-04-15 00:00:00,1.2364496453193277,0.1653452897756758,0.12059756762420061,0.37696419381987556,0.47111155998199994,0.0,True,True,2000,1.9637310033481092,62.9643084114481,19.196325422227464
521,2023-04-15 06:00:00,1.217729136131231,0.16131548968215648,0.11885443906127154,0.37251955643389684,0.47758322462196556,0.0,True,True,2000,1.9994650533244367,60.90274666749278,18.630961107048226
522,2023-04-15 12:00:00,1.22456490734332,0.16243667065915174,0.12457330478384597,0.38705017651847673,0.4995127521285474,0.0,True,True,2000,1.9723009770579765,62.08813571496413,19.624295734813664
523,2023-04-15 18:00:00,1.2079540281448615,0.1632542842288061,0.11941222184867983,0.37934578831303833,0.47339441499380674,0.0,True,True,2000,1.9489038884994636,61.98120057500177,19.46457137017215
524,2023-04-16 00:00:00,1.2222288687518124,0.16422442416397826,0.12323094799895269,0.38879297610451885,0.4700121646383056,0.0,True,True,2000,1.9662168407886458,62.16144849321801,19.773657108367292
525,2023-04-16 06:00:00,1.2109011466629205,0.17743412305837367,0.12880853350771143,0.39663397870299133,0.49064683971033296,0.0,True,True,2000,1.9864323308475402,60.958590325917214,19.967152796680555
526,2023-04-16 12:00:00,1.2039455222156756,0.17505307866198888,0.1273403881792634,0.39481975813591574,0.49069443976870786,0.0,True,True,2000,1.9770472226204496,60.896143928212446,19.970173378691854
527,2023-04-16 18:00:00,1.1939632053345959,0.1739326606298852,0.1271039436027815,0.3956531761328964,0.49521667959116633,0.0,True,True,2000,1.941733964454913,61.489536012198634,20.376281374053466
528,2023-04-17 00:00:00,1.2072470329711036,0.17391850163433564,0.12686327061327393,0.4081823129775852,0.4881391173156263,0.0,True,True,2000,1.9723406320974948,61.20885070887837,20.695325459248988
529,2023-04-17 06:00:00,1.195322978345547,0.18001384045608734,0.12695715901368748,0.39832563498853646,0.4866987228042812,0.0,True,True,2000,1.9890452876027462,60.0953123488799,20.025971126510136
530,2023-04-17 12:00:00,1.2057414066158074,0.18019339868263,0.1221660922312817,0.3903218945716128,0.47858884802771684,0.0,True,True,2000,1.9892202353480808,60.61377142610972,19.621854213810213
531,2023-04-17 18:00:00,1.1954700213995728,0.17690752498835058,0.12516880002716416,0.4024970361808413,0.49899136374078246,0.0,True,True,2000,1.9878798909753541,60.13794026625094,20.247553084475136
532,2023-04-18 00:00:00,1.2140062793006934,0.1855084810172192,0.1285514010320767,0.4117082112027288,0.5057539391006223,0.0,True,True,2000,1.998143948985253,60.756697730272144,20.604532091484835
533,2023-04-18 06:00:00,1.2399549908115421,0.18704815300669092,0.12814777688593162,0.40922461814926697,0.4926342690458676,0.0,True,True,2000,2.00871805638287,61.72867251685628,20.372426924172927
534,2023-04-18 12:00:00,1.2492038643023702,0.17676495031998826,0.12941945485577247,0.40355933187218546,0.49849164699058723,0.0,True,True,2000,2.017391611893359,61.9217338338177,20.004015556178388
535,2023-04-18 18:00:00,1.268848006099575,0.1879682337367486,0.12885200762217508,0.4061856633030185,0.5142723396992647,0.0,True,True,2000,2.011133817395602,63.09117748030911,20.196849149949895
536,2023-04-19 00:00:00,1.2905837188425842,0.1941801380024658,0.12966688449216365,0.4144600931065421,0.5017105374864774,0.0,True,True,2000,2.012448362816675,64.13002900786233,20.59481876724792
537,2023-04-19 06:00:00,1.2851202670365591,0.19381812376013857,0.13203284583298394,0.42496674700139514,0.5135903041224,0.0,True,True,2000,2.0165864015364634,63.727508330781625,21.073570003130413
538,2023-04-19 12:00:00,1.280040743455572,0.1909095444941369,0.1288429984384368,0.40764141564616907,0.4909636280957453,0.0,True,True,2000,2.0379582257641555,62.809959854579766,20.002442174363967
539,2023-04-19 18:00:00,1.2696705624713747,0.18862092510667405,0.12413223651881894,0.39759164038432243,0.48777398623784984,0.0,True,True,2000,2.0434619243813157,62.13331148099487,19.456767735209866
540,2023-04-20 00:00:00,1.2864189711293534,0.20312534215170627,0.13672779035424001,0.4332289197758522,0.5565541039304218,0.0,True,True,2000,2.009778516539901,64.00799692814378,21.556052878986538
541,2023-04-20 06:00:00,1.2967128958617926,0.20848480884155549,0.13422675631304395,0.4331191042763599,0.5299662454344533,0.0,True,True,2000,1.9980193723504491,64.89991607720765,21.677422665168812
542,2023-04-20 12:00:00,1.3050776289167967,0.20416547470491725,0.13007694370720585,0.4241934926206279,0.5108609224589263,0.0,True,True,2000,1.973660293003976,66.12473451195726,21.49273074623148
543,2023-04-20 18:00:00,1.319564354782712,0.20200141222662876,0.1286636357653524,0.41976717486977094,0.5163056606660609,0.0,True,True,2000,1.968925076312464,67.01953114712123,21.319611392015958
544,2023-04-21 00:00:00,1.3456793955796371,0.21320943055680755,0.13507028350105255,0.441196937354397,0.5066340805810134,0.0,True,True,2000,1.9482970366700345,69.06951918787641,22.645260401795632
545,2023-04-21 06:00:00,1.314222580765588,0.22433580223953528,0.13549829540661634,0.4487052424969605,0.5261842338639647,0.0,True,True,2000,1.9256552621567837,68.24807153143418,23.3014315342404
546,2023-04-21 12:00:00,1.3188378061167538,0.22593700726284874,0.13430091311415546,0.447129163297883,0.5278577056323885,0.0,True,True,2000,1.8929382906828467,69.67146328055969,23.620905419826887
547,2023-04-21 18:00:00,1.3282815120167908,0.2181392949754792,0.13634283264397806,0.44676605871101727,0.5286379909147063,0.0,True,True,2000,1.8385209843651715,72.24728590603698,24.300296951208445
548,2023-04-22 00:00:00,1.3434723632655914,0.22758018712432743,0.14014384840248456,0.4475332926300951,0.5375005952034847,0.0,True,True,2000,1.830613668904267,73.38918014688161,24.44717311096944
549,2023-04-22 06:00:00,1.315332841764259,0.24163821365424076,0.14763161784719497,0.4808074197984872,0.5653871290813888,0.0,True,True,2000,1.8408088937551492,71.45406816679662,26.11935554144713
550,2023-04-22 12:00:00,1.3217453613714323,0.24287305925076158,0.1424823066202782,0.47198214702297897,0.5737119041893709,0.0,True,True,2000,1.8035139626410264,73.28722642301572,26.170141002502618
551,2023-04-22 18:00:00,1.3091033691626766,0.23414711536157568,0.14665169138979314,0.47597096974273456,0.5752141430415058,0.0,True,True,2000,1.7430069167487086,75.10603409449416,27.307463049577553
552,2023-04-23 00:00:00,1.287275012895234,0.2283251751559788,0.14704861949397405,0.4717848210532269,0.5671428773901696,0.0,True,True,2000,1.7123777539944234,75.17471012996039,27.551445348592363
553,2023-04-23 06:00:00,1.294551109827588,0.22965970643545452,0.1429772488723905,0.46347035873380366,0.5744320037434769,0.0,True,True,2000,1.7511972575285244,73.92377439276007,26.46591391925215
554,2023-04-23 12:00:00,1.3047697956238018,0.2288828783397908,0.1437363724725475,0.4713050365113868,0.5653129593809334,0.0,True,True,2000,1.754126550199307,74.38287707779986,26.86836000845185
555,2023-04-23 18:00:00,1.2967334092899505,0.22344752951808075,0.14657650034912123,0.4578022068762548,0.5697802521548055,0.0,True,True,2000,1.7537711839724386,73.9397146640727,26.103873245271053
556,2023-04-24 00:00:00,1.3025359444391809,0.2291506908722635,0.15056606736437744,0.47846234994332504,0.5729814636617137,0.0,True,True,2000,1.7061406762726359,76.34399452246808,28.043546267744468
557,2023-04-24 06:00:00,1.2955733095672468,0.22468800010556822,0.1556601944126641,0.4854286775647113,0.6044112142030548,0.0,True,True,2000,1.7129710669244342,75.63311106552388,28.338404946691693
558,2023-04-24 12:00:00,1.2890205658392035,0.22171461420759517,0.14914444473178115,0.4800693140729603,0.5737251541492445,0.0,True,True,2000,1.7461671678242303,73.81999785538041,27.492746566248815
559,2023-04-24 18:00:00,1.284588803765823,0.21331007261004067,0.14604466937679453,0.45928865488280124,0.5524496208385326,0.0,True,True,2000,1.7507075068506577,73.37540958378969,26.234459673335962
560,2023-04-25 00:00:00,1.2891698684521324,0.22251837619635734,0.1469183523185021,0.47550963097497273,0.5780529378625455,0.0,True,True,2000,1.7258467024632271,74.6978202995756,27.55225190605273
561,2023-04-25 06:00:00,1.2688420843681705,0.21637303032969699,0.15215422003143228,0.4734602051759701,0.5649459518451071,0.0,True,True,2000,1.7384760032654036,72.98588430239398,27.23420997969849
562,2023-04-25 12:00:00,1.2542884419455762,0.22392265963240188,0.14886052254380608,0.4622134400802804,0.5782550353105361,0.0,True,True,2000,1.731480389838605,72.44023376219069,26.694696791995682
563,2023-04-25 18:00:00,1.2392797397497701,0.2197299999575029,0.15037041793775457,0.47996118250426395,0.5682427581758351,0.0,True,True,2000,1.680877201230266,73.72815449235183,28.55420860922923
564,2023-04-26 00:00:00,1.2494525159465584,0.21697203237903215,0.146250508551313,0.46553248626891186,0.5453996512193416,0.0,True,True,2000,1.6880604294852781,74.01704904175381,27.577951484287894
565,2023-04-26 06:00:00,1.2299720036739632,0.22126017727918068,0.14755401160684664,0.4677646818551419,0.551732372719141,0.0,True,True,2000,1.6926197700770609,72.66676340534329,27.63554403206845
566,2023-04-26 12:00:00,1.231877243865762,0.21680539876127647,0.1445791938118076,0.4578235926870397,0.5538059247544137,0.0,True,True,2000,1.7066514126672299,72.18095240319346,26.82584090042927
567,2023-04-26 18:00:00,1.2086836869846758,0.2109475297070075,0.13948460433991758,0.44530211359362026,0.5313198325692441,0.0,True,True,2000,1.6865262918792625,71.66705273463977,26.403508545213906
568,2023-04-27 00:00:00,1.191973474194806,0.20737459798503446,0.13829653797249697,0.43416620666307204,0.5217613586090515,0.0,True,True,2000,1.672770248524473,71.2574530331484,25.954921606601022
569,2023-04-27 06:00:00,1.1779752424861258,0.20556678214195256,0.1359026311522644,0.4343533210623571,0.5324829762716702,0.0,True,True,2000,1.6570397874211742,71.08913445701812,26.212606622942623
570,2023-04-27 12:00:00,1.1914557571060227,0.2000451460838263,0.1317447361006148,0.4367850737052548,0.5216204687682883,0.0,True,True,2000,1.6599090948828141,71.77837393499775,26.313794836824535
571,2023-04-27 18:00:00,1.1771977765975932,0.19150648199814121,0.12778012993057436,0.40885058725955986,0.49949768904189074,0.0,True,True,2000,1.6591420649664161,70.9521988173702,24.642289282674277
572,2023-04-28 00:00:00,1.1868889069482125,0.1843932217427069,0.13069384337146359,0.41441081271328034,0.5013528120638808,0.0,True,True,2000,1.667012864845879,71.1985451328802,24.859484977735548
573,2023-04-28 06:00:00,1.2039091587208615,0.1897588911279172,0.12925062023148942,0.4114879687822252,0.5167901791736832,0.0,True,True,2000,1.7207532847445448,69.96407732556433,23.913246159708063
574,2023-04-28 12:00:00,1.215901209143017,0.1934020095443422,0.129513547681919,0.41675571892299634,0.5016476525084514,0.0,True,True,2000,1.729769617245069,70.2926677067858,24.093134413283636
575,2023-04-28 18:00:00,1.2260411371720892,0.1881604675095794,0.12886582718351086,0.41083708364218036,0.5011706494373318,0.0,True,True,2000,1.7365856825571144,70.60067058521116,23.657749097483325
576,2023-04-29 00:00:00,1.2631063610306064,0.1921037254452864,0.12913098846557797,0.41204004906355174,0.5122142978748646,0.0,True,True,2000,1.7203396509784423,73.42191760285333,23.95108714893621
577,2023-04-29 06:00:00,1.2471098717959372,0.1901307283666743,0.12516668491601346,0.4106261776958697,0.49429407888576843,0.0,True,True,2000,1.7181380886682294,72.58496159424546,23.89948633372979
578,2023-04-29 12:00:00,1.2633817305490838,0.18612751432592325,0.11962733921806885,0.39349806873887094,0.4775542109583208,0.0,True,True,2000,1.7044764239703893,74.1213966225579,23.08615497433873
579,2023-04-29 18:00:00,1.2578198958727136,0.17854591133665257,0.12214582769891516,0.3874381717037636,0.4885669309110682,0.0,True,True,2000,1.6887940247051114,74.48036157590904,22.941706687493525
580,2023-04-30 00:00:00,1.2918547583945208,0.18935017072687857,0.12718025654569912,0.40279784882727027,0.5150345989670342,0.0,True,True,2000,1.6891304054557377,76.48046321479664,23.84646250675909
581,2023-04-30 06:00:00,1.2762857521314495,0.18697171680022015,0.1295680332385332,0.4140138714912821,0.4938226278460663,0.0,True,True,2000,1.6902580445723856,75.50833769019772,24.494122233035874
582,2023-04-30 12:00:00,1.2614573946450496,0.18884127455386704,0.12577026569626973,0.40850630985192743,0.4986250795939955,0.0,True,True,2000,1.6904989781263222,74.62041746060063,24.164836248803805
583,2023-04-30 18:00:00,1.2632033888775946,0.17462572552227332,0.11971501696875378,0.38862430451432356,0.47085736527277855,0.0,True,True,2000,1.6722229003704236,75.54037135825465,23.239982207410097
584,2023-05-01 00:00:00,1.308663156660257,0.1866936200568831,0.12108652124890498,0.39183352560885654,0.48818028007221903,0.0,True,True,2000,1.7208888249998737,76.04576993289226,22.76925272083659
585,2023-05-01 06:00:00,1.2753640511159423,0.19415846064410147,0.1278494539225871,0.4144452220677411,0.4890571196952509,0.0,True,True,2000,1.7053805670455993,74.78471818905399,24.30221324649699
586,2023-05-01 12:00:00,1.2850792390389592,0.20101933120108179,0.1276887816119229,0.42352624770282704,0.49540910412016437,0.0,True,True,2000,1.6919517655301137,75.95247484116811,25.031815701325854
587,2023-05-01 18:00:00,1.2904625088680293,0.19995429246874227,0.12424982258617275,0.4108202466438588,0.5062303325029937,0.0,True,True,2000,1.6585159086783974,77.8082683509708,24.770353090626934
588,2023-05-02 00:00:00,1.3209291468630922,0.20544058995294506,0.1264888283409526,0.4232325881612413,0.5022655317673083,0.0,True,True,2000,1.6695813029493334,79.11738976290982,25.349624328782095
589,2023-05-02 06:00:00,1.3009080323798747,0.20529756599944926,0.13015568440735426,0.4357680477646993,0.5063685172318961,0.0,True,True,2000,1.7072949353507008,76.19702990055734,25.52388803725859
590,2023-05-02 12:00:00,1.3101318242250664,0.21059267035900883,0.12927765501465305,0.4343216775543495,0.5539060744667608,0.0,True,True,2000,1.688851681400509,77.57530389753452,25.716981682736094
591,2023-05-02 18:00:00,1.3264182771965234,0.20875624703748538,0.12923483874557418,0.42983533149919745,0.5208383578457717,0.0,True,True,2000,1.669534087946094,79.44840939596021,25.745825413363825
592,2023-05-03 00:00:00,1.348876412759359,0.209575239335444,0.12885763350694748,0.4337748285142813,0.5322869561701894,0.0,True,True,2000,1.6785913104576093,80.35764300433766,25.841598595910025
593,2023-05-03 06:00:00,1.332740650573667,0.21569733650852932,0.12974061876994908,0.43826602884076926,0.5354882951817072,0.0,True,True,2000,1.6729692167768606,79.6631902851938,26.196897375382182
594,2023-05-03 12:00:00,1.3635684214480626,0.21107435399490726,0.1279214784518205,0.429372932490474,0.5163534518498493,0.0,True,True,2000,1.6845295674177752,80.94654126720282,25.48918943278996
595,2023-05-03 18:00:00,1.3380828836332173,0.1992188049113608,0.12672678523644565,0.4193902980403838,0.5043774395453394,0.0,True,True,2000,1.6759642030012285,79.83958614611511,25.02382194615862
596,2023-05-04 00:00:00,1.3564499417247209,0.20684126328645272,0.1256756575853226,0.4193767644878589,0.5038826412630996,0.0,True,True,2000,1.6736741710631884,81.04623738460674,25.05725258468039
597,2023-05-04 06:00:00,1.385623091163664,0.20880248767659254,0.1295353932841479,0.4266675990305451,0.5389591008888194,0.0,True,True,2000,1.634970809307557,84.7491027531252,26.09634353112686
598,2023-05-04 12:00:00,1.376536967077897,0.20502242656544734,0.12539577641758556,0.42307026001923487,0.5058545006155075,0.0,True,True,2000,1.6305088317558087,84.42376638926741,25.947130845262144
599,2023-05-04 18:00:00,1.3961120117998815,0.21593780197170181,0.12829104847748135,0.42779656961773904,0.5086015305317073,0.0,True,True,2000,1.6252881703278876,85.89935232951508,26.32127504696197
600,2023-05-05 00:00:00,1.399193796701859,0.22699331237809126,0.13252977089723042,0.45386697728972775,0.5354480237112252,0.0,True,True,2000,1.6376786027930916,85.4376306996689,27.714044533258793
601,2023-05-05 06:00:00,1.38564157017984,0.228582625568198,0.13673631576683995,0.46058223015909316,0.5356722927739681,0.0,True,True,2000,1.5962166252354149,86.80786481443153,28.854619283968745
602,2023-05-05 12:00:00,1.3764470603633745,0.22720160571630932,0.13548335004303055,0.4553010528893465,0.5262089525383755,0.0,True,True,2000,1.569154339991328,87.71903599814036,29.015695988953055
603,2023-05-05 18:00:00,1.3780653872597632,0.21545663382983565,0.12894592016308618,0.42775956322475545,0.5179620525943149,0.0,True,True,2000,1.5140252345244174,91.01997482179604,28.253133004029646
604,2023-05-06 00:00:00,1.3847876307948823,0.2378783056102643,0.14188021759961003,0.4755219251508194,0.5597942464100413,0.0,True,True,2000,1.4685973226415905,94.29321499129807,32.3793267098901
605,2023-05-06 06:00:00,1.3772795614973379,0.25517797542628046,0.14861897882955558,0.49254926686172007,0.5838823946790483,0.0,True,True,2000,1.4459778876719174,95.24900575864362,34.06340242552009
606,2023-05-06 12:00:00,1.3519242183550664,0.27345233559407905,0.14627190597263065,0.5112427019791974,0.6092403469285336,0.0,True,True,2000,1.4052640063229334,96.20428704301351,36.38054484273985
607,2023-05-06 18:00:00,1.3798247753163146,0.2824787232946837,0.14846603232306751,0.5217844584501844,0.6032836999438057,0.0,True,True,2000,1.3623441591578496,101.28312776481319,38.30048779837924
608,2023-05-07 00:00:00,1.3863446997405373,0.3047784115929625,0.1535136986275927,0.5481496014815843,0.639383669162365,0.0,True,True,2000,1.3567483080904983,102.1814209366285,40.40171623674665
609,2023-05-07 06:00:00,1.3820764423635077,0.3266240122497516,0.16759177889665186,0.5844352462694565,0.6660804168847029,0.0,True,True,2000,1.3392766070432185,103.19574276853685,43.63812846397285
610,2023-05-07 12:00:00,1.377698211302561,0.31067741842114444,0.16333485058317382,0.5769847603998839,0.6792005435445589,0.0,True,True,2000,1.3202748443026253,104.34934947429579,43.7018672960212
611,2023-05-07 18:00:00,1.389743190102109,0.31108053280468734,0.16323600456461523,0.5654798565549726,0.6786502408950095,0.0,True,True,2000,1.3237315105670215,104.9867876535485,42.71862171753763
612,2023-05-08 00:00:00,1.397151709146815,0.33440839442113246,0.16598252242522013,0.5983395933504222,0.6898273728110922,0.0,True,True,2000,1.3387054553520337,104.36587851055049,44.69538769400767
613,2023-05-08 06:00:00,1.3827885183364932,0.34505316087075755,0.16721152609364973,0.6010596475901999,0.6925342636799859,0.0,True,True,2000,1.351247031751704,102.33425020322895,44.48184776480209
614,2023-05-08 12:00:00,1.380134236775274,0.3371909127158083,0.1636561660461603,0.5995948458494066,0.682490278082566,0.0,True,True,2000,1.3379023295146937,103.156576255899,44.81604020129793
615,2023-05-08 18:00:00,1.4033288735309022,0.33089757162611627,0.16734343310451594,0.6059533921378745,0.6922860998163994,0.0,True,True,2000,1.316360545966277,106.60672547738703,46.032479019118064
616,2023-05-09 00:00:00,1.4063084158307857,0.33932042026362585,0.15631480983728116,0.582386618389066,0.6906805132980502,0.0,True,True,2000,1.3353500562335543,105.31383956334072,43.61302983217203
617,2023-05-09 06:00:00,1.389123201019084,0.3209465272651411,0.1624302892613424,0.58468317112286,0.6486706418942975,0.0,True,True,2000,1.3502879114445427,102.87607474268174,43.300629900282814
618,2023-05-09 12:00:00,1.367648809617963,0.30261994657794966,0.1635556367959149,0.5641792742495758,0.6392281175330611,0.0,True,True,2000,1.3392797740922529,102.11823071433588,42.12557265205991
619,2023-05-09 18:00:00,1.359573140950102,0.30040356503761284,0.1589138508500454,0.5546104405293664,0.6338611943113621,0.0,True,True,2000,1.32473614590461,102.62973084513392,41.86572867690907
620,2023-05-10 00:00:00,1.3722993899768208,0.2990983961956472,0.1536049698233996,0.547132082892385,0.6399497339817304,0.0,True,True,2000,1.3311099012484717,103.09437174869758,41.103449262846
621,2023-05-10 06:00:00,1.3503249562082311,0.303287024440751,0.1545465093184112,0.5545735646735612,0.6453451528503953,0.0,True,True,2000,1.3304170645901754,101.49636472260586,41.6841890737769
622,2023-05-10 12:00:00,1.334093083619038,0.2904370825603414,0.15264495651291177,0.5378207737725453,0.6024271520508797,0.0,True,True,2000,1.2503796063992592,106.69504499204446,43.01259961535342
623,2023-05-10 18:00:00,1.3424484687940772,0.2934302675966335,0.1587300732348012,0.5527179272366195,0.6334520233579372,0.0,True,True,2000,1.1873461260521243,113.06294258588787,46.55069950616534
624,2023-05-11 00:00:00,1.339584705899722,0.3104498939528941,0.1519572293366626,0.5572805726616622,0.6277208215376096,0.0,True,True,2000,1.2386274136325977,108.1507393713369,44.99178417400691
625,2023-05-11 06:00:00,1.3259280302284002,0.30433108463320246,0.15225837613379922,0.546237727005663,0.6468738836508475,0.0,True,True,2000,1.2332511212932524,107.51484489533338,44.29249790041538
626,2023-05-11 12:00:00,1.3156771330775825,0.2852844287533271,0.15013659235586188,0.5312221835003795,0.609742740659763,0.0,True,True,2000,1.182295761506414,111.281557112344,44.93141232474068
627,2023-05-11 18:00:00,1.3173371228716042,0.27701185172409926,0.15115381060014024,0.5236875426443688,0.6229359512539986,0.0,True,True,2000,1.1653878504929125,113.03851523030923,44.93676010290221
628,2023-05-12 00:00:00,1.344217357373601,0.2840858577541935,0.1448626632841888,0.5252310791815816,0.6078327748807527,0.0,True,True,2000,1.2387808955990183,108.51130834751841,42.39902964661105
629,2023-05-12 06:00:00,1.340373545976938,0.274794800006258,0.1493313775256127,0.5297102601936325,0.6170585743256969,0.0,True,True,2000,1.2646443670240288,105.98817983360141,41.8861044263496
630,2023-05-12 12:00:00,1.345684664285786,0.27577807528863413,0.14498543213058304,0.5213060916381241,0.5897761898502724,0.0,True,True,2000,1.2700746655658433,105.95319320744478,41.0453106239917
631,2023-05-12 18:00:00,1.3720022702972983,0.273671908726241,0.1443014011221636,0.5065272352334561,0.588531675242153,0.0,True,True,2000,1.2331793980414096,111.25731361360506,41.07490248685189
632,2023-05-13 00:00:00,1.3975195931288118,0.287400186112935,0.14122566781193285,0.5267655242019869,0.5945764980718626,0.0,True,True,2000,1.2798041802696225,109.19792376630537,41.15985338405525
633,2023-05-13 06:00:00,1.3828395485993992,0.2813060095010918,0.14936457931019925,0.5306421857647672,0.6217268853763003,0.0,True,True,2000,1.283220637295636,107.76319429476354,41.35237311044855
634,2023-05-13 12:00:00,1.3716521631416594,0.2838027159902278,0.1461709990027228,0.5296659721953105,0.6031829694394509,0.0,True,True,2000,1.2790359749440274,107.24109329307059,41.411342805935504
635,2023-05-13 18:00:00,1.3628328979985849,0.28498501067858356,0.15134155426114274,0.5390122240893576,0.6216281629286607,0.0,True,True,2000,1.2458314388980751,109.39143574703785,43.265261034519106
636,2023-05-14 00:00:00,1.4112980550491963,0.3012824377563195,0.14851014280692518,0.5424661660536663,0.6318981580412898,0.0,True,True,2000,1.2532131480411488,112.61436709750005,43.28602575719662
637,2023-05-14 06:00:00,1.3924188048687252,0.3014280556694948,0.1472355030344774,0.5482355306932347,0.6229577848856408,0.0,True,True,2000,1.261444083396024,110.38291932212283,43.46094590394293
638,2023-05-14 12:00:00,1.367712143323878,0.29295162255444174,0.14945883601597648,0.546091086181113,0.6273410944513801,0.0,True,True,2000,1.2515580168586693,109.2807624497303,43.632902256642225
639,2023-05-14 18:00:00,1.3892534778844143,0.3070977190006308,0.1496281916330403,0.551692228876638,0.6300524632602603,0.0,True,True,2000,1.2128548652413482,114.54408253603899,45.48707720002886
640,2023-05-15 00:00:00,1.411427877037136,0.31421464880118494,0.14586795658389615,0.5494568403948442,0.6274859462273464,0.0,True,True,2000,1.2108536284930618,116.5646981455301,45.37764329770042
641,2023-05-15 06:00:00,1.3861881003115453,0.30363027271750387,0.1486092885753757,0.5558994312366852,0.6461257972180515,0.0,True,True,2000,1.2009102653880595,115.42811650990556,46.2898392376597
642,2023-05-15 12:00:00,1.3800298113964575,0.3048298078130224,0.14420182804259576,0.5488084140479972,0.6318323595913355,0.0,True,True,2000,1.2094868029901702,114.10044392255129,45.375312297017054
643,2023-05-15 18:00:00,1.4004566389733373,0.3083064478627487,0.1481158898562926,0.561716687538824,0.6389388958256017,0.0,True,True,2000,1.1945195562577189,117.24015999878591,47.02448650557153
644,2023-05-16 00:00:00,1.438077911774182,0.33451981813771,0.14812548132756762,0.5809857203427806,0.6457598222102711,0.0,True,True,2000,1.2592417263900895,114.20189480988438,46.13774370456353
645,2023-05-16 06:00:00,1.4221626441069524,0.32545762830251845,0.1461747129943674,0.5670336312943043,0.6326295351002744,0.0,True,True,2000,1.2726858360161837,111.74498873647147,44.55409302497288
646,2023-05-16 12:00:00,1.3978817378325639,0.3248832134165109,0.14530169447041136,0.5755574216853477,0.6551568403157245,0.0,True,True,2000,1.2857336799982142,108.72249514646808,44.76490198857878
647,2023-05-16 18:00:00,1.409171620370753,0.33165388772355153,0.1498526335053709,0.5801220872221321,0.6536716963122122,0.0,True,True,2000,1.2710891158621098,110.86332207439204,45.639765141775065
648,2023-05-17 00:00:00,1.4303904055003902,0.3421530092134238,0.14758153391187026,0.5858645275937496,0.6673033016218995,0.0,True,True,2000,1.291440056218579,110.75933401730367,45.36521263783619
