window_idx,timestamp,te_bits,surr_mean,surr_std,surr_p95,surr_p99,p_value,sig95,sig99,n_valid_surrogates,h_target_bits,pct_h,surr_p95_pct
0,2022-12-06 00:00:00,0.08246636068159593,0.025982621936087056,0.03728158552829958,0.1042984685483878,0.152050993704472,0.0955,False,False,2000,1.8028594370912092,4.574198020376441,5.785169181945003
1,2022-12-06 06:00:00,0.08554189709199071,0.02486427823914457,0.03793668231018023,0.10423463935503796,0.14958164828035536,0.0895,False,False,2000,1.8135288308444788,4.716875499142613,5.747614131201905
2,2022-12-06 12:00:00,0.08969288587147774,0.025180865078541673,0.037149214524724104,0.10463332578917661,0.15147707750602848,0.0805,False,False,2000,1.8245915257239504,4.915778935007929,5.734616450531898
3,2022-12-06 18:00:00,0.08917538491512575,0.02542549604149039,0.037135545673544164,0.10420433793967405,0.15128152894556113,0.0775,False,False,2000,1.8198242175922845,4.900219705456448,5.726066118492556
4,2022-12-07 00:00:00,0.09138728003486998,0.025001078428425694,0.03676681099860458,0.10303759653777982,0.14747443113200684,0.074,False,False,2000,1.804476168461526,5.064476972992425,5.710111241071607
5,2022-12-07 06:00:00,0.09993255802484668,0.02534733486955477,0.036622724578442435,0.102517549076215,0.14852728286964242,0.0565,False,False,2000,1.8060365427513707,5.533252271441108,5.676382877615349
6,2022-12-07 12:00:00,0.0983370784648137,0.024852986225855415,0.036348787314106575,0.10160956790297697,0.1389708997419181,0.0565,False,False,2000,1.7831195670209843,5.514889763063008,5.698415842788023
7,2022-12-07 18:00:00,0.09773480247588594,0.02547110327621914,0.0370342486135595,0.10573082016973807,0.14967508190625903,0.061,False,False,2000,1.788559562009298,5.464442143938948,5.91150680220894
8,2022-12-08 00:00:00,0.08245457764990208,0.026159828595662567,0.036983050594251866,0.10411314344003204,0.1463872057710674,0.0985,False,False,2000,1.7996672981090798,4.581656717135303,5.785132815905712
9,2022-12-08 06:00:00,0.06274639641847757,0.026979472170590824,0.038370524588849035,0.10771874123210824,0.1505982990550591,0.167,False,False,2000,1.7995878273056076,3.486709315678313,5.985745157733574
10,2022-12-08 12:00:00,0.06791080940699566,0.02929910200222173,0.039617387538261405,0.11113369893450926,0.16199264465880517,0.1645,False,False,2000,1.8274307445252553,3.71619059219878,6.081417819386664
11,2022-12-08 18:00:00,0.0776475992914031,0.028889169077774425,0.03923578022949324,0.11079937223628179,0.15144930256659017,0.13,False,False,2000,1.8353271476420072,4.230722538549229,6.037036632876851
12,2022-12-09 00:00:00,0.0748851251822516,0.028884626932636954,0.038400625194598186,0.10838280791521061,0.1526671701453768,0.1345,False,False,2000,1.791540413040143,4.1799294415678725,6.049699304928941
13,2022-12-09 06:00:00,0.07028912386996344,0.027105938197021735,0.03859956240842873,0.10557302610327401,0.15724591538067412,0.1455,False,False,2000,1.8190543970366755,3.864047385524463,5.8037311185007665
14,2022-12-09 12:00:00,0.05746020894711766,0.028243657791941813,0.03919515912210491,0.11121669441474173,0.1533886415132577,0.201,False,False,2000,1.8078303565128824,3.178407129856612,6.151943074419174
15,2022-12-09 18:00:00,0.073645129559736,0.028715410504678705,0.03768816390140134,0.10846674529564432,0.14638303867413163,0.136,False,False,2000,1.8102428338052208,4.068245883063669,5.991833983269626
16,2022-12-10 00:00:00,0.09845933510998302,0.031015429703494798,0.04137793367055161,0.11559248019325473,0.16746075058788784,0.0795,False,False,2000,1.8304812628499414,5.378876971222757,6.314868255645768
17,2022-12-10 06:00:00,0.10366759883741371,0.030743515450715696,0.03963066103512079,0.1125514496655042,0.15510168766978452,0.065,False,False,2000,1.8344032354706394,5.651298298698022,6.1355893562097705
18,2022-12-10 12:00:00,0.11672971133383495,0.030810713637698328,0.04074806466574101,0.11452174913376925,0.16030767824484574,0.046,True,False,2000,1.821693421079761,6.407758296928276,6.286554466771334
19,2022-12-10 18:00:00,0.0850355659911571,0.028895836595694623,0.03913730145645927,0.10970201787522393,0.1616207265128329,0.103,False,False,2000,1.8317471305636217,4.642320141917841,5.98892805916224
20,2022-12-11 00:00:00,0.09164953145875729,0.02721934947715907,0.03766935594033598,0.10703864455323824,0.14852748755988232,0.082,False,False,2000,1.8372020987054585,4.988538360768039,5.826176914813047
21,2022-12-11 06:00:00,0.09567577169928623,0.029916651252119623,0.03943519666444377,0.11214240803826805,0.15449466496111855,0.084,False,False,2000,1.8784685544789776,5.0932857763926425,5.96988476442037
22,2022-12-11 12:00:00,0.09625273470933393,0.030881913374278362,0.040526961118002074,0.11169554496099299,0.16379618508003452,0.083,False,False,2000,1.8655884615288236,5.1593766092687,5.987148144637432
23,2022-12-11 18:00:00,0.10777761541413877,0.03254622486121633,0.041874287963797434,0.11867754711745539,0.16466614139316482,0.0705,False,False,2000,1.888728500160902,5.706358293685786,6.28346250439622
24,2022-12-12 00:00:00,0.13483230424288087,0.03132504198060792,0.04169498449839459,0.11524115090892649,0.15811823469606817,0.0265,True,False,2000,1.9034414085299876,7.083606757667985,6.05435766987576
25,2022-12-12 06:00:00,0.14497842520207488,0.03192982721532699,0.04204490988100139,0.11702790086327107,0.1634657281069171,0.017,True,False,2000,1.924874908489215,7.531836202065969,6.079766552472923
26,2022-12-12 12:00:00,0.14754074816310364,0.0305162652593895,0.04086572455388966,0.11332649980842734,0.15852573635612516,0.0175,True,False,2000,1.9499759704290196,7.566285451745479,5.811686991378363
27,2022-12-12 18:00:00,0.1594524384318968,0.029834328324594643,0.04099587797357865,0.1132734806849481,0.15807184002948244,0.01,True,True,2000,1.9489510773043592,8.181449000374052,5.8120227851803925
28,2022-12-13 00:00:00,0.1411335317593318,0.03116762540217463,0.040921059410042294,0.11389815689875514,0.1609282781775368,0.023,True,False,2000,1.9715196708766127,7.158616464454472,5.777175778728684
29,2022-12-13 06:00:00,0.15123230847952007,0.03148066159305883,0.040419002043365515,0.11163226460926388,0.15884200514921631,0.0135,True,False,2000,2.0009362665003705,7.55807723671403,5.579001514351493
30,2022-12-13 12:00:00,0.14694185961595854,0.03236353049048307,0.04191210464703845,0.12068617947843398,0.1676381859996072,0.0235,True,False,2000,1.9998312945878627,7.347712780254357,6.034818027152921
31,2022-12-13 18:00:00,0.14991442609606534,0.03275732472919442,0.04183356822967821,0.11834004674603107,0.16324256490326663,0.0155,True,False,2000,2.022441051493335,7.412548612251078,5.851347145997202
32,2022-12-14 00:00:00,0.13181385173286692,0.032316545454639876,0.040921907224621884,0.11725836564763915,0.15706589972003726,0.028,True,False,2000,2.0144521485214093,6.543409424225696,5.820856342192382
33,2022-12-14 06:00:00,0.1197616999322004,0.02996184141239067,0.04038530166528261,0.11386601566406888,0.1555270428816464,0.0375,True,False,2000,1.9941790053657273,6.005564175029333,5.7099194885559506
34,2022-12-14 12:00:00,0.1228535507524198,0.03122023565937202,0.04087643234616716,0.11699677080477446,0.1586079508679164,0.043,True,False,2000,2.000543491881047,6.141008743424245,5.848249302231672
35,2022-12-14 18:00:00,0.12726206164166848,0.03202420172655385,0.04122538861591859,0.11862506666703343,0.16030150901621787,0.038,True,False,2000,2.0015713117749225,6.358107797259393,5.926597067473001
36,2022-12-15 00:00:00,0.1425403592464734,0.033778778399835466,0.04261652220050704,0.1230875033957902,0.16722276420964055,0.026,True,False,2000,2.025400053720099,7.037639748486539,6.077194634695133
37,2022-12-15 06:00:00,0.14704808590562213,0.03328303772875461,0.041556709001244946,0.1176993872158288,0.15873636535594013,0.0185,True,False,2000,2.036960614159574,7.218995049950558,5.778186696279849
38,2022-12-15 12:00:00,0.15162094099033052,0.03156112909497139,0.04099445901430626,0.11611017212522376,0.16561067314482672,0.0175,True,False,2000,2.011400413516671,7.538078443826164,5.772603572364802
39,2022-12-15 18:00:00,0.15757139895742817,0.034237160097470326,0.04341389805303266,0.12266718482046107,0.1765001830402503,0.015,True,False,2000,2.007211672037328,7.85026318611891,6.111322813101888
40,2022-12-16 00:00:00,0.16203808349337553,0.031807880315116756,0.041701203371371516,0.11750957051283943,0.1676445286197421,0.0115,True,False,2000,2.0161369159542777,8.037057513858363,5.828451906363701
41,2022-12-16 06:00:00,0.15466767588739894,0.030237716575606862,0.03845665469335516,0.10753687621032794,0.15190905764503226,0.0085,True,True,2000,2.0074469882604973,7.7046954062494235,5.356897434363201
42,2022-12-16 12:00:00,0.17045601706845617,0.03347980298182461,0.04149802445762028,0.11861559902373776,0.1600229083873594,0.008,True,True,2000,1.9922525963789637,8.555944029299798,5.953843365009467
43,2022-12-16 18:00:00,0.1649978077474525,0.031996707901415844,0.04065473078806541,0.11847696650523537,0.15800213365389357,0.0075,True,True,2000,1.9697613257745716,8.376538090601928,6.0147879316620525
44,2022-12-17 00:00:00,0.1571782359390444,0.03401644147678065,0.04173104407389268,0.12150394715390483,0.1596951613614247,0.011,True,False,2000,1.974644917698775,7.959822777768968,6.1532048655868685
45,2022-12-17 06:00:00,0.1534904852500882,0.0329562896971903,0.040868720090608546,0.11427247081254002,0.16320935626285632,0.016,True,False,2000,1.9240669038617735,7.9773985479412985,5.939111087207259
46,2022-12-17 12:00:00,0.14940672238283362,0.033367587205038546,0.04255682226185756,0.11901169093942215,0.17467043441944582,0.0215,True,False,2000,1.910745989488557,7.819287503663677,6.228545897473144
47,2022-12-17 18:00:00,0.1531066430584897,0.03520830002328373,0.04259414027287212,0.12083378379323087,0.161948329098732,0.0155,True,False,2000,1.9390300187413911,7.896042948209228,6.231661326814482
48,2022-12-18 00:00:00,0.14794527610122682,0.035016272747610114,0.04235357106160565,0.11955888856865625,0.1598334506880481,0.017,True,False,2000,1.9232795593365086,7.692343808419867,6.2164071774309075
49,2022-12-18 06:00:00,0.14101730534049225,0.036593094217932,0.0433876201852319,0.12447625659898216,0.17146138822564502,0.027,True,False,2000,1.9288517269842729,7.310945852793488,6.453386481582942
50,2022-12-18 12:00:00,0.1461948038715514,0.039248237675464585,0.045556113844056355,0.1297559857324276,0.1794977114304239,0.03,True,False,2000,1.9354977513623641,7.5533440309422915,6.704011184776348
51,2022-12-18 18:00:00,0.15067455332895938,0.03704412101307699,0.04379744920639044,0.12209752245737479,0.17017262054592816,0.018,True,False,2000,1.927111298766085,7.818674169231178,6.3357794921109605
52,2022-12-19 00:00:00,0.14649731798433943,0.037388716900197336,0.04497721961983822,0.12858585999617933,0.18318065345753018,0.0295,True,False,2000,1.8517884076816282,7.911126205166645,6.943874335900188
53,2022-12-19 06:00:00,0.12781419733669655,0.03893565575707146,0.044609941293842825,0.12804905976040726,0.17377769084639905,0.051,False,False,2000,1.8338953010633388,6.969547130776039,6.982353882806787
54,2022-12-19 12:00:00,0.11126807535042542,0.037144798918160776,0.043980953578674556,0.12660517552050696,0.1679568022394758,0.081,False,False,2000,1.8188014236777152,6.11765934982805,6.960912492827524
55,2022-12-19 18:00:00,0.12375740253602774,0.03832120237607686,0.0441419254924486,0.12758303073311641,0.16584109951833256,0.0575,False,False,2000,1.8106534174324065,6.8349581065338105,7.046242505870355
56,2022-12-20 00:00:00,0.12352867346224444,0.03566324763929192,0.04412047503435018,0.12700688666094667,0.17842705723123253,0.0565,False,False,2000,1.8470942297296273,6.687729920542615,6.876037216549455
57,2022-12-20 06:00:00,0.1186195498861787,0.039238917200261035,0.0463784215839706,0.13449327414018644,0.1797335769804465,0.0745,False,False,2000,1.8134752148898339,6.54100750383758,7.41632822086056
58,2022-12-20 12:00:00,0.1077370107896331,0.03875893006463225,0.04476483541458936,0.12934695235105512,0.17175001079798988,0.089,False,False,2000,1.7829835837039147,6.04251277321486,7.254522898206038
59,2022-12-20 18:00:00,0.10372870891038927,0.03955406251291079,0.043887548100662914,0.12372923754803436,0.17250759782780326,0.0965,False,False,2000,1.7729242807673948,5.850712860985309,6.978822439866368
60,2022-12-21 00:00:00,0.11866901734796147,0.03964861286518494,0.04608244795284081,0.13031609954712414,0.1894010684814739,0.0745,False,False,2000,1.8195506707545925,6.5218858290298565,7.161993432866604
61,2022-12-21 06:00:00,0.11939630320623805,0.03803027523948838,0.04465572264238577,0.1303225735601903,0.16910067089413597,0.069,False,False,2000,1.823931532011444,6.546095679072284,7.145146145725641
62,2022-12-21 12:00:00,0.1312305369810992,0.04010235414305336,0.04598030456755751,0.1302143042318929,0.17966677817749316,0.0485,True,False,2000,1.7620285999522587,7.44769619429871,7.39002217304651
63,2022-12-21 18:00:00,0.1344792311904511,0.037315754481037515,0.04558944911620209,0.1271284397508611,0.18650186588732803,0.037,True,False,2000,1.7383730062654301,7.735924954297042,7.313070284263837
64,2022-12-22 00:00:00,0.13056522041636662,0.03734148214610396,0.04394814743434399,0.12670373833847043,0.16633685374429708,0.0465,True,False,2000,1.7809387026304924,7.3312585224588815,7.1144356709933785
65,2022-12-22 06:00:00,0.13753249207097815,0.038270921786268716,0.04402659237057645,0.12451629697793508,0.1790214580300786,0.0315,True,False,2000,1.766809546531411,7.784228489198569,7.047522310618293
66,2022-12-22 12:00:00,0.14478773765751948,0.037020301473920096,0.04306328157116355,0.12334531642177629,0.1721548637260697,0.0255,True,False,2000,1.7783087504474047,8.141878491071495,6.936102428261901
67,2022-12-22 18:00:00,0.1465214024818789,0.03716038455714094,0.04437735332902894,0.1296594213804284,0.17330183776627492,0.0255,True,False,2000,1.802125592792211,8.130476758551485,7.194804951387115
68,2022-12-23 00:00:00,0.12432354683391561,0.03693330229756535,0.04426659116590473,0.12806326813197327,0.169195549982867,0.054,False,False,2000,1.8048636856455682,6.888251330152241,7.09545375368153
69,2022-12-23 06:00:00,0.13055024777570007,0.037914263843244936,0.044210211136831414,0.12713684455790053,0.17149940143598297,0.046,True,False,2000,1.787702023363749,7.302685015149005,7.111746974402323
70,2022-12-23 12:00:00,0.127224861668574,0.03491545275406776,0.04243777178434817,0.1202768696476633,0.16753416451991757,0.0415,True,False,2000,1.785480147119664,7.125526535470758,6.736387959378541
71,2022-12-23 18:00:00,0.1237727667223925,0.03708674120729083,0.04321150229306315,0.12387915629686569,0.17071763220617567,0.051,False,False,2000,1.8320850486036253,6.755841756185356,6.761648777783741
72,2022-12-24 00:00:00,0.1298274384817182,0.03855749610210855,0.04636573920819455,0.13414786548338345,0.17895593108240013,0.059,False,False,2000,1.9161429723992056,6.775456756191897,7.00093194587754
73,2022-12-24 06:00:00,0.1329971148253877,0.0372090419256666,0.04433091433692567,0.12337803463825296,0.17672252048170448,0.036,True,False,2000,1.8808524306692314,7.07110843236466,6.559687119863704
74,2022-12-24 12:00:00,0.13185061723730285,0.03413376030436679,0.042679166595275195,0.1200894898750195,0.16435198226248268,0.035,True,False,2000,1.8581414484946865,7.095833169434834,6.462882035827043
75,2022-12-24 18:00:00,0.11833865234685323,0.0343467193690277,0.04173283177366429,0.12008530504691692,0.16368817539128466,0.0525,False,False,2000,1.8574130245592038,6.371154438035506,6.4651912880505
76,2022-12-25 00:00:00,0.12864505679748717,0.03372631492181181,0.04197980767482564,0.11696782420583887,0.16630301177319282,0.036,True,False,2000,1.8682561036820509,6.885836291070971,6.260802465749365
77,2022-12-25 06:00:00,0.11158968058153217,0.03489457917146401,0.043484276194560474,0.12374333306878188,0.16737737230153682,0.072,False,False,2000,1.8830298864745396,5.926070604776934,6.571501278742716
78,2022-12-25 12:00:00,0.07815356470730671,0.03272337046046605,0.04196243899532137,0.11938211711512162,0.16350528135031356,0.1565,False,False,2000,1.8931065215923373,4.128323674125314,6.306148954296901
79,2022-12-25 18:00:00,0.11381200745364488,0.03469693119991137,0.04163059612871194,0.11875578067078255,0.16231161161006122,0.0575,False,False,2000,1.9022566349557637,5.982999631187594,6.242889549629258
80,2022-12-26 00:00:00,0.12781129927575427,0.035731448480729226,0.043689486817599564,0.1218021327567463,0.17719912043704467,0.0425,True,False,2000,1.928750261331182,6.6266380794961846,6.3150805575357944
81,2022-12-26 06:00:00,0.12451999489943136,0.03566298996543379,0.04332220263329971,0.1215731446011995,0.1718453650139825,0.046,True,False,2000,1.9128200538017452,6.509760008629503,6.355702114246026
82,2022-12-26 12:00:00,0.14599395601929158,0.0352299100518732,0.04307618971855713,0.12122636861836524,0.169549071509162,0.0235,True,False,2000,1.9274340523454405,7.574524059157076,6.289520955118971
83,2022-12-26 18:00:00,0.14481972684682998,0.034604586030251655,0.042678605298069563,0.12185427953083544,0.16525511105354584,0.0255,True,False,2000,1.919681590192716,7.543945182716034,6.3476297399196575
84,2022-12-27 00:00:00,0.1586990618914181,0.03486369697484923,0.042959993749392654,0.12492044790992339,0.15950144599501573,0.0125,True,False,2000,1.929347205284542,8.225531488408953,6.47475205954441
85,2022-12-27 06:00:00,0.15862521687635547,0.032885318991279305,0.041383381831456414,0.11835902681985958,0.15894817282154683,0.0105,True,False,2000,1.9255160261011288,8.238062666117973,6.146873109101992
86,2022-12-27 12:00:00,0.1490967051582174,0.034278318999278086,0.04116876168487939,0.11489272609080968,0.16031807509775717,0.014,True,False,2000,1.9368137696844476,7.698040332628818,5.9320481860023335
87,2022-12-27 18:00:00,0.15276892423392183,0.03606394364016924,0.042730193825456474,0.12220794781898323,0.16210261670066092,0.0175,True,False,2000,1.924244472644754,7.939163989072057,6.350957456617559
88,2022-12-28 00:00:00,0.1419635104807101,0.03461659356167976,0.043075053225952585,0.12035204695708077,0.1736875812374615,0.0245,True,False,2000,1.8853746667346842,7.529724090680574,6.383455186948106
89,2022-12-28 06:00:00,0.14302298586134732,0.034260756311695006,0.04257959096927433,0.12126155887793204,0.1670577214406605,0.0215,True,False,2000,1.901035529524978,7.5234251880124114,6.378710812850106
90,2022-12-28 12:00:00,0.18837438312956795,0.033366234260592605,0.04241975164547194,0.12020712590020978,0.16100744149919208,0.003,True,True,2000,1.895307234623489,9.938989293574313,6.34235567217098
91,2022-12-28 18:00:00,0.17011649612870083,0.03235441282845787,0.0409106425872585,0.11575589781254596,0.16751009355686786,0.009,True,True,2000,1.882091096400191,9.038696185008082,6.150387621191566
92,2022-12-29 00:00:00,0.16621450504340005,0.029835988081834408,0.040474373393277904,0.11513023018155752,0.15719100518710794,0.007,True,True,2000,1.8687411747567009,8.894463679007886,6.160844087814718
93,2022-12-29 06:00:00,0.14938477274830314,0.030017548760339758,0.0404385344662729,0.11453496214628758,0.1567862219082018,0.0135,True,False,2000,1.8540196086886729,8.057345890422448,6.177656461103822
94,2022-12-29 12:00:00,0.13827881904687675,0.028131150353943084,0.03912819409982556,0.1079728917082878,0.155003119366494,0.021,True,False,2000,1.845070317122716,7.494501307815457,5.851966220814039
95,2022-12-29 18:00:00,0.1327606710099493,0.029514636550448423,0.03895895321588704,0.11114518870250494,0.15275758657859545,0.0215,True,False,2000,1.8345064166407545,7.236860542197132,6.058588168147582
96,2022-12-30 00:00:00,0.14944829513520602,0.031368275680630484,0.04063401467668427,0.11580333161614784,0.15683058324766497,0.0155,True,False,2000,1.8329795062424454,8.153298748089698,6.317764667949905
97,2022-12-30 06:00:00,0.11514460924263858,0.03047028741446151,0.03964166113696042,0.11214595427504791,0.15971436061905897,0.042,True,False,2000,1.7851919211990375,6.449984893797908,6.282011079219103
98,2022-12-30 12:00:00,0.10954629407907958,0.030644019666374697,0.03914142237164082,0.10991907287869522,0.1552412996030003,0.0515,False,False,2000,1.7659656804400654,6.203194959699413,6.224304022222233
99,2022-12-30 18:00:00,0.08826886516822036,0.028877296166695487,0.038968002597505796,0.11127638096206727,0.15253534229452995,0.092,False,False,2000,1.7692765792300462,4.988980592657436,6.289371727878325
100,2022-12-31 00:00:00,0.06484110436039527,0.028332171524753542,0.03775440416163571,0.10881072683754434,0.1464885304255657,0.178,False,False,2000,1.7795976463103134,3.6435822723654434,6.114344276816981
101,2022-12-31 06:00:00,0.04733531087000477,0.029853432591898182,0.040540745301219754,0.11362942566308588,0.16628223311194246,0.272,False,False,2000,1.8074329867806493,2.6189248075148357,6.286784987004113
102,2022-12-31 12:00:00,0.03047408486151404,0.029660036384632802,0.03934370403622253,0.10960661961815962,0.14722008366503753,0.36,False,False,2000,1.793150220685135,1.699471941055243,6.1125174206698984
103,2022-12-31 18:00:00,0.01787571975043868,0.02919923390453865,0.03858194676275397,0.10895313785991567,0.1465823769971508,0.434,False,False,2000,1.784837843521719,1.0015318655036776,6.10437179239414
104,2023-01-01 00:00:00,0.005246765132968128,0.027860317315016245,0.03774649990191898,0.10545864862734605,0.1473746778334105,0.514,False,False,2000,1.788806076146982,0.2933110079919593,5.895476878885599
105,2023-01-01 06:00:00,0.013491173492773048,0.027738879777614488,0.03817725371908616,0.10640136478821477,0.1499747665799146,0.447,False,False,2000,1.7868986746912505,0.7550049526509455,5.95452704147309
106,2023-01-01 12:00:00,0.022767290674626166,0.0283174850969658,0.039163689316843414,0.11172166742651711,0.15681330916860822,0.3965,False,False,2000,1.814668423441162,1.2546253839284025,6.156588497564691
107,2023-01-01 18:00:00,0.020909643817160397,0.02807745391486511,0.03927303735228474,0.10794661762452375,0.15934553969884702,0.4115,False,False,2000,1.78244018497949,1.1730909117380002,6.056114451086944
108,2023-01-02 00:00:00,0.02395179821889742,0.028366325516767397,0.038314056312429366,0.10744734723647771,0.15436538467206157,0.4005,False,False,2000,1.782841433194097,1.3434620585402224,6.026747260634254
109,2023-01-02 06:00:00,0.027736155792993423,0.028412377940496034,0.037842746769675056,0.10646226132935568,0.1496324242773447,0.372,False,False,2000,1.774624618232313,1.562930859181991,5.999142592499463
110,2023-01-02 12:00:00,0.022650310159332585,0.029555415715171302,0.0406156060502411,0.11292194042922352,0.15979954113559253,0.4125,False,False,2000,1.780899207708674,1.2718468322794496,6.34072607480747
111,2023-01-02 18:00:00,0.03387449021991158,0.029372716831554804,0.040721406943473225,0.11567392438191047,0.16070692639458695,0.322,False,False,2000,1.7736026562962597,1.9099255461564466,6.521975143151145
112,2023-01-03 00:00:00,0.023560935200993054,0.02955769638077745,0.039363160537866426,0.11107726564285492,0.1520853573782119,0.4125,False,False,2000,1.7647776257822396,1.3350653848271474,6.294122501333266
113,2023-01-03 06:00:00,0.037718373691659736,0.028762022104030102,0.04029194524878488,0.11068380936372049,0.16232972642992072,0.303,False,False,2000,1.780191575406569,2.118781720615964,6.21752236629038
114,2023-01-03 12:00:00,0.05317495722767474,0.030112847541436304,0.04167291844272276,0.11517649309186832,0.16804878527092493,0.237,False,False,2000,1.7744533513131648,2.9966951336490864,6.490815495748774
115,2023-01-03 18:00:00,0.05534863241390917,0.029074249844210705,0.03941755004900628,0.10939228998405777,0.15674513437053594,0.218,False,False,2000,1.7664207056055308,3.1333776963928655,6.192878606829848
116,2023-01-04 00:00:00,0.03433079245631879,0.02659991265534272,0.038101608013178336,0.1075383646704584,0.14809319922119285,0.3025,False,False,2000,1.7533132183203213,1.9580524516439668,6.133437171795262
117,2023-01-04 06:00:00,0.026778962433080845,0.02774887410673476,0.0400356202726636,0.11246978416697886,0.1581643705730404,0.351,False,False,2000,1.6917254944928175,1.5829378064145818,6.648228955176768
118,2023-01-04 12:00:00,0.024239436359697376,0.028540651962550505,0.039559180218473794,0.11110322012406136,0.15599752382964902,0.384,False,False,2000,1.6158083968362793,1.500142987693201,6.87601452880176
119,2023-01-04 18:00:00,0.009071850197674173,0.028387054779713653,0.039356680710720446,0.1129103003423461,0.1568791336287625,0.4915,False,False,2000,1.5561419800418408,0.5829705974149129,7.255783970258949
120,2023-01-05 00:00:00,0.011218648315550682,0.029715210344263127,0.040487988092728536,0.11491262553463574,0.16086605589893144,0.486,False,False,2000,1.4992558168647658,0.7482811264998823,7.664644301660292
121,2023-01-05 06:00:00,0.0005365199394967108,0.029582570805798757,0.04037418969292429,0.11185074778472032,0.15852406581266837,0.551,False,False,2000,1.49348207380556,0.03592409637228506,7.489259479339585
122,2023-01-05 12:00:00,0.005856149713281705,0.029054935152243524,0.040350398394172586,0.10934702025151041,0.1671451648715584,0.51,False,False,2000,1.4843736249067987,0.3945199251064167,7.366542925361943
123,2023-01-05 18:00:00,0.025900953972904036,0.02937694903448001,0.041577310232382814,0.11512789443037359,0.1683441181652412,0.3705,False,False,2000,1.4733986125880765,1.7579054134853636,7.813764275788708
124,2023-01-06 00:00:00,0.010293480368868194,0.026239403679897,0.03886415904356948,0.10753141329422598,0.15084396734929664,0.446,False,False,2000,1.4581242639986929,0.7059398586948843,7.374639867752888
125,2023-01-06 06:00:00,0.0050433489026169565,0.024950442458284663,0.03716246842968969,0.10284857742623159,0.1506269067460581,0.461,False,False,2000,1.4783877106534897,0.3411384487488503,6.95680684336652
126,2023-01-06 12:00:00,0.0,0.02616193778989437,0.039162628886547986,0.10944005012959909,0.1619817779758476,1.0,False,False,2000,1.4722892104286913,0.0,7.433325555495518
127,2023-01-06 18:00:00,0.0,0.025051740462366322,0.03787439998649512,0.10911456009549302,0.15338591380389882,1.0,False,False,2000,1.4728371678107526,0.0,7.408460519616201
128,2023-01-07 00:00:00,0.0,0.026389682892675865,0.03831837530216754,0.10812385452755184,0.15021302276780324,1.0,False,False,2000,1.4409977979253579,0.0,7.503401787512831
129,2023-01-07 06:00:00,0.0,0.02453261010416722,0.03665739829926883,0.10445194498574134,0.14297707673030927,1.0,False,False,2000,1.4569807235413026,0.0,7.16906842335312
130,2023-01-07 12:00:00,0.004998868065295085,0.023938362424448606,0.036589384754065236,0.10229749898189977,0.14645368822143084,0.4525,False,False,2000,1.4902598698051246,0.33543599788060907,6.864406742380898
131,2023-01-07 18:00:00,0.0,0.023838490731822936,0.03705298651413793,0.10300616651379325,0.15447451211387841,1.0,False,False,2000,1.4601828532838006,0.0,7.054333385859382
132,2023-01-08 00:00:00,0.0,0.025139458216824884,0.039459605651679025,0.10987626061476073,0.16067886669595066,1.0,False,False,2000,1.4695865098829652,0.0,7.476678635510273
133,2023-01-08 06:00:00,0.0,0.022859392097029342,0.03579164344467018,0.10024476977809496,0.14077366271537683,1.0,False,False,2000,1.430785942858584,0.0,7.0062730402435145
134,2023-01-08 12:00:00,0.0,0.02237331391999218,0.03528098445293336,0.10015095975777887,0.14206472117206573,1.0,False,False,2000,1.4033865722591587,0.0,7.136377227591452
135,2023-01-08 18:00:00,0.0,0.023430214664227553,0.03596032182304548,0.09888819288762059,0.1464155658065113,1.0,False,False,2000,1.3869161836907924,0.0,7.130077076789474
136,2023-01-09 00:00:00,0.0,0.022287752962337735,0.03562826853313453,0.1016861581460883,0.14819838443845193,1.0,False,False,2000,1.4404094874117255,0.0,7.059531267654197
137,2023-01-09 06:00:00,0.0,0.023715604659989026,0.03662387172483907,0.10273631754744882,0.1546850652183077,1.0,False,False,2000,1.4489771008718833,0.0,7.090265090154288
138,2023-01-09 12:00:00,0.0,0.023852354213799568,0.03689988451470776,0.10007282973888819,0.158251314368764,1.0,False,False,2000,1.445476528631091,0.0,6.9231722381310545
139,2023-01-09 18:00:00,0.0,0.02215237579653951,0.03575591117300132,0.09674346469993468,0.1436410969401397,1.0,False,False,2000,1.412297221053348,0.0,6.850078245412075
140,2023-01-10 00:00:00,0.0,0.02238070107042321,0.03564200012681262,0.096685931902767,0.14499895580464306,1.0,False,False,2000,1.4032014528366974,0.0,6.890381399428266
141,2023-01-10 06:00:00,0.0,0.02470276502739074,0.036995935652620375,0.10484518242930106,0.14661242894989882,1.0,False,False,2000,1.379455951801636,0.0,7.600473381724744
142,2023-01-10 12:00:00,0.0,0.025751079348704783,0.03952030298273216,0.11020036752013262,0.16505550901865684,1.0,False,False,2000,1.3520665560143015,0.0,8.15051352538351
143,2023-01-10 18:00:00,0.0,0.026719549121900447,0.03914074966309044,0.11079021959140412,0.15321260137912096,1.0,False,False,2000,1.3438538025087774,0.0,8.244216698615212
144,2023-01-11 00:00:00,0.0,0.02588441485249267,0.03883350409383944,0.11074933351214145,0.1530654258615825,1.0,False,False,2000,1.2945469727929737,0.0,8.555064886768902
145,2023-01-11 06:00:00,0.0,0.024467203399640737,0.03770401212534949,0.10466382589280933,0.15067093632470335,1.0,False,False,2000,1.296730548878354,0.0,8.071362703943501
146,2023-01-11 12:00:00,0.0,0.02569567897501986,0.03898458737856106,0.11275328738335068,0.15493334767236225,1.0,False,False,2000,1.2574123716334829,0.0,8.967089073322446
147,2023-01-11 18:00:00,0.0,0.026238425405032892,0.04056076410173219,0.11333048482713118,0.17147713939226975,1.0,False,False,2000,1.216968161865133,0.0,9.312526685450848
148,2023-01-12 00:00:00,0.0,0.02548000996055755,0.0374435782445369,0.10285585284518849,0.14525568391357538,1.0,False,False,2000,1.2387682925113306,0.0,8.303074389857915
149,2023-01-12 06:00:00,0.0,0.026289114229053386,0.038198081716852024,0.10744112778717371,0.14903608623302755,1.0,False,False,2000,1.1866680915100165,0.0,9.054016751259955
150,2023-01-12 12:00:00,0.0,0.02549209796851161,0.03834268933624394,0.10686336627521326,0.1544533068739768,1.0,False,False,2000,1.1706297237117118,0.0,9.128707746834065
151,2023-01-12 18:00:00,0.0,0.024447403497151507,0.03794453383320946,0.10739478857559687,0.16400072854234335,1.0,False,False,2000,1.1862315469354432,0.0,9.053442294048304
152,2023-01-13 00:00:00,0.0,0.02756767248035967,0.04109629469315565,0.11533525764638215,0.16866413832808638,1.0,False,False,2000,1.1684791352489325,0.0,9.870544896106438
153,2023-01-13 06:00:00,0.0,0.02651890137423966,0.040263167836413594,0.11379454018891492,0.16522768719356412,1.0,False,False,2000,1.1382684282963484,0.0,9.997162124511503
154,2023-01-13 12:00:00,0.0,0.025117521519955797,0.03853481374418271,0.1056103692493371,0.15507532760764117,1.0,False,False,2000,1.138675096918705,0.0,9.274846664788095
155,2023-01-13 18:00:00,0.0,0.023823283334035723,0.03724582570878557,0.10308719703326209,0.15271988202795223,1.0,False,False,2000,1.1347900098818051,0.0,9.08425313367001
156,2023-01-14 00:00:00,0.0,0.025917129968992834,0.04017627945361508,0.11138301709951387,0.16141532599449895,1.0,False,False,2000,1.1561544508662644,0.0,9.63392192246102
157,2023-01-14 06:00:00,0.0,0.02677035607158638,0.04013444302061436,0.11408593532699943,0.15708605555728336,1.0,False,False,2000,1.1419123301323177,0.0,9.990778829210107
158,2023-01-14 12:00:00,0.0,0.023954286316206476,0.03673873875688043,0.10687906388280444,0.14623597351815404,1.0,False,False,2000,1.132289417628122,0.0,9.43920010368822
159,2023-01-14 18:00:00,0.0,0.02364296110424701,0.035978865913779086,0.09883414345183388,0.15098137762915562,1.0,False,False,2000,1.1245520895490941,0.0,8.788756374234554
160,2023-01-15 00:00:00,0.0,0.02472143004353959,0.03709967835822114,0.10369636368615685,0.1487758216630803,1.0,False,False,2000,1.0538295401906046,0.0,9.839956058491342
161,2023-01-15 06:00:00,0.0,0.02521800750600447,0.037820628508930094,0.10877522330959402,0.15391115827996307,1.0,False,False,2000,1.0190246856290945,0.0,10.6744443823205
162,2023-01-15 12:00:00,0.0,0.022704619913902966,0.03710309321406885,0.10407827632071837,0.14699217086010316,1.0,False,False,2000,1.0072105007697578,0.0,10.333319225839766
163,2023-01-15 18:00:00,0.0,0.02320508674959836,0.03722621304882602,0.10139482520899719,0.1553080885672349,1.0,False,False,2000,1.0342670771946494,0.0,9.803543731085492
164,2023-01-16 00:00:00,0.0,0.023938472202733246,0.03738628575474198,0.10730087971045464,0.1485539421914451,1.0,False,False,2000,1.0437041317165956,0.0,10.280775600071191
165,2023-01-16 06:00:00,0.0,0.023801773298267857,0.03615794590692483,0.1040932835780877,0.14649244591437097,1.0,False,False,2000,0.9730070811069138,0.0,10.698101339578017
166,2023-01-16 12:00:00,0.0,0.024099388828849214,0.03790161808920522,0.10669132152365186,0.15610084990561088,1.0,False,False,2000,0.9748187262033009,0.0,10.944734508659932
167,2023-01-16 18:00:00,0.0,0.025053418281244723,0.03936305813769339,0.10881709658002774,0.15859092776169845,1.0,False,False,2000,0.9182421049960242,0.0,11.850588857553955
168,2023-01-17 00:00:00,0.0,0.02424283237911217,0.03846503926136194,0.10603170096304824,0.16352484347599333,1.0,False,False,2000,0.9196956065680518,0.0,11.528999399999043
169,2023-01-17 06:00:00,0.0,0.024045697862325875,0.03666954389962639,0.10162742679753521,0.14563337456642353,1.0,False,False,2000,0.9287471250046119,0.0,10.942421684161936
170,2023-01-17 12:00:00,0.0,0.022428682583218687,0.03568008038198017,0.09973806708006414,0.15425186182725242,1.0,False,False,2000,0.9833457121835154,0.0,10.142726595979774
171,2023-01-17 18:00:00,0.0,0.02361844026795076,0.037527636373952955,0.10728203094448145,0.15236609945079355,1.0,False,False,2000,0.965124803125308,0.0,11.115871294269532
172,2023-01-18 00:00:00,0.0,0.02215567041311923,0.03577264123744081,0.09917326826576621,0.15168100466877066,1.0,False,False,2000,0.9776436324235084,0.0,10.144112330576203
173,2023-01-18 06:00:00,0.0,0.023220884883640464,0.037005629893448216,0.10448919322240659,0.1505031322100642,1.0,False,False,2000,0.9637352312914238,0.0,10.842105780691346
174,2023-01-18 12:00:00,0.0,0.0225482330542064,0.03507741126957933,0.09800812430103079,0.14030378996834095,1.0,False,False,2000,1.0069492439543768,0.0,9.733174227942651
175,2023-01-18 18:00:00,0.0,0.021401602419788005,0.03588476443444789,0.09830580767038204,0.15383190232240848,1.0,False,False,2000,1.0172172567212383,0.0,9.66418992804426
176,2023-01-19 00:00:00,0.0,0.021956676879302382,0.03483321830376685,0.09503747142389449,0.14144921899268653,1.0,False,False,2000,0.999278674608242,0.0,9.510607384987281
177,2023-01-19 06:00:00,0.00994176660346577,0.02356376625890479,0.036000496141076414,0.10011894745630794,0.1440360748223175,0.409,False,False,2000,0.9933837639702979,1.0007981773057273,10.078576989839092
178,2023-01-19 12:00:00,0.020498319489753686,0.024723277673480495,0.03826944553996369,0.10489206325419874,0.1574407143445339,0.355,False,False,2000,0.9630885515480094,2.128394056476525,10.891216917240026
179,2023-01-19 18:00:00,0.009435267678313347,0.024788648748166185,0.03817541544391399,0.10699069741199156,0.14657408845743738,0.4115,False,False,2000,0.9882894449538043,0.9547069157208676,10.825846411522956
180,2023-01-20 00:00:00,0.01475185628674355,0.024739279378212117,0.037502393746390965,0.10611569044397508,0.15530976448457123,0.392,False,False,2000,0.9869508477559513,1.4946900669151986,10.751871857170224
181,2023-01-20 06:00:00,0.028941495128597568,0.022388407643076327,0.03562681959751599,0.09856969037857406,0.15004846788504964,0.2865,False,False,2000,0.9898589489588429,2.9237999170527194,9.957953149006936
182,2023-01-20 12:00:00,0.020365808306886782,0.023671849315080293,0.03806615458708708,0.10301822419937254,0.15908773083805708,0.3375,False,False,2000,0.9889626602849652,2.0593101362409847,10.416796137650767
183,2023-01-20 18:00:00,0.016576197872047123,0.02314437387454529,0.03676003754760916,0.09944056585529336,0.1554211745481393,0.3585,False,False,2000,0.9671174688828328,1.7139797806770198,10.2821600327582
184,2023-01-21 00:00:00,0.016222816304084255,0.024148236891872208,0.03842544871008966,0.10545938953064235,0.16708471176028952,0.366,False,False,2000,0.9441589664978389,1.7182293321070088,11.169664566320012
185,2023-01-21 06:00:00,0.0,0.024759590569904608,0.03842875839543101,0.10602130616236834,0.15287882445138018,1.0,False,False,2000,0.9347408602565426,0.0,11.342320708358727
186,2023-01-21 12:00:00,0.008872021402384614,0.023881456819102625,0.03657820434269509,0.10173833699676665,0.15094922097026683,0.421,False,False,2000,0.9369143565790417,0.9469404903537879,10.858872668815128
187,2023-01-21 18:00:00,0.0,0.024697902366734536,0.03786399980597876,0.10669475260748013,0.16088055790400324,1.0,False,False,2000,0.938450795804612,0.0,11.36924312755277
188,2023-01-22 00:00:00,0.0,0.025809249254507872,0.04002498717632957,0.11098792749317139,0.16194893847755457,1.0,False,False,2000,0.9279978954487017,0.0,11.959933103027886
189,2023-01-22 06:00:00,0.0,0.025994700235868005,0.03890284328058123,0.10969873579282048,0.15121848835803967,1.0,False,False,2000,0.9602174862923271,0.0,11.424363475861965
190,2023-01-22 12:00:00,0.0,0.025935032765527624,0.03886295537266609,0.11028762434096674,0.14933787154985345,1.0,False,False,2000,0.9611318990982664,0.0,11.474764748151483
191,2023-01-22 18:00:00,0.0,0.02644313509713016,0.03965797196353663,0.11215826083639313,0.1675123243944958,1.0,False,False,2000,0.9669145764017708,0.0,11.599603891977042
192,2023-01-23 00:00:00,0.0,0.02596130093328702,0.04025976684081133,0.11375544286344152,0.16715013614097832,1.0,False,False,2000,0.9406690897472693,0.0,12.093035064435288
193,2023-01-23 06:00:00,0.0,0.0265138363738418,0.039206254893485726,0.11239389430807789,0.15895233144206294,1.0,False,False,2000,0.905904561565224,0.0,12.406814037218608
194,2023-01-23 12:00:00,0.0,0.02670845460681405,0.039653664213425706,0.11135739158186425,0.16224729193359136,1.0,False,False,2000,0.9224450552114449,0.0,12.071980976291174
195,2023-01-23 18:00:00,0.0,0.026411895003386598,0.039556396132573245,0.11260794826522,0.16454369212937428,1.0,False,False,2000,0.9119692987998047,0.0,12.347778419012291
196,2023-01-24 00:00:00,0.0043580556558955085,0.02483644016079719,0.038729775190926324,0.1068472946756416,0.1558676076132095,0.4575,False,False,2000,0.8869439237166624,0.49135639123987124,12.04667982028753
197,2023-01-24 06:00:00,0.0,0.024838596197713295,0.03836230524592242,0.10511293058672902,0.1638020725353409,1.0,False,False,2000,0.887286474920607,0.0,11.846560672091206
198,2023-01-24 12:00:00,0.0,0.024317814012758027,0.03816196430037779,0.10642096715419302,0.1624532829671253,1.0,False,False,2000,0.8655351438693658,0.0,12.29539527169737
199,2023-01-24 18:00:00,0.0,0.024477823830013356,0.036897460564194774,0.10332908844318789,0.14251662071391719,1.0,False,False,2000,0.8336932498263476,0.0,12.394137587741128
200,2023-01-25 00:00:00,0.0,0.025330187552556224,0.03758101652811554,0.10681933757286766,0.1406079847949561,1.0,False,False,2000,0.8224778268446478,0.0,12.987503624586347
201,2023-01-25 06:00:00,0.0,0.027333571125630552,0.040397389355967386,0.11498053536763714,0.16141829819521292,1.0,False,False,2000,0.8356310820813744,0.0,13.759724576214394
202,2023-01-25 12:00:00,0.0,0.031081539735005173,0.04351629845950425,0.12336435295287287,0.17540329018221895,1.0,False,False,2000,0.8296742666942718,0.0,14.869010394211928
203,2023-01-25 18:00:00,0.0,0.027369308592495152,0.04074393753761119,0.11479118020490858,0.1661440211851332,1.0,False,False,2000,0.8387858346354827,0.0,13.6853980438039
204,2023-01-26 00:00:00,0.0,0.02883904417310629,0.04175700658729847,0.1152056637956245,0.17103886709985078,1.0,False,False,2000,0.8400699831881734,0.0,13.71381743201968
205,2023-01-26 06:00:00,0.0,0.02787877868848696,0.04150434398996626,0.11689668751005824,0.16689431611908626,1.0,False,False,2000,0.8488091622463181,0.0,13.771845629080955
206,2023-01-26 12:00:00,0.0,0.02897129529956588,0.04177512965532468,0.11790422444076443,0.1620488862351528,1.0,False,False,2000,0.9045961682130497,0.0,13.033907127163038
207,2023-01-26 18:00:00,0.0,0.03000457809111175,0.04403863848343738,0.12004624198871727,0.1813515759198164,1.0,False,False,2000,1.002715760151287,0.0,11.972110817387074
208,2023-01-27 00:00:00,0.0,0.03190337056564849,0.04499599009878487,0.12379771601590225,0.18295036192019665,1.0,False,False,2000,1.0182694310267946,0.0,12.157658105386517
209,2023-01-27 06:00:00,0.0,0.02949681620991794,0.042347541600364934,0.11909678399739906,0.17056419874221349,1.0,False,False,2000,1.0059968439389197,0.0,11.83868366138037
210,2023-01-27 12:00:00,0.0,0.030920518252531694,0.0433242223113419,0.12133197697251812,0.1769477560075852,1.0,False,False,2000,1.0176556582789769,0.0,11.922694674317484
211,2023-01-27 18:00:00,0.0,0.03078245025435529,0.04258761233692112,0.11887805785085051,0.16764767971145741,1.0,False,False,2000,1.037888276833625,0.0,11.453839541720425
212,2023-01-28 00:00:00,0.0,0.030042115807181722,0.0415588409691076,0.11860881425258749,0.1671152335850173,1.0,False,False,2000,1.038720315464412,0.0,11.41874405330731
213,2023-01-28 06:00:00,0.0,0.030024522754768652,0.04113352318256269,0.11812295455616194,0.16043491044825092,1.0,False,False,2000,1.0708264380802466,0.0,11.031008420741843
214,2023-01-28 12:00:00,0.015519924646109184,0.03129422119849537,0.04277994912349687,0.11965818060855901,0.16527534070382838,0.4545,False,False,2000,1.0803879549452677,1.4365140387829871,11.075482659802596
215,2023-01-28 18:00:00,0.0,0.030892683273037066,0.04341713663645695,0.11803685254036723,0.18108456732321523,1.0,False,False,2000,1.052884394289184,0.0,11.210808440185446
216,2023-01-29 00:00:00,0.004415080312490329,0.03223264425242745,0.04417382815440162,0.12450986825430442,0.18088034943708906,0.5195,False,False,2000,1.0659866373567153,0.4141778290427943,11.680246627016507
217,2023-01-29 06:00:00,0.002417471285229175,0.03239860999467851,0.04348295368242644,0.12175197460986995,0.17234589954245183,0.543,False,False,2000,1.0914841443076382,0.22148478270040753,11.154717660795791
218,2023-01-29 12:00:00,0.0011688638086109898,0.031036520592366564,0.04211411988833918,0.11939949701673343,0.17191878382657844,0.5505,False,False,2000,1.0693167879474865,0.10930940407796086,11.165961141030646
219,2023-01-29 18:00:00,0.020665004777747555,0.0319162497655661,0.043289415475606954,0.12580402605180205,0.17108785526720421,0.4275,False,False,2000,1.0480264009083586,1.9718019278747674,12.003898560452637
220,2023-01-30 00:00:00,0.04502727540526935,0.035097417191923413,0.04557047514170566,0.1243828162678596,0.18067983751684272,0.3265,False,False,2000,1.0358912015147737,4.346718587765434,12.007324329618383
221,2023-01-30 06:00:00,0.03937881278034697,0.030221099842260984,0.041753746043766665,0.11709398899519988,0.16239908792586902,0.3105,False,False,2000,1.0252220985620493,3.841003118795303,11.421329013433573
222,2023-01-30 12:00:00,0.025437302111755503,0.03217504802631036,0.04260446519064738,0.12100076281522833,0.1669531376139052,0.405,False,False,2000,0.9969649428941685,2.551474080714568,12.136912504061138
223,2023-01-30 18:00:00,0.02426485492418706,0.029703369862480122,0.04223392131894888,0.116665919093362,0.1683346438465716,0.3905,False,False,2000,1.0007577082690904,2.424648316339779,11.657758729148064
224,2023-01-31 00:00:00,0.0372376420418099,0.03032375391712753,0.041574673557732825,0.12022975551544313,0.1664790009026705,0.3265,False,False,2000,1.0211811357817777,3.646526628530223,11.773597386657537
225,2023-01-31 06:00:00,0.022619340068290257,0.02919955213210933,0.041818338353782694,0.11801632686767283,0.16060446692153083,0.388,False,False,2000,1.0007565958591085,2.260223930762353,11.79271037093297
226,2023-01-31 12:00:00,0.054992623326041705,0.029723806345562154,0.04081168376229097,0.11634698238267294,0.15713529321582445,0.2255,False,False,2000,1.0336502518280033,5.320235082300578,11.255933249850624
227,2023-01-31 18:00:00,0.0708346681251612,0.02757272452668839,0.04017987914080327,0.11339460937533516,0.15785499420429844,0.1505,False,False,2000,1.0362701525794566,6.835540708071288,10.94257217512984
228,2023-02-01 00:00:00,0.0598004564560661,0.030364338112419006,0.042602302525192474,0.12150898977989363,0.17487568711765245,0.209,False,False,2000,1.0650283761774717,5.614916728387828,11.408990830460832
229,2023-02-01 06:00:00,0.05300872468479096,0.028355262362809226,0.039604495919468526,0.11230928737587136,0.15768328523404707,0.2245,False,False,2000,1.0785497046927672,4.914815186926493,10.412991342653372
230,2023-02-01 12:00:00,0.07006862586848969,0.03066311550971107,0.04237772145665566,0.11881045863070468,0.1696013958608688,0.163,False,False,2000,1.0761396459202486,6.511109049288051,11.040431330741027
231,2023-02-01 18:00:00,0.075537397474987,0.02847601146233171,0.03932292313599659,0.11084055155138535,0.15818524666144554,0.1335,False,False,2000,1.1086100077748444,6.813703371359827,9.998155417508801
232,2023-02-02 00:00:00,0.09086409902963806,0.029983469622112617,0.04217468370914375,0.1161507783113249,0.1657741379410008,0.1095,False,False,2000,1.114448345000974,8.153280449221597,10.42226666066101
233,2023-02-02 06:00:00,0.09121460732461725,0.02669689930349542,0.03887893849547985,0.1116285132104768,0.15950362381410677,0.0815,False,False,2000,1.1406342153493514,7.996832472422389,9.786530309919506
234,2023-02-02 12:00:00,0.08075030142766401,0.03023116801007818,0.0423905340502789,0.11918933491875087,0.16748723444948999,0.139,False,False,2000,1.1621786905232883,6.948182933151613,10.25568063591702
235,2023-02-02 18:00:00,0.08236282155872292,0.02856169632293154,0.04044250257957639,0.11345351761814068,0.15975903940674935,0.115,False,False,2000,1.2206412350345486,6.747504442318119,9.294583401070302
236,2023-02-03 00:00:00,0.08019698195519488,0.02721415944029026,0.03898990595480216,0.10728500715242263,0.15793886538863933,0.1085,False,False,2000,1.2069139870771568,6.644796796945893,8.889200746793897
237,2023-02-03 06:00:00,0.10014189248781565,0.02574958194773686,0.039155580722327596,0.1072251764796843,0.16849772445184452,0.0615,False,False,2000,1.2091265492753789,8.282168028468979,8.86798627852011
238,2023-02-03 12:00:00,0.11772628604375757,0.02772449716697107,0.04061864004316299,0.11098414961557698,0.16800624693505536,0.0425,True,False,2000,1.2081551185340864,9.744302220612251,9.186250003247883
239,2023-02-03 18:00:00,0.08856576962485224,0.026223308567117427,0.03805129271170267,0.10704196700016787,0.15008735198459752,0.0895,False,False,2000,1.2104769220348335,7.316601251345759,8.842958097889912
240,2023-02-04 00:00:00,0.06522028937845638,0.025451995496590222,0.03818088857089502,0.10495264716613682,0.15787170092547956,0.152,False,False,2000,1.1905231803074594,5.478288071771342,8.815674394431547
241,2023-02-04 06:00:00,0.07658536478798196,0.025945018114529782,0.03947027563140239,0.1078450148508688,0.15109851876379424,0.1265,False,False,2000,1.228989050787143,6.231574214508303,8.775099727845111
242,2023-02-04 12:00:00,0.07469848485059419,0.027117131646946614,0.03977802004013119,0.11392896819950775,0.15713324078586918,0.1315,False,False,2000,1.2737072213446863,5.864651122236163,8.944674748662408
243,2023-02-04 18:00:00,0.07401829014916703,0.02668229641108659,0.03989637336962851,0.11028865200889823,0.15978575062960124,0.135,False,False,2000,1.3358443004433413,5.54093692839815,8.256100802488398
244,2023-02-05 00:00:00,0.0693618938788648,0.024558310849365564,0.03838460753481332,0.10963663228348601,0.15216152410096093,0.142,False,False,2000,1.4205526600965213,4.8827400649935715,7.717885817484345
245,2023-02-05 06:00:00,0.05953163834423908,0.028471132413179546,0.041066037045260524,0.11655851752331642,0.1599446352704497,0.202,False,False,2000,1.456184790897599,4.088192564320322,8.004376796949597
246,2023-02-05 12:00:00,0.06233580072811399,0.025188992152072463,0.03779042371000081,0.10549525286559114,0.15508115452838697,0.1585,False,False,2000,1.4641648854798197,4.257430385491453,7.205148403147192
247,2023-02-05 18:00:00,0.05618556295333726,0.025627001324340534,0.038623319618170046,0.10696850256743703,0.15881455560193955,0.188,False,False,2000,1.4433987940689395,3.8925876330373135,7.410876537169118
248,2023-02-06 00:00:00,0.06702285798660859,0.02404248431528073,0.036941739436694036,0.10266091664567359,0.15656696919969176,0.138,False,False,2000,1.4592235541123368,4.593049351329817,7.035311097902573
249,2023-02-06 06:00:00,0.07565345184746979,0.027188539925177408,0.040078344644134505,0.11272666759397958,0.16519724073843647,0.1305,False,False,2000,1.4766249496556971,5.123403330352085,7.63407577667328
250,2023-02-06 12:00:00,0.07333535522685797,0.025237277773769436,0.03810849759158782,0.10471462338155804,0.1572267606451371,0.1155,False,False,2000,1.4976042063033157,4.896844901890257,6.9921427130627185
251,2023-02-06 18:00:00,0.0774735127013311,0.027029951085483502,0.03937060363275816,0.11093231483319971,0.163489032099625,0.125,False,False,2000,1.48629358744066,5.212530912868802,7.463687912710494
252,2023-02-07 00:00:00,0.08462691627403995,0.025349286391609303,0.038701243675368945,0.10750803630281298,0.16001708901933065,0.0935,False,False,2000,1.4816741160271392,5.711574182111843,7.255848984598432
253,2023-02-07 06:00:00,0.10805368928592379,0.02678773374872528,0.04046833550103793,0.11321719860428563,0.16450256949231282,0.057,False,False,2000,1.4593394074844757,7.404287771011436,7.7581128847498775
254,2023-02-07 12:00:00,0.09545542153299975,0.027615028425286032,0.03919009179073178,0.11173785994673391,0.15960512368900362,0.0785,False,False,2000,1.4541773557080584,6.564221424457626,7.683922425839677
255,2023-02-07 18:00:00,0.09517326697405644,0.027469567792840426,0.03983332209098511,0.11035647260216679,0.16481896306208033,0.0815,False,False,2000,1.4326404865127331,6.643206573459527,7.703012279849173
256,2023-02-08 00:00:00,0.10670762581870098,0.028403468127212898,0.04141629643915164,0.11391010291266883,0.16716298351150552,0.065,False,False,2000,1.4081271351116937,7.577982353861596,8.089475734989895
257,2023-02-08 06:00:00,0.06627211474189384,0.02757921273115945,0.040787380348711585,0.11509944279696868,0.16564535295965196,0.1565,False,False,2000,1.4181452752569546,4.673154147052104,8.116195484705454
258,2023-02-08 12:00:00,0.04402607776977278,0.028006871968618854,0.03948450887372235,0.11012752533689132,0.15477345903940612,0.2675,False,False,2000,1.4134235527005257,3.1148538373833765,7.791544518023537
259,2023-02-08 18:00:00,0.05342565893684388,0.02818385878786002,0.04107186451653899,0.11593338225229326,0.1642958132308748,0.224,False,False,2000,1.4235074764786446,3.7530999885581116,8.144206066207653
260,2023-02-09 00:00:00,0.04358335094380814,0.02666938482852412,0.03967513323305306,0.11046132203764472,0.16626869500437585,0.2535,False,False,2000,1.444022876700466,3.0181897840423653,7.649554852624246
261,2023-02-09 06:00:00,0.03295341509090894,0.02459800689794266,0.03771184957911095,0.10353773438014217,0.16091345638145946,0.2905,False,False,2000,1.454224492861374,2.2660473161244075,7.119790299805661
262,2023-02-09 12:00:00,0.04434210895988492,0.02325123838169265,0.03728215484803821,0.10159605863332889,0.15837142015142353,0.224,False,False,2000,1.4549615676830916,3.047648126575339,6.982731426721626
263,2023-02-09 18:00:00,0.042799527370478034,0.02365541624957298,0.03704606019698767,0.10752296707710299,0.14662381478962846,0.2275,False,False,2000,1.451404532854263,2.9488351732173883,7.408201135051813
264,2023-02-10 00:00:00,0.05945461437303198,0.026275851473320757,0.039077303334721675,0.1086797035236,0.152889552609283,0.1795,False,False,2000,1.464409447261043,4.059972057967317,7.421401420679782
265,2023-02-10 06:00:00,0.04274579085506051,0.022900283366625824,0.036178072777616206,0.10201139284285429,0.14869699327793562,0.2195,False,False,2000,1.4735711116761037,2.9008298626619786,6.9227329468221
266,2023-02-10 12:00:00,0.05162850750692148,0.024924833384925293,0.03930139285121849,0.11166691716448394,0.16104923856834133,0.2005,False,False,2000,1.4822945199482476,3.4830127759444203,7.533382580972009
267,2023-02-10 18:00:00,0.06374929111478773,0.02444837730299654,0.03670706486069593,0.10246407013993787,0.14596076768018537,0.1505,False,False,2000,1.46550919484432,4.349975512883751,6.991704350979699
268,2023-02-11 00:00:00,0.060121648223546584,0.023440442566055802,0.03634312652725487,0.09844748237840864,0.14983792975501956,0.156,False,False,2000,1.4377468576182273,4.181657424947821,6.847344639062319
269,2023-02-11 06:00:00,0.056085683133645384,0.025083835523382277,0.03760253094657034,0.10831587967042826,0.14957291157634928,0.1845,False,False,2000,1.4520406755076272,3.8625421504833586,7.459562359199166
270,2023-02-11 12:00:00,0.0665505526139595,0.023989839496677965,0.036759800689160536,0.1010652500869192,0.15354871206311455,0.137,False,False,2000,1.4545929201592032,4.5752011914560695,6.948009211804616
271,2023-02-11 18:00:00,0.07376470798152289,0.025515994989183218,0.037826484522281816,0.10754236718997487,0.14710737423930978,0.129,False,False,2000,1.4908026560226268,4.947986085450288,7.213722537689296
272,2023-02-12 00:00:00,0.07948890507658075,0.023648626573262478,0.038007539091337916,0.1060485008965038,0.15189809518957495,0.097,False,False,2000,1.4921603228394487,5.327102179296688,7.107044683690752
273,2023-02-12 06:00:00,0.07913312638741997,0.02493870719769238,0.03785929438198048,0.10453869576982565,0.15294710803446107,0.107,False,False,2000,1.4785535869533548,5.3520634683575015,7.070335271732266
274,2023-02-12 12:00:00,0.08036184005122236,0.024973764744775993,0.037788706047386635,0.10832427106622104,0.15697256539771676,0.0985,False,False,2000,1.4916785424349224,5.387343034380902,7.261904491124429
275,2023-02-12 18:00:00,0.09505625103818513,0.023776492153305996,0.03666820291554408,0.1030890214539158,0.14896039441969025,0.063,False,False,2000,1.527793779824013,6.221798536785159,6.747574366076464
276,2023-02-13 00:00:00,0.0955541904041546,0.022667648046471967,0.037083603271691856,0.10374719354501112,0.1566368409669865,0.0625,False,False,2000,1.5250459423640093,6.265659790945959,6.802889713879057
277,2023-02-13 06:00:00,0.06774322619168527,0.02193164511374786,0.03461582514278181,0.09781518070189016,0.14023686256208048,0.1145,False,False,2000,1.5152889538594247,4.470647398249951,6.455216376570022
278,2023-02-13 12:00:00,0.04336723104347377,0.021944658448183753,0.0342365616014605,0.0976600065789487,0.14041942134375968,0.2115,False,False,2000,1.4968343991554072,2.897263121955498,6.5244362792606605
279,2023-02-13 18:00:00,0.0239156206225219,0.023145559406183288,0.037382680127195624,0.10516709650759637,0.14677235497015756,0.31,False,False,2000,1.4925270252090903,1.602357626936204,7.04624403654355
280,2023-02-14 00:00:00,0.0408138426627267,0.023608500353263333,0.03613154754233249,0.10324830588917087,0.14086758257513934,0.242,False,False,2000,1.4732185532379838,2.7703861435237864,7.008349552905211
281,2023-02-14 06:00:00,0.04740488046742355,0.02317315760133626,0.03709584852526226,0.10146796617973433,0.1611146992922328,0.2035,False,False,2000,1.4813854030284062,3.2000369634069186,6.849531929523721
282,2023-02-14 12:00:00,0.039946529701670404,0.021636022257889305,0.03537090137659583,0.10060614178752873,0.14239076898707598,0.219,False,False,2000,1.4973659458766795,2.6677867098334778,6.71887470558346
283,2023-02-14 18:00:00,0.04347590203892566,0.021678736868046316,0.0357544234360758,0.1004359126335483,0.14449141811283828,0.2005,False,False,2000,1.4982627013768268,2.901754278403482,6.703491486589957
284,2023-02-15 00:00:00,0.05961512365642768,0.0213037505273913,0.03514895878837856,0.0965988878925651,0.1499710489133832,0.1445,False,False,2000,1.4927860936886772,3.9935476293940146,6.471046876774493
285,2023-02-15 06:00:00,0.06034902981506758,0.022408908890470744,0.037142659508010004,0.10254078383060157,0.1556539986491152,0.1485,False,False,2000,1.5018336501122664,4.018356481129339,6.827705839653836
286,2023-02-15 12:00:00,0.05997494247327329,0.022791397265720464,0.03630041590815275,0.10249805762334861,0.14516226665955925,0.1555,False,False,2000,1.49287308032224,4.017417372167201,6.8658252985058965
287,2023-02-15 18:00:00,0.06780756779038542,0.022620736721018973,0.036121128876757745,0.10293381122730944,0.1459132485474468,0.12,False,False,2000,1.491302613721063,4.546868433442464,6.902275251196095
288,2023-02-16 00:00:00,0.06832244105893609,0.02461592303511094,0.038095494352179265,0.1051836354018599,0.16089298115720838,0.132,False,False,2000,1.501256028631496,4.551018597488462,7.0063755545909405
289,2023-02-16 06:00:00,0.07815699944771566,0.024205180167013524,0.03698972510665237,0.105692446457751,0.1493624694728702,0.1085,False,False,2000,1.4958792608567588,5.224820043494122,7.06557335364193
290,2023-02-16 12:00:00,0.07837156957976839,0.02407936827976586,0.038696445934490245,0.10680431348426582,0.1647907352513269,0.105,False,False,2000,1.470378009651118,5.330028677344263,7.263731692342683
291,2023-02-16 18:00:00,0.07921537132789779,0.024183712849244855,0.037464608728573594,0.10545852561169738,0.1573492566670063,0.1,False,False,2000,1.4865675184615799,5.328743588443009,7.094095915726342
292,2023-02-17 00:00:00,0.05523746912904856,0.02441072712702461,0.03780953353609135,0.1050844820180109,0.1554568618411828,0.182,False,False,2000,1.50077662738745,3.6805923094102204,7.002006834350947
293,2023-02-17 06:00:00,0.04192022742718698,0.022527313696999004,0.03626771271193194,0.09984558003425006,0.14448368233630413,0.2255,False,False,2000,1.4918093495776363,2.8100257877493195,6.692918238012016
294,2023-02-17 12:00:00,0.0343155733966538,0.023621671945962333,0.03684064034604301,0.10058727973234624,0.14539737164933225,0.2765,False,False,2000,1.523277382619918,2.252746202903223,6.603346237527926
295,2023-02-17 18:00:00,0.029775986593363966,0.024145650281253324,0.03687616308643025,0.10101251172732997,0.15385056738756814,0.306,False,False,2000,1.5136110274532875,1.9672152259265236,6.673610980311611
296,2023-02-18 00:00:00,0.037318716197699164,0.0247363624121864,0.038266272955681885,0.10568832817421597,0.15571113750992563,0.263,False,False,2000,1.5136794265653613,2.4654306283581984,6.982213427715654
297,2023-02-18 06:00:00,0.0457312995660713,0.02370474730111054,0.03815091138058263,0.11044311599503356,0.15182213681763296,0.2115,False,False,2000,1.534557785269062,2.980096286048491,7.197064656360855
298,2023-02-18 12:00:00,0.05580073446079627,0.023756089363338555,0.0377907852764047,0.10937546512159134,0.15152448959735815,0.1745,False,False,2000,1.5509401303944004,3.5978651507718915,7.052204206862416
299,2023-02-18 18:00:00,0.07705864259306823,0.02300681648743095,0.03752642175147208,0.10507046219409442,0.16095747664500634,0.101,False,False,2000,1.5394982028947206,5.005438944207584,6.8249811527243285
300,2023-02-19 00:00:00,0.0690735425986552,0.023474081413222363,0.03815996882532612,0.10817343103487101,0.16216244118873432,0.122,False,False,2000,1.526672726386839,4.524449897138783,7.08556779493166
301,2023-02-19 06:00:00,0.07196474900106446,0.02600987888069197,0.03917382643709145,0.1094390707612128,0.1612272677677966,0.128,False,False,2000,1.501041912763804,4.794319758104479,7.290873747802775
302,2023-02-19 12:00:00,0.06842263931043509,0.025369643631561186,0.03915714716630631,0.10891683253982333,0.16351649937236504,0.1395,False,False,2000,1.4884032804687317,4.597049751790876,7.317696350784914
303,2023-02-19 18:00:00,0.05833663311724291,0.025003019218368054,0.03747236104584681,0.10515251006564455,0.1471638425036999,0.183,False,False,2000,1.470259452297273,3.967778137803652,7.151969667757911
304,2023-02-20 00:00:00,0.08629473339789832,0.025390126980187187,0.03872191592085991,0.11107308125190185,0.1479324988871348,0.097,False,False,2000,1.477912577445291,5.838960620192216,7.515537992369073
305,2023-02-20 06:00:00,0.07685467574411081,0.023898935246613302,0.038859265206454524,0.11217944398781748,0.16369249200096808,0.1015,False,False,2000,1.4619603266603796,5.256960421058301,7.673220807850097
306,2023-02-20 12:00:00,0.07422586122614362,0.024218103079815784,0.03763134438568256,0.10314524989955924,0.15714808745036135,0.109,False,False,2000,1.4672510543803159,5.058838499693049,7.029829666274937
307,2023-02-20 18:00:00,0.08702167656183392,0.02576061570035175,0.03944149673197727,0.11216763132965374,0.16206916478634417,0.092,False,False,2000,1.4811745679349215,5.875180309310942,7.572883963707245
308,2023-02-21 00:00:00,0.08043459547140847,0.02551345786684431,0.03812078931471586,0.10758454498659191,0.15325779237693682,0.11,False,False,2000,1.5076593445373028,5.335064301020444,7.135865630150646
309,2023-02-21 06:00:00,0.08004522428870413,0.027775564826702986,0.04079269354892195,0.11393349186748075,0.16895090880667105,0.117,False,False,2000,1.4916921360798778,5.366068664748784,7.6378690422605935
310,2023-02-21 12:00:00,0.08396216886484668,0.02625269761615459,0.03841208133653197,0.10594903730444702,0.1540126974999986,0.1,False,False,2000,1.4798988289657904,5.673507352088564,7.159208131713182
311,2023-02-21 18:00:00,0.11108351410109879,0.026516768537382256,0.03853824365135531,0.10792131008793046,0.1578819658614267,0.045,True,False,2000,1.463925717305784,7.588056742765434,7.372048240709192
312,2023-02-22 00:00:00,0.12940975499027152,0.028532174194232856,0.04156852114676849,0.1148624158336678,0.16184149994008812,0.033,True,False,2000,1.4845694375644707,8.716989028318968,7.737086115830783
313,2023-02-22 06:00:00,0.125694591991828,0.027677638337009376,0.03949678378376374,0.11254044058654487,0.1576227761258392,0.0315,True,False,2000,1.489581518658167,8.438248623348604,7.555171649009358
314,2023-02-22 12:00:00,0.10222256059602272,0.02579582794270439,0.03862499314636755,0.10973980338428731,0.15139684698019767,0.061,False,False,2000,1.5238940485007195,6.7079834517756805,7.201275147196395
315,2023-02-22 18:00:00,0.1017302807846444,0.025976612185989754,0.03807520623217361,0.10738374410743387,0.15284293689009087,0.0575,False,False,2000,1.524635664020988,6.672432187264117,7.043239682864695
316,2023-02-23 00:00:00,0.08432795171761531,0.028050290561669272,0.04070310242391004,0.1088653567299767,0.16238370578500025,0.1155,False,False,2000,1.5649126173034675,5.3886684013655985,6.956641254357371
317,2023-02-23 06:00:00,0.08199700957822283,0.02760795392261894,0.039002761321404344,0.10849052411772728,0.16520580017757705,0.1095,False,False,2000,1.5284443297834338,5.364736417311387,7.098101121752951
318,2023-02-23 12:00:00,0.07932572690534154,0.02870253846698656,0.041693887343274255,0.116175357945987,0.17270131743026887,0.13,False,False,2000,1.5045977556865031,5.272221535991031,7.721356588956206
319,2023-02-23 18:00:00,0.07859590911702476,0.02707609852670044,0.03972314089569174,0.10990954241867909,0.1577671397156927,0.12,False,False,2000,1.5088608313128884,5.2089568160263635,7.284273018277286
320,2023-02-24 00:00:00,0.09490637598940573,0.026146634179040108,0.03963830919761451,0.11345544820450874,0.16069663396269912,0.08,False,False,2000,1.5245191567592586,6.225331808302929,7.4420480517730105
321,2023-02-24 06:00:00,0.09336091240414053,0.025852876140264706,0.039200921555325896,0.11124365480905996,0.16165982460772768,0.0825,False,False,2000,1.54315510045806,6.050001868018833,7.208844708872046
322,2023-02-24 12:00:00,0.1003028745395816,0.026357808675359237,0.039992095931160515,0.11295249939253245,0.1587372295002137,0.0705,False,False,2000,1.5558418512085481,6.446855408965137,7.25989594024567
323,2023-02-24 18:00:00,0.09985858432778197,0.02754015114099156,0.04150885512141007,0.11533121643623025,0.17263841285277234,0.077,False,False,2000,1.5856160957021894,6.297778169536028,7.2735901678114505
324,2023-02-25 00:00:00,0.10312021582299614,0.026212182943655543,0.0389146174772305,0.10987698041887915,0.15557332125231496,0.0605,False,False,2000,1.5440170938144586,6.678696514184311,7.1163059566543145
325,2023-02-25 06:00:00,0.08102604272657947,0.026387231960940543,0.03950507019729184,0.11127032219603278,0.16549798717612052,0.104,False,False,2000,1.5655725573805666,5.175489461960675,7.107324516610358
326,2023-02-25 12:00:00,0.08399411996706135,0.025921809630124797,0.040087296978362774,0.11143370921334517,0.16493481631140824,0.101,False,False,2000,1.5451772323347461,5.435889049448854,7.211710532711516
327,2023-02-25 18:00:00,0.07938685340242446,0.026704042933228016,0.039108702234587206,0.10861995813476169,0.15426543662646933,0.116,False,False,2000,1.4913882551832378,5.323017204039244,7.283144262217367
328,2023-02-26 00:00:00,0.0933142646475435,0.027826625043969343,0.041188168987648065,0.11799341521367224,0.1580136760821404,0.096,False,False,2000,1.4954229420784946,6.239991511554959,7.890303932991204
329,2023-02-26 06:00:00,0.11900962590155277,0.02602072690444446,0.039849504881532175,0.11422195816500615,0.15523108341092087,0.041,True,False,2000,1.4273171610510074,8.337994466059655,8.002563220139427
330,2023-02-26 12:00:00,0.1084837090982026,0.02654516458397603,0.040097632906716564,0.10940520685086524,0.1685725123886328,0.0535,False,False,2000,1.4121784172040028,7.682011548724234,7.7472651839190805
331,2023-02-26 18:00:00,0.11304756899790794,0.026118086336959712,0.0384047023826991,0.10602553598383838,0.15829557850321574,0.0435,True,False,2000,1.39076729493929,8.128431651309626,7.623528132250666
332,2023-02-27 00:00:00,0.10491118928034272,0.025186632926870012,0.03850433532486052,0.10731939313569833,0.15133686510570624,0.056,False,False,2000,1.394434494970426,7.523565263104579,7.696266373414294
333,2023-02-27 06:00:00,0.08772590715011547,0.0231020600858199,0.0366654454570615,0.0987919189060536,0.15568246022607862,0.0735,False,False,2000,1.3958885196458584,6.2845926386995306,7.077350197787818
334,2023-02-27 12:00:00,0.0993840899883222,0.02380866914941985,0.038068379322397976,0.10705064755632675,0.14968854848742863,0.0665,False,False,2000,1.408324761692683,7.056901411636845,7.601275676475448
335,2023-02-27 18:00:00,0.08429053913926397,0.024871360805439488,0.037759976038617735,0.10519736840280058,0.15561926681757954,0.093,False,False,2000,1.4396461150435729,5.854948536204177,7.307168567576529
336,2023-02-28 00:00:00,0.08069650111304065,0.0257183135826619,0.038633541400959946,0.1092558228958208,0.15796963892732294,0.107,False,False,2000,1.4417833397750963,5.596992203116211,7.577825314090784
337,2023-02-28 06:00:00,0.06538784803653945,0.02447766087889955,0.03755802734744036,0.10478803921118197,0.1569809217592208,0.1525,False,False,2000,1.441172034034019,4.537129953424836,7.27102918572929
338,2023-02-28 12:00:00,0.07588596479242173,0.02461762286456377,0.03873848224366655,0.11036335571006214,0.1611122265383592,0.108,False,False,2000,1.418288757780665,5.350529952107067,7.781444723764043
339,2023-02-28 18:00:00,0.08043882404410235,0.025023980783541445,0.0380848150384579,0.10405080871038679,0.1501725458116294,0.107,False,False,2000,1.3791823502311302,5.832355962982126,7.544383720756681
340,2023-03-01 00:00:00,0.06652618823903679,0.025553125645527842,0.03905159753936531,0.10797926461034871,0.16378818695807992,0.149,False,False,2000,1.39451656244321,4.770555619825848,7.743132460267644
341,2023-03-01 06:00:00,0.04402038833349622,0.026339184741796116,0.04059564360153676,0.11404906426907847,0.16189671832422908,0.2465,False,False,2000,1.4133890779449907,3.114527274931263,8.069190999756493
342,2023-03-01 12:00:00,0.03929653342087925,0.02623629722742844,0.040252324572418244,0.11482516946874696,0.16395817752292838,0.2605,False,False,2000,1.4416335563650102,2.725833707697747,7.964934567579816
343,2023-03-01 18:00:00,0.04811751359554043,0.023187666978273836,0.036284449097662784,0.10258352475888265,0.15229465793623068,0.199,False,False,2000,1.4193116909792494,3.390200609306749,7.227695326606201
344,2023-03-02 00:00:00,0.07629959268981105,0.023939216127041574,0.037965447294361576,0.10669014212621958,0.15515944911905277,0.1065,False,False,2000,1.4191860021659668,5.376292647571378,7.517699721064659
345,2023-03-02 06:00:00,0.0641719708421992,0.025409757520227675,0.03903314303105983,0.10810253203046939,0.15897024297602488,0.1585,False,False,2000,1.41934690661168,4.521232303622869,7.616357320884713
346,2023-03-02 12:00:00,0.05903287300701821,0.02548271266463659,0.03928883924172207,0.11300519995393145,0.15793347851214004,0.176,False,False,2000,1.4160589048461178,4.168814786234706,7.98026124246658
347,2023-03-02 18:00:00,0.05922130371809602,0.02466052173264932,0.03836342657261908,0.11023389702687648,0.15817022924286459,0.175,False,False,2000,1.4150411708639166,4.185129375560146,7.7901547528526
348,2023-03-03 00:00:00,0.054751058444890734,0.027245000935470217,0.040202382099095574,0.11422441242708041,0.16251290249346045,0.208,False,False,2000,1.4074630659898562,3.8900529447559467,8.115624145827756
349,2023-03-03 06:00:00,0.058818016525968776,0.025455394603134007,0.03734355094210425,0.10971100356076961,0.15025967617753846,0.1735,False,False,2000,1.416422908077778,4.152574502327873,7.745638886175457
350,2023-03-03 12:00:00,0.06379855751574007,0.02653295193781159,0.0399483597339838,0.1160507693568772,0.16231139610235898,0.1635,False,False,2000,1.4450018738459327,4.415119362159548,8.03118469652937
351,2023-03-03 18:00:00,0.061712746808119646,0.025595459490784633,0.03955582538833496,0.11240306221959197,0.1685210403804574,0.1675,False,False,2000,1.4250697033721136,4.330507249020172,7.887548374203372
352,2023-03-04 00:00:00,0.0551058887970594,0.027353088078360437,0.04130264678192964,0.11638407121520464,0.16098913965426523,0.2025,False,False,2000,1.4270501993867173,3.861524200111633,8.155569528333434
353,2023-03-04 06:00:00,0.055803460900622555,0.025612680095944588,0.038343714128443056,0.10987325300404474,0.14942857549495114,0.188,False,False,2000,1.428065354421867,3.9076265471907505,7.69385327245933
354,2023-03-04 12:00:00,0.056449879435561484,0.026318465145732703,0.038896557935427796,0.11145072638526426,0.15310508538146012,0.1925,False,False,2000,1.4292237863190738,3.9496879338222173,7.7979898915832155
355,2023-03-04 18:00:00,0.0506216420950859,0.026327728881077515,0.039452282365423495,0.10714182518861279,0.1578069518801661,0.2145,False,False,2000,1.3871967812551427,3.64920412007323,7.723621236467282
356,2023-03-05 00:00:00,0.0497747650785081,0.026746189316405263,0.040226460671143105,0.11307479083846253,0.1623115186558308,0.2225,False,False,2000,1.3578345068550992,3.665746070468645,8.327582652200874
357,2023-03-05 06:00:00,0.06633414477671423,0.026309946125347032,0.039749121648216826,0.10925343933449753,0.16187170278253704,0.161,False,False,2000,1.363319341572652,4.865635126997811,8.01378195137088
358,2023-03-05 12:00:00,0.06448441305322249,0.02617013101179372,0.03956773571944604,0.10681164946861658,0.16211565008108272,0.165,False,False,2000,1.3767302820257492,4.683881359705316,7.758356946391251
359,2023-03-05 18:00:00,0.05029832755065758,0.02516912783133479,0.039866173414769106,0.1125112367105584,0.16375874360246045,0.205,False,False,2000,1.2983187066277244,3.874112519051915,8.665918170646792
360,2023-03-06 00:00:00,0.023216112333683318,0.026796630363702285,0.040931566379101746,0.11508161040542937,0.16774012687500778,0.352,False,False,2000,1.2961332965413004,1.7911824652321593,8.87884068039312
361,2023-03-06 06:00:00,0.019831225562006092,0.02622684981402494,0.040790455667605315,0.11394150037494039,0.16795745757849723,0.3605,False,False,2000,1.3126616570889498,1.5107644422238404,8.680188056046752
362,2023-03-06 12:00:00,0.008560217332526376,0.025328976087003633,0.03787556163002293,0.1034242851563461,0.1549090517139393,0.442,False,False,2000,1.3233529789924248,0.6468582055139936,7.815321142443139
363,2023-03-06 18:00:00,0.0,0.024718620957584675,0.03868575495130933,0.10547319597628457,0.16215265810740606,1.0,False,False,2000,1.3022401402305428,0.0,8.09936606297607
364,2023-03-07 00:00:00,0.0,0.024605878972836302,0.03841337045240634,0.1079267302166975,0.15286961733444324,1.0,False,False,2000,1.288353744039923,0.0,8.37710378193717
365,2023-03-07 06:00:00,0.0,0.026272517889247008,0.03932560938221603,0.11081192644181215,0.15935857695268146,1.0,False,False,2000,1.298064533669831,0.0,8.536703959434861
366,2023-03-07 12:00:00,0.0,0.024805273779842842,0.039164957485789686,0.1094728615158385,0.1573691190439093,1.0,False,False,2000,1.308426556710984,0.0,8.366756311567265
367,2023-03-07 18:00:00,0.0,0.02989976564063615,0.042433589667678795,0.11527703660331934,0.17594550617188767,1.0,False,False,2000,1.3487585272118534,0.0,8.546899558189962
368,2023-03-08 00:00:00,0.0,0.02711293871023,0.040565840825836995,0.11404407031773736,0.1665599695105575,1.0,False,False,2000,1.41076446727676,0.0,8.083849073536701
369,2023-03-08 06:00:00,0.0,0.02880429493946972,0.042717572881155574,0.12425782787447312,0.16847197123679952,1.0,False,False,2000,1.4159614785551145,0.0,8.775509062666675
370,2023-03-08 12:00:00,0.0,0.027759529429851142,0.04128932098606309,0.11562305519051713,0.16015122411556298,1.0,False,False,2000,1.4076403015484749,0.0,8.213963117092199
371,2023-03-08 18:00:00,0.0,0.027996221073347323,0.040811282515823055,0.11370206013745686,0.1665230163689004,1.0,False,False,2000,1.4102620445057754,0.0,8.062477507667989
372,2023-03-09 00:00:00,0.0,0.026835927246090147,0.0399247061811806,0.10964382179443523,0.15733546781919294,1.0,False,False,2000,1.4050636171491586,0.0,7.803477398190695
373,2023-03-09 06:00:00,0.0,0.027985406524979595,0.041003057881329616,0.11209763566832916,0.1660808183105739,1.0,False,False,2000,1.382432273367422,0.0,8.108725311748847
374,2023-03-09 12:00:00,0.0,0.02687224925626657,0.040785453272680704,0.11026936981226829,0.17504502237564826,1.0,False,False,2000,1.3975597580340606,0.0,7.890136302105863
375,2023-03-09 18:00:00,0.0,0.028889679765979087,0.04222001568685229,0.12080614179012845,0.16865661823313058,1.0,False,False,2000,1.4286092291778851,0.0,8.456206170503895
376,2023-03-10 00:00:00,0.016415113549644533,0.025728813954020924,0.03919927036774726,0.10905513443101207,0.15215137466181777,0.385,False,False,2000,1.4309331443728859,1.1471614599323956,7.6212599351597285
377,2023-03-10 06:00:00,0.014811824424338833,0.025378772590194918,0.03931293180291473,0.10740270861195039,0.16666291935326105,0.389,False,False,2000,1.4858191789796709,0.9968793399551001,7.228518121949742
378,2023-03-10 12:00:00,0.017663246057222373,0.025741728600413745,0.0393032709527526,0.11117643995843052,0.15783270825071954,0.3765,False,False,2000,1.4933454346605683,1.1827970707418516,7.444790560711795
379,2023-03-10 18:00:00,0.0130468479900044,0.02542163562973545,0.039242414752929784,0.10783317662236762,0.16044386023886809,0.4125,False,False,2000,1.5322423748976632,0.8514872192381303,7.037605694044958
380,2023-03-11 00:00:00,0.01339440639796685,0.026297230509656787,0.03933860191095224,0.10723544039771768,0.1567171180665507,0.4145,False,False,2000,1.5425424563043364,0.868333078498048,6.951863137345027
381,2023-03-11 06:00:00,0.0,0.024770100999073095,0.03860976460178246,0.10627484091470847,0.15404234581867932,1.0,False,False,2000,1.57280239936375,0.0,6.757037054222457
382,2023-03-11 12:00:00,0.0,0.0245008357318948,0.03836369402001584,0.10691690274125273,0.16043958395155922,1.0,False,False,2000,1.5974129287791285,0.0,6.693128671680855
383,2023-03-11 18:00:00,0.0,0.0251544969358444,0.03858697522875384,0.10627658493234163,0.15314718306812564,1.0,False,False,2000,1.6052967183823839,0.0,6.620370160566565
384,2023-03-12 00:00:00,0.0,0.024877243152726543,0.03821343229216225,0.10569775215925742,0.15451805165193425,1.0,False,False,2000,1.578833051983791,0.0,6.694675667351216
385,2023-03-12 06:00:00,0.0,0.02534511562024941,0.038764437365475364,0.10948200520568872,0.1493227781042169,1.0,False,False,2000,1.5972885424418706,0.0,6.854240939981766
386,2023-03-12 12:00:00,0.0,0.024799608832342352,0.038588773281353364,0.1051623640647909,0.15984200391740372,1.0,False,False,2000,1.5994095863428957,0.0,6.575074012482833
387,2023-03-12 18:00:00,0.0,0.023979559474490778,0.0376168876221543,0.10654149786489739,0.14835970958776018,1.0,False,False,2000,1.5842607466772114,0.0,6.724997642487504
388,2023-03-13 00:00:00,0.0,0.024730323722394795,0.037940505364482124,0.10804011880811809,0.15104516173493593,1.0,False,False,2000,1.6119071465101988,0.0,6.702626701669908
389,2023-03-13 06:00:00,0.0,0.02557887093914679,0.03776398501125282,0.10393432512162076,0.1540758976484173,1.0,False,False,2000,1.5824980035540357,0.0,6.567738151214157
390,2023-03-13 12:00:00,0.0,0.02595366585885504,0.038821665812427214,0.107740207261896,0.1605671954602516,1.0,False,False,2000,1.566548937928783,0.0,6.87755132657043
391,2023-03-13 18:00:00,0.0,0.027872008188925598,0.040402309357609044,0.11457144781571962,0.1614911209888003,1.0,False,False,2000,1.5819777532208144,0.0,7.242291971708125
392,2023-03-14 00:00:00,0.0,0.02373209798900693,0.03808439488416973,0.11127397410573876,0.1498730400460589,1.0,False,False,2000,1.5943919368948705,0.0,6.979085351024065
393,2023-03-14 06:00:00,0.0,0.024289573653637098,0.03928486483661704,0.10879814281965083,0.1599098024660721,1.0,False,False,2000,1.5997868724121085,0.0,6.800789823684976
394,2023-03-14 12:00:00,0.0,0.025719903626455293,0.04046404517050056,0.11121075959022075,0.1701506731195271,1.0,False,False,2000,1.6015637058500432,0.0,6.94388610231366
395,2023-03-14 18:00:00,0.0,0.025937078068380765,0.039283152285142134,0.11182518655691526,0.1543238454419873,1.0,False,False,2000,1.561690504012072,0.0,7.160521644309801
396,2023-03-15 00:00:00,0.0,0.024107476245514868,0.03690190633922811,0.10404255608401407,0.1466242743916048,1.0,False,False,2000,1.531360027687941,0.0,6.794127716726307
397,2023-03-15 06:00:00,0.0,0.02534791858120867,0.039602705472646535,0.11260782868757904,0.16391673064827764,1.0,False,False,2000,1.542251865401549,0.0,7.301520018473758
398,2023-03-15 12:00:00,0.0,0.02631989808261317,0.04075610859078859,0.11706617864336705,0.1718053840057342,1.0,False,False,2000,1.547642999889324,0.0,7.564159089127063
399,2023-03-15 18:00:00,0.0,0.025111251742294723,0.03920068450646742,0.1089905811711117,0.16192745901322805,1.0,False,False,2000,1.5337824886447384,0.0,7.1059998388309005
400,2023-03-16 00:00:00,0.0,0.02597049277347058,0.03876839846356062,0.11056074650786833,0.15194446382604557,1.0,False,False,2000,1.4990110323879093,0.0,7.375579239850302
401,2023-03-16 06:00:00,0.0,0.02435589664756726,0.038138536965325244,0.10752461631766157,0.16191353896099298,1.0,False,False,2000,1.472545383194265,0.0,7.301956024229131
402,2023-03-16 12:00:00,0.0,0.024607477704158918,0.03787891511841672,0.10363464137722958,0.15646476926428787,1.0,False,False,2000,1.4903508415124804,0.0,6.95370771033055
403,2023-03-16 18:00:00,0.0,0.024883936998801516,0.03785122773402036,0.10495112792886968,0.1508823734668694,1.0,False,False,2000,1.4867986503032,0.0,7.058866236357371
404,2023-03-17 00:00:00,0.0,0.02471331199298287,0.03878086836970218,0.10837927158553849,0.15976716634465948,1.0,False,False,2000,1.5097468922618513,0.0,7.178638495037294
405,2023-03-17 06:00:00,0.0,0.0267790381194105,0.040380475104200904,0.11262960098024896,0.16358713352970664,1.0,False,False,2000,1.5369196193824044,0.0,7.3282688020801
406,2023-03-17 12:00:00,0.0,0.027907741463574564,0.04107685887427459,0.1106814956837786,0.16587477744570828,1.0,False,False,2000,1.529475331167916,0.0,7.2365662543417155
407,2023-03-17 18:00:00,0.0,0.025414133879781035,0.03955170024871064,0.1114325291462288,0.1635925677737184,1.0,False,False,2000,1.5391587394826258,0.0,7.239833441980509
408,2023-03-18 00:00:00,0.0,0.027397921046200074,0.03959908505245366,0.11244734546739749,0.15552610290647545,1.0,False,False,2000,1.5618526236230474,0.0,7.19961305994109
409,2023-03-18 06:00:00,0.0,0.026877868838971107,0.0411316978555154,0.114165169263934,0.16907663492380678,1.0,False,False,2000,1.533906865144702,0.0,7.442770604795758
410,2023-03-18 12:00:00,0.0,0.027655992093139976,0.040603656305395974,0.11304697858145925,0.16368101543931182,1.0,False,False,2000,1.5257205624492352,0.0,7.409415679630432
411,2023-03-18 18:00:00,0.0,0.025435431778750392,0.03983489197103863,0.11119183050012214,0.16892970725703638,1.0,False,False,2000,1.5158529999453496,0.0,7.335264732406829
412,2023-03-19 00:00:00,0.0,0.026694969667012906,0.04045484047794644,0.11285222857513108,0.15871727931911214,1.0,False,False,2000,1.4980648231671119,0.0,7.5332006218893905
413,2023-03-19 06:00:00,0.0,0.026255955369989793,0.03972836663919419,0.11525037507982774,0.15744754651785733,1.0,False,False,2000,1.4750322954740824,0.0,7.813413674633186
414,2023-03-19 12:00:00,0.0036162706541277845,0.02570897925653672,0.03810393525449032,0.10670462403344745,0.14944073248041012,0.4705,False,False,2000,1.4921857537771253,0.24234721749447258,7.15089416738829
415,2023-03-19 18:00:00,0.002319089741113549,0.02519808623213109,0.0401051184703916,0.11318218332356245,0.1636563902693593,0.4455,False,False,2000,1.475680206658232,0.15715395047313602,7.669831364064334
416,2023-03-20 00:00:00,0.0,0.027637558769849094,0.04015760325814132,0.11245140847078947,0.16138918448067727,1.0,False,False,2000,1.4810113168042636,0.0,7.592879756883822
417,2023-03-20 06:00:00,0.014424951254898783,0.025756736471189465,0.03923311881881279,0.11188416396921869,0.16010141767660355,0.404,False,False,2000,1.4900935374527635,0.9680567623665746,7.508532931461389
418,2023-03-20 12:00:00,0.015304407285575495,0.02480888924852244,0.038944635372863017,0.10744499678558446,0.16344987044179585,0.3815,False,False,2000,1.5216979336855658,1.0057454207424785,7.0608623700599855
419,2023-03-20 18:00:00,0.020578821664061917,0.026400240127109207,0.03961058564179626,0.11317823008402762,0.15387414371378388,0.3745,False,False,2000,1.6094538677665509,1.2786214054472576,7.032089104926366
420,2023-03-21 00:00:00,0.00394801030485448,0.025299582560298958,0.03809702603226333,0.106081107319507,0.15026580088763825,0.4575,False,False,2000,1.6274239421432577,0.2425926153977491,6.518345009709152
421,2023-03-21 06:00:00,0.0,0.02496826576280644,0.038290175683176955,0.10801916410624754,0.1545570355134243,1.0,False,False,2000,1.625154946664199,0.0,6.6466994010613085
422,2023-03-21 12:00:00,0.0,0.026594667761488392,0.04059379783044184,0.11416137284762223,0.16748282717289284,1.0,False,False,2000,1.5941348517035532,0.0,7.161337243560357
423,2023-03-21 18:00:00,0.0,0.023663640428144533,0.03772171998362609,0.10581247148154194,0.15609769094634388,1.0,False,False,2000,1.5955088179008239,0.0,6.631895123008916
424,2023-03-22 00:00:00,0.0,0.025486678705926257,0.038622893107380145,0.10803189559843307,0.15601675519700506,1.0,False,False,2000,1.544765994516619,0.0,6.993414923807791
425,2023-03-22 06:00:00,0.0,0.024303078326335957,0.039674363239763,0.10885588739821077,0.17097530633375513,1.0,False,False,2000,1.5444983352404658,0.0,7.047976997739062
426,2023-03-22 12:00:00,0.010559921046348375,0.026536849473683687,0.03898735155960928,0.10864195215941862,0.15611161348849467,0.4415,False,False,2000,1.5012607417583577,0.7034035296213784,7.236714391943087
427,2023-03-22 18:00:00,0.009233366074903654,0.026584982142277346,0.039510501666596115,0.11097734983028637,0.15269669940692446,0.4335,False,False,2000,1.550671560878969,0.595443052406913,7.156728260843383
428,2023-03-23 00:00:00,0.0,0.02548725758211012,0.04000142809680802,0.11204747802689081,0.16031490397336437,1.0,False,False,2000,1.493961837446428,0.0,7.500022772898221
429,2023-03-23 06:00:00,0.0,0.024866000034658116,0.0379983081845641,0.1075215942236002,0.15476028460147342,1.0,False,False,2000,1.4893312905047926,0.0,7.219454456446485
430,2023-03-23 12:00:00,0.0,0.026233567519148664,0.03999651864544839,0.1136448243193762,0.1609404472583832,1.0,False,False,2000,1.4848146226015975,0.0,7.65380557205552
431,2023-03-23 18:00:00,0.0,0.02825096152912573,0.04158780558142782,0.11919509287736711,0.1743362686152954,1.0,False,False,2000,1.517288798557927,0.0,7.855794690546282
432,2023-03-24 00:00:00,6.130038279897013e-05,0.02519147249577104,0.038285000931251235,0.10993809737530474,0.14950464509140807,0.4805,False,False,2000,1.4960354499905992,0.004097522074049471,7.34862916356665
433,2023-03-24 06:00:00,0.0,0.02516089671005296,0.038407583102366694,0.10742189871759296,0.16114915346835096,1.0,False,False,2000,1.4895674470735636,0.0,7.211616964954246
434,2023-03-24 12:00:00,0.0,0.027495472892242617,0.04104758862295596,0.11672272541017896,0.1618750695586115,1.0,False,False,2000,1.457529184712224,0.0,8.008259912354674
435,2023-03-24 18:00:00,0.0,0.029318063975377433,0.041985418486711897,0.11607358013192688,0.16520901952392658,1.0,False,False,2000,1.4588459633227442,0.0,7.956534346337128
436,2023-03-25 00:00:00,0.0,0.027419607025403577,0.04215903671318743,0.12009911987076932,0.1735899209389797,1.0,False,False,2000,1.4627156474617988,0.0,8.21069495490619
437,2023-03-25 06:00:00,0.017473335178011584,0.028257891170051962,0.04168783067142411,0.1157068412148728,0.1781637780159645,0.406,False,False,2000,1.465351661614058,1.1924328907345711,7.8961824827375455
438,2023-03-25 12:00:00,0.0,0.028276410960270483,0.04151685879138853,0.11817006887790824,0.16819844377092502,1.0,False,False,2000,1.4664141500071621,0.0,8.058437575587433
439,2023-03-25 18:00:00,0.0,0.028974389460539735,0.04143388469386684,0.11120733482628015,0.16151315887759995,1.0,False,False,2000,1.482825970220192,0.0,7.499688908858699
440,2023-03-26 00:00:00,0.0,0.030287682177373043,0.04282721457709948,0.12190535182853139,0.17393579110780008,1.0,False,False,2000,1.4847222472972261,0.0,8.210650311898181
441,2023-03-26 06:00:00,0.0,0.030408063712474696,0.04352606570248873,0.12363117582791382,0.16712722411010103,1.0,False,False,2000,1.5242767088715652,0.0,8.110809219110815
442,2023-03-26 12:00:00,0.0,0.028761797566912904,0.04209230219867557,0.12216823103900036,0.15583574295311384,1.0,False,False,2000,1.5182927182484995,0.0,8.046421455536814
443,2023-03-26 18:00:00,0.0,0.027643630634617018,0.0418844948279092,0.11861647259983774,0.17104099092188524,1.0,False,False,2000,1.5340242160636588,0.0,7.732372889406551
444,2023-03-27 00:00:00,0.0,0.0295425744830266,0.04195836750267224,0.11443540131885732,0.17615562121365538,1.0,False,False,2000,1.5273127829229418,0.0,7.492597626260487
445,2023-03-27 06:00:00,0.006560865029342711,0.02901317719658548,0.04225662695631312,0.11959544385094102,0.1766033155353539,0.4825,False,False,2000,1.4992338389775148,0.43761452408366497,7.9771040875455235
446,2023-03-27 12:00:00,0.0,0.02915107131883685,0.041797216056928675,0.11552888204742587,0.16248942442435554,1.0,False,False,2000,1.4993740799446762,0.0,7.70514067121186
447,2023-03-27 18:00:00,0.0,0.028872356005694853,0.04185891467211671,0.11944745783010118,0.16795292712558307,1.0,False,False,2000,1.5151768477308982,0.0,7.883400410254655
448,2023-03-28 00:00:00,0.0038982375087000245,0.02818750283259878,0.04249436108802372,0.11635791091405347,0.18157727443528052,0.4885,False,False,2000,1.5086501079603756,0.25839241903281734,7.712716838721731
449,2023-03-28 06:00:00,0.007915198060750755,0.029888071744848255,0.04301188140161408,0.12036069951105823,0.17562330714482385,0.479,False,False,2000,1.4949349978615096,0.5294677074303145,8.051232975563021
450,2023-03-28 12:00:00,0.005743942124874968,0.029168061201720996,0.04283981802664153,0.12032429559371706,0.1747171305775552,0.4815,False,False,2000,1.463520446454447,0.39247433397943665,8.221565737958567
451,2023-03-28 18:00:00,0.0022028042905823816,0.028739696185023186,0.042732667002737035,0.11999434843481847,0.1766105754387794,0.496,False,False,2000,1.4385907176574289,0.1531223761939311,8.34110403758303
452,2023-03-29 00:00:00,0.0,0.029537539994309824,0.04172274522195846,0.11882093812920173,0.16480038735887653,1.0,False,False,2000,1.4691744409214658,0.0,8.08759905016298
453,2023-03-29 06:00:00,0.010422515785293423,0.029688154778581867,0.04377905459772324,0.12064428163041459,0.18008282523414526,0.4525,False,False,2000,1.4431499609432887,0.722206012359307,8.359788303050477
454,2023-03-29 12:00:00,0.025178494614758067,0.026484889334224368,0.040388334072654505,0.10948860863893986,0.16465493168232528,0.341,False,False,2000,1.4613732553119296,1.7229338584948801,7.492172738276201
455,2023-03-29 18:00:00,0.028288339107907248,0.02751253994251123,0.04082708374178277,0.11613206370534912,0.1667113021395375,0.3385,False,False,2000,1.4607954813567843,1.9365023693551604,7.949919423182078
456,2023-03-30 00:00:00,0.04337153384461412,0.029099426476245686,0.0416442315110263,0.11663212520222203,0.17045332014764758,0.2725,False,False,2000,1.4694694159343096,2.9515098017224046,7.937022978328928
457,2023-03-30 06:00:00,0.037551700274590656,0.029394540946511137,0.043251014708962365,0.12090659078060007,0.17934053041445372,0.301,False,False,2000,1.5126706332459217,2.4824769813909455,7.9929224593430535
458,2023-03-30 12:00:00,0.017907399286260343,0.02790508743435025,0.041943782996290715,0.11737374603456678,0.16929475103201505,0.39,False,False,2000,1.5352906291861321,1.1663849792239775,7.645050637532218
459,2023-03-30 18:00:00,0.02635857723472519,0.028261802746266197,0.04227527661051966,0.11689420325230163,0.17341700523658699,0.3445,False,False,2000,1.5357124102298108,1.7163745672134518,7.611724856401275
460,2023-03-31 00:00:00,0.033043152918042176,0.027729919434116616,0.04166059594654035,0.12099790559626974,0.16744821831353046,0.301,False,False,2000,1.5392509027027814,2.1467034945389,7.860830575691635
461,2023-03-31 06:00:00,0.03592118472958452,0.030289917478559247,0.04353164107386851,0.11806886516485801,0.16969761699506147,0.3245,False,False,2000,1.5463498103998221,2.3229662840839866,7.635327037310548
462,2023-03-31 12:00:00,0.0841446069245543,0.027002130457290545,0.04145747256224298,0.11726432911669253,0.16784238432578447,0.11,False,False,2000,1.4984241688872488,5.6155398899526086,7.825843412801777
463,2023-03-31 18:00:00,0.09075786212308228,0.02753845306170235,0.040335675719349116,0.11108133534968154,0.16304469482111936,0.0855,False,False,2000,1.4874640370785006,6.1015163970846675,7.467833344586551
464,2023-04-01 00:00:00,0.07908678937842163,0.029970422965344284,0.04179693844634722,0.11759465432167024,0.1686120418207329,0.137,False,False,2000,1.4606571367042993,5.414466365246141,8.050804762231927
465,2023-04-01 06:00:00,0.08849145093297435,0.028871488697216008,0.0421614932098903,0.11931999153088038,0.16246930315557084,0.1015,False,False,2000,1.4293275916374728,6.191124515521062,8.347980702883127
466,2023-04-01 12:00:00,0.09299737954105745,0.029257299014445855,0.04263775513290822,0.11858295097668556,0.17129995533921885,0.1,False,False,2000,1.388102058528971,6.699606773842739,8.542812125958001
467,2023-04-01 18:00:00,0.08707644136295518,0.028130442073538434,0.04277887140771269,0.11821408290845992,0.18455571120005687,0.108,False,False,2000,1.4072935436835998,6.187510896627298,8.400101275177729
468,2023-04-02 00:00:00,0.07659933415980039,0.026758923822483988,0.04125876968391619,0.11463237709085757,0.17471735901482657,0.127,False,False,2000,1.469220124566444,5.213605019357074,7.802260204180414
469,2023-04-02 06:00:00,0.0658895144075093,0.03010255432757819,0.042627923489227344,0.1216695524872203,0.1674281051556726,0.1875,False,False,2000,1.454584730618864,4.529781800987015,8.364555871245472
470,2023-04-02 12:00:00,0.07627429432837629,0.027701901228016475,0.04159065442134112,0.11862520263526072,0.16986901348770767,0.138,False,False,2000,1.4764245705618255,5.16614907725029,8.03462669211202
471,2023-04-02 18:00:00,0.07175315989681429,0.026940220968244076,0.0400726480636737,0.11220113192727461,0.15613273025824248,0.153,False,False,2000,1.453634213949177,4.936122114371407,7.718663392109555
472,2023-04-03 00:00:00,0.08773570137110011,0.02922416884726965,0.04258067256671008,0.11904070566247624,0.17325275862833525,0.107,False,False,2000,1.4396138237759777,6.09439142095602,8.268933216426275
473,2023-04-03 06:00:00,0.06996874712212124,0.02538148657699297,0.03933813366220884,0.11136119323546836,0.1605784597434504,0.1395,False,False,2000,1.4426459460447754,4.850029025759978,7.719232396609947
474,2023-04-03 12:00:00,0.0643560602272221,0.025292420792964777,0.039591010790601004,0.11454445540392927,0.16154487321735736,0.1475,False,False,2000,1.4413245987141599,4.46506361472188,7.947165788061699
475,2023-04-03 18:00:00,0.04752265585425449,0.024640171918576967,0.038218839839890696,0.10736488909831102,0.15414656391768605,0.211,False,False,2000,1.4409296752403706,3.2980551841523384,7.451084597893426
476,2023-04-04 00:00:00,0.04213940295882818,0.024618738389853713,0.03901281454311082,0.10479798902335492,0.1674392182547429,0.2445,False,False,2000,1.4642110891931943,2.8779595558211297,7.157300596671511
477,2023-04-04 06:00:00,0.04709964722276752,0.025922169139072034,0.039062147416000906,0.10946870909601246,0.1561052368964027,0.2305,False,False,2000,1.424732899444845,3.3058580482783935,7.683454852391458
478,2023-04-04 12:00:00,0.03417213490518092,0.02499127903990822,0.03811546285618398,0.1093056471604205,0.15507002811631532,0.2885,False,False,2000,1.4318389689808566,2.3865906463981563,7.633934368906109
479,2023-04-04 18:00:00,0.031187082786569176,0.02361260845817742,0.03785667642098017,0.10337829655744835,0.16434582457541583,0.278,False,False,2000,1.4081640767852919,2.2147335882737753,7.3413530611753295
480,2023-04-05 00:00:00,0.03077873602446012,0.02349390219315337,0.03845699580499412,0.10580191728867983,0.157570326130478,0.279,False,False,2000,1.425060438373437,2.159819695759076,7.424381060598528
481,2023-04-05 06:00:00,0.039818047385527994,0.024907092638251856,0.039115647042526576,0.10937097474478484,0.16156242508103993,0.259,False,False,2000,1.4212109732084266,2.801698561026274,7.69561851171727
482,2023-04-05 12:00:00,0.045829049718745934,0.025404314095454843,0.04047689464963946,0.11477153526275105,0.16658419747984096,0.232,False,False,2000,1.385985452847604,3.3066039491674997,8.280861464090037
483,2023-04-05 18:00:00,0.046579971191185114,0.025734559040633664,0.03965869940409817,0.11209552695521954,0.15987080294701184,0.228,False,False,2000,1.407336248622367,3.309796875962086,7.965084894597803
484,2023-04-06 00:00:00,0.042057141132238435,0.024821750596926997,0.037895743579163234,0.11016594947987939,0.146534132730972,0.249,False,False,2000,1.3966411214713756,3.0113062321930495,7.887921083393165
485,2023-04-06 06:00:00,0.03383890132541839,0.025648444582433413,0.03973937294505297,0.11022242996412003,0.16765505826793944,0.2805,False,False,2000,1.4152892668534864,2.390953009956053,7.787978934452731
486,2023-04-06 12:00:00,0.03550945980914656,0.025108827347334464,0.03968042262466424,0.10921596622877654,0.16883591585549393,0.279,False,False,2000,1.424241535109522,2.493218947333673,7.668359862878034
487,2023-04-06 18:00:00,0.023069893077587687,0.0271242721704801,0.040462611295554396,0.11294552482106446,0.16579272532174372,0.3645,False,False,2000,1.4113565186079453,1.6345900396833875,8.002621827436297
488,2023-04-07 00:00:00,0.02100226357433883,0.02416590538180055,0.0386990700055546,0.10464604769460682,0.16443588401438267,0.345,False,False,2000,1.429549726879032,1.4691523617153637,7.320210394014641
489,2023-04-07 06:00:00,0.0,0.02523634454332487,0.039831824509850317,0.11246280206549089,0.1651070077819619,1.0,False,False,2000,1.4289063888655407,0.0,7.870550719195754
490,2023-04-07 12:00:00,0.0,0.0245462971018785,0.03796186783065497,0.10935360586721857,0.1552857646501089,1.0,False,False,2000,1.455091480134253,0.0,7.5152392382318896
491,2023-04-07 18:00:00,0.0,0.024486764713127187,0.03781176891456754,0.10761932722651943,0.14805218975257062,1.0,False,False,2000,1.4537060599426705,0.0,7.403100956376531
492,2023-04-08 00:00:00,0.0,0.024852979949638487,0.03909454915181277,0.10721544496364967,0.17290817412820877,1.0,False,False,2000,1.4729429766938222,0.0,7.278994955005398
493,2023-04-08 06:00:00,0.0,0.024114728343248824,0.03818769583089444,0.107674556921089,0.14740138605510086,1.0,False,False,2000,1.4298208241760073,0.0,7.530632866753837
494,2023-04-08 12:00:00,0.0,0.024679293413292485,0.03872073199548225,0.10917888987536722,0.15812033549697063,1.0,False,False,2000,1.43659144387661,0.0,7.599856614818087
495,2023-04-08 18:00:00,0.0,0.02654424495096822,0.04023693606120392,0.11439537788753662,0.15592442416841726,1.0,False,False,2000,1.4836063751469935,0.0,7.710628627906948
496,2023-04-09 00:00:00,0.0,0.02421159555236364,0.03873696152767466,0.10529000606302905,0.1593427734303209,1.0,False,False,2000,1.4793474412717005,0.0,7.117327757197995
497,2023-04-09 06:00:00,0.0,0.025308831693900594,0.039162544670561454,0.11231704259437592,0.15359636522829864,1.0,False,False,2000,1.5206629050415272,0.0,7.386057897644889
498,2023-04-09 12:00:00,0.0,0.02570594082601614,0.03968062963331966,0.11038625274560175,0.15804797021799585,1.0,False,False,2000,1.5396896092895764,0.0,7.169383496491526
499,2023-04-09 18:00:00,0.0,0.023912121164507864,0.0387069734333927,0.10609763247835534,0.17071892799915073,1.0,False,False,2000,1.5488183312030648,0.0,6.850230936764716
500,2023-04-10 00:00:00,0.021374095253773148,0.0253111540621626,0.039442263873341675,0.11269225918564248,0.1556772269014797,0.3455,False,False,2000,1.5874986995590905,1.3464008039634652,7.0987308031774425
501,2023-04-10 06:00:00,0.032906888796194286,0.02410437030613195,0.0382726652990919,0.10398503206907601,0.16130390511260628,0.2705,False,False,2000,1.6027486555608217,2.0531534175381827,6.4879188454343355
502,2023-04-10 12:00:00,0.02857702632779215,0.025475086996696098,0.03936657067136195,0.11204310735931536,0.145978811737703,0.3125,False,False,2000,1.5975628492416438,1.788788863070867,7.013377120812601
503,2023-04-10 18:00:00,0.022473153760062807,0.0248853273779232,0.04004373064141968,0.10923418743812631,0.16696004060675157,0.3385,False,False,2000,1.5847336096680675,1.418102930546791,6.892905329433008
504,2023-04-11 00:00:00,0.0,0.0246316569497068,0.038854291165315614,0.10861328340170665,0.15569000102820896,1.0,False,False,2000,1.5724544859301242,0.0,6.907244971065772
505,2023-04-11 06:00:00,0.0,0.023541856597290647,0.03816785248872417,0.1049220937126289,0.15609023409886288,1.0,False,False,2000,1.5917723210053871,0.0,6.59152645940963
506,2023-04-11 12:00:00,0.0,0.022279315580660323,0.037363039790130705,0.10302093587096393,0.15329022353287053,1.0,False,False,2000,1.5942397244927387,0.0,6.462073067696486
507,2023-04-11 18:00:00,0.0,0.023680505483623094,0.037093342161782436,0.10256190111906555,0.15143857215477383,1.0,False,False,2000,1.6258730678599556,0.0,6.308112431806374
508,2023-04-12 00:00:00,0.0,0.023341477296991132,0.03792197968072165,0.10547179414251413,0.15832096937292903,1.0,False,False,2000,1.6126404203681968,0.0,6.540316911964348
509,2023-04-12 06:00:00,0.0,0.023551450205459838,0.03722305827376481,0.10201519453399102,0.1575750247146167,1.0,False,False,2000,1.5987347742901625,0.0,6.3809955331262325
510,2023-04-12 12:00:00,0.0,0.021803228050122303,0.03446654542366393,0.09517073558787206,0.13977675836609726,1.0,False,False,2000,1.6044714086318734,0.0,5.931594360352222
511,2023-04-12 18:00:00,0.0,0.022393026430963914,0.03701842296095736,0.10242385859776523,0.149196090172314,1.0,False,False,2000,1.5900083295744363,0.0,6.441718366669114
512,2023-04-13 00:00:00,0.0,0.021268227002374428,0.03644819501966562,0.10238180521044025,0.15310113413909215,1.0,False,False,2000,1.567645720179322,0.0,6.530927485243851
513,2023-04-13 06:00:00,0.0,0.021891137291189574,0.03606685713891391,0.09835395778404508,0.1512644490108868,1.0,False,False,2000,1.5509773028061256,0.0,6.34141825325857
514,2023-04-13 12:00:00,0.0,0.021425536806950717,0.03693180207339763,0.10151131755162192,0.15345464270460107,1.0,False,False,2000,1.5419850784928713,0.0,6.583158226851235
515,2023-04-13 18:00:00,0.0,0.02224357516971618,0.036100904620740136,0.09833707274348566,0.14689248659972526,1.0,False,False,2000,1.581141823494929,0.0,6.219370791553857
516,2023-04-14 00:00:00,0.0,0.022491753877731193,0.03707802025827529,0.10155051586279033,0.15549911887911136,1.0,False,False,2000,1.544769698687555,0.0,6.573828833454478
517,2023-04-14 06:00:00,0.0,0.020505915284457252,0.03485255475254597,0.09623700961404352,0.15335385793391856,1.0,False,False,2000,1.5455757598337219,0.0,6.2266122512426705
518,2023-04-14 12:00:00,0.0,0.022345549970983713,0.03651196495575398,0.10133979997183985,0.15704719014793578,1.0,False,False,2000,1.530222595278301,0.0,6.6225528419549455
519,2023-04-14 18:00:00,0.0,0.022233022423502308,0.03731380873464895,0.1030895266549952,0.16138722792275023,1.0,False,False,2000,1.5426197240362407,0.0,6.682756939296941
520,2023-04-15 00:00:00,0.0,0.02072991886448521,0.036132789707693624,0.09760600134515134,0.15723812226416597,1.0,False,False,2000,1.5918284596860033,0.0,6.131690933858831
521,2023-04-15 06:00:00,0.0,0.019112570745696316,0.034050640645151,0.09496025054896404,0.14711042341736474,1.0,False,False,2000,1.5640830632705713,0.0,6.071304828939052
522,2023-04-15 12:00:00,0.0,0.020522449169979324,0.03479299867902361,0.09858034497626388,0.142486343263172,1.0,False,False,2000,1.5556431022293233,0.0,6.336951247686101
523,2023-04-15 18:00:00,0.0,0.021077135733150128,0.03592309411529777,0.10275177815917698,0.14797719612094543,1.0,False,False,2000,1.5419082781599283,0.0,6.663935826442166
524,2023-04-16 00:00:00,0.0,0.020093321304747225,0.03548360011112448,0.09606983772002332,0.14914678485923943,1.0,False,False,2000,1.4314732972064523,0.0,6.711256012075493
525,2023-04-16 06:00:00,0.0,0.01953272580098251,0.03387236092970049,0.0972332297826321,0.13420351968532054,1.0,False,False,2000,1.4370566690861961,0.0,6.766137472119407
526,2023-04-16 12:00:00,0.004436704662391187,0.018675025648561695,0.03344052539288054,0.09149555953651779,0.1411027362696555,0.3645,False,False,2000,1.4420328116586685,0.3076701602432998,6.344901364017988
527,2023-04-16 18:00:00,0.00020832601295564719,0.019812258070544757,0.034746700035942886,0.09369196338356102,0.1473184691120171,0.405,False,False,2000,1.4322815551081904,0.014545046133747833,6.541448715122482
528,2023-04-17 00:00:00,0.0,0.018514119313755385,0.03209732506668626,0.09134338321017249,0.1363789537882982,1.0,False,False,2000,1.4559298669409482,0.0,6.273886214182413
529,2023-04-17 06:00:00,0.0,0.017588235650441035,0.03269774915876031,0.08766258910570496,0.14877067738344923,1.0,False,False,2000,1.4773622440305738,0.0,5.933723395187212
530,2023-04-17 12:00:00,0.0,0.018523846431159015,0.033267082644122106,0.09388193511383496,0.14342827022161675,1.0,False,False,2000,1.4578748743040078,0.0,6.43964285060159
531,2023-04-17 18:00:00,0.0,0.018242846742199524,0.03382926323603184,0.09309417343618603,0.14654615756200368,1.0,False,False,2000,1.4609579748586128,0.0,6.372132192590647
532,2023-04-18 00:00:00,0.0,0.017709063831795352,0.032425392405260337,0.09003353480763991,0.1413080207559898,1.0,False,False,2000,1.484505960341859,0.0,6.064882002016789
533,2023-04-18 06:00:00,0.0,0.020186013391870376,0.033904215754308416,0.09542290717252565,0.14341143722533925,1.0,False,False,2000,1.4943147879383123,0.0,6.385729964178395
534,2023-04-18 12:00:00,0.0,0.018254693416004938,0.03326188536829266,0.09192752679484704,0.14218655312490494,1.0,False,False,2000,1.5024253021121987,0.0,6.118608803087239
535,2023-04-18 18:00:00,0.0,0.019338058580651765,0.03454433005033942,0.09741188838153353,0.14116502305273576,1.0,False,False,2000,1.502329736694634,0.0,6.484055131322587
536,2023-04-19 00:00:00,0.0,0.018060151797836106,0.03304945127757494,0.09315051813355682,0.13727102099376787,1.0,False,False,2000,1.425886246144982,0.0,6.532815530369132
537,2023-04-19 06:00:00,0.0,0.01693204643056639,0.03133821294278891,0.08529282294837899,0.14104007606596605,1.0,False,False,2000,1.422075737349459,0.0,5.9977693668659535
538,2023-04-19 12:00:00,0.0,0.018133568047374374,0.033036273998574686,0.09274859993205731,0.14866216602694357,1.0,False,False,2000,1.4035371475743745,0.0,6.608204142822125
539,2023-04-19 18:00:00,0.0,0.018832554600010314,0.03340062170206592,0.09227499620405527,0.14378958078523876,1.0,False,False,2000,1.3492775330102742,0.0,6.838844785193102
540,2023-04-20 00:00:00,0.0,0.017345534024971326,0.03216637143469363,0.08805021494902364,0.14152705204482363,1.0,False,False,2000,1.3646127592275075,0.0,6.452395696407523
541,2023-04-20 06:00:00,0.0074157795702977656,0.018505383205755753,0.03287131726142772,0.09105063027633181,0.13729464130979643,0.349,False,False,2000,1.3537526884865243,0.5477942635584715,6.7257949735357565
542,2023-04-20 12:00:00,0.0191789007744816,0.019098865069661356,0.03429206903673385,0.09717998533811556,0.143971907656484,0.2895,False,False,2000,1.3546876550614022,1.4157433783961293,7.173608246523131
543,2023-04-20 18:00:00,0.01577546781741798,0.0190859979117166,0.03355535853961148,0.09122733904420212,0.1431870449601549,0.3095,False,False,2000,1.3375010261249836,1.1794733244521511,6.820730396634277
544,2023-04-21 00:00:00,0.00862337438821522,0.018151094253209363,0.03240520898966409,0.09016902929879513,0.13442991112530708,0.3385,False,False,2000,1.2849388420705492,0.6711116596272803,7.01737906478855
545,2023-04-21 06:00:00,0.0061382454584971175,0.02000013707457902,0.03506969454468239,0.09747933412435582,0.1486694978509281,0.3705,False,False,2000,1.1146622980765113,0.550682073762558,8.74518984741554
546,2023-04-21 12:00:00,0.0024783107290330983,0.019353354514898953,0.03422567799338467,0.09350999850618845,0.1447939524702779,0.3855,False,False,2000,1.0722723220388606,0.23112698874113818,8.720732278940565
547,2023-04-21 18:00:00,0.005551148283051467,0.019937428109391427,0.03527075724035552,0.0958222709712893,0.15391538323855217,0.384,False,False,2000,1.0194578081150099,0.5445196690695429,9.399336608982953
548,2023-04-22 00:00:00,0.0,0.019295809533685405,0.033751147413104914,0.09269290740481476,0.14144442976503205,1.0,False,False,2000,0.9865408928105306,0.0,9.395749135217736
549,2023-04-22 06:00:00,0.0,0.022205851491327484,0.03729625663254052,0.10296147179898484,0.15086675148071352,1.0,False,False,2000,0.9615434802992743,0.0,10.707937176895916
550,2023-04-22 12:00:00,0.0,0.022425932092890847,0.037003647714017464,0.10095576822884217,0.15761534045996567,1.0,False,False,2000,1.0457950390675494,0.0,9.653494657887862
551,2023-04-22 18:00:00,0.0,0.020135289829269657,0.035529087378763216,0.10051531899388909,0.14949573167334257,1.0,False,False,2000,1.0529558590389778,0.0,9.546014501085393
552,2023-04-23 00:00:00,0.0,0.021696151587852316,0.03611300982499911,0.10054056277221947,0.15592978249107828,1.0,False,False,2000,1.1257354011488652,0.0,8.9311007426446
553,2023-04-23 06:00:00,0.0,0.02113531713559712,0.03614155476623861,0.09929889591298047,0.15294984998905578,1.0,False,False,2000,1.1263295473110868,0.0,8.816149425364813
554,2023-04-23 12:00:00,0.0,0.0210036098109599,0.03626649943803716,0.09836587143467117,0.15085699704862357,1.0,False,False,2000,1.1854209446010069,0.0,8.297969753502162
555,2023-04-23 18:00:00,0.00023736410135772763,0.02096559489275223,0.036317623887398065,0.09917177789960771,0.14999749410670604,0.408,False,False,2000,1.2119615183777592,0.019585118649265813,8.182749732215228
556,2023-04-24 00:00:00,0.005214294149227616,0.020927506444129856,0.03590184587346521,0.10079813191526818,0.14876619548950573,0.3785,False,False,2000,1.2307104595712082,0.4236816310998387,8.190239315134061
557,2023-04-24 06:00:00,0.0,0.019011182214781142,0.0332258250114775,0.09237665475750081,0.1387574923800198,1.0,False,False,2000,1.2965106478268638,0.0,7.125020909958374
558,2023-04-24 12:00:00,0.015281070676767797,0.018753032482825532,0.03300610396731571,0.09083478634480542,0.14401608285865156,0.31,False,False,2000,1.3114995208501785,1.165160218042768,6.926025126255619
559,2023-04-24 18:00:00,0.010733598114341318,0.01756695248446121,0.032200362061308815,0.08818247962778551,0.13595867498322073,0.3195,False,False,2000,1.2876062839387308,0.8336087085182371,6.848559278387427
560,2023-04-25 00:00:00,0.01969970539932538,0.02021474901177283,0.0352215829309362,0.09719566994448972,0.15589603656892917,0.3005,False,False,2000,1.299616485440601,1.5158091344652889,7.4787963244047395
561,2023-04-25 06:00:00,0.019949472844067274,0.01956366186680084,0.0346926477687721,0.09638267286303723,0.14606167386287922,0.286,False,False,2000,1.3040681472800977,1.5297876024098895,7.390923017640076
562,2023-04-25 12:00:00,0.025043833945772597,0.019456299232584493,0.03303076273375009,0.0902536834672121,0.1406205219295644,0.2715,False,False,2000,1.2809773505675532,1.9550567334134838,7.045689248699367
563,2023-04-25 18:00:00,0.022039184394025513,0.019473607416496806,0.03430912123326885,0.09683058714749657,0.1499439355442539,0.2785,False,False,2000,1.281259945764949,1.720118112399704,7.557450575705457
564,2023-04-26 00:00:00,0.04272904320874269,0.019179737120987264,0.0345803977047661,0.09550387408020847,0.15184305918802304,0.1815,False,False,2000,1.2866241157397926,3.321019922292847,7.422826364893289
565,2023-04-26 06:00:00,0.03022309643709595,0.019929671644614535,0.03411986146746316,0.09831720164768096,0.14136223721675803,0.242,False,False,2000,1.2920096928832165,2.3392314007839095,7.609633440773865
566,2023-04-26 12:00:00,0.023440923322728558,0.018131544950308148,0.03282507315664173,0.09037893779349034,0.14317892033668775,0.2585,False,False,2000,1.2677080925345414,1.849078937081082,7.129317729036093
567,2023-04-26 18:00:00,0.0,0.01861902185817171,0.033454167307319115,0.09004323268595697,0.14230346319124024,1.0,False,False,2000,1.2724304718649226,0.0,7.076475664244835
568,2023-04-27 00:00:00,0.0,0.018517505400681658,0.032951465510870324,0.09363774645117873,0.14631547853059365,1.0,False,False,2000,1.315084849921401,0.0,7.12028174127131
569,2023-04-27 06:00:00,0.006310988626515366,0.01871033675023055,0.0327360260708732,0.09538494671208551,0.13464581718855356,0.3545,False,False,2000,1.3105246709925584,0.48156198553176277,7.278378562674701
570,2023-04-27 12:00:00,0.036596700646167935,0.019018405697957163,0.033264215911419245,0.08950810915069095,0.14583876451862857,0.211,False,False,2000,1.2768494749826353,2.8661718834685375,7.010075259803685
571,2023-04-27 18:00:00,0.057441129200708686,0.019707312264569395,0.03436924296616519,0.09567800358266713,0.14102486762317573,0.138,False,False,2000,1.2703225665991078,4.521775075954872,7.5317880748049
572,2023-04-28 00:00:00,0.05478198271153903,0.01816411502409677,0.03341629538709127,0.09709320024180924,0.14508786461797224,0.1255,False,False,2000,1.3017766259427899,4.208247530321425,7.458514641211285
573,2023-04-28 06:00:00,0.07559353073908365,0.018222933618174446,0.03363635511092896,0.09299113265614299,0.1451661717377713,0.0825,False,False,2000,1.3394576230803465,5.643592558399977,6.942446782473907
574,2023-04-28 12:00:00,0.06439198836428925,0.01710698420223675,0.031785181266132806,0.0898634308014657,0.13318299792636562,0.1035,False,False,2000,1.3923500055649045,4.62469839529782,6.454083415973147
575,2023-04-28 18:00:00,0.07479048447281679,0.018501210594372982,0.03261072015858401,0.09232630342909864,0.14467542069778414,0.078,False,False,2000,1.446486104227318,5.170494500724448,6.382799195877335
576,2023-04-29 00:00:00,0.08310539240920117,0.01924982959404335,0.035002572286480335,0.09583247698432795,0.1486373547155911,0.075,False,False,2000,1.51431711109158,5.487978165240139,6.328428588860631
577,2023-04-29 06:00:00,0.09313487517961425,0.018100925501523684,0.032487365831092636,0.09214599822729838,0.13743426518743332,0.048,True,False,2000,1.5596193838510888,5.971641295560269,5.908236277479891
578,2023-04-29 12:00:00,0.09984716273482439,0.017237165990534896,0.03185428777358173,0.08682177971848788,0.12982809633674028,0.0315,True,False,2000,1.6051273112128845,6.220513602710849,5.409027627402503
579,2023-04-29 18:00:00,0.102481776228341,0.017366554405763082,0.03169147189246672,0.08629645918870431,0.13674194869376105,0.0305,True,False,2000,1.6184350652690092,6.332152486532225,5.332092775335444
580,2023-04-30 00:00:00,0.09731378239186855,0.01937395234786952,0.035526237313967354,0.09844039688884364,0.1484306789045027,0.051,False,False,2000,1.6145946937007158,6.027133792247357,6.096910715296252
581,2023-04-30 06:00:00,0.08847432869161419,0.019096090151425108,0.03425307003170156,0.09357816707672453,0.14364116323655315,0.057,False,False,2000,1.5682242792932455,5.641688491871014,5.967141837575527
582,2023-04-30 12:00:00,0.08426234021908688,0.019980602787533195,0.03511902781673443,0.09503127848529869,0.15306179021707478,0.065,False,False,2000,1.5667810804019822,5.3780544884718715,6.065383331085216
583,2023-04-30 18:00:00,0.0819612721595417,0.019454272309130757,0.03389186672046804,0.09259165542662377,0.14256055614310614,0.0685,False,False,2000,1.576564297788244,5.198726894584944,5.873002170385329
584,2023-05-01 00:00:00,0.05677720229782501,0.019097993091709814,0.03321991786886467,0.09317843956258949,0.13429682969653717,0.1345,False,False,2000,1.5799850936436495,3.5935277191058463,5.897425231253795
585,2023-05-01 06:00:00,0.049210667714487656,0.017755322945473245,0.03242252738041576,0.09200512265484326,0.13566570762409383,0.141,False,False,2000,1.5625587429681311,3.149364331801721,5.8881064836049966
586,2023-05-01 12:00:00,0.06580389839177074,0.01988861891250511,0.033152864741156945,0.09284617085822312,0.13836534430766445,0.108,False,False,2000,1.549213328294607,4.247568568507506,5.9931172268204875
587,2023-05-01 18:00:00,0.07230824836467291,0.019022014580544252,0.03337573827558333,0.09534683023896016,0.13530524500534763,0.0915,False,False,2000,1.5710473595363368,4.602550516746564,6.068997835119361
588,2023-05-02 00:00:00,0.07140095269851501,0.01919092573450917,0.03431389571970945,0.09375706433169649,0.1511568229551064,0.097,False,False,2000,1.5753764772158894,4.532310449671024,5.951406897822306
589,2023-05-02 06:00:00,0.054017292851546765,0.01817743992115784,0.032052654716899755,0.08653810335032922,0.13531187801306058,0.1455,False,False,2000,1.5946382383069992,3.3874324316276287,5.4268172724997035
590,2023-05-02 12:00:00,0.03894248936614684,0.017879615347318727,0.031858340623932176,0.08801742932485337,0.1330796525510615,0.1925,False,False,2000,1.6016436623462829,2.431407826950667,5.495443923894702
591,2023-05-02 18:00:00,0.041515240680187034,0.01884136792850803,0.032962423969675206,0.09143784421548522,0.13831780753864253,0.1825,False,False,2000,1.6489729240987914,2.5176423501845093,5.5451392123650844
592,2023-05-03 00:00:00,0.056329490749929205,0.017503280256720835,0.031819351037760034,0.08838429566731755,0.13419307531419633,0.118,False,False,2000,1.6459110399729988,3.4223897514444825,5.369931516393954
593,2023-05-03 06:00:00,0.09024818805181915,0.019241559846036628,0.032866024488129475,0.09092716881255912,0.13812072253076293,0.051,False,False,2000,1.6485395136362542,5.474432811910881,5.51561961726942
594,2023-05-03 12:00:00,0.08272216321811506,0.01880000736986289,0.033549773928359894,0.09106275080340964,0.14404884751018054,0.0605,False,False,2000,1.6455011520630916,5.027171394830074,5.534043576282961
595,2023-05-03 18:00:00,0.08442167730928525,0.019023159157352885,0.033317265097180096,0.0931570701661357,0.13837358691516158,0.065,False,False,2000,1.7990014475648983,4.6926964635607815,5.178265436763919
596,2023-05-04 00:00:00,0.08160628322355709,0.019897438511892802,0.03419842985817708,0.09307949179417202,0.14642129102166038,0.069,False,False,2000,1.7934410801916618,4.550262850833994,5.189994409196023
597,2023-05-04 06:00:00,0.0924145471887823,0.01976735538146713,0.0336347437870983,0.09532203855790934,0.14273035624463445,0.0545,False,False,2000,1.8209150874669593,5.0751706010266755,5.23484259172733
598,2023-05-04 12:00:00,0.1007499107689768,0.022387561813193343,0.036384223717158035,0.09955444670529454,0.15320930531040663,0.0475,True,False,2000,1.831115859933393,5.502104644139862,5.436818547839777
599,2023-05-04 18:00:00,0.09208609579824467,0.022330700354824838,0.0350228992606044,0.1014154959075736,0.1417073325830967,0.062,False,False,2000,1.8627831228862692,4.94346844068261,5.444299696597875
600,2023-05-05 00:00:00,0.08105658331183528,0.022712970488847843,0.03618399568987427,0.10054896673396715,0.14902774908794628,0.084,False,False,2000,1.859220817800472,4.359707170648415,5.408123971681877
601,2023-05-05 06:00:00,0.09671153751433839,0.02728349141652485,0.03898962000161898,0.10861971099648504,0.1567582137417528,0.075,False,False,2000,1.8769533217710141,5.152580854972219,5.787022497394664
602,2023-05-05 12:00:00,0.1116751711356227,0.026332842456526603,0.03822153506200739,0.10639557822564055,0.15435240903773037,0.0415,True,False,2000,1.8630401787377173,5.994243839190146,5.710857953569618
603,2023-05-05 18:00:00,0.12767464855909613,0.02609534294581188,0.038067359474047595,0.10779681491539234,0.1494317351671939,0.022,True,False,2000,1.8326421938726547,6.966698081380522,5.88204371130412
604,2023-05-06 00:00:00,0.10671697805851783,0.026079837919295065,0.03925428265642547,0.10599861908902128,0.1626681225464061,0.05,True,False,2000,1.7899502604272166,5.96200801876177,5.921875117564554
605,2023-05-06 06:00:00,0.10457199840493692,0.027542665221265358,0.0404720015234044,0.1115146572559195,0.16456043634824183,0.063,False,False,2000,1.8030820161767978,5.79962516772633,6.184669152896989
606,2023-05-06 12:00:00,0.09614358225025389,0.0274763954995362,0.03968980947659135,0.1104743755131442,0.1642920887540599,0.076,False,False,2000,1.7826553042623292,5.393279453429643,6.197180983278144
607,2023-05-06 18:00:00,0.10335195159026472,0.027181334993222093,0.03954944490761277,0.11280242197885744,0.15396564125168125,0.063,False,False,2000,1.787241326179005,5.782764200692688,6.3115383651082535
608,2023-05-07 00:00:00,0.08108189443686421,0.02860066062309821,0.03976863536677039,0.11343731005161332,0.15803037534536163,0.1155,False,False,2000,1.713331514390067,4.732411314206682,6.620861701245024
609,2023-05-07 06:00:00,0.07579092714907087,0.02567440594099338,0.037566711315081776,0.10456200781078683,0.14743946440971928,0.1205,False,False,2000,1.7089693915962019,4.434890848353993,6.118424842771725
610,2023-05-07 12:00:00,0.09343157309100665,0.02825627676315626,0.04131695770379642,0.11115410769146769,0.17243422058011856,0.089,False,False,2000,1.6881715215867965,5.534483427559876,6.584289941521369
611,2023-05-07 18:00:00,0.0875776014823889,0.03261613923223716,0.04375766462184382,0.12137554536044323,0.17503193531509045,0.123,False,False,2000,1.7268185613189975,5.071615712509739,7.0288534116596955
612,2023-05-08 00:00:00,0.10236675484738458,0.033301889559871525,0.044192998881717266,0.12204343078813093,0.17614411798450968,0.09,False,False,2000,1.7140246565852735,5.972303516993882,7.1202844322711885
613,2023-05-08 06:00:00,0.09169447765891346,0.03020289644213622,0.04142786149723227,0.11632731294249574,0.16386565381110355,0.1,False,False,2000,1.6852211738227467,5.441094562734112,6.902792034034292
614,2023-05-08 12:00:00,0.09385782927471242,0.033018635777174815,0.0430626581461266,0.12074016635958684,0.17054173382212917,0.105,False,False,2000,1.687188149944115,5.562973476184105,7.156295304918194
615,2023-05-08 18:00:00,0.10081519246190285,0.03557531952443468,0.04536775393002292,0.12988078136261372,0.17955210605525182,0.1095,False,False,2000,1.6739359246765146,6.022643458194806,7.759005553794597
616,2023-05-09 00:00:00,0.13182254183356865,0.03789395516080712,0.04629142350259151,0.13225257144035912,0.1845782247784887,0.0515,False,False,2000,1.6401028424228299,8.037455848734142,8.063675522017265
617,2023-05-09 06:00:00,0.12654023037344422,0.038082016296452734,0.04636705174536124,0.13200688402867272,0.1808456911411754,0.0575,False,False,2000,1.5994297320351238,7.911584225237184,8.253371897789243
618,2023-05-09 12:00:00,0.1526790605924132,0.04197223167671166,0.05064437016043983,0.14339089179907824,0.1998757589824937,0.0385,True,False,2000,1.5452438549466991,9.880580343591118,9.279499241498314
619,2023-05-09 18:00:00,0.1660022699497539,0.042235570738801284,0.05113373666175042,0.14301521561883135,0.19842157706142177,0.0285,True,False,2000,1.516311456269404,10.947768630474567,9.431783623840257
620,2023-05-10 00:00:00,0.18109055842100671,0.04617501428256497,0.05430727689957245,0.15587955008475252,0.20687811393931593,0.0245,True,False,2000,1.451891129907293,12.47273674249734,10.736311206385416
621,2023-05-10 06:00:00,0.16484839768818074,0.04646026816229231,0.051501972531148986,0.14876593621006629,0.20204126060473898,0.03,True,False,2000,1.4480557497525,11.384119549012976,10.273495080247647
622,2023-05-10 12:00:00,0.18234410945442736,0.05251971069064688,0.05687955562343617,0.16317608103456027,0.2217140951338711,0.0285,True,False,2000,1.4514854588492656,12.5625860281776,11.2420059077909
623,2023-05-10 18:00:00,0.1776043755416175,0.0488212105029599,0.05360250697523504,0.1560509735447454,0.1983732420919442,0.0265,True,False,2000,1.4506465791064684,12.243118213604697,10.757339230129064
624,2023-05-11 00:00:00,0.16955659507988613,0.0538384001353014,0.058118931502917026,0.1736679178063839,0.2313915020269479,0.054,False,False,2000,1.4342154803028262,11.82225386690745,12.108913910880041
625,2023-05-11 06:00:00,0.1454989083995631,0.05373316464978874,0.057479238513260235,0.16887007881951008,0.22778398414427187,0.077,False,False,2000,1.4244223142239936,10.214590641177153,11.85533792423831
626,2023-05-11 12:00:00,0.13251925537125148,0.052188634310898305,0.058496134587650864,0.16837839264247245,0.22336344486581866,0.116,False,False,2000,1.4021541768330898,9.451118683008165,12.008550516375628
627,2023-05-11 18:00:00,0.1225056601803841,0.05461397182904798,0.05917528979935294,0.17078641896411514,0.2204594949993939,0.15,False,False,2000,1.3427167089637724,9.12371607224033,12.719467764419031
628,2023-05-12 00:00:00,0.14415800728351763,0.05793346599767214,0.06097252282109733,0.1811309045488114,0.22658281871240898,0.1055,False,False,2000,1.3111863897507972,10.994470992862897,13.81427583177072
629,2023-05-12 06:00:00,0.15462488862344004,0.059429611798531796,0.06313771223860055,0.18386107181001698,0.2459756427385717,0.0875,False,False,2000,1.3431703084227737,11.511934685707079,13.68858964920964
630,2023-05-12 12:00:00,0.1594269666420843,0.061416464038495336,0.06548705566001854,0.183251944264703,0.25914683949311323,0.0945,False,False,2000,1.3259410796286573,12.023684090603286,13.82051940920516
631,2023-05-12 18:00:00,0.14108746031798422,0.06066585168364759,0.06388221442012225,0.18523280704419526,0.2501474837396924,0.1185,False,False,2000,1.3046607809722124,10.814110639000592,14.197775371630527
632,2023-05-13 00:00:00,0.1433616033249094,0.06624788275609526,0.06796844948046817,0.19659452733662935,0.2717875625615505,0.142,False,False,2000,1.2928361398549992,11.088922942778225,15.206453569489389
633,2023-05-13 06:00:00,0.135269992816412,0.0642018510325566,0.06603799039669582,0.18785152042122744,0.24663146358040683,0.1655,False,False,2000,1.2829741399180181,10.543469942820183,14.641878941786866
634,2023-05-13 12:00:00,0.14138903418464502,0.07175221597255359,0.06901264274744984,0.20092791966655132,0.25606502789087676,0.1755,False,False,2000,1.2530339677669173,11.283735143798229,16.035313074922712
635,2023-05-13 18:00:00,0.16147464383441026,0.07109333371751517,0.06723477943150027,0.19816551047787254,0.26011608050849433,0.1135,False,False,2000,1.2414439797029493,13.007002045557275,15.962501225813611
636,2023-05-14 00:00:00,0.18315937050598502,0.07824668243530758,0.07324094192140201,0.2136037650744462,0.275479317925696,0.1045,False,False,2000,1.2188928558298955,15.026699814503312,17.524408651079664
637,2023-05-14 06:00:00,0.2055632581543906,0.0779893314721909,0.07552381471398424,0.21805117583570258,0.2782562651157743,0.0725,False,False,2000,1.2110091319927794,16.974542365021264,18.005741664134923
638,2023-05-14 12:00:00,0.2125432804034501,0.08087975859518269,0.07899344354128715,0.23265063616892728,0.2945435917605971,0.0695,False,False,2000,1.226965233526917,17.322681572035542,18.961469307502053
639,2023-05-14 18:00:00,0.2279980130787065,0.08387666714284017,0.07752719800090936,0.22925264790380614,0.30172790043619135,0.052,False,False,2000,1.2407616855974386,18.37564906502761,18.47676717978431
640,2023-05-15 00:00:00,0.23696776754872503,0.08539624528531914,0.07685757742842393,0.23117522026421428,0.2868023123772639,0.043,True,False,2000,1.1855502883236662,19.987997968756822,19.499402306340745
641,2023-05-15 06:00:00,0.24701118098905397,0.0836421559727338,0.07633436742456566,0.22341411172769274,0.2789599899658004,0.03,True,False,2000,1.1981837129787434,20.615468088359513,18.64606481524226
642,2023-05-15 12:00:00,0.2783726560890988,0.08312583691512287,0.07830591808998953,0.23169119968046917,0.29527667146722664,0.0185,True,False,2000,1.2239123821691136,22.744492182989838,18.9303746784429
643,2023-05-15 18:00:00,0.2626987994054205,0.08506568011464447,0.07686663064836283,0.22726690898652868,0.2928702135248275,0.0205,True,False,2000,1.2355911737979013,21.2609805715874,18.393374265370195
644,2023-05-16 00:00:00,0.27745196995939897,0.09211479837394976,0.08191327998572465,0.25071541033572364,0.30703313080667743,0.0215,True,False,2000,1.2026227931964053,23.070573044933727,20.847385543837625
645,2023-05-16 06:00:00,0.3452076136629073,0.09215392105474979,0.08407732701337801,0.2498792485000987,0.3180057690805127,0.0055,True,True,2000,1.2008352103469577,28.747292774931736,20.808787612740055
646,2023-05-16 12:00:00,0.3231482178148221,0.09956021295347632,0.08924518629490857,0.2649633455413518,0.3393102396401506,0.015,True,False,2000,1.1945067906303586,27.052857325682687,22.18181994608225
647,2023-05-16 18:00:00,0.3211724846279771,0.09397432488500194,0.08255133444892261,0.24333839053419193,0.31708428510475706,0.0085,True,True,2000,1.201376044209121,26.73371807071519,20.25497276286912
648,2023-05-17 00:00:00,0.3146073906513835,0.1003320500074862,0.08810877571737849,0.2639649210989348,0.32947963669894126,0.012,True,False,2000,1.2244170157988208,25.69446410756802,21.558416592791442
