window_idx,timestamp,te_bits,surr_mean,surr_std,surr_p95,surr_p99,p_value,sig95,sig99,n_valid_surrogates,h_target_bits,pct_h,surr_p95_pct
0,2022-12-06 00:00:00,0.07662393232154982,0.044814156090198114,0.047910491551724096,0.14149226327105183,0.17924066046555062,0.2265,False,False,2000,1.8028594370912092,4.250133468262912,7.848213807469091
1,2022-12-06 06:00:00,0.07311892037879518,0.04257734830083548,0.04616191977426913,0.1345185847680079,0.17454001748511316,0.233,False,False,2000,1.8135288308444788,4.031858724007546,7.417504617523431
2,2022-12-06 12:00:00,0.07893807110700042,0.04233303570515409,0.046817491865271385,0.133734427281966,0.17530592649592588,0.215,False,False,2000,1.8245915257239504,4.326342087754674,7.329554335669933
3,2022-12-06 18:00:00,0.10691787391784363,0.041553982160145365,0.04515118680533857,0.1322342831431563,0.17150417392487532,0.097,False,False,2000,1.8198242175922845,5.8751759034892475,7.266321761456096
4,2022-12-07 00:00:00,0.10868355301599415,0.044246914499118176,0.04584800759938862,0.1300138566428337,0.17896667164422633,0.1055,False,False,2000,1.804476168461526,6.022997416954329,7.205074742199664
5,2022-12-07 06:00:00,0.09023038272995923,0.04406486561953035,0.04781943539671291,0.13721141057606273,0.18914792143510684,0.174,False,False,2000,1.8060365427513707,4.9960441327781515,7.597377313696583
6,2022-12-07 12:00:00,0.07192274884580381,0.04163349367194188,0.04696283894796075,0.13260042307946912,0.18281508055129053,0.2345,False,False,2000,1.7831195670209843,4.033534832774195,7.436429139802526
7,2022-12-07 18:00:00,0.04880922506198969,0.03901512173857989,0.044560094072451956,0.1286801190548344,0.16552802528322377,0.344,False,False,2000,1.788559562009298,2.7289683887941973,7.194623080389505
8,2022-12-08 00:00:00,0.06917597404911559,0.04596904198411131,0.04732823857544491,0.13628387932708316,0.17846866542332673,0.292,False,False,2000,1.7996672981090798,3.843820139522408,7.572726329487532
9,2022-12-08 06:00:00,0.07923147090187291,0.05008860868118639,0.05052316590238451,0.1460139637792257,0.1954155641177689,0.267,False,False,2000,1.7995878273056076,4.402756547897995,8.113744801099362
10,2022-12-08 12:00:00,0.06218838896341732,0.04926354405945469,0.049370766851727255,0.14288265256318736,0.20198501682337164,0.346,False,False,2000,1.8274307445252553,3.4030503836999375,7.8187725029386295
11,2022-12-08 18:00:00,0.07396394840884954,0.05015187729133693,0.05105186320819182,0.1478909110352788,0.2034862681073569,0.283,False,False,2000,1.8353271476420072,4.030014403910332,8.058013593123503
12,2022-12-09 00:00:00,0.06721880617016229,0.0520715440636138,0.050162803815529226,0.14524189981689226,0.19130163097177824,0.347,False,False,2000,1.791540413040143,3.7520117146615615,8.107095924809474
13,2022-12-09 06:00:00,0.06098111700727168,0.055585066050905484,0.05041919586195187,0.15032752997324003,0.19072544868052402,0.403,False,False,2000,1.8190543970366755,3.352352579813598,8.26404808004261
14,2022-12-09 12:00:00,0.041666948077396855,0.056239778376656877,0.05134403092951326,0.15235270410698942,0.20071031544184179,0.5385,False,False,2000,1.8078303565128824,2.3048040944377153,8.42737835207403
15,2022-12-09 18:00:00,0.052882359450909945,0.0636015333061569,0.053626597550342464,0.16425316026717102,0.20823997463686492,0.5175,False,False,2000,1.8102428338052208,2.921285391294636,9.073542908157945
16,2022-12-10 00:00:00,0.05839807922894307,0.06182753684749736,0.05295381574779595,0.15903762708909644,0.20098098382879206,0.473,False,False,2000,1.8304812628499414,3.1903128654822184,8.688295822350298
17,2022-12-10 06:00:00,0.0627480387676611,0.06436976606819074,0.05432202112770161,0.1685468685795939,0.2088032450593645,0.4725,False,False,2000,1.8344032354706394,3.4206240784111075,9.188103538007065
18,2022-12-10 12:00:00,0.03960927445693785,0.0637122654929403,0.053312254877382,0.16271375107829358,0.20633163358037765,0.6055,False,False,2000,1.821693421079761,2.1743106715212535,8.932005198868714
19,2022-12-10 18:00:00,0.03395285296214759,0.0639949532583386,0.054218799512128185,0.16148156638536199,0.21451356284064582,0.639,False,False,2000,1.8317471305636217,1.8535775160024641,8.815712807240741
20,2022-12-11 00:00:00,0.052956428603819224,0.06566719433288949,0.0548381558330268,0.16471610713116447,0.2055894499639984,0.5315,False,False,2000,1.8372020987054585,2.882449820906134,8.965595415290883
21,2022-12-11 06:00:00,0.05598749984563408,0.0633491068681579,0.05444281356974934,0.159188629722421,0.20832577404359456,0.503,False,False,2000,1.8784685544789776,2.9804864027209166,8.474383526030035
22,2022-12-11 12:00:00,0.0753496481849533,0.06622214687555296,0.053817661916769906,0.16388648560563798,0.20501369824972004,0.4025,False,False,2000,1.8655884615288236,4.0389212164833665,8.784707291303425
23,2022-12-11 18:00:00,0.08101471006209669,0.065505381755745,0.05391559672943552,0.16451095889935477,0.20824158346477065,0.356,False,False,2000,1.888728500160902,4.289378280424899,8.710143299332856
24,2022-12-12 00:00:00,0.0837601560843284,0.06189780082459956,0.053115195667790466,0.15873744212737534,0.20425653995200582,0.322,False,False,2000,1.9034414085299876,4.400458858831683,8.339497155836648
25,2022-12-12 06:00:00,0.09058258275114416,0.05908333816160943,0.05234202384774988,0.16233360664470925,0.20320089783090023,0.2555,False,False,2000,1.924874908489215,4.705894515620244,8.433462659249932
26,2022-12-12 12:00:00,0.09602346975222645,0.05764059505338338,0.05351192298255952,0.15873355437274017,0.20222909994333982,0.236,False,False,2000,1.9499759704290196,4.924341182065954,8.14028258706269
27,2022-12-12 18:00:00,0.09828961948223558,0.05903423522564478,0.052348083353738084,0.15530990082929755,0.2025962894693678,0.2375,False,False,2000,1.9489510773043592,5.043206093104312,7.968896840864286
28,2022-12-13 00:00:00,0.11747233202334639,0.0653866800474259,0.05529573813157786,0.16960339157994742,0.2139419157871862,0.176,False,False,2000,1.9715196708766127,5.958466139529499,8.602673059028383
29,2022-12-13 06:00:00,0.11925845300467774,0.06259292133477747,0.05399160760131197,0.16140119706708156,0.20941930798855282,0.1595,False,False,2000,2.0009362665003705,5.960132514028561,8.06628375772166
30,2022-12-13 12:00:00,0.08651808977393152,0.062283230470681815,0.052271735404595336,0.15787137532297751,0.1958007884687404,0.306,False,False,2000,1.9998312945878627,4.326269421229439,7.894234666205311
31,2022-12-13 18:00:00,0.08493530212456112,0.0643223234112103,0.053466437423486377,0.1610749918381459,0.20154055144719796,0.3365,False,False,2000,2.022441051493335,4.199642904886962,7.964385004903403
32,2022-12-14 00:00:00,0.09396421836375192,0.06225616320884446,0.0533691980482172,0.16033901489341956,0.20520298520044408,0.2725,False,False,2000,2.0144521485214093,4.664504859682115,7.959435274305574
33,2022-12-14 06:00:00,0.08983912788795582,0.061681167254879404,0.05337037569690757,0.15694669420267288,0.21036237161195165,0.287,False,False,2000,1.9941790053657273,4.50506838384248,7.870241025523647
34,2022-12-14 12:00:00,0.10688266752572821,0.05663201772953177,0.05094124924453313,0.1511714619406113,0.19117731274681152,0.1805,False,False,2000,2.000543491881047,5.34268152427068,7.556519643492959
35,2022-12-14 18:00:00,0.13157354563236626,0.059155930076466974,0.05182125465958509,0.15352422363274085,0.19279824427266765,0.1075,False,False,2000,2.0015713117749225,6.573512762615062,7.670185055590201
36,2022-12-15 00:00:00,0.11918335828304644,0.0613661748177729,0.05221747982679553,0.1512084388198822,0.1991790644885762,0.1495,False,False,2000,2.025400053720099,5.884435426183564,7.465608512360516
37,2022-12-15 06:00:00,0.11235582525421438,0.06038125353969084,0.05252021421530719,0.16014378023793588,0.20462645695792978,0.161,False,False,2000,2.036960614159574,5.5158565400426784,7.861898709514779
38,2022-12-15 12:00:00,0.14733463418617818,0.06502624403176906,0.05389707128078399,0.16254116443955405,0.21575194882681176,0.08,False,False,2000,2.011400413516671,7.324977821227688,8.080994880346674
39,2022-12-15 18:00:00,0.13628217719129093,0.0640207487034661,0.05419281248706006,0.16670167677981895,0.20709435724994074,0.1095,False,False,2000,2.007211672037328,6.78962657949094,8.30513687729885
40,2022-12-16 00:00:00,0.125056484786101,0.06173817565929199,0.05292898509910807,0.1587992287786336,0.20753571983980637,0.13,False,False,2000,2.0161369159542777,6.202777390587548,7.876410948185568
41,2022-12-16 06:00:00,0.10959906598683858,0.06535778980605707,0.05380262044651994,0.1656630325740915,0.21480931212897852,0.201,False,False,2000,2.0074469882604973,5.459624419861213,8.252423777209811
42,2022-12-16 12:00:00,0.1092842432358624,0.06434924969322571,0.05169467755478627,0.158786825294259,0.2006852041536253,0.186,False,False,2000,1.9922525963789637,5.485461202785879,7.970215502936896
43,2022-12-16 18:00:00,0.15165872743175407,0.06653798686368642,0.0524961568945645,0.16306265494861544,0.21026599136187094,0.07,False,False,2000,1.9697613257745716,7.699345369780632,8.278295081486286
44,2022-12-17 00:00:00,0.1598685127918579,0.07399794433952603,0.05547646918458994,0.17342514036866855,0.21458415976440862,0.0735,False,False,2000,1.974644917698775,8.096063821852415,8.782598775823246
45,2022-12-17 06:00:00,0.13719737513072833,0.0725730871434552,0.05382117733617106,0.16585302912643884,0.21561524879992505,0.1255,False,False,2000,1.9240669038617735,7.130592748898751,8.619920065854107
46,2022-12-17 12:00:00,0.13567952127686655,0.0749864624231924,0.05374749343210384,0.16815167659555838,0.2183389920942849,0.138,False,False,2000,1.910745989488557,7.100866469079096,8.800315558457196
47,2022-12-17 18:00:00,0.13644568139930383,0.0794382871510301,0.0563158808259462,0.1807886233010042,0.22427371662893333,0.1555,False,False,2000,1.9390300187413911,7.036800878816184,9.323662942482585
48,2022-12-18 00:00:00,0.1489161788644654,0.08204716402377892,0.056301190896400184,0.18213192726995125,0.22340414494698185,0.1275,False,False,2000,1.9232795593365086,7.74282543281635,9.469862370542897
49,2022-12-18 06:00:00,0.1569278777194252,0.08554958220227674,0.0587726037609162,0.19422457121259662,0.2383508589308875,0.129,False,False,2000,1.9288517269842729,8.135818607725712,10.069440200894212
50,2022-12-18 12:00:00,0.14850502050500144,0.07379016324781228,0.0537524490682939,0.1704512899561406,0.21570449829270708,0.1015,False,False,2000,1.9354977513623641,7.672704367673446,8.806586824302059
51,2022-12-18 18:00:00,0.13817260524928812,0.070729860565287,0.05471076067384444,0.17118816492589603,0.21265164284397706,0.1245,False,False,2000,1.927111298766085,7.169933845427559,8.883148837096568
52,2022-12-19 00:00:00,0.14671937458246084,0.06587517492281694,0.05376939213131084,0.16178117012073645,0.21039125392685937,0.0845,False,False,2000,1.8517884076816282,7.923117672291088,8.736482497116429
53,2022-12-19 06:00:00,0.16459790456792955,0.0656241649503979,0.053543154697015316,0.16346488768269737,0.2036520161404596,0.048,True,False,2000,1.8338953010633388,8.975316337442575,8.913534354328533
54,2022-12-19 12:00:00,0.17744316997957857,0.06781250847155107,0.0553802189462252,0.16946452586179717,0.21996550835497627,0.038,True,False,2000,1.8188014236777152,9.75604965278611,9.317373719618642
55,2022-12-19 18:00:00,0.17101394857813268,0.06908586011913832,0.05364665475301867,0.16560790152663635,0.21112350319671752,0.043,True,False,2000,1.8106534174324065,9.444874813239448,9.14630596514027
56,2022-12-20 00:00:00,0.17488614263686472,0.0737141523059638,0.053816121046937344,0.16859515709944312,0.21079283753675374,0.0435,True,False,2000,1.8470942297296273,9.468176545733895,9.127588316061255
57,2022-12-20 06:00:00,0.19010394774577727,0.08021924021008586,0.05573141055001797,0.17959871903210595,0.22201139874743053,0.034,True,False,2000,1.8134752148898339,10.482853373726744,9.90356623335579
58,2022-12-20 12:00:00,0.19448638333092017,0.08261234660857229,0.056391138427853135,0.18028723533596597,0.22197268409774615,0.028,True,False,2000,1.7829835837039147,10.90791777941669,10.111547688029907
59,2022-12-20 18:00:00,0.17026945708755323,0.08565908318803636,0.056643493608411505,0.1828871548450421,0.23192450573310325,0.07,False,False,2000,1.7729242807673948,9.603876428036372,10.31556490195289
60,2022-12-21 00:00:00,0.1847376163672078,0.0846309167270988,0.05635965821615082,0.18095540457292003,0.22595431593605106,0.0455,True,False,2000,1.8195506707545925,10.152925078508233,9.945059925034974
61,2022-12-21 06:00:00,0.19157227425927034,0.08490811106340723,0.0562811936153361,0.18452421649288803,0.22816355048869452,0.0405,True,False,2000,1.823931532011444,10.503260177096841,10.116838996110424
62,2022-12-21 12:00:00,0.1932024513047232,0.08545981353338034,0.05712864605861146,0.18354406372218465,0.22771178308367201,0.0385,True,False,2000,1.7620285999522587,10.964773858378798,10.416633630530043
63,2022-12-21 18:00:00,0.18665533100282888,0.08468365291034169,0.05752238442479471,0.18701105829072906,0.2235574057071698,0.052,False,False,2000,1.7383730062654301,10.737357881771475,10.757821113000794
64,2022-12-22 00:00:00,0.19024756391167813,0.08480887927651348,0.05721605458912926,0.1846285055148043,0.23378404228341418,0.046,True,False,2000,1.7809387026304924,10.682431890029545,10.366920840234604
65,2022-12-22 06:00:00,0.19609941687263016,0.08286399870425297,0.05728514996026618,0.1848673634098905,0.22911196553181168,0.034,True,False,2000,1.766809546531411,11.099069351170943,10.463344154598943
66,2022-12-22 12:00:00,0.20425551039462495,0.08068899247273296,0.057126467456500504,0.18315087592072135,0.2245914615193801,0.023,True,False,2000,1.7783087504474047,11.485941928994968,10.299160698311944
67,2022-12-22 18:00:00,0.1881752510913937,0.07791206090410481,0.0557942358970058,0.1757905309367363,0.22415351039444797,0.032,True,False,2000,1.802125592792211,10.441849993364514,9.754621522485937
68,2022-12-23 00:00:00,0.18004976468111308,0.07514574695919457,0.05529422917505953,0.17573149103810642,0.22339712603230436,0.042,True,False,2000,1.8048636856455682,9.975809592330096,9.73655198648702
69,2022-12-23 06:00:00,0.1796665500437497,0.07735113692734365,0.05641602586922961,0.1783861334899189,0.22842367980764702,0.0475,True,False,2000,1.787702023363749,10.050139659499195,9.978516059083868
70,2022-12-23 12:00:00,0.17246580401989756,0.08230065288888946,0.0577042777478188,0.18622028304444233,0.23419489686131137,0.074,False,False,2000,1.785480147119664,9.659351536230707,10.429703368298595
71,2022-12-23 18:00:00,0.17122927713428282,0.07586271867059265,0.055068507887443344,0.17183014981749908,0.21835018174567258,0.0505,False,False,2000,1.8320850486036253,9.346142378313168,9.378939582988476
72,2022-12-24 00:00:00,0.1872651418010813,0.07654211079074925,0.05582564336225935,0.17603602560409137,0.22677719316073136,0.0385,True,False,2000,1.9161429723992056,9.773025525679136,9.18699847244052
73,2022-12-24 06:00:00,0.16287011014703767,0.07512742233754043,0.05576131449918271,0.17865064812763545,0.21787462913922173,0.0735,False,False,2000,1.8808524306692314,8.659377391403662,9.498387285177353
74,2022-12-24 12:00:00,0.16167291757871352,0.0708900673740728,0.055116145531547596,0.16821208531164444,0.21895802842469483,0.0645,False,False,2000,1.8581414484946865,8.70078635346559,9.052706156892203
75,2022-12-24 18:00:00,0.13743632041947315,0.07309184782759746,0.055455239576946216,0.17197207090117636,0.21632792654514463,0.1395,False,False,2000,1.8574130245592038,7.3993408360043755,9.258687681593505
76,2022-12-25 00:00:00,0.1362012697335655,0.0686177490337701,0.05417306493136243,0.16638001963675594,0.20984669034727876,0.1235,False,False,2000,1.8682561036820509,7.290289027566047,8.905632333214168
77,2022-12-25 06:00:00,0.10825666962305525,0.07080914819495521,0.05449148398562259,0.16948721509837425,0.2136045047092172,0.2475,False,False,2000,1.8830298864745396,5.749068052538261,9.000771379985522
78,2022-12-25 12:00:00,0.11483181972414858,0.06949448477830722,0.053674625083346236,0.16782564713389853,0.21205609098287614,0.196,False,False,2000,1.8931065215923373,6.065787551540459,8.865092651666338
79,2022-12-25 18:00:00,0.12825283418790062,0.06944676874250838,0.0541592456497175,0.1665682247082029,0.21763726720410684,0.1515,False,False,2000,1.9022566349557637,6.74214150872882,8.756348730626264
80,2022-12-26 00:00:00,0.14589617900873225,0.07219631456491496,0.05283112243824623,0.16615377256507438,0.20194771980247928,0.0945,False,False,2000,1.928750261331182,7.56428563789476,8.614581985870924
81,2022-12-26 06:00:00,0.1481936525759545,0.07395117765573096,0.056814927682321284,0.1741946017135864,0.21903878253232734,0.1115,False,False,2000,1.9128200538017452,7.747391202921489,9.10669047866647
82,2022-12-26 12:00:00,0.15463027199360477,0.07306679539415714,0.054135141574496594,0.17080515365160587,0.21512287019808604,0.082,False,False,2000,1.9274340523454405,8.022597287073948,8.861789768825442
83,2022-12-26 18:00:00,0.14749342897610407,0.07368346299020424,0.053875645389645434,0.16952330450720737,0.21422035930989958,0.0975,False,False,2000,1.919681590192716,7.683223599664633,8.830803263065569
84,2022-12-27 00:00:00,0.13282728409235106,0.07065523638612765,0.05399442464854495,0.16641443494639577,0.20797883052272073,0.1385,False,False,2000,1.929347205284542,6.884571306218652,8.62542700922786
85,2022-12-27 06:00:00,0.1408386315127506,0.07316708613577781,0.05486464184289643,0.16874025431756512,0.218672215877723,0.118,False,False,2000,1.9255160261011288,7.314331826047014,8.76337833755858
86,2022-12-27 12:00:00,0.12852515782573118,0.07982371513405634,0.054382123395251,0.17166079062441106,0.21268832024587986,0.1905,False,False,2000,1.9368137696844476,6.635906860919878,8.86305091957182
87,2022-12-27 18:00:00,0.13546395412596357,0.078682780452278,0.05521907194263316,0.17513464561875275,0.2182614394089479,0.1575,False,False,2000,1.924244472644754,7.039851539226552,9.101475831604759
88,2022-12-28 00:00:00,0.1350901088786002,0.07270099291129964,0.05474822422860343,0.16859158447928618,0.21868539857158703,0.1415,False,False,2000,1.8853746667346842,7.165159862499124,8.942073289404759
89,2022-12-28 06:00:00,0.12413788766258335,0.06656596224668773,0.054984337398439206,0.16512977909018395,0.21372353847233755,0.1585,False,False,2000,1.901035529524978,6.53001407572863,8.686306832542252
90,2022-12-28 12:00:00,0.11466890471062878,0.05628715852508608,0.05172335256915045,0.15041894388180974,0.19226103336344896,0.1545,False,False,2000,1.895307234623489,6.0501486310955945,7.936388419458079
91,2022-12-28 18:00:00,0.10087305374302709,0.05177100781685421,0.05101722782712111,0.15257105720628067,0.2017914783521513,0.171,False,False,2000,1.882091096400191,5.359626531147372,8.106465064209587
92,2022-12-29 00:00:00,0.08367289149702967,0.04405974941594066,0.04762896503618982,0.13603993206535978,0.18397093338340284,0.202,False,False,2000,1.8687411747567009,4.477500288820006,7.279763185132975
93,2022-12-29 06:00:00,0.0893116839684945,0.041165207704169766,0.04733120501936405,0.13559540284131263,0.1769932409816041,0.1735,False,False,2000,1.8540196086886729,4.8171919838357935,7.313590547039453
94,2022-12-29 12:00:00,0.11372217879780717,0.0411310875741438,0.0462323015617841,0.13263499037031337,0.18230685008746048,0.0845,False,False,2000,1.845070317122716,6.163568821330916,7.188614392602133
95,2022-12-29 18:00:00,0.13311637237636695,0.043444592347869855,0.04646700784718683,0.13083333718854231,0.1808916858811333,0.0465,True,False,2000,1.8345064166407545,7.256250028284023,7.131800466967948
96,2022-12-30 00:00:00,0.10973430839262811,0.04762059536894588,0.04791066759215871,0.13844160498000926,0.18565766749879467,0.12,False,False,2000,1.8329795062424454,5.986663136107847,7.552817939782126
97,2022-12-30 06:00:00,0.08053294614880102,0.047470700571870424,0.047475130114247775,0.13982573060257864,0.18007951956259916,0.2305,False,False,2000,1.7851919211990375,4.511164608828751,7.8325321183765855
98,2022-12-30 12:00:00,0.07316511752133086,0.04841243881358399,0.04871827853408014,0.144031162759272,0.18359009391949244,0.272,False,False,2000,1.7659656804400654,4.143065651372039,8.155943479228913
99,2022-12-30 18:00:00,0.07063475091171616,0.0461417678799706,0.04707864617451456,0.13942905817965312,0.17925558582031914,0.2735,False,False,2000,1.7692765792300462,3.992295593629289,7.880568805151417
100,2022-12-31 00:00:00,0.09061666250495456,0.05118753234814619,0.04948678216737597,0.145151684872865,0.1832800782651075,0.2215,False,False,2000,1.7795976463103134,5.09197473332427,8.156432729263933
101,2022-12-31 06:00:00,0.11289602365419078,0.053651592456053464,0.04990317367616415,0.1443824856047345,0.19081227934909054,0.139,False,False,2000,1.8074329867806493,6.246207991106664,7.988262174073997
102,2022-12-31 12:00:00,0.09917468999391375,0.05131249548756767,0.0505104377141385,0.14608663191646126,0.18861218926711926,0.1735,False,False,2000,1.793150220685135,5.5307519052152045,8.146926578222978
103,2022-12-31 18:00:00,0.10776996109819947,0.05086214484477621,0.04908386745961859,0.14251943713712614,0.1817187154821746,0.1395,False,False,2000,1.784837843521719,6.038081357887124,7.985007582308801
104,2023-01-01 00:00:00,0.11895620920481396,0.04883560861410066,0.048901773721179584,0.1404504615572781,0.1917074867017952,0.0985,False,False,2000,1.788806076146982,6.650033829326037,7.85163151166184
105,2023-01-01 06:00:00,0.1038953026026483,0.04460404829770603,0.04682955600619699,0.13622544760874156,0.1821298063688149,0.123,False,False,2000,1.7868986746912505,5.814280578645561,7.623568674495732
106,2023-01-01 12:00:00,0.10652876499135043,0.04476519709942775,0.04742018883902361,0.13707378904559261,0.18031822183725046,0.1205,False,False,2000,1.814668423441162,5.870425892424995,7.5536548316446215
107,2023-01-01 18:00:00,0.10257689673411081,0.04258617758226934,0.04527426932980227,0.12735365333489293,0.17495394209958873,0.1175,False,False,2000,1.78244018497949,5.754857728103293,7.144904743962465
108,2023-01-02 00:00:00,0.07863485902822127,0.04707346140658839,0.04897244096401975,0.14558646293536784,0.18909719110177742,0.2395,False,False,2000,1.782841433194097,4.410647944575806,8.165979330788748
109,2023-01-02 06:00:00,0.06755303224158511,0.04325521837590078,0.04775654028297281,0.13724240959743922,0.18288929451278543,0.272,False,False,2000,1.774624618232313,3.8066096653654027,7.733602260862643
110,2023-01-02 12:00:00,0.059213399892368124,0.044749152440220215,0.04793913349159719,0.1408677199094986,0.18698388064853175,0.325,False,False,2000,1.780899207708674,3.3249158422925453,7.909920971369326
111,2023-01-02 18:00:00,0.06594111277611481,0.0450754344046101,0.047560977689560614,0.13938759431592104,0.18377741014092525,0.296,False,False,2000,1.7736026562962597,3.717919148464565,7.859009109007445
112,2023-01-03 00:00:00,0.08584999158866484,0.04723997604188486,0.04801527748681938,0.13880212779718937,0.1853338233319233,0.202,False,False,2000,1.7647776257822396,4.864635086849072,7.8651341545462525
113,2023-01-03 06:00:00,0.08910925077710129,0.04553229069873264,0.04756699459064871,0.13937164744209338,0.18020205156178148,0.1825,False,False,2000,1.780191575406569,5.005598948346337,7.829025222201885
114,2023-01-03 12:00:00,0.10234384281179904,0.04536985225644828,0.048489621681483394,0.14067316544129974,0.18694507193720808,0.1385,False,False,2000,1.7744533513131648,5.767626561501918,7.927690256675167
115,2023-01-03 18:00:00,0.0678119087636553,0.03908600910387699,0.04614925225553274,0.1302469502968467,0.18175483765602865,0.2395,False,False,2000,1.7664207056055308,3.838944400304077,7.373495446669252
116,2023-01-04 00:00:00,0.07545670099629383,0.03996542892264497,0.0451373610680981,0.12944095095289,0.17965199589907405,0.21,False,False,2000,1.7533132183203213,4.3036634987889695,7.382648439558038
117,2023-01-04 06:00:00,0.08272604917315031,0.04123894595367451,0.047162959395129024,0.13216962055118006,0.18346601669947263,0.193,False,False,2000,1.6917254944928175,4.890039751865992,7.812710808073787
118,2023-01-04 12:00:00,0.08447667295251227,0.04039233702827262,0.04690413224825906,0.13326114488039156,0.1817439634522746,0.183,False,False,2000,1.6158083968362793,5.2281367715328075,8.247335831483129
119,2023-01-04 18:00:00,0.07383688643276193,0.041545900006871875,0.04675489567929442,0.13477017677099834,0.17883479262133306,0.231,False,False,2000,1.5561419800418408,4.744868230518184,8.660532168624787
120,2023-01-05 00:00:00,0.07742057405583636,0.043481063262818885,0.04785781857632919,0.13516366374466882,0.18109949305666911,0.2235,False,False,2000,1.4992558168647658,5.163933545226309,9.015383647289907
121,2023-01-05 06:00:00,0.06991684340201597,0.04343692940834646,0.04718771037044365,0.13418334531869486,0.18104297934123853,0.2615,False,False,2000,1.49348207380556,4.681465189860632,8.984596981253388
122,2023-01-05 12:00:00,0.05933914321446218,0.0425585154932186,0.04757265562797976,0.13804746891023834,0.18435622348075623,0.303,False,False,2000,1.4843736249067987,3.997588088254262,9.300048626160823
123,2023-01-05 18:00:00,0.039707026785841065,0.042884199871892195,0.047683714201975744,0.13730429379051776,0.18226123783706183,0.4295,False,False,2000,1.4733986125880765,2.6949276622498153,9.3188830651427
124,2023-01-06 00:00:00,0.039865408935050334,0.04337923217070032,0.047778161806272514,0.13819405786586494,0.1824885978402097,0.433,False,False,2000,1.4581242639986929,2.7340199953689317,9.477522682935673
125,2023-01-06 06:00:00,0.03104918676845427,0.0473139407873732,0.04887056297602563,0.13850383732589036,0.18791098871059073,0.529,False,False,2000,1.4783877106534897,2.100205957118626,9.368573367311589
126,2023-01-06 12:00:00,0.02391447497888521,0.04313325751424648,0.04713893819237277,0.13601007790632796,0.18117748593983962,0.54,False,False,2000,1.4722892104286913,1.6243055243148834,9.238000043940108
127,2023-01-06 18:00:00,0.036328335419019156,0.042415326839905586,0.04882898095919263,0.13946328888780915,0.19344908055674814,0.445,False,False,2000,1.4728371678107526,2.4665547701391963,9.469022912771104
128,2023-01-07 00:00:00,0.034811532863583246,0.038327534017281936,0.04551165357160141,0.13122785372136994,0.18198753033844778,0.419,False,False,2000,1.4409977979253579,2.415793619789171,9.106735201837374
129,2023-01-07 06:00:00,0.013236038410833222,0.03617817160770845,0.044195026336996464,0.12330774141939671,0.1787887740967318,0.548,False,False,2000,1.4569807235413026,0.9084566595131075,8.463237668628027
130,2023-01-07 12:00:00,0.059469653065586575,0.03372796458636856,0.04347596897925342,0.1242752077529813,0.16898429179973287,0.2425,False,False,2000,1.4902598698051246,3.990555893675322,8.339163542613026
131,2023-01-07 18:00:00,0.06372684387167794,0.03281431265214801,0.042654667721022804,0.11590480244184011,0.17861442539905004,0.212,False,False,2000,1.4601828532838006,4.364305725708451,7.937690966660933
132,2023-01-08 00:00:00,0.08782626312399505,0.03244191361361781,0.04289580279303871,0.12015486890387254,0.17803251139657605,0.1155,False,False,2000,1.4695865098829652,5.976256758847722,8.17610042660513
133,2023-01-08 06:00:00,0.09913460057930211,0.0339446684737585,0.0424052477991094,0.12009104613325057,0.1620011610194261,0.0875,False,False,2000,1.430785942858584,6.928681475667836,8.393362175009859
134,2023-01-08 12:00:00,0.09680691533048764,0.03338216747080651,0.04321895927902336,0.12137330872556915,0.17028518150991767,0.103,False,False,2000,1.4033865722591587,6.898093315418342,8.648601256757326
135,2023-01-08 18:00:00,0.09192756242907436,0.03397110421701576,0.04415460014014582,0.12432431619674045,0.1827753639342033,0.12,False,False,2000,1.3869161836907924,6.62819884215651,8.964082881050155
136,2023-01-09 00:00:00,0.07511061343646974,0.03290490263715579,0.041307341828814334,0.11743305486130641,0.15818791145246394,0.162,False,False,2000,1.4404094874117255,5.2145319850285174,8.152754885856945
137,2023-01-09 06:00:00,0.07190959788570764,0.03634467956604633,0.04569395685530756,0.12988869269671532,0.18024959174608324,0.203,False,False,2000,1.4489771008718833,4.962783596955256,8.964164624724454
138,2023-01-09 12:00:00,0.07222036177756347,0.035755606540658035,0.04473331479278171,0.12465632707809576,0.17079417610372946,0.202,False,False,2000,1.445476528631091,4.996301243712223,8.623891471703727
139,2023-01-09 18:00:00,0.05930424773614818,0.033877956762172715,0.0438880362281937,0.1207363959856528,0.1803394858667488,0.2345,False,False,2000,1.412297221053348,4.1991336421321215,8.548936738373156
140,2023-01-10 00:00:00,0.05728735297779015,0.03426736361435137,0.04417496781551055,0.12444477820203409,0.17551707675639855,0.26,False,False,2000,1.4032014528366974,4.082617849488299,8.868632365684757
141,2023-01-10 06:00:00,0.0537911733086638,0.03087868414893933,0.04172741464998712,0.11450324011074439,0.17428298413374504,0.24,False,False,2000,1.379455951801636,3.899448419386638,8.30060865381005
142,2023-01-10 12:00:00,0.0711274745885677,0.033972282375664006,0.04421690241503714,0.12586234713046154,0.17561234910594795,0.19,False,False,2000,1.3520665560143015,5.260648913485539,9.308886945734809
143,2023-01-10 18:00:00,0.05632479601143397,0.035596819439757336,0.04632095766055093,0.13078287481782616,0.18044516519334727,0.272,False,False,2000,1.3438538025087774,4.191288956156083,9.731927280606996
144,2023-01-11 00:00:00,0.03834012162886213,0.03651864540510139,0.04558014826286602,0.12782563057990023,0.18976564992304318,0.3775,False,False,2000,1.2945469727929737,2.961663225409554,9.874159321088023
145,2023-01-11 06:00:00,0.035886113646541186,0.038736195095141,0.04656342128855725,0.13294457364258205,0.1897603841508038,0.4195,False,False,2000,1.296730548878354,2.767430263564158,10.252289788158105
146,2023-01-11 12:00:00,0.022889317824891387,0.0369336160200217,0.04701415009012738,0.1354122251306354,0.1806885781106029,0.4665,False,False,2000,1.2574123716334829,1.8203509319028148,10.76911824517232
147,2023-01-11 18:00:00,0.009373735072449093,0.038343940082105336,0.046718899096495514,0.13082033587707914,0.1787570275910987,0.5555,False,False,2000,1.216968161865133,0.7702531065465877,10.749692553713409
148,2023-01-12 00:00:00,0.005284477308127477,0.04259641434365885,0.04953949601812936,0.14065528076178857,0.1916016459584564,0.6245,False,False,2000,1.2387682925113306,0.42659126327929814,11.354446316723275
149,2023-01-12 06:00:00,0.01787412656886425,0.04258826711842956,0.05043476918153321,0.14089527932943866,0.1891394413555693,0.5305,False,False,2000,1.1866680915100165,1.5062448124074614,11.873183440042752
150,2023-01-12 12:00:00,0.011285144624243123,0.03832910690242905,0.046358775801986454,0.1324197377457536,0.19006178488287728,0.561,False,False,2000,1.1706297237117118,0.9640234136940716,11.311837984592668
151,2023-01-12 18:00:00,0.0,0.039239407556723685,0.047125327587490426,0.13293795332239647,0.1885133171748585,1.0,False,False,2000,1.1862315469354432,0.0,11.20674573744338
152,2023-01-13 00:00:00,0.022079205448250434,0.03924533360321132,0.046649106763329964,0.12972191242890632,0.1775966849992887,0.5005,False,False,2000,1.1684791352489325,1.889567796479882,11.101773965460701
153,2023-01-13 06:00:00,0.0,0.03620197569369624,0.04603605698756768,0.13139999595981366,0.17809629275761532,1.0,False,False,2000,1.1382684282963484,0.0,11.543849648582508
154,2023-01-13 12:00:00,0.0035104492310804015,0.03667819526023912,0.0454710682237656,0.12761386007369124,0.16982947150008393,0.573,False,False,2000,1.138675096918705,0.30829243921991456,11.20722323857076
155,2023-01-13 18:00:00,0.007085512671614725,0.03559109876945704,0.044940925132893605,0.12698436803364185,0.17645201066741004,0.5605,False,False,2000,1.1347900098818051,0.6243897646184532,11.190120368337398
156,2023-01-14 00:00:00,0.015849751165001345,0.035204625943350436,0.04483003743254804,0.12714691692319288,0.1747245484747377,0.4935,False,False,2000,1.1561544508662644,1.3709025773438577,10.997398905304244
157,2023-01-14 06:00:00,0.009153645290138183,0.03726751259158263,0.045277880625842086,0.1310676709675325,0.1787894132254421,0.5605,False,False,2000,1.1419123301323177,0.8016066600382111,11.477910125757656
158,2023-01-14 12:00:00,0.0,0.03769698911306372,0.04622160590576957,0.1294179962524853,0.17871413517256,1.0,False,False,2000,1.132289417628122,0.0,11.429762942021071
159,2023-01-14 18:00:00,0.0,0.03433424225302957,0.0437463914551547,0.12718088999760152,0.16694425260140477,1.0,False,False,2000,1.1245520895490941,0.0,11.30947078214906
160,2023-01-15 00:00:00,0.0,0.03409589279166122,0.044887548023947205,0.12336622441319584,0.19067070908098974,1.0,False,False,2000,1.0538295401906046,0.0,11.70646861833867
161,2023-01-15 06:00:00,0.0,0.03222616296488537,0.04379228537655548,0.12063142754273729,0.17992065981666713,1.0,False,False,2000,1.0190246856290945,0.0,11.837929860184449
162,2023-01-15 12:00:00,0.0,0.031961166151242774,0.042221844865267914,0.11912888228879238,0.16307485823971593,1.0,False,False,2000,1.0072105007697578,0.0,11.82760527196137
163,2023-01-15 18:00:00,0.0,0.03075046616254071,0.04307539252213831,0.12245214118764813,0.17359558727254842,1.0,False,False,2000,1.0342670771946494,0.0,11.839508758200818
164,2023-01-16 00:00:00,0.0,0.027341246059583112,0.03971041498371182,0.11241991350963657,0.16033683258806042,1.0,False,False,2000,1.0437041317165956,0.0,10.771243506024824
165,2023-01-16 06:00:00,0.0,0.02808044635252883,0.040715163562934455,0.11884629170477141,0.16300715853789696,1.0,False,False,2000,0.9730070811069138,0.0,12.214329578112558
166,2023-01-16 12:00:00,0.0,0.02975775613658592,0.04120179358199999,0.11274451816254304,0.16733349377070864,1.0,False,False,2000,0.9748187262033009,0.0,11.565690638879857
167,2023-01-16 18:00:00,0.0,0.03283888828127725,0.04303958498449089,0.1217114752194913,0.16799995136901155,1.0,False,False,2000,0.9182421049960242,0.0,13.25483492395704
168,2023-01-17 00:00:00,0.0,0.035515687774747534,0.045270835061010296,0.12817081199599203,0.1795283620392971,1.0,False,False,2000,0.9196956065680518,0.0,13.936220971444662
169,2023-01-17 06:00:00,0.0,0.034473915173431235,0.043064721439886586,0.12219138254350688,0.16654408185467612,1.0,False,False,2000,0.9287471250046119,0.0,13.156582588925927
170,2023-01-17 12:00:00,0.0,0.032149214884918606,0.04341167336148155,0.12534978470402297,0.17473716682436508,1.0,False,False,2000,0.9833457121835154,0.0,12.747275261482988
171,2023-01-17 18:00:00,0.0,0.03136235952745527,0.04406392829217317,0.12571432889141781,0.1791535075621082,1.0,False,False,2000,0.965124803125308,0.0,13.025706984663987
172,2023-01-18 00:00:00,0.0,0.031540872903565,0.0432593699812737,0.12161693075253435,0.17289530649441626,1.0,False,False,2000,0.9776436324235084,0.0,12.439801858173485
173,2023-01-18 06:00:00,0.0,0.03153117007758446,0.04342294844947165,0.1254808414904479,0.1771230452684427,1.0,False,False,2000,0.9637352312914238,0.0,13.020260899075065
174,2023-01-18 12:00:00,0.0,0.030467518821839127,0.04157277364100634,0.11622805246371416,0.16485274935033506,1.0,False,False,2000,1.0069492439543768,0.0,11.542592952081334
175,2023-01-18 18:00:00,0.0,0.03048684803250942,0.042175057574959166,0.12107945298749301,0.1689075926585897,1.0,False,False,2000,1.0172172567212383,0.0,11.903008151647395
176,2023-01-19 00:00:00,0.0,0.0312708556922324,0.04053699099789109,0.11467581710764241,0.15481056752218453,1.0,False,False,2000,0.999278674608242,0.0,11.475859539642434
177,2023-01-19 06:00:00,0.0,0.030402135838724312,0.0419535015178717,0.11289454690020372,0.1719210109155417,1.0,False,False,2000,0.9933837639702979,0.0,11.364645869486875
178,2023-01-19 12:00:00,0.0,0.03165817915404889,0.04274381037814511,0.11948638007043612,0.1670733923953383,1.0,False,False,2000,0.9630885515480094,0.0,12.406582954223788
179,2023-01-19 18:00:00,0.0,0.0314928623920442,0.043857774315515165,0.12104011762999076,0.18167054908476155,1.0,False,False,2000,0.9882894449538043,0.0,12.247436036883762
180,2023-01-20 00:00:00,0.0,0.026614430932079762,0.03928623914481849,0.10863315236643473,0.1567677349627981,1.0,False,False,2000,0.9869508477559513,0.0,11.0069465580212
181,2023-01-20 06:00:00,0.0,0.028125761775655667,0.04065486261233787,0.11511508764624902,0.1600363526517669,1.0,False,False,2000,0.9898589489588429,0.0,11.629443545197
182,2023-01-20 12:00:00,0.0,0.030282637906717983,0.0416548240399149,0.11643997229211261,0.17188605976316407,1.0,False,False,2000,0.9889626602849652,0.0,11.773950318666325
183,2023-01-20 18:00:00,0.0,0.03252787708134813,0.0427651135424322,0.1177077267761229,0.166643530146324,1.0,False,False,2000,0.9671174688828328,0.0,12.170985486602074
184,2023-01-21 00:00:00,0.0,0.03487966035254651,0.04425083419580068,0.12208145482887826,0.17628560043817473,1.0,False,False,2000,0.9441589664978389,0.0,12.930180103220753
185,2023-01-21 06:00:00,0.0,0.03450287282121211,0.04334170860179923,0.12351645222918717,0.16695848069830405,1.0,False,False,2000,0.9347408602565426,0.0,13.213978063961779
186,2023-01-21 12:00:00,0.0,0.035679778713378935,0.044612079487342346,0.12470092339592861,0.16921561299868906,1.0,False,False,2000,0.9369143565790417,0.0,13.309746245243748
187,2023-01-21 18:00:00,0.0,0.035480282788609166,0.04566114584315679,0.12797231674100443,0.17917580053537702,1.0,False,False,2000,0.938450795804612,0.0,13.636550505696263
188,2023-01-22 00:00:00,0.0,0.03401470427134042,0.04485762308534606,0.12560346812347667,0.17911652776746967,1.0,False,False,2000,0.9279978954487017,0.0,13.53488717371987
189,2023-01-22 06:00:00,0.0,0.032611771959538086,0.04352832434040251,0.12011228653428406,0.1805180201441603,1.0,False,False,2000,0.9602174862923271,0.0,12.508862653404885
190,2023-01-22 12:00:00,0.0,0.03475224340428765,0.04524121525250464,0.12857442277810152,0.18350674352957536,1.0,False,False,2000,0.9611318990982664,0.0,13.377396265666555
191,2023-01-22 18:00:00,0.0,0.033488424635497095,0.04294153515264734,0.1245889633698214,0.16867562922657003,1.0,False,False,2000,0.9669145764017708,0.0,12.885208932671254
192,2023-01-23 00:00:00,0.0,0.028627382483086966,0.0398934322402435,0.11319386174968549,0.15588043678745003,1.0,False,False,2000,0.9406690897472693,0.0,12.033334887202196
193,2023-01-23 06:00:00,0.0,0.03201492703796285,0.04279068942866461,0.11894588957492558,0.17359753312460596,1.0,False,False,2000,0.905904561565224,0.0,13.130068510684017
194,2023-01-23 12:00:00,0.0,0.02982221094174419,0.04055147416766586,0.11146790141950855,0.16429598228862294,1.0,False,False,2000,0.9224450552114449,0.0,12.083961076029361
195,2023-01-23 18:00:00,0.0,0.02862994357422151,0.039689098753031705,0.10835411617520024,0.16859251055081914,1.0,False,False,2000,0.9119692987998047,0.0,11.881333759568381
196,2023-01-24 00:00:00,0.0,0.025937112297220573,0.0381557711805238,0.10950053427718938,0.15282384011422376,1.0,False,False,2000,0.8869439237166624,0.0,12.345823828223185
197,2023-01-24 06:00:00,0.0,0.02541378713776951,0.03741335907513196,0.10735431674542764,0.1486825985809539,1.0,False,False,2000,0.887286474920607,0.0,12.099172001357683
198,2023-01-24 12:00:00,0.0,0.025189737328108665,0.037436630462172625,0.10708537996849163,0.14309828597368815,1.0,False,False,2000,0.8655351438693658,0.0,12.372158511064907
199,2023-01-24 18:00:00,0.0,0.026931399290687216,0.03983551853468659,0.11175919918126717,0.15490798725927654,1.0,False,False,2000,0.8336932498263476,0.0,13.405314149364386
200,2023-01-25 00:00:00,0.0,0.027997942893496826,0.03902538741357628,0.11368433594212389,0.153001450404644,1.0,False,False,2000,0.8224778268446478,0.0,13.822176383558235
201,2023-01-25 06:00:00,0.0,0.028066966776147576,0.04075442152580004,0.11218622370064489,0.16228430866244467,1.0,False,False,2000,0.8356310820813744,0.0,13.42532920403266
202,2023-01-25 12:00:00,0.0,0.024264910088285453,0.037156769713919215,0.10238878210250905,0.15976006951692756,1.0,False,False,2000,0.8296742666942718,0.0,12.340841003839218
203,2023-01-25 18:00:00,0.0,0.02376045832559226,0.036247240767861046,0.1028299193239066,0.14908169330667298,1.0,False,False,2000,0.8387858346354827,0.0,12.259377194727442
204,2023-01-26 00:00:00,0.0,0.0247754996236717,0.03846448386515036,0.10531119655520088,0.16789745563537026,1.0,False,False,2000,0.8400699831881734,0.0,12.536002792949628
205,2023-01-26 06:00:00,0.0,0.024812182899747327,0.03839478720288045,0.10585867156100034,0.16036615424020487,1.0,False,False,2000,0.8488091622463181,0.0,12.471433658992591
206,2023-01-26 12:00:00,0.0,0.02672513121245379,0.0392237048707854,0.10833923058863022,0.1553520255908049,1.0,False,False,2000,0.9045961682130497,0.0,11.976529903132892
207,2023-01-26 18:00:00,0.0,0.026649284918240396,0.03972463113906201,0.10936008165697328,0.16111113451612968,1.0,False,False,2000,1.002715760151287,0.0,10.906389028977994
208,2023-01-27 00:00:00,0.0,0.024420948218771436,0.03684306985090443,0.10364814110794185,0.15564839946503603,1.0,False,False,2000,1.0182694310267946,0.0,10.178852271291888
209,2023-01-27 06:00:00,0.0,0.02544505157573635,0.038217554864661475,0.10818882303182283,0.15232703607029657,1.0,False,False,2000,1.0059968439389197,0.0,10.754389905262132
210,2023-01-27 12:00:00,0.0,0.028032417702772535,0.04054796715407471,0.1130612848947223,0.16473050727263894,1.0,False,False,2000,1.0176556582789769,0.0,11.109974574889852
211,2023-01-27 18:00:00,0.0,0.029928604970327066,0.04044764418311459,0.11317846057892819,0.15994448805592593,1.0,False,False,2000,1.037888276833625,0.0,10.904686285137688
212,2023-01-28 00:00:00,0.0,0.02718034434332288,0.037718443178207633,0.10481248874647278,0.1544482526816615,1.0,False,False,2000,1.038720315464412,0.0,10.090539983288101
213,2023-01-28 06:00:00,0.0,0.026814400060472407,0.03965033645094605,0.1093847315450613,0.16575708753459473,1.0,False,False,2000,1.0708264380802466,0.0,10.214982340290717
214,2023-01-28 12:00:00,0.0,0.02732090131411264,0.03926434711399794,0.1106570935343992,0.16058899023580125,1.0,False,False,2000,1.0803879549452677,0.0,10.242347948057702
215,2023-01-28 18:00:00,0.0,0.027809939479097708,0.03999285530996113,0.11341334354960607,0.15925955148603382,1.0,False,False,2000,1.052884394289184,0.0,10.771680553416589
216,2023-01-29 00:00:00,0.0,0.02966269391849824,0.04106027574645007,0.11351219436812532,0.16531735638141515,1.0,False,False,2000,1.0659866373567153,0.0,10.648556969681815
217,2023-01-29 06:00:00,0.0,0.029103399899859987,0.04163510409407007,0.11579938159024358,0.16686957868703872,1.0,False,False,2000,1.0914841443076382,0.0,10.609350781151171
218,2023-01-29 12:00:00,0.0,0.026830001023533518,0.03893565468121343,0.11052730611930069,0.15022024838642326,1.0,False,False,2000,1.0693167879474865,0.0,10.336254640821052
219,2023-01-29 18:00:00,0.0,0.03192553097330849,0.04284151184214417,0.12321017604656011,0.17539345899967482,1.0,False,False,2000,1.0480264009083586,0.0,11.756400023870565
220,2023-01-30 00:00:00,0.0,0.02999961082643494,0.04147420432763072,0.11813640548494615,0.16627576677825479,1.0,False,False,2000,1.0358912015147737,0.0,11.404325600236437
221,2023-01-30 06:00:00,0.0,0.025543211013014686,0.037425096447032756,0.10700690995796076,0.1468747354340093,1.0,False,False,2000,1.0252220985620493,0.0,10.437436932743253
222,2023-01-30 12:00:00,0.0,0.027812104169808314,0.03969824644623217,0.11277995984389375,0.15066494753530912,1.0,False,False,2000,0.9969649428941685,0.0,11.312329550575356
223,2023-01-30 18:00:00,0.0049985827484212535,0.026939358696356067,0.0381935035157982,0.10757035771257997,0.15489043228811153,0.4885,False,False,2000,1.0007577082690904,0.4994798148561651,10.748891247476232
224,2023-01-31 00:00:00,0.028978116475743772,0.02612089563127693,0.038672655110470924,0.10841976765582372,0.16153668433546262,0.333,False,False,2000,1.0211811357817777,2.837705815389864,10.617094642354672
225,2023-01-31 06:00:00,0.03189760042289901,0.02923223299506936,0.041289287592865216,0.11670785311063454,0.16894768669536656,0.3305,False,False,2000,1.0007565958591085,3.18734850760751,11.661961918966483
226,2023-01-31 12:00:00,0.03852654211013894,0.029240566811017922,0.0398545426158465,0.1128975731690208,0.154481889155809,0.3065,False,False,2000,1.0336502518280033,3.727231918340369,10.92222180271927
227,2023-01-31 18:00:00,0.029418890527797,0.027767563677269225,0.03882918311464415,0.1115684757852444,0.15743475288755332,0.346,False,False,2000,1.0362701525794566,2.8389209565255027,10.766350406554801
228,2023-02-01 00:00:00,0.009961834957730857,0.02541078634425712,0.03859164954068063,0.10952969749463091,0.15570195465460243,0.4215,False,False,2000,1.0650283761774717,0.9353586421316966,10.284204622579875
229,2023-02-01 06:00:00,0.021801463423355292,0.026931726809154993,0.03971149266698004,0.11129020689061915,0.16476555704545431,0.3795,False,False,2000,1.0785497046927672,2.0213684476938965,10.318505156173677
230,2023-02-01 12:00:00,0.01748375136643181,0.028764026364526067,0.04032625793314714,0.11400891658744734,0.15296630452612606,0.4105,False,False,2000,1.0761396459202486,1.6246731019263563,10.594249270498153
231,2023-02-01 18:00:00,0.0,0.027982050927481034,0.039975891648247615,0.11299853098322045,0.15943664425568932,1.0,False,False,2000,1.1086100077748444,0.0,10.192811736385671
232,2023-02-02 00:00:00,0.0,0.025456594981063653,0.03792735169728302,0.1046844080219165,0.15380968905207335,1.0,False,False,2000,1.114448345000974,0.0,9.393383595704027
233,2023-02-02 06:00:00,0.0,0.02527145128960642,0.037326353045300784,0.10472393300386106,0.1483186474567433,1.0,False,False,2000,1.1406342153493514,0.0,9.181202141282988
234,2023-02-02 12:00:00,0.0,0.025921413987493275,0.038202937312515894,0.10613531045952077,0.15757637523726134,1.0,False,False,2000,1.1621786905232883,0.0,9.132443343263484
235,2023-02-02 18:00:00,0.0,0.025472490004508467,0.03926888020206238,0.11091400863419029,0.1562947110648519,1.0,False,False,2000,1.2206412350345486,0.0,9.08653627706187
236,2023-02-03 00:00:00,0.0,0.02492146373757037,0.03750925212911391,0.10340199502841198,0.15583081949592356,1.0,False,False,2000,1.2069139870771568,0.0,8.567470104379659
237,2023-02-03 06:00:00,0.0,0.028146618069630022,0.03965742608784187,0.1109446056246885,0.15536695616042828,1.0,False,False,2000,1.2091265492753789,0.0,9.175599170424041
238,2023-02-03 12:00:00,0.0,0.02738825765255473,0.03918183378614996,0.10875174666408573,0.1557058087546545,1.0,False,False,2000,1.2081551185340864,0.0,9.001472161624372
239,2023-02-03 18:00:00,0.0,0.02442795784049254,0.037274355917808505,0.10522014855709622,0.14978454972968838,1.0,False,False,2000,1.2104769220348335,0.0,8.692453911489634
240,2023-02-04 00:00:00,0.0,0.02510976780452316,0.03808644572677384,0.10452703304198797,0.15183760357260823,1.0,False,False,2000,1.1905231803074594,0.0,8.779924219114598
241,2023-02-04 06:00:00,0.0,0.02969947009960569,0.040974807103276736,0.11545378965869492,0.16530012125048454,1.0,False,False,2000,1.228989050787143,0.0,9.394208157082366
242,2023-02-04 12:00:00,0.0,0.03199251291587812,0.04411196842438359,0.12029543994421049,0.18362124765582935,1.0,False,False,2000,1.2737072213446863,0.0,9.444512673580622
243,2023-02-04 18:00:00,0.0,0.03931620837442708,0.046999978173732665,0.13186318362660093,0.1844895397996026,1.0,False,False,2000,1.3358443004433413,0.0,9.871149173810005
244,2023-02-05 00:00:00,0.0,0.04327681395479472,0.049276770318918965,0.1395342436789344,0.19019942721755367,1.0,False,False,2000,1.4205526600965213,0.0,9.822532286093047
245,2023-02-05 06:00:00,0.0,0.03976123578222517,0.04713155675097199,0.13365197950095928,0.18843144657331323,1.0,False,False,2000,1.456184790897599,0.0,9.17822932476692
246,2023-02-05 12:00:00,0.0,0.03850519114186737,0.0459717805536611,0.12836634161614308,0.17654687861972004,1.0,False,False,2000,1.4641648854798197,0.0,8.767205311994372
247,2023-02-05 18:00:00,0.0,0.042396081671833064,0.047991352978810686,0.13970913551090908,0.18281724120845202,1.0,False,False,2000,1.4433987940689395,0.0,9.679177790987978
248,2023-02-06 00:00:00,0.0,0.04148542950051314,0.0481613822517502,0.13749141328314962,0.18261799086083524,1.0,False,False,2000,1.4592235541123368,0.0,9.422230945743424
249,2023-02-06 06:00:00,0.0,0.04399870926061798,0.049902357957912424,0.1435498955878046,0.1985975537479193,1.0,False,False,2000,1.4766249496556971,0.0,9.721486530569319
250,2023-02-06 12:00:00,0.015778007494242994,0.04392564130773997,0.048620579852580025,0.1394550010395874,0.1947025250007153,0.585,False,False,2000,1.4976042063033157,1.0535498917427195,9.311872953656957
251,2023-02-06 18:00:00,0.0024224081309998165,0.03916325750975706,0.046114404456341435,0.1316696786192895,0.16983125028598006,0.6135,False,False,2000,1.48629358744066,0.16298315161078705,8.858927989188164
252,2023-02-07 00:00:00,0.0070155671385349755,0.03954868632940457,0.04656443500743403,0.13290649018281792,0.18279605684378053,0.606,False,False,2000,1.4816741160271392,0.4734892148447624,8.970021730499308
253,2023-02-07 06:00:00,0.0,0.041197501552050396,0.046950314731835016,0.1348367843008632,0.1829547165300561,1.0,False,False,2000,1.4593394074844757,0.0,9.239576729671613
254,2023-02-07 12:00:00,0.0,0.03967712303741014,0.047929433894514754,0.1351905407957227,0.1870860444188967,1.0,False,False,2000,1.4541773557080584,0.0,9.296702377124873
255,2023-02-07 18:00:00,0.0,0.04001275767267626,0.04739484509752824,0.13567521988258052,0.18520002503944358,1.0,False,False,2000,1.4326404865127331,0.0,9.47029077845167
256,2023-02-08 00:00:00,0.0,0.04215720846751074,0.047584564919403396,0.13504536346789212,0.1822294871113993,1.0,False,False,2000,1.4081271351116937,0.0,9.590424053377838
257,2023-02-08 06:00:00,0.0016321019614350344,0.04049198100139997,0.047374676360761064,0.13501229209351948,0.1883235268090413,0.6345,False,False,2000,1.4181452752569546,0.11508707816548013,9.520342834344424
258,2023-02-08 12:00:00,0.00897954186059487,0.04162229341852501,0.047915437983531435,0.13783992779724302,0.1878322872074294,0.602,False,False,2000,1.4134235527005257,0.6353043886553548,9.752202553430095
259,2023-02-08 18:00:00,0.0029153819932996395,0.03852314720810252,0.04649867846897575,0.13509862118599214,0.18494892293576887,0.6185,False,False,2000,1.4235074764786446,0.20480271733531538,9.490545249554149
260,2023-02-09 00:00:00,0.00010113194947634217,0.03438759328482697,0.04316961379264385,0.12266936915546844,0.16234087451080212,0.589,False,False,2000,1.444022876700466,0.007003486655794858,8.494974084881743
261,2023-02-09 06:00:00,0.0,0.03460720179608437,0.043924219293497255,0.1250043856418062,0.16755744195374953,1.0,False,False,2000,1.454224492861374,0.0,8.595948304779544
262,2023-02-09 12:00:00,0.0,0.03529590355423857,0.044295040864853745,0.12426318091708095,0.1782119078111114,1.0,False,False,2000,1.4549615676830916,0.0,8.540650397725626
263,2023-02-09 18:00:00,0.0,0.03798918103922977,0.04608309223745293,0.1333532102616035,0.18090861949477263,1.0,False,False,2000,1.451404532854263,0.0,9.187873349090168
264,2023-02-10 00:00:00,0.0,0.03325134031492302,0.04368727968597908,0.11933255004464417,0.18044904858907665,1.0,False,False,2000,1.464409447261043,0.0,8.148851420471079
265,2023-02-10 06:00:00,0.0,0.032152008509364276,0.043106180175620464,0.12065103220783123,0.1732311191260997,1.0,False,False,2000,1.4735711116761037,0.0,8.18766269587068
266,2023-02-10 12:00:00,0.0,0.03398733610167594,0.04331543634680539,0.12246628346625228,0.1704965054719065,1.0,False,False,2000,1.4822945199482476,0.0,8.261939973341333
267,2023-02-10 18:00:00,0.0,0.03155405853919782,0.041483700942488155,0.11643588657419827,0.16192095275605267,1.0,False,False,2000,1.46550919484432,0.0,7.9450805893147045
268,2023-02-11 00:00:00,0.0,0.0345901692005437,0.04443720765747223,0.125077143065082,0.17313727662907108,1.0,False,False,2000,1.4377468576182273,0.0,8.69952470438954
269,2023-02-11 06:00:00,0.0,0.03778145558684191,0.04396878437112513,0.12723095927956182,0.16943671849083672,1.0,False,False,2000,1.4520406755076272,0.0,8.762217300495555
270,2023-02-11 12:00:00,0.0,0.03550336134788477,0.04356768608140598,0.12421711988843058,0.169238436410238,1.0,False,False,2000,1.4545929201592032,0.0,8.539648321321074
271,2023-02-11 18:00:00,0.0,0.03304060756643617,0.04169545676795079,0.1159035278979748,0.16424848236218,1.0,False,False,2000,1.4908026560226268,0.0,7.774572136006153
272,2023-02-12 00:00:00,0.0,0.03307357391184905,0.04285291961709565,0.12415640997916284,0.16485864531498948,1.0,False,False,2000,1.4921603228394487,0.0,8.32058111174704
273,2023-02-12 06:00:00,0.0,0.03138251592054726,0.041375073096430605,0.11534157667715199,0.16821880656369367,1.0,False,False,2000,1.4785535869533548,0.0,7.800973714778912
274,2023-02-12 12:00:00,0.0,0.03130585037093158,0.04124729059924063,0.11724058121408806,0.1618703080441043,1.0,False,False,2000,1.4916785424349224,0.0,7.859641194724965
275,2023-02-12 18:00:00,0.0,0.031686628038402075,0.042335729224553025,0.11668004967021169,0.1652845926152753,1.0,False,False,2000,1.527793779824013,0.0,7.637159622658765
276,2023-02-13 00:00:00,0.0,0.03179869048569695,0.041525535347027825,0.11719411220356979,0.16108745552558534,1.0,False,False,2000,1.5250459423640093,0.0,7.684628308436693
277,2023-02-13 06:00:00,0.0,0.03103686639033347,0.040826529173122766,0.11437479187341261,0.16391775352791663,1.0,False,False,2000,1.5152889538594247,0.0,7.548051583303715
278,2023-02-13 12:00:00,0.0,0.03033902725789646,0.04091531560210809,0.11640133309634619,0.1598648173632026,1.0,False,False,2000,1.4968343991554072,0.0,7.776500403920831
279,2023-02-13 18:00:00,0.0,0.031866641071059354,0.041577912954079255,0.11681158209903722,0.165559661698586,1.0,False,False,2000,1.4925270252090903,0.0,7.826429949077332
280,2023-02-14 00:00:00,0.0,0.027654262501795146,0.03896107796017357,0.11012095128584462,0.15596074086368258,1.0,False,False,2000,1.4732185532379838,0.0,7.474855040605484
281,2023-02-14 06:00:00,0.0,0.03046194620247542,0.04154640382716944,0.12054086205762017,0.16563243381891382,1.0,False,False,2000,1.4813854030284062,0.0,8.13703589971912
282,2023-02-14 12:00:00,0.0,0.029626759583236954,0.040965493605048225,0.11574474282808685,0.16799849685835677,1.0,False,False,2000,1.4973659458766795,0.0,7.729890154562083
283,2023-02-14 18:00:00,0.0,0.027337428887737894,0.039870564483248064,0.10690188896844158,0.15836001872656588,1.0,False,False,2000,1.4982627013768268,0.0,7.135056413685277
284,2023-02-15 00:00:00,0.0,0.02880265144751886,0.04011024350741589,0.11230927523512249,0.15802601125500093,1.0,False,False,2000,1.4927860936886772,0.0,7.523467408354942
285,2023-02-15 06:00:00,0.0,0.030706060549063118,0.041976405372656615,0.1146007422337528,0.16956206959554643,1.0,False,False,2000,1.5018336501122664,0.0,7.630721433441451
286,2023-02-15 12:00:00,0.0,0.03237416823246788,0.04317818345360618,0.1197126712747498,0.17673447825070132,1.0,False,False,2000,1.49287308032224,0.0,8.018945002940876
287,2023-02-15 18:00:00,0.0,0.033245008641543256,0.043607025899514186,0.12374936180725196,0.1779178949589436,1.0,False,False,2000,1.491302613721063,0.0,8.298071811091075
288,2023-02-16 00:00:00,0.0,0.034625788093105646,0.042803245496952656,0.12233462253373954,0.15895206732684655,1.0,False,False,2000,1.501256028631496,0.0,8.148818069710364
289,2023-02-16 06:00:00,0.0,0.032370442251755664,0.042310182386467686,0.1194004136609931,0.16312762896361002,1.0,False,False,2000,1.4958792608567588,0.0,7.9819552811105225
290,2023-02-16 12:00:00,0.0,0.032695131104134474,0.04287382417346159,0.1245189460428086,0.16956762422976257,1.0,False,False,2000,1.470378009651118,0.0,8.468498931941566
291,2023-02-16 18:00:00,0.0,0.03243450687766262,0.043689192568239395,0.1243839061557157,0.16865958224252026,1.0,False,False,2000,1.4865675184615799,0.0,8.36718848024059
292,2023-02-17 00:00:00,0.0,0.030133379560646382,0.042007375294073335,0.11737165923466256,0.17070165872010842,1.0,False,False,2000,1.50077662738745,0.0,7.8207280878955965
293,2023-02-17 06:00:00,0.0,0.0283229098268746,0.04093587192958187,0.11820436946869589,0.1657488101084727,1.0,False,False,2000,1.4918093495776363,0.0,7.923557356854086
294,2023-02-17 12:00:00,0.0,0.02783711736414847,0.040083463396817995,0.11334095273312617,0.1623908127416909,1.0,False,False,2000,1.523277382619918,0.0,7.440598411445497
295,2023-02-17 18:00:00,0.0,0.031428554931571616,0.04338806751973341,0.12437207721591609,0.173739516049838,1.0,False,False,2000,1.5136110274532875,0.0,8.216911409873724
296,2023-02-18 00:00:00,0.0,0.029990661085635202,0.04298615276420333,0.12480388584591845,0.1709704617694564,1.0,False,False,2000,1.5136794265653613,0.0,8.245067195575666
297,2023-02-18 06:00:00,0.0,0.031425510861858706,0.04308678646216828,0.12361065621256585,0.17059826020172955,1.0,False,False,2000,1.534557785269062,0.0,8.055132064700485
298,2023-02-18 12:00:00,0.0,0.029169460287389242,0.041328418856387154,0.11457614032321368,0.1696563199111752,1.0,False,False,2000,1.5509401303944004,0.0,7.387528253207121
299,2023-02-18 18:00:00,0.0,0.030472199823553703,0.042423852656153636,0.12407997956768686,0.16779458261987323,1.0,False,False,2000,1.5394982028947206,0.0,8.059767743436081
300,2023-02-19 00:00:00,0.0,0.029713513898552143,0.03987355738082863,0.1110441220873339,0.15745112042340317,1.0,False,False,2000,1.526672726386839,0.0,7.273603580391516
301,2023-02-19 06:00:00,0.0,0.028270101372385704,0.03974532588926056,0.10986368797760501,0.15181615302395557,1.0,False,False,2000,1.501041912763804,0.0,7.319161913028646
302,2023-02-19 12:00:00,0.0,0.030165166592674774,0.04277182074362805,0.11854183174407829,0.16932978291830678,1.0,False,False,2000,1.4884032804687317,0.0,7.964362434537688
303,2023-02-19 18:00:00,0.0,0.03062901319642847,0.04122968758161087,0.1159511088069466,0.16024721996012764,1.0,False,False,2000,1.470259452297273,0.0,7.88643858917374
304,2023-02-20 00:00:00,0.0,0.0333370408535814,0.04357829009929257,0.125113986539021,0.17393913683166598,1.0,False,False,2000,1.477912577445291,0.0,8.465587778899083
305,2023-02-20 06:00:00,0.0,0.03476994878506541,0.045399872759805684,0.12861925365642857,0.17088048337797732,1.0,False,False,2000,1.4619603266603796,0.0,8.797725308335774
306,2023-02-20 12:00:00,0.0,0.03149605919076186,0.04209185861188252,0.12011966688674976,0.16430519880666325,1.0,False,False,2000,1.4672510543803159,0.0,8.186715322380977
307,2023-02-20 18:00:00,0.0,0.03537483136265859,0.04510717496069118,0.1305792157772253,0.17420689258696406,1.0,False,False,2000,1.4811745679349215,0.0,8.815923430232877
308,2023-02-21 00:00:00,0.0,0.03430843937099347,0.043913228151642426,0.12403160490607591,0.17777743418268319,1.0,False,False,2000,1.5076593445373028,0.0,8.226765904080336
309,2023-02-21 06:00:00,0.0,0.0341195893881617,0.0430592505196463,0.12296720441237655,0.16990680198773653,1.0,False,False,2000,1.4916921360798778,0.0,8.243470716117782
310,2023-02-21 12:00:00,0.0,0.03363262068890421,0.042542727273402095,0.12212994319398,0.1661605637756127,1.0,False,False,2000,1.4798988289657904,0.0,8.252587325805848
311,2023-02-21 18:00:00,0.0,0.03579792509535784,0.04447484588279445,0.12216165842843357,0.16834524713522814,1.0,False,False,2000,1.463925717305784,0.0,8.34479898701831
312,2023-02-22 00:00:00,0.0,0.03564871344294791,0.04415590059043768,0.12370448061700891,0.1721615186429645,1.0,False,False,2000,1.4845694375644707,0.0,8.3326840420448
313,2023-02-22 06:00:00,0.0,0.0350101876098753,0.04232136412591336,0.11798184123663877,0.17028681716464608,1.0,False,False,2000,1.489581518658167,0.0,7.9204689208898245
314,2023-02-22 12:00:00,0.0,0.034497683709004176,0.043028092760175746,0.12200550867544031,0.16255096432203892,1.0,False,False,2000,1.5238940485007195,0.0,8.006167410094896
315,2023-02-22 18:00:00,0.0,0.03750254623465826,0.045634756403173736,0.1286090468866903,0.17668307859617596,1.0,False,False,2000,1.524635664020988,0.0,8.435395414239759
316,2023-02-23 00:00:00,0.0,0.0355579884463885,0.044528016386413904,0.12941381836176813,0.17791909935822442,1.0,False,False,2000,1.5649126173034675,0.0,8.26971531386613
317,2023-02-23 06:00:00,0.0,0.03322942284743443,0.04364643533959343,0.12184799720034653,0.1728277303485684,1.0,False,False,2000,1.5284443297834338,0.0,7.9720271668390605
318,2023-02-23 12:00:00,0.0,0.03466574736268069,0.04362096823034291,0.12413416742644448,0.16599224468872067,1.0,False,False,2000,1.5045977556865031,0.0,8.250322516917869
319,2023-02-23 18:00:00,0.0,0.03291216837291019,0.04245548203294001,0.1195564433030191,0.16719344818359064,1.0,False,False,2000,1.5088608313128884,0.0,7.923622962562477
320,2023-02-24 00:00:00,0.0,0.03353429104067872,0.04261909671712615,0.12105761606956124,0.16279647997889418,1.0,False,False,2000,1.5245191567592586,0.0,7.9407080936194365
321,2023-02-24 06:00:00,0.0,0.034905894052079396,0.045020103470122357,0.1218899597416342,0.17852507298760745,1.0,False,False,2000,1.54315510045806,0.0,7.898749756615728
322,2023-02-24 12:00:00,0.0,0.03394181905562751,0.04253613238332376,0.12192865344261342,0.1631907410742851,1.0,False,False,2000,1.5558418512085481,0.0,7.836828232117653
323,2023-02-24 18:00:00,0.0,0.03210512860577518,0.04316648647367442,0.12240289526389661,0.1728694850625163,1.0,False,False,2000,1.5856160957021894,0.0,7.719579512069126
324,2023-02-25 00:00:00,0.0,0.02923774202210115,0.03995525162337105,0.1129988844437032,0.1566894650257185,1.0,False,False,2000,1.5440170938144586,0.0,7.318499574673883
325,2023-02-25 06:00:00,0.0,0.02987889685645348,0.0416854655566609,0.11512589485015093,0.17361249333353057,1.0,False,False,2000,1.5655725573805666,0.0,7.353596887439921
326,2023-02-25 12:00:00,0.0,0.029104130263334412,0.040896385658544095,0.11414859862235163,0.16488630494112674,1.0,False,False,2000,1.5451772323347461,0.0,7.387411374802251
327,2023-02-25 18:00:00,0.0,0.030024642625875873,0.041210234462386496,0.11724004183310124,0.15884823158345807,1.0,False,False,2000,1.4913882551832378,0.0,7.861134847055415
328,2023-02-26 00:00:00,0.0,0.030157365204942797,0.04170641942703393,0.11509983979634873,0.16824151512232663,1.0,False,False,2000,1.4954229420784946,0.0,7.696808478568008
329,2023-02-26 06:00:00,0.0,0.03160661300239698,0.04302567265238015,0.12128445865169384,0.16946630281186265,1.0,False,False,2000,1.4273171610510074,0.0,8.497372690620901
330,2023-02-26 12:00:00,0.0,0.03160744104081574,0.04324203590455868,0.1234975459170637,0.17099293003178015,1.0,False,False,2000,1.4121784172040028,0.0,8.745180099946486
331,2023-02-26 18:00:00,0.0,0.02694801121865552,0.0393277724170305,0.10988958191926958,0.16593362060622827,1.0,False,False,2000,1.39076729493929,0.0,7.901363680260147
332,2023-02-27 00:00:00,0.0,0.02756087371774077,0.040406628806844216,0.11411984388927414,0.16691380430872546,1.0,False,False,2000,1.394434494970426,0.0,8.1839515804358
333,2023-02-27 06:00:00,0.0,0.02728920645859833,0.03994320462245905,0.10986522285908659,0.1661217636517932,1.0,False,False,2000,1.3958885196458584,0.0,7.87063016228257
334,2023-02-27 12:00:00,0.0,0.0257498004951043,0.03805155978172869,0.10414434133091911,0.153856281040172,1.0,False,False,2000,1.408324761692683,0.0,7.394909481371806
335,2023-02-27 18:00:00,0.0,0.028359847618491855,0.0393642079685154,0.10754375763594941,0.16050036124407016,1.0,False,False,2000,1.4396461150435729,0.0,7.47015231814066
336,2023-02-28 00:00:00,0.0,0.026922712398048144,0.03821083059691847,0.108486440000575,0.14630171209655557,1.0,False,False,2000,1.4417833397750963,0.0,7.524462033074802
337,2023-02-28 06:00:00,0.0,0.026983977248584617,0.03891644127507164,0.10703063658471731,0.16295058816337415,1.0,False,False,2000,1.441172034034019,0.0,7.426638462108184
338,2023-02-28 12:00:00,0.0,0.029597885988547987,0.04128502579911034,0.11367968154095272,0.16680764467979825,1.0,False,False,2000,1.418288757780665,0.0,8.015270579937361
339,2023-02-28 18:00:00,0.0,0.028938085599024332,0.040088378273255613,0.11318551956608601,0.16304198374125572,1.0,False,False,2000,1.3791823502311302,0.0,8.206711719238418
340,2023-03-01 00:00:00,0.0,0.030050822211328595,0.04266980079767152,0.11900130408190523,0.17603348564368734,1.0,False,False,2000,1.39451656244321,0.0,8.533516724492214
341,2023-03-01 06:00:00,0.0,0.027688401794605993,0.03982932355669618,0.11024210503155761,0.15431841495225299,1.0,False,False,2000,1.4133890779449907,0.0,7.7998413000222895
342,2023-03-01 12:00:00,0.0,0.029716680064155544,0.04045271707817117,0.11498218993718759,0.16403701862962777,1.0,False,False,2000,1.4416335563650102,0.0,7.975826410915967
343,2023-03-01 18:00:00,0.0,0.02636756760686891,0.03847261830017597,0.11052066001044042,0.15434654038179735,1.0,False,False,2000,1.4193116909792494,0.0,7.786919583124624
344,2023-03-02 00:00:00,0.0,0.02854559332308783,0.03966285430437038,0.11158016300819608,0.16099728479031059,1.0,False,False,2000,1.4191860021659668,0.0,7.862264906636765
345,2023-03-02 06:00:00,0.0,0.026426159802564683,0.03917901697718842,0.10869532790143073,0.15860533251235717,1.0,False,False,2000,1.41934690661168,0.0,7.658122717927532
346,2023-03-02 12:00:00,0.0,0.026474535122965614,0.03798291560080486,0.10801812760041034,0.14714818975439573,1.0,False,False,2000,1.4160589048461178,0.0,7.6280815177069625
347,2023-03-02 18:00:00,0.0,0.025552152738529395,0.03761535502967195,0.10548013127432243,0.1449990375987122,1.0,False,False,2000,1.4150411708639166,0.0,7.4542093506667575
348,2023-03-03 00:00:00,0.0,0.028001657597894514,0.04065380205772554,0.11380981055923747,0.15853998414165282,1.0,False,False,2000,1.4074630659898562,0.0,8.08616675700801
349,2023-03-03 06:00:00,0.0,0.028392497682168824,0.04043447463382464,0.11731968498561653,0.1603658108997412,1.0,False,False,2000,1.416422908077778,0.0,8.282814709967564
350,2023-03-03 12:00:00,0.0,0.0284292345980438,0.03899809371040686,0.10916138975895481,0.15514158214534812,1.0,False,False,2000,1.4450018738459327,0.0,7.554411640202045
351,2023-03-03 18:00:00,0.0,0.033109634387366686,0.04476203569744378,0.12626579500680965,0.16838038787151036,1.0,False,False,2000,1.4250697033721136,0.0,8.860324144708812
352,2023-03-04 00:00:00,0.0,0.030944739737709413,0.04141739174042186,0.1182316526218431,0.16477531278717675,1.0,False,False,2000,1.4270501993867173,0.0,8.285038092749211
353,2023-03-04 06:00:00,0.0,0.030743613844270178,0.04144310618988599,0.11599851069084773,0.16783525435823504,1.0,False,False,2000,1.428065354421867,0.0,8.122773256256759
354,2023-03-04 12:00:00,0.0,0.02870679136242446,0.0390094928580218,0.10889989158664874,0.15703431519485506,1.0,False,False,2000,1.4292237863190738,0.0,7.619512957247751
355,2023-03-04 18:00:00,0.0,0.026986590570047323,0.03808796074125822,0.11099919247573958,0.14848181265564925,1.0,False,False,2000,1.3871967812551427,0.0,8.001690457737867
356,2023-03-05 00:00:00,0.0,0.02783924473457209,0.03929597410664578,0.11136542594589693,0.15630653278279016,1.0,False,False,2000,1.3578345068550992,0.0,8.201693607259404
357,2023-03-05 06:00:00,0.0,0.02940192899140525,0.04028366641868766,0.11191011016710141,0.15678493560237253,1.0,False,False,2000,1.363319341572652,0.0,8.208649782523286
358,2023-03-05 12:00:00,0.0,0.028488244714725806,0.03974692201848983,0.11600877036880884,0.1575552585578462,1.0,False,False,2000,1.3767302820257492,0.0,8.426397812512059
359,2023-03-05 18:00:00,0.0,0.026965452282945578,0.037934982899742765,0.10785761505557472,0.15229635541997863,1.0,False,False,2000,1.2983187066277244,0.0,8.307483709891692
360,2023-03-06 00:00:00,0.0,0.02584227518431535,0.037946596338052536,0.10726506583483406,0.14984361259359527,1.0,False,False,2000,1.2961332965413004,0.0,8.275774268053157
361,2023-03-06 06:00:00,0.0,0.022785761324122553,0.03668540590255633,0.10276244261668091,0.147490358366311,1.0,False,False,2000,1.3126616570889498,0.0,7.828555215406693
362,2023-03-06 12:00:00,0.0,0.023271962846016094,0.03696450784799058,0.09920712912426286,0.15145546623336198,1.0,False,False,2000,1.3233529789924248,0.0,7.496649095073428
363,2023-03-06 18:00:00,0.0,0.02446796366187381,0.039016485418049175,0.10929652361638852,0.1642577871428695,1.0,False,False,2000,1.3022401402305428,0.0,8.392962268621144
364,2023-03-07 00:00:00,0.0,0.026962015956108705,0.03904409141534778,0.10869935610317896,0.1538599280532729,1.0,False,False,2000,1.288353744039923,0.0,8.437073793283487
365,2023-03-07 06:00:00,0.0,0.024815952804064723,0.03812131435867366,0.10746798062560872,0.1602698302362211,1.0,False,False,2000,1.298064533669831,0.0,8.279093822999691
366,2023-03-07 12:00:00,0.0,0.024757719498261714,0.037162495961632104,0.10327215358345222,0.14908197682552002,1.0,False,False,2000,1.308426556710984,0.0,7.892850619223851
367,2023-03-07 18:00:00,0.0,0.027069668268111993,0.03938862152130394,0.10892684442234894,0.16061602961137694,1.0,False,False,2000,1.3487585272118534,0.0,8.076081983890916
368,2023-03-08 00:00:00,0.0,0.03416558936037449,0.043691032743888095,0.12477706052367521,0.17448572424609993,1.0,False,False,2000,1.41076446727676,0.0,8.844641569725384
369,2023-03-08 06:00:00,0.0,0.03125793308973983,0.040604987191690124,0.11325058511506353,0.15477706874643,1.0,False,False,2000,1.4159614785551145,0.0,7.9981402623062525
370,2023-03-08 12:00:00,0.0,0.03199468360513557,0.04166420978694661,0.11702769185173785,0.16033327315487533,1.0,False,False,2000,1.4076403015484749,0.0,8.313749735852372
371,2023-03-08 18:00:00,0.0,0.0350716246849789,0.04384188388865932,0.12216467269987988,0.17064221300059662,1.0,False,False,2000,1.4102620445057754,0.0,8.662551273773545
372,2023-03-09 00:00:00,0.0,0.030830264263099424,0.041860014059051286,0.11871556642168016,0.16721151081802232,1.0,False,False,2000,1.4050636171491586,0.0,8.449123938071308
373,2023-03-09 06:00:00,0.0,0.03177561952468713,0.0419452127890167,0.11850786963658475,0.1654192939183797,1.0,False,False,2000,1.382432273367422,0.0,8.572417753812653
374,2023-03-09 12:00:00,0.0,0.0326830189618979,0.0422418029499365,0.11610354754372403,0.1618060480740457,1.0,False,False,2000,1.3975597580340606,0.0,8.307590918834572
375,2023-03-09 18:00:00,0.0,0.03149814935964414,0.04253630955469172,0.12028158952723285,0.16604378607246362,1.0,False,False,2000,1.4286092291778851,0.0,8.419488483666784
376,2023-03-10 00:00:00,0.0,0.029752281471471995,0.04191128754246677,0.12003636094688219,0.16520044834430195,1.0,False,False,2000,1.4309331443728859,0.0,8.388677096405422
377,2023-03-10 06:00:00,0.0,0.030204030891274235,0.04082787427351834,0.11786087291811227,0.15240782805899789,1.0,False,False,2000,1.4858191789796709,0.0,7.932383333418047
378,2023-03-10 12:00:00,0.0,0.02847424931803865,0.040686677129908526,0.11544240243044977,0.1680422414348984,1.0,False,False,2000,1.4933454346605683,0.0,7.730455375630448
379,2023-03-10 18:00:00,0.0,0.028307234761345314,0.04156030139908606,0.11980982830186042,0.1684316261955373,1.0,False,False,2000,1.5322423748976632,0.0,7.819247807310015
380,2023-03-11 00:00:00,0.0,0.02780201280608769,0.040556369388907186,0.11064670397138905,0.16803394910167346,1.0,False,False,2000,1.5425424563043364,0.0,7.1730086597732505
381,2023-03-11 06:00:00,0.0,0.03254194006971943,0.042687819559799486,0.1219574629443583,0.16089499457075293,1.0,False,False,2000,1.57280239936375,0.0,7.754150362034931
382,2023-03-11 12:00:00,0.0,0.0348725631821768,0.04398051466734553,0.1250802784600936,0.17044094766340626,1.0,False,False,2000,1.5974129287791285,0.0,7.830178171632178
383,2023-03-11 18:00:00,0.0,0.03660781373670946,0.04531295348144236,0.12813068648748052,0.1766115733069826,1.0,False,False,2000,1.6052967183823839,0.0,7.98174474664064
384,2023-03-12 00:00:00,0.0,0.03487080874896865,0.04525877341229182,0.1255124285015815,0.18510839077250235,1.0,False,False,2000,1.578833051983791,0.0,7.949696033021107
385,2023-03-12 06:00:00,0.0,0.03085876139146759,0.041687029577021015,0.1177940578248173,0.16367069182358113,1.0,False,False,2000,1.5972885424418706,0.0,7.374626105108002
386,2023-03-12 12:00:00,0.0,0.03090102632736808,0.041787322028796335,0.11810229436121615,0.1669031006512885,1.0,False,False,2000,1.5994095863428957,0.0,7.384118200220437
387,2023-03-12 18:00:00,0.0,0.031873755188142804,0.0441637481570493,0.12533893077623656,0.17746247387266295,1.0,False,False,2000,1.5842607466772114,0.0,7.911508950727921
388,2023-03-13 00:00:00,0.0,0.03701712097865943,0.046135421463342666,0.12974117041562536,0.18451981345344243,1.0,False,False,2000,1.6119071465101988,0.0,8.048923332619797
389,2023-03-13 06:00:00,0.0,0.03631212738197144,0.04608675626325859,0.1298802021010317,0.18069627793087603,1.0,False,False,2000,1.5824980035540357,0.0,8.207290107750007
390,2023-03-13 12:00:00,0.0,0.036985149037541756,0.04397338677135532,0.12487160972924985,0.1658250934681609,1.0,False,False,2000,1.566548937928783,0.0,7.971127278944072
391,2023-03-13 18:00:00,0.0,0.03539235763584455,0.04523750211732895,0.12955118973414317,0.18143063539555307,1.0,False,False,2000,1.5819777532208144,0.0,8.18919162866763
392,2023-03-14 00:00:00,0.0,0.036256299583094474,0.046071969236537814,0.1305825970865797,0.17749402754893043,1.0,False,False,2000,1.5943919368948705,0.0,8.190119008058552
393,2023-03-14 06:00:00,0.0,0.033330470097703555,0.045255872556945353,0.12871666710952362,0.17768416116401525,1.0,False,False,2000,1.5997868724121085,0.0,8.045863441512598
394,2023-03-14 12:00:00,0.0,0.032573894618387556,0.04346975837795837,0.12074036455574762,0.17060972134462896,1.0,False,False,2000,1.6015637058500432,0.0,7.538904891183437
395,2023-03-14 18:00:00,0.0,0.03223382260146944,0.0434743131099248,0.12685857429031125,0.16597158796413983,1.0,False,False,2000,1.561690504012072,0.0,8.12315717899317
396,2023-03-15 00:00:00,0.0,0.038354182982029854,0.04701726560474499,0.13404402701974674,0.17584975977435746,1.0,False,False,2000,1.531360027687941,0.0,8.753266677734002
397,2023-03-15 06:00:00,0.0,0.035288081298059694,0.04551187006811012,0.13153176958551863,0.17459209138429937,1.0,False,False,2000,1.542251865401549,0.0,8.528553120036092
398,2023-03-15 12:00:00,0.0,0.03329298860796682,0.04491598057272981,0.12781508034729347,0.18167010613348739,1.0,False,False,2000,1.547642999889324,0.0,8.258692757724738
399,2023-03-15 18:00:00,0.0,0.03557532673001233,0.04730678596500794,0.13577209033379598,0.19145817556989142,1.0,False,False,2000,1.5337824886447384,0.0,8.852108518579136
400,2023-03-16 00:00:00,0.0,0.03319647899057643,0.043679520523508826,0.12062508566368833,0.18199193970610567,1.0,False,False,2000,1.4990110323879093,0.0,8.046977844554872
401,2023-03-16 06:00:00,0.0,0.031690197243311895,0.04309036459114325,0.12322006606778471,0.1719907526021367,1.0,False,False,2000,1.472545383194265,0.0,8.367828080143385
402,2023-03-16 12:00:00,0.0,0.029527071988730433,0.041183657946765165,0.11833976021789544,0.16436880257543757,1.0,False,False,2000,1.4903508415124804,0.0,7.940396108194128
403,2023-03-16 18:00:00,0.0,0.030109328627216485,0.042559195712291206,0.12077684951411344,0.1682685174524599,1.0,False,False,2000,1.4867986503032,0.0,8.123282159926877
404,2023-03-17 00:00:00,0.0,0.02970866463413278,0.04153383618326386,0.11926003610017419,0.16642776151587155,1.0,False,False,2000,1.5097468922618513,0.0,7.899339731145455
405,2023-03-17 06:00:00,0.0034133873982562855,0.02972339508627617,0.04321093964934814,0.12092723591909588,0.17114847023535829,0.4995,False,False,2000,1.5369196193824044,0.22209277279106637,7.868156173820545
406,2023-03-17 12:00:00,0.009358243839450052,0.029318781060936636,0.04221149886279007,0.11831941417169142,0.17549668483563954,0.4745,False,False,2000,1.529475331167916,0.6118597435830524,7.735947861371654
407,2023-03-17 18:00:00,0.0,0.03176315419245975,0.04406715038956236,0.12561277412612612,0.17533387967803232,1.0,False,False,2000,1.5391587394826258,0.0,8.16113185104934
408,2023-03-18 00:00:00,0.027123689377361513,0.033647903586864016,0.044788571109071224,0.12486803796329603,0.17667605844647233,0.4055,False,False,2000,1.5618526236230474,1.736635644561801,7.994866869937972
409,2023-03-18 06:00:00,0.02586163581935591,0.03604098181669384,0.0470306154415511,0.13085345150146058,0.1871997615779087,0.4365,False,False,2000,1.533906865144702,1.6859977881979318,8.530729894680825
410,2023-03-18 12:00:00,0.02229992951583624,0.03329003360580067,0.04550502686631001,0.1292672311364821,0.18630445804997323,0.4265,False,False,2000,1.5257205624492352,1.4615998541723934,8.472536473452896
411,2023-03-18 18:00:00,0.0,0.034751735969054766,0.044977989446030375,0.12466187700691804,0.18198998649162104,1.0,False,False,2000,1.5158529999453496,0.0,8.223876392461039
412,2023-03-19 00:00:00,0.010982565449362417,0.03504403462191961,0.04492484911972337,0.1244070245142149,0.1746746026498725,0.524,False,False,2000,1.4980648231671119,0.7331168371034696,8.304515438203909
413,2023-03-19 06:00:00,0.005969034569932798,0.03460902673640423,0.04388537105242633,0.12485484095414925,0.1653437733857931,0.557,False,False,2000,1.4750322954740824,0.4046714494487947,8.464549646624537
414,2023-03-19 12:00:00,0.009924358165752812,0.038649935900679416,0.047252930059797034,0.13339789635588603,0.1861706978027804,0.5605,False,False,2000,1.4921857537771253,0.6650886553923719,8.939764772463477
415,2023-03-19 18:00:00,0.0,0.03631353000911281,0.04648533400429549,0.13367760907295084,0.1840253134801607,1.0,False,False,2000,1.475680206658232,0.0,9.058711262087872
416,2023-03-20 00:00:00,0.007357571834731232,0.0360250550849212,0.04572514149716885,0.13038225095563216,0.17669820961173432,0.5535,False,False,2000,1.4810113168042636,0.4967937618874818,8.803595858873777
417,2023-03-20 06:00:00,0.0,0.03513732211585155,0.04420317242975663,0.12315371957514723,0.17865023306519615,1.0,False,False,2000,1.4900935374527635,0.0,8.264831467269634
418,2023-03-20 12:00:00,0.0,0.034327001181994894,0.045028241530379196,0.12905797858152313,0.17693938658545816,1.0,False,False,2000,1.5216979336855658,0.0,8.481182482054344
419,2023-03-20 18:00:00,0.006301268860018661,0.03449080298954793,0.04531487320659346,0.13001984177062567,0.1769961067754904,0.534,False,False,2000,1.6094538677665509,0.39151596614340806,8.07850690067029
420,2023-03-21 00:00:00,0.005461064648468156,0.03265295657801338,0.04437809958009458,0.12488602402820269,0.1754406188485505,0.521,False,False,2000,1.6274239421432577,0.33556496909318745,7.673847040970307
421,2023-03-21 06:00:00,0.0,0.03449135046651778,0.04522742940824559,0.12902578856075755,0.179702662433527,1.0,False,False,2000,1.625154946664199,0.0,7.939291501133263
422,2023-03-21 12:00:00,0.0,0.03302582441598993,0.04397196542467404,0.12461092747807889,0.17060325243334548,1.0,False,False,2000,1.5941348517035532,0.0,7.8168372860624
423,2023-03-21 18:00:00,0.0033679412937659657,0.03161814127891757,0.042624201514086094,0.12338950468535102,0.16688675211005166,0.5405,False,False,2000,1.5955088179008239,0.21108885491445245,7.733552036878863
424,2023-03-22 00:00:00,0.022217606485747686,0.03245005732776188,0.043413095934560345,0.12321637848256742,0.16591257178887428,0.426,False,False,2000,1.544765994516619,1.4382506194862164,7.976378229449808
425,2023-03-22 06:00:00,0.0,0.029838242829237586,0.043399132986421694,0.11968666596999705,0.18127068647632022,1.0,False,False,2000,1.5444983352404658,0.0,7.749225961539338
426,2023-03-22 12:00:00,0.0,0.028843485357295518,0.042159758400238875,0.11769325621758311,0.17709658404860829,1.0,False,False,2000,1.5012607417583577,0.0,7.839627916982257
427,2023-03-22 18:00:00,0.0,0.028874908080649915,0.04140647545488643,0.11833092356465165,0.15885439055872097,1.0,False,False,2000,1.550671560878969,0.0,7.630946910355278
428,2023-03-23 00:00:00,0.006516980005627254,0.029179011614539986,0.04247520889253258,0.11715396572030912,0.17457765618922746,0.4755,False,False,2000,1.493961837446428,0.4362213171901686,7.841831215752867
429,2023-03-23 06:00:00,0.0,0.0298797948674735,0.04201224653702684,0.12170697727053793,0.16129960270902743,1.0,False,False,2000,1.4893312905047926,0.0,8.171921052520602
430,2023-03-23 12:00:00,0.0,0.028480285926885503,0.04082228581082886,0.11411313339988505,0.16863487977162386,1.0,False,False,2000,1.4848146226015975,0.0,7.685345474301923
431,2023-03-23 18:00:00,0.0,0.02747297646573177,0.041671771054889874,0.1168061626215331,0.16769860564233854,1.0,False,False,2000,1.517288798557927,0.0,7.698347389933207
432,2023-03-24 00:00:00,0.0,0.025881311941862144,0.04148264038602729,0.11646231744625762,0.18035135066360256,1.0,False,False,2000,1.4960354499905992,0.0,7.784729796809925
433,2023-03-24 06:00:00,0.0,0.02606300283970929,0.040518900006138475,0.10874168859681142,0.17116445449226775,1.0,False,False,2000,1.4895674470735636,0.0,7.300219188493122
434,2023-03-24 12:00:00,0.0,0.026377965279789223,0.04004469893417652,0.11027862749655332,0.16377652623899305,1.0,False,False,2000,1.457529184712224,0.0,7.566135117790237
435,2023-03-24 18:00:00,0.0,0.027151958698144546,0.04126069833571512,0.11920200275972762,0.16377139292009366,1.0,False,False,2000,1.4588459633227442,0.0,8.170979373876243
436,2023-03-25 00:00:00,0.0033827930923151597,0.026647427127245344,0.04116628764073817,0.11265512949622168,0.17333044301092965,0.46,False,False,2000,1.4627156474617988,0.2312679910264997,7.701779200332499
437,2023-03-25 06:00:00,0.018537535064583124,0.028333762325458752,0.04179604125492853,0.11562480657990291,0.1758717713822454,0.3995,False,False,2000,1.465351661614058,1.265057088355458,7.890584192776245
438,2023-03-25 12:00:00,0.026515253101251687,0.02733710090665337,0.04161808659145448,0.11818046906994212,0.16838762711203575,0.3405,False,False,2000,1.4664141500071621,1.8081694793467578,8.059146801697523
439,2023-03-25 18:00:00,0.009673742630092451,0.025773898342693273,0.04045675920939621,0.10950026854821944,0.17172014936024355,0.4205,False,False,2000,1.482825970220192,0.6523855681227346,7.384566412197327
440,2023-03-26 00:00:00,0.0,0.02750781267740706,0.042165642972512345,0.11647933758034085,0.16305498138882032,1.0,False,False,2000,1.4847222472972261,0.0,7.845193792467156
441,2023-03-26 06:00:00,0.0,0.027928778956348065,0.04180139846981849,0.11413237068419047,0.17539522065632474,1.0,False,False,2000,1.5242767088715652,0.0,7.487641188763136
442,2023-03-26 12:00:00,0.0,0.02484191711150426,0.039660037766420096,0.11184840408331977,0.1653298697676349,1.0,False,False,2000,1.5182927182484995,0.0,7.366722025272435
443,2023-03-26 18:00:00,0.0,0.023339449449109585,0.037523528277637705,0.10292062863939812,0.15332534522046917,1.0,False,False,2000,1.5340242160636588,0.0,6.709191912465033
444,2023-03-27 00:00:00,0.0,0.02492482318344181,0.03974132821293103,0.11185080778849359,0.16767576616278143,1.0,False,False,2000,1.5273127829229418,0.0,7.323372726209733
445,2023-03-27 06:00:00,0.0,0.0255691606537814,0.03952262518558076,0.11079365052984597,0.15931589587501552,1.0,False,False,2000,1.4992338389775148,0.0,7.390017997819993
446,2023-03-27 12:00:00,0.0,0.027771209053737814,0.041709328798639325,0.11436756305896746,0.1713909694643275,1.0,False,False,2000,1.4993740799446762,0.0,7.627687085479522
447,2023-03-27 18:00:00,0.0,0.026440719912986382,0.03963951100567883,0.11158718048419182,0.16274517953542297,1.0,False,False,2000,1.5151768477308982,0.0,7.364630778994728
448,2023-03-28 00:00:00,0.0,0.026895372396461587,0.04163050770681792,0.11454275692793164,0.17648236256834535,1.0,False,False,2000,1.5086501079603756,0.0,7.592400406399606
449,2023-03-28 06:00:00,0.0,0.02585953717886352,0.04038432340714964,0.10933880059539176,0.1680774570652855,1.0,False,False,2000,1.4949349978615096,0.0,7.3139501551438615
450,2023-03-28 12:00:00,0.0,0.026451905898110886,0.04071318428775938,0.11328233171192946,0.15969051615930935,1.0,False,False,2000,1.463520446454447,0.0,7.740399663453247
451,2023-03-28 18:00:00,0.0,0.028896477242732813,0.041765820793020464,0.11632937120128596,0.16437896687531256,1.0,False,False,2000,1.4385907176574289,0.0,8.086342402564247
452,2023-03-29 00:00:00,0.0,0.027395088756702213,0.04239850378326039,0.11825354378355997,0.17346148709703793,1.0,False,False,2000,1.4691744409214658,0.0,8.048979106210927
453,2023-03-29 06:00:00,0.0,0.026665208741796145,0.04053640131701179,0.11543676283014374,0.16206079536413337,1.0,False,False,2000,1.4431499609432887,0.0,7.998944389305917
454,2023-03-29 12:00:00,0.006306591284409216,0.028436323720929045,0.04261859172253603,0.11729124388573507,0.1789295969160538,0.464,False,False,2000,1.4613732553119296,0.4315523950835597,8.02609760780789
455,2023-03-29 18:00:00,0.028649393427770477,0.029829903055187984,0.04444698907527102,0.1263036459565398,0.18677433188525913,0.3425,False,False,2000,1.4607954813567843,1.9612186506191114,8.646223757430384
456,2023-03-30 00:00:00,0.05776504061683712,0.02988166148132691,0.043883449682444994,0.12570359009854937,0.1716121202750242,0.211,False,False,2000,1.4694694159343096,3.931013465844016,8.554352253641511
457,2023-03-30 06:00:00,0.03083171115920656,0.02818065048963935,0.04128579922160381,0.11757442486424041,0.16680102288792886,0.3375,False,False,2000,1.5126706332459217,2.038230298227394,7.772638820385285
458,2023-03-30 12:00:00,0.0,0.029563650550032756,0.04272736429568535,0.1202865486175377,0.16950298181819107,1.0,False,False,2000,1.5352906291861321,0.0,7.834773842220505
459,2023-03-30 18:00:00,0.016762960422092094,0.03042380821752849,0.04389147735813036,0.12157395448367815,0.18465873894505716,0.426,False,False,2000,1.5357124102298108,1.0915429419225446,7.916453215708877
460,2023-03-31 00:00:00,0.023939915847547785,0.032925850695633946,0.0454521051983513,0.12874087390630942,0.1770875388041006,0.4085,False,False,2000,1.5392509027027814,1.5552965280391597,8.363865415329782
461,2023-03-31 06:00:00,0.007752717619106437,0.03172087006943604,0.04439807430359212,0.12371958462289023,0.17848971072269226,0.496,False,False,2000,1.5463498103998221,0.5013560041179754,8.00075014015758
462,2023-03-31 12:00:00,0.00562814468414839,0.028931423061613847,0.04330587774461714,0.1214851220432818,0.17414561806619097,0.476,False,False,2000,1.4984241688872488,0.3756042381729554,8.107525530204066
463,2023-03-31 18:00:00,0.017548182116362783,0.030466264061928428,0.043565127315035555,0.12109642683864187,0.17523310755354127,0.4185,False,False,2000,1.4874640370785006,1.1797382443496804,8.141133084231402
464,2023-04-01 00:00:00,0.016843462710606324,0.027264471711674423,0.042005195299086785,0.11282469110725603,0.17449884738547883,0.393,False,False,2000,1.4606571367042993,1.153142807258003,7.72424193687397
465,2023-04-01 06:00:00,0.021005120293673716,0.029559850610151,0.043432302903555625,0.12068712681371149,0.17631567157361516,0.3985,False,False,2000,1.4293275916374728,1.469580550782605,8.443629544396423
466,2023-04-01 12:00:00,0.016608913369426413,0.02688117450999147,0.042050120402797854,0.11800013149335965,0.17466338048281574,0.3805,False,False,2000,1.388102058528971,1.1965196123278978,8.500825336892683
467,2023-04-01 18:00:00,0.010004628753397596,0.0269614677010727,0.041244342166427514,0.11862518989815037,0.16836972691011107,0.418,False,False,2000,1.4072935436835998,0.7109127159931692,8.429313872047489
468,2023-04-02 00:00:00,0.0,0.025802897618229164,0.041428968101386604,0.1108509007617613,0.17858139892414052,1.0,False,False,2000,1.469220124566444,0.0,7.544880369404998
469,2023-04-02 06:00:00,0.0,0.024208881458829608,0.03811769735908285,0.10851819580829473,0.15498048543144924,1.0,False,False,2000,1.454584730618864,0.0,7.460424513195932
470,2023-04-02 12:00:00,0.005893131238892634,0.027734977211531238,0.04230497935017593,0.11949265700802834,0.17404538998444552,0.4535,False,False,2000,1.4764245705618255,0.3991488191401552,8.093380413098766
471,2023-04-02 18:00:00,0.04105339862430695,0.029606487569205246,0.043465749351757836,0.1246783281470992,0.1747997592800173,0.285,False,False,2000,1.453634213949177,2.8241904483504605,8.577008366387991
472,2023-04-03 00:00:00,0.01911953293995979,0.029344554936283983,0.0422759009030857,0.1149322652953177,0.17106084801680463,0.4105,False,False,2000,1.4396138237759777,1.3281015105711456,7.9835483236650715
473,2023-04-03 06:00:00,0.03711578820315817,0.02597777613180815,0.04032885443394372,0.11282204712561865,0.164913304967768,0.277,False,False,2000,1.4426459460447754,2.5727579455594443,7.820494518071934
474,2023-04-03 12:00:00,0.048389132362859175,0.02613894306480421,0.041546525758745394,0.11577502831985345,0.16738450243415604,0.226,False,False,2000,1.4413245987141599,3.3572681966316456,8.032543704807308
475,2023-04-03 18:00:00,0.04224320449778702,0.03136435085889737,0.044554862246653934,0.12408651045918123,0.17196779159620926,0.2965,False,False,2000,1.4409296752403706,2.931663163279649,8.611559092117496
476,2023-04-04 00:00:00,0.02235586629073805,0.02830081746342831,0.04043340863319036,0.11743922361473473,0.15850157740556564,0.377,False,False,2000,1.4642110891931943,1.526819900200081,8.020648421632005
477,2023-04-04 06:00:00,0.024075809832308913,0.026329351515780742,0.04102368641006767,0.11221285361140833,0.1660306625019668,0.335,False,False,2000,1.424732899444845,1.6898472578046164,7.876062499513606
478,2023-04-04 12:00:00,0.037925037569738584,0.027186627261743895,0.04348860952200688,0.11929759885942193,0.1809145967118281,0.271,False,False,2000,1.4318389689808566,2.6486943288554703,8.331774832496329
479,2023-04-04 18:00:00,0.02138761636072653,0.0255768184380824,0.03946850137465861,0.10794588121902114,0.16622090049205981,0.354,False,False,2000,1.4081640767852919,1.5188298518133254,7.665717582105318
480,2023-04-05 00:00:00,0.02371118615213894,0.025771941966867183,0.0406764458847018,0.11443874697553721,0.16522851593092372,0.3315,False,False,2000,1.425060438373437,1.6638723182297355,8.030448666876017
481,2023-04-05 06:00:00,0.013724348739323655,0.024871551306564092,0.040044432839205134,0.11192991524092274,0.16710991141299586,0.379,False,False,2000,1.4212109732084266,0.9656799024243757,7.875672039615454
482,2023-04-05 12:00:00,0.017669660734815792,0.02639721515439301,0.04197796471486501,0.11811651875342777,0.1793476656830432,0.3705,False,False,2000,1.385985452847604,1.2748806777525867,8.522204797369923
483,2023-04-05 18:00:00,0.0,0.023889342764835154,0.03863189409190931,0.10589365856200175,0.1552656039149454,1.0,False,False,2000,1.407336248622367,0.0,7.524403543620823
484,2023-04-06 00:00:00,0.01853459974446032,0.026534343882385167,0.03994929343243801,0.11461695679638373,0.15213476669712903,0.376,False,False,2000,1.3966411214713756,1.3270839200935118,8.206614787028009
485,2023-04-06 06:00:00,0.04037998422815798,0.0292103962638555,0.04305847148246574,0.12188438221098166,0.17109388409393045,0.291,False,False,2000,1.4152892668534864,2.853125871429236,8.611976722042037
486,2023-04-06 12:00:00,0.028043067136077134,0.031114453956008665,0.043414012211417274,0.12566538192029086,0.1711836910391077,0.3725,False,False,2000,1.424241535109522,1.9689825387602298,8.823319557986869
487,2023-04-06 18:00:00,0.027489204059873443,0.02789903489016585,0.04254806065212815,0.11871421649225784,0.17108168123300527,0.3325,False,False,2000,1.4113565186079453,1.9477151022752708,8.411355665778093
488,2023-04-07 00:00:00,0.028965765628619872,0.026203303746579205,0.04061982613774657,0.11327753874902248,0.16218778785273802,0.3135,False,False,2000,1.429549726879032,2.0262160234088133,7.924001286497953
489,2023-04-07 06:00:00,0.02621275468731973,0.02704482754642968,0.0422092322659759,0.11514160125076443,0.17911129126298062,0.333,False,False,2000,1.4289063888655407,1.8344626975970737,8.058022705194805
490,2023-04-07 12:00:00,0.03224941216119992,0.02647876394052844,0.039560094937383605,0.10843750346867254,0.15879039160400124,0.312,False,False,2000,1.455091480134253,2.216315097812575,7.452280832451004
491,2023-04-07 18:00:00,0.02048000963460448,0.025316680663136814,0.03909164860661661,0.10871165799116618,0.15806565418969148,0.347,False,False,2000,1.4537060599426705,1.4088136659079584,7.478242059158329
492,2023-04-08 00:00:00,0.037837846334947786,0.024939124773395455,0.04113282366291801,0.11705606240739415,0.17350463518617212,0.2435,False,False,2000,1.4729429766938222,2.5688602297340033,7.947087175780489
493,2023-04-08 06:00:00,0.0,0.02209791008836042,0.03688288455159951,0.10302474596146978,0.15908715735379916,1.0,False,False,2000,1.4298208241760073,0.0,7.205430514053536
494,2023-04-08 12:00:00,0.0,0.022279116282078987,0.03786660226648976,0.10749071848571001,0.1594513811259375,1.0,False,False,2000,1.43659144387661,0.0,7.482344332752581
495,2023-04-08 18:00:00,0.0,0.02297994431593013,0.03752918966055427,0.10071699218750262,0.15806567519978648,1.0,False,False,2000,1.4836063751469935,0.0,6.788659975765049
496,2023-04-09 00:00:00,0.04863588948564904,0.026922978530274044,0.040671778244255746,0.11256453597459648,0.16464320607432972,0.237,False,False,2000,1.4793474412717005,3.287658336965107,7.6090668651734665
497,2023-04-09 06:00:00,0.06387670898722889,0.02714143832238279,0.04019972835173698,0.11461942510742061,0.16166029592112255,0.1695,False,False,2000,1.5206629050415272,4.2005830993480116,7.537464399731018
498,2023-04-09 12:00:00,0.05321195996949163,0.02795883200385257,0.04114307991464943,0.11733786416808599,0.16357318079729558,0.219,False,False,2000,1.5396896092895764,3.456018644825693,7.620877835385699
499,2023-04-09 18:00:00,0.05344055395401236,0.02978215435902295,0.04259642589035272,0.11568740100412292,0.17412868130987716,0.2345,False,False,2000,1.5488183312030648,3.45040815164563,7.469397712658865
500,2023-04-10 00:00:00,0.04915325924998614,0.033545053267862474,0.04438678818453894,0.12314280672907801,0.167067968390899,0.2895,False,False,2000,1.5874986995590905,3.0962708356005515,7.7570335499033485
501,2023-04-10 06:00:00,0.05717286928914953,0.03151457572426402,0.04265603640597617,0.11942107602702123,0.17173980595664873,0.2285,False,False,2000,1.6027486555608217,3.5671762438099837,7.451017076987303
502,2023-04-10 12:00:00,0.07439730999985562,0.029845697932294378,0.04113771318427157,0.1183163320053872,0.1623310543590739,0.1485,False,False,2000,1.5975628492416438,4.656925393274618,7.40605179079818
503,2023-04-10 18:00:00,0.06260454218022325,0.030709979036659098,0.04317256480267585,0.11918277963456587,0.17273987982988864,0.1985,False,False,2000,1.5847336096680675,3.950477341951255,7.5206822716109025
504,2023-04-11 00:00:00,0.07099160031080526,0.033198782018992554,0.04521130081711425,0.12396543893773389,0.17933614730417832,0.19,False,False,2000,1.5724544859301242,4.514699849567534,7.883562929607274
505,2023-04-11 06:00:00,0.06087988862025608,0.03297384040160995,0.0430286517197944,0.12230525458462957,0.1684652236306365,0.229,False,False,2000,1.5917723210053871,3.8246605885069944,7.683589730180743
506,2023-04-11 12:00:00,0.06830612826407666,0.030512864393900985,0.04198721740909977,0.1198674606151007,0.1677406986598874,0.1755,False,False,2000,1.5942397244927387,4.2845581636607735,7.518785209874293
507,2023-04-11 18:00:00,0.0695599516538918,0.028865194347790318,0.0393377781283581,0.10963850662530876,0.1522878905005965,0.1535,False,False,2000,1.6258730678599556,4.278313789000123,6.743361999938882
508,2023-04-12 00:00:00,0.0956890026807548,0.029032587795598842,0.04005505000799141,0.11258397667444515,0.15889981535463912,0.081,False,False,2000,1.6126404203681968,5.933684997112199,6.9813440896353125
509,2023-04-12 06:00:00,0.07959561793386631,0.025458425862825984,0.03746247109712158,0.10184705158397707,0.15099585929031067,0.1015,False,False,2000,1.5987347742901625,4.97866307869651,6.370478282065085
510,2023-04-12 12:00:00,0.07074919170066679,0.024476872509256842,0.036701263885210084,0.1009371736658875,0.14155494150655565,0.1175,False,False,2000,1.6044714086318734,4.409501554221795,6.290992355666608
511,2023-04-12 18:00:00,0.07236503933085066,0.027297009118394847,0.0393093278944148,0.11159583088955714,0.15838644509348992,0.143,False,False,2000,1.5900083295744363,4.5512364925924045,7.018568947964293
512,2023-04-13 00:00:00,0.0648474760030526,0.02399139276499119,0.03699308789935112,0.10341287339266308,0.14890806580493918,0.1385,False,False,2000,1.567645720179322,4.136615510016814,6.596699245339295
513,2023-04-13 06:00:00,0.07675551562967148,0.027632169810686412,0.038547133169097296,0.11040287287599228,0.14932938399236131,0.121,False,False,2000,1.5509773028061256,4.948848412597695,7.118277790154921
514,2023-04-13 12:00:00,0.07933994360832383,0.0278031468144682,0.03892294900960204,0.10895429840161734,0.15901682780625134,0.112,False,False,2000,1.5419850784928713,5.145312021168863,7.065846480700627
515,2023-04-13 18:00:00,0.07942910310133841,0.028262179764189578,0.03949040809285105,0.10989387606954941,0.15393450895813865,0.1245,False,False,2000,1.581141823494929,5.023528055552264,6.950285827405529
516,2023-04-14 00:00:00,0.06906976719504232,0.02589380398929441,0.03759931600577245,0.10427946652405926,0.1487657989910487,0.1435,False,False,2000,1.544769698687555,4.471201581292304,6.750486277187834
517,2023-04-14 06:00:00,0.08320800024298627,0.027966514934403077,0.03924451406925276,0.11242215005221845,0.16171072818214946,0.111,False,False,2000,1.5455757598337219,5.383624821596456,7.273803910091939
518,2023-04-14 12:00:00,0.10098276020735282,0.028523149072239542,0.04021908666381103,0.11116944950267271,0.17182139630347687,0.071,False,False,2000,1.530222595278301,6.599220304219015,7.2649201394424825
519,2023-04-14 18:00:00,0.12084752123689686,0.02811248961612042,0.04068632291766967,0.11470137737887817,0.16218095457304027,0.0425,True,False,2000,1.5426197240362407,7.833915212797953,7.435492726539486
520,2023-04-15 00:00:00,0.09008745419925979,0.026578636775834632,0.03819398574982975,0.10704146243413026,0.15608255616073863,0.0805,False,False,2000,1.5918284596860033,5.659369491171808,6.724434519486149
521,2023-04-15 06:00:00,0.10442346743394945,0.02638423053443395,0.03986523876356723,0.11409074379418911,0.16288126291780347,0.0635,False,False,2000,1.5640830632705713,6.676337714161744,7.294417187513047
522,2023-04-15 12:00:00,0.08844818509390416,0.026965506455752762,0.040011908668651924,0.11500060475385725,0.15782641927946212,0.1035,False,False,2000,1.5556431022293233,5.68563476848597,7.392479971084303
523,2023-04-15 18:00:00,0.07946391905553767,0.02707398584199524,0.04011408586998773,0.11526454932743294,0.15846804789686475,0.121,False,False,2000,1.5419082781599283,5.153608692623907,7.475447856404697
524,2023-04-16 00:00:00,0.10115944672447298,0.02605552833166191,0.038368018471385386,0.10947959866874707,0.15611033484577558,0.0655,False,False,2000,1.4314732972064523,7.066806410003427,7.648036388970623
525,2023-04-16 06:00:00,0.11443873953617191,0.025883358695308785,0.03851418908545743,0.10457363620443438,0.15554564047633304,0.04,True,False,2000,1.4370566690861961,7.9634117427632045,7.276931971717669
526,2023-04-16 12:00:00,0.1153588023511717,0.026333139345841635,0.03903999554169864,0.10943063432588333,0.1527013513633592,0.043,True,False,2000,1.4420328116586685,7.999734917160631,7.588636918740635
527,2023-04-16 18:00:00,0.13427329324136483,0.026316797778308434,0.03879354669870703,0.10738309185659213,0.15475978798599666,0.0195,True,False,2000,1.4322815551081904,9.374783384068799,7.497345160496794
528,2023-04-17 00:00:00,0.1171216302369754,0.022961908199313007,0.03644170827643737,0.10069208904855625,0.1442190423738726,0.0315,True,False,2000,1.4559298669409482,8.044455498605812,6.915998588594122
529,2023-04-17 06:00:00,0.1082285063978633,0.022627267039535187,0.0350226000140845,0.09974655612055074,0.13791900335656176,0.038,True,False,2000,1.4773622440305738,7.325793442682804,6.751665444516836
530,2023-04-17 12:00:00,0.10653602489479261,0.021468285098233487,0.0357475046225036,0.09847134584431538,0.14803407512784672,0.04,True,False,2000,1.4578748743040078,7.3076247332716475,6.754444265412407
531,2023-04-17 18:00:00,0.10345479340065973,0.023528766444362744,0.03696060566080367,0.10321397154712657,0.1469974012207019,0.05,True,False,2000,1.4609579748586128,7.081298379624629,7.064814547941759
532,2023-04-18 00:00:00,0.12393200185443762,0.022825221417456874,0.03618028966345834,0.09825863778364553,0.15495793755329026,0.0225,True,False,2000,1.484505960341859,8.348366740534875,6.618945319762681
533,2023-04-18 06:00:00,0.10753359914440459,0.026634646464197276,0.03880100695957373,0.10922480976995098,0.1542909558976342,0.0545,False,False,2000,1.4943147879383123,7.196181153555161,7.30935748287997
534,2023-04-18 12:00:00,0.12340516056801845,0.0248447343851036,0.03729934063690123,0.10247005056397991,0.15127895217129173,0.0245,True,False,2000,1.5024253021121987,8.213730186421126,6.820309164117605
535,2023-04-18 18:00:00,0.13150886865149017,0.026030372730252258,0.038378604223841636,0.10909469766064374,0.15350609476704902,0.0245,True,False,2000,1.502329736694634,8.753662091574565,7.261701276090664
536,2023-04-19 00:00:00,0.14928556185285663,0.021639370871332386,0.03473225444133554,0.09463156823292905,0.14044691537032167,0.0075,True,True,2000,1.425886246144982,10.469668408434702,6.636684271888758
537,2023-04-19 06:00:00,0.1530903296061545,0.023106051033992266,0.03719055975097938,0.10502752262636737,0.15874804062606046,0.012,True,False,2000,1.422075737349459,10.765272593110438,7.385508371173205
538,2023-04-19 12:00:00,0.15125968679935486,0.023200513105426063,0.03740422563257063,0.10550507229825452,0.1464995541867627,0.0095,True,True,2000,1.4035371475743745,10.77703479817156,7.517084423493232
539,2023-04-19 18:00:00,0.15328352784067031,0.021937671235708337,0.03556307998921301,0.10110759453422154,0.14446216092892483,0.006,True,True,2000,1.3492775330102742,11.360415043648631,7.4934616534114955
540,2023-04-20 00:00:00,0.15585979084160734,0.02041237229312507,0.034483102471828224,0.09483253153477662,0.13672461406922304,0.004,True,True,2000,1.3646127592275075,11.421539904832628,6.949409705685318
541,2023-04-20 06:00:00,0.16945216699509688,0.021602403793430362,0.0346707218507237,0.09483619824941271,0.1389216406724683,0.0035,True,True,2000,1.3537526884865243,12.517217394008792,7.0054300948748764
542,2023-04-20 12:00:00,0.12524909694470107,0.02045727451575999,0.03406853076085951,0.09349298069353768,0.14024950405863046,0.02,True,False,2000,1.3546876550614022,9.245607020684341,6.901441844858329
543,2023-04-20 18:00:00,0.12557819801043957,0.020282178187943603,0.03498008331973512,0.0990450394361577,0.14234153785122108,0.0225,True,False,2000,1.3375010261249836,9.389016947094651,7.405230912092203
544,2023-04-21 00:00:00,0.1257803953277116,0.021443680376374216,0.034281874600951334,0.09772755087319365,0.14393475728474547,0.0175,True,False,2000,1.2849388420705492,9.788823499570547,7.605618856981207
545,2023-04-21 06:00:00,0.13352754121198251,0.024911658485983076,0.0374506926716619,0.10333774776012317,0.15710485606858082,0.0195,True,False,2000,1.1146622980765113,11.97919239238655,9.270767293237183
546,2023-04-21 12:00:00,0.13204456501348646,0.02585076156311998,0.03883489382901686,0.10888648560695469,0.15980140701128884,0.022,True,False,2000,1.0722723220388606,12.314461755611836,10.154741791703964
547,2023-04-21 18:00:00,0.12444004717279725,0.03222291720450794,0.043314508130119486,0.12051682416206089,0.1718917308514453,0.045,True,False,2000,1.0194578081150099,12.206493116462411,11.821658846764633
548,2023-04-22 00:00:00,0.11879922246417714,0.024442519487700053,0.037832796231840014,0.10557734267234921,0.16451039352616736,0.036,True,False,2000,0.9865408928105306,12.04199677174386,10.701770544105138
549,2023-04-22 06:00:00,0.11872923936592364,0.02676329995738434,0.03972600420855113,0.1086840866581469,0.16540976584080266,0.0385,True,False,2000,0.9615434802992743,12.34777644469805,11.30308601586271
550,2023-04-22 12:00:00,0.11076056737760812,0.024844551003701466,0.03753172277299103,0.10308967678669427,0.15141669661214738,0.0355,True,False,2000,1.0457950390675494,10.59103966264406,9.85754119455481
551,2023-04-22 18:00:00,0.13528413631572653,0.025814441234941258,0.037391215360199626,0.10574587015418511,0.15038047898240403,0.0175,True,False,2000,1.0529558590389778,12.84803490615447,10.042763829691618
552,2023-04-23 00:00:00,0.14219912214948843,0.02602927234578767,0.038411888034938516,0.10827316334222685,0.14887345110094405,0.014,True,False,2000,1.1257354011488652,12.631664777030876,9.617994000342271
553,2023-04-23 06:00:00,0.15537260874109474,0.034014326671646174,0.0431629262275229,0.12124314526097912,0.16868549788117176,0.016,True,False,2000,1.1263295473110868,13.794595827839148,10.764446830896496
554,2023-04-23 12:00:00,0.16513010447319246,0.03535706597937083,0.04528599859622977,0.1269534630365269,0.18083240058744632,0.014,True,False,2000,1.1854209446010069,13.930081565141613,10.709568074930322
555,2023-04-23 18:00:00,0.17056691862201911,0.043682488551041974,0.04936701798124484,0.1413048738819696,0.2004793731147595,0.0205,True,False,2000,1.2119615183777592,14.073624948944518,11.659188162270178
556,2023-04-24 00:00:00,0.16078662661454002,0.03726939822488009,0.04499320553703582,0.12652799185838393,0.17397049737878964,0.0145,True,False,2000,1.2307104595712082,13.064537264968049,10.28089026743687
557,2023-04-24 06:00:00,0.1564777129843997,0.03544908783222306,0.04234013615171634,0.12000859723684777,0.16511747433375923,0.013,True,False,2000,1.2965106478268638,12.069142142926369,9.256275483583513
558,2023-04-24 12:00:00,0.14320939288699436,0.035303021971280935,0.042419797480612385,0.1190780537840911,0.16727328870802627,0.0255,True,False,2000,1.3114995208501785,10.919515456182475,9.079534676985537
559,2023-04-24 18:00:00,0.12910342777629222,0.038325202589246786,0.04368804412414987,0.12359861766113193,0.16533526532419385,0.044,True,False,2000,1.2876062839387308,10.026622997005772,9.59910022208413
560,2023-04-25 00:00:00,0.12005175550775936,0.0358961277624219,0.04346584300243248,0.12081079316287058,0.1729319079105723,0.0535,False,False,2000,1.299616485440601,9.237475582426068,9.295880324410692
561,2023-04-25 06:00:00,0.13285265404207836,0.03589063469788802,0.04432587123480862,0.12573190918941682,0.17332803130480648,0.043,True,False,2000,1.3040681472800977,10.18755456293982,9.641513708593878
562,2023-04-25 12:00:00,0.11129848701924984,0.03360516630579406,0.04245901629649079,0.1257383476892451,0.16608340928624518,0.0705,False,False,2000,1.2809773505675532,8.688560103731549,9.815813498461557
563,2023-04-25 18:00:00,0.1280645346606555,0.0358988095891171,0.045035333252181876,0.12696408713583027,0.1787178178518597,0.049,True,False,2000,1.281259945764949,9.99520316575551,9.909315245161205
564,2023-04-26 00:00:00,0.10194910274142001,0.03223555794088154,0.04166627848142567,0.11937683187372114,0.1659827760462623,0.0795,False,False,2000,1.2866241157397926,7.923767438697553,9.278298954087377
565,2023-04-26 06:00:00,0.06924388082704801,0.031786061059110776,0.04204116664129956,0.1187181825186257,0.1647133270770176,0.183,False,False,2000,1.2920096928832165,5.359393293135835,9.188644881889173
566,2023-04-26 12:00:00,0.08207497914136934,0.03099516232220612,0.04130358789275325,0.11476159480696824,0.16087951091589786,0.132,False,False,2000,1.2677080925345414,6.474280603295354,9.052682986153716
567,2023-04-26 18:00:00,0.08194217174353127,0.031633424672814145,0.04270777402623488,0.12109733461885755,0.1615242192800745,0.141,False,False,2000,1.2724304718649226,6.439815263417395,9.517009950364729
568,2023-04-27 00:00:00,0.08700466097077296,0.031155749936828087,0.04200602962422421,0.11993604261898543,0.1698522492645791,0.1125,False,False,2000,1.315084849921401,6.615897139714824,9.12002313965929
569,2023-04-27 06:00:00,0.07483274556242409,0.029202811491591523,0.042392967752428186,0.11912239141672717,0.1763148783943266,0.151,False,False,2000,1.3105246709925584,5.710136346059602,9.089671797365469
570,2023-04-27 12:00:00,0.04936203669049296,0.027710689988464623,0.039523841162399154,0.11012473882242182,0.1620468317944777,0.2315,False,False,2000,1.2768494749826353,3.865924500706261,8.624723663994887
571,2023-04-27 18:00:00,0.02485352564545585,0.031092503555241093,0.040446857326367214,0.11512999434060729,0.16089266644875883,0.4085,False,False,2000,1.2703225665991078,1.9564735996144198,9.063051965520216
572,2023-04-28 00:00:00,0.03897752832761638,0.03529156149843344,0.04464258376988087,0.12662111796136494,0.17878536665042324,0.3525,False,False,2000,1.3017766259427899,2.994179458352739,9.72679301793898
573,2023-04-28 06:00:00,0.014931765269076355,0.034922464259870646,0.04502122098441235,0.12923998207814116,0.1740156366010093,0.5005,False,False,2000,1.3394576230803465,1.114762050832024,9.648680171077633
574,2023-04-28 12:00:00,0.029582588962429077,0.032904276101653786,0.042814318847679354,0.12256421212637646,0.16568113921053043,0.3905,False,False,2000,1.3923500055649045,2.12465176458464,8.802686941969716
575,2023-04-28 18:00:00,0.04319694393374465,0.0417484122173784,0.047652651805789654,0.13078172482266862,0.18571704357324642,0.3985,False,False,2000,1.446486104227318,2.9863365992595927,9.04133986772928
576,2023-04-29 00:00:00,0.03714444681630136,0.038437606024257144,0.04545123340494403,0.12629426268907432,0.17618480194804098,0.402,False,False,2000,1.51431711109158,2.452884309649394,8.340014239027939
577,2023-04-29 06:00:00,0.03175239721748472,0.03772036346310894,0.045100652363657553,0.12571689793829968,0.1750806389049498,0.4315,False,False,2000,1.5596193838510888,2.035906808177784,8.060742206721832
578,2023-04-29 12:00:00,0.04146224124373395,0.04298000173409121,0.048457822385123146,0.14001172182577235,0.18229897011221888,0.4115,False,False,2000,1.6051273112128845,2.5831123147735724,8.722779859746769
579,2023-04-29 18:00:00,0.0475053195135305,0.04329289125947811,0.047508423023736444,0.13416396386563703,0.18717062691879294,0.3825,False,False,2000,1.6184350652690092,2.935262620847527,8.289734123088644
580,2023-04-30 00:00:00,0.007229959503188621,0.0393354919380175,0.04605339413593475,0.1329178060252921,0.18747883130217324,0.6085,False,False,2000,1.6145946937007158,0.4477878895177875,8.232270708176252
581,2023-04-30 06:00:00,0.015425000810425315,0.040311726776366116,0.04708295848089417,0.1331017769249896,0.18590289880401661,0.5525,False,False,2000,1.5682242792932455,0.9835966075832552,8.487419732142829
582,2023-04-30 12:00:00,0.032601363483349535,0.037370149608156496,0.04472742308829913,0.12915136906520414,0.17301490090316984,0.4255,False,False,2000,1.5667810804019822,2.0807861347792858,8.24310241428677
583,2023-04-30 18:00:00,0.03528560349264521,0.03623956161603893,0.04434826730820803,0.12832507087866682,0.17744542486812603,0.3995,False,False,2000,1.576564297788244,2.23813285269413,8.139539317152721
584,2023-05-01 00:00:00,0.06447713630084094,0.04037237477915546,0.04513585210418706,0.13072113728630194,0.17516869062512375,0.2765,False,False,2000,1.5799850936436495,4.080869912015964,8.273567757835115
585,2023-05-01 06:00:00,0.0931897136033397,0.04298895844205286,0.0462612948916097,0.13531091961768008,0.18012194979345564,0.1535,False,False,2000,1.5625587429681311,5.963917454157455,8.65957329454716
586,2023-05-01 12:00:00,0.10193626755195165,0.04250019316144673,0.04645657577632467,0.13399610751428706,0.18738388123465174,0.1165,False,False,2000,1.549213328294607,6.579872874200246,8.649299942558047
587,2023-05-01 18:00:00,0.11406307615737975,0.03751371036301088,0.043136532823012844,0.12441598514115597,0.1604105351756386,0.075,False,False,2000,1.5710473595363368,7.260320668566171,7.9193020112312125
588,2023-05-02 00:00:00,0.1232532129039325,0.0402009507890933,0.04525351277243715,0.13086044528607704,0.17112525689613195,0.063,False,False,2000,1.5753764772158894,7.823730688283084,8.306614144534032
589,2023-05-02 06:00:00,0.09599686013862005,0.04714290273022494,0.04773561372303849,0.14038683881589223,0.17568035359217754,0.168,False,False,2000,1.5946382383069992,6.019977311000538,8.803679445498473
590,2023-05-02 12:00:00,0.0737053860882055,0.04365302107142089,0.04638175088636309,0.13177295374430112,0.1856234972927943,0.2415,False,False,2000,1.6016436623462829,4.60185919134053,8.227357735194609
591,2023-05-02 18:00:00,0.08522060222935392,0.04598316583667638,0.04780120569918448,0.14011762408690703,0.18412760359628266,0.2035,False,False,2000,1.6489729240987914,5.168101973289179,8.497266512940783
592,2023-05-03 00:00:00,0.09880245161611258,0.05073325248334753,0.0500038314739554,0.14641829351062302,0.19061982396839178,0.1795,False,False,2000,1.6459110399729988,6.002903511585501,8.89588136628727
593,2023-05-03 06:00:00,0.08891402551300746,0.04828731637300848,0.04775376195370615,0.1401413702758566,0.1804552307021611,0.1975,False,False,2000,1.6485395136362542,5.393502841608327,8.500940930844951
594,2023-05-03 12:00:00,0.07225147331683655,0.045400628054656875,0.04773864942201686,0.13789022838597942,0.17944007414422636,0.274,False,False,2000,1.6455011520630916,4.390849148069529,8.379831774234605
595,2023-05-03 18:00:00,0.052065762649638275,0.038269104250679156,0.04375492597626322,0.12191501526918198,0.1706897208433121,0.3155,False,False,2000,1.7990014475648983,2.8941479018882235,6.776815851605029
596,2023-05-04 00:00:00,0.06871285877007839,0.04109930507633577,0.04516962752812769,0.13058656479004213,0.17206309607792306,0.256,False,False,2000,1.7934410801916618,3.8313418561113353,7.281341229012474
597,2023-05-04 06:00:00,0.07124127464450702,0.043999225105739156,0.04676277996292415,0.1335399796672253,0.18375291827879117,0.2585,False,False,2000,1.8209150874669593,3.912388619043704,7.333674183181723
598,2023-05-04 12:00:00,0.0865720598336841,0.04870846705414287,0.050423730374887926,0.14678921918116705,0.1906145536630993,0.2165,False,False,2000,1.831115859933393,4.727830812236707,8.016380743188284
599,2023-05-04 18:00:00,0.05309709978427647,0.044939430483666144,0.0479347872568553,0.13847774661410295,0.1845705819365754,0.3655,False,False,2000,1.8627831228862692,2.8504176966133206,7.433916751378984
600,2023-05-05 00:00:00,0.02964707021335058,0.03836533102065994,0.043586404955760945,0.12417064523622666,0.17035866085609364,0.475,False,False,2000,1.859220817800472,1.5945965067465293,6.678638924833318
601,2023-05-05 06:00:00,0.038039063415930094,0.037153138446545844,0.04319257221745111,0.124941753260102,0.1624006842568386,0.3965,False,False,2000,1.8769533217710141,2.02663875412938,6.656625490409756
602,2023-05-05 12:00:00,0.026202512270250826,0.03704012884970581,0.044496154650162,0.12710311154141143,0.1796150162321427,0.464,False,False,2000,1.8630401787377173,1.4064383886773744,6.82234945826712
603,2023-05-05 18:00:00,0.024398120405903032,0.04162444125554602,0.04634054809961975,0.1344401703317662,0.18198302696099974,0.518,False,False,2000,1.8326421938726547,1.3313084511246602,7.335865712426573
604,2023-05-06 00:00:00,0.034743142076093046,0.04062689678234044,0.04527975215847455,0.12714054602786426,0.17995341585008806,0.445,False,False,2000,1.7899502604272166,1.941011593685331,7.103021175433052
605,2023-05-06 06:00:00,0.037355403556808456,0.03905850763515931,0.044717733348896005,0.12704871377997173,0.1699915203597424,0.4145,False,False,2000,1.8030820161767978,2.0717528776653076,7.046197157984089
606,2023-05-06 12:00:00,0.04136192169623113,0.039346586160460134,0.04494194433339489,0.1278621040076737,0.17213183781595348,0.3905,False,False,2000,1.7826553042623292,2.3202422586876312,7.172564640059993
607,2023-05-06 18:00:00,0.030093918522538073,0.04252496987181338,0.04494617196356304,0.13005463837232625,0.174288304522576,0.502,False,False,2000,1.787241326179005,1.6838195313487256,7.276837015087036
608,2023-05-07 00:00:00,0.04579363183898445,0.04341392924148946,0.04596563750383065,0.13248188000226532,0.18157135354050166,0.412,False,False,2000,1.713331514390067,2.672782905956565,7.732413656642969
609,2023-05-07 06:00:00,0.03599717084759718,0.04635233577393992,0.04732916339404663,0.1375648914960348,0.18638170291384584,0.499,False,False,2000,1.7089693915962019,2.1063672073129003,8.049581939413626
610,2023-05-07 12:00:00,0.03700304410491132,0.035717746547087766,0.043696248598353006,0.12418929738665507,0.17417972663781187,0.379,False,False,2000,1.6881715215867965,2.191900741823338,7.356438359410504
611,2023-05-07 18:00:00,0.03754341237647668,0.03465312862774257,0.042748874511722074,0.12039119778432138,0.17067916300646918,0.368,False,False,2000,1.7268185613189975,2.174137643493933,6.9718498793737105
612,2023-05-08 00:00:00,0.025155891780902637,0.03078828533481614,0.039563743855300405,0.11212547640541963,0.15245520820420363,0.418,False,False,2000,1.7140246565852735,1.4676505197433327,6.54164897655551
613,2023-05-08 06:00:00,0.021874069079314107,0.026660841503242223,0.03745579109660697,0.10515762537067525,0.15533251072226556,0.388,False,False,2000,1.6852211738227467,1.2979939618071072,6.239989563633137
614,2023-05-08 12:00:00,0.006780989424315648,0.027819164137090284,0.03816494258229732,0.10812760101149939,0.1524932066596331,0.491,False,False,2000,1.687188149944115,0.40191068343742553,6.408745877872655
615,2023-05-08 18:00:00,0.015419644704383936,0.02758879691691675,0.03839930504558752,0.10858449214757487,0.1546235815338969,0.4395,False,False,2000,1.6739359246765146,0.9211609881282498,6.4867770950407575
616,2023-05-09 00:00:00,0.0,0.02353289053008499,0.03588188416227937,0.10003139828181089,0.14529963493466075,1.0,False,False,2000,1.6401028424228299,0.0,6.099093038217057
617,2023-05-09 06:00:00,0.0,0.02355114079586365,0.03603277132091397,0.10024556566910774,0.14980697515093933,1.0,False,False,2000,1.5994297320351238,0.0,6.267581729992895
618,2023-05-09 12:00:00,0.01815531441012632,0.026176946000498694,0.03837867085098985,0.10738638060785027,0.1537547713186261,0.399,False,False,2000,1.5452438549466991,1.1749158135789874,6.949477926353211
619,2023-05-09 18:00:00,0.014167165440892013,0.02525057645265786,0.03779897277418895,0.10667436036193333,0.14737693841155605,0.3985,False,False,2000,1.516311456269404,0.9343176418219268,7.035121967909238
620,2023-05-10 00:00:00,0.009316401662252767,0.02565045754993367,0.03717590366985901,0.1037370937234624,0.1502701693883737,0.4435,False,False,2000,1.451891129907293,0.6416735711339213,7.1449636674952535
621,2023-05-10 06:00:00,0.021441390758857454,0.02394527018300608,0.036855009102843554,0.10256156253426624,0.14676947244227262,0.3425,False,False,2000,1.4480557497525,1.480702021487929,7.082708145166092
622,2023-05-10 12:00:00,0.02190751055562099,0.027694400295018462,0.039498667526136885,0.11376509681936085,0.15888142863603366,0.391,False,False,2000,1.4514854588492656,1.509316570969248,7.8378392374356665
623,2023-05-10 18:00:00,0.025950586370245273,0.029768327301795877,0.04012896690148283,0.11132737839753694,0.15612244035039757,0.391,False,False,2000,1.4506465791064684,1.7888979124212074,7.674328123815622
624,2023-05-11 00:00:00,0.02333059473290184,0.027415170438164098,0.03941207685580095,0.11124414353159782,0.159827005314209,0.3705,False,False,2000,1.4342154803028262,1.6267147477710755,7.756445601054959
625,2023-05-11 06:00:00,0.03306050423846068,0.023622062879375613,0.036808442388493796,0.10391044859151145,0.15391870833870488,0.2695,False,False,2000,1.4244223142239936,2.320976293921063,7.29491861745514
626,2023-05-11 12:00:00,0.03376541730927694,0.02751074673747472,0.03860353183332788,0.10606375112281222,0.15794671093958035,0.3215,False,False,2000,1.4021541768330898,2.4081101684223936,7.564342985617185
627,2023-05-11 18:00:00,0.027967660792583362,0.024974262681394598,0.036937441187709114,0.10593229530855906,0.13990384521333532,0.3195,False,False,2000,1.3427167089637724,2.0829159722133133,7.889400243653124
628,2023-05-12 00:00:00,0.011928314412367066,0.02745277444904567,0.039625830660225576,0.11202535234984778,0.16264868979803743,0.438,False,False,2000,1.3111863897507972,0.9097344592353609,8.543815984174396
629,2023-05-12 06:00:00,0.01577457739478282,0.026666360137176576,0.03888489046769931,0.10728241298422683,0.155883202856107,0.4165,False,False,2000,1.3431703084227737,1.174428685317368,7.98725316599679
630,2023-05-12 12:00:00,0.030693189992356894,0.026462092372559178,0.03831086601680567,0.10358910276911391,0.16322684226894402,0.3195,False,False,2000,1.3259410796286573,2.3148230689822826,7.812496675804407
631,2023-05-12 18:00:00,0.05551337355030749,0.026645061229254422,0.03735428077646886,0.10544880476937764,0.1510854091740791,0.1955,False,False,2000,1.3046607809722124,4.255004393474587,8.082469122034839
632,2023-05-13 00:00:00,0.054376916098131174,0.02877990696620948,0.03941699054657722,0.11253319072799005,0.15199898594657632,0.225,False,False,2000,1.2928361398549992,4.20601763996402,8.704366103241162
633,2023-05-13 06:00:00,0.07375688599958646,0.028585937171774538,0.039173452318711034,0.11247270338102879,0.15550858311338508,0.1365,False,False,2000,1.2829741399180181,5.748898883051495,8.766560438093926
634,2023-05-13 12:00:00,0.0717970759516091,0.031361600442130926,0.04032005232484041,0.11652918253710783,0.16277851237629104,0.1525,False,False,2000,1.2530339677669173,5.729858710818637,9.299762459335337
635,2023-05-13 18:00:00,0.0759436495252621,0.030609477512019007,0.038114004928168965,0.10778914344950749,0.1465628922047834,0.14,False,False,2000,1.2414439797029493,6.11736419579994,8.682562017441906
636,2023-05-14 00:00:00,0.0883859342161599,0.03177936389303929,0.03974124560345487,0.11477741494095993,0.15109338174888418,0.0995,False,False,2000,1.2188928558298955,7.251329252888388,9.416530287464239
637,2023-05-14 06:00:00,0.0891148608230145,0.033872418169715576,0.04104118245370226,0.11615749771846937,0.1576514673234773,0.118,False,False,2000,1.2110091319927794,7.358727400871973,9.59179370739559
638,2023-05-14 12:00:00,0.08643636411647312,0.03789135307803626,0.04383407926575033,0.12651628193774878,0.17113769045160082,0.149,False,False,2000,1.226965233526917,7.044728061936311,10.311317589177092
639,2023-05-14 18:00:00,0.09717112413349441,0.03307521770957585,0.04005895272647394,0.11436598567181527,0.15401753463617202,0.0875,False,False,2000,1.2407616855974386,7.831570337917518,9.217401455844195
640,2023-05-15 00:00:00,0.08574578736712576,0.03119237882890971,0.039906761512330184,0.11307848147819642,0.15479890645471917,0.115,False,False,2000,1.1855502883236662,7.232572773304103,9.538058620700614
641,2023-05-15 06:00:00,0.07963397785674016,0.02998572542568458,0.03822551352791995,0.1095204269215974,0.14808109531165858,0.1275,False,False,2000,1.1981837129787434,6.646224363938831,9.140537109232127
642,2023-05-15 12:00:00,0.08653134298150483,0.03522864164153814,0.043485264320412526,0.12249724164434375,0.17152477889260986,0.1285,False,False,2000,1.2239123821691136,7.0700602626592595,10.008661030722193
643,2023-05-15 18:00:00,0.08302405128152883,0.03336792652868369,0.040941132962669054,0.11672903575674624,0.1555063963175903,0.1355,False,False,2000,1.2355911737979013,6.719378791476266,9.447221559373082
644,2023-05-16 00:00:00,0.09718807288264407,0.032165480139386436,0.04061121893942267,0.11536059108846118,0.15793523154026756,0.0885,False,False,2000,1.2026227931964053,8.081342997360926,9.592416819395936
645,2023-05-16 06:00:00,0.08412477489505303,0.03202750833378588,0.03979818771989808,0.1125931030833657,0.15508021429380245,0.127,False,False,2000,1.2008352103469577,7.005522004201295,9.37623265150879
646,2023-05-16 12:00:00,0.09914371674439988,0.0345934378364917,0.0420850185936321,0.11801527677364163,0.17310690865806755,0.093,False,False,2000,1.1945067906303586,8.299970960573635,9.879833057404658
647,2023-05-16 18:00:00,0.07693019080827256,0.029995489020310042,0.03929980914090995,0.11219318163068163,0.15783224314938293,0.1335,False,False,2000,1.201376044209121,6.4035063108750885,9.338723056071892
648,2023-05-17 00:00:00,0.09281559702235713,0.032884342009858875,0.041460522806118526,0.11845515314734871,0.15850731358987863,0.1035,False,False,2000,1.2244170157988208,7.580390979931244,9.674412526035297
