window_idx,timestamp,te_bits,surr_mean,surr_std,surr_p95,surr_p99,p_value,sig95,sig99,n_valid_surrogates,h_target_bits,pct_h,surr_p95_pct
0,2022-12-06 00:00:00,0.0,0.02844198502010784,0.04004822605725438,0.11578962920532757,0.15866681858371676,1.0,False,False,2000,1.8028594370846331,0.0,6.422554461182431
1,2022-12-06 06:00:00,0.0,0.031169245616481454,0.04310364169794396,0.12431810821791764,0.1663515411274575,1.0,False,False,2000,1.813528830685532,0.0,6.855038977843223
2,2022-12-06 12:00:00,0.0,0.02939226197484802,0.0414412993572492,0.11399896591431524,0.1664973557709464,1.0,False,False,2000,1.8245915252756937,0.0,6.247917100080256
3,2022-12-06 18:00:00,0.0,0.029379255072136318,0.0409575152004691,0.11694842853588146,0.16298327614490843,1.0,False,False,2000,1.8198242171696162,0.0,6.426358514877446
4,2022-12-07 00:00:00,0.0,0.031437456164089446,0.04291793111424002,0.11699180112741939,0.18079709037404562,1.0,False,False,2000,1.8044761681785764,0.0,6.483421792459025
5,2022-12-07 06:00:00,0.0,0.027531522168898634,0.03925082538465815,0.10919744069561194,0.16439685047345906,1.0,False,False,2000,1.8060365433942356,0.0,6.046247574281528
6,2022-12-07 12:00:00,0.0,0.02735508931364128,0.04011305424262221,0.11039717337610075,0.16606346918730894,1.0,False,False,2000,1.7831195671032407,0.0,6.191237840289421
7,2022-12-07 18:00:00,0.0,0.028156640340963546,0.04013066215624395,0.11293418813154102,0.16287751739369802,1.0,False,False,2000,1.7885595615769692,0.0,6.31425369094039
8,2022-12-08 00:00:00,0.0,0.027103155884834897,0.038771843476446355,0.10643557519889277,0.1587610814260611,1.0,False,False,2000,1.799667297449994,0.0,5.914180657152837
9,2022-12-08 06:00:00,0.0,0.025956952181880627,0.03833317627062279,0.10764649280136346,0.15847611923352692,1.0,False,False,2000,1.7995878272718877,0.0,5.981730436827403
10,2022-12-08 12:00:00,0.0,0.026351434792095417,0.03868910945212099,0.1096635351924596,0.15426062704847612,1.0,False,False,2000,1.8274307444488318,0.0,6.000968054498559
11,2022-12-08 18:00:00,0.0,0.027362144861385707,0.03920368863317222,0.10705547961033773,0.15683643423992483,1.0,False,False,2000,1.8353271474250372,0.0,5.833046155315498
12,2022-12-09 00:00:00,0.0,0.027825687242719242,0.03996030645753825,0.11552466501011147,0.15884706969966664,1.0,False,False,2000,1.791540412935277,0.0,6.448342676280171
13,2022-12-09 06:00:00,0.0,0.028707564264290966,0.040392204272912735,0.1139329499715776,0.1583061886465696,1.0,False,False,2000,1.8190543966898103,0.0,6.263306373844834
14,2022-12-09 12:00:00,0.0,0.03052592081344767,0.04251053561773515,0.11960954011336872,0.17279975943224296,1.0,False,False,2000,1.8078303562957778,0.0,6.616192702862186
15,2022-12-09 18:00:00,0.0,0.029191676949083055,0.040112234194153454,0.11596246662385126,0.1490364911377898,1.0,False,False,2000,1.8102428343119847,0.0,6.405906678698433
16,2022-12-10 00:00:00,0.0,0.029533638742109503,0.04156682793484371,0.115873067122121,0.16932139737265095,1.0,False,False,2000,1.8304812625471165,0.0,6.330196844565538
17,2022-12-10 06:00:00,0.0,0.02856595268219177,0.039887057525786064,0.11195145924682667,0.16324879577509258,1.0,False,False,2000,1.8344032349719832,0.0,6.102881695394334
18,2022-12-10 12:00:00,0.0,0.03144007334313084,0.04052391532168373,0.11441323495181388,0.15881794014750028,1.0,False,False,2000,1.8216934210105484,0.0,6.280597691808394
19,2022-12-10 18:00:00,0.0,0.029367300744079523,0.04048721364059865,0.11266285627214788,0.17163151209133262,1.0,False,False,2000,1.8317471305750395,0.0,6.150568186602246
20,2022-12-11 00:00:00,0.0,0.028911462644708206,0.04015406891218075,0.11373623303541458,0.1603235558697857,1.0,False,False,2000,1.8372020986896962,0.0,6.190730628738774
21,2022-12-11 06:00:00,0.0,0.03062266052237427,0.04154612088726273,0.11399827421327341,0.16779173275986603,1.0,False,False,2000,1.8784685548870956,0.0,6.068681528721422
22,2022-12-11 12:00:00,0.01713387524563102,0.03259983634550077,0.04218476597357145,0.11961072090016085,0.1674391559467474,0.4755,False,False,2000,1.8655884614936435,0.9184166604414538,6.411420491119306
23,2022-12-11 18:00:00,0.01945712837217718,0.030061555752834663,0.04141103678278142,0.11367839968490785,0.16315221902541233,0.4195,False,False,2000,1.8887285001669405,1.0301707402867806,6.018779283251143
24,2022-12-12 00:00:00,0.02307410971724876,0.03220242095258794,0.04174476158052228,0.12022111690869738,0.16299416029227984,0.4285,False,False,2000,1.9034414077153363,1.2122311526754146,6.315987265034676
25,2022-12-12 06:00:00,0.03381773786354367,0.03104591539275485,0.041847986054745524,0.1192402004573099,0.16206084686201913,0.346,False,False,2000,1.924874908235972,1.7568797701527274,6.194698676112212
26,2022-12-12 12:00:00,0.014776307489148143,0.032484855240492036,0.04375684961837605,0.12342126868613283,0.17080469014575847,0.4695,False,False,2000,1.9499759699357138,0.7577686964847717,6.329373827627309
27,2022-12-12 18:00:00,0.0036341017628663103,0.03204208125849753,0.04211216708452635,0.1171448826666369,0.1706265753388719,0.5545,False,False,2000,1.9489510767950688,0.18646449395961076,6.01066307212157
28,2022-12-13 00:00:00,0.02763570611289051,0.033181002732650386,0.043661931566507196,0.12146196788497397,0.17334080124305148,0.416,False,False,2000,1.9715196705696827,1.4017464053455273,6.160829622860257
29,2022-12-13 06:00:00,0.054662109837525355,0.03236135708491725,0.04245063521094363,0.12191664171247155,0.16320099180820408,0.258,False,False,2000,2.0009362672600566,2.731826631958441,6.092979756892294
30,2022-12-13 12:00:00,0.06750122699145658,0.030271453803756638,0.04045795018656593,0.11245871308917942,0.1573745729387295,0.1745,False,False,2000,1.9998312949571,3.3753460685244754,5.623410003271894
31,2022-12-13 18:00:00,0.07798471385047352,0.03410734837230984,0.043922857617074554,0.12575606121154814,0.1661779113220468,0.1635,False,False,2000,2.0224410514954854,3.8559696853862837,6.218033456083101
32,2022-12-14 00:00:00,0.08067195050983454,0.030720658959961403,0.04126857093100576,0.12038818807517314,0.1604111436128922,0.1325,False,False,2000,2.014452148508524,4.004659558161412,5.976224759883579
33,2022-12-14 06:00:00,0.08561269871863397,0.03393348716528858,0.04384978721810588,0.12305982147748022,0.17247133732165937,0.1365,False,False,2000,1.9941790053724167,4.293130079495829,6.170951611964171
34,2022-12-14 12:00:00,0.10087983439704823,0.03143904980643839,0.04199298412672747,0.1222160942529279,0.16221379869716884,0.081,False,False,2000,2.0005434919642617,5.042621407745449,6.109144577153297
35,2022-12-14 18:00:00,0.08483317944075362,0.028921837667731914,0.039769856998438644,0.11235710712086718,0.1573082931820973,0.106,False,False,2000,2.0015713119812046,4.238329103387461,5.613445119257497
36,2022-12-15 00:00:00,0.09358743074696174,0.03332741197484755,0.04277733543865067,0.12004080453360655,0.16592647369252794,0.1075,False,False,2000,2.025400054069722,4.620688666365568,5.926770086354224
37,2022-12-15 06:00:00,0.10646351051821232,0.03210306353053197,0.0435574592375884,0.12288462421173287,0.1764502063710637,0.079,False,False,2000,2.0369606137386733,5.22658660163327,6.032744245662574
38,2022-12-15 12:00:00,0.10596261659860638,0.03307958600901869,0.04292164605782948,0.12095324680665914,0.1704368669244838,0.077,False,False,2000,2.011400413086189,5.26810156293161,6.013384804921797
39,2022-12-15 18:00:00,0.12349235110946347,0.03347387493146455,0.04301358217446426,0.12266675991392945,0.16628742344289754,0.048,True,False,2000,2.0072116723455724,6.152432890406306,6.111301643168727
40,2022-12-16 00:00:00,0.11499569936612868,0.03336522556440555,0.04380988047089718,0.12479780737399651,0.17326960023279356,0.0635,False,False,2000,2.0161369157288176,5.703764385691962,6.1899470418100595
41,2022-12-16 06:00:00,0.10689027804970087,0.03412218450158699,0.04382274636823798,0.1237987712564364,0.174984509208038,0.077,False,False,2000,2.007446988594158,5.324687459097366,6.166975863364359
42,2022-12-16 12:00:00,0.10454432836705434,0.0336105440280666,0.04442604846132908,0.12562306607448986,0.18088863962700583,0.086,False,False,2000,1.9922525962085254,5.247543838869309,6.305579237972349
43,2022-12-16 18:00:00,0.11466094343061814,0.03135019341132353,0.04181486968503613,0.11597603649122472,0.16170059515441715,0.052,False,False,2000,1.969761325499696,5.821057706142675,5.887821787840388
44,2022-12-17 00:00:00,0.1424599007402367,0.03138300454262756,0.042068723566778855,0.12044860786930041,0.16278311027511647,0.024,True,False,2000,1.974644917322236,7.214456608908848,6.0997603575551995
45,2022-12-17 06:00:00,0.17051171203078308,0.03216452695385496,0.041886939783342056,0.11774214736937876,0.16535569430243974,0.0085,True,True,2000,1.9240669030592146,8.862046936084917,6.119441438453721
46,2022-12-17 12:00:00,0.16288421079672025,0.03234522691512895,0.04315970319370027,0.1193242762302044,0.168635225663865,0.013,True,False,2000,1.9107459889230998,8.524639682144361,6.244905231880445
47,2022-12-17 18:00:00,0.17562385825682497,0.03138046351732538,0.040718280078514295,0.11415979232360653,0.15584685124485625,0.006,True,True,2000,1.9390300185797948,9.057304764443888,5.887469055647765
48,2022-12-18 00:00:00,0.18801169360069875,0.034828174046705844,0.04414433526996288,0.12933643588410176,0.17028173192355095,0.0055,True,True,2000,1.923279559802283,9.775578003856431,6.724786067886971
49,2022-12-18 06:00:00,0.1793189950803222,0.03549964999860866,0.04340333759494046,0.1216866847348255,0.17561209782867584,0.0085,True,True,2000,1.9288517271092693,9.29667078915723,6.308763033703728
50,2022-12-18 12:00:00,0.18531334681534606,0.037445328332068616,0.04616566107407442,0.13321832905830278,0.1792961710680137,0.0095,True,True,2000,1.935497751408806,9.574454255008076,6.88289764022387
51,2022-12-18 18:00:00,0.18958524024136938,0.03491731199849894,0.04412051340198765,0.12558483732814577,0.1779508916676579,0.0035,True,True,2000,1.9271112982723402,9.83779402940209,6.516740233983002
52,2022-12-19 00:00:00,0.19947739157672495,0.03717541536157792,0.04506313775112351,0.13129612529035217,0.1745916039738231,0.0045,True,True,2000,1.8517884080814428,10.77214819501947,7.090233674504008
53,2022-12-19 06:00:00,0.17248530244308724,0.03554426856245462,0.045567773439896,0.12744010236902262,0.17569057703494428,0.0125,True,False,2000,1.833895301128997,9.405406204863521,6.949148203311658
54,2022-12-19 12:00:00,0.1871493134864329,0.03710576308261012,0.045644572389364056,0.12838250740585697,0.1745376023337975,0.007,True,True,2000,1.8188014225353837,10.28970569121006,7.05863244965432
55,2022-12-19 18:00:00,0.1819273037562164,0.03457180547802268,0.04332200888590195,0.12315680004538451,0.1705585159036824,0.0085,True,True,2000,1.8106534173326525,10.04760502560567,6.801787623542656
56,2022-12-20 00:00:00,0.152691351966109,0.03372460207376929,0.04287400181320068,0.12274125938725092,0.16644267078891203,0.0195,True,False,2000,1.8470942291704127,8.266570787495093,6.6451000413973365
57,2022-12-20 06:00:00,0.17910433097187428,0.035622168128395075,0.04392996305556342,0.12331575452532025,0.18061974024827257,0.0105,True,False,2000,1.8134752145900725,9.876304320616809,6.7999691163794145
58,2022-12-20 12:00:00,0.17351828371820419,0.035264451062917146,0.04411392477621699,0.12812616993018924,0.16825753591109166,0.0065,True,True,2000,1.7829835835434955,9.73190585262454,7.186054381698328
59,2022-12-20 18:00:00,0.1441739737092888,0.035958750189629296,0.04495276436266876,0.12598099181446282,0.17421664143991927,0.033,True,False,2000,1.772924281730707,8.131987090195862,7.105830356809244
60,2022-12-21 00:00:00,0.12346061052429444,0.03727263435044256,0.0464676116301564,0.13092078665486614,0.18995190027148337,0.0625,False,False,2000,1.8195506710277929,6.78522519268762,7.19522620279182
61,2022-12-21 06:00:00,0.1318214917682294,0.03618088181235521,0.043626831291594684,0.12282030655281714,0.1609646773980379,0.0365,True,False,2000,1.8239315319738176,7.227326764046628,6.733822207673759
62,2022-12-21 12:00:00,0.11697068239670931,0.03630127731947597,0.04402508495972413,0.1257802923331753,0.1670148390471686,0.0615,False,False,2000,1.7620285995785405,6.6384099795365135,7.138379726825131
63,2022-12-21 18:00:00,0.1326535897188997,0.0364658726860432,0.045004977608091044,0.1272809590720438,0.17515838238883968,0.0385,True,False,2000,1.738373006740092,7.630904829088446,7.3218439643589015
64,2022-12-22 00:00:00,0.15525238101000688,0.03516135775561101,0.04495160530818375,0.12800792216843404,0.18789323119163176,0.0215,True,False,2000,1.780938702570152,8.717446635639693,7.187665807009534
65,2022-12-22 06:00:00,0.15777288358010044,0.0371099893212211,0.04675975769944864,0.1325527873183574,0.17557071725029513,0.0245,True,False,2000,1.7668095462742568,8.92981837871561,7.502381204464107
66,2022-12-22 12:00:00,0.15367184172822024,0.036846117307753334,0.04519319391551501,0.12716396627761056,0.17713023430027747,0.0255,True,False,2000,1.7783087506090554,8.641460133151172,7.150837346667614
67,2022-12-22 18:00:00,0.16944659183016536,0.03286817431129546,0.04357677834246865,0.12320757848533702,0.17527312372736015,0.0115,True,False,2000,1.8021255925512252,9.402596163693785,6.836792007981811
68,2022-12-23 00:00:00,0.18883515021880465,0.033279947047612654,0.04256020342200929,0.12139224323904003,0.16165063783972308,0.003,True,True,2000,1.8048636862631358,10.462571309735681,6.7258399713485035
69,2022-12-23 06:00:00,0.21232659340266039,0.03570803112279544,0.0457816578108776,0.12672076649350955,0.18274028900530132,0.0035,True,True,2000,1.7877020235417513,11.877068471512056,7.088472509666542
70,2022-12-23 12:00:00,0.18735935579349047,0.03840008073204766,0.048522145130469915,0.13696626253232141,0.18793958105726538,0.011,True,False,2000,1.7854801470240103,10.493499807644232,7.67111652070806
71,2022-12-23 18:00:00,0.17321025623879696,0.03311250069347237,0.043396977996866794,0.12143275636027843,0.1707278625985765,0.009,True,True,2000,1.832085049086898,9.454269403329505,6.6281178606200575
72,2022-12-24 00:00:00,0.16875578023529916,0.03309443568121253,0.04337678071626276,0.1200140184177947,0.17564058581964914,0.0115,True,False,2000,1.9161429715063112,8.80705577531292,6.2633122998880255
73,2022-12-24 06:00:00,0.16783412289327876,0.032350152113797534,0.0426499809448824,0.11903619945866198,0.16073334446032142,0.008,True,True,2000,1.880852431342594,8.92330095102012,6.328843107254902
74,2022-12-24 12:00:00,0.14511300485031692,0.03163188064719416,0.043148694115175884,0.12165502093160036,0.17278035427594254,0.0245,True,False,2000,1.8581414480591216,7.809577952307739,6.547134560647806
75,2022-12-24 18:00:00,0.13658557737965477,0.029211215897340274,0.0414152029047642,0.11591620389624767,0.16654463099830677,0.029,True,False,2000,1.8574130240955937,7.353538260353301,6.240733880537381
76,2022-12-25 00:00:00,0.14573860244959985,0.03163631985536696,0.04286263262177796,0.12012668042245087,0.17977709909612713,0.0215,True,False,2000,1.8682561035406267,7.800782889101941,6.429882937076599
77,2022-12-25 06:00:00,0.14462266941917357,0.029396789497122083,0.040764964492363616,0.11355246502260194,0.1591589606821704,0.017,True,False,2000,1.883029887300588,7.680317258612234,6.030306039665931
78,2022-12-25 12:00:00,0.15183769945938552,0.031073539795820605,0.043679774080013826,0.1209583707236325,0.18643872014669563,0.0225,True,False,2000,1.8931065222239023,8.020557621924842,6.3894117580630505
79,2022-12-25 18:00:00,0.1590641177245389,0.03364415571550465,0.04375078560423104,0.1212474235452971,0.17734753261477618,0.0155,True,False,2000,1.9022566349856094,8.361864261587513,6.373873078708665
80,2022-12-26 00:00:00,0.20210651353278603,0.03417340156217781,0.043986538659668846,0.12095967708704833,0.1696378339063473,0.002,True,True,2000,1.9287502617795322,10.478625332567189,6.271401719756435
81,2022-12-26 06:00:00,0.17910741655478646,0.036535754108183285,0.04515932049744551,0.12646843143297903,0.18193734933203076,0.011,True,False,2000,1.9128200537608508,9.36352670511992,6.611621996764713
82,2022-12-26 12:00:00,0.16177686194849175,0.034555430223067264,0.04362795097075075,0.12400436758732032,0.17109565883618244,0.0155,True,False,2000,1.9274340524729918,8.393379879375077,6.43365034607626
83,2022-12-26 18:00:00,0.17318910331614992,0.03475043600109567,0.04415722377865362,0.12452542908327298,0.1775964349878518,0.012,True,False,2000,1.919681589605428,9.021761955416121,6.486775190091184
84,2022-12-27 00:00:00,0.17949250379194245,0.03715049408097071,0.04469712954827664,0.127057086060445,0.17824577069551936,0.01,True,True,2000,1.92934720514857,9.303276430129152,6.585496157528626
85,2022-12-27 06:00:00,0.16966459645159435,0.035330097550084816,0.04451609446578852,0.12799526970094194,0.17735227798534692,0.012,True,False,2000,1.9255160263817233,8.81138324101174,6.647323000549648
86,2022-12-27 12:00:00,0.19990419227172546,0.03588241497822708,0.04472026303679213,0.12533877486847028,0.17451591654424148,0.005,True,True,2000,1.9368137697373682,10.321291359820952,6.471390116431596
87,2022-12-27 18:00:00,0.19531785577700628,0.039002004418293434,0.04699963588907536,0.13292296963028952,0.18808857262948558,0.007,True,True,2000,1.9242444730317498,10.150365949565265,6.90780051564146
88,2022-12-28 00:00:00,0.19160458852777795,0.036169241827920126,0.045622931755426234,0.12946391651256778,0.18474712807447552,0.008,True,True,2000,1.8853746666343094,10.162679700678396,6.866747432417836
89,2022-12-28 06:00:00,0.17063547163510928,0.03713704882090134,0.04768509595432216,0.13474250157327047,0.1838254955870621,0.018,True,False,2000,1.9010355294782437,8.975922279682049,7.087847622198401
90,2022-12-28 12:00:00,0.1527264835098547,0.03560114318960185,0.04454431806602516,0.12900851040122147,0.16932801050579444,0.02,True,False,2000,1.895307235330216,8.058138578426597,6.806733388465355
91,2022-12-28 18:00:00,0.16210478406738205,0.03587803400156118,0.04653510351981554,0.13031777293467933,0.18165631264237836,0.0175,True,False,2000,1.8820910968332953,8.613014765338978,6.924094862036433
92,2022-12-29 00:00:00,0.1569156079124133,0.03625067888169451,0.04556639143685787,0.1301730919402116,0.17609668229964182,0.0215,True,False,2000,1.8687411744084024,8.396861484153305,6.965817081727287
93,2022-12-29 06:00:00,0.15216250413336097,0.03658557023338508,0.04666514106338412,0.13471767292487408,0.17999767900752692,0.026,True,False,2000,1.854019608973004,8.20716800388364,7.266248548444326
94,2022-12-29 12:00:00,0.1623669276791162,0.03873396136033083,0.0484438674649339,0.13768786392448917,0.188761540039911,0.0235,True,False,2000,1.8450703180505938,8.800040090106958,7.462472436820894
95,2022-12-29 18:00:00,0.16072904339092342,0.036044251366320695,0.04549835350123817,0.13007044131592804,0.17842658714521564,0.02,True,False,2000,1.8345064165259835,8.761432608957403,7.090214574568961
96,2022-12-30 00:00:00,0.16709235823227242,0.03745574645612395,0.0466141377685207,0.13114718818330107,0.17629136279141008,0.016,True,False,2000,1.8329795060969953,9.115887966912732,7.154863856746317
97,2022-12-30 06:00:00,0.17784242992336202,0.03747752288957869,0.04686117324424456,0.13267770599957493,0.187803339363026,0.016,True,False,2000,1.7851919215534766,9.962090225492577,7.4321256105684474
98,2022-12-30 12:00:00,0.16238653533310735,0.04025590900708582,0.04796284580482605,0.1352217585675864,0.194014783134253,0.023,True,False,2000,1.7659656805353892,9.195339248261975,7.657100025103042
99,2022-12-30 18:00:00,0.1892144688578461,0.03681285310191813,0.0448143837735235,0.1253162530253319,0.17264709017397234,0.0075,True,True,2000,1.7692765792898697,10.694453940818606,7.0829091670692765
100,2022-12-31 00:00:00,0.1854493897567782,0.03686632980176349,0.045523487275596394,0.12869447212540705,0.1783813647818854,0.008,True,True,2000,1.7795976459146619,10.42086059073553,7.231661180314823
101,2022-12-31 06:00:00,0.18405699882979334,0.03993906903841644,0.04767162721289927,0.13720654243897987,0.18830573326575645,0.0105,True,False,2000,1.807432987323238,10.183337369667965,7.591238148318808
102,2022-12-31 12:00:00,0.19243378127101637,0.042603594357682,0.04997758960237274,0.1449740095311541,0.19178738460613398,0.01,True,True,2000,1.7931502209161643,10.731604024379912,8.084878101126595
103,2022-12-31 18:00:00,0.20429448586236346,0.03797741711956239,0.04664116015374305,0.1320312628967898,0.18746893653185398,0.0055,True,True,2000,1.7848378432160974,11.446109047881093,7.3973814147106385
104,2023-01-01 00:00:00,0.2175902342785826,0.038088674707848526,0.04759856058701847,0.1333449420746771,0.18572818934862678,0.0035,True,True,2000,1.7888060772921799,12.163992343315472,7.4544101659431465
105,2023-01-01 06:00:00,0.24205673731279742,0.0369146899031342,0.04696532456995847,0.13201898981036725,0.18520326865315526,0.001,True,True,2000,1.7868986739506543,13.546192676814414,7.388163175390716
106,2023-01-01 12:00:00,0.24662138826241123,0.0352202960802351,0.04696426163429206,0.13079621380994563,0.19152211772526753,0.0,True,True,2000,1.8146684235366524,13.590438069218436,7.207719719673837
107,2023-01-01 18:00:00,0.24800927974092632,0.03410316353817296,0.04431525693630865,0.1265760015553986,0.16735736320627,0.001,True,True,2000,1.7824401841055568,13.914030998205948,7.101276255108415
108,2023-01-02 00:00:00,0.21068602556681926,0.03523323070611606,0.04564862309410539,0.12822266118091818,0.18112680406988993,0.004,True,True,2000,1.782841433574835,11.817429278854354,7.192039559222866
109,2023-01-02 06:00:00,0.21870469755156868,0.033849335095238034,0.043009724666669344,0.12090085808952063,0.17192693296198228,0.0015,True,True,2000,1.774624617472464,12.323997728773882,6.812756731714649
110,2023-01-02 12:00:00,0.21657721160491358,0.03456819526301416,0.045602414513534584,0.12895372006238434,0.18372673063996195,0.0035,True,True,2000,1.7808992080260946,12.161115611082925,7.240933090498339
111,2023-01-02 18:00:00,0.20814450645349306,0.03457471587105388,0.04526106034978958,0.12737085692820208,0.1775849154828576,0.0025,True,True,2000,1.7736026563637304,11.735689823572681,7.18147644125319
112,2023-01-03 00:00:00,0.18630801668080102,0.03206546857032712,0.043513660541407914,0.12428107905846825,0.17972974287042479,0.0065,True,True,2000,1.7647776262503712,10.55702508404134,7.0423081758197865
113,2023-01-03 06:00:00,0.1678116332065143,0.03065083143456046,0.04180848959733436,0.11617479980039522,0.1675489880880996,0.01,True,True,2000,1.7801915753483453,9.426605289583913,6.525971777934197
114,2023-01-03 12:00:00,0.17148475828114046,0.0322767657848619,0.043909457254875404,0.12443936294865635,0.17054617670964098,0.0095,True,True,2000,1.7744533512105725,9.664089403316781,7.012828083858107
115,2023-01-03 18:00:00,0.15546700791813853,0.03297940137063779,0.04403032271677046,0.1260005214522139,0.17440139207542343,0.017,True,False,2000,1.7664207056972954,8.801244653479525,7.133098080532019
116,2023-01-04 00:00:00,0.14697343024085496,0.031454984196758184,0.04343376440943666,0.12360626958386878,0.1684795515966076,0.0235,True,False,2000,1.753313218603943,8.382611200403826,7.049868116678487
117,2023-01-04 06:00:00,0.14718391246915788,0.03146429095954534,0.04284593132549844,0.11999828944148924,0.16695370449795072,0.022,True,False,2000,1.6917254940168536,8.700224297009477,7.093248276146968
118,2023-01-04 12:00:00,0.13501547489469345,0.031456644614666324,0.04428540459456019,0.1273349625615616,0.17322359600268375,0.043,True,False,2000,1.6158083975029842,8.35590872676128,7.880573139633435
119,2023-01-04 18:00:00,0.1278411505737555,0.03085732095406763,0.04235191177127313,0.1190393406381103,0.16184774221905712,0.038,True,False,2000,1.5561419796420544,8.215262633243894,7.64964522488442
120,2023-01-05 00:00:00,0.1619907478170289,0.02975622901273623,0.041223073124452836,0.11945555009754305,0.15923059506368709,0.0095,True,True,2000,1.4992558171294208,10.804743657902733,7.967656268712096
121,2023-01-05 06:00:00,0.16355882177058753,0.033448952278089944,0.045780530642772606,0.13287902021626258,0.1776831239701992,0.015,True,False,2000,1.4934820737309906,10.951508869603488,8.897262481651792
122,2023-01-05 12:00:00,0.19619528980936884,0.03117374551329024,0.04287964054661286,0.11748086648260815,0.16707662213134838,0.004,True,True,2000,1.4843736241776087,13.217379143210486,7.914507814546784
123,2023-01-05 18:00:00,0.18407485643464847,0.032801562311093456,0.04490020350358274,0.1268632347081369,0.17255937634549412,0.0075,True,True,2000,1.4733986116108058,12.493215005368237,8.610245300112137
124,2023-01-06 00:00:00,0.17469496327529446,0.030339327489128494,0.042048406832677195,0.11773562826371321,0.17394319480486345,0.0095,True,True,2000,1.4581242625462818,11.980800797473153,8.074457800881438
125,2023-01-06 06:00:00,0.15327746026168917,0.029819317685501688,0.04207574339497765,0.11769141722957364,0.16526852711386378,0.015,True,False,2000,1.4783877097303897,10.367879768808553,7.960795159142439
126,2023-01-06 12:00:00,0.14680255227922603,0.033047714702051936,0.04490907479000046,0.1275907036086257,0.17672471923247618,0.0275,True,False,2000,1.4722892118263404,9.971040411083424,8.666144028207095
127,2023-01-06 18:00:00,0.1583795300721217,0.030626615790834213,0.043112522857271074,0.1239006737398433,0.16828584805559396,0.0155,True,False,2000,1.4728371693663531,10.753363193587791,8.412380968980305
128,2023-01-07 00:00:00,0.1630600602910309,0.030235594989354516,0.04371884976539333,0.12400284505827529,0.171714876490574,0.0165,True,False,2000,1.4409977985336264,11.315774420818855,8.605345905764867
129,2023-01-07 06:00:00,0.14191912682390442,0.028787092247909082,0.04206169951277527,0.11456604678016792,0.17638062236832253,0.0255,True,False,2000,1.456980724134025,9.740631737475859,7.863250685643883
130,2023-01-07 12:00:00,0.12343119598103604,0.027350758725211883,0.04190895948107065,0.118491052384779,0.16704650744498953,0.044,True,False,2000,1.4902598711069177,8.282528327717452,7.951032882390345
131,2023-01-07 18:00:00,0.11859888648987425,0.029524062923335138,0.04374690818806791,0.12466962645562783,0.17832329702054855,0.0585,False,False,2000,1.4601828527729572,8.122194166617508,8.537946204399965
132,2023-01-08 00:00:00,0.10511439192702664,0.029551004150010506,0.04156042595423422,0.11675938303182248,0.1661702817540238,0.0695,False,False,2000,1.4695865095712333,7.152650847189311,7.945050003615521
133,2023-01-08 06:00:00,0.09462121987288284,0.02723229202215758,0.03976796284730428,0.10976031914101955,0.15641921839567638,0.0865,False,False,2000,1.4307859430159857,6.613233819828328,7.6713305492541615
134,2023-01-08 12:00:00,0.0808152564958249,0.027080306314553198,0.04094597806116431,0.11242359115945415,0.1673320165542823,0.119,False,False,2000,1.4033865723947887,5.758588409316107,8.010878354608348
135,2023-01-08 18:00:00,0.0854672226458716,0.028010961427223053,0.042192288996647336,0.11930452796273025,0.165890615010716,0.117,False,False,2000,1.3869161831846708,6.162392773413291,8.602144052337776
136,2023-01-09 00:00:00,0.10273088882895925,0.029075540820464228,0.041969494090674214,0.11659334176459527,0.16173229666937408,0.0775,False,False,2000,1.4404094879114746,7.132061381927869,8.09445805120668
137,2023-01-09 06:00:00,0.12338594129719523,0.028416743830143205,0.042038206140076334,0.11586341438730739,0.17394832350192754,0.0365,True,False,2000,1.4489771013051402,8.515382416054578,7.996221215845681
138,2023-01-09 12:00:00,0.12728541593524334,0.031055987518444916,0.04438690054688232,0.1263819312271225,0.18052797767099932,0.049,True,False,2000,1.4454765283121829,8.805775357962313,8.74327107716463
139,2023-01-09 18:00:00,0.11169370509104362,0.029935599037021404,0.043903632730933534,0.12408423918759498,0.17264077338039896,0.0675,False,False,2000,1.4122972212161442,7.908654312501088,8.78598621618364
140,2023-01-10 00:00:00,0.10806469261797205,0.028908562244656023,0.042745676542264736,0.12065598558765463,0.17197011723641334,0.0715,False,False,2000,1.4032014527165009,7.701295662769326,8.598621769815944
141,2023-01-10 06:00:00,0.08291755394588489,0.028925582946309297,0.04278525758227826,0.12202122516034428,0.1733894753867817,0.1265,False,False,2000,1.379455952278907,6.010888119254721,8.845605034271749
142,2023-01-10 12:00:00,0.08891362386648329,0.02974737788623247,0.043913624740919914,0.12488330386387675,0.17090824164271187,0.1185,False,False,2000,1.3520665558406624,6.576127741818172,9.236476068756035
143,2023-01-10 18:00:00,0.10539906059846674,0.03027730467945667,0.04333043829819082,0.12390566618976115,0.17067660910827526,0.0825,False,False,2000,1.3438538029950493,7.843045155921252,9.220174539344413
144,2023-01-11 00:00:00,0.10147086816441862,0.030629760829567414,0.04543054193314469,0.12810670138966632,0.1893119953371073,0.082,False,False,2000,1.2945469735205821,7.838330337945464,9.895871220591868
145,2023-01-11 06:00:00,0.07773340862058055,0.03007503259734048,0.04348441551204955,0.12285020053663163,0.17398750423242038,0.1425,False,False,2000,1.2967305483663998,5.994569089045357,9.47384178551175
146,2023-01-11 12:00:00,0.08230810551734985,0.03147052817133671,0.04540330870662053,0.12298504141094509,0.18742097802748878,0.135,False,False,2000,1.2574123715599488,6.545832328278925,9.780804149268036
147,2023-01-11 18:00:00,0.09375709342374573,0.03128751362826802,0.044979309669748294,0.1258179585943557,0.18152557131396777,0.1095,False,False,2000,1.2169681621947905,7.704153348979624,10.338640114252803
148,2023-01-12 00:00:00,0.09548738753757886,0.028560991913940566,0.04289748492391784,0.12015500256586314,0.17374582395860658,0.0965,False,False,2000,1.2387682932538593,7.708252468002969,9.699554244341634
149,2023-01-12 06:00:00,0.10982089666774833,0.030177620901772603,0.04412653344934807,0.12199441814449102,0.18297323910158644,0.071,False,False,2000,1.186668091499125,9.254558831948614,10.280416151611082
150,2023-01-12 12:00:00,0.13196454343999167,0.031687536259258624,0.04375484289725486,0.12368572958934149,0.17986153970674104,0.0385,True,False,2000,1.1706297223600464,11.272953430051711,10.565743140365944
151,2023-01-12 18:00:00,0.13155326335300246,0.030003046808467906,0.04312809661474093,0.12226893536494468,0.17280577959788768,0.041,True,False,2000,1.1862315461864206,11.09001558556835,10.30734140885254
152,2023-01-13 00:00:00,0.13189198350198855,0.031463829747689,0.04381197787118587,0.12355988679977317,0.17559571302417515,0.0395,True,False,2000,1.1684791343625431,11.287491545490152,10.574419616588235
153,2023-01-13 06:00:00,0.14466224041423467,0.03064429300787927,0.0430068829664096,0.1252012935239455,0.16739717180423186,0.0245,True,False,2000,1.1382684289485372,12.708974151893573,10.999276650376641
154,2023-01-13 12:00:00,0.13498231422907853,0.03076124293887318,0.04342878871324201,0.12387909753396242,0.17395632303167663,0.035,True,False,2000,1.1386750973813067,11.854330927189599,10.879231294234511
155,2023-01-13 18:00:00,0.17034045790015945,0.03061368833214013,0.04383635001733612,0.12167177531828524,0.18186286835707036,0.0135,True,False,2000,1.134790008928279,15.010747059804727,10.721963919403448
156,2023-01-14 00:00:00,0.1901578426521824,0.03041872411623352,0.04379316959898613,0.12462476953080383,0.1710615523204153,0.007,True,True,2000,1.1561544505440209,16.447442862214896,10.779249214684288
157,2023-01-14 06:00:00,0.18038733563265225,0.031071535586136675,0.04326849360492235,0.12468780496560836,0.17090540775136814,0.0065,True,True,2000,1.1419123289491604,15.796951399820061,10.919209978260918
158,2023-01-14 12:00:00,0.13783804068617836,0.03257296365359792,0.04432335694609224,0.12164941026497271,0.17136479606841307,0.0295,True,False,2000,1.1322894180970107,12.173392993271696,10.74366750414603
159,2023-01-14 18:00:00,0.14222797634177337,0.03111040216879909,0.04352097145113591,0.12396472817554477,0.1762220822233236,0.03,True,False,2000,1.1245520899040926,12.647522299647612,11.023475861053008
160,2023-01-15 00:00:00,0.1429968830277284,0.03216476325793717,0.045130554198729765,0.12931081370119568,0.17772602603799204,0.0325,True,False,2000,1.0538295396414932,13.569261218125952,12.270562632471519
161,2023-01-15 06:00:00,0.14579304487682732,0.03141127555827454,0.044162329587436024,0.12261984414259097,0.17401981135743969,0.0265,True,False,2000,1.0190246867628325,14.307116085673313,12.033059231579683
162,2023-01-15 12:00:00,0.1419278337053324,0.03219599859540855,0.04674763903814383,0.13189219637784558,0.18799470690172268,0.0395,True,False,2000,1.0072104995291087,14.091178931483196,13.094799591496301
163,2023-01-15 18:00:00,0.13253696965128617,0.031446462149580884,0.04411880509578683,0.12223639747341675,0.16799895622991762,0.037,True,False,2000,1.0342670769068991,12.8145788075991,11.818649186724524
164,2023-01-16 00:00:00,0.10708884020719342,0.032303621809165975,0.04433888467250365,0.11994007538733371,0.1812348553834706,0.078,False,False,2000,1.0437041320882077,10.260459541626393,11.491769717090389
165,2023-01-16 06:00:00,0.0969943750182746,0.03571521938712379,0.04882232159785784,0.13884968383721644,0.2006935043945678,0.128,False,False,2000,0.9730070818980486,9.968516861055862,14.27016168950814
166,2023-01-16 12:00:00,0.10128790560886905,0.03318364114908911,0.04456599632024664,0.12409749422466465,0.17190697716451936,0.096,False,False,2000,0.9748187272017096,10.390434937542038,12.730314956186351
167,2023-01-16 18:00:00,0.09505394857916684,0.03392860747927506,0.04613796132936413,0.1351195992679173,0.18579052516022093,0.1205,False,False,2000,0.9182421058906259,10.351730547900724,14.71502977277016
168,2023-01-17 00:00:00,0.09809711734566669,0.03450317862860798,0.04830969790288672,0.13058029117930772,0.2005218709149513,0.1165,False,False,2000,0.9196956060751541,10.66625921638366,14.19820757180362
169,2023-01-17 06:00:00,0.09860752121357873,0.033290636505266105,0.0454713204326821,0.1269283076026183,0.17567608513175903,0.104,False,False,2000,0.9287471245393706,10.617262611982241,13.666616482454335
170,2023-01-17 12:00:00,0.1020601104635483,0.035447175241468856,0.04714512711335397,0.133474786222067,0.189541118628928,0.111,False,False,2000,0.9833457123350176,10.37886362683171,13.573536198690746
171,2023-01-17 18:00:00,0.12770671246346962,0.0320769818494266,0.04411899201963645,0.12109327562045373,0.17667294588317248,0.0445,True,False,2000,0.9651248030579905,13.23214490590563,12.546903285126506
172,2023-01-18 00:00:00,0.10608235172228518,0.03631523767412861,0.046703589392397826,0.13174748196921449,0.18278622108005538,0.0995,False,False,2000,0.97764363333807,10.850820084622983,13.47602311072956
173,2023-01-18 06:00:00,0.10234701705950364,0.03454451203556481,0.047756265182093936,0.1360038707873368,0.197185913739182,0.1055,False,False,2000,0.9637352317835469,10.619827280786865,14.112161338715385
174,2023-01-18 12:00:00,0.09581095440307356,0.03484725240933931,0.047700801346927967,0.13300487101965844,0.18052235062220978,0.1245,False,False,2000,1.0069492445106956,9.51497356250868,13.20869663935139
175,2023-01-18 18:00:00,0.09742533145274165,0.03497527447664797,0.047828020781349595,0.13260816287278965,0.19637585367029517,0.1205,False,False,2000,1.0172172570009095,9.577632583621666,13.036365826486474
176,2023-01-19 00:00:00,0.10065111591992368,0.03571591358003529,0.04659478954821739,0.13049770368868757,0.1862385201202593,0.1075,False,False,2000,0.9992786743925579,10.072377055490305,13.059190297242617
177,2023-01-19 06:00:00,0.07204782235777948,0.04171321595053384,0.05288626535217514,0.1510761878540253,0.20998074364320005,0.2445,False,False,2000,0.9933837636028079,7.252768265154262,15.20824009707
178,2023-01-19 12:00:00,0.07165779131248533,0.039765035419159565,0.050845053343546304,0.14406181636526685,0.19375371228424165,0.229,False,False,2000,0.9630885502995489,7.440415659619008,14.958314717837668
179,2023-01-19 18:00:00,0.09232971133311334,0.041522963803990835,0.051293117354301254,0.15044393145739893,0.2000792688535868,0.1595,False,False,2000,0.9882894454372737,9.342375531721032,15.222658923655127
180,2023-01-20 00:00:00,0.08194483644877036,0.042475223388829024,0.05356342861872753,0.15049815671502775,0.21772188704155254,0.2125,False,False,2000,0.9869508470650562,8.302828524080375,15.248799589419418
181,2023-01-20 06:00:00,0.08796600034349654,0.03748284800404233,0.04882227991181977,0.13838891448158616,0.19100253257047473,0.159,False,False,2000,0.9898589477726204,8.886720733437583,13.980670154367827
182,2023-01-20 12:00:00,0.10128381004075603,0.03867412068800811,0.04935547019445461,0.1368917879487851,0.19850261533963692,0.1265,False,False,2000,0.9889626599503378,10.241419028484062,13.841957183263048
183,2023-01-20 18:00:00,0.10978601033239094,0.03571107643355829,0.04774712474583575,0.133494319763222,0.18820120622680936,0.094,False,False,2000,0.9671174697788779,11.351879555799199,13.803320065528771
184,2023-01-21 00:00:00,0.10183207399351295,0.03669627157797886,0.04818176375122827,0.1369631426459315,0.19134267951635606,0.112,False,False,2000,0.9441589660390691,10.785479739785595,14.50636466658984
185,2023-01-21 06:00:00,0.09950310696279623,0.03887477909354823,0.04993572399504741,0.1435469125718216,0.19212303263703473,0.1375,False,False,2000,0.9347408591881966,10.64499384879919,15.356867217347187
186,2023-01-21 12:00:00,0.09442334293943022,0.03996666086713643,0.05077048251829911,0.14355457758977413,0.2022486110238739,0.152,False,False,2000,0.9369143564124526,10.078118911635373,15.322059760025484
187,2023-01-21 18:00:00,0.10121152358093997,0.039741559607752816,0.052182200989319194,0.14690574071938606,0.20740868610709037,0.1335,False,False,2000,0.9384507955458156,10.784957939331704,15.654069602439169
188,2023-01-22 00:00:00,0.0960119536533319,0.04156228933043677,0.05177656915080606,0.15045588707842153,0.19672468211081648,0.162,False,False,2000,0.927997894666448,10.346139167464562,16.21295564819144
189,2023-01-22 06:00:00,0.10140420717418983,0.04069008751636937,0.051328290566404484,0.14456245415644015,0.19933000542573334,0.1405,False,False,2000,0.9602174851598531,10.560545786906648,15.055178268532988
190,2023-01-22 12:00:00,0.09875043917751189,0.040721818732031546,0.04900460627728643,0.13674365669041408,0.1900755953868929,0.133,False,False,2000,0.961131899209957,10.274389941555782,14.227355975055692
191,2023-01-22 18:00:00,0.11513492880929505,0.0418070557044592,0.05058715250130298,0.14158523907580017,0.2034335274739325,0.1025,False,False,2000,0.9669145799136534,11.907456067068171,14.642993498809782
192,2023-01-23 00:00:00,0.11603722458957194,0.04075457739005194,0.049303845277362056,0.14012516021171179,0.19070289763574894,0.092,False,False,2000,0.9406690903761435,12.335605132212047,14.896328756340893
193,2023-01-23 06:00:00,0.12156317829633757,0.03989218838535251,0.04878676744892728,0.14069473385580017,0.197765539925736,0.079,False,False,2000,0.9059045621878216,13.418982900666068,15.530856088859156
194,2023-01-23 12:00:00,0.14783018781413618,0.041043391472472074,0.050441714326868885,0.1438895466393559,0.1965390203673354,0.0455,True,False,2000,0.922445054829913,16.02590713019695,15.598711910910215
195,2023-01-23 18:00:00,0.12706897505802497,0.03987393245179344,0.05001148420406101,0.14534125090759176,0.19149784170736914,0.0775,False,False,2000,0.9119692997680718,13.933470687044029,15.937077152109651
196,2023-01-24 00:00:00,0.13555799855094017,0.03725845669094064,0.048888019709043495,0.1401622445994971,0.20503720539290965,0.055,False,False,2000,0.8869439252710271,15.283716894449348,15.802830438989382
197,2023-01-24 06:00:00,0.13976776106282252,0.035498822016290746,0.04742185544977316,0.13608193378806394,0.18836062530040892,0.046,True,False,2000,0.8872864740001831,15.752270000544794,15.3368655756197
198,2023-01-24 12:00:00,0.15460796307439376,0.03859685055093103,0.04927390801955252,0.1343491774888641,0.20122099920066375,0.031,True,False,2000,0.8655351437006938,17.862701959547227,15.522093870670453
199,2023-01-24 18:00:00,0.14443410457116962,0.038075934617205404,0.048742761240408806,0.13695998067275852,0.18895529541840317,0.0415,True,False,2000,0.8336932503417988,17.324610042357225,16.428102376576454
200,2023-01-25 00:00:00,0.14970919439571195,0.039219868529563356,0.05016354164518207,0.14127812639503584,0.20036652746210634,0.0435,True,False,2000,0.8224778272269113,18.202216453721988,17.17713495953721
201,2023-01-25 06:00:00,0.13948719670604146,0.03881252446885181,0.04850988092666288,0.13516543985537427,0.18901392287378432,0.046,True,False,2000,0.8356310832209709,16.692437548922054,16.17525276038968
202,2023-01-25 12:00:00,0.1240306722071043,0.03859595284695716,0.04842818607893512,0.13817454435161786,0.1917484743465257,0.068,False,False,2000,0.8296742666938458,14.94932134045231,16.65407135046229
203,2023-01-25 18:00:00,0.1122836329177302,0.035459282533524296,0.04631122196301164,0.13332205752820248,0.17725186144590954,0.0805,False,False,2000,0.8387858346818319,13.3864483966067,15.894648194526816
204,2023-01-26 00:00:00,0.12709100168395088,0.037404532387785315,0.04842845287673693,0.13366932294938422,0.19321145127443765,0.0625,False,False,2000,0.8400699818754849,15.128620760881835,15.911689006071006
205,2023-01-26 06:00:00,0.1619439826988169,0.03717249327752202,0.04767187090590891,0.13244207669317912,0.18184530139378202,0.0225,True,False,2000,0.8488091635722465,19.07896258061934,15.603280734598984
206,2023-01-26 12:00:00,0.18179191205867037,0.039071360697008374,0.049103562659796984,0.13913155068406646,0.1953828159606601,0.015,True,False,2000,0.9045961684654054,20.096471596499217,15.38051514413277
207,2023-01-26 18:00:00,0.176331471539857,0.038589857036320355,0.04842402767519391,0.13402115494597147,0.1951518291098276,0.016,True,False,2000,1.002715759454366,17.585389466283928,13.365817150305876
208,2023-01-27 00:00:00,0.18427208202824027,0.03896694418880045,0.050117559853038875,0.14559950751630935,0.19072072326992567,0.013,True,False,2000,1.0182694303017439,18.096593744706144,14.2987212601643
209,2023-01-27 06:00:00,0.1749565381206864,0.03934983475223549,0.049313434360159704,0.14229953454006908,0.1909860056287196,0.018,True,False,2000,1.005996844519603,17.391360527003837,14.145127324730511
210,2023-01-27 12:00:00,0.16771099420339053,0.03981366684684326,0.05004892491733923,0.14021221490953675,0.203947487012738,0.0285,True,False,2000,1.0176556571291306,16.480131862727866,13.777962508957506
211,2023-01-27 18:00:00,0.18113182078568224,0.04163213086494582,0.05075316046854526,0.14649276001777276,0.19360880381831175,0.0165,True,False,2000,1.0378882782131942,17.45195745899692,14.114501829616142
212,2023-01-28 00:00:00,0.17983196374285357,0.04341086158750864,0.05364361852891794,0.15599222507416208,0.20585761902993255,0.0225,True,False,2000,1.0387203160966114,17.312837821314684,15.01773120798893
213,2023-01-28 06:00:00,0.16965626941595408,0.04132506594856318,0.0500681236811264,0.14242583137729828,0.18973327821007796,0.023,True,False,2000,1.0708264378802823,15.843489048681999,13.300552390099037
214,2023-01-28 12:00:00,0.18325619994567924,0.03822009854270524,0.05049170593924534,0.13960693648033595,0.2130235680467336,0.02,True,False,2000,1.0803879546412145,16.96207359203081,12.921926413618518
215,2023-01-28 18:00:00,0.1798805237774374,0.04147433716959632,0.05170076778006143,0.1485907976402016,0.1976630441567958,0.021,True,False,2000,1.0528843936975032,17.084546494770976,14.11273626332163
216,2023-01-29 00:00:00,0.1819719651296275,0.045809505247436266,0.05463826654706701,0.15754011683412703,0.20255011844331822,0.02,True,False,2000,1.065986638128005,17.070754793811595,14.778807838603452
217,2023-01-29 06:00:00,0.17504649952027496,0.045212176087952076,0.0534017127226413,0.14807915478899275,0.21427213578634643,0.028,True,False,2000,1.091484144773826,16.03747524491504,13.566771033552419
218,2023-01-29 12:00:00,0.16272670714221127,0.04486035948723543,0.052899085400711754,0.15134183958945316,0.20387072702207354,0.037,True,False,2000,1.0693167880769068,15.217820290174638,14.153134157898254
219,2023-01-29 18:00:00,0.13840083561012106,0.042066283188898324,0.051929762247788884,0.14510131005225632,0.1999545514855186,0.066,False,False,2000,1.0480264011752936,13.205853922660108,13.845196064673049
220,2023-01-30 00:00:00,0.14555906273682684,0.04428321420793005,0.05253841651214154,0.14636714093191708,0.2119297475832287,0.051,False,False,2000,1.0358912001214549,14.051578266111395,14.129586284231008
221,2023-01-30 06:00:00,0.1335811220463953,0.042794039449963926,0.05221590648944644,0.14901852940379662,0.20978081453465383,0.072,False,False,2000,1.025222098517739,13.029481342581889,14.535243594460837
222,2023-01-30 12:00:00,0.1408793949476986,0.04410208552326466,0.05206259360491698,0.14403197312546895,0.2119071147181072,0.054,False,False,2000,0.9969649418682872,14.130827377309194,14.4470449337523
223,2023-01-30 18:00:00,0.15467206708117887,0.04637650240903768,0.05460191574518129,0.15536409883702004,0.21409421817351587,0.051,False,False,2000,1.0007577076386676,15.455495960769017,15.52464674027928
224,2023-01-31 00:00:00,0.1740090122564349,0.044895636936227876,0.05252664942492403,0.14731317558871793,0.20234588946865759,0.0265,True,False,2000,1.0211811357353684,17.03997519804636,14.425763504007094
225,2023-01-31 06:00:00,0.16385991701344943,0.04694124049424424,0.053702969175815976,0.15271055483518128,0.20236078284299375,0.038,True,False,2000,1.0007565961088656,16.373603496651267,15.25951019747952
226,2023-01-31 12:00:00,0.17169901346810054,0.04859993131504305,0.05511240335287389,0.16114721462790693,0.2060950214080784,0.0385,True,False,2000,1.0336502519790347,16.610939061773003,15.59011032207202
227,2023-01-31 18:00:00,0.1487270033209515,0.044896850749308215,0.05367675135957932,0.15092624735026783,0.20087405479759968,0.0535,False,False,2000,1.0362701529703389,14.35214580817986,14.564372708955922
228,2023-02-01 00:00:00,0.15611112265744995,0.042621828965328235,0.051696383297279234,0.14737020261971787,0.19915479332175354,0.042,True,False,2000,1.0650283763973536,14.657930822981765,13.8372090251927
229,2023-02-01 06:00:00,0.15562503810906703,0.04507171456731296,0.052651829780456016,0.1518399579697301,0.19675591256058875,0.044,True,False,2000,1.0785497042474954,14.429102107783404,14.078160456746765
230,2023-02-01 12:00:00,0.17542552729405214,0.04746410867400353,0.05380411665886984,0.1547243633022956,0.21251586694793212,0.0295,True,False,2000,1.07613964537299,16.301372042960992,14.37772169881058
231,2023-02-01 18:00:00,0.16885534210970113,0.050352000080072325,0.05616567889400242,0.16050365636122083,0.21951775295368142,0.0415,True,False,2000,1.1086100074743406,15.231266267782576,14.477918770270145
232,2023-02-02 00:00:00,0.17584345086204464,0.05167487674332699,0.058722152028048084,0.16828681343499508,0.22001442605258012,0.044,True,False,2000,1.1144483455087222,15.778519621003683,15.100458815628256
233,2023-02-02 06:00:00,0.16715554983569175,0.057031018663874805,0.05951311075203446,0.17557776346004997,0.23056995041111686,0.0605,False,False,2000,1.1406342146113762,14.654614748045505,15.392994634995304
234,2023-02-02 12:00:00,0.14666657775846395,0.05532215744614723,0.061415148571528515,0.17693806080634597,0.2441005119660811,0.0925,False,False,2000,1.1621786896682187,12.619967915633923,15.224686391114146
235,2023-02-02 18:00:00,0.1228396562813439,0.052607081070480635,0.05740701479028462,0.16461439650999068,0.23514662138706044,0.119,False,False,2000,1.2206412351445157,10.063534865492276,13.485895099267351
236,2023-02-03 00:00:00,0.12879328935645135,0.05638058174928129,0.06017081021812244,0.1771460462695962,0.22998507760445142,0.1355,False,False,2000,1.20691398658553,10.671289817497213,14.677603229270591
237,2023-02-03 06:00:00,0.1094684026016933,0.05732006403706336,0.05999604126442784,0.17310849284047783,0.2361636209650356,0.2,False,False,2000,1.2091265501924768,9.053510782991854,14.316821743176614
238,2023-02-03 12:00:00,0.11156147033072854,0.059999153321259345,0.06255418271581908,0.1828011691799978,0.24097889786605867,0.198,False,False,2000,1.208155117908911,9.234035321873273,15.130604213835738
239,2023-02-03 18:00:00,0.12235641197442029,0.05806908629689528,0.06050635540594761,0.17804898113951237,0.23228394613985806,0.1595,False,False,2000,1.2104769224782248,10.108116041065736,14.70899426772965
240,2023-02-04 00:00:00,0.12300632086110812,0.06052818249353633,0.06177841525517118,0.18048806737133014,0.24753405129301,0.164,False,False,2000,1.190523181249641,10.332123120189367,15.160399244127237
241,2023-02-04 06:00:00,0.11676455126640108,0.061729035931527884,0.0625734467836216,0.18537243754973262,0.23856660011011557,0.193,False,False,2000,1.2289890495209668,9.500861810926091,15.08332703387282
242,2023-02-04 12:00:00,0.09448539256421598,0.05518996038534908,0.05872720632738824,0.1696033170970205,0.23009732145740988,0.23,False,False,2000,1.2737072217805714,7.4181406015843026,13.315722341585264
243,2023-02-04 18:00:00,0.10249464792612978,0.05400352429385009,0.057906372787742924,0.1676092868975229,0.23684681243320513,0.2005,False,False,2000,1.335844301163423,7.672649262856789,12.547067555069663
244,2023-02-05 00:00:00,0.11265300152953665,0.05404196858800253,0.058129359365121584,0.1683843147074218,0.2270793849948791,0.1665,False,False,2000,1.4205526591314326,7.930223551052025,11.85343701446287
245,2023-02-05 06:00:00,0.12322499502732914,0.05246809401911317,0.056966291271294746,0.1657952369170282,0.21304156656354944,0.129,False,False,2000,1.456184791657524,8.46218115539213,11.385590473603923
246,2023-02-05 12:00:00,0.12341983997867371,0.049314554327843006,0.05707017770945387,0.16257829264126042,0.23157214716856941,0.118,False,False,2000,1.4641648857627445,8.429367565004755,11.103824044828572
247,2023-02-05 18:00:00,0.1405485092714374,0.04463446772702555,0.05278663212834609,0.14421292998478852,0.20642989736645398,0.0575,False,False,2000,1.4433987941861766,9.737330378655475,9.991204826113167
248,2023-02-06 00:00:00,0.14216778641617614,0.04574010852682025,0.05409202688556381,0.1583990532875263,0.20504825336322136,0.073,False,False,2000,1.4592235550087032,9.742700899268874,10.855023052761888
249,2023-02-06 06:00:00,0.11334770053917229,0.04551811397573125,0.053024562483005286,0.1514461628579247,0.21059722611781465,0.1135,False,False,2000,1.476624949080552,7.676133374947399,10.256237574221231
250,2023-02-06 12:00:00,0.1224868037053737,0.04882737007163077,0.05473973355862213,0.15800958743777574,0.21176451932252627,0.116,False,False,2000,1.4976042064288286,8.178850138078502,10.550824227087594
251,2023-02-06 18:00:00,0.13290858413563833,0.04559026644683997,0.053143340801602754,0.14943429841621206,0.21419338593791726,0.0765,False,False,2000,1.4862935869906362,8.942283361710803,10.054157518016224
252,2023-02-07 00:00:00,0.13437665960578565,0.04688798553338349,0.05221673253357028,0.14956934739248595,0.205461258192321,0.0775,False,False,2000,1.4816741147452273,9.069245272526855,10.094618371476665
253,2023-02-07 06:00:00,0.12070537141228938,0.04935931489488221,0.053453083594972,0.1548832368494524,0.21359021274750298,0.1065,False,False,2000,1.4593394076559096,8.271233599192293,10.61324295341523
254,2023-02-07 12:00:00,0.11603768180001318,0.0506612842907491,0.05518786197282958,0.15962767938617445,0.20601754843195808,0.135,False,False,2000,1.4541773552954238,7.979610009567198,10.977180933597005
255,2023-02-07 18:00:00,0.09592184694327195,0.04919198354436922,0.05461069178010358,0.15715563925068676,0.20754718925172932,0.199,False,False,2000,1.432640487121634,6.695458337631638,10.969649445439966
256,2023-02-08 00:00:00,0.09630542869002212,0.04688156466214964,0.05287342723227661,0.15298339411258036,0.20411692318683722,0.1755,False,False,2000,1.408127135565802,6.839256645056093,10.86431688223307
257,2023-02-08 06:00:00,0.046625930799893474,0.04697738077013954,0.052174225183251155,0.1471223951128558,0.1973993861322002,0.418,False,False,2000,1.418145275814837,3.287810606928347,10.374282354698979
258,2023-02-08 12:00:00,0.041258260208577806,0.044827327725627746,0.052234173260985756,0.14725834719330708,0.20577549122325245,0.414,False,False,2000,1.4134235536348434,2.9190301875524596,10.418557608907028
259,2023-02-08 18:00:00,0.035128376155048636,0.04226903815301074,0.05082925677134906,0.1443195542467097,0.2054127935291329,0.428,False,False,2000,1.423507475763413,2.46773387236408,10.138306732060718
260,2023-02-09 00:00:00,0.038842447058066394,0.04504061529936349,0.05194571140617463,0.14461855686695088,0.20636689095221017,0.45,False,False,2000,1.444022876086724,2.6898775428910606,10.014976858182784
261,2023-02-09 06:00:00,0.01293243012620768,0.04300442063486287,0.05013368897310329,0.13991292086497312,0.19563877955855064,0.583,False,False,2000,1.4542244925658496,0.8893008055028394,9.621136322501982
262,2023-02-09 12:00:00,0.06148250053921938,0.038013414540155596,0.04764345936566166,0.1357724156087181,0.18364526204517198,0.264,False,False,2000,1.4549615678794494,4.2257130288896745,9.331683984381883
263,2023-02-09 18:00:00,0.0608819897696338,0.04086343763670413,0.049128491414194404,0.14062121503410968,0.19574209630272776,0.291,False,False,2000,1.4514045325464213,4.194694752869429,9.688630004992223
264,2023-02-10 00:00:00,0.05575929694546817,0.04072399717015797,0.049752800387809014,0.13885157316243738,0.19500073567047074,0.3125,False,False,2000,1.4644094482299308,3.80763023708061,9.481745240736519
265,2023-02-10 06:00:00,0.04523746587874401,0.037949720259518566,0.04740971038462223,0.13448533899153078,0.18500723441926856,0.344,False,False,2000,1.4735711117325117,3.069920787572802,9.126491278280643
266,2023-02-10 12:00:00,0.0273750899945707,0.039240883469451406,0.04843173474866433,0.13911571424928887,0.18782816196027255,0.4535,False,False,2000,1.4822945204759301,1.8468050455844092,9.385160123551024
267,2023-02-10 18:00:00,0.010500001032087435,0.04026359632452031,0.04834135815271049,0.1384461624040127,0.189060199927481,0.56,False,False,2000,1.465509195190656,0.7164745923495508,9.446966478159933
268,2023-02-11 00:00:00,0.007949023760824188,0.04173988774735263,0.05135987843265462,0.1479179135927634,0.19855951109905426,0.57,False,False,2000,1.437746856529606,0.5528806218370961,10.288175065101766
269,2023-02-11 06:00:00,0.0,0.04230582368012475,0.04977510886860447,0.14325066166359265,0.18630697964031573,1.0,False,False,2000,1.4520406756369109,0.0,9.865471681828637
270,2023-02-11 12:00:00,0.0,0.04119976704869633,0.04976504172789484,0.14028678835748304,0.1939622918201331,1.0,False,False,2000,1.4545929198551577,0.0,9.644401979589741
271,2023-02-11 18:00:00,0.0,0.04172931480364185,0.04936498199506178,0.13811816419589398,0.1958188813087789,1.0,False,False,2000,1.490802656410688,0.0,9.264684604764014
272,2023-02-12 00:00:00,0.010228129829716073,0.04555899200990736,0.052244396680049404,0.14923534387160173,0.20293533342870837,0.5985,False,False,2000,1.4921603222000628,0.6854578343589495,10.001294207553178
273,2023-02-12 06:00:00,0.03333600505517401,0.0405766787928058,0.05057786761055673,0.143914518284606,0.1915796108255534,0.422,False,False,2000,1.4785535862220682,2.2546362448961106,9.733466519284548
274,2023-02-12 12:00:00,0.026613004652501337,0.04126411135008476,0.049469692361577444,0.14237141651087837,0.20027202297753585,0.4815,False,False,2000,1.4916785432449324,1.7840978388419106,9.544376511655775
275,2023-02-12 18:00:00,0.01198595977593629,0.04134204335183401,0.050731881728274975,0.14385593930123766,0.19033968003094393,0.5525,False,False,2000,1.5277937804788646,0.7845273314425633,9.415926490821827
276,2023-02-13 00:00:00,0.01050540944817374,0.04337358388409409,0.05210793980952166,0.1441848738824456,0.20797738878157,0.578,False,False,2000,1.5250459425111946,0.6888585553609723,9.454461001025694
277,2023-02-13 06:00:00,0.012009559768021793,0.04653144215028612,0.05333266149592072,0.1509015114249152,0.2008276116370893,0.59,False,False,2000,1.5152889542975696,0.7925590517875166,9.958596411393193
278,2023-02-13 12:00:00,0.020797643579253206,0.04141789069107934,0.05093592025240186,0.14362997923278628,0.1996040615167749,0.5005,False,False,2000,1.4968343981983714,1.3894418517028864,9.595582477638343
279,2023-02-13 18:00:00,0.0,0.042158927601493576,0.052156707238038155,0.14884732142282642,0.20176026807317599,1.0,False,False,2000,1.4925270246219848,0.0,9.97283928312958
280,2023-02-14 00:00:00,0.002552920643747503,0.04255779229770081,0.05107116935072235,0.14556079018548282,0.19394449157157806,0.6185,False,False,2000,1.4732185532757744,0.17328865687110426,9.880461379054804
281,2023-02-14 06:00:00,0.021917822301601227,0.041162818428987974,0.05029095776285011,0.1453877667080602,0.19666953368025916,0.4955,False,False,2000,1.481385403026268,1.479548958483465,9.8143107398691
282,2023-02-14 12:00:00,0.014205348988415125,0.043147519684699626,0.05280610247490986,0.14913452733414595,0.2174911408539841,0.5545,False,False,2000,1.4973659458186506,0.9486891983942293,9.959791576040555
283,2023-02-14 18:00:00,0.029379254340483524,0.04270542648387638,0.051163407911624256,0.14498541360262127,0.19207742967281088,0.459,False,False,2000,1.498262701722395,1.9608880543251384,9.676902016979184
284,2023-02-15 00:00:00,0.03508973502465327,0.04127886490986017,0.04860972073246284,0.13626403312725777,0.18876269010408955,0.438,False,False,2000,1.4927860943364326,2.350620437702511,9.12816870710665
285,2023-02-15 06:00:00,0.0484420302024786,0.04229218081545561,0.05217001940973258,0.14917368658130892,0.20751628294035906,0.351,False,False,2000,1.5018336498106146,3.225525690450955,9.932770290512543
286,2023-02-15 12:00:00,0.05837276880352007,0.043796972853251404,0.05316505343903133,0.15485325692622265,0.20673269224362617,0.3145,False,False,2000,1.492873080384004,3.9100958795844285,10.372834701151591
287,2023-02-15 18:00:00,0.06029894902922569,0.041401666814135665,0.051059448299509334,0.14490187432882362,0.21005347100433686,0.2925,False,False,2000,1.4913026143920398,4.043374459838106,9.716463508507685
288,2023-02-16 00:00:00,0.06778905600179304,0.04394577040171916,0.051920573536579265,0.14708935601178752,0.2036785396430473,0.282,False,False,2000,1.50125602953467,4.515489341468621,9.797752889450804
289,2023-02-16 06:00:00,0.09443026940674731,0.04523480503136059,0.05371210466405578,0.15146119892742133,0.21152190099972568,0.186,False,False,2000,1.4958792611082534,6.312693267556011,10.125228878112003
290,2023-02-16 12:00:00,0.056362113292257286,0.047963026527300334,0.054950231324623865,0.1568199426151745,0.211376910255139,0.361,False,False,2000,1.4703780094427863,3.8331716694822062,10.665280737883377
291,2023-02-16 18:00:00,0.02931969753972698,0.04582722214361644,0.05473415292632151,0.15574691674444469,0.21670731235184953,0.478,False,False,2000,1.4865675178240898,1.9723085018460946,10.476948734384676
292,2023-02-17 00:00:00,0.04669791985501909,0.04700689991152077,0.0553428681907897,0.15754147332380644,0.21608450212329705,0.395,False,False,2000,1.5007766271836207,3.1115836300471367,10.497329880426715
293,2023-02-17 06:00:00,0.041038136057498384,0.043089141199165376,0.05253668561352274,0.14868051461493526,0.2059567215697048,0.4005,False,False,2000,1.4918093497398297,2.7508968263709703,9.966455475082322
294,2023-02-17 12:00:00,0.06326115160800719,0.046752722882617836,0.054103437880927634,0.1564794015921518,0.20480214319308537,0.3165,False,False,2000,1.5232773827043666,4.152963362174775,10.272548084075432
295,2023-02-17 18:00:00,0.07599406349894686,0.041568650569032584,0.050721851487354225,0.14421445658908694,0.20085899224409529,0.225,False,False,2000,1.5136110274320014,5.020712859622773,9.527841299740118
296,2023-02-18 00:00:00,0.04792535376930816,0.043826431021933676,0.051606493133981024,0.14691171245377074,0.197474727245161,0.378,False,False,2000,1.5136794265528737,3.1661495114886606,9.70560277669461
297,2023-02-18 06:00:00,0.0578319034428078,0.03976592854889541,0.050201580306493666,0.14310209069295507,0.20106819081257307,0.2915,False,False,2000,1.53455778492906,3.7686364117908586,9.325298278003292
298,2023-02-18 12:00:00,0.06038906012697983,0.04184879068750078,0.04970476844974582,0.14328578504775571,0.1909208114634271,0.3005,False,False,2000,1.550940129792469,3.8937067245181463,9.238640634498815
299,2023-02-18 18:00:00,0.04971783415819052,0.038913504275207615,0.04998536743518796,0.1406580151454169,0.19589450237419093,0.3265,False,False,2000,1.5394982027352107,3.22948309194888,9.136614443297903
300,2023-02-19 00:00:00,0.04754933220454412,0.04075102958354095,0.049884801759243876,0.14032304410934807,0.2005147145615376,0.353,False,False,2000,1.5266727263367714,3.114572716487707,9.191429288584406
301,2023-02-19 06:00:00,0.019355225969827704,0.038193383547470094,0.048822910470027264,0.14044120212460973,0.1951847090808643,0.479,False,False,2000,1.5010419115354225,1.2894527342030815,9.35624788657312
302,2023-02-19 12:00:00,0.0034926344968204655,0.03654007416509303,0.048106629954435945,0.13457309212048055,0.18518458227703713,0.5615,False,False,2000,1.4884032804829723,0.23465646324611297,9.041440171833866
303,2023-02-19 18:00:00,0.01164270406879376,0.03574431003150372,0.04661844792262931,0.1319171769423023,0.18127123502427298,0.51,False,False,2000,1.4702594517058423,0.7918809197441663,8.972374011216031
304,2023-02-20 00:00:00,0.010288491790929626,0.040406924522019966,0.05231471393776388,0.1471113505377546,0.2018307829929091,0.536,False,False,2000,1.4779125781883278,0.6961502285569277,9.95399543307821
305,2023-02-20 06:00:00,0.009865596413958611,0.037831315556135864,0.04944203109424357,0.14028324835167216,0.20217256037137818,0.5355,False,False,2000,1.4619603258663487,0.6748197088120239,9.59555781847508
306,2023-02-20 12:00:00,0.011010651654598474,0.038472219966391934,0.04870758383690669,0.13991351476713035,0.1933991225646567,0.537,False,False,2000,1.4672510550177478,0.7504272439909945,9.535758334516103
307,2023-02-20 18:00:00,0.023329422106362917,0.03749716139319761,0.04755883238101866,0.13199345471201032,0.18735392154497205,0.453,False,False,2000,1.4811745675668984,1.575062292939973,8.91140434100444
308,2023-02-21 00:00:00,0.04001643643971242,0.03776963762486191,0.048947177742581095,0.14494504471174063,0.19468769637159092,0.36,False,False,2000,1.5076593448425382,2.654209425796501,9.613912135229652
309,2023-02-21 06:00:00,0.059414969422892025,0.037298682271998236,0.04814291413861742,0.13479278645178283,0.18680632269791936,0.272,False,False,2000,1.4916921365267437,3.9830584319653153,9.036233626975763
310,2023-02-21 12:00:00,0.05629277019996415,0.03449813671886747,0.0467936700075935,0.13287096856911818,0.17991132604995508,0.256,False,False,2000,1.4798988292448818,3.803825578312507,8.978381896343251
311,2023-02-21 18:00:00,0.04716445169414529,0.03690314274689497,0.04769879544170534,0.13651183286976823,0.18999614662408615,0.3115,False,False,2000,1.4639257171520816,3.2217790248195737,9.325051897806542
312,2023-02-22 00:00:00,0.026447785746194115,0.03762331966352426,0.04770973061102341,0.133858605448496,0.18823102787908774,0.4375,False,False,2000,1.4845694373608378,1.781512206880071,9.016661806433273
313,2023-02-22 06:00:00,0.02381186958786594,0.0375350371445311,0.048582762416655066,0.13933038995008323,0.19035373162202524,0.4515,False,False,2000,1.489581519308274,1.5985610239662211,9.35365994704237
314,2023-02-22 12:00:00,0.020508406665697004,0.038779220545432605,0.04882847373851329,0.13651391762018017,0.18903724694494026,0.4825,False,False,2000,1.5238940488222366,1.3457895371103537,8.958228934989734
315,2023-02-22 18:00:00,0.0,0.03745958111184959,0.04785747659143378,0.13415408342593602,0.18914163542198936,1.0,False,False,2000,1.5246356631588587,0.0,8.799091262760124
316,2023-02-23 00:00:00,0.0,0.03570539187287783,0.04653953620113859,0.13216436680971205,0.18570192945679204,1.0,False,False,2000,1.564912617314221,0.0,8.445479022115558
317,2023-02-23 06:00:00,0.0,0.03668159211282178,0.047281763104994226,0.13707930292823833,0.18001446409221997,1.0,False,False,2000,1.5284443298417911,0.0,8.968550587801086
318,2023-02-23 12:00:00,0.0,0.036093246699016264,0.046043984547439853,0.13269174763562655,0.18176493644313654,1.0,False,False,2000,1.5045977559401416,0.0,8.819084510246041
319,2023-02-23 18:00:00,0.0,0.033118076258139895,0.044597786549168274,0.12473310105462686,0.1860114507342302,1.0,False,False,2000,1.5088608308115161,0.0,8.266706810033712
320,2023-02-24 00:00:00,0.0,0.03538411727671972,0.04733432088804189,0.13456356899315997,0.18777046475762957,1.0,False,False,2000,1.5245191555837614,0.0,8.826623693136447
321,2023-02-24 06:00:00,0.0,0.03463705288542445,0.04587805084744554,0.13141830952876168,0.1774885913121351,1.0,False,False,2000,1.543155100099102,0.0,8.516208741449383
322,2023-02-24 12:00:00,0.0,0.03451001037351608,0.04660775484565033,0.13149245940494358,0.18623987282073487,1.0,False,False,2000,1.5558418518513715,0.0,8.451531191841532
323,2023-02-24 18:00:00,0.0,0.03714205477352342,0.04785287475310809,0.13675013948994721,0.19173329334537154,1.0,False,False,2000,1.5856160963853367,0.0,8.624416704755385
324,2023-02-25 00:00:00,0.0,0.03419456920969425,0.045213538185549414,0.13006439999933672,0.16858867106083614,1.0,False,False,2000,1.5440170938173892,0.0,8.42376684300617
325,2023-02-25 06:00:00,0.0,0.032441753666294364,0.044493855144794134,0.1269808226990324,0.1752004654867698,1.0,False,False,2000,1.5655725575906632,0.0,8.110823230987739
326,2023-02-25 12:00:00,0.0,0.032882306547001555,0.04572214238043107,0.12656494848244715,0.18567912955730823,1.0,False,False,2000,1.545177232903132,0.0,8.190966433323158
327,2023-02-25 18:00:00,0.0,0.03276166423382421,0.045683901204983425,0.12665257958902193,0.18819417838976246,1.0,False,False,2000,1.4913882558250495,0.0,8.492260757340924
328,2023-02-26 00:00:00,0.0,0.03194901116443313,0.04442760628867759,0.1262465972285558,0.17814309135355808,1.0,False,False,2000,1.4954229433085926,0.0,8.442200100878336
329,2023-02-26 06:00:00,0.0,0.031474571922251254,0.04356434252306299,0.12385836197911831,0.1678266761491796,1.0,False,False,2000,1.4273171610144222,0.0,8.677704252577595
330,2023-02-26 12:00:00,0.0,0.03265691560551536,0.04482078689225244,0.12657875833822568,0.17420522994062093,1.0,False,False,2000,1.4121784181192447,0.0,8.963368701442464
331,2023-02-26 18:00:00,0.0,0.033059877873384214,0.04616707046923889,0.12863320569050654,0.18627016516261138,1.0,False,False,2000,1.3907672950490437,0.0,9.249081866421834
332,2023-02-27 00:00:00,0.0,0.03165179523080202,0.04320842277467551,0.1166574829037815,0.17974886422701788,1.0,False,False,2000,1.3944344952385481,0.0,8.365934958014986
333,2023-02-27 06:00:00,0.0,0.029228516746710533,0.04150228867793069,0.11759289779731422,0.1648600582020342,1.0,False,False,2000,1.3958885196034174,0.0,8.424232748237177
334,2023-02-27 12:00:00,0.0,0.0304044406127133,0.04346870373508529,0.1218531745835329,0.17547996956791043,1.0,False,False,2000,1.408324761378397,0.0,8.652349083479097
335,2023-02-27 18:00:00,0.0,0.0316430908329401,0.04387721047076367,0.12191886973602917,0.17538981570047904,1.0,False,False,2000,1.4396461144023514,0.0,8.468669384534271
336,2023-02-28 00:00:00,0.0,0.033763860870824274,0.04620336117592662,0.13115726457100105,0.1833161686337633,1.0,False,False,2000,1.4417833393634758,0.0,9.096877525919037
337,2023-02-28 06:00:00,0.0,0.03139509659742321,0.04418752530630882,0.1197027401274594,0.17640381288292728,1.0,False,False,2000,1.441172034246155,0.0,8.30592998497041
338,2023-02-28 12:00:00,0.0,0.03194205510655888,0.04293535182439373,0.11937470865827643,0.16607774125539598,1.0,False,False,2000,1.4182887574295029,0.0,8.41681272822259
339,2023-02-28 18:00:00,0.0,0.03288906894553162,0.04478882912422891,0.12484960001111839,0.17532955499324804,1.0,False,False,2000,1.379182350074381,0.0,9.052436032435095
340,2023-03-01 00:00:00,0.0,0.033156338003466714,0.045380947806011436,0.1308057107135978,0.17952717701871085,1.0,False,False,2000,1.3945165638429857,0.0,9.380004089239758
341,2023-03-01 06:00:00,0.0,0.031768452854119056,0.043582212557938975,0.12237820444794191,0.17860004664307538,1.0,False,False,2000,1.4133890789144328,0.0,8.658493706625757
342,2023-03-01 12:00:00,0.0,0.0330957145668494,0.044311983562842376,0.126170601973312,0.17871609867500549,1.0,False,False,2000,1.4416335562195408,0.0,8.751919059388069
343,2023-03-01 18:00:00,0.0,0.031979534682841176,0.04368535938241439,0.1224357135317501,0.17226771606329175,1.0,False,False,2000,1.4193116914036303,0.0,8.626414780721431
344,2023-03-02 00:00:00,0.0,0.03186727722258896,0.04381770734455502,0.12277492277976249,0.17188678001169214,1.0,False,False,2000,1.4191860023328031,0.0,8.65108044878894
345,2023-03-02 06:00:00,0.0,0.033418096797945565,0.04534595181211942,0.12319512000954869,0.18529368584041264,1.0,False,False,2000,1.4193469064508148,0.0,8.679704690209068
346,2023-03-02 12:00:00,0.0,0.031966183994052134,0.0439194622358959,0.1277688033209807,0.1755086116904468,1.0,False,False,2000,1.4160589048304055,0.0,9.022845228058006
347,2023-03-02 18:00:00,0.0,0.032325616188960876,0.04428518579719919,0.12173236181922763,0.1731785163813194,1.0,False,False,2000,1.4150411713427904,0.0,8.60274345966279
348,2023-03-03 00:00:00,0.0,0.03510267792395166,0.04571345753717125,0.12823871479305607,0.1796705343212948,1.0,False,False,2000,1.4074630666583523,0.0,9.111337826968695
349,2023-03-03 06:00:00,0.0,0.033722308893336654,0.0444793926688166,0.1254712641703505,0.17713556248073178,1.0,False,False,2000,1.4164229078436728,0.0,8.85831932507819
350,2023-03-03 12:00:00,0.0,0.03491728769731295,0.046956703288286904,0.13407063228713648,0.18357612978292007,1.0,False,False,2000,1.4450018739920756,0.0,9.278232416179671
351,2023-03-03 18:00:00,0.0,0.035172023784602616,0.04583566386781213,0.13529664406718275,0.17867013213599295,1.0,False,False,2000,1.4250697034549669,0.0,9.494036940029455
352,2023-03-04 00:00:00,0.0,0.033657474503105085,0.04515855771547575,0.12760801589178145,0.17379982813348974,1.0,False,False,2000,1.4270501992633584,0.0,8.94208318373471
353,2023-03-04 06:00:00,0.0,0.032494043831605625,0.04453023394643686,0.1253014767911675,0.1833828099241762,1.0,False,False,2000,1.4280653535058638,0.0,8.774211662201283
354,2023-03-04 12:00:00,0.0,0.03755621774957147,0.04758039590922071,0.13675145107621067,0.17756021001092365,1.0,False,False,2000,1.4292237862530857,0.0,9.568232238474293
355,2023-03-04 18:00:00,0.0,0.03498985597370147,0.046270420388629066,0.12781759241226473,0.185051869550481,1.0,False,False,2000,1.3871967814972987,0.0,9.214092341989307
356,2023-03-05 00:00:00,0.0,0.036532316841631926,0.04671808828378235,0.1324399726356665,0.1827484264339745,1.0,False,False,2000,1.3578345072148381,0.0,9.753763947811624
357,2023-03-05 06:00:00,0.0,0.0375252206432074,0.04713029224953824,0.1327988280891401,0.18159404366135135,1.0,False,False,2000,1.363319341062445,0.0,9.740845309628556
358,2023-03-05 12:00:00,0.0,0.035283782006009845,0.04671658734622401,0.13221761178441893,0.1810185291547748,1.0,False,False,2000,1.3767302826515386,0.0,9.603741084983765
359,2023-03-05 18:00:00,0.0,0.03529706773178992,0.04683666645239825,0.13544334245889264,0.18552550310626212,1.0,False,False,2000,1.298318705795405,0.0,10.432210662474766
360,2023-03-06 00:00:00,0.0,0.03408527588057153,0.04483697941390443,0.12188713759359192,0.17344235356400137,1.0,False,False,2000,1.2961332960937242,0.0,9.4039045182262
361,2023-03-06 06:00:00,0.0,0.03204041270628926,0.04435157333068217,0.12453573302786812,0.17619006767131454,1.0,False,False,2000,1.312661656373535,0.0,9.487268286019765
362,2023-03-06 12:00:00,0.0,0.033354187538962535,0.04532066935298788,0.12805248203069675,0.17252455717586565,1.0,False,False,2000,1.3233529789014822,0.0,9.676366326465171
363,2023-03-06 18:00:00,0.0,0.030198302693051137,0.04421750366243444,0.12257787983872755,0.17991383318910428,1.0,False,False,2000,1.3022401393916698,0.0,9.41284761011811
364,2023-03-07 00:00:00,0.0,0.03143133465768219,0.04462066012481785,0.12251792626816146,0.17554632476471604,1.0,False,False,2000,1.2883537434062418,0.0,9.50964957374516
365,2023-03-07 06:00:00,0.0,0.029528673329157998,0.041438956304248126,0.11852795764569055,0.16708287650791412,1.0,False,False,2000,1.2980645337666732,0.0,9.131129813842978
366,2023-03-07 12:00:00,0.0,0.03228172899282244,0.04537593156019905,0.12583150413211874,0.18419515163334407,1.0,False,False,2000,1.3084265555762822,0.0,9.61700934575557
367,2023-03-07 18:00:00,0.0,0.034886907643922625,0.04702622933114549,0.13416255996197374,0.1828160775943106,1.0,False,False,2000,1.3487585275157965,0.0,9.947114863405558
368,2023-03-08 00:00:00,0.0,0.03852329862852023,0.049557321450393835,0.13735040331417167,0.2018079120087384,1.0,False,False,2000,1.410764467158928,0.0,9.735884799450272
369,2023-03-08 06:00:00,0.0,0.03736418247758661,0.048065728087715795,0.13679301176911882,0.18341733055821888,1.0,False,False,2000,1.4159614778938556,0.0,9.660786250526316
370,2023-03-08 12:00:00,0.0,0.03763453449050961,0.047938723248169814,0.13891622639396742,0.19044454800478683,1.0,False,False,2000,1.4076403014166678,0.0,9.868730403225902
371,2023-03-08 18:00:00,0.0,0.035923475992148984,0.046847985497190034,0.13392583473282352,0.1836505980108034,1.0,False,False,2000,1.4102620438334421,0.0,9.496521254218816
372,2023-03-09 00:00:00,0.0,0.03780588230588941,0.048050319180105286,0.13322311922862917,0.1974541455309744,1.0,False,False,2000,1.405063616419652,0.0,9.48164322752197
373,2023-03-09 06:00:00,0.0020018982073927638,0.03896158154529782,0.04801476804122833,0.1312736988820447,0.19411230101199306,0.602,False,False,2000,1.3824322735494112,0.14480985764697654,9.495850277351956
374,2023-03-09 12:00:00,0.0,0.03844795158707883,0.048728688388600776,0.1401548036396449,0.18032027561874456,1.0,False,False,2000,1.3975597579627952,0.0,10.028537444720556
375,2023-03-09 18:00:00,0.0,0.036521516880002027,0.047729009463964536,0.12973617897563877,0.1933896228918492,1.0,False,False,2000,1.4286092293675945,0.0,9.081292232241097
376,2023-03-10 00:00:00,0.01865440191854865,0.03618136772495858,0.04762294455064051,0.1357523572038049,0.18752092529149253,0.478,False,False,2000,1.4309331450943308,1.303652933227632,9.486981112234686
377,2023-03-10 06:00:00,0.0,0.036573523147636025,0.04734333103727062,0.1347307973044775,0.17955262865423302,1.0,False,False,2000,1.485819178894005,0.0,9.067778853464976
378,2023-03-10 12:00:00,0.010927586437208451,0.03610044232889766,0.0460757739569356,0.12804642968281713,0.1850650853549701,0.5225,False,False,2000,1.4933454343839392,0.7317520906819853,8.574468219782053
379,2023-03-10 18:00:00,0.01152475580899452,0.035039046114342526,0.04578682018003964,0.1313263131785681,0.17422435894730384,0.5075,False,False,2000,1.5322423744403524,0.7521496599520626,8.570857676908636
380,2023-03-11 00:00:00,0.0,0.03697738387392748,0.046341426636646504,0.13120488821698123,0.18584351998797496,1.0,False,False,2000,1.5425424556751195,0.0,8.50575539974731
381,2023-03-11 06:00:00,0.0,0.036393203389898786,0.047316239573418566,0.13233674058506786,0.1923131352839003,1.0,False,False,2000,1.5728023994889906,0.0,8.414072907573422
382,2023-03-11 12:00:00,0.0,0.03722931717162794,0.046681810056802234,0.1315270369097708,0.18081029510422186,1.0,False,False,2000,1.5974129293432924,0.0,8.233753120042824
383,2023-03-11 18:00:00,0.0015020679091505673,0.03784849903910557,0.046901012177775356,0.13057623891879158,0.18216008377174472,0.591,False,False,2000,1.6052967184235087,0.09356948730485676,8.134087450638082
384,2023-03-12 00:00:00,0.0,0.0377721126627265,0.04835745985928619,0.13643875976448383,0.1988479477118097,1.0,False,False,2000,1.5788330522383776,0.0,8.641747116393903
385,2023-03-12 06:00:00,0.002307915798823194,0.03631515624856273,0.0471591609384377,0.13389853406836977,0.19125496065916495,0.5815,False,False,2000,1.5972885428716233,0.14448959827095467,8.382864490322174
386,2023-03-12 12:00:00,0.0,0.036798412670780975,0.047052422225788496,0.13305400365135098,0.18713395153931559,1.0,False,False,2000,1.5994095862708109,0.0,8.318944990293584
387,2023-03-12 18:00:00,0.0,0.03745307145737456,0.046581668275480714,0.13240902185806272,0.1845876557111459,1.0,False,False,2000,1.5842607462838356,0.0,8.357779624891391
388,2023-03-13 00:00:00,0.0,0.0368472057125689,0.04710884544556723,0.13206493644755304,0.1803728299493812,1.0,False,False,2000,1.6119071454641918,0.0,8.193085862245583
389,2023-03-13 06:00:00,0.0037409653641522753,0.037248745991016005,0.04684196392350657,0.1332782006599082,0.18109954812766021,0.5835,False,False,2000,1.582498003580332,0.23639621381439385,8.422013826138935
390,2023-03-13 12:00:00,0.0,0.03717750187290763,0.048713437306268016,0.1411389408720035,0.19102687959856485,1.0,False,False,2000,1.5665489384909272,0.0,9.009545594404736
391,2023-03-13 18:00:00,0.0,0.038679842547818255,0.04981940907308972,0.14365844070397749,0.1898409038547383,1.0,False,False,2000,1.581977753174528,0.0,9.08093937577191
392,2023-03-14 00:00:00,0.0,0.040551990969674594,0.04948898281698258,0.14315429918056297,0.19152920934321052,1.0,False,False,2000,1.59439193675235,0.0,8.978614096114718
393,2023-03-14 06:00:00,0.0,0.039680717721071984,0.05077766889491682,0.14250068371862878,0.21476899551886705,1.0,False,False,2000,1.5997868725569917,0.0,8.907479250086938
394,2023-03-14 12:00:00,0.014258006130813955,0.04135928217967546,0.05250512704594179,0.1458446190663231,0.21642381362933716,0.526,False,False,2000,1.6015637061618873,0.8902553220928663,9.106388868903414
395,2023-03-14 18:00:00,0.008973976413193568,0.0399454415350787,0.05111431358438527,0.14368969561622463,0.20569710315685816,0.5495,False,False,2000,1.5616905037067732,0.5746321945285097,9.200907303666627
396,2023-03-15 00:00:00,0.024992029780826572,0.04329737893183198,0.05210496152569345,0.1474981174202984,0.20499996962665784,0.4865,False,False,2000,1.531360027538639,1.6320152891150204,9.631838024228221
397,2023-03-15 06:00:00,0.0196747631204901,0.04290597605707897,0.05277440708545758,0.15013438488153746,0.20974527003664703,0.5195,False,False,2000,1.542251866049433,1.2757166033384766,9.734751384423047
398,2023-03-15 12:00:00,0.021751777264670206,0.043457450821075126,0.05312799695157716,0.14861454854669368,0.21021282051252257,0.511,False,False,2000,1.5476429996747534,1.4054777018499405,9.602637596521028
399,2023-03-15 18:00:00,0.0130867128878079,0.042803102112680604,0.05174263733572307,0.1445020214519524,0.1999480655851182,0.558,False,False,2000,1.5337824884228979,0.8532313405966859,9.421285126324246
400,2023-03-16 00:00:00,0.02470669057504831,0.04436542560529328,0.051840679476606075,0.14745185392836807,0.19619025660589295,0.514,False,False,2000,1.4990110329646882,1.6481993815738858,9.836608983240321
401,2023-03-16 06:00:00,0.012971822571064382,0.04028098648588197,0.050058072638179574,0.14435459083165328,0.19517889884818204,0.538,False,False,2000,1.4725453827852661,0.8809115646085318,9.803065665698657
402,2023-03-16 12:00:00,0.0161207693237999,0.04082707261301749,0.04949480224533993,0.14434109842716814,0.18341258310086928,0.528,False,False,2000,1.4903508419835259,1.0816761308595346,9.68504155941314
403,2023-03-16 18:00:00,0.0,0.04126192916257525,0.05032140837942709,0.14378198040820162,0.19681558928070433,1.0,False,False,2000,1.4867986506570101,0.0,9.67057512089246
404,2023-03-17 00:00:00,0.010321074936885565,0.039373114003038896,0.049832419644690124,0.14323102834768045,0.19430231326622097,0.547,False,False,2000,1.5097468914837942,0.6836294875058104,9.487088806449641
405,2023-03-17 06:00:00,0.017731848102059185,0.040106248922146016,0.04960647213577946,0.1443163863619807,0.19624175919583406,0.513,False,False,2000,1.5369196193905175,1.1537264459601957,9.389976192717935
406,2023-03-17 12:00:00,0.014952319050233493,0.04492535449246565,0.05354664862193749,0.15091833840556698,0.20818059516714885,0.5505,False,False,2000,1.529475331284723,0.9776109979932727,9.867327397742281
407,2023-03-17 18:00:00,0.046735440677139806,0.04145251725801155,0.051564933477294045,0.143324009999264,0.19857842419410776,0.3535,False,False,2000,1.5391587394863244,3.0364275937345613,9.311840703779303
408,2023-03-18 00:00:00,0.03578039459691685,0.04293032469393493,0.052615848566230576,0.15175008135728488,0.21084043983050335,0.4295,False,False,2000,1.5618526241406514,2.2908944188382447,9.71603075807357
409,2023-03-18 06:00:00,0.027266191771125242,0.040512251452369946,0.04993305592809175,0.14285513779551298,0.19457270009265426,0.466,False,False,2000,1.5339068649018066,1.7775650135623255,9.313155906936885
410,2023-03-18 12:00:00,0.04620832487952529,0.04538004380745021,0.05321500572551071,0.14970737825844782,0.21198170952570822,0.4,False,False,2000,1.5257205626354702,3.028623065793046,9.812240978115227
411,2023-03-18 18:00:00,0.01802533993138857,0.04288427545753051,0.051721230556397435,0.14576228139658848,0.19764985093231469,0.531,False,False,2000,1.5158529996015842,1.1891218961288605,9.615858624477411
412,2023-03-19 00:00:00,0.03792509055154333,0.04231943122272914,0.05254449469263897,0.14739062642296466,0.2009019488802516,0.4175,False,False,2000,1.4980648236158849,2.531605438808943,9.838734886465549
413,2023-03-19 06:00:00,0.0385306568110326,0.03950223372435465,0.04983721446752363,0.14512511284684915,0.1960235240334731,0.3865,False,False,2000,1.475032296320432,2.6121907233590704,9.838775273522726
414,2023-03-19 12:00:00,0.03634123055131307,0.04087037788517075,0.04935838049390758,0.13897844462957873,0.19743868525167582,0.418,False,False,2000,1.4921857538292065,2.4354361015748336,9.313749596719848
415,2023-03-19 18:00:00,0.039402270320739896,0.04051345488991321,0.05040305199917583,0.14462027572579533,0.2005450727509329,0.4025,False,False,2000,1.4756802064726107,2.6701090214474745,9.800245005080615
416,2023-03-20 00:00:00,0.043437854386922714,0.040758231197019636,0.05043350341829347,0.1450030031556989,0.1943709622148958,0.384,False,False,2000,1.4810113168144787,2.9329859869236925,9.790809935712526
417,2023-03-20 06:00:00,0.05454055062628876,0.04141813706502645,0.05183134647108953,0.14726077602084883,0.20183133144048757,0.324,False,False,2000,1.4900935376326474,3.6602098625928434,9.882653155774776
418,2023-03-20 12:00:00,0.05796135184342488,0.04016725623589341,0.049822884975458934,0.1444516041801108,0.19630820841569924,0.2875,False,False,2000,1.5216979339039831,3.8089919524778795,9.492790977872582
419,2023-03-20 18:00:00,0.03603405101833181,0.04198711760595075,0.050249132244055465,0.14148736916340093,0.2009666879971853,0.437,False,False,2000,1.609453867908064,2.238899277378366,8.791017374564664
420,2023-03-21 00:00:00,0.05210878677928839,0.040831715192220806,0.050117534392306116,0.14647276314600025,0.19896309942252371,0.3345,False,False,2000,1.627423942192948,3.201918407877912,9.000283168295333
421,2023-03-21 06:00:00,0.05921876576330752,0.03824394835853921,0.04887074653985775,0.14100685702582016,0.2054813629553152,0.2755,False,False,2000,1.6251549472993276,3.643884286954724,8.676517722826643
422,2023-03-21 12:00:00,0.04208451932400086,0.04152294238521493,0.05083995844968044,0.13913264108160261,0.21387458675142515,0.3925,False,False,2000,1.5941348517116187,2.639959805082664,8.727783658466299
423,2023-03-21 18:00:00,0.016859942189922764,0.038547247520321105,0.04841069792876763,0.13931714266502376,0.1936159795404754,0.508,False,False,2000,1.5955088180170756,1.0567125671468602,8.731831569453147
424,2023-03-22 00:00:00,0.02537764025619901,0.03704384155756681,0.04899420154814064,0.13935426342683466,0.19843508877345514,0.4355,False,False,2000,1.544765994595911,1.6428145327498256,9.021059753667595
425,2023-03-22 06:00:00,0.0,0.035757844681452794,0.04750610377531848,0.1327128522616734,0.19193049146913252,1.0,False,False,2000,1.5444983349988461,0.0,8.592618668104459
426,2023-03-22 12:00:00,0.0023674146379504676,0.037374914370741565,0.0486416098335053,0.14018173922229452,0.1864070395735621,0.559,False,False,2000,1.5012607416037373,0.1576951006806088,9.337601080045824
427,2023-03-22 18:00:00,0.0,0.03977163810478084,0.04975537660150457,0.1394921479917981,0.195226145178661,1.0,False,False,2000,1.5506715612318693,0.0,8.995595939154525
428,2023-03-23 00:00:00,0.0,0.03807174835572708,0.04989637443323046,0.1387233266698287,0.20018815461680925,1.0,False,False,2000,1.4939618376723067,0.0,9.285600419751617
429,2023-03-23 06:00:00,0.0,0.0405234523526054,0.051412687184495605,0.14467705106248477,0.20262907928530124,1.0,False,False,2000,1.489331290553625,0.0,9.714228928118764
430,2023-03-23 12:00:00,0.0,0.03845688380122419,0.04954007566167442,0.13721655963157522,0.20635764796770603,1.0,False,False,2000,1.484814622562799,0.0,9.2413259908997
431,2023-03-23 18:00:00,0.01331767745011712,0.03939710036998861,0.04881783264691996,0.13774550316040424,0.18373414583084488,0.53,False,False,2000,1.5172887988552062,0.8777285814121414,9.078397155790853
432,2023-03-24 00:00:00,0.012225742657055371,0.03992946098511211,0.050771583236239634,0.14378078725375928,0.20146345909506178,0.533,False,False,2000,1.4960354493538548,0.8172094225665396,9.610787452654208
433,2023-03-24 06:00:00,0.0029081516292542168,0.0391056784646694,0.052088804847728806,0.14589715220587351,0.21854761596165093,0.5585,False,False,2000,1.4895674469768196,0.19523463909986166,9.79459859316756
434,2023-03-24 12:00:00,0.0001688102107567942,0.04128658064873096,0.050918612676505035,0.14274131565555379,0.20521160199165803,0.6155,False,False,2000,1.4575291843554994,0.011581943783269074,9.79337615930292
435,2023-03-24 18:00:00,0.0033980742035335898,0.04137829236242173,0.05082765335734046,0.14621173501678708,0.20337587773105414,0.602,False,False,2000,1.4588459635866866,0.23292892384465044,10.022424482521384
436,2023-03-25 00:00:00,0.0,0.04037059209668087,0.0493050780104419,0.14253117960068215,0.19014273698848136,1.0,False,False,2000,1.462715647906478,0.0,9.744284872092598
437,2023-03-25 06:00:00,0.010483778432984082,0.04164685798937358,0.05318278695569801,0.1500151793351686,0.2101935221768563,0.5475,False,False,2000,1.4653516616140214,0.7154445385100703,10.23748655458809
438,2023-03-25 12:00:00,0.04350845630784132,0.044290129320986596,0.05500917933313165,0.15817186238204806,0.21130062104925768,0.3865,False,False,2000,1.4664141501445815,2.966996486193999,10.78630224390927
439,2023-03-25 18:00:00,0.05851872948009121,0.043305137600775825,0.05429790989647956,0.1521934927009209,0.21166441344407955,0.312,False,False,2000,1.482825971053507,3.946432731989127,10.263746095085697
440,2023-03-26 00:00:00,0.06382479827959957,0.04446324040605522,0.05468144150745639,0.1533511860063136,0.22539016941669648,0.2975,False,False,2000,1.484722247775793,4.298770249803498,10.328611040620107
441,2023-03-26 06:00:00,0.05211557603899256,0.04484979861558004,0.05326569070309295,0.15026432304796472,0.20450304977546208,0.362,False,False,2000,1.5242767094624488,3.419036433179618,9.85807380740974
442,2023-03-26 12:00:00,0.03941079308531222,0.0417498976478458,0.052510787897303186,0.14835156016000306,0.2029748454300093,0.3955,False,False,2000,1.5182927187469937,2.595730888957756,9.770945900500243
443,2023-03-26 18:00:00,0.04265148516622832,0.04241600457156741,0.052904964189409855,0.14941563059639829,0.2046731734417316,0.3805,False,False,2000,1.53402421669892,2.7803658313824027,9.740108987192333
444,2023-03-27 00:00:00,0.04777387962992917,0.042075032069688996,0.05188773134742518,0.1441414662836121,0.20392927031745428,0.353,False,False,2000,1.5273127831120934,3.1279696050591443,9.437586581964277
445,2023-03-27 06:00:00,0.04606221758290342,0.04301573492949575,0.052425344396920086,0.15067974109025997,0.19653323327005426,0.3815,False,False,2000,1.4992338391111661,3.07238379906178,10.050449580273066
446,2023-03-27 12:00:00,0.05137931255794005,0.041290734357466094,0.051868303570494316,0.14568917925423233,0.1942598178461186,0.337,False,False,2000,1.4993740797682014,3.4267174050309803,9.71666652239016
447,2023-03-27 18:00:00,0.03912359416168356,0.044853710346206714,0.05240092006860944,0.15030048525370748,0.206958353821001,0.4365,False,False,2000,1.5151768479451402,2.5821140426440903,9.919666173459733
448,2023-03-28 00:00:00,0.044260510109581604,0.04736305112680151,0.05565547506063902,0.1588550709334472,0.21437331838781828,0.413,False,False,2000,1.5086501072972451,2.933782319405694,10.529616520429439
449,2023-03-28 06:00:00,0.043914521373991586,0.04854079121179859,0.056759964043010744,0.16193602945096824,0.22760474026242147,0.4235,False,False,2000,1.4949349976299018,2.9375539032542886,10.83231242212569
450,2023-03-28 12:00:00,0.061405700442981895,0.04829365461678651,0.055373908780024204,0.15717623599589098,0.22019483624739183,0.3475,False,False,2000,1.4635204458893554,4.195752824325371,10.739599602954488
451,2023-03-28 18:00:00,0.06500654051075222,0.044945594218818316,0.053207499987063665,0.14905964192367258,0.2071977427203159,0.302,False,False,2000,1.4385907182467876,4.518765461657905,10.361504494157431
452,2023-03-29 00:00:00,0.08667600166716412,0.047099957226060404,0.05586079506258917,0.15886302013527628,0.21302731777927444,0.223,False,False,2000,1.4691744406778457,5.899639911185337,10.813080852535133
453,2023-03-29 06:00:00,0.08169046441383183,0.043556530161679576,0.0533303259877016,0.1458217658341738,0.20526926916261037,0.224,False,False,2000,1.443149960964302,5.660566581677131,10.10440839680561
454,2023-03-29 12:00:00,0.09294435951736878,0.04379870392305413,0.05242446239915364,0.15287924469294448,0.20454332525362304,0.167,False,False,2000,1.4613732547105165,6.36006983279437,10.461341358216409
455,2023-03-29 18:00:00,0.07893413421321167,0.04525310843479528,0.053650932584279706,0.1545714141922736,0.20470934609464178,0.2435,False,False,2000,1.460795481352367,5.403503448691974,10.581317930226302
456,2023-03-30 00:00:00,0.06655245328704112,0.04330079414230813,0.05259055610181474,0.14598319489870198,0.207838538201602,0.2765,False,False,2000,1.469469416439183,4.529012481818843,9.934415324712802
457,2023-03-30 06:00:00,0.07569963597562528,0.04271670398248686,0.051481322254833844,0.1451397402482741,0.19883575968515801,0.243,False,False,2000,1.5126706332984488,5.004370039931211,9.594933427893034
458,2023-03-30 12:00:00,0.08043232947404948,0.04053971845690741,0.050587563377361235,0.14028513125388573,0.19531835776641507,0.2065,False,False,2000,1.5352906285896029,5.238899266123885,9.137366479124468
459,2023-03-30 18:00:00,0.08260881277847161,0.04427893582886125,0.05212525964011678,0.15125554784346282,0.19165055402059245,0.2165,False,False,2000,1.535712410602851,5.379185074505137,9.84921049013902
460,2023-03-31 00:00:00,0.09388726669331017,0.04747802514495095,0.054650836357932275,0.153655196135188,0.22187370596012246,0.1975,False,False,2000,1.539250902732795,6.099542740343512,9.982465877550416
461,2023-03-31 06:00:00,0.10625007757902069,0.04799452976398678,0.05587850128356652,0.16113557147440796,0.21004796282909494,0.158,False,False,2000,1.546349810278406,6.871024710760068,10.420382917458825
462,2023-03-31 12:00:00,0.11699116972524962,0.04572254021285158,0.05492701857029379,0.15823518374024542,0.22600362240768165,0.1185,False,False,2000,1.498424167883409,7.807613640569136,10.560106219039412
463,2023-03-31 18:00:00,0.038578999396835734,0.04757661567278455,0.0555424814236233,0.15998043335897796,0.21954401450695746,0.445,False,False,2000,1.4874640368435499,2.5936088833920117,10.755247145232632
464,2023-04-01 00:00:00,0.028106224908951663,0.045200326310081654,0.052362091555478836,0.14828241991612873,0.2035947829332629,0.4965,False,False,2000,1.4606571363089043,1.924217820204979,10.15176089104935
465,2023-04-01 06:00:00,0.05346794934765359,0.04462617636357382,0.05283140625385905,0.14725200591230242,0.21099181623320928,0.3535,False,False,2000,1.4293275926963815,3.740776405693532,10.30218731274306
466,2023-04-01 12:00:00,0.059520588713792164,0.04080633485179287,0.049422443461921435,0.13980801869806764,0.18999268632909663,0.301,False,False,2000,1.3881020580358874,4.287911567396678,10.07188325157379
467,2023-04-01 18:00:00,0.05021594611020121,0.04083876935614812,0.05120140416207008,0.14154673564655906,0.20378534810459664,0.342,False,False,2000,1.4072935437176304,3.5682638021308866,10.05808178957723
468,2023-04-02 00:00:00,0.05869460034871228,0.04065208385138899,0.05105365331301554,0.14538855332664427,0.2055258584995701,0.297,False,False,2000,1.4692201230594195,3.9949493903262105,9.895627690144586
469,2023-04-02 06:00:00,0.0752707422496415,0.0390192949855076,0.04921718393341501,0.13712631375101336,0.18886274771419856,0.217,False,False,2000,1.4545847304799449,5.174723800710165,9.42717951574867
470,2023-04-02 12:00:00,0.08289779066631213,0.04503909477447577,0.052605127347933996,0.14978659908729897,0.20582875146715437,0.2125,False,False,2000,1.4764245703440733,5.614766397919889,10.14522530279972
471,2023-04-02 18:00:00,0.09379186270662777,0.0429081838838309,0.052312514152301495,0.14514789321997684,0.21069909760700864,0.1655,False,False,2000,1.4536342136930591,6.452232743500375,9.985173151037667
472,2023-04-03 00:00:00,0.1117454553168928,0.04249356926823117,0.051138318402961604,0.14696089929880043,0.2001540066357655,0.1205,False,False,2000,1.439613822239444,7.76218271807526,10.208355673481243
473,2023-04-03 06:00:00,0.11581456388590337,0.04313291840467587,0.05220815240984049,0.14905405470206912,0.19806664587532347,0.1145,False,False,2000,1.4426459458900973,8.02792703336833,10.33199137506357
474,2023-04-03 12:00:00,0.13064315764735762,0.040830155085389674,0.049882364258067864,0.1412397518286618,0.19041964809992165,0.069,False,False,2000,1.441324599033467,9.064103792786522,9.799302108863978
475,2023-04-03 18:00:00,0.12758403190998263,0.040752681811901705,0.051855566767543985,0.14634449105763275,0.20367329471520298,0.0775,False,False,2000,1.4409296746971694,8.854285823268656,10.1562549253758
476,2023-04-04 00:00:00,0.1265436663977673,0.0419292534549638,0.052139905094670314,0.14665229116032144,0.20683883504657632,0.082,False,False,2000,1.464211088021757,8.642446941768204,10.015788868151388
477,2023-04-04 06:00:00,0.11519586645812223,0.038390289380113934,0.0493355650309891,0.14308929995459532,0.18564329510765715,0.09,False,False,2000,1.4247328994899384,8.085435978867544,10.043236876597854
478,2023-04-04 12:00:00,0.11245700820316085,0.0370870287738623,0.047886956021880575,0.13665935928865736,0.18995932339160046,0.089,False,False,2000,1.4318389693895819,7.854026228319742,9.544324621009418
479,2023-04-04 18:00:00,0.09234743645346195,0.03584611306533748,0.047707661363996165,0.13416113880952782,0.19215770694725323,0.141,False,False,2000,1.4081640767394465,6.558002577887737,9.52737972979492
480,2023-04-05 00:00:00,0.10322059686561275,0.03698019408456142,0.04818020394735039,0.13661042173680582,0.18437753669712784,0.1105,False,False,2000,1.4250604389076442,7.243243447606666,9.586289676353813
481,2023-04-05 06:00:00,0.10535230995781791,0.03707391022653728,0.04764727599064152,0.13827144702565647,0.18388957126177538,0.1045,False,False,2000,1.4212109731334082,7.412855089736811,9.729128865421236
482,2023-04-05 12:00:00,0.10758687640541024,0.03775983887604819,0.04743879206702376,0.13563725443655283,0.1876437004267894,0.096,False,False,2000,1.3859854531255968,7.762482366808854,9.786340407157326
483,2023-04-05 18:00:00,0.09873110527006011,0.037424307427711447,0.0480407872889449,0.13598264291359594,0.19454083811372172,0.1165,False,False,2000,1.4073362482784837,7.015459552813508,9.66241316387153
484,2023-04-06 00:00:00,0.08773262567587199,0.03608613839642584,0.047972670025332266,0.13803954786444253,0.18830943621857624,0.159,False,False,2000,1.3966411208840201,6.28168713952376,9.883680624917359
485,2023-04-06 06:00:00,0.11338938327815495,0.03805392684995292,0.04944038896596818,0.14018135221789618,0.19838476154535353,0.097,False,False,2000,1.4152892669042358,8.011746144742531,9.904784519741675
486,2023-04-06 12:00:00,0.11347968156520506,0.03774340924594573,0.04924024562497586,0.13837424886823294,0.19640734809614316,0.0855,False,False,2000,1.4242415349668682,7.967727297592463,9.715644816625286
487,2023-04-06 18:00:00,0.1097907862265496,0.03904498074672951,0.05000507667729038,0.1450201769851332,0.19925049261483002,0.1095,False,False,2000,1.4113565189029225,7.779096546908808,10.275233439801623
488,2023-04-07 00:00:00,0.09544787165196086,0.03670847240788205,0.048419854019229276,0.1352426455988529,0.19887898653074507,0.127,False,False,2000,1.429549726524248,6.676778700383451,9.460506555982256
489,2023-04-07 06:00:00,0.09650072426543106,0.037071803177800386,0.04795208436432206,0.13650426737691085,0.19435577717232408,0.1305,False,False,2000,1.4289063898789351,6.753467193439253,9.553058782841347
490,2023-04-07 12:00:00,0.0885533100425386,0.037512163500469035,0.04779328159443431,0.13364597029822728,0.18962801989648398,0.1575,False,False,2000,1.455091480344549,6.085755517005033,9.184712583608933
491,2023-04-07 18:00:00,0.07941940395903523,0.0389195103780282,0.049825392952357515,0.1431766207142329,0.18892003550353853,0.2,False,False,2000,1.4537060596553308,5.463236768639825,9.84907641839091
492,2023-04-08 00:00:00,0.07236898758938501,0.03561295193534377,0.04782961568495384,0.13613440828433518,0.1863742579974671,0.2065,False,False,2000,1.472942976595206,4.913223983502074,9.242340704798895
493,2023-04-08 06:00:00,0.06236837614878139,0.035175070013476355,0.047543841367430825,0.13526017190518871,0.18342096497980123,0.231,False,False,2000,1.429820824104196,4.3619714510631855,9.459938589853117
494,2023-04-08 12:00:00,0.06953799940516155,0.03400532549736387,0.045889140012228644,0.13029864627620283,0.1816032811871283,0.2025,False,False,2000,1.4365914436094986,4.840485422246724,9.0699862411001
495,2023-04-08 18:00:00,0.07936410027515682,0.03432111233637709,0.045251409414049,0.12787805809483752,0.17650225558646027,0.162,False,False,2000,1.4836063748295165,5.349404102168047,8.619406081315347
496,2023-04-09 00:00:00,0.08950891346977076,0.03671931075630903,0.04767653615273603,0.13940881810928177,0.19191431672030934,0.1475,False,False,2000,1.47934744055753,6.050567366110901,9.423669807867581
497,2023-04-09 06:00:00,0.10635430673395904,0.03700230259668054,0.047517817440792,0.1355800227042366,0.1890842779244783,0.0965,False,False,2000,1.5206629054293777,6.993943651431979,8.915849937560878
498,2023-04-09 12:00:00,0.11888663779520142,0.03516422133744459,0.04482091535296034,0.12467941784486236,0.16650593541913603,0.059,False,False,2000,1.539689609325351,7.721467825407631,8.0976982042175
499,2023-04-09 18:00:00,0.10830521910789262,0.037156046878290085,0.046483420909945755,0.13079563827061239,0.1860292427550028,0.0895,False,False,2000,1.5488183319673055,6.992764540068659,8.444866358501585
500,2023-04-10 00:00:00,0.12255225698380132,0.03741222380723454,0.04682426528788656,0.1312764578762536,0.1839240875339568,0.0655,False,False,2000,1.5874986993957472,7.719833536269896,8.2693899482388
501,2023-04-10 06:00:00,0.1298627028166825,0.037224592872204636,0.046693948572058906,0.13194205453174196,0.17675340046475596,0.0535,False,False,2000,1.6027486562016147,8.102499560002544,8.232236166363977
502,2023-04-10 12:00:00,0.1335083558596247,0.038073869299304355,0.04721551096912277,0.1299291376280608,0.19301596807539814,0.0455,True,False,2000,1.5975628481933186,8.35700179248717,8.132959387168865
503,2023-04-10 18:00:00,0.147633548310625,0.0364012847987114,0.046704176712412726,0.13284411963490125,0.18395592946424216,0.0305,True,False,2000,1.5847336098548017,9.315985184674139,8.38274135216157
504,2023-04-11 00:00:00,0.16396847019075322,0.03464442151937249,0.04516566782724698,0.1285326708792451,0.18004546262104082,0.016,True,False,2000,1.5724544858790814,10.427549519761557,8.174015339298602
505,2023-04-11 06:00:00,0.15702763210804768,0.03261231880609552,0.042882039121434526,0.12254623287430497,0.16668688116475192,0.0165,True,False,2000,1.5917723209242551,9.864955562041079,7.698728722908629
506,2023-04-11 12:00:00,0.16900248618900082,0.031212663090839678,0.043105859531610544,0.11866114548472778,0.17289706525707368,0.011,True,False,2000,1.5942397248278164,10.600820162554518,7.443118098035326
507,2023-04-11 18:00:00,0.15145910440211363,0.02924275495530501,0.04122832012136463,0.11580913115519718,0.16388111509486988,0.0155,True,False,2000,1.6258730675802209,9.315555280556403,7.122888832124845
508,2023-04-12 00:00:00,0.15393840379177434,0.02813619579242443,0.04116719280571502,0.11575786898829074,0.164529568845652,0.017,True,False,2000,1.6126404199505808,9.545736413855469,7.178157483603079
509,2023-04-12 06:00:00,0.13639412578107915,0.02775993006172552,0.04131730351319043,0.11865282741723844,0.17392016587179948,0.029,True,False,2000,1.5987347734941688,8.531379190744588,7.421670522491529
510,2023-04-12 12:00:00,0.1280385610991963,0.025103657743003393,0.03746422677356887,0.10633003721229677,0.14896635658734628,0.0255,True,False,2000,1.6044714082699376,7.980108616410757,6.627107012579916
511,2023-04-12 18:00:00,0.14059182667301692,0.02574672088222976,0.04014295156756976,0.11220503444709781,0.16202358462544827,0.018,True,False,2000,1.5900083293443907,8.84220692925472,7.056883437419689
512,2023-04-13 00:00:00,0.1647295515691807,0.023447959961242215,0.03696548514844535,0.10430891848083411,0.1496650935715195,0.0045,True,True,2000,1.567645720499168,10.50808543123683,6.65385789128555
513,2023-04-13 06:00:00,0.14808761754189925,0.023975244337896873,0.038424524176022386,0.10355670456446368,0.15994796940192257,0.015,True,False,2000,1.5509773032713132,9.548019640877634,6.676867826888403
514,2023-04-13 12:00:00,0.14189246864841715,0.023116650037566844,0.03700011199806055,0.10016253906323241,0.15255994527924582,0.0155,True,False,2000,1.5419850785990514,9.201935259797166,6.495687957903824
515,2023-04-13 18:00:00,0.1369645829046162,0.022488772814749806,0.036984783968005676,0.10327989189852828,0.15122601792358584,0.0195,True,False,2000,1.581141823920983,8.662384413117703,6.531981529804227
516,2023-04-14 00:00:00,0.1423070285709393,0.021739851979834263,0.03558240780540113,0.10305641506076682,0.14497801973625193,0.0105,True,False,2000,1.5447696998120954,9.212184093735747,6.671312563503966
517,2023-04-14 06:00:00,0.12868263839278143,0.022005658214923514,0.036152147232887406,0.10348471944526265,0.14947963041680362,0.0235,True,False,2000,1.5455757602332545,8.325870636930858,6.695544929460138
518,2023-04-14 12:00:00,0.12288877119062568,0.019403420599955205,0.03496023295707396,0.09750013538939623,0.15225798028766843,0.026,True,False,2000,1.5302225956634035,8.030777452828634,6.371630876821984
519,2023-04-14 18:00:00,0.12737388947931394,0.02058088672983662,0.034539795664112645,0.09865070144751743,0.14114219564318428,0.018,True,False,2000,1.5426197240235289,8.256985665079645,6.39501102645131
520,2023-04-15 00:00:00,0.1366979654036458,0.02033902376069499,0.034474542872699084,0.09527003677640068,0.14173432368008035,0.0115,True,False,2000,1.5918284593164125,8.587480931352912,5.984943680257671
521,2023-04-15 06:00:00,0.1146050936776776,0.020250163163237914,0.03443606560222993,0.09429823501076534,0.14731048558645077,0.0265,True,False,2000,1.564083063615381,7.327302260582484,6.028978716309016
522,2023-04-15 12:00:00,0.11616313247358961,0.0183149788616575,0.03303953148541928,0.09042462397223791,0.1389551087304892,0.0225,True,False,2000,1.5556431022507755,7.467209690032341,5.812684403087536
523,2023-04-15 18:00:00,0.11992208074988553,0.0194565914299306,0.0348663227704311,0.09666157089530096,0.155015608072565,0.0235,True,False,2000,1.541908278576628,7.777510661048427,6.268957255001675
524,2023-04-16 00:00:00,0.09217804243096149,0.019210384275918875,0.03425267014538541,0.0946237695909517,0.1409030500397036,0.056,False,False,2000,1.4314732993534907,6.439382590830908,6.610236434985374
525,2023-04-16 06:00:00,0.0877954774341708,0.01896573020478881,0.033593480176570684,0.09440071919106459,0.1416007008078671,0.0595,False,False,2000,1.437056671169362,6.109395627573257,6.569032459537509
526,2023-04-16 12:00:00,0.0876300921820645,0.020149422897846356,0.03552088723225089,0.10159341589914316,0.15455620247005392,0.073,False,False,2000,1.4420328120198214,6.076844538601247,7.045152860068674
527,2023-04-16 18:00:00,0.08412000273255564,0.018304737558898526,0.032422476039087565,0.09265704302137734,0.13394988003994218,0.06,False,False,2000,1.4322815541415745,5.8731471119847125,6.4691919513625615
528,2023-04-17 00:00:00,0.06350567444351378,0.019614704567279376,0.03439226835044135,0.09535128459584903,0.15046802749331079,0.1175,False,False,2000,1.455929866482992,4.361863569494654,6.549167428386078
529,2023-04-17 06:00:00,0.04605975947601792,0.01837747999126672,0.033701876683107375,0.09036333712688323,0.15872819740766672,0.168,False,False,2000,1.4773622447543635,3.1177024889840834,6.116532180765704
530,2023-04-17 12:00:00,0.05112210497966831,0.018107732622118417,0.0330593741942828,0.08874583302120799,0.14383308697488262,0.15,False,False,2000,1.4578748743796297,3.5066181520840276,6.087342239091133
531,2023-04-17 18:00:00,0.04670449808535234,0.017299639844342404,0.032151775742403396,0.08860890898501256,0.13145141500304722,0.1515,False,False,2000,1.4609579732337463,3.196840630670205,6.06512374814464
532,2023-04-18 00:00:00,0.031276373374137585,0.01668923276339753,0.03157093162117347,0.08539094617738023,0.14345343809987832,0.2075,False,False,2000,1.4845059613820688,2.1068540098700184,5.752145723812494
533,2023-04-18 06:00:00,0.03139146056560001,0.018743744539541383,0.03368554042749795,0.09450773877154447,0.14476703361086335,0.2315,False,False,2000,1.4943147879750134,2.100726086512162,6.324486616345039
534,2023-04-18 12:00:00,0.0364156811260709,0.017933731959626775,0.03248415167492891,0.08885031589243052,0.1439501485768801,0.1975,False,False,2000,1.5024253045782516,2.4237931173751903,5.913792560713815
535,2023-04-18 18:00:00,0.02953467332244287,0.018029685334929855,0.03283292988982686,0.08937501859056327,0.1399655266647382,0.221,False,False,2000,1.50232973708374,1.965924829510088,5.949094688364109
536,2023-04-19 00:00:00,0.0291464964003704,0.018049905843011388,0.03341097442915565,0.0926868317802877,0.14534027790737883,0.2275,False,False,2000,1.4258862463723625,2.0440968888312674,6.500296360673574
537,2023-04-19 06:00:00,0.022991512937559636,0.019298088973004245,0.03516125997679954,0.09743491327171064,0.14828462103185913,0.2675,False,False,2000,1.4220757397483124,1.6167572721287555,6.851598023109181
538,2023-04-19 12:00:00,0.02793623448485138,0.01838133025034186,0.03491204522388086,0.0940797385048926,0.15397168862320468,0.2305,False,False,2000,1.4035371476189349,1.9904164654454988,6.703045848447722
539,2023-04-19 18:00:00,0.028197320788448242,0.017883858278656028,0.032557332752501514,0.0932853490269272,0.13390343443456074,0.2355,False,False,2000,1.3492775322506432,2.089808813566628,6.913725812311119
540,2023-04-20 00:00:00,0.0285128299003822,0.017914999897316868,0.03175683323073002,0.08961952985822377,0.13409928422568335,0.242,False,False,2000,1.3646127599355473,2.0894447668603733,6.567396443109372
541,2023-04-20 06:00:00,0.008044948230053535,0.0162766664620049,0.031342572622865494,0.08453888135691191,0.13595180671911106,0.3185,False,False,2000,1.3537526869733743,0.5942701578705538,6.244780318472944
542,2023-04-20 12:00:00,0.0,0.018320752815035677,0.0331959507152195,0.09103899155379584,0.13531302940440412,1.0,False,False,2000,1.3546876557844605,0.0,6.720293874758738
543,2023-04-20 18:00:00,0.0,0.018038389392765815,0.033426826535944955,0.09322290233878518,0.14327056851617834,1.0,False,False,2000,1.337501026030193,0.0,6.969931276649409
544,2023-04-21 00:00:00,0.0,0.01806708125967176,0.03272083924150496,0.09214423726330363,0.13446225674137882,1.0,False,False,2000,1.2849388420179721,0.0,7.171099063251357
545,2023-04-21 06:00:00,0.0,0.01918435038152196,0.03370131857736238,0.09473606458379977,0.14533827920524778,1.0,False,False,2000,1.1146622992214696,0.0,8.49908215698761
546,2023-04-21 12:00:00,0.0,0.020265736954606126,0.035462831632468717,0.09653329431098236,0.15152389733766455,1.0,False,False,2000,1.0722723185863023,0.0,9.002684545494292
547,2023-04-21 18:00:00,0.0,0.020295922493800994,0.03642060449816512,0.10232251655711286,0.15613845905469403,1.0,False,False,2000,1.0194578080769128,0.0,10.036954520965633
548,2023-04-22 00:00:00,0.0,0.02053780691480837,0.03523637320358532,0.0972269944875636,0.14762549396882868,1.0,False,False,2000,0.9865408926935543,0.0,9.855343575480644
549,2023-04-22 06:00:00,0.0,0.01849716655349066,0.03486016433414198,0.09316931890292272,0.15769625850891117,1.0,False,False,2000,0.9615434787785846,0.0,9.68955860646806
550,2023-04-22 12:00:00,0.0,0.020491843626714464,0.03508071915660791,0.09901395275152088,0.15216041726416762,1.0,False,False,2000,1.045795035481826,0.0,9.467816292119084
551,2023-04-22 18:00:00,0.0,0.020529147575916087,0.03652157488671803,0.10200716250965698,0.15404047591627085,1.0,False,False,2000,1.0529558591473342,0.0,9.687695986825188
552,2023-04-23 00:00:00,0.0,0.021085912448126867,0.035690787599071,0.10144965266562424,0.14814634086244352,1.0,False,False,2000,1.1257353989636418,0.0,9.011855961802333
553,2023-04-23 06:00:00,0.0,0.02066978952246253,0.036121930786004015,0.09994810312925062,0.1554266784863826,1.0,False,False,2000,1.1263295494002796,0.0,8.87378859788137
554,2023-04-23 12:00:00,0.0,0.019838860688662883,0.03529381459437187,0.09455861074916065,0.1557371683966726,1.0,False,False,2000,1.1854209418771333,0.0,7.976796040014744
555,2023-04-23 18:00:00,0.0019168031548381544,0.019708022881696166,0.034338362363410126,0.0956018557120215,0.14603088764443556,0.4005,False,False,2000,1.2119615159365829,0.15815709736929082,7.888192360476235
556,2023-04-24 00:00:00,0.003108829498529767,0.021923587276287976,0.037318039755763664,0.10264766699417845,0.14679660413046242,0.4015,False,False,2000,1.2307104614431497,0.25260445863800546,8.340521203810377
557,2023-04-24 06:00:00,0.012471443341269756,0.019773851337231932,0.03412733786654377,0.09551373523389955,0.14533233587416147,0.339,False,False,2000,1.2965106458892144,0.9619237127602752,7.366984261698158
558,2023-04-24 12:00:00,0.0027226531001950573,0.02004908825372766,0.034625530043784915,0.09144669235576709,0.1438788376596472,0.3855,False,False,2000,1.3114995220379464,0.20759848207678425,6.972682095504508
559,2023-04-24 18:00:00,0.00016054888093901913,0.016621530759635385,0.03199275604152805,0.08912495324604332,0.13236693143013648,0.3615,False,False,2000,1.2876062827193515,0.012468786700849967,6.92175507701131
560,2023-04-25 00:00:00,0.0022671986397133866,0.018007953252838525,0.03290986929938801,0.0917830572808821,0.14073006935153368,0.367,False,False,2000,1.2996164828222438,0.17445136081915058,7.062318652774105
561,2023-04-25 06:00:00,0.02248606523813709,0.016889116528051112,0.031832207986750696,0.08958665402739859,0.13591456085105535,0.2395,False,False,2000,1.3040681481604832,1.724301392519701,6.869783159244354
562,2023-04-25 12:00:00,0.007800650103053893,0.018044575308779332,0.033348386538149685,0.09307740388383952,0.13853184354952558,0.3305,False,False,2000,1.280977350638397,0.6089608141132477,7.266124091690833
563,2023-04-25 18:00:00,0.0,0.017232364140314992,0.03131099561666036,0.08636369689635537,0.13194051690135689,1.0,False,False,2000,1.2812599467142003,0.0,6.74052889250426
564,2023-04-26 00:00:00,0.003487953327677269,0.016213636278080566,0.030936468992615297,0.08497695127062399,0.12390249541667356,0.3285,False,False,2000,1.286624114563581,0.27109342100745343,6.604644690609418
565,2023-04-26 06:00:00,0.0,0.016637513412465502,0.03261255880992581,0.08596983167284662,0.1399830449333944,1.0,False,False,2000,1.2920096902644007,0.0,6.653961833308967
566,2023-04-26 12:00:00,0.013547518592648154,0.018482806938730584,0.03386364683409877,0.09794844223455756,0.14796314610039374,0.3135,False,False,2000,1.2677080916209549,1.0686623113153455,7.726419266545487
567,2023-04-26 18:00:00,0.0358378225459487,0.019253618112023595,0.03453221042192312,0.09687773194465554,0.147104025038722,0.2075,False,False,2000,1.272430473705092,2.8164857166297907,7.613597280687939
568,2023-04-27 00:00:00,0.0391082010278986,0.01987314394926166,0.03517157192872244,0.09520754456097236,0.14287920241090266,0.2095,False,False,2000,1.3150848487393463,2.973815800964335,7.23965032767576
569,2023-04-27 06:00:00,0.01842998180035177,0.02010623029359714,0.03551817186388412,0.10124574933283725,0.13906888025238456,0.3025,False,False,2000,1.3105246698682447,1.4063055983680681,7.7255889691123585
570,2023-04-27 12:00:00,0.0,0.0193706462524341,0.03365948370434983,0.09385392729668728,0.13471366879687413,1.0,False,False,2000,1.276849475786593,0.0,7.350430029261617
571,2023-04-27 18:00:00,0.0,0.020663199686154165,0.035359188879382386,0.09843254485120889,0.14770192008159652,1.0,False,False,2000,1.2703225685992323,0.0,7.748626001327295
572,2023-04-28 00:00:00,0.0,0.020734998448207684,0.035436531208375935,0.09938786196552063,0.14774914492051164,1.0,False,False,2000,1.3017766259086951,0.0,7.634786182778762
573,2023-04-28 06:00:00,0.0,0.01932593795122896,0.03329694651909729,0.09411552929749165,0.13693053127126165,1.0,False,False,2000,1.3394576220885765,0.0,7.026390961943245
574,2023-04-28 12:00:00,0.0,0.021182774709566893,0.0359374621802525,0.10095347971085424,0.14761591848292085,1.0,False,False,2000,1.3923500045159738,0.0,7.250582065100001
575,2023-04-28 18:00:00,0.0210279387916201,0.022887285478905315,0.03748543854295547,0.10300823578617015,0.151386742191354,0.3255,False,False,2000,1.446486104888595,1.453725598922336,7.121273784659245
576,2023-04-29 00:00:00,0.03463155451238981,0.01926830197298985,0.033732002605302944,0.09427434617943962,0.1472633062723797,0.2195,False,False,2000,1.5143171119593095,2.286942030760092,6.225535288144642
577,2023-04-29 06:00:00,0.044351397416144675,0.019505874483350696,0.034732796715105436,0.09438673779328396,0.14330534591519464,0.183,False,False,2000,1.5596193810938803,2.8437321280938206,6.051908493666149
578,2023-04-29 12:00:00,0.04363657519983354,0.020583227985682448,0.034950273440446294,0.09604256050092026,0.14503623824370138,0.198,False,False,2000,1.6051273102939656,2.7185740919106203,5.983485539432438
579,2023-04-29 18:00:00,0.06834720108219365,0.021605540716183015,0.03727621410609982,0.10135556395579373,0.1624046339762954,0.117,False,False,2000,1.6184350652810515,4.223042527215927,6.262565989213333
580,2023-04-30 00:00:00,0.061952481516384536,0.02080919191203131,0.035240834383266,0.10040385719664045,0.1474096148651315,0.1395,False,False,2000,1.6145946945516632,3.837029919981705,6.2185177206048206
581,2023-04-30 06:00:00,0.048940528191240194,0.0207333887408982,0.035072950839033494,0.09841229416449739,0.1438091536195347,0.1755,False,False,2000,1.5682242799971107,3.120760774812794,6.275396664862165
582,2023-04-30 12:00:00,0.051531160185632634,0.020141297062774875,0.033989441457310594,0.0982302868822711,0.13835766019742035,0.159,False,False,2000,1.566781081705459,3.28898279327833,6.269560440144345
583,2023-04-30 18:00:00,0.07020406389005791,0.022275516645901133,0.03740474785421597,0.09993430205598121,0.15833135352967048,0.1205,False,False,2000,1.5765642991376079,4.452978158167101,6.338739378447551
584,2023-05-01 00:00:00,0.06777207169022881,0.020895264837300802,0.03594413633404142,0.10140221476445861,0.15359211479017307,0.116,False,False,2000,1.5799850939618747,4.289412093141188,6.417922241923725
585,2023-05-01 06:00:00,0.07082372902825515,0.020094988018018872,0.03474123753334999,0.097646345814799,0.1434101121110326,0.105,False,False,2000,1.5625587425265868,4.532548255673023,6.249131194703713
586,2023-05-01 12:00:00,0.08413272885993611,0.020370723392515843,0.03509999252990768,0.09968206072886246,0.14716731366467373,0.075,False,False,2000,1.5492133289265937,5.430674219555632,6.434366324354397
587,2023-05-01 18:00:00,0.09583349746019662,0.021346483234728965,0.035090901538955256,0.0981171705990114,0.14353329775357418,0.0525,False,False,2000,1.571047360092039,6.099975079973545,6.245334996983367
588,2023-05-02 00:00:00,0.09347059993245735,0.023802373895896005,0.038523762538635806,0.10626317063893419,0.15203094443959728,0.0715,False,False,2000,1.5753764784701718,5.933223023821294,6.745255631982332
589,2023-05-02 06:00:00,0.06276411047847914,0.021750929818419855,0.035984755261784906,0.10121568895338878,0.15163312639531293,0.1335,False,False,2000,1.5946382372671901,3.935946662488232,6.347250842727005
590,2023-05-02 12:00:00,0.08059260403980135,0.024085028668182854,0.038010553108341054,0.11061089061604028,0.1495322671781272,0.0965,False,False,2000,1.601643660710441,5.031868574565013,6.906086124486429
591,2023-05-02 18:00:00,0.07676030692591823,0.02268714355696374,0.037290746062513126,0.10386954289299415,0.14970912149858512,0.101,False,False,2000,1.6489729277229515,4.655037425745715,6.299044765788025
592,2023-05-03 00:00:00,0.07969157335403425,0.02215156914352253,0.03686656954356716,0.10018031596044115,0.1577082525265925,0.09,False,False,2000,1.6459110414741571,4.841791041310388,6.086617893438205
593,2023-05-03 06:00:00,0.08254617375868967,0.022808479147259614,0.03637043063081024,0.10241992564866713,0.14574452566455717,0.0845,False,False,2000,1.6485395125584927,5.007230529196114,6.212767414334761
594,2023-05-03 12:00:00,0.08674741780468156,0.026417984613538743,0.04031116961233529,0.1130713494400222,0.16401078385182463,0.097,False,False,2000,1.6455011536900863,5.271793192617815,6.87154482915167
595,2023-05-03 18:00:00,0.08483769258982175,0.026301771603991213,0.039269454782381454,0.1109318932434712,0.15302239411056237,0.1,False,False,2000,1.7990014475747245,4.715821252072554,6.166303723269431
596,2023-05-04 00:00:00,0.06329058369977243,0.027598412356315175,0.040405470705546565,0.11559139902990617,0.16033258715951826,0.1805,False,False,2000,1.7934410804036396,3.5290026748761654,6.445229803919217
597,2023-05-04 06:00:00,0.05100175355282574,0.02848775052383884,0.0413919053035492,0.11594364172258154,0.16904620009074706,0.23,False,False,2000,1.8209150867531188,2.800885880064137,6.367328304655937
598,2023-05-04 12:00:00,0.07822665892569963,0.029313478051896793,0.041973203405082836,0.11833530303573395,0.1717768708935965,0.1315,False,False,2000,1.8311158598797292,4.272075876773722,6.4624694498307935
599,2023-05-04 18:00:00,0.07086018729507594,0.03634176756519862,0.04659020486859938,0.13280641999666823,0.17688644461947406,0.221,False,False,2000,1.8627831231550547,3.803995559883418,7.129462273188829
600,2023-05-05 00:00:00,0.06373771933965054,0.03547776313857179,0.04504792809231052,0.12647728770624012,0.17379625097684645,0.237,False,False,2000,1.8592208183393109,3.4281952262444118,6.802703931597103
601,2023-05-05 06:00:00,0.07699380128180322,0.03929697539698094,0.046942252372497724,0.1336947399528317,0.17386657469950337,0.1995,False,False,2000,1.876953322395173,4.102062654576391,7.1229656250707585
602,2023-05-05 12:00:00,0.08075761632824549,0.040378202830981307,0.047768252788655756,0.13794604938659402,0.18159986824196556,0.1945,False,False,2000,1.8630401790182682,4.334722205014431,7.4043518191478235
603,2023-05-05 18:00:00,0.05224029026016338,0.0379004144871479,0.04623994001416415,0.1305064312632703,0.17731535420404498,0.312,False,False,2000,1.832642193854055,2.850544991016594,7.1212172076435
604,2023-05-06 00:00:00,0.0638803261828121,0.04079108965511254,0.04944620737159208,0.14243932820523386,0.20213032916779766,0.2675,False,False,2000,1.7899502604396358,3.5688324751058853,7.9577254940172955
605,2023-05-06 06:00:00,0.08315769712204844,0.035845840517089694,0.04474591030228417,0.1252299522067413,0.17492313061705878,0.164,False,False,2000,1.8030820159035954,4.61197529499926,6.945327561485529
606,2023-05-06 12:00:00,0.08576503687574591,0.038462062979800704,0.04698306859350787,0.13371508781508812,0.17994116822893869,0.169,False,False,2000,1.7826553042534046,4.811083593732959,7.500894171522939
607,2023-05-06 18:00:00,0.06099816200265436,0.03695337653436714,0.04550332998956437,0.13100818802137731,0.17683283685792128,0.2585,False,False,2000,1.7872413267564566,3.4129784875417917,7.330190168505962
608,2023-05-07 00:00:00,0.06025601671866036,0.03980277002033559,0.04872444704560742,0.14139963628472146,0.18692870126041697,0.2825,False,False,2000,1.7133315138935672,3.5168918700227385,8.252905823426374
609,2023-05-07 06:00:00,0.07124159649438302,0.03645401587190597,0.04537937593766997,0.12675849218137666,0.18359964186472866,0.208,False,False,2000,1.7089693919309203,4.168687679882258,7.417247656972694
610,2023-05-07 12:00:00,0.0653554854579089,0.03874300234585309,0.04839330460867606,0.1418307284366048,0.18513610407069422,0.243,False,False,2000,1.6881715217590199,3.8713770855351597,8.40144064797526
611,2023-05-07 18:00:00,0.0516099168909199,0.04386076671371556,0.05076618910200405,0.1452486497960722,0.19261701854474067,0.354,False,False,2000,1.726818562212956,2.988728406114691,8.41134401577968
612,2023-05-08 00:00:00,0.04284212276469714,0.04594084730607683,0.0505574883719993,0.14601424390674309,0.1932684316663684,0.4315,False,False,2000,1.7140246561926091,2.4995044621973554,8.518794836422417
613,2023-05-08 06:00:00,0.04561459738652155,0.04442870919278863,0.05016711753914276,0.14607799619941592,0.1989066313936852,0.399,False,False,2000,1.6852211728385829,2.706742481147945,8.668179497968357
614,2023-05-08 12:00:00,0.03426201623146313,0.047813035933927425,0.053330169799115645,0.15213546562364794,0.2056971781352273,0.491,False,False,2000,1.687188148637572,2.030716980742793,9.017101367532687
615,2023-05-08 18:00:00,0.02329392686927284,0.04999713049580576,0.05368345246412572,0.1543111766928816,0.21590421292373904,0.5745,False,False,2000,1.6739359254002288,1.3915662192209295,9.218463762642926
616,2023-05-09 00:00:00,0.02703844095429019,0.05643475120964759,0.05726376697842934,0.1652458549297246,0.2238602257671273,0.5955,False,False,2000,1.6401028428949136,1.6485820429751323,10.07533494899944
617,2023-05-09 06:00:00,0.025515037869046277,0.05821246270304588,0.05797799466335918,0.17127839205156536,0.22933061137462596,0.6165,False,False,2000,1.5994297319658755,1.5952584448761922,10.708716277335007
618,2023-05-09 12:00:00,0.008446951716310169,0.06742086963613295,0.06278911240494094,0.18729322098231915,0.24768254749481358,0.7505,False,False,2000,1.5452438553810817,0.5466419870815158,12.120625513578222
619,2023-05-09 18:00:00,0.0,0.0709924834633943,0.06456327055428236,0.19178282234263777,0.25033978628470216,1.0,False,False,2000,1.5163114575033638,0.0,12.647983459705033
620,2023-05-10 00:00:00,0.0,0.0740411691382569,0.0661118821880425,0.19699448368601488,0.2580427994114583,1.0,False,False,2000,1.4518911296158645,0.0,13.568130534562526
621,2023-05-10 06:00:00,0.0,0.07477289818153034,0.06706344938341931,0.19963161348655684,0.2720680389834409,1.0,False,False,2000,1.448055749711824,0.0,13.786182854236467
622,2023-05-10 12:00:00,0.0,0.08019713583931638,0.07140882458739249,0.2116930080984208,0.2879921579604613,1.0,False,False,2000,1.4514854584955446,0.0,14.584576570118674
623,2023-05-10 18:00:00,0.0,0.07650818312467186,0.06823107636649055,0.19967396483572317,0.25458974166583603,1.0,False,False,2000,1.4506465780859235,0.0,13.764480463545151
624,2023-05-11 00:00:00,0.0,0.08298229550887308,0.0736083825716338,0.21906971042568488,0.27557848663624906,1.0,False,False,2000,1.4342154809348153,0.0,15.274532546733926
625,2023-05-11 06:00:00,0.0,0.09286399989718021,0.07607779447009054,0.23051041925747484,0.2886512468179469,1.0,False,False,2000,1.424422313346983,0.0,16.182730156468946
626,2023-05-11 12:00:00,0.0,0.09302372379189257,0.07618536510118303,0.23288940839665692,0.2967509703399471,1.0,False,False,2000,1.402154176762954,0.0,16.60940089586374
627,2023-05-11 18:00:00,0.0,0.08924897802440125,0.07557598237299139,0.22877702313261003,0.28405707981708195,1.0,False,False,2000,1.3427167080702611,0.0,17.038368686229134
628,2023-05-12 00:00:00,0.0,0.09874954467703512,0.08035573968735842,0.24569921570557662,0.30638242384771125,1.0,False,False,2000,1.3111863893466835,0.0,18.738694795939697
629,2023-05-12 06:00:00,0.0,0.098092969598433,0.0830667416208424,0.24846433235364881,0.31015104140646055,1.0,False,False,2000,1.3431703078845334,0.0,18.498349084635084
630,2023-05-12 12:00:00,0.0,0.10110767140017697,0.0865820191911958,0.2520501239791263,0.3278014027255688,1.0,False,False,2000,1.325941079561095,0.0,19.009149642045813
631,2023-05-12 18:00:00,0.0,0.09819510435165847,0.0832574317465218,0.2553916633677772,0.3132133464981931,1.0,False,False,2000,1.3046607810264867,0.0,19.575330774244552
632,2023-05-13 00:00:00,0.0,0.10890273951600091,0.0877829707790867,0.26599103476616853,0.3483554437867986,1.0,False,False,2000,1.2928361395685686,0.0,20.574226433284284
633,2023-05-13 06:00:00,0.0,0.10913182900386625,0.0873884575371519,0.2647017619177086,0.33355432388312023,1.0,False,False,2000,1.2829741413173554,0.0,20.63188597440579
634,2023-05-13 12:00:00,0.0,0.11101368073495964,0.08770530867112243,0.26893391558040397,0.33981455893922496,1.0,False,False,2000,1.2530339680662623,0.0,21.462619724143213
635,2023-05-13 18:00:00,0.0,0.11696060805354921,0.08832210524405724,0.274603022476255,0.33028897557871423,1.0,False,False,2000,1.2414439796202041,0.0,22.119646716581162
636,2023-05-14 00:00:00,0.0,0.12221240015909436,0.0918946337201984,0.28543473473141723,0.3431051872989051,1.0,False,False,2000,1.2188928561821122,0.0,23.41754103190601
637,2023-05-14 06:00:00,0.0,0.11004926507396508,0.09164771748916373,0.28231043109914117,0.3423784342885464,1.0,False,False,2000,1.2110091318968175,0.0,23.311998536043664
638,2023-05-14 12:00:00,0.0,0.11324971129140911,0.09272389666209346,0.27725969605418416,0.3352411822187518,1.0,False,False,2000,1.2269652335253898,0.0,22.59719252660037
639,2023-05-14 18:00:00,0.0,0.11641015581073287,0.09269900070654015,0.2787298029940858,0.3469510127556887,1.0,False,False,2000,1.2407616860858317,0.0,22.464410863086904
640,2023-05-15 00:00:00,0.0,0.11819876014124771,0.09265777159119754,0.2813873123373782,0.34862650503162645,1.0,False,False,2000,1.1855502890528287,0.0,23.7347428393094
641,2023-05-15 06:00:00,0.0,0.12187504893997013,0.09694637767103476,0.29464058545496896,0.36709954237447845,1.0,False,False,2000,1.1981837129856237,0.0,24.590601780154913
642,2023-05-15 12:00:00,0.0,0.12191976918985582,0.09335456787114171,0.28752762230862194,0.3563542773231307,1.0,False,False,2000,1.2239123826294402,0.0,23.49250047547527
643,2023-05-15 18:00:00,0.0,0.12428181729138116,0.09642037478380767,0.29485392821534523,0.3567003012717675,1.0,False,False,2000,1.2355911739318057,0.0,23.86338899436155
644,2023-05-16 00:00:00,0.0,0.13055729716224762,0.09915255544743543,0.30087426530830136,0.3767055330361808,1.0,False,False,2000,1.202622793313483,0.0,25.01817419236903
645,2023-05-16 06:00:00,0.0,0.13138527814913312,0.10149263003781989,0.3086960505991736,0.37238717603880506,1.0,False,False,2000,1.2008352106740654,0.0,25.706778736600594
646,2023-05-16 12:00:00,0.0,0.13112414962163293,0.1042495693874823,0.3178960442740121,0.3988947597449945,1.0,False,False,2000,1.1945067918498287,0.0,26.61316339455167
647,2023-05-16 18:00:00,0.00547183219357653,0.12557015346850095,0.09875909096876397,0.29655871740348977,0.36304139114326833,0.8425,False,False,2000,1.2013760454175015,0.4554637338115862,24.684920140923055
648,2023-05-17 00:00:00,0.01699066421813917,0.13145501420943834,0.1016275088251273,0.30747771758246717,0.378600619127338,0.822,False,False,2000,1.2244170144280824,1.3876533907914865,25.112172892018176
