window_idx,timestamp,te_bits,surr_mean,surr_std,surr_p95,surr_p99,p_value,sig95,sig99,n_valid_surrogates,h_target_bits,pct_h,surr_p95_pct
0,2022-12-06 00:00:00,0.0,0.030002934414378308,0.04210339756031205,0.11753198762641665,0.17286231362916718,1.0,False,False,2000,1.8028594370846331,0.0,6.519198624629062
1,2022-12-06 06:00:00,0.0,0.033380244594747484,0.04402030272511094,0.1226392042989445,0.1734012738773413,1.0,False,False,2000,1.813528830685532,0.0,6.762462345447558
2,2022-12-06 12:00:00,0.0,0.03192793450406237,0.042106988092845465,0.1185031482014419,0.16942341001104885,1.0,False,False,2000,1.8245915252756937,0.0,6.49477686155186
3,2022-12-06 18:00:00,0.0,0.03115840252966342,0.04205489894005782,0.11749761793863403,0.16087830475588658,1.0,False,False,2000,1.8198242171696162,0.0,6.456536671513185
4,2022-12-07 00:00:00,0.0,0.03152317776406575,0.04261107326390137,0.11717821014636866,0.17609582698064175,1.0,False,False,2000,1.8044761681785764,0.0,6.493752159921702
5,2022-12-07 06:00:00,0.0,0.03262145944611236,0.042527940288829606,0.11838433762146519,0.16329537516617804,1.0,False,False,2000,1.8060365433942356,0.0,6.554924818906244
6,2022-12-07 12:00:00,0.0,0.03217839840071275,0.04227801663561748,0.12025717487247153,0.1657474248287581,1.0,False,False,2000,1.7831195671032407,0.0,6.7442014036016005
7,2022-12-07 18:00:00,0.0,0.032617776259593674,0.04350196826316237,0.12229469718621082,0.1720789751352247,1.0,False,False,2000,1.7885595615769692,0.0,6.8376083085756365
8,2022-12-08 00:00:00,0.0,0.03246287688206339,0.043710337773548574,0.1231547435520316,0.17548998970362456,1.0,False,False,2000,1.799667297449994,0.0,6.843195057582781
9,2022-12-08 06:00:00,0.0,0.03144102111109903,0.0430160660179137,0.12384627779184364,0.1734913839080256,1.0,False,False,2000,1.7995878272718877,0.0,6.881924622683755
10,2022-12-08 12:00:00,0.0,0.03265675502732962,0.04269707688466824,0.11908047262401757,0.17626916043552313,1.0,False,False,2000,1.8274307444488318,0.0,6.516278276796378
11,2022-12-08 18:00:00,0.0,0.03286287739005072,0.04255000670157144,0.11920318846528803,0.1670883812805544,1.0,False,False,2000,1.8353271474250372,0.0,6.494928636157865
12,2022-12-09 00:00:00,0.0,0.035094521287978825,0.043529429799198945,0.12344403876816136,0.17017232991774867,1.0,False,False,2000,1.791540412935277,0.0,6.890385384380443
13,2022-12-09 06:00:00,0.0,0.03455868705498313,0.04430062072863929,0.1245000148480026,0.18301211612306706,1.0,False,False,2000,1.8190543966898103,0.0,6.844216152884661
14,2022-12-09 12:00:00,0.0,0.036379761751015365,0.044583000425033374,0.12638733250558126,0.16852314096831422,1.0,False,False,2000,1.8078303562957778,0.0,6.991105778561399
15,2022-12-09 18:00:00,0.0,0.03696682637692744,0.045797172001915354,0.12872216242733833,0.18358713324799927,1.0,False,False,2000,1.8102428343119847,0.0,7.110767681964695
16,2022-12-10 00:00:00,0.0,0.035797862816964815,0.04413373512056847,0.1256794226527481,0.1724402432941923,1.0,False,False,2000,1.8304812625471165,0.0,6.86592237922529
17,2022-12-10 06:00:00,0.0,0.03806617471058474,0.04590685610359558,0.1317802147217371,0.17600186308156862,1.0,False,False,2000,1.8344032349719832,0.0,7.183819359310592
18,2022-12-10 12:00:00,0.0,0.03770486444053219,0.04610309570766303,0.1345559741635276,0.1842144966785275,1.0,False,False,2000,1.8216934210105484,0.0,7.386312790704669
19,2022-12-10 18:00:00,0.0,0.035869375051761083,0.04318883427186951,0.12234992715894295,0.17700678605721348,1.0,False,False,2000,1.8317471305750395,0.0,6.679411427304036
20,2022-12-11 00:00:00,0.0,0.038367039203979096,0.0460911684483853,0.13437654401560084,0.17072463351969577,1.0,False,False,2000,1.8372020986896962,0.0,7.314194998549099
21,2022-12-11 06:00:00,0.0,0.03929417286222559,0.04493877939594813,0.12751525888260415,0.17129200400925398,1.0,False,False,2000,1.8784685548870956,0.0,6.788256239416708
22,2022-12-11 12:00:00,0.0,0.03888553833741838,0.045304462702753595,0.13068275383293,0.17295626516055096,1.0,False,False,2000,1.8655884614936435,0.0,7.0049079167385955
23,2022-12-11 18:00:00,0.0,0.040228516381922444,0.04683340268203163,0.1342202583077713,0.18003820780581942,1.0,False,False,2000,1.8887285001669405,0.0,7.106381795790546
24,2022-12-12 00:00:00,0.013316443439133198,0.0403110744499547,0.04588560549009561,0.13248473660345347,0.17950119190063543,0.5785,False,False,2000,1.9034414077153363,0.6995982847255942,6.9602739578137225
25,2022-12-12 06:00:00,0.039331082438773375,0.03981302853075533,0.04553659920903908,0.13036792921164075,0.1749630148695277,0.401,False,False,2000,1.924874908235972,2.0433058933070027,6.772800074115717
26,2022-12-12 12:00:00,0.008329189228097188,0.03816694824668346,0.04398526463115632,0.1288149279690068,0.16645602562217948,0.599,False,False,2000,1.9499759699357138,0.4271431728654473,6.6059751481580316
27,2022-12-12 18:00:00,0.018012190211088283,0.04045438143783297,0.04545831158501401,0.1301241965977355,0.1701621570679366,0.549,False,False,2000,1.9489510767950688,0.9241991974836142,6.676627143033103
28,2022-12-13 00:00:00,0.01661585412837148,0.04038547910763762,0.04705795596459946,0.1297873182083619,0.18879158265451892,0.5535,False,False,2000,1.9715196705696827,0.8427942351480686,6.583110488106825
29,2022-12-13 06:00:00,0.009454160532906783,0.0406532086888793,0.04593295190065352,0.13164120326332732,0.1802054076891341,0.6075,False,False,2000,2.0009362672600566,0.47248683966594573,6.578980321226706
30,2022-12-13 12:00:00,0.007055759089306302,0.03850138115474618,0.04607007977276645,0.1305766158115815,0.17834454978423625,0.5895,False,False,2000,1.9998312949571,0.35281771552923225,6.529381560377202
31,2022-12-13 18:00:00,0.013783324057070159,0.042993101333875336,0.04889490945580014,0.1401870295295611,0.18667425785461775,0.5835,False,False,2000,2.0224410514954854,0.6815191991320657,6.931575554496405
32,2022-12-14 00:00:00,0.03046858097230198,0.04081083722837896,0.046087156404621875,0.1334958765722346,0.17251635584776068,0.4715,False,False,2000,2.014452148508524,1.5124996140941123,6.626907304354354
33,2022-12-14 06:00:00,0.03185258295574052,0.040569539673512296,0.04677291660326662,0.1325795977162265,0.18656023890388507,0.4595,False,False,2000,1.9941790053724167,1.5972780211770403,6.648329831928352
34,2022-12-14 12:00:00,0.022639942776738,0.040209632371888356,0.0467564912988185,0.13566898024122856,0.17653084924781215,0.511,False,False,2000,2.0005434919642617,1.131689606733251,6.7816061378410755
35,2022-12-14 18:00:00,0.00879773864295676,0.03879316967356211,0.045404472585541956,0.1285927499281888,0.1736046590790187,0.593,False,False,2000,2.0015713119812046,0.43954160365380845,6.424589978805429
36,2022-12-15 00:00:00,0.0,0.03858185022731131,0.046043242599717066,0.13267161384745488,0.175876514725753,1.0,False,False,2000,2.025400054069722,0.0,6.550390555232395
37,2022-12-15 06:00:00,0.0,0.03853015934352815,0.044698362352743895,0.1265591507438758,0.17328911440412137,1.0,False,False,2000,2.0369606137386733,0.0,6.213136861374404
38,2022-12-15 12:00:00,0.00044172151609543154,0.04228326759575555,0.04795095160375865,0.13951991957960333,0.18431451664864432,0.67,False,False,2000,2.011400413086189,0.021960894172119456,6.936456742868575
39,2022-12-15 18:00:00,0.010746441293824892,0.041213240162193146,0.0469526965608624,0.13348932555573742,0.1885997144057194,0.608,False,False,2000,2.0072116723455724,0.5353915305438064,6.6504857158261474
40,2022-12-16 00:00:00,0.014530288923686106,0.03962921315616522,0.04622383820641877,0.13113876061105165,0.1770954832786693,0.557,False,False,2000,2.0161369157288176,0.7206995125345206,6.504457092570323
41,2022-12-16 06:00:00,0.004172403162865656,0.04096701362940283,0.04661256990787058,0.13161846331915397,0.181073009761111,0.631,False,False,2000,2.007446988594158,0.20784624383967648,6.5565100382216395
42,2022-12-16 12:00:00,0.0,0.04158173667427073,0.04663406423864164,0.13234579856668907,0.18640837895661566,1.0,False,False,2000,1.9922525962085254,0.0,6.6430230191973445
43,2022-12-16 18:00:00,0.005885094259860301,0.04084039830237018,0.047316709246240304,0.13710081400548452,0.18609660416784146,0.6215,False,False,2000,1.969761325499696,0.2987719468178384,6.960275452189839
44,2022-12-17 00:00:00,0.024403779183688214,0.03867459564963058,0.045676875327823406,0.12999604706160195,0.18173131911402862,0.489,False,False,2000,1.974644917322236,1.2358565820928218,6.583261928321075
45,2022-12-17 06:00:00,0.01618716123174559,0.043182866184806545,0.048221670397408455,0.1404254844978714,0.18561274449575207,0.5785,False,False,2000,1.9240669030592146,0.8412992919325435,7.298368069977124
46,2022-12-17 12:00:00,0.0,0.041376290376288226,0.046845679070765624,0.13167460586153446,0.18068651375671999,1.0,False,False,2000,1.9107459889230998,0.0,6.891266899152122
47,2022-12-17 18:00:00,0.0,0.041058942558236354,0.04627903569578198,0.13226587717136248,0.1780565103260691,1.0,False,False,2000,1.9390300185797948,0.0,6.821239274482098
48,2022-12-18 00:00:00,0.0,0.043159609125344195,0.0468235050646273,0.1348345391618126,0.18737219670119265,1.0,False,False,2000,1.923279559802283,0.0,7.0106573157608905
49,2022-12-18 06:00:00,0.0,0.045567512555751546,0.04868964578342162,0.14230080995613995,0.18497285504809444,1.0,False,False,2000,1.9288517271092693,0.0,7.377488272227294
50,2022-12-18 12:00:00,0.0,0.04876743696597546,0.05074343421541453,0.14707793821981752,0.19933473394983253,1.0,False,False,2000,1.935497751408806,0.0,7.59897231152879
51,2022-12-18 18:00:00,0.0,0.04515781940473046,0.04773900134266368,0.14166052250018474,0.17899330864580607,1.0,False,False,2000,1.9271112982723402,0.0,7.350925845704072
52,2022-12-19 00:00:00,0.0,0.04615023876249029,0.04867463592146083,0.14026822635387579,0.1841803419630507,1.0,False,False,2000,1.8517884080814428,0.0,7.57474373107247
53,2022-12-19 06:00:00,0.0,0.04655621112364806,0.04953925111400219,0.1426720726604069,0.1898050340294732,1.0,False,False,2000,1.833895301128997,0.0,7.7797283504992905
54,2022-12-19 12:00:00,0.0,0.04718443628417746,0.04916951112262623,0.14170310750352996,0.18666793424394124,1.0,False,False,2000,1.8188014225353837,0.0,7.7910158716501225
55,2022-12-19 18:00:00,0.0,0.045972086531597074,0.04901534752978856,0.14309919378353375,0.183690867268282,1.0,False,False,2000,1.8106534173326525,0.0,7.903179725821799
56,2022-12-20 00:00:00,0.0,0.04502177019997076,0.048629444687602885,0.14116379187480416,0.18157133682771295,1.0,False,False,2000,1.8470942291704127,0.0,7.642479178672177
57,2022-12-20 06:00:00,0.018756294558886395,0.04498050356019533,0.048396730706489116,0.14207580258373834,0.18177844572939986,0.573,False,False,2000,1.8134752145900725,1.0342735543328705,7.834449648977082
58,2022-12-20 12:00:00,0.003822694390780536,0.0452214838458151,0.04887818116236407,0.14138991815549456,0.19932526801988723,0.679,False,False,2000,1.7829835835434955,0.2143987429869279,7.929961860585206
59,2022-12-20 18:00:00,0.010749373410073995,0.042487680661330844,0.04788498891781129,0.14394842460755067,0.18624488448112783,0.6115,False,False,2000,1.772924281730707,0.6063075293650211,8.119265221356773
60,2022-12-21 00:00:00,0.0,0.04204073190499457,0.04664048882357114,0.1321749422082371,0.1741410089510598,1.0,False,False,2000,1.8195506710277929,0.0,7.264152865475115
61,2022-12-21 06:00:00,0.0,0.04286460380867553,0.0476805187633154,0.1360363855343803,0.18769998940538016,1.0,False,False,2000,1.8239315319738176,0.0,7.458415140570808
62,2022-12-21 12:00:00,0.0,0.039776783454381015,0.04731910277730789,0.13360882949666772,0.19119497700692742,1.0,False,False,2000,1.7620285995785405,0.0,7.582670878816927
63,2022-12-21 18:00:00,0.0121864588900804,0.04183507479143833,0.047752876343416024,0.13696584528234054,0.18116360579889176,0.581,False,False,2000,1.738373006740092,0.7010266981154537,7.878967560546032
64,2022-12-22 00:00:00,0.02187838164249181,0.04455430643112364,0.04886253907447512,0.14269028228499958,0.1794689599460312,0.552,False,False,2000,1.780938702570152,1.2284747145377963,8.012082733621146
65,2022-12-22 06:00:00,0.024694483118804615,0.04001610147708746,0.0471140844513916,0.13376552035558426,0.1808260958207821,0.4905,False,False,2000,1.7668095462742568,1.3976878928959193,7.571020919468148
66,2022-12-22 12:00:00,0.01239231100358415,0.03975323458817917,0.0469793140511389,0.1368060357075561,0.18740038007930726,0.564,False,False,2000,1.7783087506090554,0.6968593614207821,7.69304181069239
67,2022-12-22 18:00:00,0.01841609690854109,0.038488925533550586,0.04648090989480262,0.12912129885207035,0.17939392388888237,0.5125,False,False,2000,1.8021255925512252,1.0219097372936072,7.164944518060835
68,2022-12-23 00:00:00,0.03596281251672176,0.038736314418547406,0.04523624054039081,0.1316361705543053,0.18003245880891686,0.4225,False,False,2000,1.8048636862631358,1.9925500629457866,7.29341343372309
69,2022-12-23 06:00:00,0.04288300895132378,0.03999566688561767,0.047215826206858234,0.13685116559360386,0.1768385512174751,0.3725,False,False,2000,1.7877020235417513,2.39877834150263,7.65514407834465
70,2022-12-23 12:00:00,0.036390322645349846,0.039377876627534704,0.046173048434719824,0.13391034947760366,0.17655287518702434,0.4255,False,False,2000,1.7854801470240103,2.0381253023733836,7.499962948386842
71,2022-12-23 18:00:00,0.037842139449917524,0.038592048656805523,0.04628185460020997,0.1304421579748049,0.18403979949991367,0.3985,False,False,2000,1.832085049086898,2.0655230754040512,7.1198745953315115
72,2022-12-24 00:00:00,0.017711338704246196,0.03856139614580278,0.04591339103404553,0.13176464272978852,0.1736883051024455,0.517,False,False,2000,1.9161429715063112,0.9243224001350497,6.876555908884304
73,2022-12-24 06:00:00,0.0053798104396240495,0.03707543096548962,0.04544675599379342,0.13095279107844313,0.1710042751412034,0.5845,False,False,2000,1.880852431342594,0.2860304375811037,6.962417087924656
74,2022-12-24 12:00:00,0.019904844053884735,0.03542476324515803,0.04411835431591297,0.12612071764548813,0.172462000130857,0.482,False,False,2000,1.8581414480591216,1.071223295442652,6.787465926085691
75,2022-12-24 18:00:00,0.0,0.03300625038792479,0.04254511926999814,0.12200407319765515,0.16388788698554477,1.0,False,False,2000,1.8574130240955937,0.0,6.56849454671295
76,2022-12-25 00:00:00,0.0013789029525104004,0.03369100589389691,0.0427710560311784,0.11925924755292885,0.16729431093501465,0.5725,False,False,2000,1.8682561035406267,0.0738069555826512,6.38345285354158
77,2022-12-25 06:00:00,0.008379100995293825,0.035028862009890076,0.044375623454678895,0.12879669776431263,0.17576593758187348,0.5485,False,False,2000,1.883029887300588,0.4449797133759603,6.8398647643850605
78,2022-12-25 12:00:00,0.0,0.035279098099545665,0.04394367421347792,0.12251837011447136,0.17119230912880298,1.0,False,False,2000,1.8931065222239023,0.0,6.471815963665082
79,2022-12-25 18:00:00,0.0,0.03700458357403741,0.0441365622685962,0.1259414838297354,0.17464880390911738,1.0,False,False,2000,1.9022566349856094,0.0,6.62063580241833
80,2022-12-26 00:00:00,0.0,0.038319004222595945,0.04439721377292513,0.12636946480119324,0.16816086477896205,1.0,False,False,2000,1.9287502617795322,0.0,6.551883222278884
81,2022-12-26 06:00:00,0.0,0.04095954702736046,0.04741112120995647,0.13311481858108604,0.18214567100309342,1.0,False,False,2000,1.9128200537608508,0.0,6.959087360014086
82,2022-12-26 12:00:00,0.015535863687518952,0.04045916076911335,0.04696492387496746,0.13149108213061322,0.17988140020604412,0.56,False,False,2000,1.9274340524729918,0.8060386640770242,6.822079435709033
83,2022-12-26 18:00:00,0.02537925447732068,0.03966003587003478,0.046357902252376265,0.13196767583386707,0.1836301681083187,0.492,False,False,2000,1.919681589605428,1.322055418708117,6.874456500934185
84,2022-12-27 00:00:00,0.03716603466317578,0.04062022770859346,0.04646868713314204,0.12998784766287394,0.17617721015947477,0.423,False,False,2000,1.92934720514857,1.9263528391362712,6.737400469754442
85,2022-12-27 06:00:00,0.032624206192143776,0.03969907841151676,0.04621549818985614,0.12972447249416783,0.17874351636287675,0.45,False,False,2000,1.9255160263817233,1.6943097717783524,6.737127643540612
86,2022-12-27 12:00:00,0.0402649858136643,0.04078514102770302,0.04661234860878303,0.13355168665270928,0.17731784334628492,0.413,False,False,2000,1.9368137697373682,2.0789291382993538,6.895432526319703
87,2022-12-27 18:00:00,0.04211312933672019,0.0434581721201448,0.04851794693660398,0.14118295690606866,0.19721135468454515,0.4215,False,False,2000,1.9242444730317498,2.1885539975265567,7.33705923985986
88,2022-12-28 00:00:00,0.044571489003442905,0.042486861486987736,0.04795315084536891,0.13708153995134498,0.17652382256236623,0.394,False,False,2000,1.8853746666343094,2.3640653389604536,7.270785079342193
89,2022-12-28 06:00:00,0.048420674390254,0.04231050381248228,0.046119932800608984,0.1321350941915833,0.1731771722976777,0.3795,False,False,2000,1.9010355294782437,2.547068355084531,6.950690407551139
90,2022-12-28 12:00:00,0.04611239773968063,0.03725641463074278,0.04480242968176086,0.12850217937535383,0.16870240647621834,0.342,False,False,2000,1.895307235330216,2.432977455058707,6.78001840440213
91,2022-12-28 18:00:00,0.05831097323484376,0.03888790651041978,0.0468366464406406,0.1320280030494329,0.18051009713312144,0.291,False,False,2000,1.8820910968332953,3.098201427813704,7.014963477143911
92,2022-12-29 00:00:00,0.06543784200195531,0.03830992610916675,0.04585431658936436,0.12976452242962644,0.18614412728015886,0.2465,False,False,2000,1.8687411744084024,3.501707079508821,6.9439537270701335
93,2022-12-29 06:00:00,0.050617144709848946,0.039246758835486915,0.04608007072577084,0.1280416987455964,0.17379520175957508,0.34,False,False,2000,1.854019608973004,2.7301299546603643,6.906167449680992
94,2022-12-29 12:00:00,0.04043907962074419,0.039148142156968345,0.04632149101570702,0.13331070801899098,0.17149627865027384,0.3905,False,False,2000,1.8450703180505938,2.191736500507473,7.225237255989257
95,2022-12-29 18:00:00,0.025289102175708407,0.03810740258808321,0.04579939532049477,0.13118187410508897,0.17938155560879293,0.477,False,False,2000,1.8345064165259835,1.3785235062627113,7.1507994152186685
96,2022-12-30 00:00:00,0.02590893646072447,0.03528515954776736,0.044886764611763524,0.12902885837503525,0.17654724528426474,0.436,False,False,2000,1.8329795060969953,1.4134875144290595,7.039296290321287
97,2022-12-30 06:00:00,0.016570894584398577,0.03575767926861918,0.043083716644360934,0.12155989847014463,0.16900681186933184,0.5195,False,False,2000,1.7851919215534766,0.9282416296158544,6.809346211042845
98,2022-12-30 12:00:00,0.0032802150964630953,0.03551541599531911,0.04497993482580213,0.12811401263364128,0.1767984231211274,0.586,False,False,2000,1.7659656805353892,0.18574625388351998,7.254615083731461
99,2022-12-30 18:00:00,0.00017959903166895745,0.03781480986760335,0.045042924966744814,0.12717091674779327,0.17984340109063443,0.637,False,False,2000,1.7692765792898697,0.010150986780203843,7.187735271940103
100,2022-12-31 00:00:00,0.0,0.036212193038148884,0.04528482570786138,0.12986476171222286,0.16947928024845757,1.0,False,False,2000,1.7795976459146619,0.0,7.297422651145176
101,2022-12-31 06:00:00,0.0,0.037622575793261184,0.04655519533444451,0.13060160288962772,0.18729814507393097,1.0,False,False,2000,1.807432987323238,0.0,7.225806091048795
102,2022-12-31 12:00:00,0.0,0.03930293173063796,0.0471078747510182,0.13618106586626286,0.19006785160828704,1.0,False,False,2000,1.7931502209161643,0.0,7.5945151877283665
103,2022-12-31 18:00:00,0.0,0.03481964460292855,0.04363171071772454,0.1272211124930268,0.16647370379311766,1.0,False,False,2000,1.7848378432160974,0.0,7.127880719056652
104,2023-01-01 00:00:00,0.0,0.034152185710763915,0.042816588052803715,0.12214235867005803,0.16215096876725374,1.0,False,False,2000,1.7888060772921799,0.0,6.828149804530631
105,2023-01-01 06:00:00,0.0,0.03332887145544323,0.04274622262912537,0.12163658160172824,0.1621071232285176,1.0,False,False,2000,1.7868986739506543,0.0,6.807133687821365
106,2023-01-01 12:00:00,0.0,0.031932064229372115,0.04202599928325456,0.11433573557660948,0.1621437957425718,1.0,False,False,2000,1.8146684235366524,0.0,6.300640607046973
107,2023-01-01 18:00:00,0.0,0.032940635302585806,0.043889094182356696,0.1262813307380016,0.1684349738123994,1.0,False,False,2000,1.7824401841055568,0.0,7.084744378189084
108,2023-01-02 00:00:00,0.0,0.03148337823809931,0.04235973256121992,0.11752055177670445,0.16511154723307908,1.0,False,False,2000,1.782841433574835,0.0,6.591755697592245
109,2023-01-02 06:00:00,0.0,0.0322014509453659,0.04248736464605355,0.11950132778156673,0.15938028354722983,1.0,False,False,2000,1.774624617472464,0.0,6.733893275512447
110,2023-01-02 12:00:00,0.0,0.0313247493036037,0.0412169982423629,0.11704567254147269,0.15744433917252496,1.0,False,False,2000,1.7808992080260946,0.0,6.572279442540899
111,2023-01-02 18:00:00,0.0,0.03488022441263314,0.0442309012840847,0.1282890530729634,0.18279998302554049,1.0,False,False,2000,1.7736026563637304,0.0,7.233246556812434
112,2023-01-03 00:00:00,0.0,0.03005398704979315,0.04087102507149919,0.11335303544959206,0.16313093613308152,1.0,False,False,2000,1.7647776262503712,0.0,6.423077546060782
113,2023-01-03 06:00:00,0.007521441545474111,0.030114234520933984,0.04125256469315029,0.11658756503482857,0.15700183379392704,0.4925,False,False,2000,1.7801915753483453,0.42250742277568226,6.5491583405575255
114,2023-01-03 12:00:00,0.04043033266113958,0.030221272327625285,0.041508663159306146,0.11608871680557664,0.16384435492813285,0.3095,False,False,2000,1.7744533512105725,2.2784669224218876,6.542224213805242
115,2023-01-03 18:00:00,0.05012067697565478,0.03273093832165713,0.042996526645731864,0.12174033723798443,0.16349693826593678,0.286,False,False,2000,1.7664207056972954,2.837414485348756,6.891922000536524
116,2023-01-04 00:00:00,0.05570314423978438,0.027807295137106187,0.04035698846393671,0.11273588071560035,0.1616596866323787,0.209,False,False,2000,1.753313218603943,3.177021860597014,6.429876847980711
117,2023-01-04 06:00:00,0.03804395185449924,0.030630987281762254,0.04276489854439037,0.11829897118469926,0.17430327559843006,0.312,False,False,2000,1.6917254940168536,2.2488253554758,6.99279945848713
118,2023-01-04 12:00:00,0.03514260956188968,0.030456690739453063,0.04220531738239894,0.11707773225448649,0.1682185357908849,0.335,False,False,2000,1.6158083975029842,2.1749243051464444,7.245768275212239
119,2023-01-04 18:00:00,0.02128593765597871,0.030841504473060864,0.04163715369233092,0.11743195281039134,0.16235165659743322,0.42,False,False,2000,1.5561419796420544,1.3678660388607295,7.54635209040522
120,2023-01-05 00:00:00,0.03741646534655448,0.029236041523253774,0.040743893305546154,0.11375803655709091,0.16602784822057826,0.3105,False,False,2000,1.4992558171294208,2.4956691792728636,7.58763349505623
121,2023-01-05 06:00:00,0.022161336654244825,0.030745273145672485,0.04242069760606508,0.11556432764466973,0.17483139732376066,0.414,False,False,2000,1.4934820737309906,1.4838702816754783,7.737911935961103
122,2023-01-05 12:00:00,0.005672186076429625,0.03135018230136273,0.044148984154525873,0.12337913637789719,0.18039731007029727,0.509,False,False,2000,1.4843736241776087,0.38212657406737477,8.31186531263335
123,2023-01-05 18:00:00,0.008531606677501451,0.02887736961323678,0.04081089052431691,0.1150354889116593,0.16717713557403138,0.474,False,False,2000,1.4733986116108058,0.5790426711597209,7.807492691057701
124,2023-01-06 00:00:00,0.003033084459477865,0.028976476941727475,0.04105254970987687,0.11418779009495547,0.16491068885951948,0.5065,False,False,2000,1.4581242625462818,0.20801275566056862,7.8311425869529465
125,2023-01-06 06:00:00,0.006791639857236162,0.0281378919049639,0.040584798019757944,0.11350602970032359,0.16417102036093942,0.481,False,False,2000,1.4783877097303897,0.45939504316325375,7.677690294180234
126,2023-01-06 12:00:00,0.027795257614538844,0.03168165108873846,0.04303709367899032,0.1214497652666374,0.16921305589598065,0.3975,False,False,2000,1.4722892118263404,1.8878938588471672,8.249042667098117
127,2023-01-06 18:00:00,0.04709082050781844,0.029973831452345813,0.04231898445866503,0.11923969636020539,0.17238970357612113,0.271,False,False,2000,1.4728371693663531,3.1972862640394895,8.09591846541359
128,2023-01-07 00:00:00,0.058099820039770204,0.029495101528412816,0.041677351663887266,0.11685134311085796,0.17273770607132105,0.208,False,False,2000,1.4409977985336264,4.0319159473312975,8.109057711938702
129,2023-01-07 06:00:00,0.05488903911575496,0.028909004061300262,0.04134117694887602,0.11479280190517017,0.1739091188599706,0.226,False,False,2000,1.456980724134025,3.7673140218364223,7.878814043569364
130,2023-01-07 12:00:00,0.07056082425064286,0.028913990672460914,0.04150758401690132,0.11316874632954986,0.16284241343491196,0.163,False,False,2000,1.4902598711069177,4.734799991509703,7.593893422460052
131,2023-01-07 18:00:00,0.08477962779501812,0.029330737821924965,0.043058174344452235,0.1192680214040427,0.17885393332711147,0.114,False,False,2000,1.4601828527729572,5.806096656594586,8.168019585872209
132,2023-01-08 00:00:00,0.06472319610010419,0.0291422728704923,0.04077008989469713,0.11371926801114345,0.16400853346928412,0.185,False,False,2000,1.4695865095712333,4.404177343665725,7.738181268710898
133,2023-01-08 06:00:00,0.04156601562130588,0.026687019009447373,0.04029665997440165,0.11271286990571759,0.16926108379306623,0.2535,False,False,2000,1.4307859430159857,2.905117695920883,7.877689213812627
134,2023-01-08 12:00:00,0.02898636746548574,0.029050991956131866,0.041914117761818845,0.11792720093843806,0.16484625719403959,0.3465,False,False,2000,1.4033865723947887,2.065458515540901,8.403044696173977
135,2023-01-08 18:00:00,0.03409693456402593,0.02680071264333781,0.039668182508617,0.11119076280923018,0.15293864627010295,0.3055,False,False,2000,1.3869161831846708,2.458471173487335,8.017122026358596
136,2023-01-09 00:00:00,0.04571874256053127,0.028125334929116924,0.04100663582512115,0.11551580626599296,0.16381963990246193,0.259,False,False,2000,1.4404094879114746,3.1740100953390185,8.01965046991501
137,2023-01-09 06:00:00,0.05791652795905644,0.02670500352671525,0.040656515420190865,0.11708326216347521,0.1614936330672642,0.1925,False,False,2000,1.4489771013051402,3.9970630251429897,8.080408038057644
138,2023-01-09 12:00:00,0.06048204123468114,0.030552427150002438,0.04390681328316462,0.12374422862379264,0.17401094682918053,0.215,False,False,2000,1.4454765283121829,4.184228526028249,8.560791282324255
139,2023-01-09 18:00:00,0.05420641186700063,0.02899960812322354,0.04131548151239391,0.11778877620441157,0.15826346106920006,0.2235,False,False,2000,1.4122972212161442,3.83817308797952,8.340225728333756
140,2023-01-10 00:00:00,0.030309589789216766,0.028561097380988557,0.042325456463961776,0.12058803860861365,0.17390245790594397,0.3315,False,False,2000,1.4032014527165009,2.160031243592251,8.593779487269169
141,2023-01-10 06:00:00,0.023573432651500893,0.02599734968133896,0.040771359976905605,0.1173364373785117,0.16356294895113083,0.3345,False,False,2000,1.379455952278907,1.7088934672076193,8.505993771288457
142,2023-01-10 12:00:00,0.0050384785329698825,0.02759781758278735,0.041363210701374276,0.11320575509161744,0.16693856408115126,0.471,False,False,2000,1.3520665558406624,0.3726501858362403,8.372794564187005
143,2023-01-10 18:00:00,0.03437678256559793,0.029504996355978107,0.042146376855304035,0.11802397042476846,0.17343221062975925,0.3225,False,False,2000,1.3438538029950493,2.55807458288858,8.782500757279418
144,2023-01-11 00:00:00,0.05948317845048989,0.031016903758944135,0.042588225341834575,0.11947940967229326,0.17045625888078036,0.218,False,False,2000,1.2945469735205821,4.594903056219162,9.229437951360183
145,2023-01-11 06:00:00,0.03684668202221165,0.030020287622586454,0.04338220462953932,0.11862714966637421,0.17405165072829665,0.3185,False,False,2000,1.2967305483663998,2.841506438529616,9.148172672867064
146,2023-01-11 12:00:00,0.04314983379306302,0.029338501656318686,0.044260057078107595,0.12170146104952984,0.1859930606920997,0.2675,False,False,2000,1.2574123715599488,3.4316374459980246,9.67872305077981
147,2023-01-11 18:00:00,0.03285875159361267,0.030514445171841445,0.04301071383028924,0.12069205281715384,0.1756536591806799,0.347,False,False,2000,1.2169681621947905,2.700050224350342,9.917437166103579
148,2023-01-12 00:00:00,0.030139714321821155,0.02925997696496175,0.04348214106741852,0.12222090176877208,0.18080471413402574,0.3355,False,False,2000,1.2387682932538593,2.4330388891899624,9.86632467382062
149,2023-01-12 06:00:00,0.040675176453200575,0.031934270382731784,0.04421923940504169,0.12398721651313258,0.1748917896894324,0.314,False,False,2000,1.186668091499125,3.4276792933578735,10.448348396770218
150,2023-01-12 12:00:00,0.059167846802365656,0.031791651415923126,0.04470612144559849,0.12568667431857364,0.17891363867116167,0.223,False,False,2000,1.1706297223600464,5.054360543919934,10.736672059306951
151,2023-01-12 18:00:00,0.08152649190168491,0.03240024307774011,0.044854996953247954,0.12773735297014646,0.18582326149980033,0.1505,False,False,2000,1.1862315461864206,6.872730046994782,10.768332150734429
152,2023-01-13 00:00:00,0.10797153166795144,0.033650832103807725,0.04584541321122804,0.12725397362172122,0.1857668304274668,0.0865,False,False,2000,1.1684791343625431,9.240347430496024,10.890564485017002
153,2023-01-13 06:00:00,0.09145661133007923,0.03411664246966729,0.047321245066626515,0.13369423225493343,0.19166745252083134,0.134,False,False,2000,1.1382684289485372,8.034713869255011,11.745404586019486
154,2023-01-13 12:00:00,0.09391278589013433,0.033682637508589734,0.04569566637126324,0.1285282970976038,0.18227874725202328,0.1215,False,False,2000,1.1386750973813067,8.247548937015688,11.287530340585265
155,2023-01-13 18:00:00,0.08972426406355014,0.032902143872654235,0.046393594634151526,0.13115237779845132,0.18308216299245678,0.128,False,False,2000,1.134790008928279,7.906684351961093,11.557413862174778
156,2023-01-14 00:00:00,0.12518290047081587,0.031521637006321816,0.043271971325944805,0.12297478643285571,0.16594511684873348,0.046,True,False,2000,1.1561544505440209,10.827523987985504,10.636536180351227
157,2023-01-14 06:00:00,0.12598666035000558,0.03237691561337617,0.045359303170531856,0.12841610447693205,0.18162815716702102,0.0525,False,False,2000,1.1419123289491604,11.032953857845133,11.245706103822032
158,2023-01-14 12:00:00,0.11427924360480776,0.03278771980573942,0.04515436783534085,0.12738168325738264,0.18113930593919345,0.0735,False,False,2000,1.1322894180970107,10.092759128392446,11.249922610022043
159,2023-01-14 18:00:00,0.1046278913068113,0.032469703307895594,0.044765471688580166,0.1262837643511285,0.17940290337091397,0.0895,False,False,2000,1.1245520899040926,9.303961305672775,11.229694514364258
160,2023-01-15 00:00:00,0.1071780427188111,0.030589335787964543,0.04348012874802302,0.12458006059737706,0.16711107124109717,0.0795,False,False,2000,1.0538295396414932,10.170339574583615,11.82165197606422
161,2023-01-15 06:00:00,0.08209733532158241,0.03081691493939558,0.043424841679380245,0.12406030004287676,0.17289057934976654,0.1355,False,False,2000,1.0190246867628325,8.056461868689714,12.174415561705672
162,2023-01-15 12:00:00,0.07041102288543717,0.029589539164606975,0.043838719960475406,0.12572242159599448,0.1746080687064999,0.17,False,False,2000,1.0072104995291087,6.990695879198613,12.482238981302544
163,2023-01-15 18:00:00,0.07240559384250513,0.03011033121487868,0.04396361980207046,0.12565795155269754,0.18025153016194018,0.1645,False,False,2000,1.0342670769068991,7.000666990101127,12.149468387652139
164,2023-01-16 00:00:00,0.06852628570903403,0.030305973232349317,0.04430439514110693,0.1236511674315295,0.18811755507121208,0.1765,False,False,2000,1.0437041320882077,6.565681173641516,11.847339071479238
165,2023-01-16 06:00:00,0.05456362015638235,0.03019525696071098,0.04359668822738922,0.12070010970866389,0.1696430348962293,0.227,False,False,2000,0.9730070818980486,5.607731040348122,12.40485418391958
166,2023-01-16 12:00:00,0.04866356651995862,0.03055527893258765,0.04351985037200299,0.12375580371069461,0.17435947833004023,0.258,False,False,2000,0.9748187272017096,4.992063156157355,12.695263258425998
167,2023-01-16 18:00:00,0.03768372259747126,0.031925268427509236,0.045422705043135385,0.13011057690856753,0.17565864325857108,0.3165,False,False,2000,0.9182421058906259,4.103898346168833,14.169528501676584
168,2023-01-17 00:00:00,0.048020993691873765,0.03351778225619297,0.04551370267513389,0.1264714693773297,0.18712951876709527,0.289,False,False,2000,0.9196956060751541,5.2214007955094734,13.751448690404523
169,2023-01-17 06:00:00,0.04209261681325349,0.032373193553191855,0.04497163036539316,0.12743408427149838,0.1862299733625304,0.307,False,False,2000,0.9287471245393706,4.53219350037074,13.721074435056979
170,2023-01-17 12:00:00,0.035495230880179376,0.03156033688813367,0.042729583695392336,0.11960009830131506,0.16191522250925924,0.3485,False,False,2000,0.9833457123350176,3.6096390552101636,12.16256874881947
171,2023-01-17 18:00:00,0.03692489370372766,0.03085474700290444,0.04388890453460894,0.12609471953379758,0.17468085518542048,0.3215,False,False,2000,0.9651248030579905,3.8259190507519256,13.065120607642394
172,2023-01-18 00:00:00,0.051321443821694644,0.03058769155346872,0.04243414212579825,0.11970576535267168,0.16166531740350137,0.2625,False,False,2000,0.97764363333807,5.249504223380714,12.244314929351901
173,2023-01-18 06:00:00,0.057358706272038824,0.03010987806085229,0.04203371817709613,0.1190449067544622,0.16689116469733858,0.2245,False,False,2000,0.9637352317835469,5.951707935994756,12.352449389460473
174,2023-01-18 12:00:00,0.05158488994909266,0.030479700090842277,0.041881734930966544,0.11777097412710613,0.16859475505954555,0.2515,False,False,2000,1.0069492445106956,5.122888788119523,11.69582029770868
175,2023-01-18 18:00:00,0.048488080381734334,0.033899858424034764,0.04503226425033249,0.128783768085301,0.17581116288188103,0.297,False,False,2000,1.0172172570009095,4.766737886918388,12.660399457338922
176,2023-01-19 00:00:00,0.04833794045396717,0.03276887577232588,0.04510665851163366,0.12576117296814057,0.18256663046328023,0.277,False,False,2000,0.9992786743925579,4.837283301712695,12.585195320473375
177,2023-01-19 06:00:00,0.05603702449955744,0.03535025977072477,0.045812465785417256,0.12725369130601472,0.18368534052830712,0.2745,False,False,2000,0.9933837636028079,5.641024803578644,12.810123938858286
178,2023-01-19 12:00:00,0.07897681020403799,0.03506881877329592,0.04750206575205612,0.13249903929439485,0.1981860165867253,0.168,False,False,2000,0.9630885502995489,8.20036851019295,13.757721369772671
179,2023-01-19 18:00:00,0.07129019848267219,0.03659174981051784,0.04747484831587046,0.1314555210240724,0.18661419914631433,0.2185,False,False,2000,0.9882894454372737,7.2134938617228155,13.301317911566812
180,2023-01-20 00:00:00,0.060583269184378404,0.0363101783858528,0.047855197143037494,0.13174215473810738,0.1917984722875095,0.256,False,False,2000,0.9869508470650562,6.138428206889717,13.348400797250992
181,2023-01-20 06:00:00,0.06987451134803982,0.03502551080322843,0.04704769921174271,0.13498435973495312,0.19023208191060353,0.2065,False,False,2000,0.9898589477726204,7.059037199721371,13.636726731489853
182,2023-01-20 12:00:00,0.08973297217680389,0.03444735401616853,0.046437505206671614,0.129546074071751,0.19084293007173014,0.135,False,False,2000,0.9889626599503378,9.07344390346446,13.099187595035827
183,2023-01-20 18:00:00,0.09838920020161082,0.03750712710225573,0.049141272670815486,0.14168241802798054,0.19239318164078975,0.1325,False,False,2000,0.9671174697788779,10.173448756344621,14.649969880119615
184,2023-01-21 00:00:00,0.15086577697729495,0.0373215496286055,0.04918405454352482,0.13950198208391865,0.1950626629413702,0.037,True,False,2000,0.9441589660390691,15.97885339268728,14.775264240634886
185,2023-01-21 06:00:00,0.1538134549873646,0.0385957457206673,0.050134828846334585,0.1413103511565676,0.1963528407416628,0.034,True,False,2000,0.9347408591881966,16.4551975529291,15.117596472598057
186,2023-01-21 12:00:00,0.15480946856915093,0.03785022204954475,0.04891573000233299,0.13957116710680154,0.19146963919140306,0.033,True,False,2000,0.9369143564124526,16.52333188296242,14.896897048438321
187,2023-01-21 18:00:00,0.15155676220530512,0.039264874269539875,0.05003801273302255,0.1430750226009057,0.195032339647525,0.0355,True,False,2000,0.9384507955458156,16.14967592596665,15.245873654749406
188,2023-01-22 00:00:00,0.1388418856672197,0.037859498143256586,0.04994075587811966,0.1405954574434578,0.1908406495066505,0.0525,False,False,2000,0.927997894666448,14.961444036155264,15.15040694073905
189,2023-01-22 06:00:00,0.1398143511335124,0.03811443291130982,0.05041547155077904,0.14223506607087444,0.20573537256808294,0.053,False,False,2000,0.9602174851598531,14.560696227088249,14.812796920397231
190,2023-01-22 12:00:00,0.13047509294926388,0.03858232444582413,0.049740527676670435,0.1383518745391563,0.20394763274423755,0.064,False,False,2000,0.961131899209957,13.575149576922104,14.394681380659662
191,2023-01-22 18:00:00,0.12380205894509069,0.03716588468049059,0.04744987863262784,0.1341512942776837,0.18018294314606983,0.064,False,False,2000,0.9669145799136534,12.803825851518999,13.874161902663996
192,2023-01-23 00:00:00,0.10984415499700771,0.03827679192102947,0.05021083569786889,0.14114127303406654,0.20887413587050557,0.104,False,False,2000,0.9406690903761435,11.677236567121021,15.004348976495937
193,2023-01-23 06:00:00,0.11508043460566161,0.037222257020290715,0.04730562856964026,0.13517082628102733,0.18340267452834247,0.0835,False,False,2000,0.9059045621878216,12.703372894793077,14.92108903332825
194,2023-01-23 12:00:00,0.13323859256662596,0.036453793633808136,0.047796760712472706,0.1328267830365779,0.19012899489081506,0.05,True,False,2000,0.922445054829913,14.444068171756141,14.39942491328868
195,2023-01-23 18:00:00,0.1242686671442887,0.036697901040401576,0.047512086686610173,0.13457480745701067,0.1850408338146965,0.066,False,False,2000,0.9119692997680718,13.626409044239995,14.756506330995482
196,2023-01-24 00:00:00,0.0997399754494259,0.0344401745762402,0.046140017526372874,0.12980856941717206,0.18220472935032778,0.1085,False,False,2000,0.8869439252710271,11.245353015857,14.635487737007265
197,2023-01-24 06:00:00,0.07668869147501836,0.03345671596235125,0.046490570404455554,0.12842362390846626,0.1874755055525185,0.171,False,False,2000,0.8872864740001831,8.6430587777677,14.473749760828628
198,2023-01-24 12:00:00,0.05998008389997881,0.033158095161516965,0.04714308540590948,0.13440936216892785,0.1823669409195603,0.232,False,False,2000,0.8655351437006938,6.929826516752069,15.52904733529887
199,2023-01-24 18:00:00,0.05921597680097668,0.035418392357977155,0.048265406015038655,0.1377737561694204,0.19492974548576322,0.259,False,False,2000,0.8336932503417988,7.102849492508093,16.52571327798752
200,2023-01-25 00:00:00,0.07132101894954104,0.03283071529716643,0.04612793576933796,0.1270991436902471,0.1851602308322916,0.1875,False,False,2000,0.8224778272269113,8.671482268404601,15.453200011333806
201,2023-01-25 06:00:00,0.05712406423795114,0.03653009530003429,0.04790925014207463,0.13722002749239326,0.18780886859488832,0.275,False,False,2000,0.8356310832209709,6.8360386999684515,16.421125332422246
202,2023-01-25 12:00:00,0.05989888292194115,0.03378050119339439,0.04557367282049848,0.1261464930333391,0.18159462165472473,0.238,False,False,2000,0.8296742666938458,7.219566199230348,15.20433959414193
203,2023-01-25 18:00:00,0.052356012737029674,0.03746379691337286,0.04935801435793199,0.1394284988963427,0.19319036397742295,0.3015,False,False,2000,0.8387858346818319,6.241880891668771,16.62265779073757
204,2023-01-26 00:00:00,0.05377678417718607,0.03464377479061417,0.04517524716236064,0.12697656868984175,0.17862157689556332,0.2775,False,False,2000,0.8400699818754849,6.401464799054904,15.114998920252123
205,2023-01-26 06:00:00,0.03980541598079375,0.03312899497805606,0.045752065821173526,0.12930748088672045,0.1771179673242862,0.3205,False,False,2000,0.8488091635722465,4.689560114227691,15.233987383279993
206,2023-01-26 12:00:00,0.020060159881637715,0.03840880445087626,0.049822552147864005,0.1411963839318367,0.1944413363051752,0.473,False,False,2000,0.9045961684654054,2.217581787425499,15.608775368943705
207,2023-01-26 18:00:00,0.020342737388880462,0.038537364680928,0.049848097877117366,0.13882640027398518,0.19790161554076746,0.4715,False,False,2000,1.002715759454366,2.028764103593035,13.845040228501887
208,2023-01-27 00:00:00,0.03601128593900941,0.03768984190571776,0.04968314084751752,0.14000341298044194,0.19858569559380154,0.378,False,False,2000,1.0182694303017439,3.5365184171676627,13.74915212164964
209,2023-01-27 06:00:00,0.045268684789118004,0.03423565660598838,0.04637769704738883,0.13146863831263214,0.1771644952506799,0.3085,False,False,2000,1.005996844519603,4.499883377937961,13.068494104016082
210,2023-01-27 12:00:00,0.03222860966253908,0.03973463025176283,0.050552373150372955,0.14642703977841076,0.19472071439107144,0.4215,False,False,2000,1.0176556571291306,3.1669464456629637,14.388662682963949
211,2023-01-27 18:00:00,0.023155341990456255,0.035030546853353994,0.04844919138817864,0.1380967705553792,0.19360733192083426,0.4245,False,False,2000,1.0378882782131942,2.231005251386015,13.30555257769397
212,2023-01-28 00:00:00,0.030798501056980537,0.03846744995200484,0.04920405556542491,0.1384644910010512,0.18289917500998143,0.416,False,False,2000,1.0387203160966114,2.965042714550696,13.330295831835123
213,2023-01-28 06:00:00,0.03391453391560714,0.038892453439636925,0.049825938380905176,0.14015244915079667,0.19622397378940692,0.406,False,False,2000,1.0708264378802823,3.167136401930969,13.088250737274532
214,2023-01-28 12:00:00,0.03766753461498809,0.03772492043274029,0.049496763160673675,0.14072643406550295,0.19184577278360557,0.3685,False,False,2000,1.0803879546412145,3.48648228195927,13.025546375351501
215,2023-01-28 18:00:00,0.035657279144085396,0.03642995547083973,0.04921296334443438,0.14086040662980306,0.20275326362200824,0.3615,False,False,2000,1.0528843936975032,3.3866281386187818,13.378525455689552
216,2023-01-29 00:00:00,0.01756740360386745,0.03829827111526407,0.04970329729761296,0.1396508116828988,0.19150988569194102,0.4905,False,False,2000,1.065986638128005,1.6479947285941436,13.100615588216161
217,2023-01-29 06:00:00,0.02247674467607978,0.04071017378659186,0.04885296587694355,0.14056925291727787,0.18956441330871424,0.499,False,False,2000,1.091484144773826,2.059282746680424,12.878726052993303
218,2023-01-29 12:00:00,0.022527530592413962,0.04099478546481698,0.051380771895268774,0.14885795181561826,0.20139019135038427,0.48,False,False,2000,1.0693167880769068,2.1067218661111817,13.92084679445921
219,2023-01-29 18:00:00,0.05110073392194873,0.040247610215364674,0.05113880314634212,0.14430170810617093,0.20225135002638317,0.3245,False,False,2000,1.0480264011752936,4.875901395675011,13.768900091099418
220,2023-01-30 00:00:00,0.08638729293924045,0.04237507357114117,0.051593721909114404,0.14830644345585428,0.19971122235884342,0.1945,False,False,2000,1.0358912001214549,8.339417588363702,14.3167973082951
221,2023-01-30 06:00:00,0.0935474742231837,0.03889369555219426,0.05046413140934303,0.14416956341961476,0.19724476713966688,0.155,False,False,2000,1.025222098517739,9.124605717964348,14.062276225615348
222,2023-01-30 12:00:00,0.08665690798871692,0.041219090187852594,0.05233302594048759,0.14944147336703945,0.20838909361908897,0.178,False,False,2000,0.9969649418682872,8.692071741893356,14.98964177085203
223,2023-01-30 18:00:00,0.09082978099724148,0.0413526238119137,0.05234668614454018,0.14982327309086452,0.20362814978174987,0.1685,False,False,2000,1.0007577076386676,9.07610106861514,14.970983680393452
224,2023-01-31 00:00:00,0.10355898375281061,0.04201732022884459,0.05156198307567878,0.1434479541521681,0.20188668981486643,0.14,False,False,2000,1.0211811357353684,10.141098393698408,14.047258525674684
225,2023-01-31 06:00:00,0.11391712147716236,0.04187625012540367,0.052745228581827036,0.15007865202643506,0.204743331992334,0.115,False,False,2000,1.0007565961088656,11.38309973874707,14.99651889480117
226,2023-01-31 12:00:00,0.14189790643778205,0.04372660618413687,0.05345706884476798,0.14951707592766136,0.20463122096941583,0.0595,False,False,2000,1.0336502519790347,13.727845193875126,14.464958107579893
227,2023-01-31 18:00:00,0.13584243913777122,0.04293205506065769,0.053107472064480445,0.15236990855532562,0.2075949515838152,0.073,False,False,2000,1.0362701529703389,13.108786231890965,14.703685918056825
228,2023-02-01 00:00:00,0.10978195474758955,0.041083223025328595,0.05135311021016886,0.1462933150880567,0.19563507066417735,0.1145,False,False,2000,1.0650283763973536,10.307890116406698,13.736095519155993
229,2023-02-01 06:00:00,0.09917793087722387,0.040767422408157554,0.0515221012917858,0.1479285415877467,0.20694159629804285,0.137,False,False,2000,1.0785497042474954,9.195490062872935,13.715505275758849
230,2023-02-01 12:00:00,0.09091359879034593,0.04287599555441919,0.052505151941127495,0.14929290247557112,0.2117167256477293,0.1765,False,False,2000,1.07613964537299,8.44812280462312,13.873004597263602
231,2023-02-01 18:00:00,0.08693283010578587,0.04479915683396051,0.05508276698435014,0.1521457173316211,0.2261283465996848,0.206,False,False,2000,1.1086100074743406,7.84160611212938,13.724007207750432
232,2023-02-02 00:00:00,0.11408608433063483,0.04457587851105048,0.05222815686521465,0.15133437810684547,0.20068587913180277,0.114,False,False,2000,1.1144483455087222,10.237000646140933,13.579308427952713
233,2023-02-02 06:00:00,0.12282533721358396,0.04135474638776783,0.05231124010681016,0.14930027131075896,0.2011573597157337,0.0925,False,False,2000,1.1406342146113762,10.768161750735453,13.089233112442347
234,2023-02-02 12:00:00,0.11964903242461633,0.044763891213545064,0.05454761264910536,0.15339439499035662,0.21511655088103265,0.104,False,False,2000,1.1621786896682187,10.295235447723963,13.19886488661636
235,2023-02-02 18:00:00,0.14491917548009223,0.04509837232181326,0.05431201495375626,0.1528507183677326,0.21380681071711108,0.061,False,False,2000,1.2206412351445157,11.872380787048765,12.52216572461081
236,2023-02-03 00:00:00,0.13939999159246874,0.04520561009220775,0.05325663267741279,0.15030622194766388,0.20605995310475084,0.0665,False,False,2000,1.20691398658553,11.550118164331167,12.453764196808583
237,2023-02-03 06:00:00,0.11687645076449435,0.043806879384981366,0.05340149908177181,0.15356125380533225,0.2109887999632849,0.119,False,False,2000,1.2091265501924768,9.666188435436238,12.700180455129972
238,2023-02-03 12:00:00,0.11782682386171679,0.04631328073429621,0.05438551470932724,0.15783927874777431,0.21140846739718924,0.1235,False,False,2000,1.208155117908911,9.752623824137157,13.064487863194618
239,2023-02-03 18:00:00,0.10844634086453903,0.04532000862198722,0.05428082608999098,0.14921930863655922,0.21853511737464001,0.138,False,False,2000,1.2104769224782248,8.958976321705949,12.327315446135117
240,2023-02-04 00:00:00,0.11708478739581082,0.04373549579022506,0.051371787403607684,0.14518622133103118,0.20061646189841503,0.1035,False,False,2000,1.190523181249641,9.834733942174227,12.195161221357777
241,2023-02-04 06:00:00,0.1156775514509184,0.04937542733723261,0.05407582353272095,0.15413029746809778,0.2079219903219385,0.135,False,False,2000,1.2289890495209668,9.412415146905255,12.541226264642019
242,2023-02-04 12:00:00,0.1122294805116699,0.0479173202648809,0.054223671309474135,0.15564591390593402,0.21001386995926963,0.1395,False,False,2000,1.2737072217805714,8.811246304686831,12.21991296307088
243,2023-02-04 18:00:00,0.11296065832719455,0.04603667716581557,0.054815461134662326,0.16036234949323658,0.2102710481115856,0.125,False,False,2000,1.335844301163423,8.45612458194522,12.004568897256416
244,2023-02-05 00:00:00,0.13165553881413025,0.04417295813888681,0.05423629930808143,0.15557287827317248,0.2071303154304928,0.0895,False,False,2000,1.4205526591314326,9.267909779186102,10.951574182986944
245,2023-02-05 06:00:00,0.12267770652485692,0.044597923253318586,0.05356514152550053,0.15233514959731537,0.21764255270025334,0.0965,False,False,2000,1.456184791657524,8.424597429370019,10.461251241603591
246,2023-02-05 12:00:00,0.11818283225730905,0.04353547686078001,0.05145046094447854,0.14614831122697988,0.19851140015397142,0.1075,False,False,2000,1.4641648857627445,8.07168874260652,9.98168393792924
247,2023-02-05 18:00:00,0.11760553753771395,0.03975007548143056,0.049918778612346365,0.1409403462823316,0.18803025868686893,0.0965,False,False,2000,1.4433987941861766,8.147820131997742,9.764477208240791
248,2023-02-06 00:00:00,0.10895398608074512,0.03989107733799087,0.049679103000837846,0.14036092488289567,0.19405587531765323,0.107,False,False,2000,1.4592235550087032,7.466572596554288,9.618877409230041
249,2023-02-06 06:00:00,0.10986423996713919,0.04119603582750304,0.05037509696361354,0.1428915243664775,0.19046654525654025,0.1125,False,False,2000,1.476624949080552,7.440226445824866,9.676900316187368
250,2023-02-06 12:00:00,0.1268235801597168,0.04275334964263856,0.05171959291920051,0.14858575562098064,0.21017688642541912,0.0805,False,False,2000,1.4976042064288286,8.468431085816658,9.921563720450324
251,2023-02-06 18:00:00,0.13644096884235987,0.044019473889627375,0.05137009727598414,0.14484290617050022,0.20053951809134743,0.058,False,False,2000,1.4862935869906362,9.179947356068316,9.745241952080947
252,2023-02-07 00:00:00,0.11966378881189729,0.042556162136647945,0.05139855863709003,0.14577105488447703,0.2019003155577985,0.0945,False,False,2000,1.4816741147452273,8.076255609856112,9.83826695990719
253,2023-02-07 06:00:00,0.09133994810234612,0.046144900619694965,0.0530558308234512,0.15058068401143357,0.2082792607794782,0.1965,False,False,2000,1.4593394076559096,6.2589927759891415,10.31841415516261
254,2023-02-07 12:00:00,0.09654790535263078,0.04739578374177727,0.055175980519563655,0.16242711430807066,0.22038109796711322,0.1805,False,False,2000,1.4541773552954238,6.639348701246731,11.169690802610026
255,2023-02-07 18:00:00,0.07208625575382152,0.04425942161531842,0.0524561701215665,0.14992998215659384,0.2003163247101951,0.2635,False,False,2000,1.432640487121634,5.031705888659648,10.465290036429389
256,2023-02-08 00:00:00,0.0638555245825741,0.0439229688238145,0.05298223632471578,0.1519588062231414,0.20708832577232875,0.299,False,False,2000,1.408127135565802,4.534784038297522,10.791554426091118
257,2023-02-08 06:00:00,0.06624321239412562,0.04144097424908368,0.050293601486103595,0.14397832228820015,0.1959913536542195,0.2645,False,False,2000,1.418145275814837,4.671116106638908,10.152579199297701
258,2023-02-08 12:00:00,0.07724233936281687,0.04250265281216169,0.05076850630361157,0.1433989839635907,0.20068561805378735,0.223,False,False,2000,1.4134235536348434,5.464911007332226,10.145506886086439
259,2023-02-08 18:00:00,0.04913898372462989,0.043041856809565376,0.052080307982737904,0.1517530362100279,0.20178171735129,0.3605,False,False,2000,1.423507475763413,3.4519652731909356,10.660501528356516
260,2023-02-09 00:00:00,0.07111668426837185,0.04319558498853341,0.05125582382029899,0.14518551710631347,0.19698365476042098,0.2535,False,False,2000,1.444022876086724,4.924900113847004,10.054239410650032
261,2023-02-09 06:00:00,0.047721168713557305,0.041551012737167825,0.05000408390702965,0.14067297166378576,0.18746287889344476,0.364,False,False,2000,1.4542244925658496,3.281554461330627,9.673401347791964
262,2023-02-09 12:00:00,0.05186329782747531,0.040343193297630836,0.04760865580303928,0.1366491395251331,0.18570552037350013,0.328,False,False,2000,1.4549615678794494,3.56458197745141,9.391941515286481
263,2023-02-09 18:00:00,0.05151999710302732,0.03984775175086417,0.04920778421884284,0.14346550539690903,0.18874545116992555,0.3355,False,False,2000,1.4514045325464213,3.5496648899557934,9.884598137860676
264,2023-02-10 00:00:00,0.04703028275762535,0.04278416082743959,0.05225046000363591,0.14968469752718747,0.2039528502228724,0.366,False,False,2000,1.4644094482299308,3.2115528081625024,10.221505857403146
265,2023-02-10 06:00:00,0.04976938211942563,0.0377183342655514,0.0477798723999561,0.1365478071186141,0.1843059874296671,0.314,False,False,2000,1.4735711117325117,3.3774672781763897,9.266455214236094
266,2023-02-10 12:00:00,0.05334638106292797,0.03635946505498185,0.045939989323731535,0.13172648538438206,0.18378981387117002,0.292,False,False,2000,1.4822945204759301,3.5989056375786705,8.88666075228341
267,2023-02-10 18:00:00,0.07539389392157649,0.03976534731569649,0.049250043599571226,0.1435032670939857,0.1855429180571524,0.217,False,False,2000,1.465509195190656,5.144552771759859,9.792041398642782
268,2023-02-11 00:00:00,0.06972703046256741,0.036986852040081064,0.046595501490646056,0.13452716241202095,0.18073768289243294,0.2125,False,False,2000,1.437746856529606,4.849743203812151,9.356804488986254
269,2023-02-11 06:00:00,0.08180542919742466,0.03945436483520963,0.04795388267189603,0.1374814994605821,0.19002755610352584,0.1805,False,False,2000,1.4520406756369109,5.633824903805964,9.468157591403449
270,2023-02-11 12:00:00,0.05700418170969925,0.04149903263184527,0.050312966752895004,0.13965276917287917,0.2014846018053789,0.3185,False,False,2000,1.4545929198551577,3.9189096091142455,9.600814583009603
271,2023-02-11 18:00:00,0.06802528884104381,0.03854007942812562,0.047794007478164154,0.13921218424535756,0.1843837200730971,0.2345,False,False,2000,1.490802656410688,4.562997560309158,9.338069237180594
272,2023-02-12 00:00:00,0.04230223835880702,0.038461114724808565,0.04778223899764881,0.1373914302822859,0.19251565803724238,0.362,False,False,2000,1.4921603222000628,2.834966037458762,9.207551510263588
273,2023-02-12 06:00:00,0.03815605099846306,0.03706969116433721,0.046604456698973375,0.13378526359538317,0.17785490864442957,0.3795,False,False,2000,1.4785535862220682,2.5806336242406767,9.04838788678773
274,2023-02-12 12:00:00,0.05156085231257476,0.03686338081384134,0.04651027947522052,0.13089186763643382,0.1804991640176338,0.3065,False,False,2000,1.4916785432449324,3.456565930110621,8.774803943462064
275,2023-02-12 18:00:00,0.06879991922786653,0.04024671166654714,0.049722635263970104,0.13920683308618925,0.19798487218931382,0.2535,False,False,2000,1.5277937804788646,4.503220271410072,9.111624544155227
276,2023-02-13 00:00:00,0.06231781130031953,0.04077508739121866,0.05097679085905173,0.14380197187768115,0.1993719784771417,0.281,False,False,2000,1.5250459425111946,4.086290751195653,9.429353429241072
277,2023-02-13 06:00:00,0.07952645093882228,0.04292923819338666,0.051387023677161914,0.1466628413292477,0.1968750279779384,0.223,False,False,2000,1.5152889542975696,5.248269692277122,9.678869559056148
278,2023-02-13 12:00:00,0.07173379468301143,0.04217717682544572,0.04971918257197619,0.14458741495609806,0.1924533613366758,0.2415,False,False,2000,1.4968343981983714,4.7923667955087135,9.659546515641757
279,2023-02-13 18:00:00,0.06762190285787063,0.04214111931951837,0.050945825965310845,0.14612470694334084,0.20372794914979422,0.2645,False,False,2000,1.4925270246219848,4.530698723863801,9.790422855515807
280,2023-02-14 00:00:00,0.07414917102870214,0.03935105997871753,0.04755870902561809,0.13247305602045198,0.17863927465591503,0.229,False,False,2000,1.4732185532757744,5.033141271797574,8.992084421275552
281,2023-02-14 06:00:00,0.06319261895995655,0.03899225303901285,0.048977336127305406,0.13887137828558965,0.18682253835527693,0.2645,False,False,2000,1.481385403026268,4.265778428143187,9.374425993525682
282,2023-02-14 12:00:00,0.07755788497454628,0.03922589924475761,0.048822815313776954,0.13767845310004567,0.1916025024080405,0.2135,False,False,2000,1.4973659458186506,5.179621267007197,9.194709782502308
283,2023-02-14 18:00:00,0.07438128901652959,0.04114281755441621,0.05130837605839815,0.1442080737795177,0.20578508001782875,0.2375,False,False,2000,1.498262701722395,4.964502482176273,9.625019271569455
284,2023-02-15 00:00:00,0.060150252244273936,0.041533749222658144,0.0508260166695668,0.14303301568166238,0.2025744738228388,0.298,False,False,2000,1.4927860943364326,4.029395267847246,9.581614956377447
285,2023-02-15 06:00:00,0.05856716276488823,0.039790894085601415,0.04871466490324288,0.14038858015609945,0.189961868840866,0.28,False,False,2000,1.5018336498106146,3.8997103821900456,9.347811601757813
286,2023-02-15 12:00:00,0.05979620733809831,0.04110577864425032,0.049256107088976195,0.13977848972195514,0.1747060428135198,0.299,False,False,2000,1.492873080384004,4.0054448113376955,9.363052462972984
287,2023-02-15 18:00:00,0.05547400859591481,0.043107805183436834,0.05289765329581369,0.15203764535806716,0.19825370426656314,0.318,False,False,2000,1.4913026143920398,3.7198358039846884,10.19495599959425
288,2023-02-16 00:00:00,0.07032677550695772,0.043606006463142125,0.05289137123560306,0.14729424296128008,0.20643642307104174,0.265,False,False,2000,1.50125602953467,4.684529095863564,9.811400591472426
289,2023-02-16 06:00:00,0.06575467733389122,0.04593910390398446,0.05267456757571224,0.1489623971749496,0.20166108615617248,0.29,False,False,2000,1.4958792611082534,4.395720900975356,9.958183193514408
290,2023-02-16 12:00:00,0.05695077079384598,0.0488526994867006,0.05576209268224181,0.15970799067743827,0.2233525737636757,0.3615,False,False,2000,1.4703780094427863,3.873206102655739,10.86169608439405
291,2023-02-16 18:00:00,0.03915841686467982,0.047775501025169344,0.05603542641068063,0.16088792206036726,0.22632684174087256,0.4485,False,False,2000,1.4865675178240898,2.6341499054140884,10.822779330996093
292,2023-02-17 00:00:00,0.050065257402426754,0.04676770645498886,0.055111620083058796,0.15847612082768817,0.21441451680373766,0.3775,False,False,2000,1.5007766271836207,3.3359566304267374,10.559607469706318
293,2023-02-17 06:00:00,0.047829413529483285,0.04368734896780081,0.052560144463645965,0.14879463821739783,0.21492878214281763,0.369,False,False,2000,1.4918093497398297,3.2061344526245725,9.974105487631345
294,2023-02-17 12:00:00,0.05655003359852446,0.04352601924532176,0.052393086149422216,0.14888087898155636,0.20947191388047737,0.3225,False,False,2000,1.5232773827043666,3.712392387664009,9.773720838501463
295,2023-02-17 18:00:00,0.07108878739231426,0.04628596113828753,0.053537965846432924,0.15055315495692334,0.20943188739582924,0.278,False,False,2000,1.5136110274320014,4.696635139671504,9.94662117468531
296,2023-02-18 00:00:00,0.09139792779291078,0.04939294909162425,0.05654551768049076,0.16179965444943067,0.21942186111903447,0.21,False,False,2000,1.5136794265528737,6.038129751228286,10.689162553916692
297,2023-02-18 06:00:00,0.07713573028066041,0.04347732973089309,0.051283097060915585,0.14514141660394858,0.20189874347696432,0.243,False,False,2000,1.53455778492906,5.026577105027444,9.458191671202412
298,2023-02-18 12:00:00,0.1099122398113822,0.043072571708507895,0.05139988224581415,0.1426875088694062,0.2031783895750989,0.121,False,False,2000,1.550940129792469,7.086813842781252,9.200065568520637
299,2023-02-18 18:00:00,0.12216452667628594,0.04022009659936763,0.05062329985683433,0.1438166253175847,0.19686098365400342,0.081,False,False,2000,1.5394982027352107,7.935347144883799,9.341785853472722
300,2023-02-19 00:00:00,0.11352241405941413,0.03919039878410376,0.05028126234422012,0.14401532352652702,0.2013332571798491,0.0975,False,False,2000,1.5266727263367714,7.435936471584808,9.433280692194563
301,2023-02-19 06:00:00,0.11319082550721811,0.03962697649331846,0.05061990757727164,0.1419400244063116,0.19479936805763637,0.105,False,False,2000,1.5010419115354225,7.5408171242490285,9.456100013964333
302,2023-02-19 12:00:00,0.10603542172087216,0.037943859320669376,0.04897776639150021,0.13943839287997647,0.1875964940097444,0.116,False,False,2000,1.4884032804829723,7.124105617831257,9.368320717133201
303,2023-02-19 18:00:00,0.1062600323320767,0.03703326172734897,0.04857895160063429,0.13739749537207133,0.19530080077887502,0.101,False,False,2000,1.4702594517058423,7.22729802612664,9.345119000096094
304,2023-02-20 00:00:00,0.10372999133179926,0.03957484459927465,0.05048698434944474,0.140861142055066,0.19713507105452013,0.122,False,False,2000,1.4779125781883278,7.018682489254864,9.531087571345937
305,2023-02-20 06:00:00,0.11858490511736344,0.0390884861561363,0.04943799721096765,0.1419573064331535,0.19527990158877295,0.088,False,False,2000,1.4619603258663487,8.11136273804768,9.710065582595783
306,2023-02-20 12:00:00,0.1224101139650035,0.036892104575980196,0.0485318264151049,0.13369100662555913,0.19374542840773834,0.077,False,False,2000,1.4672510550177478,8.342819965702654,9.111665394164056
307,2023-02-20 18:00:00,0.1317882956024803,0.037334589561808844,0.04811685706862498,0.1382111738283427,0.1931074918047164,0.06,False,False,2000,1.4811745675668984,8.897553231619876,9.33118734649758
308,2023-02-21 00:00:00,0.1260423535623935,0.034974353824356416,0.04702123902015611,0.13485609742985744,0.18439610410043963,0.062,False,False,2000,1.5076593448425382,8.360134800581063,8.944732634144351
309,2023-02-21 06:00:00,0.14929738329134126,0.03734516742668355,0.047499082728433374,0.13388158413603718,0.18443328361910716,0.031,True,False,2000,1.4916921365267437,10.008592231300845,8.975148481225293
310,2023-02-21 12:00:00,0.16553644933357395,0.0348800967838752,0.04722127765738681,0.13357548894635132,0.18728819067181887,0.022,True,False,2000,1.4798988292448818,11.185659861494647,9.025987878813863
311,2023-02-21 18:00:00,0.16059235257765936,0.03724830443279309,0.048718012524889304,0.13683804975247144,0.1928928539204363,0.0255,True,False,2000,1.4639257171520816,10.969979603205237,9.347335602429057
312,2023-02-22 00:00:00,0.14660406936791254,0.037899356893504446,0.049402033021836246,0.14323486210218,0.1964579688247213,0.0445,True,False,2000,1.4845694373608378,9.875191128044158,9.648242682188902
313,2023-02-22 06:00:00,0.16012093079378206,0.03906160389711886,0.05092793281019392,0.1448558395926052,0.19784073188308787,0.032,True,False,2000,1.489581519308274,10.749390262853046,9.724599675476156
314,2023-02-22 12:00:00,0.16467176462310654,0.038262130721801735,0.0493581482547222,0.13911660808319892,0.19308485751262205,0.028,True,False,2000,1.5238940488222366,10.80598515037023,9.129021022866858
315,2023-02-22 18:00:00,0.18946947579237358,0.03809421626019152,0.049711160676640644,0.1396407789147796,0.19855538642051512,0.0135,True,False,2000,1.5246356631588587,12.427196895015298,9.158960549660828
316,2023-02-23 00:00:00,0.20041894887865533,0.037227805110054336,0.04830671690422696,0.13671786135189856,0.18790353050665226,0.006,True,True,2000,1.564912617314221,12.807037700457938,8.736453386550131
317,2023-02-23 06:00:00,0.20105990261522946,0.037847795103880526,0.05078397104519409,0.14239006705732724,0.20886961604236529,0.0135,True,False,2000,1.5284443298417911,13.154545356325876,9.316012646143678
318,2023-02-23 12:00:00,0.21534845549472145,0.03846125214611307,0.04941641548824642,0.13873006164449836,0.1958009683287593,0.004,True,True,2000,1.5045977559401416,14.312692853922401,9.22040865053753
319,2023-02-23 18:00:00,0.18170880740975381,0.037711889007850406,0.048853192860072316,0.1378965057907721,0.18899988096127684,0.0135,True,False,2000,1.5088608308115161,12.042781129922016,9.139113626311495
320,2023-02-24 00:00:00,0.2008950287300131,0.03729234142432745,0.04803592782477703,0.1338853595364692,0.1866173760841768,0.0045,True,True,2000,1.5245191555837614,13.177599506979456,8.782136914849225
321,2023-02-24 06:00:00,0.19759847337993008,0.03576862653357439,0.04648439013208657,0.1323349432585099,0.18729383225954777,0.006,True,True,2000,1.543155100099102,12.804835584397203,8.575608715547212
322,2023-02-24 12:00:00,0.19171990730326996,0.03695511845829526,0.04785237111391634,0.13218835046747685,0.1917070459381981,0.01,True,True,2000,1.5558418518513715,12.322583241679299,8.496258813849206
323,2023-02-24 18:00:00,0.21069745911030163,0.03826433042016397,0.048669083028534635,0.13739387823705884,0.20179373343214307,0.0075,True,True,2000,1.5856160963853367,13.288049963078699,8.665015355877754
324,2023-02-25 00:00:00,0.18889349990485563,0.03861002190081747,0.0495558226941153,0.14366650948839393,0.19480041126738173,0.013,True,False,2000,1.5440170938173892,12.233899524897103,9.30472273031618
325,2023-02-25 06:00:00,0.19082883584371726,0.03501986276326095,0.04703441654650547,0.13508229976585437,0.1847622253476106,0.009,True,True,2000,1.5655725575906632,12.18907644481155,8.6283001775235
326,2023-02-25 12:00:00,0.1892285612073417,0.033746097238656875,0.04683057608815829,0.1301194854476729,0.19434530010304138,0.012,True,False,2000,1.545177232903132,12.24639848283375,8.421007161955133
327,2023-02-25 18:00:00,0.19196002616961258,0.032824988307398974,0.044979474285345905,0.125123726789077,0.1836481893421235,0.006,True,True,2000,1.4913882558250495,12.871230909849062,8.389748698930005
328,2023-02-26 00:00:00,0.1567936706310784,0.034679467803181985,0.04655298384724259,0.13373319007514167,0.19380021193063574,0.029,True,False,2000,1.4954229433085926,10.484904710915805,8.942833910202001
329,2023-02-26 06:00:00,0.14842999164653278,0.035159539085338185,0.04734424221492171,0.13330351879862432,0.18699732728619486,0.033,True,False,2000,1.4273171610144222,10.399229806852507,9.339446230989257
330,2023-02-26 12:00:00,0.16328607485671628,0.036188921862107294,0.04709828129228505,0.13132941273794166,0.1794919946134979,0.0215,True,False,2000,1.4121784181192447,11.562708561584062,9.299774805569374
331,2023-02-26 18:00:00,0.1399861596218368,0.03393281377743181,0.04687222867092274,0.13078707867897824,0.1942411727263261,0.041,True,False,2000,1.3907672950490437,10.065390530836458,9.403951268092351
332,2023-02-27 00:00:00,0.1673814623450459,0.03493943753210632,0.04684593784489,0.1317707399379852,0.18461909824336703,0.0155,True,False,2000,1.3944344952385481,12.003537126812951,9.44976192054421
333,2023-02-27 06:00:00,0.1914596776983421,0.03362513845811276,0.044626101309859785,0.12615914335426373,0.17824470742040033,0.0065,True,True,2000,1.3958885196034174,13.715971942568682,9.037909659870726
334,2023-02-27 12:00:00,0.1778076954047698,0.031143067308110024,0.043923156557790485,0.12836710224693046,0.17656324150230962,0.0085,True,True,2000,1.408324761378397,12.625475336437358,9.114879306765241
335,2023-02-27 18:00:00,0.18000300127580143,0.03149026311970901,0.04286399225997826,0.1180299529035996,0.17250625879951462,0.007,True,True,2000,1.4396461144023514,12.503281151877182,8.19853933010461
336,2023-02-28 00:00:00,0.16147345565477628,0.03129471162494043,0.042903799648419554,0.12167933101073632,0.16738833448594792,0.014,True,False,2000,1.4417833393634758,11.199564542482799,8.439501809228547
337,2023-02-28 06:00:00,0.15742306841023262,0.0332407064858719,0.0442183922532268,0.125746242645661,0.16592113539100256,0.015,True,False,2000,1.441172034246155,10.923266943115305,8.72527634852671
338,2023-02-28 12:00:00,0.14589310928071378,0.031378233470819306,0.04246440547359909,0.11866814981760342,0.16660464071576525,0.0235,True,False,2000,1.4182887574295029,10.286558961739885,8.366995028055978
339,2023-02-28 18:00:00,0.16772294705298904,0.03329682864720689,0.044888652757567205,0.12664623641859804,0.17012581345268374,0.011,True,False,2000,1.379182350074381,12.161042159794427,9.182704260373391
340,2023-03-01 00:00:00,0.17788429059636998,0.03266618186268322,0.043893725975345375,0.12401965677064616,0.16992648047726988,0.008,True,True,2000,1.3945165638429857,12.755982625703592,8.893379970251113
341,2023-03-01 06:00:00,0.17460248554219537,0.029830268608432325,0.0419274624087504,0.1186864867895854,0.16926566442438107,0.009,True,True,2000,1.4133890789144328,12.353462195724656,8.397297570796551
342,2023-03-01 12:00:00,0.1855213440267033,0.032490652730158436,0.04336174047038573,0.1251204513437316,0.16697461011012088,0.006,True,True,2000,1.4416335562195408,12.868828089240939,8.679074568147572
343,2023-03-01 18:00:00,0.17233979570791313,0.03125704683366118,0.04248714668869729,0.11887688818899225,0.1689416926671538,0.008,True,True,2000,1.4193116914036303,12.142491092811152,8.37567173644774
344,2023-03-02 00:00:00,0.18725780745328813,0.032037203450193605,0.04406098522848514,0.12331318643401853,0.17657869153852357,0.0065,True,True,2000,1.4191860023328031,13.194733258746986,8.689008081486223
345,2023-03-02 06:00:00,0.20316660691784802,0.03196342466644457,0.04369943898777947,0.12089767590940435,0.1758006709762694,0.0045,True,True,2000,1.4193469064508148,14.31409093819647,8.517838405814278
346,2023-03-02 12:00:00,0.20293192547054267,0.03316374844649894,0.0442142561813258,0.1263825797327191,0.17289324884364726,0.0025,True,True,2000,1.4160589048304055,14.330754517224467,8.924952154292997
347,2023-03-02 18:00:00,0.1895454881791928,0.033462067028965835,0.044365860086150274,0.12776395281402325,0.16821510158171302,0.004,True,True,2000,1.4150411713427904,13.39505111355349,9.0289919050753
348,2023-03-03 00:00:00,0.19054429775793402,0.035012476821395654,0.0460084286670712,0.13043759229345628,0.17943464139355256,0.0085,True,True,2000,1.4074630666583523,13.53813839039705,9.267567681413178
349,2023-03-03 06:00:00,0.20399380110602855,0.03558248160580917,0.0461404203399631,0.1280077764205098,0.1814280876973148,0.0045,True,True,2000,1.4164229078436728,14.402040518857723,9.03739806181091
350,2023-03-03 12:00:00,0.21445710751978614,0.036379366940618225,0.04768709871642432,0.1332826098356002,0.19382531397146377,0.006,True,True,2000,1.4450018739920756,14.841303072314371,9.22369806119235
351,2023-03-03 18:00:00,0.21614304729113248,0.03402957555749613,0.04399243244987114,0.12189428250130548,0.1704794764725864,0.0015,True,True,2000,1.4250697034549669,15.167191244548322,8.553566341757362
352,2023-03-04 00:00:00,0.2202020684856962,0.037964922200178775,0.048111380268343135,0.13657671257614126,0.19469818420562923,0.003,True,True,2000,1.4270501992633584,15.43057620533351,9.570561193056978
353,2023-03-04 06:00:00,0.21735856407045098,0.035461520769623334,0.04564759775368071,0.1305032058904077,0.1786632431683634,0.002,True,True,2000,1.4280653535058638,15.220491382753687,9.138461735663965
354,2023-03-04 12:00:00,0.20885276968083108,0.035208671056805176,0.04621370478532022,0.13054810838525263,0.1852396203439863,0.004,True,True,2000,1.4292237862530857,14.613020836181887,9.1341964527125
355,2023-03-04 18:00:00,0.21111628252128725,0.03451038683791424,0.045644539098102135,0.13079114289053576,0.17237933547946743,0.003,True,True,2000,1.3871967814972987,15.218913807845968,9.428449131013965
356,2023-03-05 00:00:00,0.2262065444494087,0.04016357843759437,0.04883537807522217,0.13784571857798186,0.1885336239310919,0.0035,True,True,2000,1.3578345072148381,16.659360418921658,10.151879175668332
357,2023-03-05 06:00:00,0.21793377670155772,0.039967434161723256,0.049910518750632106,0.1417110042160968,0.19399586190663495,0.006,True,True,2000,1.363319341062445,15.985526658172422,10.39455686924095
358,2023-03-05 12:00:00,0.2314536388526445,0.037863361806533234,0.048879415351483754,0.134534893920685,0.19894722723017963,0.0035,True,True,2000,1.3767302826515386,16.811836114105965,9.772058885897032
359,2023-03-05 18:00:00,0.21332806674296056,0.036581785296250335,0.04654286377799005,0.1314642042127101,0.17469282723511795,0.0035,True,True,2000,1.298318705795405,16.431101684872264,10.125726728412925
360,2023-03-06 00:00:00,0.22133855508462466,0.034447525013762983,0.04607162106262908,0.13046075214157668,0.17663790235226254,0.0015,True,True,2000,1.2961332960937242,17.076835827896172,10.06538081652236
361,2023-03-06 06:00:00,0.2182053876218603,0.03394519615422453,0.04595515576014598,0.13062495418412248,0.18499424337102055,0.003,True,True,2000,1.312661656373535,16.62312497377977,9.951151810512812
362,2023-03-06 12:00:00,0.21310938098803853,0.033679038162425616,0.04476478614351691,0.12395755223372336,0.18122603256389896,0.0025,True,True,2000,1.3233529789014822,16.10374438155881,9.366930381387796
363,2023-03-06 18:00:00,0.19806389404776834,0.03708422685443021,0.04705083244052687,0.1326988468446465,0.1853471724672919,0.007,True,True,2000,1.3022401393916698,15.209475430567835,10.190044280668205
364,2023-03-07 00:00:00,0.20700895863551314,0.03544869399590907,0.046558409239501615,0.12934817639110666,0.1785307647795859,0.0055,True,True,2000,1.2883537434062418,16.067711193061623,10.039802892109948
365,2023-03-07 06:00:00,0.21731835654274984,0.035053637710236285,0.04673766203837352,0.13163937404628892,0.18614999872019683,0.002,True,True,2000,1.2980645337666732,16.741722070792882,10.141204125214246
366,2023-03-07 12:00:00,0.22648707505293914,0.03861692429831764,0.047793329596106514,0.13594219447172812,0.18250758873101924,0.0025,True,True,2000,1.3084265555762822,17.309880641576047,10.389745904526821
367,2023-03-07 18:00:00,0.21825173162053024,0.040608217912148005,0.05087874371720824,0.14006439386454514,0.20094064980098944,0.007,True,True,2000,1.3487585275157965,16.181675753518014,10.384690143351454
368,2023-03-08 00:00:00,0.21418206830001849,0.043011972349218615,0.051074639843139875,0.1442453231889054,0.19102817197307106,0.006,True,True,2000,1.410764467158928,15.18198631209855,10.224621228190859
369,2023-03-08 06:00:00,0.227056593638867,0.03981741248574241,0.0490066602784129,0.1399980664225344,0.18943293331035638,0.0025,True,True,2000,1.4159614778938556,16.03550641621959,9.88713807601403
370,2023-03-08 12:00:00,0.2300318594757927,0.04122600931883506,0.050370416855215934,0.14426485981241727,0.18674139293105907,0.002,True,True,2000,1.4076403014166678,16.341664787821546,10.248702006274415
371,2023-03-08 18:00:00,0.2298263487678927,0.04014992496458937,0.04940369120936183,0.14408887566833098,0.18836779976760773,0.0035,True,True,2000,1.4102620438334421,16.296712357312522,10.217170369037351
372,2023-03-09 00:00:00,0.21919155950712843,0.04041694002886761,0.04992735707729275,0.1407298482808039,0.19859333729752202,0.0055,True,True,2000,1.405063616419652,15.600116389439142,10.015905802144973
373,2023-03-09 06:00:00,0.2250285410028214,0.03789911345535303,0.046978183489758525,0.13690266257570816,0.18756188105712698,0.001,True,True,2000,1.3824322735494112,16.27772624441543,9.903028538548869
374,2023-03-09 12:00:00,0.22799320384365254,0.041380801634234105,0.05055610509493735,0.14433229537032194,0.19605016457246865,0.003,True,True,2000,1.3975597579627952,16.31366405226173,10.327450726022139
375,2023-03-09 18:00:00,0.25766333296871635,0.03951976887904359,0.04873053710775678,0.1420344548322448,0.18854368648663403,0.001,True,True,2000,1.4286092293675945,18.0359560663609,9.942148763459935
376,2023-03-10 00:00:00,0.26272432680353036,0.0379150052317995,0.04706136660695245,0.13484190190133935,0.18818680925352455,0.0,True,True,2000,1.4309331450943308,18.360349517671622,9.4233544287948
377,2023-03-10 06:00:00,0.22998707678210475,0.037943929425055554,0.04847533438738686,0.13852221056724842,0.19567546586610754,0.0025,True,True,2000,1.485819178894005,15.478806576806983,9.322952115233822
378,2023-03-10 12:00:00,0.24351951520558843,0.03880854157718509,0.048513721992450645,0.13885588656308087,0.1925087709665349,0.0015,True,True,2000,1.4933454343839392,16.306978251555666,9.298309913162464
379,2023-03-10 18:00:00,0.2271373933513281,0.03754172353895192,0.04710713118517849,0.1312163327914859,0.18108475442894365,0.002,True,True,2000,1.5322423744403524,14.823855359977852,8.563679936042256
380,2023-03-11 00:00:00,0.212639149625407,0.034829592449813616,0.04489623578090905,0.1268829909465784,0.1705187477911061,0.003,True,True,2000,1.5425424556751195,13.78497874357318,8.225575281883955
381,2023-03-11 06:00:00,0.1840812631732124,0.037017370626863354,0.04660216875896334,0.1337485097440848,0.18232664286313013,0.01,True,True,2000,1.5728023994889906,11.704029904393655,8.503834288880803
382,2023-03-11 12:00:00,0.19530459811840511,0.03640480253299536,0.04681466673453963,0.13194706286664865,0.18042008803498719,0.0075,True,True,2000,1.5974129293432924,12.226306331368948,8.260047257842905
383,2023-03-11 18:00:00,0.1806295401343164,0.03746539230875881,0.0467187619806348,0.13258296909968553,0.18671060801911749,0.0125,True,False,2000,1.6052967184235087,11.25209676574339,8.259094258280763
384,2023-03-12 00:00:00,0.1882806717627211,0.037792314267863225,0.04817734285813729,0.13800179169194873,0.19820667859762056,0.014,True,False,2000,1.5788330522383776,11.925305940092128,8.740746306032664
385,2023-03-12 06:00:00,0.17472400558913911,0.03639052184198832,0.04622729377858478,0.1317029311640284,0.1776959117429191,0.013,True,False,2000,1.5972885428716233,10.938787883309946,8.2454063639154
386,2023-03-12 12:00:00,0.17098925223361866,0.036745774828078455,0.04769877616527349,0.14002966984080395,0.180989410767079,0.017,True,False,2000,1.5994095862708109,10.690773251665812,8.755085066564947
387,2023-03-12 18:00:00,0.15551876977150522,0.03945195977441671,0.04771994695632344,0.13429093420220414,0.18416188646713869,0.0265,True,False,2000,1.5842607462838356,9.816488235052347,8.476567668371974
388,2023-03-13 00:00:00,0.16571050103144652,0.04288891480993646,0.05016524790814679,0.14474750006151896,0.1927794778397632,0.0245,True,False,2000,1.6119071454641918,10.280399928602945,8.979890713235534
389,2023-03-13 06:00:00,0.15483859901918676,0.04429413851110584,0.050328941172308066,0.14334724670866789,0.2002911740418214,0.039,True,False,2000,1.582498003580332,9.784441981529914,9.058289260672119
390,2023-03-13 12:00:00,0.17399224477978328,0.044044636731317144,0.05361697404399495,0.15197033929522222,0.2179315883503301,0.029,True,False,2000,1.5665489384909272,11.106722586489498,9.700963408242886
391,2023-03-13 18:00:00,0.1750710616769264,0.047976985938982225,0.05385901349278504,0.15586443436586522,0.20508606655058417,0.032,True,False,2000,1.581977753174528,11.066594414846497,9.852504818926478
392,2023-03-14 00:00:00,0.1819264824199067,0.0475485197161849,0.05537437853997098,0.15491229755287922,0.21870266024988677,0.0275,True,False,2000,1.59439193675235,11.41039905096839,9.71607381986786
393,2023-03-14 06:00:00,0.1898621164654102,0.0457214503719454,0.05362349904846917,0.1544987958790122,0.204109126529256,0.0185,True,False,2000,1.5997868725569917,11.867963146987659,9.657461161190286
394,2023-03-14 12:00:00,0.18826887331235947,0.0469271463546096,0.05393042817632444,0.15575246112578706,0.21665527349217953,0.0185,True,False,2000,1.6015637061618873,11.755315919561,9.725024395004834
395,2023-03-14 18:00:00,0.17713312332043876,0.047276452886516475,0.052688912855849014,0.15186196700767843,0.2051010080694068,0.023,True,False,2000,1.5616905037067732,11.34239613418932,9.724203780917168
396,2023-03-15 00:00:00,0.14830865503748422,0.049375230286620705,0.05455367763818195,0.1565535890717176,0.21124414800690924,0.0625,False,False,2000,1.531360027538639,9.684767289888146,10.223173274500759
397,2023-03-15 06:00:00,0.1434322513886984,0.04608827229394851,0.05384761408946964,0.1530513443249683,0.20570408211974703,0.0655,False,False,2000,1.542251866049433,9.30018335825447,9.923887770485774
398,2023-03-15 12:00:00,0.16019471583804812,0.04729797628222457,0.055425851832109393,0.1539163740771278,0.23580732599947207,0.0445,True,False,2000,1.5476429996747534,10.350882979583407,9.945211790411243
399,2023-03-15 18:00:00,0.15603526036490126,0.047975729075196503,0.05425789083098537,0.156854447384796,0.21340631189734863,0.0515,False,False,2000,1.5337824884228979,10.173232615619671,10.226642210922659
400,2023-03-16 00:00:00,0.17406456978657717,0.045580797735914384,0.05271522635491138,0.14616491265801568,0.2052596910661222,0.025,True,False,2000,1.4990110329646882,11.611960549904609,9.750756294897721
401,2023-03-16 06:00:00,0.15321254631349254,0.04800675087486998,0.05327922752628338,0.15445030080119831,0.2006714809962975,0.053,False,False,2000,1.4725453827852661,10.40460607222146,10.48866151133904
402,2023-03-16 12:00:00,0.12164252339407282,0.04389583279505099,0.051501430791213415,0.14730469561243636,0.20518230724306963,0.096,False,False,2000,1.4903508419835259,8.162005882599919,9.883893876718771
403,2023-03-16 18:00:00,0.13272948874124024,0.04290282581175852,0.049907480570921946,0.13791923102288708,0.19114353221576125,0.061,False,False,2000,1.4867986506570101,8.927199973082276,9.276254788228464
404,2023-03-17 00:00:00,0.13996257982487853,0.04548280616985451,0.05433087412661975,0.15967596266333065,0.20421672589600837,0.0755,False,False,2000,1.5097468914837942,9.270598973535353,10.576339886111608
405,2023-03-17 06:00:00,0.13962077292281083,0.04686009872283908,0.052777164577720255,0.15147160750159797,0.20833060916229942,0.064,False,False,2000,1.5369196193905175,9.084455111463734,9.855532169058113
406,2023-03-17 12:00:00,0.14433491047896496,0.04659235694825876,0.05404179307445151,0.15711084759618124,0.20770713493331844,0.0685,False,False,2000,1.529475331284723,9.436890385000657,10.272205401587737
407,2023-03-17 18:00:00,0.0997351124604344,0.046474659167454364,0.05162941672220067,0.15030080629938386,0.19221506609357894,0.1715,False,False,2000,1.5391587394863244,6.479845769106296,9.76512704268209
408,2023-03-18 00:00:00,0.11584682015129158,0.049329416710074125,0.055543763975868965,0.15671838119686815,0.21510676408133145,0.1335,False,False,2000,1.5618526241406514,7.417269616909712,10.03413374441115
409,2023-03-18 06:00:00,0.09632551304046291,0.0449575045154552,0.05209716577664771,0.14562552918319754,0.21136273513603046,0.176,False,False,2000,1.5339068649018066,6.279749784327956,9.493766050295354
410,2023-03-18 12:00:00,0.09988907503949662,0.04726185056914628,0.05421493639222868,0.15570078402909787,0.21317668247937252,0.1745,False,False,2000,1.5257205626354702,6.547009818557608,10.205065582923416
411,2023-03-18 18:00:00,0.11088823117223595,0.048469623225009625,0.05540611290130135,0.1540270104547595,0.21813184472332334,0.1435,False,False,2000,1.5158529996015842,7.3152364511190076,10.161078316646986
412,2023-03-19 00:00:00,0.10702722336740352,0.04488443033385878,0.05390861134734671,0.15358824133633114,0.21209261245076205,0.14,False,False,2000,1.4980648236158849,7.144365295826885,10.25244294606789
413,2023-03-19 06:00:00,0.10995594414930271,0.04889021610996362,0.055686645936976684,0.16161659956573823,0.2078418746780634,0.153,False,False,2000,1.475032296320432,7.454477059491866,10.956817689273771
414,2023-03-19 12:00:00,0.10514716517281512,0.047100134584945524,0.05334317074138957,0.15347497253049497,0.2055939611736983,0.1545,False,False,2000,1.4921857538292065,7.0465198386319745,10.285245797090052
415,2023-03-19 18:00:00,0.0973502365311326,0.04518440091318367,0.052847518672166846,0.15343115285652903,0.20405292694438912,0.1745,False,False,2000,1.4756802064726107,6.596973795822168,10.397317263154386
416,2023-03-20 00:00:00,0.07845322318615124,0.046520650923712326,0.0541515142729971,0.15055559733355375,0.20404720626961842,0.248,False,False,2000,1.4810113168144787,5.297273713944133,10.165729027471931
417,2023-03-20 06:00:00,0.0837516235616224,0.04478530460823593,0.05179505199159258,0.14854262614297944,0.20419413157219368,0.2095,False,False,2000,1.4900935376326474,5.62056149137328,9.96867796493992
418,2023-03-20 12:00:00,0.09913758019624644,0.04273242033107368,0.05092009085133995,0.14521763725493542,0.19824771263041796,0.149,False,False,2000,1.5216979339039831,6.514931642307261,9.543131657041366
419,2023-03-20 18:00:00,0.09376188881454882,0.04645292596139117,0.05373070126328085,0.15218765018128003,0.207603592408852,0.1825,False,False,2000,1.609453867908064,5.825695950913999,9.455856624153538
420,2023-03-21 00:00:00,0.0963190443072179,0.042961051131067164,0.050571076654301925,0.145178823928623,0.19257327269865812,0.1665,False,False,2000,1.627423942192948,5.9184974369633725,8.920774738817904
421,2023-03-21 06:00:00,0.09057814561082228,0.0402695534784917,0.048381745311699004,0.14065409525812242,0.1911346873692975,0.1535,False,False,2000,1.6251549472993276,5.573508283708238,8.654811376100508
422,2023-03-21 12:00:00,0.07368555756099888,0.04567464395536084,0.052819571647917896,0.15638438909552785,0.19637562062272768,0.262,False,False,2000,1.5941348517116187,4.622291362734017,9.809984953758354
423,2023-03-21 18:00:00,0.05389755189353967,0.04305626541194729,0.04966458704637558,0.1405694945693636,0.19755388740483246,0.347,False,False,2000,1.5955088180170756,3.3780792236876778,8.81032389053579
424,2023-03-22 00:00:00,0.0491708625918462,0.043939207547663346,0.05206623782431475,0.14984414605418467,0.2029517539930684,0.37,False,False,2000,1.544765994595911,3.183062209024649,9.700119408272046
425,2023-03-22 06:00:00,0.04672145377234025,0.043703629336853816,0.05337980290332146,0.1515562205421021,0.20505398346332104,0.37,False,False,2000,1.5444983349988461,3.025024547687528,9.812650302547288
426,2023-03-22 12:00:00,0.03971490998615301,0.04289818655854621,0.051875549904831994,0.1466445677351907,0.21062452094565173,0.4195,False,False,2000,1.5012607416037373,2.645437190592698,9.768094486940097
427,2023-03-22 18:00:00,0.055410467667644014,0.0480744136619239,0.05422032155480776,0.15802949774021502,0.2063344715020723,0.3685,False,False,2000,1.5506715612318693,3.573320685885628,10.191036044710511
428,2023-03-23 00:00:00,0.051231239016245524,0.0422690288086694,0.05101268044495801,0.14726834920299867,0.1936864880176943,0.345,False,False,2000,1.4939618376723067,3.42922005933346,9.857571022861782
429,2023-03-23 06:00:00,0.10354728462012482,0.043708265393720164,0.051997893917000784,0.14980555374260315,0.1978529848241074,0.141,False,False,2000,1.489331290553625,6.952602505358864,10.058578282264946
430,2023-03-23 12:00:00,0.10649514646644083,0.04313265587981913,0.050463873843677017,0.1410842534668045,0.19930036999822073,0.1285,False,False,2000,1.484814622562799,7.172285674465514,9.501809271199946
431,2023-03-23 18:00:00,0.1202993373043924,0.04557039542067282,0.05357094175718118,0.15159256092082365,0.20341784524353973,0.1145,False,False,2000,1.5172887988552062,7.928572160761894,9.991015621759033
432,2023-03-24 00:00:00,0.11528816490460297,0.04426762054741769,0.05346229097751115,0.14982194267253357,0.21263852432198543,0.1145,False,False,2000,1.4960354493538548,7.7062455274302835,10.014598433295308
433,2023-03-24 06:00:00,0.11367981527402385,0.04362286429123319,0.0517010327274688,0.1433813884590141,0.19464618766416408,0.1195,False,False,2000,1.4895674469768196,7.631733326661032,9.62570635858192
434,2023-03-24 12:00:00,0.1316656456543437,0.04436199104942872,0.053753365713370596,0.15104366825781396,0.2094410281478312,0.08,False,False,2000,1.4575291843554994,9.033482627146471,10.362994434626263
435,2023-03-24 18:00:00,0.12313457309535825,0.04105875422032091,0.05147433346225689,0.1487167584096904,0.2151191709003923,0.0835,False,False,2000,1.4588459635866866,8.440546580574024,10.1941371551016
436,2023-03-25 00:00:00,0.11747358520521957,0.042005700111799,0.05121499227217114,0.14409153461497617,0.20405890646968572,0.099,False,False,2000,1.462715647906478,8.031197681747267,9.850960083814526
437,2023-03-25 06:00:00,0.1229258563763518,0.04397641271959691,0.05360190862471613,0.146465922709358,0.20564693956152036,0.098,False,False,2000,1.4653516616140214,8.388829766702846,9.995274618792333
438,2023-03-25 12:00:00,0.12413954538817759,0.04162386598986844,0.05202150972243524,0.14925423561504242,0.20045747268105427,0.084,False,False,2000,1.4664141501445815,8.465517423978623,10.178177536020547
439,2023-03-25 18:00:00,0.12802121678652445,0.04216499506765632,0.05228578299330242,0.15055297349761387,0.19755609487560236,0.082,False,False,2000,1.482825971053507,8.633596880931949,10.153111453170066
440,2023-03-26 00:00:00,0.11307556184553098,0.043230906894712304,0.05398231914443628,0.1541057358892778,0.21849388506346715,0.1175,False,False,2000,1.484722247775793,7.615940423532096,10.379431986025525
441,2023-03-26 06:00:00,0.11000694765857308,0.045331878547680275,0.05636914741153836,0.1618802239647205,0.2174155797186385,0.1455,False,False,2000,1.5242767094624488,7.216993277904779,10.62013366469459
442,2023-03-26 12:00:00,0.10812645010094729,0.04069632770071745,0.05214191719245244,0.1447479856604979,0.20827064755816044,0.118,False,False,2000,1.5182927187469937,7.121581284416694,9.533602043481743
443,2023-03-26 18:00:00,0.09752398126984145,0.04339227728119742,0.05314534786967614,0.14804713023608593,0.21219565277825178,0.156,False,False,2000,1.53402421669892,6.357395157666035,9.650899159510653
444,2023-03-27 00:00:00,0.0767940957492535,0.04546653695316577,0.05400164142787455,0.157176411707773,0.20531472348430968,0.253,False,False,2000,1.5273127831120934,5.0280529697902345,10.29104276777584
445,2023-03-27 06:00:00,0.06629390020910263,0.04155534853487749,0.0528662125890099,0.14617520102305687,0.2207323226431271,0.2655,False,False,2000,1.4992338391111661,4.42185191393529,9.749993443965893
446,2023-03-27 12:00:00,0.0860991197699167,0.04258169868286902,0.05363004371536861,0.15183217531090312,0.20836794853468202,0.1935,False,False,2000,1.4993740797682014,5.74233748146609,10.126370554196583
447,2023-03-27 18:00:00,0.09187558721451132,0.0467873758582808,0.055230808580288004,0.15501894247303555,0.21512547454701775,0.211,False,False,2000,1.5151768479451402,6.063687373464793,10.231079143221459
448,2023-03-28 00:00:00,0.09347365040928052,0.0432356712715768,0.054412547808920145,0.1546981848224695,0.2088347214275402,0.1845,False,False,2000,1.5086501072972451,6.195846867153251,10.254079728242099
449,2023-03-28 06:00:00,0.10128742851427898,0.04091019869132719,0.05177107390900256,0.14384597829294613,0.20563754396431022,0.1395,False,False,2000,1.4949349976299018,6.775373422581048,9.6222229408638
450,2023-03-28 12:00:00,0.1272710692892756,0.043546111462697795,0.0532614087639228,0.14930820745287315,0.22339320551142,0.0875,False,False,2000,1.4635204458893554,8.69622762338214,10.201989857554823
451,2023-03-28 18:00:00,0.07864196293638784,0.04169030691863712,0.050969316662063974,0.14418084052315108,0.19863464391266142,0.213,False,False,2000,1.4385907182467876,5.466597409458397,10.022366938309213
452,2023-03-29 00:00:00,0.08558929836195471,0.04190001105318668,0.053526399489828645,0.14833302456454872,0.2090592175894993,0.1995,False,False,2000,1.4691744406778457,5.82567297607394,10.096352104799143
453,2023-03-29 06:00:00,0.05515230565955714,0.04277420310179581,0.05314928397764451,0.15224226299671545,0.21101489008921256,0.3225,False,False,2000,1.443149960964302,3.821661445544078,10.549303060299312
454,2023-03-29 12:00:00,0.058863620764239094,0.04026150802043134,0.05178907600453423,0.14382424649982567,0.2024055576628525,0.2945,False,False,2000,1.4613732547105165,4.027966200592565,9.841718810456527
455,2023-03-29 18:00:00,0.07773312702106791,0.03977839197811377,0.04942938779436408,0.1391839549841624,0.19458594795275994,0.216,False,False,2000,1.460795481352367,5.321287477498533,9.527956292369515
456,2023-03-30 00:00:00,0.08769082241458606,0.04217414194112287,0.05172879247116983,0.1507861833454504,0.20533159097797676,0.1875,False,False,2000,1.469469416439183,5.967515991389489,10.261267206964767
457,2023-03-30 06:00:00,0.09350740597473664,0.04251984827334283,0.054242914144894655,0.15398015195855455,0.21080998142547078,0.178,False,False,2000,1.5126706332984488,6.181610452160322,10.17935752628407
458,2023-03-30 12:00:00,0.09307957332871535,0.039129120707009614,0.051766929142240216,0.14445366826953795,0.20377597870288053,0.1595,False,False,2000,1.5352906285896029,6.06266797930129,9.408881001393238
459,2023-03-30 18:00:00,0.09670448688621044,0.04130973952275418,0.05294950739157459,0.15155640288521627,0.202898441344844,0.153,False,False,2000,1.535712410602851,6.297044044089521,9.868801074917542
460,2023-03-31 00:00:00,0.06668935168188196,0.04106852923051317,0.05129389462460837,0.14345730190072298,0.1936566246035567,0.266,False,False,2000,1.539250902732795,4.332584867319636,9.3199426841997
461,2023-03-31 06:00:00,0.0577993060696307,0.0401601991092374,0.05069626999875629,0.13916203354993079,0.2098554257047799,0.296,False,False,2000,1.546349810278406,3.737789838071922,8.999388923834507
462,2023-03-31 12:00:00,0.06144136014521303,0.03964836923132262,0.05096298339009203,0.1475394192288619,0.196358102729753,0.27,False,False,2000,1.498424167883409,4.1003983693083175,9.846305364739807
463,2023-03-31 18:00:00,0.09710773613879552,0.04057765632220182,0.05221650700433751,0.1459818138265174,0.2137303768558688,0.1505,False,False,2000,1.4874640368435499,6.528409005764031,9.81414072613788
464,2023-04-01 00:00:00,0.1063375210479657,0.03839443155251733,0.04953677560498073,0.1427912857637355,0.20233683505392547,0.107,False,False,2000,1.4606571363089043,7.280115121107868,9.77582501835924
465,2023-04-01 06:00:00,0.11253505970023235,0.0386104668824964,0.05244047225082564,0.1504894974038166,0.19909573346868786,0.107,False,False,2000,1.4293275926963815,7.873286731136177,10.528691824938669
466,2023-04-01 12:00:00,0.1298673596196956,0.035164265619582476,0.04670831503621246,0.13247149476968695,0.18029959700024492,0.0555,False,False,2000,1.3881020580358874,9.355750095454296,9.54335410734346
467,2023-04-01 18:00:00,0.12485640634931397,0.03638174487498958,0.047762849037277136,0.13585269333624786,0.18800222439051897,0.0645,False,False,2000,1.4072935437176304,8.872094020944791,9.653472364931586
468,2023-04-02 00:00:00,0.13936043121299416,0.0359908979655916,0.049614590803401984,0.13913050015519887,0.20662538541625383,0.0495,True,False,2000,1.4692201230594195,9.48533368320589,9.469683811945178
469,2023-04-02 06:00:00,0.15385152584681253,0.035175000387216285,0.04666575375848979,0.13384990465288857,0.18327959861262577,0.03,True,False,2000,1.4545847304799449,10.577006799462877,9.201932472419422
470,2023-04-02 12:00:00,0.12695520753768375,0.03694754209754773,0.04910883268025765,0.13997578717774958,0.190200280712619,0.068,False,False,2000,1.4764245703440733,8.59882787700407,9.480727291413807
471,2023-04-02 18:00:00,0.11053120285956751,0.03590779334026812,0.047752025269079304,0.13252773340518412,0.18482018117474727,0.0925,False,False,2000,1.4536342136930591,7.603783800517139,9.11699326809928
472,2023-04-03 00:00:00,0.10494956193953997,0.035957972325814894,0.04778327177550447,0.13282294700820915,0.18837714402598002,0.106,False,False,2000,1.439613822239444,7.290119080426851,9.22629006170499
473,2023-04-03 06:00:00,0.10475347328061052,0.03707658740964739,0.04846313991762358,0.13779570845201522,0.19114548088826736,0.112,False,False,2000,1.4426459458900973,7.261204565059012,9.55159572205339
474,2023-04-03 12:00:00,0.0964365245554341,0.03510668832995343,0.047985265604492386,0.1339822866387806,0.1884701674204897,0.12,False,False,2000,1.441324599033467,6.690826245531585,9.29577464567158
475,2023-04-03 18:00:00,0.08172085129799589,0.03431742391820217,0.047538694001705184,0.13102427158117108,0.19583215600928477,0.1645,False,False,2000,1.4409296746971694,5.671397621481466,9.093037216317137
476,2023-04-04 00:00:00,0.09532219057786719,0.03525477100033307,0.047757490405380534,0.13298676843937238,0.1959658971837784,0.123,False,False,2000,1.464211088021757,6.510139921604717,9.082486092838296
477,2023-04-04 06:00:00,0.10521592254240297,0.03621777337716191,0.04955847534446187,0.1361777788558376,0.19671014189541933,0.1085,False,False,2000,1.4247328994899384,7.3849577405049605,9.558126923621257
478,2023-04-04 12:00:00,0.11581159835746352,0.03183967692196298,0.0458280281715095,0.12955457042674873,0.18821339797036202,0.071,False,False,2000,1.4318389693895819,8.088311663066136,9.048124348925922
479,2023-04-04 18:00:00,0.12236235707059985,0.032687625040317074,0.04579351928117814,0.12749337658655854,0.18581598279015174,0.0585,False,False,2000,1.4081640767394465,8.689495712312553,9.05387225058069
480,2023-04-05 00:00:00,0.12467332134412146,0.033179412860965034,0.04624934701227861,0.1292518182930305,0.1899486783975574,0.0535,False,False,2000,1.4250604389076442,8.748633948444157,9.069918353224814
481,2023-04-05 06:00:00,0.15422231643455028,0.03302658507077942,0.04551264476022306,0.1296689484921906,0.1822845542783475,0.024,True,False,2000,1.4212109731334082,10.851472395722457,9.123835302671749
482,2023-04-05 12:00:00,0.16786575229662437,0.03505549130471205,0.047709745542006965,0.13675629703499861,0.18938484028400435,0.0235,True,False,2000,1.3859854531255968,12.111653258557867,9.867080258785794
483,2023-04-05 18:00:00,0.17741621970077445,0.03303164813157488,0.04728605288125173,0.1302403337996592,0.19518059465886006,0.014,True,False,2000,1.4073362482784837,12.606526685985516,9.254386359974383
484,2023-04-06 00:00:00,0.17883907180480227,0.03367095911149813,0.045256893129989186,0.13134341445629685,0.1837943792281571,0.0125,True,False,2000,1.3966411208840201,12.804941021040825,9.40423509606831
485,2023-04-06 06:00:00,0.16440555256685804,0.035673643490690264,0.04896170302809678,0.139548055817041,0.1855324191885616,0.0245,True,False,2000,1.4152892669042358,11.61639223948007,9.860037737888348
486,2023-04-06 12:00:00,0.16782928148393286,0.03200832051909537,0.045800142792995095,0.12951796844174054,0.18218638939956133,0.016,True,False,2000,1.4242415349668682,11.783765419243796,9.093820483528694
487,2023-04-06 18:00:00,0.20187782058871723,0.03408548550877318,0.04783170408614967,0.13573148472922147,0.1898313016895599,0.006,True,True,2000,1.4113565189029225,14.30381465525388,9.617094115576725
488,2023-04-07 00:00:00,0.14680192670104888,0.03271345742077312,0.044860153798864814,0.12057471300041624,0.18831826078000144,0.0295,True,False,2000,1.429549726524248,10.269102499706491,8.434453923724426
489,2023-04-07 06:00:00,0.1491314395472381,0.032063700753304315,0.04608836580049889,0.12737704128576366,0.18991380601995955,0.0295,True,False,2000,1.4289063898789351,10.436753632256718,8.914302727455487
490,2023-04-07 12:00:00,0.1543714969641877,0.03144404862873364,0.04489250897418872,0.12683340199514354,0.18127540962445216,0.023,True,False,2000,1.455091480344549,10.609057853024767,8.716524267265372
491,2023-04-07 18:00:00,0.13015085491690548,0.0328408592552951,0.045918451534430194,0.13122369524553718,0.17808832709360883,0.0525,False,False,2000,1.4537060596553308,8.95303793036151,9.02683829196185
492,2023-04-08 00:00:00,0.11807719786598174,0.03241153790112763,0.04617227303477439,0.12728847328806195,0.18692577961765725,0.066,False,False,2000,1.472942976595206,8.016413380708336,8.64177875930382
493,2023-04-08 06:00:00,0.10090236498390591,0.031501743999563146,0.04409606486095852,0.12341282939285383,0.18748147376874366,0.09,False,False,2000,1.429820824104196,7.056993665421171,8.631349279038078
494,2023-04-08 12:00:00,0.1078517270116048,0.028854394922639186,0.04310337621907639,0.11821435309683385,0.18364691506134917,0.066,False,False,2000,1.4365914436094986,7.507473853569851,8.228808101474915
495,2023-04-08 18:00:00,0.09205927300761847,0.0265705068351967,0.041102943902765116,0.11516152007526588,0.1734116628090345,0.0915,False,False,2000,1.4836063748295165,6.205100933069066,7.762269159061767
496,2023-04-09 00:00:00,0.10077889770326927,0.02846229414952802,0.04317686002191631,0.12363632412192051,0.170882035986901,0.0845,False,False,2000,1.47934744055753,6.812388688440098,8.357490656510345
497,2023-04-09 06:00:00,0.10263889685780371,0.03099927855345707,0.04284581660047861,0.12261335198052052,0.16682247027066957,0.0875,False,False,2000,1.5206629054293777,6.749615348105198,8.063151375807326
498,2023-04-09 12:00:00,0.12450328831320126,0.027839982564871895,0.04199545330262962,0.11827983566259649,0.17282234016934028,0.042,True,False,2000,1.539689609325351,8.086258916026273,7.682057146207762
499,2023-04-09 18:00:00,0.12961727190395114,0.03072412658011432,0.043918649984537844,0.12466790958693451,0.17229135651946687,0.045,True,False,2000,1.5488183319673055,8.368784719852302,8.049227402195172
500,2023-04-10 00:00:00,0.10225329898952461,0.030694196229324823,0.0445778584718147,0.12575121418971946,0.17937981600664293,0.0915,False,False,2000,1.5874986993957472,6.441157969354274,7.921342816695496
501,2023-04-10 06:00:00,0.10483642077992109,0.03077524733185651,0.04630329323564431,0.12848665751506944,0.18211142048715626,0.0875,False,False,2000,1.6027486562016147,6.541039380957896,8.016644220408986
502,2023-04-10 12:00:00,0.11461149822173165,0.02969327660914358,0.04306441699756785,0.1195059920204191,0.1771932828508175,0.0595,False,False,2000,1.5975628481933186,7.174146441333787,7.4805189764877325
503,2023-04-10 18:00:00,0.10741348525574215,0.030391107869229834,0.04350001491968238,0.11959286919677219,0.1769877280635125,0.073,False,False,2000,1.5847336098548017,6.778015218947979,7.54655977844312
504,2023-04-11 00:00:00,0.12241772125103274,0.029136046192837096,0.04196100734197051,0.12042773526300013,0.1717863851278096,0.047,True,False,2000,1.5724544858790814,7.785136062783722,7.658583211435525
505,2023-04-11 06:00:00,0.11998004810379781,0.028040711049628023,0.04117779447213602,0.11640048072360415,0.16402064541986486,0.0465,True,False,2000,1.5917723209242551,7.537513156035529,7.312633797779368
506,2023-04-11 12:00:00,0.08935617467198174,0.026890675976276444,0.04004161484920218,0.11381381056197781,0.16414703823537016,0.0905,False,False,2000,1.5942397248278164,5.604939663740504,7.139065021997874
507,2023-04-11 18:00:00,0.06803004311709014,0.024830281437434362,0.039212129278869516,0.11073651531844632,0.1539881779530187,0.1415,False,False,2000,1.6258730675802209,4.184216128159311,6.810895482957655
508,2023-04-12 00:00:00,0.05983709472092925,0.026526662144144217,0.03946958639779745,0.11075826020624492,0.16163554841175706,0.1745,False,False,2000,1.6126404199505808,3.710504460923964,6.868131223551938
509,2023-04-12 06:00:00,0.08348265572475881,0.024527625585177168,0.03807570719564221,0.10702928255834711,0.15053001346365952,0.0975,False,False,2000,1.5987347734941688,5.221795203859892,6.694624044764201
510,2023-04-12 12:00:00,0.10413579265068111,0.02179601510852794,0.03541974866547407,0.10139001815860062,0.14204433746314896,0.045,True,False,2000,1.6044714082699376,6.490348915782064,6.319216262502739
511,2023-04-12 18:00:00,0.10491075068831113,0.021984019523266007,0.035736567187321266,0.098496726979986,0.14921671501893466,0.0405,True,False,2000,1.5900083293443907,6.598125855829262,6.194730251545237
512,2023-04-13 00:00:00,0.09228654320499231,0.022610407872193306,0.037056290720535165,0.10509169706704434,0.14823537356955627,0.0735,False,False,2000,1.567645720499168,5.88695149664342,6.703791277124857
513,2023-04-13 06:00:00,0.07076466317912763,0.02143290244386048,0.035362355190077806,0.09783781796388699,0.14787165248980186,0.11,False,False,2000,1.5509773032713132,4.562585347307866,6.308139890733925
514,2023-04-13 12:00:00,0.07055736748488599,0.019243253565382607,0.03381645164844892,0.09280257506007374,0.14785788393963264,0.097,False,False,2000,1.5419850785990514,4.5757490434985195,6.018383468690125
515,2023-04-13 18:00:00,0.0659913983433761,0.02070904531759457,0.035280289881018514,0.09910969557553277,0.1464655517470191,0.1215,False,False,2000,1.581141823920983,4.173654592206525,6.2682356557842684
516,2023-04-14 00:00:00,0.05922869143770984,0.020858007030568806,0.03550039841431099,0.09965121980098646,0.1489930823369011,0.139,False,False,2000,1.5447696998120954,3.8341437849871327,6.450878717591882
517,2023-04-14 06:00:00,0.08184210694203552,0.020687273629579842,0.03475962177459305,0.09450635375285343,0.14932258963168968,0.0725,False,False,2000,1.5455757602332545,5.29525042044423,6.114637417617805
518,2023-04-14 12:00:00,0.07751546909317406,0.019945898666270702,0.03375804846611535,0.0918948462113191,0.14396043848826987,0.0765,False,False,2000,1.5302225956634035,5.0656335433060615,6.005325399830445
519,2023-04-14 18:00:00,0.07073634548683164,0.018101152166762745,0.03264488538339356,0.08925126945874114,0.1441011479006952,0.085,False,False,2000,1.5426197240235289,4.585468757156429,5.7856948195859985
520,2023-04-15 00:00:00,0.08484575658270527,0.0191775997243658,0.03393716158733244,0.0917403035681941,0.1473046439877084,0.06,False,False,2000,1.5918284593164125,5.330081648316618,5.763202877249137
521,2023-04-15 06:00:00,0.09370040179789006,0.018240761344167963,0.03234796262485164,0.08950399121720068,0.14135940450822623,0.0445,True,False,2000,1.564083063615381,5.990756116321687,5.722457668604379
522,2023-04-15 12:00:00,0.09163173051629532,0.019707042418669128,0.03463320506410171,0.09593166805992252,0.14364039030435427,0.057,False,False,2000,1.5556431022507755,5.890279742424104,6.16668874249654
523,2023-04-15 18:00:00,0.0686919270856792,0.019908145734419815,0.034937909631573935,0.09607863476895287,0.149824279245075,0.108,False,False,2000,1.541908278576628,4.454994375481941,6.231151106967616
524,2023-04-16 00:00:00,0.078530657181274,0.018622569182617482,0.034019441159710666,0.09511300133648692,0.14436692696576955,0.083,False,False,2000,1.4314732993534907,5.486002233974013,6.644413233515685
525,2023-04-16 06:00:00,0.09368665345385242,0.018625560055330607,0.03361511323719117,0.09323380581773547,0.14075902501538354,0.0485,True,False,2000,1.437056671169362,6.5193429969339824,6.487830834247423
526,2023-04-16 12:00:00,0.09570481336658074,0.01942595379311315,0.03363565930305252,0.09213193127167205,0.1382843538961074,0.0455,True,False,2000,1.4420328120198214,6.6367985921575015,6.389031546558571
527,2023-04-16 18:00:00,0.0847294216126167,0.018390167773592744,0.033224961274330965,0.0938151670513125,0.14201288928262634,0.0635,False,False,2000,1.4322815541415745,5.915695930567125,6.550050636345715
528,2023-04-17 00:00:00,0.07975784824493,0.018498586688250343,0.03289963177523977,0.0934811128108434,0.13080124749730473,0.0745,False,False,2000,1.455929866482992,5.478138067020807,6.420715376672674
529,2023-04-17 06:00:00,0.06291994538874524,0.01856792396784475,0.03338996305525421,0.0921761562904234,0.1374292162769508,0.1115,False,False,2000,1.4773622447543635,4.258938226704632,6.239238657797787
530,2023-04-17 12:00:00,0.06873293419960552,0.017508759518451,0.032252451434083264,0.0914185818928899,0.13195029595483088,0.093,False,False,2000,1.4578748743796297,4.714597624768962,6.270674081806321
531,2023-04-17 18:00:00,0.08422619765927833,0.01812265286981015,0.03340563559207317,0.09280043602690191,0.1491782033040912,0.069,False,False,2000,1.4609579732337463,5.765134877415296,6.3520263913884865
532,2023-04-18 00:00:00,0.09198040147257448,0.017598145025468782,0.032714202688591355,0.08934628433094195,0.13986639350387362,0.045,True,False,2000,1.4845059613820688,6.196027760436955,6.018587102726144
533,2023-04-18 06:00:00,0.08618929518359322,0.01914795900506629,0.034056693862683965,0.0952652694229493,0.14645386954026915,0.0685,False,False,2000,1.4943147879750134,5.767813841981092,6.375180797885689
534,2023-04-18 12:00:00,0.11302317350311074,0.017585975673104503,0.0319204804180799,0.08991886439522108,0.13123572751200704,0.024,True,False,2000,1.5024253045782516,7.522714983480504,5.9849141332495295
535,2023-04-18 18:00:00,0.10355268964857542,0.020315608611813214,0.03483371662770695,0.09633189545558737,0.148889186108512,0.038,True,False,2000,1.50232973708374,6.892807024481029,6.412167254479222
536,2023-04-19 00:00:00,0.09527433363664238,0.018572315266682335,0.03383317005162346,0.08965602334220778,0.14270716882431714,0.0455,True,False,2000,1.4258862463723625,6.681762579520807,6.287740243676815
537,2023-04-19 06:00:00,0.07465005859309815,0.018258016399310115,0.034197419804017956,0.09500805873237922,0.14615397790926918,0.083,False,False,2000,1.4220757397483124,5.249372906559124,6.680942236536172
538,2023-04-19 12:00:00,0.07720176519974317,0.017721972885681538,0.032581985384789285,0.09108360758526828,0.1422937430456592,0.074,False,False,2000,1.4035371476189349,5.500514562846734,6.4895758362925635
539,2023-04-19 18:00:00,0.0757694499429643,0.019508518152498263,0.03384603731258971,0.09114683453344614,0.14190294268005224,0.085,False,False,2000,1.3492775322506432,5.615557076428758,6.755232511832459
540,2023-04-20 00:00:00,0.09945383740823836,0.017591573420976905,0.03355404652488583,0.09035164635229911,0.1517540908060931,0.0385,True,False,2000,1.3646127599355473,7.288062982273133,6.621046571231429
541,2023-04-20 06:00:00,0.07585053827330278,0.018325970500360732,0.03463898476860896,0.09315024121671212,0.15408243794357981,0.0815,False,False,2000,1.3537526869733743,5.602983395946871,6.880890587554137
542,2023-04-20 12:00:00,0.07737126628823161,0.018418475234156878,0.033090597457728646,0.09259772227086796,0.13799604811550473,0.07,False,False,2000,1.3546876557844605,5.711373094591915,6.835355875243971
543,2023-04-20 18:00:00,0.05376901858516063,0.01772016018484458,0.03333293950731336,0.08891686869614228,0.14689798980191054,0.132,False,False,2000,1.337501026030193,4.020110455148678,6.647985083051074
544,2023-04-21 00:00:00,0.039039022242344124,0.0187609259576989,0.03350188949330071,0.09150282461762108,0.14102463239053703,0.2,False,False,2000,1.2849388420179721,3.038200805030851,7.1211813064906355
545,2023-04-21 06:00:00,0.043892398104404685,0.019373006894515016,0.034109177213721954,0.09167312994522786,0.14806918701996286,0.185,False,False,2000,1.1146622992214696,3.9377305696138745,8.224296274239876
546,2023-04-21 12:00:00,0.029446625041971892,0.02094099816928327,0.03525992612414967,0.09499121918518831,0.15553524719010278,0.263,False,False,2000,1.0722723185863023,2.7461890539890748,8.858870786707051
547,2023-04-21 18:00:00,0.02871011484774966,0.021309043739117614,0.03597265191860215,0.10190171385138239,0.15003691765648625,0.2725,False,False,2000,1.0194578080769128,2.8162141307160042,9.99567741244809
548,2023-04-22 00:00:00,0.03487510988123738,0.020237325068743182,0.03534459111916569,0.09843626224315559,0.15517357757428094,0.22,False,False,2000,0.9865408926935543,3.535090145733119,9.977920121931783
549,2023-04-22 06:00:00,0.04624450224887589,0.0203534640297738,0.03541364934717878,0.09784356220631454,0.14574385236120188,0.182,False,False,2000,0.9615434787785846,4.809403138755481,10.175677373487243
550,2023-04-22 12:00:00,0.07911043653808315,0.02229565065129878,0.03703150011130564,0.10367457155083343,0.15548058947353718,0.105,False,False,2000,1.045795035481826,7.56462154189084,9.913469469002381
551,2023-04-22 18:00:00,0.07181943697926316,0.023555273695541102,0.0384048389821571,0.11096085154742998,0.14830910835736366,0.12,False,False,2000,1.0529558591473342,6.820745272021308,10.538034484872346
552,2023-04-23 00:00:00,0.06613033292287142,0.02286119295987874,0.03911697165402761,0.1091871596217957,0.17493571815167483,0.125,False,False,2000,1.1257353989636418,5.8744117830665505,9.699185059145693
553,2023-04-23 06:00:00,0.06029425775126973,0.023959390928770828,0.03866201502285502,0.10732354814814223,0.15959373869017207,0.16,False,False,2000,1.1263295494002796,5.353163093641087,9.528609828738599
554,2023-04-23 12:00:00,0.060337968182998004,0.02393030213072823,0.03742224957130579,0.10316859806943614,0.16123229746171808,0.1615,False,False,2000,1.1854209418771333,5.090003563413672,8.703119240163497
555,2023-04-23 18:00:00,0.0502800282012135,0.024069359007165444,0.038735578263038424,0.10553721804814678,0.1601217463174622,0.2025,False,False,2000,1.2119615159365829,4.148648908406797,8.707967758084253
556,2023-04-24 00:00:00,0.05701997560901293,0.023925711939293305,0.037702759471895816,0.10455910111524193,0.15466567145590518,0.1765,False,False,2000,1.2307104614431497,4.6330942488414735,8.49583264228
557,2023-04-24 06:00:00,0.04259730569832694,0.020503617726765774,0.03546738142480259,0.09694978611297175,0.15055108181777177,0.199,False,False,2000,1.2965106458892144,3.285534587269933,7.477747014293009
558,2023-04-24 12:00:00,0.020984725807532918,0.020926189223041833,0.03551531529517328,0.09899390247191564,0.14521385382886046,0.303,False,False,2000,1.3114995220379464,1.6000559249098798,7.548146286632912
559,2023-04-24 18:00:00,0.023526585616541296,0.020007144979705915,0.03396657699142616,0.09637793843454506,0.1393333318139646,0.2835,False,False,2000,1.2876062827193515,1.827156789484941,7.485047232838933
560,2023-04-25 00:00:00,0.017753680746005158,0.020871931940947133,0.03622952706461649,0.10220034942550958,0.15346391700724216,0.309,False,False,2000,1.2996164828222438,1.366070758617289,7.8638852904952055
561,2023-04-25 06:00:00,0.01358647249815298,0.018751915143630477,0.03336662448807708,0.09315106289587283,0.14736599910403492,0.32,False,False,2000,1.3040681481604832,1.0418529520346034,7.143113113166025
562,2023-04-25 12:00:00,0.015492267091230728,0.0215467886602052,0.036670166738015,0.09963367878119904,0.16031603524431456,0.341,False,False,2000,1.280977350638397,1.2094099152892823,7.777942266625158
563,2023-04-25 18:00:00,0.008584978958464617,0.019095634848492964,0.033499844694497856,0.09528669592403385,0.14036471824156896,0.3515,False,False,2000,1.2812599467142003,0.6700419364923451,7.436952678369227
564,2023-04-26 00:00:00,0.0,0.020070999220373878,0.034230145870898745,0.09964506413841538,0.1414137530077518,1.0,False,False,2000,1.286624114563581,0.0,7.744691165858855
565,2023-04-26 06:00:00,0.0,0.019344874941627437,0.03340652739225059,0.08972323103309404,0.13723502951543465,1.0,False,False,2000,1.2920096902644007,0.0,6.944470440831818
566,2023-04-26 12:00:00,0.0,0.020063216125728013,0.03448614571242359,0.09353521845985464,0.14877993711789073,1.0,False,False,2000,1.2677080916209549,0.0,7.3782930848264785
567,2023-04-26 18:00:00,0.04326802586674711,0.019247042402822913,0.034430217859825994,0.09430057029295522,0.15015953908051594,0.1775,False,False,2000,1.272430473705092,3.4004235799821965,7.41105877623071
568,2023-04-27 00:00:00,0.01482071041878058,0.0201002960106583,0.035611711541623854,0.0955886185594288,0.14872164374245375,0.317,False,False,2000,1.3150848487393463,1.1269775051387645,7.268627469251205
569,2023-04-27 06:00:00,0.0031757427198394078,0.02014145954252843,0.035334802678340625,0.10070407574981557,0.14795558967314068,0.384,False,False,2000,1.3105246698682447,0.24232605404968724,7.684256394802548
570,2023-04-27 12:00:00,0.0,0.021225406436357615,0.03555909304199523,0.1003250679187138,0.14704852177189234,1.0,False,False,2000,1.276849475786593,0.0,7.857235314045874
571,2023-04-27 18:00:00,0.002744218561409111,0.022616316502109796,0.03772906173691513,0.10667131686673388,0.15362297038897085,0.429,False,False,2000,1.2703225685992323,0.21602533319038203,8.39718347949678
572,2023-04-28 00:00:00,0.0,0.022601953368708783,0.03678062332916302,0.10442715399059446,0.14534182684097055,1.0,False,False,2000,1.3017766259086951,0.0,8.021894994289047
573,2023-04-28 06:00:00,0.0,0.02176351155704253,0.035640085065017486,0.09697884109021371,0.14535203024613427,1.0,False,False,2000,1.3394576220885765,0.0,7.240157470528816
574,2023-04-28 12:00:00,0.0,0.023042126729810868,0.03768331108213823,0.10932246845854605,0.15757099490215978,1.0,False,False,2000,1.3923500045159738,0.0,7.851651388226203
575,2023-04-28 18:00:00,0.0005423617351630085,0.024020701113114024,0.03772448136311144,0.10580134988845594,0.1565106997746191,0.453,False,False,2000,1.446486104888595,0.03749512237483815,7.314370288859741
576,2023-04-29 00:00:00,0.012166727489902383,0.02366811350249183,0.03826859417710336,0.10812295009646056,0.15580538991818912,0.383,False,False,2000,1.5143171119593095,0.8034464772150914,7.140046773727924
577,2023-04-29 06:00:00,0.00484768202543098,0.02116478501442211,0.03560708683756212,0.10146551542814973,0.14597404406345665,0.399,False,False,2000,1.5596193810938803,0.31082468480424563,6.50578703099882
578,2023-04-29 12:00:00,0.015575765215483912,0.021859324415555346,0.03494287434415115,0.09581343581886965,0.14244594985781686,0.361,False,False,2000,1.6051273102939656,0.970375690176958,5.96921099058007
579,2023-04-29 18:00:00,0.023978040837756783,0.02150097096129555,0.03588647460490711,0.09919344485326209,0.14530532166553886,0.293,False,False,2000,1.6184350652810515,1.481557175331767,6.12897279484219
580,2023-04-30 00:00:00,0.02005409611913946,0.02280105449127671,0.037117540526690605,0.10386227894548225,0.15256697164749503,0.332,False,False,2000,1.6145946945516632,1.2420514068831394,6.432715237821494
581,2023-04-30 06:00:00,0.0,0.02214115438682353,0.0363626453254617,0.10315522035638418,0.15007381903166553,1.0,False,False,2000,1.5682242799971107,0.0,6.5778359429924285
582,2023-04-30 12:00:00,0.012014379912715673,0.02132985362461008,0.03532125257084047,0.09780790869798844,0.14697891563451138,0.366,False,False,2000,1.566781081705459,0.7668193120916346,6.242602099300524
583,2023-04-30 18:00:00,0.03024414460162452,0.022560001785766667,0.03762615210630257,0.10248138202736655,0.16605558626970063,0.2715,False,False,2000,1.5765642991376079,1.918357825187865,6.5002982804713145
584,2023-05-01 00:00:00,0.033275696239633924,0.021314153674084586,0.035077150421660604,0.0980906440807324,0.13819720220494297,0.25,False,False,2000,1.5799850939618747,2.106076593178092,6.208327183313246
585,2023-05-01 06:00:00,0.0447083732948116,0.02161680430926399,0.03510724364133317,0.09583054115439965,0.14052047609211443,0.203,False,False,2000,1.5625587425265868,2.861228322368232,6.132924065270403
586,2023-05-01 12:00:00,0.04444133843674918,0.02078301136438435,0.035701030068880056,0.09859846313520493,0.14901008418589598,0.199,False,False,2000,1.5492133289265937,2.8686390445363217,6.364421303005509
587,2023-05-01 18:00:00,0.022457239652737222,0.01997129769579809,0.03435610562269091,0.09875368126056248,0.1333435055100513,0.2805,False,False,2000,1.571047360092039,1.4294438362075588,6.285850049407617
588,2023-05-02 00:00:00,0.01702388456875573,0.022090731040024077,0.03581643374650961,0.0988616419393209,0.14416630217051687,0.3495,False,False,2000,1.5753764784701718,1.0806232542768068,6.275429606218584
589,2023-05-02 06:00:00,0.014698412516564067,0.021767144288794036,0.03605203177748408,0.10406655469383017,0.14623170047576012,0.3525,False,False,2000,1.5946382372671901,0.9217396255186668,6.5260290554786975
590,2023-05-02 12:00:00,0.038716747257171905,0.02441623615239189,0.03945399893948509,0.10882128630711264,0.16547516099062415,0.253,False,False,2000,1.601643660710441,2.417313426633133,6.7943506396948985
591,2023-05-02 18:00:00,0.016787199685672983,0.021415703428754995,0.0353130729630559,0.09898964744092764,0.14037609656183186,0.3305,False,False,2000,1.6489729277229515,1.0180397387635856,6.003109315907409
592,2023-05-03 00:00:00,0.02586112961548099,0.021454407069086395,0.03563528346528447,0.1005514608405247,0.15159091332842325,0.2905,False,False,2000,1.6459110414741571,1.571234955220819,6.109167403753849
593,2023-05-03 06:00:00,0.02851764319434028,0.024774415525707538,0.03887193450235044,0.10784968836678559,0.15631448459954003,0.3035,False,False,2000,1.6485395125584927,1.729873198494442,6.542135480841798
594,2023-05-03 12:00:00,0.03837154970569985,0.024579337032381948,0.03826846310186683,0.10723767507527908,0.15047459563607454,0.2645,False,False,2000,1.6455011536900863,2.331906581751735,6.517022174964468
595,2023-05-03 18:00:00,0.04891081424374648,0.025630359386749454,0.03831449207856652,0.10950743904407324,0.15002097418879506,0.219,False,False,2000,1.7990014475747245,2.7187757024700723,6.0871234534970915
596,2023-05-04 00:00:00,0.08053080213847749,0.02594420951587677,0.03944190234533492,0.10973139019801773,0.15487800328176732,0.1115,False,False,2000,1.7934410804036396,4.490295389037977,6.118483143774152
597,2023-05-04 06:00:00,0.07813938993538215,0.02984342790289589,0.042893234540900334,0.1204694769509424,0.18164749691133014,0.1365,False,False,2000,1.8209150867531188,4.291215472035701,6.615875601632365
598,2023-05-04 12:00:00,0.08453387512378786,0.03207551537339464,0.04384015094438084,0.12341938580572813,0.17362608686994233,0.14,False,False,2000,1.8311158598797292,4.61652247003858,6.740118881054011
599,2023-05-04 18:00:00,0.09988524444051258,0.035389256906897745,0.044501809676765716,0.12353758471103352,0.17660305901325843,0.106,False,False,2000,1.8627831231550547,5.3621510308367935,6.631882325720989
600,2023-05-05 00:00:00,0.07529164482218796,0.03521952977115895,0.044689376997989035,0.1250172407413961,0.1753494277796153,0.1855,False,False,2000,1.8592208183393109,4.049634345716922,6.7241738855454365
601,2023-05-05 06:00:00,0.06870648764342002,0.03645820634733311,0.04547151453407637,0.13132240495202419,0.17072251279344292,0.219,False,False,2000,1.876953322395173,3.6605325675197893,6.996572764230715
602,2023-05-05 12:00:00,0.08908179059040588,0.03796862707519143,0.047746311038292605,0.1380450065471452,0.1834419245532167,0.1445,False,False,2000,1.8630401790182682,4.781528149186115,7.4096634147680165
603,2023-05-05 18:00:00,0.09804461414764959,0.03492885639779522,0.04470389077222496,0.12942062517532718,0.16862424223164352,0.108,False,False,2000,1.832642193854055,5.349904879220385,7.06196908536494
604,2023-05-06 00:00:00,0.08649935496231376,0.04048378510956751,0.047638759782778706,0.13677802796206645,0.18144957983546342,0.1765,False,False,2000,1.7899502604396358,4.832500481944585,7.641442948725957
605,2023-05-06 06:00:00,0.08434626382150777,0.03801574043613354,0.04688738433438954,0.13365294539458966,0.1768981154535392,0.169,False,False,2000,1.8030820159035954,4.677893910401992,7.4124717686572295
606,2023-05-06 12:00:00,0.09173776547579786,0.04230750792482599,0.050035614917489875,0.14395625186499628,0.1879756857310123,0.174,False,False,2000,1.7826553042534046,5.146130340336246,8.075383475510804
607,2023-05-06 18:00:00,0.09558756026505194,0.042199101645971265,0.04986230322715458,0.14363974683413314,0.18666842243241502,0.1595,False,False,2000,1.7872413267564566,5.348329788150509,8.036953078676577
608,2023-05-07 00:00:00,0.10275169408399626,0.04444379476642979,0.049683603048043826,0.14135683584337216,0.19124183241884796,0.143,False,False,2000,1.7133315138935672,5.997186957151786,8.250407740539192
609,2023-05-07 06:00:00,0.1102765660586248,0.04457312315538874,0.05070901240497467,0.14616581141133772,0.19577953898940081,0.1135,False,False,2000,1.7089693919309203,6.452811067261196,8.552863035550844
610,2023-05-07 12:00:00,0.0776134672975516,0.044730092624781816,0.0495923075367876,0.14524759913353638,0.19268523675237026,0.2445,False,False,2000,1.6881715217590199,4.597487062018491,8.603841331370944
611,2023-05-07 18:00:00,0.10123974235914963,0.0479123595150251,0.052395827835844386,0.14596147366311146,0.20032129477686525,0.171,False,False,2000,1.726818562212956,5.862789790110241,8.45262361993947
612,2023-05-08 00:00:00,0.07381648441295324,0.052312892500386766,0.05271251682814442,0.1550026122769172,0.19889060651555981,0.2995,False,False,2000,1.7140246561926091,4.306617419198799,9.04319618255825
613,2023-05-08 06:00:00,0.07629770216365399,0.05431273558977001,0.05459556047066774,0.1617040798468541,0.20327021047059313,0.3195,False,False,2000,1.6852211728385829,4.527459267268658,9.595421802972016
614,2023-05-08 12:00:00,0.06919262489876521,0.05969498543264946,0.05876893515097942,0.17219136513644837,0.22063351896716896,0.384,False,False,2000,1.687188148637572,4.101061577195123,10.20581879237922
615,2023-05-08 18:00:00,0.06877648131696604,0.06300861931864728,0.06118820474482551,0.17728395855141457,0.22847447158985884,0.4135,False,False,2000,1.6739359254002288,4.1086686935476315,10.590844957761867
616,2023-05-09 00:00:00,0.07704552801395498,0.07375363437876055,0.06370573546188636,0.18884065526977462,0.2381272464794686,0.448,False,False,2000,1.6401028428949136,4.697603467229129,11.513952072447827
617,2023-05-09 06:00:00,0.08523876976373394,0.07703162458873236,0.06339015217486156,0.19278198772478727,0.24583322106817931,0.421,False,False,2000,1.5994297319658755,5.329322574175616,12.053170193843837
618,2023-05-09 12:00:00,0.08131702898560128,0.08246020259603873,0.06849744894225836,0.2052838680258019,0.2653498335174024,0.4625,False,False,2000,1.5452438553810817,5.262407528910523,13.284884926798538
619,2023-05-09 18:00:00,0.09748028123784512,0.08893071773006853,0.07062597021051403,0.21862240513140968,0.27370557546868984,0.425,False,False,2000,1.5163114575033638,6.428776934677279,14.418040835184065
620,2023-05-10 00:00:00,0.08425546967386774,0.09314048363886537,0.0729297358283582,0.22126841722746676,0.2794686016232239,0.5105,False,False,2000,1.4518911296158645,5.803153415239868,15.240014400116147
621,2023-05-10 06:00:00,0.06071651723074024,0.09482795917117935,0.07527311404300828,0.22944622831603012,0.28817878160117083,0.623,False,False,2000,1.448055749711824,4.192968208773962,15.845123943721914
622,2023-05-10 12:00:00,0.06808003034502286,0.10365543742543369,0.07837393169109419,0.23959491941775082,0.29843442975112083,0.6215,False,False,2000,1.4514854584955446,4.690369438188336,16.5068770076477
623,2023-05-10 18:00:00,0.06901139343359267,0.09707060828461574,0.07549663054275997,0.23232133500004612,0.28915699364338215,0.594,False,False,2000,1.4506465780859235,4.757285094530106,16.015019682229276
624,2023-05-11 00:00:00,0.08391308134834236,0.10749596309412743,0.07870041312824572,0.2448475767787003,0.2996711177986863,0.581,False,False,2000,1.4342154809348153,5.85080013873844,17.071882156725135
625,2023-05-11 06:00:00,0.03259542065858709,0.12071880646905638,0.07962625250803004,0.2567226925362967,0.31863456830753206,0.8385,False,False,2000,1.424422313346983,2.2883256147537603,18.02293393825544
626,2023-05-11 12:00:00,0.0730129969672741,0.12644174357186777,0.08211751649906025,0.2706255343270665,0.3242209084316631,0.718,False,False,2000,1.402154176762954,5.207201759783195,19.300697370658547
627,2023-05-11 18:00:00,0.08783223630393117,0.1200552896486868,0.0828290109285031,0.264437407379683,0.33229090548573903,0.6125,False,False,2000,1.3427167080702611,6.541382540041732,19.694206960433956
628,2023-05-12 00:00:00,0.10268898457263856,0.1302906942400262,0.08660071092274665,0.27873251778800007,0.3352717692949342,0.602,False,False,2000,1.3111863893466835,7.831761022458809,21.258039288135254
629,2023-05-12 06:00:00,0.10707907062737101,0.13784187690375144,0.09053375527597034,0.2933715647159336,0.35646339003987404,0.606,False,False,2000,1.3431703078845334,7.972114183793895,21.841724984078006
630,2023-05-12 12:00:00,0.10305202316780425,0.14017215482654477,0.09588490467156856,0.30622247637357597,0.36271508294777266,0.6155,False,False,2000,1.325941079561095,7.771991135678208,23.09472729172399
631,2023-05-12 18:00:00,0.10385004647197671,0.13258206057746133,0.09289185983192927,0.29598912863608867,0.3451104613799632,0.587,False,False,2000,1.3046607810264867,7.959927054009327,22.687056508528528
632,2023-05-13 00:00:00,0.11765634375083224,0.14247422944087418,0.09240682501991308,0.29921018993485227,0.3543088750347347,0.5735,False,False,2000,1.2928361395685686,9.100638522535057,23.14370559247373
633,2023-05-13 06:00:00,0.10610972398612609,0.14889763796752659,0.09518671521349863,0.3173474396887668,0.38067114407645913,0.6425,False,False,2000,1.2829741413173554,8.270605039410444,24.735295082636274
634,2023-05-13 12:00:00,0.1222972639076435,0.14949973542206108,0.09636622344927565,0.3160353371804734,0.3880701263747558,0.5925,False,False,2000,1.2530339680662623,9.760091667457193,25.221609727643152
635,2023-05-13 18:00:00,0.10578166725685663,0.15103822070056322,0.09664226392653112,0.3165896450293564,0.37862256747319034,0.64,False,False,2000,1.2414439796202041,8.520857082026245,25.501726233849947
636,2023-05-14 00:00:00,0.11320189735443562,0.15805369853559842,0.09507765101045787,0.31886146327079024,0.3774218462144777,0.6565,False,False,2000,1.2188928561821122,9.287272197903699,26.15992551384269
637,2023-05-14 06:00:00,0.10907092968223497,0.15811109278391622,0.10253966018148078,0.32754955217101445,0.3911184933114554,0.647,False,False,2000,1.2110091318968175,9.006614963455801,27.047653361454827
638,2023-05-14 12:00:00,0.13093557464786654,0.1577890025458486,0.10104324686951668,0.32260338510617415,0.3916235395898262,0.587,False,False,2000,1.2269652335253898,10.671498349766164,26.292789419896668
639,2023-05-14 18:00:00,0.13750158932690384,0.16132477073962348,0.1024275068466612,0.32907630721699144,0.38619001958855864,0.571,False,False,2000,1.2407616860858317,11.082030567906491,26.522120315877245
640,2023-05-15 00:00:00,0.15024918934922646,0.15907489664677246,0.1041545939608666,0.3299907560866533,0.39229547807059617,0.5175,False,False,2000,1.1855502890528287,12.673371238369398,27.834395481468167
641,2023-05-15 06:00:00,0.1673783709215376,0.16209029521618687,0.10413863815518905,0.33372180838816545,0.394423938832458,0.4735,False,False,2000,1.1981837129856237,13.969341187626865,27.85230718556509
642,2023-05-15 12:00:00,0.17305501334374734,0.16912612097745977,0.10421246661218886,0.34517931447699585,0.41425384562185996,0.4695,False,False,2000,1.2239123826294402,14.139493627146562,28.202943231558482
643,2023-05-15 18:00:00,0.1845340552010849,0.16853566952383578,0.1052020752048935,0.3476565806901974,0.41008447105874946,0.4365,False,False,2000,1.2355911739318057,14.934879683048758,28.13686177313088
644,2023-05-16 00:00:00,0.18869680904523445,0.16915038167710925,0.10678169967792947,0.3459870036670977,0.41880758534163626,0.4405,False,False,2000,1.202622793313483,15.69044010261392,28.769370212402972
645,2023-05-16 06:00:00,0.20258711495321796,0.16838448696461547,0.10875092857281439,0.35025114690828235,0.4150284269580387,0.383,False,False,2000,1.2008352106740654,16.870517549156443,29.167294879009724
646,2023-05-16 12:00:00,0.21797404459318317,0.1800631163058701,0.11227000489640832,0.3676607184959053,0.442239893072599,0.386,False,False,2000,1.1945067918498287,18.24803727198786,30.779290750330617
647,2023-05-16 18:00:00,0.22242967237689437,0.17230999842764994,0.10898271289986947,0.3521522728922901,0.4361868655679363,0.335,False,False,2000,1.2013760454175015,18.51457528434369,29.31241006806577
648,2023-05-17 00:00:00,0.22786824918130716,0.18006760349943712,0.10639249244044718,0.3582011835235704,0.42519927564981225,0.33,False,False,2000,1.2244170144280824,18.610346515622624,29.25483550968817
