window_idx,timestamp,te_bits,surr_mean,surr_std,surr_p95,surr_p99,p_value,sig95,sig99,n_valid_surrogates,h_target_bits,pct_h,surr_p95_pct
0,2022-12-06 00:00:00,0.17292613806727677,0.030458294598111377,0.042145749807632124,0.11792507179760885,0.17350127806906449,0.0105,True,False,2000,1.8028594381080227,9.591770407167788,6.5410019941079325
1,2022-12-06 06:00:00,0.1702688511644197,0.032489166104522266,0.044108952779194355,0.12733587990621104,0.171808218723421,0.0105,True,False,2000,1.813528830628803,9.388814133458387,7.021442270761143
2,2022-12-06 12:00:00,0.16818062177433385,0.02810296588441885,0.042088657258593204,0.11881584734282195,0.17523201398080465,0.014,True,False,2000,1.8245915255911702,9.217439597602159,6.5119148958189665
3,2022-12-06 18:00:00,0.16876751504835544,0.02997542622357296,0.04207358884096877,0.11725253880044677,0.16674012204097274,0.01,True,True,2000,1.8198242172590686,9.27383609074864,6.443069483768431
4,2022-12-07 00:00:00,0.14006242202962246,0.029944746536758098,0.04100573789724007,0.11827361536782749,0.1619100669874524,0.023,True,False,2000,1.8044761680175947,7.761943577425888,6.554457047651861
5,2022-12-07 06:00:00,0.15747593372295193,0.03025758791877208,0.04221124412786993,0.12094718255555283,0.16704000028263433,0.012,True,False,2000,1.8060365430629628,8.719421228093164,6.696829198728806
6,2022-12-07 12:00:00,0.14351292905267465,0.029810291903540374,0.04173564886526691,0.1191509728639663,0.16152595719939045,0.022,True,False,2000,1.783119567321401,8.048418719797883,6.682163947253109
7,2022-12-07 18:00:00,0.1370714704399509,0.03176609118498493,0.04316204519992927,0.12144958783317805,0.17122682803776867,0.0275,True,False,2000,1.7885595618083105,7.663791207566259,6.79035747125957
8,2022-12-08 00:00:00,0.1399356833836886,0.029532745094421286,0.041669531428087596,0.11853011801333736,0.1600003232347478,0.0245,True,False,2000,1.799667297555108,7.775641840788832,6.586223918963434
9,2022-12-08 06:00:00,0.1465763260816289,0.029873490873917233,0.04153634539678362,0.11770194497665895,0.16659738823221013,0.0215,True,False,2000,1.799587827173718,8.14499430749259,6.540494617676525
10,2022-12-08 12:00:00,0.17160639063768415,0.03133165589027944,0.043006572387150936,0.12232457926529387,0.18024150252978804,0.0135,True,False,2000,1.8274307447252407,9.39058244111383,6.693801098530042
11,2022-12-08 18:00:00,0.1411398421240978,0.03129367764078882,0.04332630445636126,0.11882030810943243,0.17747293032373992,0.027,True,False,2000,1.8353271471124393,7.690173511908012,6.47406694203674
12,2022-12-09 00:00:00,0.13112811999741925,0.030647870091036446,0.040564319538848495,0.11428883842731764,0.1619725299037135,0.025,True,False,2000,1.7915404126423262,7.319294561936205,6.3793614489976305
13,2022-12-09 06:00:00,0.14728367966007833,0.03385930792355545,0.04308865583589617,0.12391763902404661,0.16947267064250626,0.0215,True,False,2000,1.8190543963858212,8.096716621158121,6.812200848432664
14,2022-12-09 12:00:00,0.16180377033579532,0.03256136080450941,0.04224254276225033,0.1199655874129617,0.1623349113460341,0.011,True,False,2000,1.8078303565722065,8.950163368347704,6.635887431408455
15,2022-12-09 18:00:00,0.17396733717843904,0.0354699628645542,0.04443574011940276,0.12963816103653542,0.1669270674230376,0.008,True,True,2000,1.8102428337881304,9.610165770654836,7.161368553259423
16,2022-12-10 00:00:00,0.18635225392258614,0.031602407628926174,0.0426171757178563,0.11837222752068621,0.16972654495662584,0.0045,True,True,2000,1.830481263068321,10.180505951217198,6.46672707931827
17,2022-12-10 06:00:00,0.1715394444428994,0.03379108658124544,0.04317278877060102,0.12484134545895167,0.160573554011953,0.0065,True,True,2000,1.834403235916083,9.351239742947481,6.805556325602923
18,2022-12-10 12:00:00,0.16341293754760391,0.031863326666323466,0.042195604648353174,0.1180372166157338,0.16016427678251896,0.0095,True,True,2000,1.8216934212138347,8.970386325417932,6.479532463650386
19,2022-12-10 18:00:00,0.17593727105331528,0.03619565273076,0.04508833772777856,0.1268546352854444,0.17491511651351738,0.01,True,True,2000,1.831747131004082,9.604888582894862,6.925335551960623
20,2022-12-11 00:00:00,0.202355722311913,0.03636348971831804,0.04574943385285604,0.12786001166278774,0.18440639331864733,0.008,True,True,2000,1.8372020981638486,11.014341999399685,6.959496279183146
21,2022-12-11 06:00:00,0.20375800144527484,0.03701275190970469,0.045048627466664125,0.12917648323156664,0.1680575818740416,0.004,True,True,2000,1.878468554822282,10.847027538587248,6.876691275984002
22,2022-12-11 12:00:00,0.20218036438143186,0.038456879758346475,0.04514205837395245,0.12927267343057597,0.1721600049499587,0.003,True,True,2000,1.8655884616633849,10.83735070923225,6.929324236670858
23,2022-12-11 18:00:00,0.20798889345226654,0.03895709981218559,0.046879006802971204,0.1322859879989872,0.18739806442754126,0.0035,True,True,2000,1.8887284997187765,11.012111771662003,7.003970555783111
24,2022-12-12 00:00:00,0.24329634535529088,0.03884968307191558,0.045673289227932214,0.1290454541201699,0.17918005883755275,0.0,True,True,2000,1.9034414080197721,12.78191933464356,6.7795863627040225
25,2022-12-12 06:00:00,0.23415397487978898,0.03831519909884058,0.04661517379364931,0.13385964954810128,0.17640207024235816,0.0015,True,True,2000,1.924874908309982,12.164633341569893,6.95419993113363
26,2022-12-12 12:00:00,0.24127249486972502,0.039917320656435946,0.046698935157308705,0.13486693634271293,0.18060700930592813,0.0005,True,True,2000,1.9499759703981476,12.373100927005876,6.916338374937806
27,2022-12-12 18:00:00,0.25220227607719153,0.03818967735877236,0.04530514241808414,0.1275609402542219,0.18081975817368287,0.0,True,True,2000,1.9489510770602285,12.940410821271616,6.545107353163175
28,2022-12-13 00:00:00,0.2627858758919036,0.03917135142073465,0.047011120907181875,0.13340436912176004,0.19151028084790314,0.0005,True,True,2000,1.971519670427974,13.329102409354023,6.766575607779803
29,2022-12-13 06:00:00,0.2501161827090529,0.039753583676291074,0.04630752384779874,0.12843312906673984,0.18372047259803054,0.001,True,True,2000,2.000936266504719,12.499957489698636,6.418651669055395
30,2022-12-13 12:00:00,0.24248306163887687,0.037800473195428126,0.045718675453175164,0.1289475582817297,0.17577489113539868,0.002,True,True,2000,1.9998312945946661,12.125175873299069,6.447921813718057
31,2022-12-13 18:00:00,0.23972108026344044,0.040582971837449015,0.04870189306892369,0.14041512330715253,0.1918973240343829,0.002,True,True,2000,2.0224410510561275,11.853056490237728,6.942853698199368
32,2022-12-14 00:00:00,0.24169757532918099,0.039161370726712545,0.04546507127828976,0.12893954312603903,0.17457940093959234,0.0015,True,True,2000,2.014452148163118,11.998179035901813,6.4007250429657905
33,2022-12-14 06:00:00,0.20227175085716126,0.03958865621713237,0.04820001156618064,0.13953957594477537,0.18899408540822,0.0065,True,True,2000,1.9941790054032824,10.14310903429935,6.997344549646199
34,2022-12-14 12:00:00,0.21972262139487406,0.03769069593776611,0.045681665473621826,0.13001111967450898,0.1729505444553379,0.0015,True,True,2000,2.000543491782384,10.98314644482496,6.498789964254943
35,2022-12-14 18:00:00,0.24119378041485726,0.036786828530239714,0.04578710351460911,0.12948726827298093,0.1854708782850857,0.0025,True,True,2000,2.0015713118633434,12.05022169259212,6.469280784826798
36,2022-12-15 00:00:00,0.25715103436914344,0.03882769843261957,0.04534559648241543,0.12847096519562734,0.18253623901253227,0.0005,True,True,2000,2.025400053663483,12.696308262854854,6.34299209004428
37,2022-12-15 06:00:00,0.26631165750888725,0.036906866348842826,0.04467119780559557,0.12464244030700102,0.1796578079124756,0.0005,True,True,2000,2.0369606142076657,13.073971860397352,6.119040271943808
38,2022-12-15 12:00:00,0.2923911851849206,0.04070347599973421,0.04689633153390723,0.13478459052083314,0.17785605416349398,0.0,True,True,2000,2.0114004137143806,14.53669707887612,6.701032256025606
39,2022-12-15 18:00:00,0.2728705378770634,0.03914807322316095,0.046489994107646405,0.1332526650708569,0.1744936599863111,0.0,True,True,2000,2.007211672090078,13.594507329310593,6.6386952070731535
40,2022-12-16 00:00:00,0.25635047845600106,0.039298402998817004,0.047728096940331935,0.13903678051317908,0.17756970629544164,0.0005,True,True,2000,2.0161369155839477,12.714934014377317,6.89619734842804
41,2022-12-16 06:00:00,0.2505613592698625,0.038575908993833626,0.04545773727541274,0.13000210357030995,0.17276389674662612,0.0015,True,True,2000,2.007446988642506,12.481592823494651,6.47599185960179
42,2022-12-16 12:00:00,0.2415185446395167,0.03676638577318964,0.04482697334766789,0.12690836473192874,0.17876459083466356,0.0005,True,True,2000,1.992252596278817,12.12288768455524,6.370094081893611
43,2022-12-16 18:00:00,0.23220003946879883,0.03611007028987276,0.044608067967257886,0.12615451243035222,0.17868671218881904,0.001,True,True,2000,1.9697613257146214,11.788232230854549,6.404558297670093
44,2022-12-17 00:00:00,0.21251828769320208,0.037822869759963976,0.0454291521976539,0.1265585823799116,0.1825310326730461,0.0045,True,True,2000,1.974644917775852,10.762354577276241,6.409181784564148
45,2022-12-17 06:00:00,0.22824723810365735,0.03923077981358806,0.046720612243026406,0.13469986134754855,0.18393328224983085,0.0005,True,True,2000,1.92406690264355,11.862749563960568,7.000788858354104
46,2022-12-17 12:00:00,0.2271669845622326,0.038906840457156616,0.044836861143184685,0.12813513913625715,0.18102996973530397,0.001,True,True,2000,1.9107459895541568,11.888915941947811,6.706026852169687
47,2022-12-17 18:00:00,0.22014366036531577,0.040903919007998585,0.0462246246214053,0.12988214258329125,0.18240728568263198,0.0025,True,True,2000,1.9390300186989406,11.35328789355354,6.698304891145532
48,2022-12-18 00:00:00,0.22091321411752934,0.040424611580105164,0.045571314179234094,0.13378225511123862,0.1779927107600094,0.0025,True,True,2000,1.9232795593735441,11.486276815081723,6.955944311851084
49,2022-12-18 06:00:00,0.18905656854495034,0.041936732916682755,0.047233378601867146,0.13679047687739948,0.17874494388245094,0.0075,True,True,2000,1.9288517269197616,9.801508633681252,7.091808819117689
50,2022-12-18 12:00:00,0.1847627229635696,0.04468411337437285,0.049854498452134556,0.14332966644496634,0.1987967257631737,0.0145,True,False,2000,1.9354977516946774,9.546005558611247,7.405312990907387
51,2022-12-18 18:00:00,0.19596620698125694,0.04336509265623988,0.047409820655746844,0.13684052726596005,0.18040112579748324,0.005,True,True,2000,1.9271112981274883,10.168909661402067,7.100810804177401
52,2022-12-19 00:00:00,0.18425081724641942,0.04320455122539924,0.04749713383594546,0.13628015713211578,0.18238161949068227,0.009,True,True,2000,1.8517884079155815,9.94988501163676,7.359380615494622
53,2022-12-19 06:00:00,0.19172259717976403,0.04331119684816728,0.04774162291808916,0.1363076326791563,0.18630127860145437,0.0085,True,True,2000,1.8338953014504529,10.454391645375177,7.432683456430077
54,2022-12-19 12:00:00,0.2070629408602804,0.04469746393090121,0.050320583322513227,0.14548244575447106,0.20276886399820107,0.0095,True,True,2000,1.81880142327106,11.384582077568638,7.998808660091393
55,2022-12-19 18:00:00,0.22317533531338155,0.04397434429533981,0.0483240563814163,0.13989622183959938,0.1892193480427292,0.0025,True,True,2000,1.8106534174151727,12.325679402079006,7.726283809703928
56,2022-12-20 00:00:00,0.2510133472081182,0.042278139062144005,0.04748746464311392,0.1368966243164867,0.18224612363592832,0.0,True,True,2000,1.8470942295358648,13.58963409631746,7.411458610364771
57,2022-12-20 06:00:00,0.2537447230767859,0.04314273962250341,0.047505805463722,0.13492420215230821,0.18095546186259637,0.0015,True,True,2000,1.8134752145550266,13.992180375018107,7.4400907754018935
58,2022-12-20 12:00:00,0.22630838177010346,0.04315048035706863,0.048183642219994806,0.1401357711848676,0.18211624220065062,0.0015,True,True,2000,1.7829835838666643,12.692678935345,7.859622065670532
59,2022-12-20 18:00:00,0.23983207895402472,0.0406832554498691,0.04639693186131063,0.12921656979725338,0.18153039352169703,0.0,True,True,2000,1.7729242813489168,13.527485718202822,7.288329860254375
60,2022-12-21 00:00:00,0.2541952064678847,0.041370591890034496,0.047009194719359125,0.137459507151279,0.18814730647192526,0.0,True,True,2000,1.8195506715545804,13.970218606262083,7.554585277574979
61,2022-12-21 06:00:00,0.2566219871676789,0.040399251422102746,0.047016903225798816,0.13623187966219244,0.1868254857836841,0.0005,True,True,2000,1.8239315318530114,14.069716032978796,7.4691334232151005
62,2022-12-21 12:00:00,0.28175771212339484,0.038664372293187955,0.04522528984497444,0.12965856701979103,0.17539963220925248,0.0,True,True,2000,1.7620286001061698,15.990530012192636,7.35848254744438
63,2022-12-21 18:00:00,0.27770732602041787,0.04193329743593425,0.04819777960615398,0.13741428372556713,0.18383309659881944,0.0,True,True,2000,1.7383730064985063,15.975128754431477,7.904764007027004
64,2022-12-22 00:00:00,0.28274816761594423,0.042460870037767176,0.04755004720329304,0.13723661826583425,0.1859601238770448,0.0,True,True,2000,1.7809387028799042,15.87635594412769,7.70585860388754
65,2022-12-22 06:00:00,0.2712074778584683,0.04037063652982664,0.048014957325489195,0.13809922163807542,0.19216100253037793,0.0005,True,True,2000,1.7668095465325182,15.350125223781541,7.816304927098927
66,2022-12-22 12:00:00,0.2531828198592458,0.04005439875081239,0.04753646929025007,0.13522864591521067,0.18197494117805538,0.0005,True,True,2000,1.7783087509575881,14.23728133390286,7.60434012611097
67,2022-12-22 18:00:00,0.26613481010500273,0.039363803068689675,0.045990147516229055,0.13650021304261103,0.17471816363527384,0.0,True,True,2000,1.802125593001104,14.767828121335585,7.574400672890694
68,2022-12-23 00:00:00,0.28625676296150826,0.03646777436583844,0.04535176710808662,0.12743015711196037,0.17410246311755703,0.0005,True,True,2000,1.8048636856835505,15.860298217097494,7.060375701653012
69,2022-12-23 06:00:00,0.270906818388098,0.03845909645905334,0.04668137444050614,0.1337075792934279,0.181255331937351,0.0,True,True,2000,1.7877020230402152,15.153913510003553,7.479298986642142
70,2022-12-23 12:00:00,0.25675988148735246,0.039395110464777956,0.04648797894573316,0.1312740786455682,0.1860549507837185,0.0015,True,True,2000,1.7854801474119324,14.380438889759034,7.352312420602996
71,2022-12-23 18:00:00,0.26992384223953014,0.037853054012767555,0.04582745112820478,0.13240738565892585,0.1782711214734927,0.0,True,True,2000,1.8320850491554297,14.733150208499435,7.227141868766634
72,2022-12-24 00:00:00,0.26085008845788776,0.03964280341443391,0.04653549639106994,0.13069676703719843,0.18376215853056577,0.0005,True,True,2000,1.9161429717972984,13.613289420320045,6.8208254269569375
73,2022-12-24 06:00:00,0.237001604125602,0.036460921143952545,0.04544212326991433,0.1311389406660306,0.17786787529912806,0.0015,True,True,2000,1.8808524310464836,12.60075486058931,6.972314175284154
74,2022-12-24 12:00:00,0.241380019299546,0.03508905843391614,0.04322012632589694,0.12439047175036919,0.16867287308395335,0.0005,True,True,2000,1.8581414483225407,12.990400677916888,6.6943489077574885
75,2022-12-24 18:00:00,0.24280437451162915,0.03433136141845475,0.04270709142383685,0.12234404673690182,0.16858195590659258,0.001,True,True,2000,1.8574130241103917,13.07218003534353,6.586798151450377
76,2022-12-25 00:00:00,0.24964613708816896,0.03434674266739398,0.04473801412629521,0.12464923876583857,0.1826127940263601,0.0005,True,True,2000,1.8682561037118632,13.362522225521994,6.67195672575
77,2022-12-25 06:00:00,0.20148227509044506,0.03256819936581495,0.042553919000031346,0.11791344926026362,0.16620907461680687,0.0025,True,True,2000,1.8830298866654984,10.699897888887644,6.2619000418026705
78,2022-12-25 12:00:00,0.2319149801366827,0.03619913501399863,0.045161089959055524,0.12771465329878923,0.17153495832893295,0.0015,True,True,2000,1.893106521252253,12.250498190840073,6.746300425520086
79,2022-12-25 18:00:00,0.24706995590465988,0.038516679119710004,0.045790739985919135,0.13119362794573272,0.17915357713619584,0.0005,True,True,2000,1.9022566350966625,12.988255703579402,6.896736514159466
80,2022-12-26 00:00:00,0.24600215640875475,0.03804793827150779,0.04580061543414286,0.13031456653816248,0.18523749455076466,0.0005,True,True,2000,1.9287502616578995,12.754484668082336,6.756425086685288
81,2022-12-26 06:00:00,0.23169651518682774,0.03868596076657474,0.04632856813702115,0.13150049762149077,0.18185937816926165,0.0025,True,True,2000,1.912820053305216,12.112823408896869,6.874692545922829
82,2022-12-26 12:00:00,0.23948276736648405,0.03976293473566624,0.04747895500640542,0.13743046171806753,0.18348890227965828,0.0005,True,True,2000,1.9274340524913316,12.424952597311295,7.130228997481386
83,2022-12-26 18:00:00,0.234170653275903,0.038325233370710074,0.04620784834755722,0.1352876610178732,0.1723100879557085,0.0,True,True,2000,1.9196815899867037,12.198411158254894,7.047401075446593
84,2022-12-27 00:00:00,0.2390452066054554,0.03878206515314706,0.04709232705028227,0.1342066026374099,0.18832071083039867,0.001,True,True,2000,1.9293472057061007,12.389952720716737,6.956062767784356
85,2022-12-27 06:00:00,0.21990891605251628,0.04053722390917471,0.04626791045602634,0.1299315660665467,0.17675380553825368,0.002,True,True,2000,1.9255160256865413,11.420778280674549,6.747882870526602
86,2022-12-27 12:00:00,0.2279977312456897,0.039531970883570355,0.046472742049495155,0.13384948768413438,0.1757303381100186,0.0015,True,True,2000,1.9368137703844808,11.771794208197385,6.910808345686413
87,2022-12-27 18:00:00,0.23361274355821188,0.044063379927643906,0.04753196208813932,0.1354154237593104,0.18622917602592798,0.0015,True,True,2000,1.9242444725159051,12.140491860307574,7.037329491832079
88,2022-12-28 00:00:00,0.25235797010029104,0.03940969702387298,0.046270604599613865,0.12964601723307828,0.1802979867557265,0.001,True,True,2000,1.8853746667995337,13.385030283061692,6.876406027728979
89,2022-12-28 06:00:00,0.25052368296934163,0.03935414885859191,0.04685577438550733,0.13261360507287123,0.18339841989721334,0.0015,True,True,2000,1.901035529358016,13.17827463508502,6.975861472597261
90,2022-12-28 12:00:00,0.22435219822759453,0.038826668675444494,0.04596752342674951,0.12942409826112536,0.17980610960402602,0.003,True,True,2000,1.895307234517742,11.837246971976056,6.828660594125633
91,2022-12-28 18:00:00,0.21605385514212097,0.038179632451620975,0.046396767309781435,0.1328820121098187,0.18035314008963552,0.0015,True,True,2000,1.8820910963922668,11.479457904894677,7.060339022087554
92,2022-12-29 00:00:00,0.20553067700849337,0.03864974529198378,0.046636079160817856,0.1316984601274834,0.1841713671819821,0.006,True,True,2000,1.8687411748686669,10.998349036909183,7.047442518985489
93,2022-12-29 06:00:00,0.21046137838475698,0.03859563634628519,0.04559655792485454,0.127742931462939,0.17966134988267127,0.003,True,True,2000,1.8540196097196395,11.351626341027885,6.890052877178358
94,2022-12-29 12:00:00,0.19305536810089208,0.03850631535631649,0.04731459121394393,0.13616097076866993,0.17968924054973562,0.008,True,True,2000,1.8450703185396429,10.46330679980228,7.379717152267679
95,2022-12-29 18:00:00,0.17626234548237668,0.03810359412335593,0.04481642616075519,0.1262898353020049,0.1689862888239048,0.0075,True,True,2000,1.8345064166528142,9.608161840282888,6.8841315656136866
96,2022-12-30 00:00:00,0.18350469201848046,0.03837581502185613,0.045647617120182046,0.127750796568878,0.17468179931417974,0.006,True,True,2000,1.832979505581485,10.011278983736721,6.9695703732569
97,2022-12-30 06:00:00,0.14496163295697095,0.03653396151586832,0.04462494578466641,0.12671031304857325,0.17504994335709484,0.029,True,False,2000,1.7851919215879224,8.120226806091978,7.097853822678339
98,2022-12-30 12:00:00,0.1444254048683161,0.039236913771482806,0.04764325181966496,0.13660383170003662,0.18665487981547663,0.04,True,False,2000,1.7659656804182002,8.178267928407,7.73536163328425
99,2022-12-30 18:00:00,0.1595755298665569,0.03914907390206208,0.04735077101317636,0.13283262988893327,0.19518662868014858,0.0215,True,False,2000,1.7692765793556264,9.019252938094878,7.5077368591693645
100,2022-12-31 00:00:00,0.1878798829603626,0.03772550496182323,0.046238525745894696,0.12940796896070325,0.18863730920525068,0.0105,True,False,2000,1.7795976463103722,10.557436022119534,7.271754333290108
101,2022-12-31 06:00:00,0.20229820029225012,0.03637097102834691,0.04483717649582237,0.12824240606638562,0.17504006367598093,0.004,True,True,2000,1.8074329874073183,11.192569887884908,7.095278605617551
102,2022-12-31 12:00:00,0.1961600510670248,0.03799602323403032,0.04705289664272429,0.13358148067390888,0.18637701384041727,0.008,True,True,2000,1.7931502206132797,10.939409805829632,7.449542104075493
103,2022-12-31 18:00:00,0.20945991588234703,0.03630703684493489,0.0450750159745873,0.12288205719267906,0.1799788432542886,0.0035,True,True,2000,1.784837843423767,11.735515170417404,6.884774302911485
104,2023-01-01 00:00:00,0.19341193778013607,0.0379539059655956,0.046231900307459196,0.12864660383435064,0.17606803632559964,0.0075,True,True,2000,1.7888060768080558,10.812347983816121,7.191757983286122
105,2023-01-01 06:00:00,0.20640397414392678,0.03417408482248451,0.043504350333848675,0.12336161777889018,0.16837151321890648,0.001,True,True,2000,1.7868986743533377,11.5509612887604,6.903671682644995
106,2023-01-01 12:00:00,0.2174406554371111,0.0324983810508944,0.04336751688045061,0.12010269304145646,0.17170961957187997,0.003,True,True,2000,1.8146684238334458,11.982390423577915,6.618437366521331
107,2023-01-01 18:00:00,0.21527123946919763,0.031888763229778086,0.04230008682053516,0.12125510201340425,0.16430230882391123,0.002,True,True,2000,1.7824401849846359,12.077333157244388,6.8027585461135365
108,2023-01-02 00:00:00,0.19561883604015456,0.030263667185341746,0.04132833105307324,0.11776459823949778,0.15623967502749234,0.0025,True,True,2000,1.7828414331577087,10.972307037630435,6.605444323274286
109,2023-01-02 06:00:00,0.20588909785270615,0.03277650682319938,0.04277869455210681,0.12020579602742257,0.16992244476869553,0.0035,True,True,2000,1.7746246181417233,11.601839383266329,6.773590020028833
110,2023-01-02 12:00:00,0.19197086204536515,0.03336244832555919,0.042378832274512036,0.12237024629784721,0.16253962504197908,0.0025,True,True,2000,1.780899208462578,10.779434407806297,6.871261760146859
111,2023-01-02 18:00:00,0.1875503190854666,0.033505267827223774,0.04451119853664663,0.13008108486337008,0.17577869997238402,0.0085,True,True,2000,1.773602656752044,10.574539814285293,7.334285634279802
112,2023-01-03 00:00:00,0.19521993384178987,0.03371812853654076,0.04274635883972803,0.11943992724976672,0.16501058472586277,0.002,True,True,2000,1.7647776254578311,11.062013197903307,6.767987395510001
113,2023-01-03 06:00:00,0.1697789861022571,0.029873066104431495,0.04274268794782255,0.12038481240994461,0.17292200142067138,0.011,True,False,2000,1.7801915752268207,9.537118839618424,6.762463887888355
114,2023-01-03 12:00:00,0.15125683947366714,0.02883120052483014,0.04017494501434012,0.11296896175941108,0.1586993166465414,0.0145,True,False,2000,1.774453351243612,8.524137271214254,6.366409220069811
115,2023-01-03 18:00:00,0.11549780109527234,0.032090195345183245,0.04304194753013248,0.12397723880277532,0.17108583988589426,0.0625,False,False,2000,1.766420705726894,6.538521696491563,7.018556700611017
116,2023-01-04 00:00:00,0.11859445825542915,0.027838069964372592,0.039508906099509904,0.10908987752744077,0.15391574271982814,0.036,True,False,2000,1.7533132187135323,6.7640200843547,6.221927512043961
117,2023-01-04 06:00:00,0.0954306856591035,0.029427247082878923,0.04208793028233002,0.1151635622596912,0.17578989727926614,0.093,False,False,2000,1.6917254948368456,5.6410266293413684,6.807461530323386
118,2023-01-04 12:00:00,0.10202507897306648,0.029471398875285888,0.04116536160726747,0.11166686506098158,0.16808132096220504,0.069,False,False,2000,1.6158083964978982,6.314181755348935,6.910897684589848
119,2023-01-04 18:00:00,0.09370645030269212,0.02898547660404285,0.041648557230220984,0.12011670020372908,0.16893762777028024,0.095,False,False,2000,1.5561419800846668,6.021715981056801,7.718877952074384
120,2023-01-05 00:00:00,0.08534844029685897,0.02866441000108995,0.04064392832432357,0.11579335009240352,0.16599450248152078,0.116,False,False,2000,1.4992558173449313,5.692720302263332,7.7233884139575855
121,2023-01-05 06:00:00,0.08809245595347438,0.028687718437534628,0.04084870410483581,0.11327118928849267,0.17420082762364805,0.0995,False,False,2000,1.4934820741792463,5.898460883896864,7.584368854962096
122,2023-01-05 12:00:00,0.11219419080909725,0.029601053239147853,0.04167005556542095,0.11995315796901262,0.16898005276541395,0.06,False,False,2000,1.4843736250732367,7.5583524871348855,8.081062337866204
123,2023-01-05 18:00:00,0.10208745481571303,0.028559439128915103,0.041328280607441786,0.11209006343036561,0.16994629983477563,0.067,False,False,2000,1.4733986118747253,6.928705782192833,7.607585790225787
124,2023-01-06 00:00:00,0.09896890251810056,0.02998051096005846,0.04349833262918695,0.1241321216876027,0.16729104844590562,0.098,False,False,2000,1.4581242629445976,6.787412090533257,8.513137380824118
125,2023-01-06 06:00:00,0.11290662079500856,0.028878111530343878,0.040879456410080825,0.1152239204780403,0.1639028612460733,0.0535,False,False,2000,1.4783877098532892,7.637145522957106,7.793890581617104
126,2023-01-06 12:00:00,0.13627612188304014,0.029461639456641025,0.04267297526655212,0.11757699689687341,0.17766300264356896,0.028,True,False,2000,1.4722892110640524,9.25607012935663,7.985998675620139
127,2023-01-06 18:00:00,0.13986964354481868,0.028803574935118734,0.041697092318554084,0.1146466826058348,0.15753619157296478,0.0275,True,False,2000,1.4728371684454262,9.496612832798789,7.7840704364382605
128,2023-01-07 00:00:00,0.14082517462748056,0.03076594919528012,0.04380743223428582,0.11931421030396518,0.1753058012163309,0.0305,True,False,2000,1.4409977987199805,9.772754320136626,8.279971725838196
129,2023-01-07 06:00:00,0.13769428138233797,0.027910581504929557,0.041187448275294976,0.11800018943114655,0.16489199001684407,0.0265,True,False,2000,1.4569807235100192,9.450659103479286,8.098953371659698
130,2023-01-07 12:00:00,0.16402929248293882,0.027340408981417035,0.04025371685099112,0.11597456482665833,0.16160010277243742,0.009,True,True,2000,1.490259870514942,11.006757662088855,7.782170554360071
131,2023-01-07 18:00:00,0.15632661246367083,0.02927848342028274,0.041383764139401084,0.11354062031347492,0.1612568218389797,0.012,True,False,2000,1.4601828535899675,10.705961385543619,7.775780960194603
132,2023-01-08 00:00:00,0.13555926783789402,0.025728730975969547,0.03938010093411831,0.11099125551362984,0.16450762874705518,0.027,True,False,2000,1.4695865107695603,9.224313563337443,7.552549965602802
133,2023-01-08 06:00:00,0.12143602347059342,0.026928373489302018,0.040660472894158264,0.11524712654781928,0.16051657631153557,0.0415,True,False,2000,1.4307859429209164,8.487364869037263,8.05481260967276
134,2023-01-08 12:00:00,0.1176480521296883,0.027327407543734146,0.04092241092050142,0.11483419696730221,0.17829508323453455,0.044,True,False,2000,1.4033865720742769,8.383153613604732,8.182648975867812
135,2023-01-08 18:00:00,0.12816336600726425,0.025751392568091433,0.03994543631063465,0.11189757143070793,0.16129521562327823,0.0325,True,False,2000,1.3869161835519257,9.240887627328336,8.06808462960866
136,2023-01-09 00:00:00,0.1272000475674401,0.02675460294219863,0.04026113914439692,0.10975331921343402,0.154211739484337,0.0295,True,False,2000,1.4404094884833651,8.83082544126889,7.619591518311602
137,2023-01-09 06:00:00,0.1271823707373705,0.027672793280843926,0.041285130305127475,0.11755412005127354,0.1660030052367375,0.04,True,False,2000,1.4489771011688737,8.777389969432498,8.112903920734423
138,2023-01-09 12:00:00,0.14082605080354202,0.029061470618705294,0.04225887308868935,0.11948233059944087,0.1716450948684273,0.026,True,False,2000,1.445476527992709,9.742534595086303,8.265947477221404
139,2023-01-09 18:00:00,0.13410392506887675,0.027779325511694593,0.04131462839313006,0.11493563347809874,0.1679174891516779,0.033,True,False,2000,1.4122972202947426,9.495446365099381,8.138204326006674
140,2023-01-10 00:00:00,0.11767798321377922,0.02918220785223919,0.04226858118033509,0.11914112847758511,0.16631948578111738,0.0525,False,False,2000,1.4032014524432257,8.386392631569809,8.490664563533555
141,2023-01-10 06:00:00,0.12919990385727204,0.02658770944437614,0.03951453670323464,0.11147344304962992,0.15814211530787844,0.029,True,False,2000,1.3794559521880967,9.3660043042574,8.08097155061823
142,2023-01-10 12:00:00,0.11795809974500096,0.026830897733362776,0.04009355833241678,0.11400966755406693,0.16069611610182846,0.0425,True,False,2000,1.3520665559052376,8.724282042907678,8.43225261775187
143,2023-01-10 18:00:00,0.1362606393505949,0.028591461046664636,0.043024711042032836,0.12126945323580546,0.17457914412868475,0.034,True,False,2000,1.3438538026030062,10.139543385349057,9.024006406121709
144,2023-01-11 00:00:00,0.15927490127345464,0.02909384822756865,0.04235118346091292,0.11511935761891566,0.17124507645045134,0.0175,True,False,2000,1.2945469728190386,12.303524292101471,8.892636577584264
145,2023-01-11 06:00:00,0.18566050315059726,0.02920744067107764,0.043697266924126225,0.12634172361306098,0.18021762348321627,0.007,True,True,2000,1.296730548825194,14.317585354860432,9.743097648738475
146,2023-01-11 12:00:00,0.21705569342119238,0.029043278898527432,0.0429791460118203,0.12249900638567458,0.17054836884070693,0.0025,True,True,2000,1.2574123718277028,17.26209303203313,9.742150556990069
147,2023-01-11 18:00:00,0.2222901291148903,0.032690499649588374,0.04611666608589497,0.12920555334028974,0.19013153510032013,0.003,True,True,2000,1.2169681619241965,18.265895203323854,10.617003581753341
148,2023-01-12 00:00:00,0.2308805020871382,0.0282447790739593,0.04203831078157556,0.1162399662171356,0.17524644816011356,0.0005,True,True,2000,1.2387682924909722,18.637908597327197,9.383511583380532
149,2023-01-12 06:00:00,0.23980654938384566,0.02941419042017266,0.043019320737565925,0.1184968109572362,0.1678348973782121,0.0005,True,True,2000,1.1866680923704473,20.20839280382237,9.985674319474711
150,2023-01-12 12:00:00,0.24237368577329438,0.03133811065506495,0.0448833691592061,0.12695388265657717,0.17995842026002748,0.0,True,True,2000,1.1706297231246319,20.7045559313455,10.844922194330866
151,2023-01-12 18:00:00,0.22592325400109772,0.02972443267555947,0.04409160442534198,0.1234192449859075,0.17915735462715757,0.0015,True,True,2000,1.1862315471501823,19.045459930977103,10.404313161491235
152,2023-01-13 00:00:00,0.24693786080637822,0.03149718058489707,0.04445797057044918,0.12217672601701397,0.18311987564713209,0.001,True,True,2000,1.1684791347320853,21.133270887459823,10.456046871990338
153,2023-01-13 06:00:00,0.2494805223894329,0.03221538228681151,0.04501942595637942,0.12341201768128106,0.1825729788081513,0.001,True,True,2000,1.1382684300839347,21.917547372462618,10.842083854700316
154,2023-01-13 12:00:00,0.23982276502877137,0.03178977473744327,0.04609210590599806,0.12609648760734626,0.19244715190127565,0.0025,True,True,2000,1.1386750985839484,21.06156227768693,11.07396550290415
155,2023-01-13 18:00:00,0.22637283709004918,0.03209935851766315,0.0450503284282201,0.12628300671910578,0.17840326996456227,0.001,True,True,2000,1.1347900099497306,19.948434080775627,11.128314984434866
156,2023-01-14 00:00:00,0.23235951404787097,0.031022395950165267,0.044515855774724035,0.1292606749292952,0.17597057117348602,0.0015,True,True,2000,1.1561544515603221,20.097618768347374,11.18022551008195
157,2023-01-14 06:00:00,0.22893541052273764,0.030859990318067694,0.04372915226437922,0.12312329617358876,0.18828061989230754,0.0005,True,True,2000,1.1419123301866716,20.04842267403426,10.78220218127091
158,2023-01-14 12:00:00,0.2206720033181561,0.03257249709829255,0.04391273089910091,0.12342898474022883,0.17753692737111343,0.002,True,True,2000,1.1322894177882876,19.489010481895782,10.900833550252894
159,2023-01-14 18:00:00,0.22288696346923553,0.03193301580482765,0.04295257001924401,0.12061321764383848,0.17245202751673674,0.0015,True,True,2000,1.1245520900999801,19.82006573385315,10.725445153289002
160,2023-01-15 00:00:00,0.23434042790085716,0.030773026183818167,0.04406501177716787,0.12179367269360897,0.1765435477113579,0.0015,True,True,2000,1.0538295400819535,22.237033503789725,11.557246030903384
161,2023-01-15 06:00:00,0.22406628428771982,0.03217374918968698,0.04447459180677744,0.12600234929189807,0.17632787896171745,0.002,True,True,2000,1.0190246851452074,21.98830779607573,12.364994796366801
162,2023-01-15 12:00:00,0.22311090347343154,0.028459718308028563,0.04258690081229958,0.1207453432703304,0.1670251443568063,0.0015,True,True,2000,1.0072105003297858,22.151367901782148,11.988094170066274
163,2023-01-15 18:00:00,0.2068358129685261,0.02936148906285311,0.04303885771822494,0.11879540910896752,0.18190361137064356,0.0045,True,True,2000,1.03426707739883,19.998298069074753,11.485950941002262
164,2023-01-16 00:00:00,0.18270604782603378,0.030537914557739677,0.044293196454477705,0.12661164529254929,0.17296770258421057,0.0085,True,True,2000,1.0437041317504416,17.505540341170203,12.130990138000449
165,2023-01-16 06:00:00,0.21148090495271032,0.03067472959635727,0.04382693755957806,0.12040538411225676,0.17515391809627856,0.003,True,True,2000,0.9730070813158093,21.73477552359867,12.37456401133598
166,2023-01-16 12:00:00,0.21977971344821365,0.03055594382292137,0.04285820605508748,0.12099315420549725,0.16980377008341968,0.0005,True,True,2000,0.9748187267646264,22.545700796870335,12.411861906579016
167,2023-01-16 18:00:00,0.18733802229424948,0.03087431482131504,0.04413264999522806,0.12646682039151635,0.18007393508116182,0.009,True,True,2000,0.918242105992894,20.401811360162046,13.772709786028376
168,2023-01-17 00:00:00,0.1774424697035223,0.033097581460253246,0.04612106088553821,0.13114383299357527,0.1839372798181842,0.0145,True,False,2000,0.9196956050952656,19.293608528785143,14.259482405593413
169,2023-01-17 06:00:00,0.1687954237881724,0.03103404092257958,0.043037813972222894,0.1221612399566341,0.16807675041533096,0.01,True,True,2000,0.9287471236790685,18.174529910738134,13.153337097046805
170,2023-01-17 12:00:00,0.16320368962781723,0.030327474936347593,0.04484191999885458,0.12261231236645265,0.1902532187279899,0.0175,True,False,2000,0.9833457118528897,16.596776460264138,12.468891752771041
171,2023-01-17 18:00:00,0.14542813366661944,0.031346101157360785,0.043602294408765924,0.12245224856376681,0.17224442323337222,0.0285,True,False,2000,0.9651248027175534,15.068324143896175,12.68771129070266
172,2023-01-18 00:00:00,0.1558583357387241,0.029528090975107696,0.04257951699559191,0.11775710491935366,0.17422887783826152,0.018,True,False,2000,0.9776436333081975,15.942244231809005,12.044992767035318
173,2023-01-18 06:00:00,0.15579302722573368,0.029701577684734835,0.04220224825136824,0.11854049313624206,0.17343858261186204,0.014,True,False,2000,0.9637352318057109,16.165542369332158,12.300109949714885
174,2023-01-18 12:00:00,0.14196234710460787,0.03171185032203693,0.04462749111019923,0.12396704992999019,0.1825012791133873,0.031,True,False,2000,1.0069492442367218,14.098262441441806,12.311151792358563
175,2023-01-18 18:00:00,0.16007428600858545,0.031748850042688535,0.04339846791478095,0.12151291187370633,0.1691530606366763,0.016,True,False,2000,1.0172172560210326,15.73648943341123,11.94562038290804
176,2023-01-19 00:00:00,0.15664146935143491,0.03171638163147439,0.044238635103980024,0.1258722639552455,0.17087667393526812,0.022,True,False,2000,0.9992786749285943,15.675454033143266,12.596312431488643
177,2023-01-19 06:00:00,0.14511261187189134,0.03362421275482958,0.0461606554291515,0.13174606072526493,0.18343601969025708,0.033,True,False,2000,0.9933837637804891,14.607910574221675,13.262352932353465
178,2023-01-19 12:00:00,0.14618896856740338,0.03368401167369112,0.0456158336821101,0.1309343752405758,0.18026755227895042,0.0315,True,False,2000,0.9630885512011559,15.17918247341615,13.595258201052808
179,2023-01-19 18:00:00,0.16332526574932346,0.034763271418885085,0.04809571585912622,0.13438091568732183,0.19787546135213202,0.0245,True,False,2000,0.9882894455681991,16.526055851524607,13.597323768854169
180,2023-01-20 00:00:00,0.1941307323710522,0.033817976483484745,0.04708542286368216,0.12950131197868672,0.19868075182261946,0.0125,True,False,2000,0.9869508476937998,19.669746758379702,13.121353741302459
181,2023-01-20 06:00:00,0.18257515378836406,0.03293350936844804,0.046696742429736954,0.13003724676947304,0.18379008229518912,0.0115,True,False,2000,0.9898589475612949,18.44456265593927,13.136947146847985
182,2023-01-20 12:00:00,0.19701476007543256,0.03349724629792489,0.04572621732137012,0.13011067028615536,0.18572891244858014,0.006,True,True,2000,0.9889626593408167,19.921354786716698,13.156277343462023
183,2023-01-20 18:00:00,0.16882158429786392,0.034800733622834513,0.04749381461463679,0.1357908145984129,0.18212406097043943,0.0175,True,False,2000,0.9671174695505428,17.4561611813632,14.040777762138884
184,2023-01-21 00:00:00,0.18078576835905455,0.03643671606649312,0.04780617532251466,0.1315268755680683,0.19083246602366818,0.012,True,False,2000,0.9441589665671765,19.147810354051405,13.930585868000675
185,2023-01-21 06:00:00,0.15951162602397212,0.03331064133097685,0.04652047234561269,0.1330994889559229,0.1812127570484928,0.025,True,False,2000,0.9347408599465808,17.06479655046726,14.239185924057002
186,2023-01-21 12:00:00,0.16313325896861644,0.03865821236403667,0.05026819251492397,0.1417431330382976,0.20020991176939235,0.028,True,False,2000,0.9369143574606009,17.41175782712632,15.128718213100731
187,2023-01-21 18:00:00,0.14768937158118908,0.03805603355929087,0.04999743900252213,0.14050913054467934,0.19195962423152776,0.0385,True,False,2000,0.938450795467948,15.737572208838657,14.97245579877377
188,2023-01-22 00:00:00,0.1301521785899937,0.04011974509154145,0.05054295684950936,0.1426732644785794,0.19457610186321259,0.0705,False,False,2000,0.9279978964765012,14.025051035585987,15.374309038877456
189,2023-01-22 06:00:00,0.1381082523103928,0.04032148708028127,0.051330551782524096,0.14631824332972485,0.19381574235836896,0.0615,False,False,2000,0.9602174855020239,14.383017847064785,15.238031543783675
190,2023-01-22 12:00:00,0.12018974762806202,0.035320330172034675,0.04758669206123531,0.13250524717560658,0.1862819273656026,0.0695,False,False,2000,0.9611318982120032,12.50502119965547,13.786374942097595
191,2023-01-22 18:00:00,0.12232779807683516,0.035573527568115354,0.04712886575068239,0.13065243520840486,0.1937889094809131,0.0655,False,False,2000,0.9669145782569327,12.651355231126704,13.512303790468586
192,2023-01-23 00:00:00,0.12196954673468711,0.036360798024982786,0.04871199366681999,0.1347873526527317,0.19861666206240505,0.0755,False,False,2000,0.9406690907477808,12.966254332618494,14.32888079118057
193,2023-01-23 06:00:00,0.11319307128870512,0.03549706419888342,0.04763935832192196,0.13387763226436664,0.183859614171751,0.0845,False,False,2000,0.9059045618636591,12.495032705855936,14.778337354759403
194,2023-01-23 12:00:00,0.09505589558588545,0.035533420916236735,0.04677520445324284,0.1333738769619201,0.1852733292828145,0.122,False,False,2000,0.922445055020556,10.30477588540677,14.458734017382527
195,2023-01-23 18:00:00,0.11214230022018189,0.03277465521349966,0.04594825360517013,0.13276531258117216,0.18018079622599642,0.0815,False,False,2000,0.9119693005678585,12.296718776646749,14.558090113176267
196,2023-01-24 00:00:00,0.11052646989292186,0.035164538430199024,0.04623486708189949,0.130191089202199,0.17508932228481894,0.0905,False,False,2000,0.8869439234256036,12.461494686838877,14.67861561071052
197,2023-01-24 06:00:00,0.09693348390654427,0.03395448934269255,0.04578338444351045,0.1282289850903816,0.1778046757183838,0.119,False,False,2000,0.8872864736840933,10.92471110306322,14.451813353804809
198,2023-01-24 12:00:00,0.11929006273225744,0.03250366885435281,0.04558310561219376,0.12907677104406098,0.1828441811346104,0.061,False,False,2000,0.8655351452197638,13.78223211282415,14.912943946520823
199,2023-01-24 18:00:00,0.10836738342238,0.03227931531787304,0.046732633579140315,0.12915500574864472,0.1955301435464604,0.0875,False,False,2000,0.8336932498735289,12.998471972613345,15.49190973637336
200,2023-01-25 00:00:00,0.10693066322041014,0.03178915837917198,0.04472521022244252,0.12757404255627947,0.1782232193548558,0.0875,False,False,2000,0.8224778281185511,13.001039002475975,15.510940015016562
201,2023-01-25 06:00:00,0.12393801338804142,0.03473400623759795,0.0480540082175205,0.13871508563650314,0.19548797618099198,0.0685,False,False,2000,0.83563108211321,14.83166627486105,16.600039013114433
202,2023-01-25 12:00:00,0.12462684389194756,0.032721270208052614,0.04522071467151473,0.12631367941712343,0.179020690785199,0.0515,False,False,2000,0.8296742661279426,15.021177464449535,15.224490450526378
203,2023-01-25 18:00:00,0.12157457340914123,0.03749341904424868,0.050037771619249126,0.13676568320588323,0.20945060337859409,0.0715,False,False,2000,0.8387858340309065,14.494113810303288,16.305197066650017
204,2023-01-26 00:00:00,0.10805461764896157,0.03525209412634777,0.04783012416330799,0.13486841874695243,0.1894327655094582,0.0935,False,False,2000,0.840069982651372,12.862573342750197,16.054426599232823
205,2023-01-26 06:00:00,0.11777567011337457,0.03490087325428471,0.046652227646819214,0.1281517580587066,0.18897900081561628,0.07,False,False,2000,0.8488091623486381,13.875400424223935,15.097829258123607
206,2023-01-26 12:00:00,0.13310006820014456,0.03809858546272881,0.05178801833853035,0.1463186319349156,0.20880336504942743,0.0655,False,False,2000,0.9045961685599673,14.71375546637871,16.175022293963636
207,2023-01-26 18:00:00,0.1483627179451449,0.039928050700934574,0.051504583908080666,0.14297048099636595,0.2088583837140183,0.0455,True,False,2000,1.0027157613182882,14.79608914794456,14.25832588972174
208,2023-01-27 00:00:00,0.1563789785897965,0.03599117305845898,0.0488610385267946,0.13283664485594843,0.19567283359658105,0.0275,True,False,2000,1.0182694309083908,15.357328212268134,13.04533366355168
209,2023-01-27 06:00:00,0.1489604240007556,0.03517407103291767,0.047539646370752246,0.13167664310857624,0.18144126958187168,0.0325,True,False,2000,1.005996845057019,14.80724564223784,13.089170582946801
210,2023-01-27 12:00:00,0.17056490461746754,0.03674755134794603,0.049222666180338874,0.13471595967078168,0.1972576923608127,0.021,True,False,2000,1.0176556588150607,16.76057152928036,13.237872604928313
211,2023-01-27 18:00:00,0.16494973041125566,0.03864890826882287,0.04991235398092363,0.13925320756824391,0.18898008585818046,0.026,True,False,2000,1.0378882777899645,15.89282140872548,13.416974692571326
212,2023-01-28 00:00:00,0.17749019865741894,0.03782768224577146,0.050332845206961595,0.14326199976813467,0.19351585087428322,0.0185,True,False,2000,1.0387203156315725,17.087390704349485,13.792163069519553
213,2023-01-28 06:00:00,0.16201689261825666,0.04055729570736647,0.05183651194147658,0.1479390273439708,0.20094030615835778,0.0335,True,False,2000,1.0708264379675474,15.13007961642863,13.815406689506322
214,2023-01-28 12:00:00,0.1698454581239069,0.0382500539466548,0.05109260230507996,0.14638573308592512,0.20317580893723106,0.026,True,False,2000,1.0803879553289242,15.720784120755718,13.549367369738768
215,2023-01-28 18:00:00,0.1786079713866396,0.038090791830775905,0.049606617475499125,0.1410616203340871,0.1977598513495373,0.0145,True,False,2000,1.0528843931389518,16.963683054903854,13.397636174807545
216,2023-01-29 00:00:00,0.21389533723867588,0.03936205902219987,0.05012626709917263,0.14410308790417015,0.1958191577246441,0.005,True,True,2000,1.0659866378880332,20.065480151088213,13.518282760998938
217,2023-01-29 06:00:00,0.22427421632329803,0.03919927481963159,0.050434440239782545,0.14400337325056428,0.21046089302700272,0.0055,True,True,2000,1.0914841435332592,20.547638520638213,13.193354580892844
218,2023-01-29 12:00:00,0.2193371510743816,0.04061417857451077,0.05234318906302329,0.14838598064054556,0.20558943332411062,0.006,True,True,2000,1.0693167877520293,20.511896342288143,13.876709160480862
219,2023-01-29 18:00:00,0.207191066606085,0.037042764661107015,0.04784906753543305,0.1383070373370813,0.18696722529483864,0.004,True,True,2000,1.0480264009311053,19.769641911883976,13.196903934309692
220,2023-01-30 00:00:00,0.22739577546239795,0.04121624210458543,0.05142494247906554,0.14314405151483484,0.2092893427636537,0.006,True,True,2000,1.0358911998797997,21.95170453120791,13.81844459451385
221,2023-01-30 06:00:00,0.21815581834671147,0.03782553167645243,0.04928295325229015,0.14062520051608404,0.19510480890535778,0.0045,True,True,2000,1.025222098114675,21.278883741180334,13.716559638607654
222,2023-01-30 12:00:00,0.21139060260549716,0.04163276208980653,0.051091408769090005,0.14551917820777632,0.19659255598897732,0.0045,True,True,2000,0.996964941749046,21.20341385672396,14.596218193237743
223,2023-01-30 18:00:00,0.23790308619978,0.0433717660938987,0.0533228460444871,0.1521656246423,0.20855202050536145,0.004,True,True,2000,1.000757707155666,23.772296181055005,15.205041495486672
224,2023-01-31 00:00:00,0.23219562027888827,0.041104001659632405,0.05215144638332118,0.14684387156380949,0.2070055313773738,0.0055,True,True,2000,1.0211811361681309,22.737946487160603,14.379806516483926
225,2023-01-31 06:00:00,0.22603657336513355,0.04587593505583906,0.05536377698828292,0.15976974050246767,0.2233652159971325,0.009,True,True,2000,1.0007565950094663,22.58656845154195,15.964895090294798
226,2023-01-31 12:00:00,0.21206147879220635,0.04488968700119202,0.05280417509244907,0.14799887065026135,0.1989352639925217,0.0035,True,True,2000,1.0336502517305135,20.515786499077215,14.318080066491062
227,2023-01-31 18:00:00,0.21619547436380693,0.045906263583938234,0.0550729983609703,0.1534760531777555,0.2175773462139031,0.0115,True,False,2000,1.0362701517183885,20.862848747047487,14.810428817548665
228,2023-02-01 00:00:00,0.1893448159624838,0.04039659014404586,0.05148020225032779,0.14713971759474284,0.20531495135772818,0.014,True,False,2000,1.0650283753034027,17.778382280992627,13.815567829620129
229,2023-02-01 06:00:00,0.2039785213292282,0.043209067741300414,0.053094097083625676,0.1528039910098383,0.20481027294262996,0.0105,True,False,2000,1.0785497047460997,18.912296802978272,14.167542797279772
230,2023-02-01 12:00:00,0.14916603037041892,0.04548723744652532,0.05438357587123908,0.15370938662987327,0.20916373640861027,0.057,False,False,2000,1.0761396463728843,13.86121502661678,14.28340523908295
231,2023-02-01 18:00:00,0.1518577996700736,0.045394526594547104,0.054435547809315865,0.15432973001020656,0.2153773080902458,0.054,False,False,2000,1.1086100071418608,13.69803616166,13.92101180902096
232,2023-02-02 00:00:00,0.16410242151241078,0.047308900296626946,0.0568826245803332,0.16191222042070588,0.22675132822381136,0.0475,True,False,2000,1.1144483450069003,14.72499127013327,14.52846344526658
233,2023-02-02 06:00:00,0.14465858194708314,0.0449783285401444,0.054008185437106775,0.15206820335179747,0.21345045555056022,0.0605,False,False,2000,1.1406342151600846,12.682293764682552,13.331899160192663
234,2023-02-02 12:00:00,0.13752800772139534,0.0460290034460112,0.054726662659703565,0.15590536116000997,0.21129599930069726,0.08,False,False,2000,1.1621786908601337,11.833637013221283,13.414921679954716
235,2023-02-02 18:00:00,0.1331248550879672,0.045543013008340856,0.056246035814741656,0.161472990841509,0.22569461889574124,0.0885,False,False,2000,1.220641234530346,10.906141077495906,13.228538105517742
236,2023-02-03 00:00:00,0.11925003294567703,0.04687934600640754,0.055423214075838466,0.15908911869853845,0.21697863648146792,0.1115,False,False,2000,1.2069139866557788,9.880574279871036,13.181479414233676
237,2023-02-03 06:00:00,0.1226100721201876,0.04836760055827515,0.05661141418202891,0.16180609878504268,0.21773519255786455,0.1165,False,False,2000,1.209126550139157,10.140383742799838,13.382064827409554
238,2023-02-03 12:00:00,0.1517763594275299,0.049196856807938776,0.058131302343316996,0.16709940791419228,0.23683309116492146,0.067,False,False,2000,1.2081551191384365,12.562654995474848,13.830956411735833
239,2023-02-03 18:00:00,0.1301095927182104,0.04875068384758195,0.05604690800195422,0.1586483109337616,0.21273020623341288,0.099,False,False,2000,1.2104769207230823,10.748622339737715,13.106264829815387
240,2023-02-04 00:00:00,0.1291553696501387,0.05087636387888348,0.0570593162872387,0.16539825489525564,0.2276118203696989,0.1035,False,False,2000,1.1905231811495742,10.848622831974236,13.89290502815295
241,2023-02-04 06:00:00,0.1344298194979225,0.050663366257437704,0.058386494217085035,0.16669641176771688,0.23289146258854815,0.1015,False,False,2000,1.2289890510018142,10.938243867050044,13.563701941187661
242,2023-02-04 12:00:00,0.1604260333068709,0.048161522153216625,0.05666519614280021,0.16404773582362853,0.2182949806326246,0.055,False,False,2000,1.2737072215326601,12.595204815893974,12.879548223510017
243,2023-02-04 18:00:00,0.18354809924768214,0.04880694729566617,0.05556887163178633,0.16238224976635832,0.20880669560152942,0.027,True,False,2000,1.3358443010641687,13.740231485171057,12.15577666027398
244,2023-02-05 00:00:00,0.18952743914287729,0.04800675059704862,0.05596759182129158,0.15690589225474286,0.22183877564341548,0.023,True,False,2000,1.4205526597593419,13.341810163868578,11.04541188084675
245,2023-02-05 06:00:00,0.18380638440698222,0.04832116966262362,0.05650007221642431,0.16219819112569236,0.2208659635856507,0.029,True,False,2000,1.4561847910709464,12.622462858700947,11.138571980717106
246,2023-02-05 12:00:00,0.19678012700582256,0.04530902170141522,0.05458737048427923,0.15513498553454758,0.2104276456976464,0.0165,True,False,2000,1.464164885314394,13.43975183256555,10.595458687102449
247,2023-02-05 18:00:00,0.21479264753698626,0.04200086780557948,0.051932575980235006,0.1444995718251996,0.1956536291225322,0.007,True,True,2000,1.4433987933583792,14.881032776619188,10.01106364298602
248,2023-02-06 00:00:00,0.24319213827428107,0.04269314884758298,0.051748699536038494,0.14767364930648333,0.19413002624495837,0.002,True,True,2000,1.4592235541349916,16.665858879891925,10.120015462197108
249,2023-02-06 06:00:00,0.27551903895889995,0.04716966265272194,0.056006395329815724,0.15663488184063548,0.21576012455637103,0.0025,True,True,2000,1.4766249496131532,18.658701319592396,10.60762801560889
250,2023-02-06 12:00:00,0.25255077802117787,0.04550802508525821,0.053322856466764504,0.1554296608332371,0.20019049613914816,0.0035,True,True,2000,1.497604206691214,16.863653086228975,10.378553968984985
251,2023-02-06 18:00:00,0.22786009640546,0.04222541137173849,0.05221247762299308,0.14641054869647607,0.19644451865011578,0.0045,True,True,2000,1.4862935865322124,15.330759580083916,9.85071523036562
252,2023-02-07 00:00:00,0.21015495934823641,0.04468658965991458,0.05360274392903599,0.15273328302105774,0.20479834646399264,0.009,True,True,2000,1.4816741150487949,14.18361549370224,10.308156258505461
253,2023-02-07 06:00:00,0.20325233478932378,0.04866725698014078,0.054390655463007975,0.15679718554871125,0.21592269360497787,0.015,True,False,2000,1.4593394081480227,13.92769452085595,10.744394667426613
254,2023-02-07 12:00:00,0.18394401815149075,0.04668165190874794,0.05359333197837692,0.15194000015644135,0.20919593505604664,0.017,True,False,2000,1.4541773560970865,12.649352390219033,10.448519193301015
255,2023-02-07 18:00:00,0.15767076967621677,0.04485304051606011,0.053330514685237126,0.15165429980406436,0.20580253612714505,0.045,True,False,2000,1.4326404872511358,11.005606157253446,10.58564944615306
256,2023-02-08 00:00:00,0.16369404350357475,0.049997369431109745,0.05491656681697363,0.15784998234790965,0.21090932049291725,0.044,True,False,2000,1.4081271355889897,11.624947731378318,11.20992404438569
257,2023-02-08 06:00:00,0.12835622103665847,0.04441599462133847,0.05287543694810244,0.1508628698236246,0.21073893437500857,0.0835,False,False,2000,1.4181452762150424,9.050992390514088,10.638040569882229
258,2023-02-08 12:00:00,0.14106932676534112,0.04445211045434861,0.051855119240683284,0.1538414446453936,0.19802604727216902,0.068,False,False,2000,1.4134235523547105,9.980683180942112,10.884313084290941
259,2023-02-08 18:00:00,0.14641482414327503,0.04310832785942505,0.05091135896627523,0.14573429066253846,0.2070598385591138,0.049,True,False,2000,1.4235074768870335,10.285497373252941,10.237690565646647
260,2023-02-09 00:00:00,0.15174594397341115,0.04447746750815052,0.05354479114781532,0.14998211237143105,0.2096121465882384,0.049,True,False,2000,1.444022876043392,10.508555403858525,10.386408336021692
261,2023-02-09 06:00:00,0.1313507703807291,0.04392053566790661,0.0508051878792626,0.14784793687417758,0.1906201909219113,0.082,False,False,2000,1.4542244929337382,9.032358553921984,10.166789075042368
262,2023-02-09 12:00:00,0.139821387224931,0.04124965968013434,0.050942939021608506,0.1493884780124276,0.19862737286211926,0.0585,False,False,2000,1.454961567542916,9.60997117340055,10.267520554835631
263,2023-02-09 18:00:00,0.14936695057667607,0.041140626048724656,0.05015624679010888,0.14238186347561005,0.1999801122730068,0.0395,True,False,2000,1.4514045330967893,10.291200500661194,9.80993652898527
264,2023-02-10 00:00:00,0.18392861259455512,0.042942641600960736,0.05039333446634702,0.14378062377423967,0.18651846062469904,0.0135,True,False,2000,1.4644094475470257,12.559917098503199,9.818334893637903
265,2023-02-10 06:00:00,0.16230384828343233,0.03675567058137477,0.04640637100393123,0.13089598142155037,0.17924007498866593,0.0195,True,False,2000,1.4735711112066097,11.014320723927092,8.882909038191467
266,2023-02-10 12:00:00,0.1690943604551879,0.038883869392811146,0.048869080716170354,0.13778577702398093,0.183598317399036,0.0195,True,False,2000,1.4822945198151927,11.407608825017446,9.295438604276805
267,2023-02-10 18:00:00,0.1897457445983436,0.04301340048534999,0.05185944457361225,0.15039381097122467,0.1951435451571005,0.013,True,False,2000,1.4655091952659545,12.947427775361678,10.262222267662526
268,2023-02-11 00:00:00,0.17126263131127833,0.042479891330034006,0.05131532450659295,0.14733921865191624,0.19674506368331,0.0265,True,False,2000,1.437746856750282,11.911876594074476,10.247924936170257
269,2023-02-11 06:00:00,0.1728570260739395,0.04304744540243026,0.05010861611188372,0.14375177258492883,0.18864729786099932,0.021,True,False,2000,1.4520406750826451,11.904420381619204,9.899982490280237
270,2023-02-11 12:00:00,0.19464545451431972,0.04190689793069254,0.05084676418590101,0.1416608725020806,0.1990649567673795,0.0105,True,False,2000,1.4545929201072678,13.381438327086437,9.738867180216573
271,2023-02-11 18:00:00,0.181689395491691,0.03999785184011056,0.048849351905515474,0.13415184222732374,0.19013049262572065,0.013,True,False,2000,1.490802656373484,12.18735388717829,8.998631821173472
272,2023-02-12 00:00:00,0.18245556879759042,0.03869001687773037,0.046376701247464416,0.13175623151356558,0.1789024124992297,0.0085,True,True,2000,1.4921603226053808,12.227611606708225,8.829897801029391
273,2023-02-12 06:00:00,0.15993017459197648,0.03898700943621235,0.048485383724446225,0.1399072345352507,0.18589198444790214,0.0265,True,False,2000,1.4785535873136197,10.816664067113942,9.462439220038538
274,2023-02-12 12:00:00,0.1416633591049404,0.04056500312925783,0.048182732806551345,0.136837782926897,0.19089926011504046,0.04,True,False,2000,1.4916785427766333,9.496909356974866,9.173409618950814
275,2023-02-12 18:00:00,0.17363336698587534,0.040866050031608654,0.051295562634604414,0.1450738108834796,0.1989312487131653,0.0235,True,False,2000,1.5277937799643502,11.364974073263143,9.49564088988926
276,2023-02-13 00:00:00,0.18739658494006134,0.04263930250418814,0.05087252894232884,0.14649292881227718,0.19773554297295146,0.0145,True,False,2000,1.525045942149294,12.287930465619782,9.605804308152202
277,2023-02-13 06:00:00,0.17680886054694175,0.04115306105570894,0.05130022857656672,0.14474789116673528,0.19890548314579692,0.022,True,False,2000,1.5152889539892769,11.668326366496629,9.552494313751831
278,2023-02-13 12:00:00,0.18934638998240635,0.04201852868840695,0.05215007582660672,0.14751602991508805,0.20370310374728956,0.0135,True,False,2000,1.4968343985195425,12.649788792245896,9.855200419030329
279,2023-02-13 18:00:00,0.17794390374416796,0.04060340230697719,0.05036259066389838,0.1429698034186779,0.20083579043047842,0.019,True,False,2000,1.4925270253865985,11.922323731329183,9.579042857307423
280,2023-02-14 00:00:00,0.18568906503673077,0.04061974413494971,0.04973896298499747,0.1406112517044867,0.20049291340639097,0.014,True,False,2000,1.4732185529420359,12.604312148113216,9.544493681788373
281,2023-02-14 06:00:00,0.17588275213085,0.0404923344316226,0.04895240509052336,0.13845528921688896,0.19593247345355513,0.017,True,False,2000,1.4813854027891056,11.872855760540338,9.346338161305608
282,2023-02-14 12:00:00,0.18034166918623218,0.04339607612833348,0.05158738370030949,0.14902689597754148,0.19502320799743658,0.021,True,False,2000,1.4973659461150464,12.043927515123018,9.952603527828018
283,2023-02-14 18:00:00,0.18577862460006322,0.04218653795527933,0.05209669343258213,0.14631575821881576,0.2109248256389593,0.02,True,False,2000,1.4982627012464147,12.399602849721397,9.765694500510138
284,2023-02-15 00:00:00,0.20039769244056244,0.03957830518592517,0.04916772128125185,0.13611979549552863,0.18885505389103271,0.007,True,True,2000,1.4927860941076347,13.424407772257362,9.118506397723314
285,2023-02-15 06:00:00,0.211960640226307,0.0440261499306111,0.052823659524241465,0.1525291618361131,0.20139655711265061,0.0085,True,True,2000,1.5018336499496112,14.113456589111491,10.156195517474966
286,2023-02-15 12:00:00,0.2111322301818588,0.042748024641242346,0.051103167751996754,0.144589975949035,0.19704110279587525,0.0055,True,True,2000,1.4928730809018078,14.142677825922014,9.685349531635453
287,2023-02-15 18:00:00,0.21840153276914714,0.04471499537823246,0.05235218746278591,0.14878528929292398,0.20244335435828284,0.0065,True,True,2000,1.4913026146086061,14.645017760293195,9.9768677286181
288,2023-02-16 00:00:00,0.23869276057199573,0.04609119644397116,0.05460247267402313,0.1504799178161912,0.21022391391718034,0.004,True,True,2000,1.501256028689384,15.899537188228821,10.023601233932238
289,2023-02-16 06:00:00,0.23414827339924382,0.04961240686955373,0.05622806938262738,0.16613422226051724,0.22018741458251676,0.0065,True,True,2000,1.495879260870082,15.652885866139416,11.106125113592714
290,2023-02-16 12:00:00,0.2324571734920715,0.05018876022779152,0.05670817313228661,0.1600078954173411,0.21814899214533584,0.006,True,True,2000,1.4703780092173766,15.809347802732656,10.882092524119487
291,2023-02-16 18:00:00,0.2313253939025948,0.04969245674887875,0.05812491371729827,0.16459633699920673,0.21743649630520398,0.007,True,True,2000,1.4865675183759857,15.56104186611775,11.072240915032335
292,2023-02-17 00:00:00,0.2569607836266877,0.0503167164406415,0.056883106476653816,0.1623011590382375,0.22134983563875021,0.004,True,True,2000,1.5007766277221302,17.121854037446017,10.814478053577982
293,2023-02-17 06:00:00,0.23796233793537572,0.04937686608740345,0.05792698597143625,0.1654002991605302,0.23166617060320613,0.0065,True,True,2000,1.4918093500082397,15.95125663571296,11.08722767822957
294,2023-02-17 12:00:00,0.22235409513732382,0.04844063023713956,0.05451705914099769,0.156028109128075,0.20785232496169037,0.006,True,True,2000,1.5232773823003216,14.597085056271492,10.24292167277209
295,2023-02-17 18:00:00,0.2074522086476475,0.04645662616493456,0.05365075439539499,0.15146192645089024,0.2020679858541699,0.0085,True,True,2000,1.513611027609008,13.705780736504783,10.006661136061403
296,2023-02-18 00:00:00,0.20849454990280358,0.05160969085114527,0.05767413830671567,0.1629420830948191,0.2311229160684345,0.019,True,False,2000,1.5136794263775566,13.774022839285049,10.7646361743029
297,2023-02-18 06:00:00,0.19441212581970194,0.04605410453858549,0.054913070126662376,0.15859220080357686,0.21903228324222276,0.0235,True,False,2000,1.5345577852374268,12.668934835166374,10.33471677177927
298,2023-02-18 12:00:00,0.17553138198898788,0.048836044386806964,0.055697003374786995,0.15688337820145135,0.2178784244152035,0.03,True,False,2000,1.5509401302971695,11.31774067612494,10.115372936503459
299,2023-02-18 18:00:00,0.17180557874317534,0.04229209265046685,0.05094129748428122,0.14318637145362156,0.20322905796807386,0.025,True,False,2000,1.539498202770675,11.159842761360316,9.300846938042886
300,2023-02-19 00:00:00,0.18052262695131632,0.0475373994273849,0.054482598785386444,0.1596251685607105,0.20591934667225648,0.0255,True,False,2000,1.5266727260644135,11.824579287316075,10.455755568006104
301,2023-02-19 06:00:00,0.19184107292443026,0.042120039279174126,0.0526003480322292,0.1505027956784297,0.2105317322717833,0.015,True,False,2000,1.5010419117682559,12.780527407022088,10.026555187998351
302,2023-02-19 12:00:00,0.1829870747123273,0.041684935448318514,0.05096167619535094,0.1432591614531449,0.20561872925452662,0.015,True,False,2000,1.488403279937129,12.294186473443999,9.625023230209239
303,2023-02-19 18:00:00,0.15800859969682227,0.042011853629562904,0.05077697104761906,0.14653128984533176,0.1936472940902707,0.0335,True,False,2000,1.470259452297603,10.74698750957861,9.966355911968087
304,2023-02-20 00:00:00,0.17045748720620205,0.04451740918121529,0.05236071313958466,0.14821058881512142,0.19747656970807656,0.027,True,False,2000,1.4779125775137374,11.533665103044136,10.028373198126044
305,2023-02-20 06:00:00,0.17258115071355845,0.044177857578004735,0.05355191265746833,0.15330970694403795,0.20862736462773124,0.0345,True,False,2000,1.46196032527719,11.80477662284281,10.486584642094867
306,2023-02-20 12:00:00,0.18022679773261768,0.043501856411355254,0.05263889734798212,0.1523838675086973,0.2066375964469451,0.0215,True,False,2000,1.4672510546483952,12.283296519817895,10.385671015599565
307,2023-02-20 18:00:00,0.19519865109358092,0.0393810450998365,0.0494274824100937,0.139107133681688,0.19339065959243815,0.0095,True,True,2000,1.4811745682825272,13.17863912016262,9.391677163549163
308,2023-02-21 00:00:00,0.18926698341065382,0.03847928449091616,0.04909602794644786,0.13620057728816304,0.18705539090403678,0.0095,True,True,2000,1.5076593450153943,12.553696830547704,9.033909267267024
309,2023-02-21 06:00:00,0.17931867804726823,0.04103518429030848,0.05075439198012759,0.14289394098576977,0.19407341792827237,0.014,True,False,2000,1.4916921358457862,12.021158638447533,9.579318517004127
310,2023-02-21 12:00:00,0.20424768261545784,0.04035887626200841,0.05021132842554871,0.13896137362527536,0.19355822413803872,0.0075,True,True,2000,1.4798988292030848,13.801462544939222,9.38992388419586
311,2023-02-21 18:00:00,0.21171554358121608,0.04000647089330991,0.049726099396348665,0.14215985634268077,0.20030690728728576,0.007,True,True,2000,1.4639257166914705,14.462178044095127,9.710865429973293
312,2023-02-22 00:00:00,0.2105630253771143,0.041928809247787004,0.05118419448771119,0.14482031507192242,0.20193149836061317,0.0085,True,True,2000,1.4845694376917902,14.183440668460607,9.755038154166042
313,2023-02-22 06:00:00,0.22220519605879774,0.042727695652387813,0.05098877803091073,0.14439419866835154,0.2088896190331239,0.0045,True,True,2000,1.4895815186671313,14.917290076049389,9.693608363076
314,2023-02-22 12:00:00,0.2086556904931281,0.040898384905903244,0.050151444300470464,0.14185503914212522,0.19460180233682114,0.0075,True,True,2000,1.5238940488255022,13.692270184659067,9.308720593236513
315,2023-02-22 18:00:00,0.20741308041375137,0.038802370484340896,0.04892828225694305,0.14168906058044964,0.18769032846958641,0.006,True,True,2000,1.5246356630970415,13.60410788190711,9.29330619832361
316,2023-02-23 00:00:00,0.19858291371248216,0.03985774352736729,0.049752074438345485,0.14139551190172253,0.19860873893682626,0.0105,True,False,2000,1.5649126176441641,12.689712605898146,9.035361483287215
317,2023-02-23 06:00:00,0.2060315077553562,0.038002999437941595,0.04912714684972039,0.14076012850095546,0.1902313259925583,0.0065,True,True,2000,1.528444329587336,13.479817600617652,9.209372286327184
318,2023-02-23 12:00:00,0.2379110034518622,0.03903944957106428,0.04926712555446047,0.14054838864385355,0.19218731674973444,0.001,True,True,2000,1.5045977557076067,15.812266271789936,9.341260021869045
319,2023-02-23 18:00:00,0.24522285752376552,0.037368575916737756,0.04732068261336797,0.13134428356511205,0.19335566957560016,0.002,True,True,2000,1.5088608318798973,16.252185247478465,8.704864013301314
320,2023-02-24 00:00:00,0.23778525557154595,0.04024989813459159,0.0505283462914186,0.1412874056238911,0.20445305825265725,0.0045,True,True,2000,1.5245191563501561,15.597393747470282,9.267670073897044
321,2023-02-24 06:00:00,0.24068099367546805,0.04058222742125719,0.04923630124458764,0.14090368896379366,0.19603568674241065,0.001,True,True,2000,1.543155100293145,15.596681994554348,9.130883145642777
322,2023-02-24 12:00:00,0.21892673982869887,0.040073933330219164,0.05075999358898969,0.144081638347055,0.20265048635035526,0.0045,True,True,2000,1.5558418514031134,14.071272066069115,9.260686631942512
323,2023-02-24 18:00:00,0.23774323093361452,0.039766500153402176,0.04939490881267892,0.1400476392862679,0.18726427131425502,0.0025,True,True,2000,1.5856160960983943,14.99374479854306,8.832380021297245
324,2023-02-25 00:00:00,0.2323140541721192,0.03893077765667573,0.05087255246197801,0.1451244982424821,0.1973016020857324,0.0025,True,True,2000,1.544017094542113,15.046080447769475,9.399151003928463
325,2023-02-25 06:00:00,0.22556053555571756,0.03776538105707065,0.04782168305876579,0.1348412909105767,0.186645327329052,0.0015,True,True,2000,1.5655725574914665,14.407542753376795,8.612905883240208
326,2023-02-25 12:00:00,0.19341670745669376,0.03653428075434673,0.047367397215529454,0.13211858028443624,0.18958397600554303,0.0095,True,True,2000,1.545177232237722,12.517444822597351,8.55038357594115
327,2023-02-25 18:00:00,0.19306654052181046,0.03635671690455516,0.04755720005040501,0.1340686557057964,0.18547886274695924,0.0085,True,True,2000,1.491388255027083,12.945424497680818,8.989520686775274
328,2023-02-26 00:00:00,0.19179272880907425,0.037734660843554146,0.04846007353800749,0.13808123553906668,0.19267503748291995,0.0105,True,False,2000,1.4954229431344037,12.825316723246003,9.233590816097061
329,2023-02-26 06:00:00,0.18283894255848432,0.033323448667591876,0.045732153445198764,0.12344211728175718,0.18921636803901665,0.012,True,False,2000,1.4273171608684498,12.8099729738579,8.648541520137607
330,2023-02-26 12:00:00,0.16421034461913794,0.03699213621450635,0.046429746220282106,0.1343441198288741,0.18522005695433236,0.02,True,False,2000,1.412178417761763,11.628158492848497,9.513254000992543
331,2023-02-26 18:00:00,0.16489802857647937,0.03408331502992282,0.04486089029195701,0.1286063516773733,0.1751748909236656,0.013,True,False,2000,1.3907672946668108,11.856622542737053,9.247150991437703
332,2023-02-27 00:00:00,0.1476624877455869,0.037038559832763204,0.047088571343140956,0.13283380246810012,0.19207554707831856,0.033,True,False,2000,1.394434495890969,10.589417300038786,9.525998019951912
333,2023-02-27 06:00:00,0.13287880514663206,0.03545453062116538,0.04675994372666705,0.13395592098060033,0.18249276090170843,0.0515,False,False,2000,1.3958885202095186,9.519299229331533,9.596462686038421
334,2023-02-27 12:00:00,0.14465395501496636,0.03675907987913074,0.046840437395261364,0.13253317696373662,0.185383209262939,0.036,True,False,2000,1.4083247612266057,10.271349265277237,9.410697064525406
335,2023-02-27 18:00:00,0.14014783372841796,0.036833577654148415,0.04740314689109278,0.13349204289411234,0.18548329353533008,0.0415,True,False,2000,1.4396461137956256,9.73488084227299,9.272559527991271
336,2023-02-28 00:00:00,0.1267529035076822,0.03327198410929215,0.04391471017447085,0.1252903416108142,0.17086514717806386,0.0475,True,False,2000,1.4417833401098146,8.791397429937565,8.689956259396878
337,2023-02-28 06:00:00,0.0906512091341695,0.037182855827109305,0.04873295877969015,0.1381167781848142,0.19373591341789326,0.1445,False,False,2000,1.4411720334219775,6.2901032653904325,9.583642686769608
338,2023-02-28 12:00:00,0.10546419775640432,0.03315235817180243,0.0443856800203781,0.12470156055276879,0.17709453161471242,0.0855,False,False,2000,1.4182887570903793,7.436017329275332,8.792395760690804
339,2023-02-28 18:00:00,0.12852685344095885,0.0350726362536096,0.04581377342786475,0.12716676247557906,0.1860332110522775,0.0465,True,False,2000,1.3791823504441896,9.319061645442646,9.220445899312937
340,2023-03-01 00:00:00,0.14284386821508252,0.03413889366260767,0.04786180527994304,0.13376242201393387,0.19190004676295716,0.04,True,False,2000,1.3945165627822735,10.243253614004209,9.592028204172593
341,2023-03-01 06:00:00,0.14987010817651675,0.03332748407209873,0.044901376227989745,0.12702257020803043,0.1781124494721818,0.028,True,False,2000,1.4133890773579807,10.603598865831472,8.98709154067266
342,2023-03-01 12:00:00,0.16259349149633853,0.034575565341230075,0.0446618642895026,0.1266178932218946,0.17075422345907673,0.016,True,False,2000,1.4416335556972701,11.278420292991687,8.78294575771398
343,2023-03-01 18:00:00,0.1471349231674838,0.03486614960642934,0.04673174791935975,0.13200407046197957,0.19162560065432716,0.032,True,False,2000,1.4193116916575974,10.366639268337645,9.300569511113768
344,2023-03-02 00:00:00,0.10694653912346173,0.032904148243865505,0.043780542322666226,0.12583621530131853,0.18443096717694535,0.0715,False,False,2000,1.4191860024949812,7.535766202276924,8.86678807993412
345,2023-03-02 06:00:00,0.11490807785076038,0.03536163118261574,0.046858522494114506,0.13144181379243028,0.1915630330778371,0.071,False,False,2000,1.4193469063550015,8.095841639296884,9.260724999921518
346,2023-03-02 12:00:00,0.10243939361235994,0.03622458889803488,0.04810199396906045,0.13778844801113388,0.18717656218769685,0.109,False,False,2000,1.4160589043549556,7.234119519838987,9.730417822830569
347,2023-03-02 18:00:00,0.10552515735503494,0.035719486583403334,0.04638074978642905,0.12736563741551765,0.1909296265112466,0.0885,False,False,2000,1.415041170242805,7.457391316531662,9.00084323296849
348,2023-03-03 00:00:00,0.09767415846847909,0.03722586553700006,0.04847416810213907,0.1369926562522745,0.1894349229337847,0.133,False,False,2000,1.4074630655302496,6.939731553927577,9.733303815021511
349,2023-03-03 06:00:00,0.08417113338784148,0.03913943289444303,0.0494758978264158,0.14222501587637518,0.19228817900766057,0.1875,False,False,2000,1.4164229079404638,5.942514267171075,10.04114061408228
350,2023-03-03 12:00:00,0.10961203832860116,0.03780785682726189,0.04794787310067513,0.13498562180559512,0.1945262548808375,0.0895,False,False,2000,1.4450018742437079,7.585598349896289,9.341553406374961
351,2023-03-03 18:00:00,0.10886145914218205,0.0368479709886456,0.04671390706949393,0.13223529715365268,0.18130035660013577,0.1,False,False,2000,1.425069703006201,7.63902698320914,9.279216088497341
352,2023-03-04 00:00:00,0.08267055775184275,0.03935564531841125,0.04817874526553337,0.13827999924709744,0.18892583091940066,0.188,False,False,2000,1.427050199772625,5.793107892421361,9.689918355298916
353,2023-03-04 06:00:00,0.05468361580887068,0.038001860396735566,0.04789100476006785,0.14039361233561032,0.1895868107823584,0.2935,False,False,2000,1.4280653535809267,3.829209613674156,9.83103553234228
354,2023-03-04 12:00:00,0.05633307301221751,0.03836075449939455,0.04835578839782714,0.1386102962638855,0.18745299439322247,0.285,False,False,2000,1.429223787015077,3.9415152143436334,9.698292004597267
355,2023-03-04 18:00:00,0.05678461467280695,0.037728601267475056,0.04803729518559624,0.13317769260255813,0.18567017433860775,0.282,False,False,2000,1.387196780996607,4.093479414795863,9.600490314494456
356,2023-03-05 00:00:00,0.06024778023944419,0.043042400078070364,0.05156446651700436,0.1473258275715095,0.19501823042267816,0.3005,False,False,2000,1.357834508033491,4.437048836437302,10.85005769848027
357,2023-03-05 06:00:00,0.06859382758837515,0.03845108574955457,0.04810578778863787,0.1365289160178519,0.1986012913948839,0.2295,False,False,2000,1.3633193399729262,5.03138373946469,10.014448707267894
358,2023-03-05 12:00:00,0.07913330348807132,0.03967202461477098,0.04875052119430022,0.13861898181685514,0.19052351845713705,0.2045,False,False,2000,1.376730282147705,5.747916241416804,10.068710161630857
359,2023-03-05 18:00:00,0.05061860113659814,0.03597024780604066,0.046741317361065536,0.1335140478246034,0.18592670900270797,0.2935,False,False,2000,1.2983187064422281,3.8987808529161434,10.2836111936237
360,2023-03-06 00:00:00,0.029717389306673662,0.0338422964998058,0.04477858286347573,0.12832509611199486,0.17912012817043482,0.4,False,False,2000,1.2961332959379241,2.2927726183570645,9.900609490872977
361,2023-03-06 06:00:00,0.028542237066244182,0.03543210468377509,0.04571105888668384,0.12665523085317898,0.18796148423186448,0.4245,False,False,2000,1.3126616550029584,2.1743788246926323,9.648733957486822
362,2023-03-06 12:00:00,0.05010598367178618,0.03714890823001397,0.0467399613522416,0.13787674427997748,0.18087821231263035,0.3195,False,False,2000,1.323352979916411,3.786290160842129,10.418742873022918
363,2023-03-06 18:00:00,0.03418350102234449,0.03663203681460861,0.04691761295864554,0.13106971551615768,0.1882078978503109,0.39,False,False,2000,1.3022401393298988,2.6249767604256533,10.064942060809381
364,2023-03-07 00:00:00,0.03757187146703127,0.03574334323709419,0.04549620737391134,0.12671985186242857,0.17416622485887276,0.373,False,False,2000,1.2883537439173363,2.916269824527476,9.835796454250783
365,2023-03-07 06:00:00,0.04160715298463435,0.039178507005521855,0.048334285029355564,0.13800218027034905,0.18694788905581347,0.37,False,False,2000,1.2980645337663803,3.2053223782264286,10.63138054237803
366,2023-03-07 12:00:00,0.023661377144696027,0.04050460269486148,0.04914848149728773,0.13582455341249994,0.1973431163439122,0.4835,False,False,2000,1.3084265561570052,1.8083840497851198,10.380754867237776
367,2023-03-07 18:00:00,0.028745617491310452,0.04054764556894769,0.04950089229449545,0.14122189765940096,0.19475800607632093,0.457,False,False,2000,1.3487585267281355,2.1312649315398624,10.470510092120186
368,2023-03-08 00:00:00,0.03727062021942251,0.03832486799282916,0.04967507836921768,0.14006379647038977,0.19985927416159616,0.387,False,False,2000,1.4107644668356067,2.6418740403223935,9.928219753404882
369,2023-03-08 06:00:00,0.03940674962504513,0.04064385347614972,0.0486902624514131,0.13879161846067856,0.19134136917917327,0.407,False,False,2000,1.4159614785429864,2.783038255079819,9.80193462632148
370,2023-03-08 12:00:00,0.06625399985226618,0.03918607412987466,0.048807113309060846,0.138671804481159,0.19314098976257732,0.243,False,False,2000,1.4076403017391972,4.706742181962725,9.851366454187502
371,2023-03-08 18:00:00,0.061555316552079416,0.04254698226083398,0.050445635041453045,0.1459925929480253,0.20100524718029475,0.297,False,False,2000,1.4102620442309426,4.364814099896401,10.352160688522208
372,2023-03-09 00:00:00,0.05750188053105487,0.042326076023845555,0.049881926651998004,0.14131719444825872,0.19744015633966713,0.319,False,False,2000,1.40506361682747,4.092475233320032,10.057707904168959
373,2023-03-09 06:00:00,0.03528132620188419,0.04031690210476972,0.04852315561051309,0.13686460905111847,0.19644372675378066,0.4265,False,False,2000,1.3824322728914427,2.5521196874325796,9.900275893071974
374,2023-03-09 12:00:00,0.018608988283427493,0.04035457896391702,0.050019814034128106,0.14457943955422317,0.19123231769821727,0.5025,False,False,2000,1.3975597583081867,1.3315343528461758,10.345134703166005
375,2023-03-09 18:00:00,0.015629430755311636,0.03922897233813888,0.049553200965080466,0.14005261321822987,0.197153314322006,0.5175,False,False,2000,1.4286092293589678,1.0940312042030367,9.80342352128531
376,2023-03-10 00:00:00,0.02649040470554961,0.04109876886218585,0.050273946192584365,0.14396039257808144,0.1952940546969062,0.4675,False,False,2000,1.4309331448769296,1.8512678108261986,10.060595290107914
377,2023-03-10 06:00:00,0.03853646396995671,0.03859913019262241,0.04829277351310225,0.13599171847325867,0.1889280565789314,0.381,False,False,2000,1.485819178587833,2.5936173476090763,9.152642557926145
378,2023-03-10 12:00:00,0.01690320468036538,0.038766942346237857,0.04910373984325993,0.13513728441607112,0.19718262776894144,0.504,False,False,2000,1.4933454345180692,1.1319018553681361,9.049298393555036
379,2023-03-10 18:00:00,0.018345778828735382,0.03743191135268329,0.047634354470643125,0.13662950333889998,0.18301362529922505,0.5005,False,False,2000,1.532242374802806,1.1973157204385771,8.916964155653488
380,2023-03-11 00:00:00,0.033781196674467745,0.03810348778544204,0.04664297751797709,0.1302846475783341,0.18788489034669167,0.415,False,False,2000,1.542542455747151,2.1899686811605696,8.446098004818221
381,2023-03-11 06:00:00,0.0329071126547252,0.03753219560963484,0.04681342865294768,0.1323490997000313,0.18730178530818234,0.415,False,False,2000,1.5728024001789518,2.092259819223385,8.414858706025166
382,2023-03-11 12:00:00,0.04677466854099585,0.038660761377308575,0.04922691516476056,0.13719439932004895,0.19055645892116183,0.3405,False,False,2000,1.597412928463158,2.9281513694769523,8.588536932153241
383,2023-03-11 18:00:00,0.04095783898448579,0.04031967916790427,0.04934245387424513,0.1395641230841121,0.20647843255346038,0.3845,False,False,2000,1.6052967182232254,2.5514185956736237,8.69397672715512
384,2023-03-12 00:00:00,0.046875128024386,0.039215240294790905,0.04874155235015963,0.1367423959610997,0.19342612063333808,0.3445,False,False,2000,1.5788330527498051,2.9689730616384695,8.660978798419482
385,2023-03-12 06:00:00,0.03596904339205074,0.03757862345310798,0.04592399716407924,0.13009690763699333,0.18031208141404434,0.397,False,False,2000,1.597288542740125,2.251881387087794,8.144859501328042
386,2023-03-12 12:00:00,0.049461020084842884,0.03711812940688695,0.046638705897391386,0.1305278024762309,0.184901547719433,0.3185,False,False,2000,1.5994095858424167,3.0924548985237905,8.160999135658004
387,2023-03-12 18:00:00,0.07646831161250114,0.039854805648505263,0.048845195135537624,0.1396469870520778,0.19325618742538023,0.2085,False,False,2000,1.584260745987199,4.826750382232788,8.81464666758878
388,2023-03-13 00:00:00,0.0526168689597901,0.04484879421476268,0.05168634884344207,0.14245106135536073,0.21095392984293979,0.357,False,False,2000,1.6119071462152281,3.264261783523633,8.83742352590452
389,2023-03-13 06:00:00,0.03899179515216769,0.04299890564817981,0.05039400227444324,0.1458544106782682,0.19908379455097736,0.4195,False,False,2000,1.5824980035386464,2.463939610980714,9.216720043382114
390,2023-03-13 12:00:00,0.0766429794754858,0.0440450756250121,0.051758126343299064,0.14476301960376373,0.18868104819852125,0.246,False,False,2000,1.5665489378210278,4.892472723009306,9.2408871570345
391,2023-03-13 18:00:00,0.08090996060501619,0.04522106063880216,0.052149937102996674,0.1485053397573223,0.2007149688580711,0.2185,False,False,2000,1.5819777535677408,5.114481567300473,9.38732162461874
392,2023-03-14 00:00:00,0.08844146141367934,0.04786165981554244,0.05378348999836525,0.15422961614941644,0.2149141304162909,0.21,False,False,2000,1.5943919367149526,5.547033911617869,9.673256154768788
393,2023-03-14 06:00:00,0.08193746783313519,0.045746496018306305,0.05234475466161921,0.14817469399622277,0.2055507900979794,0.221,False,False,2000,1.5997868718151391,5.121773986066523,9.26215214080997
394,2023-03-14 12:00:00,0.060796710592344386,0.0503403922782644,0.055096206241877194,0.15768191843222498,0.2139364657491488,0.3675,False,False,2000,1.6015637055820304,3.796084438005544,9.845497739655706
395,2023-03-14 18:00:00,0.06091018260245163,0.04767272454194591,0.05310414879331555,0.15271459565195789,0.20595133453811365,0.3345,False,False,2000,1.5616905032716102,3.9002723314798886,9.778800302110671
396,2023-03-15 00:00:00,0.04928277919048493,0.04988998424378897,0.054647137485445335,0.15496996930984946,0.21911939684790271,0.4135,False,False,2000,1.5313600274999302,3.218235967079739,10.119760639361244
397,2023-03-15 06:00:00,0.023074711286570102,0.052967562061871316,0.056864201206038474,0.16659301671863294,0.21800201659551738,0.5695,False,False,2000,1.5422518657766566,1.4961701002676366,10.801933226045346
398,2023-03-15 12:00:00,0.0,0.05408122360864205,0.05610811881552075,0.16212671548201846,0.2225552118729841,1.0,False,False,2000,1.5476429998246706,0.0,10.47571794660561
399,2023-03-15 18:00:00,0.0,0.05079691855769687,0.05425793840108081,0.15867483491549567,0.21100668856481067,1.0,False,False,2000,1.5337824892486611,0.0,10.34532836485988
400,2023-03-16 00:00:00,0.002148001521797981,0.05293605903213513,0.05598960393117944,0.16263957607370627,0.21552364220496956,0.695,False,False,2000,1.4990110328792805,0.1432945772034865,10.849791796482668
401,2023-03-16 06:00:00,0.0,0.050607642943785607,0.056325199661134355,0.15966677466776533,0.21946616950273065,1.0,False,False,2000,1.472545382417181,0.0,10.842910281357343
402,2023-03-16 12:00:00,0.0,0.05062172877660467,0.05575969585869873,0.15601904885032872,0.21592210565566197,1.0,False,False,2000,1.4903508416083366,0.0,10.468612121019651
403,2023-03-16 18:00:00,0.0,0.052651400874113574,0.05630391106080588,0.15940402952204474,0.21223203326665033,1.0,False,False,2000,1.4867986506797821,0.0,10.721292318173905
404,2023-03-17 00:00:00,0.0,0.050551555269972084,0.054446627093577,0.1533736411608953,0.2108238323040136,1.0,False,False,2000,1.5097468918526002,0.0,10.158897626388987
405,2023-03-17 06:00:00,0.0,0.050547861419353406,0.05575901890803475,0.16217230119839948,0.2213009003790431,1.0,False,False,2000,1.5369196197717439,0.0,10.55177506436443
406,2023-03-17 12:00:00,0.0,0.05550977104338133,0.056882573383902464,0.16575284590348324,0.21739528636540065,1.0,False,False,2000,1.5294753310764964,0.0,10.837235654322113
407,2023-03-17 18:00:00,0.0,0.054236784361607136,0.058292721044793036,0.16756566292861894,0.22777455675275043,1.0,False,False,2000,1.539158739514544,0.0,10.886834387301061
408,2023-03-18 00:00:00,0.0,0.05466999486006947,0.056349266421574035,0.1648460190694018,0.2159937555393697,1.0,False,False,2000,1.5618526237725583,0.0,10.554518176703922
409,2023-03-18 06:00:00,0.0,0.05091879409406623,0.054894961026575054,0.15864315678948201,0.2151702382483445,1.0,False,False,2000,1.533906865159585,0.0,10.342424327892754
410,2023-03-18 12:00:00,0.0,0.04989997947546228,0.05529536031811755,0.15272127206457978,0.22545335706669598,1.0,False,False,2000,1.5257205624821735,0.0,10.009780022635315
411,2023-03-18 18:00:00,0.0,0.052173949549243155,0.05633283525486525,0.15857013852282031,0.20919708320835237,1.0,False,False,2000,1.515853000256487,0.0,10.460786006030252
412,2023-03-19 00:00:00,0.0,0.04837704657292575,0.05378376716066596,0.15682730504231035,0.210082263259635,1.0,False,False,2000,1.4980648230581568,0.0,10.468659475106179
413,2023-03-19 06:00:00,0.0,0.05209906909318739,0.05612533815186497,0.15999858481851412,0.2145575767480297,1.0,False,False,2000,1.4750322951457029,0.0,10.847124184674854
414,2023-03-19 12:00:00,0.0,0.05436785606278012,0.05636725282119812,0.16144557029880013,0.22498661874473375,1.0,False,False,2000,1.4921857540906607,0.0,10.819401663379718
415,2023-03-19 18:00:00,0.0,0.050620392617072615,0.054499879177340824,0.15882537673871872,0.20349200310739754,1.0,False,False,2000,1.4756802066357733,0.0,10.762858783665989
416,2023-03-20 00:00:00,0.0,0.04991574122356856,0.05438930683934317,0.1568236077688709,0.20603706619168327,1.0,False,False,2000,1.4810113166228869,0.0,10.588954048404698
417,2023-03-20 06:00:00,0.0,0.049508743045177224,0.055013942421960796,0.16094898294019028,0.2152298370895418,1.0,False,False,2000,1.4900935372410484,0.0,10.801267096171157
418,2023-03-20 12:00:00,0.0,0.0499530036427657,0.056150572891171514,0.1600537819965784,0.2179467899487358,1.0,False,False,2000,1.521697933712035,0.0,10.518104707295137
419,2023-03-20 18:00:00,0.0,0.047722689260133136,0.05402017326642306,0.15447449153473022,0.20810057746840796,1.0,False,False,2000,1.6094538672145384,0.0,9.597944661941586
420,2023-03-21 00:00:00,0.0,0.04964589546130698,0.05520997415529095,0.15696875786710135,0.22140997890569553,1.0,False,False,2000,1.627423942688108,0.0,9.645228495767807
421,2023-03-21 06:00:00,0.0,0.05083669699375712,0.05673313280393744,0.16462868044654375,0.21875557123208678,1.0,False,False,2000,1.6251549468339166,0.0,10.130029802220948
422,2023-03-21 12:00:00,0.0,0.04956202089717749,0.053540879696214995,0.15353399002996412,0.20576828165310843,1.0,False,False,2000,1.5941348508017092,0.0,9.631179567572346
423,2023-03-21 18:00:00,0.0,0.04744447199725724,0.05232817939550073,0.1484435732274231,0.20477824165909225,1.0,False,False,2000,1.5955088177756358,0.0,9.303839099703277
424,2023-03-22 00:00:00,0.0,0.05133677431336487,0.055928566688534555,0.16171845907061233,0.21371959551828318,1.0,False,False,2000,1.5447659943358811,0.0,10.46879978349974
425,2023-03-22 06:00:00,0.0,0.048704928651049535,0.05387620566500896,0.1557520035506254,0.21260388049819004,1.0,False,False,2000,1.5444983353768984,0.0,10.084310224433993
426,2023-03-22 12:00:00,0.0,0.052175649313658624,0.05575664652927535,0.1594596519853695,0.21573219015970835,1.0,False,False,2000,1.5012607421813189,0.0,10.621715968784743
427,2023-03-22 18:00:00,0.0,0.05346052067648402,0.05635602290299765,0.1608049441661354,0.21390102857235319,1.0,False,False,2000,1.550671560948261,0.0,10.370019558996782
428,2023-03-23 00:00:00,0.0,0.05130581503935497,0.0557715946399805,0.16213670951144668,0.2156523699348388,1.0,False,False,2000,1.4939618381852715,0.0,10.852801280948084
429,2023-03-23 06:00:00,0.0,0.05282382520397102,0.057178080099052606,0.16675011001686796,0.21569406561657203,1.0,False,False,2000,1.4893312904243827,0.0,11.196307436027396
430,2023-03-23 12:00:00,0.0,0.054013713527935533,0.05861471515855583,0.17446161013448683,0.22465010739395574,1.0,False,False,2000,1.4848146221487868,0.0,11.749723334621418
431,2023-03-23 18:00:00,0.0,0.05379329741497105,0.059918704112812984,0.1725322463656051,0.23525215796488572,1.0,False,False,2000,1.517288799120769,0.0,11.371088118859324
432,2023-03-24 00:00:00,0.0,0.05437308664674034,0.05814736389805452,0.16665657701501155,0.22502499234674023,1.0,False,False,2000,1.4960354497280477,0.0,11.139881547947725
433,2023-03-24 06:00:00,0.0,0.05094362692483418,0.05656003398166727,0.15970278421470344,0.228274963737126,1.0,False,False,2000,1.4895674470194764,0.0,10.721420136715386
434,2023-03-24 12:00:00,0.0,0.05142576791524978,0.057669208968539845,0.16462779336041844,0.22535989382737157,1.0,False,False,2000,1.4575291838318205,0.0,11.294991221212781
435,2023-03-24 18:00:00,0.0,0.04848846450845386,0.055621424900997495,0.1586328603817915,0.2115661216829488,1.0,False,False,2000,1.4588459636757567,0.0,10.873859497961998
436,2023-03-25 00:00:00,0.0,0.05123893898423779,0.0564032788204966,0.16446265768690133,0.21940719302949002,1.0,False,False,2000,1.462715647543296,0.0,11.243652036068976
437,2023-03-25 06:00:00,0.0,0.05300342117158448,0.057615672716852195,0.168484023494099,0.2122767165660351,1.0,False,False,2000,1.4653516614381072,0.0,11.497855970542082
438,2023-03-25 12:00:00,0.0,0.054917845919940415,0.05904567581087931,0.16760982269922944,0.23501775581514697,1.0,False,False,2000,1.4664141501499965,0.0,11.429910348456811
439,2023-03-25 18:00:00,0.0,0.05268084733656347,0.06028855043847215,0.1697874154694215,0.24169598666429595,1.0,False,False,2000,1.4828259705817326,0.0,11.45025908892138
440,2023-03-26 00:00:00,0.0,0.053254263390962765,0.05775194317475206,0.1648695388184002,0.2244058154495713,1.0,False,False,2000,1.4847222468668144,0.0,11.104402804384573
441,2023-03-26 06:00:00,0.0,0.049556486561149714,0.05917859776213393,0.1727124504654019,0.23885917227745665,1.0,False,False,2000,1.524276708550915,0.0,11.33078065790263
442,2023-03-26 12:00:00,0.0,0.048856826397561344,0.057050597914010626,0.16455668746883045,0.2189672586840077,1.0,False,False,2000,1.518292718379774,0.0,10.838271532016233
443,2023-03-26 18:00:00,0.0,0.05177256840305389,0.05750426013904125,0.17076311934255103,0.22118381449782173,1.0,False,False,2000,1.5340242164609657,0.0,11.13170949390265
444,2023-03-27 00:00:00,0.0,0.050928953691963,0.05787728989777778,0.1640974863030094,0.22294207130743188,1.0,False,False,2000,1.5273127835708804,0.0,10.74419647816651
445,2023-03-27 06:00:00,0.0,0.05430350344795991,0.05938561515304711,0.17079628094313287,0.22216426597850672,1.0,False,False,2000,1.499233838290431,0.0,11.392237593695926
446,2023-03-27 12:00:00,0.0,0.05088322993033577,0.058091828743155535,0.1632711258214841,0.22935916761439779,1.0,False,False,2000,1.4993740796817825,0.0,10.889285604839568
447,2023-03-27 18:00:00,0.0,0.0562487403785219,0.05913335016957173,0.17221505081563104,0.23440367945523707,1.0,False,False,2000,1.5151768480397283,0.0,11.366003317595275
448,2023-03-28 00:00:00,0.0,0.05933957945515826,0.061869835771997304,0.18660369835815735,0.24127305878697972,1.0,False,False,2000,1.5086501074707446,0.0,12.368918242480948
449,2023-03-28 06:00:00,0.0,0.057413166741035165,0.05876446821550225,0.17084175880584995,0.23102242739640144,1.0,False,False,2000,1.4949349976919664,0.0,11.428039283956355
450,2023-03-28 12:00:00,0.0,0.055190329209374125,0.05982116908616204,0.17387343661264515,0.23497266688634777,1.0,False,False,2000,1.4635204459404252,0.0,11.88049248611064
451,2023-03-28 18:00:00,0.0,0.05600908284904111,0.06153564302674538,0.18030706762213347,0.235849849063666,1.0,False,False,2000,1.4385907179688666,0.0,12.533590365208767
452,2023-03-29 00:00:00,0.023995140090943945,0.053816477008870205,0.05930478842692475,0.1708445447068556,0.23055483963821666,0.578,False,False,2000,1.469174440321917,1.6332396911074951,11.628608558519513
453,2023-03-29 06:00:00,0.052200541718794076,0.05457220574027532,0.05910841060834734,0.17275279713695063,0.22854058931772786,0.4275,False,False,2000,1.4431499603397973,3.6171252574821247,11.97053680383119
454,2023-03-29 12:00:00,0.03578601231968983,0.05329316703095025,0.05772506135769903,0.16650526160890816,0.2319256903088528,0.5085,False,False,2000,1.4613732543892224,2.4487934353668264,11.393753177623239
455,2023-03-29 18:00:00,0.05918385314679435,0.053569190429570195,0.059587971531911296,0.17432084531533806,0.23090952307741494,0.3765,False,False,2000,1.460795480885176,4.051481122527269,11.933282077906451
456,2023-03-30 00:00:00,0.03426765494992972,0.053182471238266034,0.05935455657422404,0.16759768368067324,0.22812727451592196,0.5,False,False,2000,1.4694694163543442,2.3319746956656973,11.405319621858611
457,2023-03-30 06:00:00,0.03992489263231155,0.05430976858395918,0.06218549820744985,0.17972507732926188,0.2470189382529549,0.473,False,False,2000,1.512670633045712,2.6393645622592743,11.881309348049642
458,2023-03-30 12:00:00,0.05617534045304472,0.051499986343053576,0.05798455289850848,0.16668218297662885,0.21530126872507313,0.3845,False,False,2000,1.5352906287616068,3.6589385358495132,10.85671858175007
459,2023-03-30 18:00:00,0.06602900948679198,0.051682578858948815,0.058599335042619174,0.16768820465964338,0.22694965239816306,0.3325,False,False,2000,1.5357124099440702,4.299568660072019,10.91924526843867
460,2023-03-31 00:00:00,0.067932413376157,0.05263280265441321,0.05831449808145153,0.1684418409518888,0.2140647493110368,0.344,False,False,2000,1.539250902986712,4.413342441075927,10.943104897651823
461,2023-03-31 06:00:00,0.07136589938050068,0.05509328619405241,0.05948341858401569,0.17273349117235848,0.22130139694216017,0.3375,False,False,2000,1.5463498102382636,4.615120001179069,11.1704020674173
462,2023-03-31 12:00:00,0.07334042021160185,0.052020802283346976,0.05802892908378369,0.16582282446451485,0.23453108785064875,0.3085,False,False,2000,1.4984241678349481,4.894503291252328,11.066480908680877
463,2023-03-31 18:00:00,0.08336495461685456,0.049976698148158846,0.05638850252877793,0.16397664293472783,0.2260246118207199,0.246,False,False,2000,1.4874640367875456,5.604502196698257,11.023906385586693
464,2023-04-01 00:00:00,0.08616464392998019,0.049913412443643654,0.05696570609916395,0.15727149115077885,0.22109072915769126,0.2285,False,False,2000,1.4606571360098075,5.899032826099282,10.767173710622453
465,2023-04-01 06:00:00,0.08685121497811839,0.049051348909375084,0.057360344277985954,0.16651018217791255,0.2251652146656557,0.23,False,False,2000,1.4293275929128313,6.076368735114392,11.649546472308767
466,2023-04-01 12:00:00,0.08637832450249569,0.04936419416732581,0.05592709359426801,0.1593743687523478,0.22702432407940545,0.2315,False,False,2000,1.3881020580314296,6.222764673729769,11.481459005857856
467,2023-04-01 18:00:00,0.0849517441777607,0.045309659960083196,0.05526530039233646,0.154154185170636,0.22000350123540513,0.218,False,False,2000,1.4072935437541167,6.036533355446384,10.953946733771836
468,2023-04-02 00:00:00,0.058459986279789655,0.04459882487417808,0.0533707683951038,0.1466364312408135,0.20650994802114025,0.3245,False,False,2000,1.4692201239509004,3.978980775364285,9.980562398402999
469,2023-04-02 06:00:00,0.06416940590568475,0.047507172319887755,0.05609552502347722,0.15806686202541848,0.21929489790110024,0.322,False,False,2000,1.454584730144548,4.411527536062335,10.8668033391022
470,2023-04-02 12:00:00,0.0730239003900884,0.046256132770102466,0.05362327243474961,0.15525356974088544,0.2128581643118952,0.2665,False,False,2000,1.4764245693694615,4.9459960166657755,10.515509763373132
471,2023-04-02 18:00:00,0.059550513822217044,0.04592494169731239,0.05359988709022376,0.15436890443126364,0.20429122614900053,0.329,False,False,2000,1.4536342143636158,4.096664293794678,10.61951506822812
472,2023-04-03 00:00:00,0.04367035961546408,0.04663920946226608,0.05427472838902358,0.15539246623599057,0.21248626670186713,0.418,False,False,2000,1.439613823801475,3.033477373824266,10.79403821127932
473,2023-04-03 06:00:00,0.05727283988789277,0.0435479601484749,0.05275193123034521,0.148928101038059,0.2041066676106455,0.314,False,False,2000,1.442645946514486,3.9699858462339415,10.323260630779
474,2023-04-03 12:00:00,0.04224477282998996,0.042327755367204636,0.05108532242994208,0.14361693497117667,0.19436383534705237,0.4,False,False,2000,1.4413245988273542,2.930968698123923,9.964232559967535
475,2023-04-03 18:00:00,0.01962935879072774,0.0420092298516545,0.05055160717151946,0.14408474870419416,0.19762754423382276,0.515,False,False,2000,1.4409296752912972,1.3622704235555065,9.999429616512415
476,2023-04-04 00:00:00,0.029990548872413956,0.04028121721369564,0.049013052908312094,0.14025992747353463,0.19076318404332843,0.446,False,False,2000,1.4642110897466227,2.048239429575945,9.579214940777849
477,2023-04-04 06:00:00,0.022967062636024566,0.04258418742789516,0.0525854020359373,0.15003616564254532,0.211263220076432,0.4985,False,False,2000,1.4247328987212864,1.612025851065681,10.530827622300604
478,2023-04-04 12:00:00,0.0,0.04340478799040836,0.053130270699736984,0.15277990354509635,0.2128789386076078,1.0,False,False,2000,1.431838969820662,0.0,10.670187553578883
479,2023-04-04 18:00:00,0.0,0.0422303310216367,0.05157324086076507,0.1428080776153256,0.20858932528864504,1.0,False,False,2000,1.408164076472175,0.0,10.141437351043479
480,2023-04-05 00:00:00,0.0,0.04203685871866864,0.05033080800651492,0.1443324908349813,0.19301196851630087,1.0,False,False,2000,1.4250604386338366,0.0,10.128166281378816
481,2023-04-05 06:00:00,0.0,0.04247985539481578,0.05218832685960223,0.14836470287458586,0.20670639200136554,1.0,False,False,2000,1.4212109727778937,0.0,10.439315887393747
482,2023-04-05 12:00:00,0.0,0.04226391859961677,0.05189054294239596,0.14611468595663465,0.19981552720964424,1.0,False,False,2000,1.3859854534844596,0.0,10.542295778739424
483,2023-04-05 18:00:00,0.0,0.04057198055261978,0.050922930385870806,0.14365405350528168,0.20119634977001044,1.0,False,False,2000,1.4073362483077119,0.0,10.20751463468821
484,2023-04-06 00:00:00,0.0,0.043137968538606505,0.05271609037054552,0.1511036863511968,0.19880461447621173,1.0,False,False,2000,1.3966411209358736,0.0,10.81907757734814
485,2023-04-06 06:00:00,0.0,0.04149204597224843,0.05131809223527224,0.14497989356197705,0.21178505586659624,1.0,False,False,2000,1.4152892666643966,0.0,10.243834739428975
486,2023-04-06 12:00:00,0.0,0.04124903054696443,0.05138359089193891,0.1427569037866968,0.19719138579507856,1.0,False,False,2000,1.4242415351125761,0.0,10.023363331797011
487,2023-04-06 18:00:00,0.0,0.04201149462900303,0.05213877387258657,0.1484601054723257,0.2015297095488778,1.0,False,False,2000,1.4113565184276493,0.0,10.518965515369619
488,2023-04-07 00:00:00,0.0,0.0401678390211969,0.05055060830885949,0.14512262307773618,0.19782994002914786,1.0,False,False,2000,1.429549726690609,0.0,10.151631689909339
489,2023-04-07 06:00:00,0.0,0.03690423232204626,0.046731751852288686,0.13163639990442558,0.1842840780794673,1.0,False,False,2000,1.428906389668916,0.0,9.212387939207572
490,2023-04-07 12:00:00,0.0,0.04012801197704982,0.04945888929942625,0.14449290924151725,0.18496676431737918,1.0,False,False,2000,1.4550914800463124,0.0,9.930159802524468
491,2023-04-07 18:00:00,0.0,0.040435129820041785,0.05086221293304522,0.1485072475583747,0.19429045207114995,1.0,False,False,2000,1.453706060341234,0.0,10.215768621306774
492,2023-04-08 00:00:00,0.0,0.03748158735798791,0.04805648956907835,0.1345631407653788,0.1985202518319802,1.0,False,False,2000,1.4729429774605687,0.0,9.13566531933047
493,2023-04-08 06:00:00,0.0,0.03842699532384529,0.04954782821683727,0.1392989023074813,0.21071687903089273,1.0,False,False,2000,1.4298208238553065,0.0,9.742402683147516
494,2023-04-08 12:00:00,0.0,0.03601393195366657,0.048657720110577014,0.13788349089416027,0.19122201604598346,1.0,False,False,2000,1.436591443696673,0.0,9.597961306198165
495,2023-04-08 18:00:00,0.0,0.03514620300687254,0.04619789296623997,0.13352471810819191,0.17272305456414164,1.0,False,False,2000,1.483606375234342,0.0,9.000009728800276
496,2023-04-09 00:00:00,0.0,0.038746189951909274,0.04813628088812304,0.1356979374724796,0.18910424264156317,1.0,False,False,2000,1.4793474415390713,0.0,9.172824021063185
497,2023-04-09 06:00:00,0.0,0.03917261370963143,0.049705988382124734,0.14036972359534974,0.19677341809867963,1.0,False,False,2000,1.5206629047560456,0.0,9.23082447505805
498,2023-04-09 12:00:00,0.0,0.036815578232999885,0.04700218075018903,0.1331688485129031,0.18380242083744094,1.0,False,False,2000,1.5396896086975314,0.0,8.649071069951205
499,2023-04-09 18:00:00,0.011808695392042793,0.03575535084932862,0.04575942580134568,0.1275076684436862,0.18080063927364595,0.517,False,False,2000,1.5488183317964808,0.7624325687277886,8.23257743184054
500,2023-04-10 00:00:00,0.029321801389997508,0.03541941003511328,0.04710490797364664,0.1343233620983789,0.17378692870384022,0.396,False,False,2000,1.5874986998177922,1.8470441199960017,8.461321077856383
501,2023-04-10 06:00:00,0.013427378006796447,0.038476993760683115,0.04850512274513745,0.13663872436097857,0.1896203317498932,0.521,False,False,2000,1.6027486564539677,0.8377719084478356,8.525274615627353
502,2023-04-10 12:00:00,0.021819570421087398,0.03619770245903072,0.0463716773705564,0.13438553174332754,0.17921090337453047,0.457,False,False,2000,1.5975628485047781,1.3658035702012719,8.411908919208045
503,2023-04-10 18:00:00,0.010782966555110575,0.03805890449368901,0.04697205677066771,0.1324833394117545,0.17927678316320053,0.548,False,False,2000,1.5847336098867906,0.6804277064509842,8.359975366536132
504,2023-04-11 00:00:00,0.0,0.03671739187616051,0.04690880447445528,0.13427397496529098,0.18787386245892607,1.0,False,False,2000,1.5724544867129775,0.0,8.539132680779472
505,2023-04-11 06:00:00,0.0,0.037289742748394486,0.04577937397695066,0.1321684176062297,0.16598435146829807,1.0,False,False,2000,1.5917723206757393,0.0,8.30322376444651
506,2023-04-11 12:00:00,0.0,0.03222256397187657,0.043877520965892085,0.12420909690834794,0.1736310109339365,1.0,False,False,2000,1.594239724643798,0.0,7.791117922124294
507,2023-04-11 18:00:00,0.0,0.0304591793676844,0.04256119561652657,0.11920640825802778,0.16778504679844042,1.0,False,False,2000,1.6258730680503968,0.0,7.331839772767106
508,2023-04-12 00:00:00,0.0,0.029328466398809875,0.04094698049389242,0.11568895168129799,0.16275232940573572,1.0,False,False,2000,1.612640420527552,0.0,7.173883911669039
509,2023-04-12 06:00:00,0.0,0.028963948502665215,0.040714295272107084,0.1138223202949081,0.16456273264314794,1.0,False,False,2000,1.5987347736033044,0.0,7.119524900204049
510,2023-04-12 12:00:00,0.0,0.027787464676710876,0.04052121243118894,0.11296547208013634,0.16443189021952428,1.0,False,False,2000,1.6044714081535545,0.0,7.040665948054406
511,2023-04-12 18:00:00,0.0,0.02706059789393409,0.040026744259439966,0.11243729382809747,0.1611800988007863,1.0,False,False,2000,1.5900083290144627,0.0,7.071490870603782
512,2023-04-13 00:00:00,0.0,0.024553241719232666,0.03698730341263612,0.10575702833991987,0.1476125803882871,1.0,False,False,2000,1.5676457201779181,0.0,6.746232709257619
513,2023-04-13 06:00:00,0.0,0.021322314508395255,0.035372662764767374,0.09603738492658564,0.14851059658568863,1.0,False,False,2000,1.550977302528495,0.0,6.192056116489894
514,2023-04-13 12:00:00,0.0,0.022359925127457648,0.03550091045349763,0.10296250992892847,0.14286874046670553,1.0,False,False,2000,1.5419850786542408,0.0,6.677270185959805
515,2023-04-13 18:00:00,0.0,0.022896836213341744,0.03701915161094015,0.10535584702178373,0.142699055178241,1.0,False,False,2000,1.5811418239161494,0.0,6.66327621141789
516,2023-04-14 00:00:00,0.0,0.020487212269794882,0.03447298914695792,0.0953792010920965,0.1425578504674095,1.0,False,False,2000,1.5447696992369062,0.0,6.174331432006495
517,2023-04-14 06:00:00,0.0,0.020345637171142614,0.03514212754341385,0.0984435265911605,0.1450806839623505,1.0,False,False,2000,1.5455757607574736,0.0,6.369375678026561
518,2023-04-14 12:00:00,0.0,0.018996440166730848,0.03496067912586758,0.09545092402381296,0.15081842735811676,1.0,False,False,2000,1.5302225957146949,0.0,6.237714976312471
519,2023-04-14 18:00:00,0.0,0.019242494932047008,0.0344514796107942,0.09808692022635694,0.14951264002916267,1.0,False,False,2000,1.5426197240936628,0.0,6.358464026770179
520,2023-04-15 00:00:00,0.0,0.01959282153063061,0.033204937444394136,0.093788907192989,0.13693564190432214,1.0,False,False,2000,1.59182845976207,0.0,5.8918978749134565
521,2023-04-15 06:00:00,0.0,0.018314120393717586,0.03265027085359147,0.0947224443638432,0.1338340609143893,1.0,False,False,2000,1.5640830640242844,0.0,6.056100634459175
522,2023-04-15 12:00:00,0.0,0.016509531719414387,0.03105650422546851,0.08370068635329143,0.13351457922391943,1.0,False,False,2000,1.5556431023223207,0.0,5.380455596038706
523,2023-04-15 18:00:00,0.0,0.01839493910167069,0.03227543444593377,0.09163444020207547,0.13868437510295448,1.0,False,False,2000,1.5419082784193174,0.0,5.942924198838482
524,2023-04-16 00:00:00,0.0,0.01700062043491309,0.031127968543621598,0.08399137906595824,0.13179391655772327,1.0,False,False,2000,1.4314732974830668,0.0,5.867477878465406
525,2023-04-16 06:00:00,0.0,0.01632405525284013,0.030165092870592623,0.08288978700406564,0.12315323955314113,1.0,False,False,2000,1.4370566705200882,0.0,5.768024929320764
526,2023-04-16 12:00:00,0.0,0.017691914268341585,0.0319320915658643,0.08784513974292192,0.13815369506072084,1.0,False,False,2000,1.4420328109567175,0.0,6.091757349449005
527,2023-04-16 18:00:00,0.0,0.01717747315794017,0.031931169896733065,0.08626239295849773,0.1405597802034825,1.0,False,False,2000,1.4322815535740965,0.0,6.02272596077494
528,2023-04-17 00:00:00,0.0,0.017426820660237475,0.03214849091428773,0.08783847716226803,0.14283394003563674,1.0,False,False,2000,1.455929865528687,0.0,6.033153055100737
529,2023-04-17 06:00:00,0.0,0.016264403572017302,0.030595621961655103,0.08552529628051304,0.12983720739808383,1.0,False,False,2000,1.477362244280109,0.0,5.789053877046108
530,2023-04-17 12:00:00,0.0,0.015679879387694638,0.029884980144220856,0.08514751577117953,0.12399993546740534,1.0,False,False,2000,1.4578748748155161,0.0,5.840522890001404
531,2023-04-17 18:00:00,0.0,0.016053058493687884,0.031112210878092586,0.0854149107015502,0.1381611413303812,1.0,False,False,2000,1.460957975121823,0.0,5.846500183855585
532,2023-04-18 00:00:00,0.0,0.017786865032276857,0.032436623594574644,0.09326209036420433,0.13830611251152605,1.0,False,False,2000,1.484505959332539,0.0,6.282365508733738
533,2023-04-18 06:00:00,0.0,0.01830456977783701,0.0334798650956224,0.09455187672180536,0.1461062391498504,1.0,False,False,2000,1.4943147885435806,0.0,6.327440338990383
534,2023-04-18 12:00:00,0.0,0.018441737571872608,0.031591843900996876,0.08802906107265569,0.12753609384966727,1.0,False,False,2000,1.502425303107827,0.0,5.859130626365521
535,2023-04-18 18:00:00,0.0,0.015937123832933775,0.031183748332617004,0.0863391370536809,0.13492947738128416,1.0,False,False,2000,1.502329736165592,0.0,5.747016448868606
536,2023-04-19 00:00:00,0.0,0.016167678825664614,0.030666484610231196,0.08892939366735386,0.13762053405540975,1.0,False,False,2000,1.4258862456678802,0.0,6.236780383956901
537,2023-04-19 06:00:00,0.0,0.017450245511870945,0.03233305377110976,0.09171115985833608,0.14140439597010046,1.0,False,False,2000,1.4220757387704626,0.0,6.449105160716
538,2023-04-19 12:00:00,0.0,0.015605334665886893,0.03056458792894463,0.0863104849750853,0.13200087616952877,1.0,False,False,2000,1.403537148319739,0.0,6.1494977228364
539,2023-04-19 18:00:00,0.0,0.017290911261755755,0.0314707125194534,0.08632539070012761,0.13274462766013373,1.0,False,False,2000,1.349277533622408,0.0,6.397897285695528
540,2023-04-20 00:00:00,0.0,0.015789133086395013,0.030466411250677023,0.08508619319680304,0.12628344637595487,1.0,False,False,2000,1.3646127596015785,0.0,6.23518962417187
541,2023-04-20 06:00:00,0.0,0.015939233743330825,0.0306886510155521,0.08689591219710706,0.13016540397789064,1.0,False,False,2000,1.3537526881998407,0.0,6.418891201808605
542,2023-04-20 12:00:00,0.0,0.016241532662109124,0.031116433374733087,0.08476588111650678,0.13851965188880075,1.0,False,False,2000,1.3546876538947334,0.0,6.25722696097543
543,2023-04-20 18:00:00,0.0,0.016276927050172606,0.03221191206550441,0.08883942587981887,0.1415950833454845,1.0,False,False,2000,1.337501024835475,0.0,6.642194976317639
544,2023-04-21 00:00:00,0.0,0.01651368261355719,0.03192942101130326,0.08719026094028086,0.13206753929157078,1.0,False,False,2000,1.2849388418732246,0.0,6.78555726536931
545,2023-04-21 06:00:00,0.0,0.017510035428555382,0.033038072511424606,0.09145489300006744,0.1386404474977227,1.0,False,False,2000,1.114662297998668,0.0,8.204717533218005
546,2023-04-21 12:00:00,0.0,0.016520566776588835,0.03243874384319861,0.08268961011146506,0.14272816352104567,1.0,False,False,2000,1.0722723189954317,0.0,7.7116240573041726
547,2023-04-21 18:00:00,0.0,0.015321595161894639,0.029953400549394344,0.08256712403275882,0.12831744698782235,1.0,False,False,2000,1.0194578063677702,0.0,8.099121269857898
548,2023-04-22 00:00:00,0.0,0.017489463169896288,0.032263678076108734,0.09200820363559412,0.13397335074311162,1.0,False,False,2000,0.986540890403968,0.0,9.326344658447828
549,2023-04-22 06:00:00,0.0,0.017061176014662487,0.03282682501652232,0.08895634915730426,0.13916179097692963,1.0,False,False,2000,0.9615434787272799,0.0,9.251412039635362
550,2023-04-22 12:00:00,0.0,0.01669111500347009,0.03201803627794009,0.09141797105287676,0.13380198317214473,1.0,False,False,2000,1.0457950364328752,0.0,8.741480679110534
551,2023-04-22 18:00:00,0.0,0.019845351694760684,0.035413834800725574,0.09831600123233648,0.14998937156234957,1.0,False,False,2000,1.0529558620696204,0.0,9.337143632886287
552,2023-04-23 00:00:00,0.0,0.018233383661050824,0.03315612655066116,0.09129567131644856,0.1427456467527158,1.0,False,False,2000,1.1257353992136656,0.0,8.10986945779792
553,2023-04-23 06:00:00,0.0,0.018093374331506012,0.03386352083997606,0.09541278376527534,0.14026530612858626,1.0,False,False,2000,1.1263295478044542,0.0,8.471124987465949
554,2023-04-23 12:00:00,0.0,0.017322718722951422,0.03297997351553729,0.09075911371840059,0.14079200106910048,1.0,False,False,2000,1.1854209431784528,0.0,7.656277227146792
555,2023-04-23 18:00:00,0.0,0.016589603244712654,0.031330969077698306,0.08696692959943493,0.1315229820612608,1.0,False,False,2000,1.2119615182663632,0.0,7.175717074238117
556,2023-04-24 00:00:00,0.0,0.016709078268832278,0.031223417310137645,0.0851051334323051,0.1329005647840124,1.0,False,False,2000,1.2307104607389538,0.0,6.915122292956341
557,2023-04-24 06:00:00,0.0,0.015423997909011524,0.031110640999616614,0.08970143861843029,0.1358519344233367,1.0,False,False,2000,1.296510647136603,0.0,6.918681216890859
558,2023-04-24 12:00:00,0.0,0.01445404131425928,0.028938532560835586,0.07858788910522983,0.1279380088356459,1.0,False,False,2000,1.3114995192543903,0.0,5.99221638677446
559,2023-04-24 18:00:00,0.0,0.0142141183136619,0.02992687549251518,0.07998650546188533,0.13740504821932856,1.0,False,False,2000,1.2876062827239676,0.0,6.212031312294595
560,2023-04-25 00:00:00,0.0,0.015002285582184272,0.028784304385963206,0.08318272051688885,0.11704531931229029,1.0,False,False,2000,1.2996164850588043,0.0,6.4005590474735365
561,2023-04-25 06:00:00,0.0,0.01450964036343138,0.029724301601274934,0.07981468071323325,0.12981324588596965,1.0,False,False,2000,1.3040681464499553,0.0,6.120437872093689
562,2023-04-25 12:00:00,0.0,0.015897820197749195,0.030277885344281507,0.08043288679455224,0.13065251381917528,1.0,False,False,2000,1.2809773508375566,0.0,6.279024897822108
563,2023-04-25 18:00:00,0.0,0.01645322140905798,0.03142332364929221,0.08497797923942928,0.13584495549282274,1.0,False,False,2000,1.2812599456725395,0.0,6.632376164293806
564,2023-04-26 00:00:00,0.0,0.013178493866330129,0.027554415118352157,0.0749575044733885,0.12800712267153513,1.0,False,False,2000,1.2866241163520142,0.0,5.825905446721821
565,2023-04-26 06:00:00,0.0,0.015611339723050177,0.029725764587858552,0.08382982119192854,0.12207111834568765,1.0,False,False,2000,1.2920096907755547,0.0,6.488327586893564
566,2023-04-26 12:00:00,0.0,0.015045558991531672,0.031161644350954962,0.08419353892840552,0.13654801887349668,1.0,False,False,2000,1.2677080907302647,0.0,6.641397932540269
567,2023-04-26 18:00:00,0.0,0.015366713893039603,0.02961276000075773,0.0827662951803467,0.12439448268009098,1.0,False,False,2000,1.2724304750583397,0.0,6.504582906704741
568,2023-04-27 00:00:00,0.0,0.015418657283936954,0.030068654939761515,0.08229328998141917,0.13262390451146852,1.0,False,False,2000,1.3150848490668852,0.0,6.257641097440227
569,2023-04-27 06:00:00,0.0,0.014457199965611142,0.028879303881487513,0.08250395266834978,0.11967982992720418,1.0,False,False,2000,1.3105246673544961,0.0,6.295490250854814
570,2023-04-27 12:00:00,0.0,0.014449114315461736,0.030041919169894377,0.08187368172933232,0.1324005408661616,1.0,False,False,2000,1.2768494752423107,0.0,6.4121639485966
571,2023-04-27 18:00:00,0.0,0.015929895151238237,0.030993010104910398,0.08546187947079102,0.13702079156484887,1.0,False,False,2000,1.2703225655570753,0.0,6.727573121029569
572,2023-04-28 00:00:00,0.0,0.01599269976338086,0.030767711080793902,0.08449141561046321,0.13973011351124964,1.0,False,False,2000,1.3017766257147796,0.0,6.490469558406048
573,2023-04-28 06:00:00,0.0,0.01570379282057807,0.030859434888067427,0.0796738062354631,0.14026533958017093,1.0,False,False,2000,1.3394576209967655,0.0,5.948214037273785
574,2023-04-28 12:00:00,0.0,0.016568054139201413,0.031538232026895395,0.08618043062648721,0.13799240345908392,1.0,False,False,2000,1.3923500043203476,0.0,6.189566585921386
575,2023-04-28 18:00:00,0.0,0.017467690245297988,0.03196851188731224,0.08782906975713639,0.13536268920583092,1.0,False,False,2000,1.4464861039018557,0.0,6.0718917050236385
576,2023-04-29 00:00:00,0.0,0.015907373197087737,0.030819092587298882,0.08561340658358599,0.13440226790501808,1.0,False,False,2000,1.5143171143369247,0.0,5.653598296752632
577,2023-04-29 06:00:00,0.0,0.01580457397577098,0.031246276374984245,0.08681958664299541,0.14233541886928525,1.0,False,False,2000,1.559619382957079,0.0,5.566716315001369
578,2023-04-29 12:00:00,0.0,0.015442137253457564,0.031169778286202092,0.08940109431191558,0.14025485484053088,1.0,False,False,2000,1.6051273100890513,0.0,5.569719844026308
579,2023-04-29 18:00:00,0.0,0.013358404544526766,0.027848919463468666,0.0727468978166476,0.12510950785642505,1.0,False,False,2000,1.618435066761187,0.0,4.494891349717769
580,2023-04-30 00:00:00,0.0,0.016612103737705376,0.032172096206065016,0.08618771364510204,0.1446938471423495,1.0,False,False,2000,1.6145946939368763,0.0,5.338040188584419
581,2023-04-30 06:00:00,0.0,0.018375326087723923,0.03437737760846643,0.09533894062189915,0.1495028202939173,1.0,False,False,2000,1.5682242795708872,0.0,6.0794200079587295
582,2023-04-30 12:00:00,0.0,0.015624544573078108,0.030340085872660644,0.0835356299181166,0.1377021880642933,1.0,False,False,2000,1.5667810802550257,0.0,5.33167211238723
583,2023-04-30 18:00:00,0.0,0.017252274943610493,0.0320977826210621,0.08812224128427014,0.13052864864722968,1.0,False,False,2000,1.5765642985902064,0.0,5.589511405470155
584,2023-05-01 00:00:00,0.0,0.015661939352805368,0.029704575485514664,0.08228913899132208,0.12830446308302926,1.0,False,False,2000,1.579985092950665,0.0,5.208222492634085
585,2023-05-01 06:00:00,0.0,0.014679690639429704,0.028853628069594787,0.07850585744691682,0.1271884996339803,1.0,False,False,2000,1.5625587428231504,0.0,5.024185990286451
586,2023-05-01 12:00:00,0.0,0.015885854313924423,0.030766647092854416,0.08109200689930522,0.14190569988580226,1.0,False,False,2000,1.5492133303357014,0.0,5.234398988919962
587,2023-05-01 18:00:00,0.0,0.01534792240144711,0.03031725474526931,0.08182977815543097,0.13171428292175977,1.0,False,False,2000,1.5710473605186939,0.0,5.208613069972264
588,2023-05-02 00:00:00,0.0099015036576592,0.016617866579113513,0.030653479394069733,0.08499930105157581,0.12888975384920856,0.3145,False,False,2000,1.5753764784933928,0.6285166620697853,5.395491313470966
589,2023-05-02 06:00:00,0.010828286598622516,0.015025032822040036,0.029317393873610702,0.08309682320259387,0.1216489554919949,0.288,False,False,2000,1.594638235626178,0.6790434567982433,5.211014093736669
590,2023-05-02 12:00:00,0.012531351529236692,0.017442794922350423,0.03176456208130499,0.08808906440819618,0.13422894331735624,0.32,False,False,2000,1.6016436612443972,0.7824057143584896,5.499916525736778
591,2023-05-02 18:00:00,0.05353261505358701,0.01671431746462179,0.03078656728822802,0.08691507352090036,0.1318347379314258,0.1235,False,False,2000,1.6489729251260021,3.246421711229518,5.270861164337126
592,2023-05-03 00:00:00,0.0707681705402057,0.01858607822775687,0.03294293551649498,0.08919620952369146,0.142179963983206,0.0875,False,False,2000,1.6459110398424444,4.299635206710809,5.419260662607246
593,2023-05-03 06:00:00,0.0935706325385948,0.018132784882778166,0.03267487235341777,0.09007293715143384,0.13452455717972536,0.044,True,False,2000,1.6485395129098273,5.675971476924676,5.463802137957048
594,2023-05-03 12:00:00,0.10847879893132133,0.020802949959055732,0.03444170720098841,0.09449256235134884,0.1425436069302227,0.0345,True,False,2000,1.6455011528481727,6.592447458548238,5.742479255501774
595,2023-05-03 18:00:00,0.11281273348586168,0.02221061733488142,0.03536554533777643,0.101819779386333,0.142898410618325,0.0305,True,False,2000,1.7990014474369374,6.270852847094012,5.659794189237428
596,2023-05-04 00:00:00,0.09570797603369288,0.02205148656905348,0.03649981999225395,0.10526331463776485,0.14969041656894932,0.0635,False,False,2000,1.7934410807018202,5.336555355152223,5.869348916473608
597,2023-05-04 06:00:00,0.12551273926962966,0.02499070953295089,0.03855940866630706,0.10817654165893485,0.16026586649753904,0.032,True,False,2000,1.8209150861658763,6.892838673433676,5.940779033618293
598,2023-05-04 12:00:00,0.1506074806198704,0.02834764190112892,0.04014636432929682,0.1142521035327034,0.1616859175214506,0.016,True,False,2000,1.8311158600880084,8.224901760865738,6.239479763296471
599,2023-05-04 18:00:00,0.18422108458093625,0.02953148472657067,0.04183150471117468,0.11797065441712776,0.17176164968075974,0.005,True,True,2000,1.8627831232076986,9.889561607349595,6.333032168231327
600,2023-05-05 00:00:00,0.17798250955646322,0.03171359412804711,0.0424000473147692,0.12187844370504433,0.16326205809161204,0.0035,True,True,2000,1.859220817978737,9.572962384853133,6.555350635410011
601,2023-05-05 06:00:00,0.15087348505529183,0.035756737379820755,0.045857241626036944,0.13182798229263862,0.18211275438772692,0.027,True,False,2000,1.8769533223469543,8.03821188619857,7.023508828008578
602,2023-05-05 12:00:00,0.1709298916615492,0.03520632790192467,0.044557466296867757,0.1285070490154358,0.17642509080693747,0.0125,True,False,2000,1.8630401794441662,9.174782892366053,6.897706793085676
603,2023-05-05 18:00:00,0.16579744773349586,0.033438218420999435,0.04494481631060461,0.1307535549854528,0.17834654165654204,0.0145,True,False,2000,1.832642193979054,9.046907698524311,7.134701766391134
604,2023-05-06 00:00:00,0.19174638273329359,0.03763149675555343,0.04691700291044976,0.13240490063165847,0.18519330897166905,0.0065,True,True,2000,1.7899502605315432,10.712386090346032,7.3971273700275635
605,2023-05-06 06:00:00,0.19537089752009323,0.037455662899958685,0.047430844637600576,0.1340414302926852,0.18506760278267112,0.006,True,True,2000,1.8030820165353285,10.83538606277621,7.434017369340164
606,2023-05-06 12:00:00,0.18820740500600966,0.04148892816612653,0.04826027569172453,0.13586056557575646,0.19160507886318498,0.012,True,False,2000,1.7826553042086624,10.55770033397212,7.6212470944328885
607,2023-05-06 18:00:00,0.1833296238287353,0.043908401217998085,0.049990356327145144,0.14407543858560234,0.1978238985159922,0.015,True,False,2000,1.7872413259694087,10.257687149735998,8.061330973725953
608,2023-05-07 00:00:00,0.19668465087868198,0.04881288260972257,0.05233232466824998,0.14700206311479863,0.19984097607637266,0.012,True,False,2000,1.7133315142166032,11.479661072399832,8.579896061855447
609,2023-05-07 06:00:00,0.1780085143930862,0.04673489788193533,0.051491284375938924,0.14920455015667664,0.20469516073952662,0.0205,True,False,2000,1.708969392048215,10.416132390747,8.730674221020053
610,2023-05-07 12:00:00,0.1628544372179592,0.04582778269700795,0.05227032273045368,0.147409903369799,0.19787401059367465,0.0325,True,False,2000,1.6881715222135258,9.646794480007866,8.731926906130697
611,2023-05-07 18:00:00,0.16696034074992494,0.050891240758184034,0.0545469608656195,0.15919191662191776,0.21165533292528402,0.036,True,False,2000,1.7268185613287685,9.668667252536984,9.218798094191277
612,2023-05-08 00:00:00,0.1653292904809909,0.05089588718002677,0.05324882452284199,0.15637622051078892,0.1988301642432198,0.038,True,False,2000,1.7140246564789794,9.645677491047136,9.12333553194173
613,2023-05-08 06:00:00,0.15745444270258815,0.051064195147670216,0.053046079154842406,0.15606760797489302,0.21138769425047763,0.0495,True,False,2000,1.6852211732495954,9.343250915781594,9.26095698607616
614,2023-05-08 12:00:00,0.1730069417036759,0.053028994869032405,0.05434322032526892,0.1594968273186011,0.20855598482211243,0.0305,True,False,2000,1.6871881496351497,10.254158182718875,9.45341083346821
615,2023-05-08 18:00:00,0.17699971253300592,0.0612335681288113,0.058333040005415594,0.17222408434332873,0.22024746482659419,0.044,True,False,2000,1.673935925442345,10.573864258647353,10.288570890060667
616,2023-05-09 00:00:00,0.18793855183970914,0.06573096694718798,0.05979245031158633,0.17769902842006027,0.22805299494262493,0.036,True,False,2000,1.6401028429764677,11.45894921434544,10.834627180913307
617,2023-05-09 06:00:00,0.1748523079252168,0.0649772096823128,0.06166529699800067,0.18164121821584253,0.23739619328039707,0.063,False,False,2000,1.599429732057373,10.932165660088199,11.356623837559555
618,2023-05-09 12:00:00,0.1767723633712187,0.07090677314586968,0.0621742691512109,0.1846512585286653,0.23253070221525096,0.0625,False,False,2000,1.5452438550225742,11.439771321312666,11.949651695975698
619,2023-05-09 18:00:00,0.1864078711934453,0.0775543497691305,0.06685150555490127,0.20383007264331043,0.24837027019941593,0.075,False,False,2000,1.516311457159827,12.293508059525065,13.442493735759308
620,2023-05-10 00:00:00,0.192922572385641,0.07732854370216662,0.0670744030951211,0.2012577658235019,0.26026501015985487,0.0625,False,False,2000,1.4518911301075967,13.287674839045534,13.861767018893978
621,2023-05-10 06:00:00,0.20175749419354416,0.08163503011204196,0.06895755274634784,0.20373203997076955,0.26293605754144805,0.0525,False,False,2000,1.448055749966567,13.9329921654054,14.069350574069636
622,2023-05-10 12:00:00,0.22308023521499032,0.0865646523367247,0.07177275107651133,0.21448430564182946,0.27659209666661,0.0395,True,False,2000,1.4514854591109771,15.369098864526354,14.776882833755655
623,2023-05-10 18:00:00,0.19376912988812958,0.08013290908525592,0.06812703325953595,0.2099187926335103,0.25874803589224954,0.0675,False,False,2000,1.4506465789189975,13.357431968889607,14.470705386417343
624,2023-05-11 00:00:00,0.19896125932217854,0.08760244863423401,0.06912843375506694,0.2086055754453836,0.2676261528713089,0.067,False,False,2000,1.4342154807510157,13.872480250875135,14.544925657624958
625,2023-05-11 06:00:00,0.20257043843306255,0.08496837384253413,0.07010690631407256,0.21584712650143892,0.2668159076248908,0.0685,False,False,2000,1.4244223137867047,14.221234564526469,15.153309830399092
626,2023-05-11 12:00:00,0.18711684611995355,0.084148536093866,0.06984665102842527,0.2134588935848467,0.2704093594459373,0.083,False,False,2000,1.4021541764557812,13.34495515984754,15.223639252311452
627,2023-05-11 18:00:00,0.19937708350503627,0.08548176794220103,0.07022520810978877,0.21475993928680506,0.2777666734484564,0.0675,False,False,2000,1.3427167082494262,14.848782492993266,15.994434117588321
628,2023-05-12 00:00:00,0.20697956331825573,0.08636450607893187,0.07067767090220428,0.21549685965628118,0.2766660602746684,0.062,False,False,2000,1.3111863902341552,15.78567050877433,16.435257508873104
629,2023-05-12 06:00:00,0.2260040488205837,0.08723071657164551,0.07406416718777907,0.22501596340636373,0.28472381934273316,0.0485,True,False,2000,1.3431703083225406,16.826164740258125,16.752601067200615
630,2023-05-12 12:00:00,0.24180084992292913,0.08860737762411151,0.07408614484964629,0.22567918609686094,0.2932997283944473,0.037,True,False,2000,1.3259410802140073,18.23616852446433,17.0203027468186
631,2023-05-12 18:00:00,0.24095842111107002,0.09201987405908536,0.07483325507891103,0.23170595767712157,0.2840489151578048,0.04,True,False,2000,1.3046607810860922,18.469047633246024,17.759862259692753
632,2023-05-13 00:00:00,0.259857398367957,0.09823023491397863,0.07677229398005876,0.23605621049488604,0.29283168779083074,0.028,True,False,2000,1.2928361393330157,20.099793814707215,18.258788048473747
633,2023-05-13 06:00:00,0.2497649333863588,0.09702785524134518,0.08069571778804328,0.24578977500234667,0.3108313393581416,0.0435,True,False,2000,1.2829741409817574,19.467651405291278,19.157812082967116
634,2023-05-13 12:00:00,0.25390653676772,0.10243716077181682,0.07865629243294063,0.24196956017984408,0.3120669561150162,0.0405,True,False,2000,1.253033968137313,20.26334027840942,19.310694389198552
635,2023-05-13 18:00:00,0.2571761203644462,0.10082247475838377,0.08025185157605139,0.24713423223620143,0.3156239264249097,0.0395,True,False,2000,1.2414439796084829,20.715886064029444,19.906998325783558
636,2023-05-14 00:00:00,0.282134204915492,0.10302705652410055,0.0803240728082108,0.24793101696867934,0.3169710612161808,0.0245,True,False,2000,1.2188928562828767,23.146760066827007,20.34067356213468
637,2023-05-14 06:00:00,0.31161845154609286,0.1064768622900068,0.08407456058917732,0.2597353798926865,0.32344301311767937,0.0135,True,False,2000,1.2110091320135075,25.732130609781155,21.447846513001313
638,2023-05-14 12:00:00,0.30920477986083456,0.11324448133761474,0.08595372305296005,0.2674617824720302,0.3380491544621099,0.02,True,False,2000,1.226965233382051,25.200777613602902,21.798643938328137
639,2023-05-14 18:00:00,0.3188184437599279,0.11415700806651946,0.08799972196644693,0.27349922748298905,0.34649877571049836,0.018,True,False,2000,1.2407616860553217,25.695381098809396,22.04284920761122
640,2023-05-15 00:00:00,0.32554947995857486,0.11122926802426855,0.08510215467307708,0.26180740366453503,0.3378525342199062,0.012,True,False,2000,1.1855502877198805,27.45977824227858,22.08319683917064
641,2023-05-15 06:00:00,0.3540890519105333,0.11153796805297476,0.08680883160487628,0.27085613933227687,0.33897144626549697,0.006,True,True,2000,1.1981837122026435,29.55215033424255,22.60556011351189
642,2023-05-15 12:00:00,0.3628325363324929,0.11399203364690882,0.0860925072902324,0.26618010142384524,0.32809824426852946,0.004,True,True,2000,1.2239123823013645,29.645303175235995,21.748297122653312
643,2023-05-15 18:00:00,0.3454273219543634,0.11515226683951628,0.08498558470817766,0.2735802508676895,0.3183099483731247,0.0035,True,True,2000,1.235591173038408,27.956441377363735,22.14164821159542
644,2023-05-16 00:00:00,0.34040668737679347,0.12485892579979546,0.086161160426657,0.2755306843960199,0.32888021964598346,0.007,True,True,2000,1.2026227931734175,28.305358031552547,22.91081509181812
645,2023-05-16 06:00:00,0.36385115606941587,0.13102408681300534,0.09447287179579159,0.3015458608399261,0.3726013396878343,0.013,True,False,2000,1.2008352102097997,30.29984072551028,25.111344027565828
646,2023-05-16 12:00:00,0.35406296582435126,0.13248087643290324,0.09326229055864495,0.2951868425455884,0.3671971973593001,0.0155,True,False,2000,1.1945067917242562,29.64093367047881,24.71202713879004
647,2023-05-16 18:00:00,0.35195521523803974,0.13617989451219825,0.09415698578568475,0.29982233142168757,0.37061191583649233,0.0175,True,False,2000,1.2013760444287946,29.296007429995,24.95657648677695
648,2023-05-17 00:00:00,0.34857848502387323,0.1421975903419858,0.09552589581119247,0.3061785095377091,0.3785454169490022,0.021,True,False,2000,1.2244170153160394,28.46893506571372,25.006064576673666
