window_idx,timestamp,te_bits,surr_mean,surr_std,surr_p95,surr_p99,p_value,sig95,sig99,n_valid_surrogates,h_target_bits,pct_h,surr_p95_pct
0,2022-12-06 00:00:00,0.09603517427008491,0.04253977713660538,0.04754367548509163,0.13842382366873518,0.1795768285049161,0.1545,False,False,2000,1.8028594366777801,5.3268253928356035,7.6780153157040205
1,2022-12-06 06:00:00,0.08810548052929854,0.04098820746455225,0.04748427218788957,0.13720945645665975,0.18234097848056138,0.167,False,False,2000,1.8135288305293271,4.8582343465464835,7.56588228137578
2,2022-12-06 12:00:00,0.08763147877386923,0.03817179686075508,0.04365620510107318,0.12477780452728415,0.1693877974033601,0.1415,False,False,2000,1.8245915254480418,4.802799835012425,6.8386706167915605
3,2022-12-06 18:00:00,0.08023718293248851,0.03597322203479804,0.042553249081452485,0.12432210694020349,0.16319623308833334,0.158,False,False,2000,1.8198242174100538,4.4090622690295245,6.831544813550004
4,2022-12-07 00:00:00,0.07571682062166925,0.03721684257971138,0.044156412103795194,0.12943169333323498,0.17115602249719586,0.183,False,False,2000,1.8044761675054954,4.196055452832056,7.172812568212586
5,2022-12-07 06:00:00,0.09050884627671307,0.03853703729084855,0.04459862496122469,0.12852136435496997,0.1683225251621143,0.1425,False,False,2000,1.8060365432423227,5.0114626204752915,7.116210623525893
6,2022-12-07 12:00:00,0.0862292145567459,0.04013335161278108,0.04457032601992189,0.12639478531017728,0.164822286163538,0.1655,False,False,2000,1.7831195671654678,4.8358627287019225,7.088407734266551
7,2022-12-07 18:00:00,0.09622701673219673,0.039701370076916355,0.044656543773678684,0.12935855097456908,0.1696063401223883,0.127,False,False,2000,1.7885595609220517,5.380140468041727,7.232554833560097
8,2022-12-08 00:00:00,0.08403077701895996,0.0375533244675996,0.04328435898816885,0.12569622109924536,0.15594696295440297,0.163,False,False,2000,1.799667297319919,4.669239539113666,6.984414357388909
9,2022-12-08 06:00:00,0.10060765023269873,0.039354474928274936,0.04446762918244402,0.1258612678581419,0.17539091483294472,0.106,False,False,2000,1.799587827320392,5.590594063003012,6.993894154393722
10,2022-12-08 12:00:00,0.09127847730679486,0.03774642434088874,0.0434552304421891,0.12348998669331321,0.1722197396489311,0.137,False,False,2000,1.8274307453365237,4.994907606744124,6.757574097319479
11,2022-12-08 18:00:00,0.09905755610272811,0.040343523755486964,0.04562654504104089,0.1318227145645164,0.17847083527951915,0.1275,False,False,2000,1.8353271476697093,5.39726970357847,7.182518644258598
12,2022-12-09 00:00:00,0.14426517313333503,0.04301787133092425,0.046945826713745996,0.13457069523243886,0.1859341905034792,0.04,True,False,2000,1.7915404127357657,8.052577106705362,7.5114518364083755
13,2022-12-09 06:00:00,0.11272391395836012,0.04177076101661494,0.045478453126633664,0.13357406807325883,0.1658749558716097,0.091,False,False,2000,1.8190543970404536,6.196841289724954,7.343049679579665
14,2022-12-09 12:00:00,0.13866689365942364,0.04476045146014843,0.04733631025008461,0.13786926239869624,0.1797792321496256,0.048,True,False,2000,1.8078303566071943,7.670348777617811,7.626227864512648
15,2022-12-09 18:00:00,0.13294434045810383,0.040752974608715443,0.044767110342829465,0.1289695209002374,0.16844989531746116,0.0435,True,False,2000,1.810242834218115,7.344005894961906,7.124432063057565
16,2022-12-10 00:00:00,0.11812194842092037,0.03886701161265374,0.043929944180560544,0.12881096106783643,0.17344223646714244,0.071,False,False,2000,1.8304812629254674,6.453054222043135,7.0369997047645985
17,2022-12-10 06:00:00,0.10570620091056725,0.04019232551666084,0.044775027354284895,0.12922932541592927,0.1736857071969158,0.1055,False,False,2000,1.8344032353983126,5.762429921118993,7.044761092992136
18,2022-12-10 12:00:00,0.09555675972929478,0.041447812154026424,0.04506169354422201,0.13023116122271436,0.1782305925001588,0.133,False,False,2000,1.8216934222573617,5.245490737452688,7.148906596003276
19,2022-12-10 18:00:00,0.09949195303324151,0.03901603125980583,0.043443392651555904,0.12428030142067323,0.17093218752220027,0.1095,False,False,2000,1.8317471302566022,5.431533173430116,6.784795748704861
20,2022-12-11 00:00:00,0.10665674221695598,0.03973783557035778,0.0448988132770325,0.12689636892009434,0.17257019585423372,0.0895,False,False,2000,1.837202098931086,5.80538974340442,6.907044630197445
21,2022-12-11 06:00:00,0.09634573180853395,0.042069802001873983,0.04511355857549327,0.13054448761546705,0.1773782436916698,0.132,False,False,2000,1.8784685545888336,5.128951004964918,6.949516791035191
22,2022-12-11 12:00:00,0.12374800261716425,0.04179310728845425,0.04473289049521111,0.12628561691268267,0.17772805754772497,0.0555,False,False,2000,1.8655884617689518,6.633188677626486,6.769210868346527
23,2022-12-11 18:00:00,0.13109859156429843,0.041101669374449264,0.044708851457855935,0.12988754396746258,0.16886265924149468,0.046,True,False,2000,1.8887285003778418,6.941103050971701,6.876983321926812
24,2022-12-12 00:00:00,0.13542392577448298,0.04436045362698868,0.04707168278055468,0.13742032297842943,0.1817782113271578,0.0575,False,False,2000,1.9034414082802409,7.114688436710982,7.219572001566819
25,2022-12-12 06:00:00,0.13215102297416997,0.04299484720426631,0.044993201247644686,0.1289920647005739,0.16278498029317776,0.0425,True,False,2000,1.9248749083197372,6.865434340849054,6.701321947885627
26,2022-12-12 12:00:00,0.1304378611139495,0.04415237956596516,0.04730127839395844,0.1349917599430354,0.183056764593941,0.059,False,False,2000,1.9499759703805288,6.689203513030735,6.922739664155572
27,2022-12-12 18:00:00,0.13205674553910018,0.043711972749474415,0.04609059491630756,0.134681205803485,0.17684938099705202,0.055,False,False,2000,1.9489510765113016,6.775785556171421,6.910445697003826
28,2022-12-13 00:00:00,0.1384901628396607,0.046524442425999825,0.048667077999833865,0.14375099511224396,0.18165042546181595,0.0575,False,False,2000,1.971519670588041,7.024538730488727,7.291380210747158
29,2022-12-13 06:00:00,0.14568960736068784,0.04530809282751291,0.046525046815978535,0.1350947209149606,0.17871426580900823,0.033,True,False,2000,2.0009362666658346,7.2810718555994205,6.751575408249725
30,2022-12-13 12:00:00,0.12803738141851875,0.043495950964877114,0.046025829639918706,0.13326112111185354,0.1746835926761232,0.061,False,False,2000,1.9998312944539511,6.402409131890249,6.663618150262026
31,2022-12-13 18:00:00,0.14185780861649191,0.044344719728983475,0.04679206870609726,0.13563348666125044,0.18251345692723633,0.0415,True,False,2000,2.022441051745725,7.014187557854577,6.706424720966512
32,2022-12-14 00:00:00,0.1495462064998204,0.043502256655439574,0.04769361611992703,0.1396822951850298,0.17951675641632023,0.0365,True,False,2000,2.01445214861973,7.423666360220421,6.934009094271008
33,2022-12-14 06:00:00,0.1405924024852874,0.046662615083153884,0.047290710807306846,0.1332245563592593,0.17801290292969366,0.04,True,False,2000,1.9941790053974597,7.05013953635852,6.680671895485448
34,2022-12-14 12:00:00,0.16180437107858714,0.0468263550463368,0.04758007313984445,0.14186372393473773,0.1878141383937477,0.027,True,False,2000,2.0005434920909155,8.08802066629771,7.091259175098736
35,2022-12-14 18:00:00,0.17678841378404989,0.04603756147328955,0.04708343781537105,0.1361101462498153,0.1790271399843861,0.0105,True,False,2000,2.001571311695201,8.832481398542907,6.800164723311249
36,2022-12-15 00:00:00,0.17865338517445403,0.045930923851861045,0.04683488034295775,0.13825324524764337,0.17898196203330674,0.0105,True,False,2000,2.0254000541057815,8.82064680566674,6.8259722303938855
37,2022-12-15 06:00:00,0.1777553461621318,0.04604597323324822,0.046636068259986896,0.13431523761372458,0.17993541838535887,0.011,True,False,2000,2.036960613617851,8.726498930503132,6.593904502412884
38,2022-12-15 12:00:00,0.20181613712253613,0.04733166818202591,0.04753348973231831,0.13524608803717245,0.17862315187287578,0.003,True,True,2000,2.011400413590739,10.033613186061508,6.7239763461981195
39,2022-12-15 18:00:00,0.20403829418614242,0.043395219533018545,0.04447056216349956,0.12788651463221237,0.16669776259505154,0.0005,True,True,2000,2.0072116721810898,10.165260446319992,6.3713516817709355
40,2022-12-16 00:00:00,0.1981088754673482,0.042586185782906315,0.04590026795327203,0.12974350925407538,0.17671153420327487,0.005,True,True,2000,2.0161369156597586,9.8261618012445,6.435252896087082
41,2022-12-16 06:00:00,0.1899512089537903,0.0438092366197454,0.0468406590134235,0.13477446462467785,0.18746075787306044,0.01,True,True,2000,2.007446988321405,9.462327526398315,6.713724716455606
42,2022-12-16 12:00:00,0.1935115546647537,0.0451079746626041,0.04627072075364306,0.12928871014604207,0.1796084716372551,0.0065,True,True,2000,1.9922525966956512,9.713203786794496,6.489574181531007
43,2022-12-16 18:00:00,0.20014513000604475,0.04111458626306731,0.04458283198272504,0.12816190907073827,0.17147786340064297,0.001,True,True,2000,1.9697613257657283,10.160882305283357,6.506468951050016
44,2022-12-17 00:00:00,0.1968478928004766,0.0420394234413799,0.04435962358227414,0.1262438488177447,0.1714681912877241,0.003,True,True,2000,1.9746449176436485,9.968774185253313,6.393243042824731
45,2022-12-17 06:00:00,0.21047167895494767,0.043260610417727136,0.04553835787112415,0.12916665293405183,0.17111825112382217,0.001,True,True,2000,1.9240669032889104,10.938896074516805,6.713210061108602
46,2022-12-17 12:00:00,0.22719120623939473,0.04703511744003067,0.04725772510153597,0.13566746652181388,0.17635848901937728,0.001,True,True,2000,1.9107459890866072,11.890183600385251,7.100235577972712
47,2022-12-17 18:00:00,0.23779545002522823,0.046826284721090496,0.04737537246478532,0.13804032783314268,0.17589109830667105,0.0005,True,True,2000,1.9390300187034004,12.263629120308224,7.119040267641042
48,2022-12-18 00:00:00,0.24357658499384785,0.04886269744016001,0.04744186268190903,0.13773164384472691,0.18459839331620093,0.0,True,True,2000,1.9232795598976322,12.664647931204154,7.161290886492745
49,2022-12-18 06:00:00,0.21966670991312656,0.04914083679326941,0.04779068413123307,0.14276478836694118,0.17948772897695564,0.0015,True,True,2000,1.9288517269410446,11.388470500088403,7.4015429165906435
50,2022-12-18 12:00:00,0.23561893257221103,0.052250159443405914,0.04860445632626409,0.14160493165926635,0.18240762526629056,0.0005,True,True,2000,1.9354977514132505,12.173557546123117,7.31620233378572
51,2022-12-18 18:00:00,0.22923082049107243,0.05501428511814461,0.050259424397978265,0.14719703922312172,0.19709343626542458,0.0015,True,True,2000,1.9271112981279355,11.895048340682523,7.638222004412208
52,2022-12-19 00:00:00,0.2256720763675291,0.05289732482985249,0.048533103644579634,0.14334690319411578,0.1862698627347032,0.001,True,True,2000,1.851788408012658,12.18670963653567,7.7409979765428965
53,2022-12-19 06:00:00,0.19083537003473963,0.05266577776000731,0.04789780969268455,0.1411287613854331,0.18064353940221695,0.0065,True,True,2000,1.8338953010612091,10.40601226931058,7.695573531584217
54,2022-12-19 12:00:00,0.17929079159047706,0.054225334547508275,0.04960390875869109,0.14705013546458312,0.18925067385589525,0.014,True,False,2000,1.8188014237731545,9.85763422257133,8.085002218632724
55,2022-12-19 18:00:00,0.1899445028029498,0.0525557644824121,0.04921113511743724,0.14328857622711677,0.18941868448542196,0.0095,True,True,2000,1.8106534170178152,10.490384356150965,7.913639069762788
56,2022-12-20 00:00:00,0.1654948034954231,0.05291693463804194,0.04799233894945254,0.14039103540726278,0.1839108554985599,0.0235,True,False,2000,1.8470942297293838,8.959737994507707,7.600642844725434
57,2022-12-20 06:00:00,0.15293047629901824,0.052941560264147765,0.04962426759015237,0.1438369419192533,0.19555100311113127,0.036,True,False,2000,1.8134752143835016,8.433006146764878,7.93156370588452
58,2022-12-20 12:00:00,0.14482306880347814,0.050310683990196094,0.04817339276002795,0.14643332780937443,0.18116817782890282,0.052,False,False,2000,1.782983583266465,8.122512745639481,8.212825355413838
59,2022-12-20 18:00:00,0.15443748462036302,0.052547078104526176,0.04895406739565336,0.14396224592016119,0.18033552375009781,0.0375,True,False,2000,1.7729242814060493,8.710890038568573,8.120044799995032
60,2022-12-21 00:00:00,0.1569402890467251,0.05127331539757158,0.048000660454994876,0.14171631931985637,0.18339616016668572,0.0305,True,False,2000,1.8195506708844862,8.625222235247573,7.7885338170312055
61,2022-12-21 06:00:00,0.1693882160544799,0.051873942465133153,0.04894594465383721,0.14347272477805095,0.19147465877388448,0.0205,True,False,2000,1.823931532260263,9.286983258881962,7.866124481123251
62,2022-12-21 12:00:00,0.19765857446153393,0.04910217417462944,0.04820578537889903,0.13920007263043166,0.1874036990721774,0.0065,True,True,2000,1.7620285992593108,11.217671185622185,7.899989403630908
63,2022-12-21 18:00:00,0.18509027526919408,0.05134114234892309,0.048138918824177646,0.14208392457959307,0.17937941614154548,0.0065,True,True,2000,1.7383730064570329,10.6473279659597,8.1733853466336
64,2022-12-22 00:00:00,0.17328933290406606,0.05067323838865083,0.04786116964017951,0.1403998987017615,0.17654082483242348,0.0135,True,False,2000,1.780938702710662,9.730224439522402,7.883477319464566
65,2022-12-22 06:00:00,0.16147914149630152,0.050106732249229936,0.049148380112256126,0.14451986762835614,0.19297167312767874,0.0285,True,False,2000,1.7668095464654974,9.139589596362582,8.179708328917974
66,2022-12-22 12:00:00,0.1510887875811568,0.051885474806559,0.047203487387886794,0.13932122375458933,0.18415676710210024,0.0345,True,False,2000,1.7783087503383121,8.49620672183124,7.8344788962031675
67,2022-12-22 18:00:00,0.14819441182728746,0.05127095347564908,0.0475053448686744,0.1439670139140787,0.18068018015584872,0.0435,True,False,2000,1.8021255921770136,8.223312097147726,7.9887336675665805
68,2022-12-23 00:00:00,0.1502488762756083,0.051235643234805735,0.04823291297381655,0.1423506384130634,0.18078030013254007,0.036,True,False,2000,1.8048636860342957,8.324666147266774,7.887057594130047
69,2022-12-23 06:00:00,0.13819118723975313,0.04994117500947279,0.04777784238412641,0.13976460492860832,0.1782921849493919,0.054,False,False,2000,1.7877020235509298,7.730101852503508,7.818115272420655
70,2022-12-23 12:00:00,0.11621234579327848,0.0522630468940538,0.05005893471301875,0.14674530521781062,0.19753896750371966,0.1235,False,False,2000,1.7854801472530175,6.508744775015984,8.218814722951697
71,2022-12-23 18:00:00,0.09725340125049951,0.05027397392670517,0.048367707099294874,0.13777543507001322,0.19976054433718,0.175,False,False,2000,1.8320850487066482,5.308345336869328,7.5201440657613094
72,2022-12-24 00:00:00,0.07297563162899427,0.05050101995315434,0.04939084255785145,0.14534055810259813,0.19051626909932046,0.3,False,False,2000,1.9161429720271,3.8084648533190024,7.585058120628725
73,2022-12-24 06:00:00,0.0789984144932447,0.0525274367511645,0.05026742497095479,0.15033582556096164,0.18664671089525756,0.275,False,False,2000,1.8808524311986015,4.20013889356018,7.992962290250377
74,2022-12-24 12:00:00,0.08837156279899645,0.053320136845626837,0.049272340012918185,0.14588049070907055,0.18747142871438296,0.236,False,False,2000,1.8581414480466456,4.755911499197021,7.85088190473476
75,2022-12-24 18:00:00,0.08880820900311041,0.047922647445466454,0.0476587730690754,0.1368814636363606,0.18497199120414498,0.202,False,False,2000,1.8574130241743776,4.781284929483348,7.369468279528436
76,2022-12-25 00:00:00,0.08581535588562922,0.05039195826258785,0.048054296824850615,0.14065748746686177,0.1944285627823241,0.2225,False,False,2000,1.86825610382059,4.593340051727197,7.528811878586492
77,2022-12-25 06:00:00,0.05254071529928457,0.049772246409368816,0.04715867503925176,0.14088531346723832,0.18402181939538453,0.4275,False,False,2000,1.8830298870255404,2.7902220597400396,7.481841602088572
78,2022-12-25 12:00:00,0.05196086558600417,0.051073573525002795,0.0484311854235122,0.1421148167676623,0.1824916789350406,0.43,False,False,2000,1.8931065214114506,2.7447407210484656,7.506963562816593
79,2022-12-25 18:00:00,0.05124573736635299,0.053912189563979765,0.047883938147736047,0.14402864035221277,0.18342411409749965,0.4645,False,False,2000,1.902256634965654,2.693944467029195,7.571462110043489
80,2022-12-26 00:00:00,0.06073010764228582,0.056238550796715914,0.0495618008819559,0.1450160535740656,0.19587375048748396,0.42,False,False,2000,1.9287502613517307,3.1486765735924878,7.518653735524768
81,2022-12-26 06:00:00,0.06568864425249314,0.056901695200652164,0.05034410543925964,0.15401346385683323,0.18667222215030022,0.399,False,False,2000,1.9128200537228544,3.4341256578027632,8.051644144836429
82,2022-12-26 12:00:00,0.0459792606695354,0.055513745256051704,0.049648445531581056,0.1479899015421098,0.18463377363578534,0.522,False,False,2000,1.9274340521866902,2.385516672664963,7.678078602700519
83,2022-12-26 18:00:00,0.06133699212457589,0.05206989493089938,0.04852627382265257,0.14080491320652425,0.1945125958189315,0.3835,False,False,2000,1.919681589890841,3.1951648881554204,7.334805623391473
84,2022-12-27 00:00:00,0.06531042338107393,0.05906728139805201,0.05009215354641003,0.14896067290901796,0.1954540313673969,0.417,False,False,2000,1.9293472056612138,3.385104722956859,7.720781022302675
85,2022-12-27 06:00:00,0.06929877558935466,0.05804641864695824,0.0482234198218751,0.14496766571513703,0.18923173372682187,0.38,False,False,2000,1.9255160256542796,3.5989716349313334,7.528769627657492
86,2022-12-27 12:00:00,0.07627100678943678,0.058393891709851785,0.04860509553250939,0.1494312188619685,0.18582331053851017,0.336,False,False,2000,1.9368137702788935,3.937962852177267,7.715311670902206
87,2022-12-27 18:00:00,0.08074762027158433,0.06348464163270959,0.050556631750017504,0.1572278447887775,0.1978215560529369,0.3485,False,False,2000,1.9242444730892627,4.196328553925828,8.17088717091947
88,2022-12-28 00:00:00,0.08184474901345952,0.05761776591668256,0.048794601245327945,0.145607390501621,0.18880830123531303,0.2885,False,False,2000,1.885374666627365,4.341033666261505,7.722994961107091
89,2022-12-28 06:00:00,0.07806984325068927,0.05731066286443577,0.04937378257940988,0.15009685036059275,0.1888152393319263,0.311,False,False,2000,1.9010355293948265,4.106700902930623,7.895531042935026
90,2022-12-28 12:00:00,0.0735713815534513,0.0564810112311434,0.04977727514084845,0.14879642433550092,0.191090474860552,0.343,False,False,2000,1.895307234949202,3.8817654571673263,7.850781213289093
91,2022-12-28 18:00:00,0.06812413012145699,0.05088875490501515,0.04801031723856297,0.14068438213830423,0.18339103851443886,0.3295,False,False,2000,1.882091096197897,3.6195979173950628,7.474897597810623
92,2022-12-29 00:00:00,0.06636387155306168,0.054964304422890735,0.04908228104371985,0.14404984486373684,0.18625452502695714,0.3765,False,False,2000,1.8687411753143162,3.5512607326105234,7.708389303270321
93,2022-12-29 06:00:00,0.0791520696432377,0.053378316882831046,0.0484895557361605,0.14161089730758689,0.19006682895902463,0.276,False,False,2000,1.8540196096870818,4.269214264491887,7.6380474385320944
94,2022-12-29 12:00:00,0.07898162155609878,0.053982551573828544,0.048916947908192975,0.1483223179382904,0.18948981029879475,0.284,False,False,2000,1.8450703181632442,4.280683547861985,8.03884364070982
95,2022-12-29 18:00:00,0.06834367277843419,0.05416733755870168,0.049244973044657525,0.15001133356706484,0.19262450443553394,0.342,False,False,2000,1.8345064171226197,3.725452914230174,8.177204078814512
96,2022-12-30 00:00:00,0.06570462501610301,0.05270618567543176,0.04671787746749616,0.13985026713573412,0.17293514885273611,0.3635,False,False,2000,1.8329795058429739,3.5845804498444696,7.629668891001485
97,2022-12-30 06:00:00,0.03746812600262529,0.05301686176568627,0.04722490208749845,0.14256332147633535,0.17955662765834365,0.567,False,False,2000,1.7851919210688874,2.0988290144283854,7.9858820664489265
98,2022-12-30 12:00:00,0.03132790015480293,0.05373615415405799,0.048797523669109624,0.1445833566892223,0.19300938680876809,0.597,False,False,2000,1.7659656797452705,1.7739812564942818,8.187212149563265
99,2022-12-30 18:00:00,0.01526897776244655,0.05305065043986363,0.04919128996649509,0.14646214537981342,0.19221776213828315,0.694,False,False,2000,1.7692765785425852,0.8630068327148793,8.278080835753752
100,2022-12-31 00:00:00,0.0,0.054511643018839,0.04953412626979682,0.1493529744346123,0.18788039502163342,1.0,False,False,2000,1.7795976466450623,0.0,8.392513595203718
101,2022-12-31 06:00:00,0.008229905366947551,0.053443905098973385,0.05003285544738103,0.1460427923553422,0.1831262380824942,0.724,False,False,2000,1.807432987688125,0.4553366804195804,8.080122104119862
102,2022-12-31 12:00:00,0.02420992442931778,0.055776987668579546,0.049762171475920026,0.14922828684573947,0.1895664538029605,0.6595,False,False,2000,1.7931502210660768,1.3501336444039986,8.322129685097948
103,2022-12-31 18:00:00,0.02162952302181961,0.05234710987227889,0.049059627705586785,0.14664336589264954,0.1858669531414095,0.6505,False,False,2000,1.7848378435953427,1.211848073450164,8.216060995056782
104,2023-01-01 00:00:00,0.01429010605739685,0.052059173732063625,0.048323794730010264,0.14406681498524518,0.1850292375568141,0.7025,False,False,2000,1.7888060765597018,0.7988627858912528,8.053797271435919
105,2023-01-01 06:00:00,0.02917474211561628,0.04960274704182934,0.047389791013786715,0.1391606663110128,0.1845594821657382,0.5885,False,False,2000,1.7868986753148506,1.6327026550890307,7.787831970186712
106,2023-01-01 12:00:00,0.037442014341800625,0.050454614789657536,0.04896263799520792,0.1441948489932065,0.18630776148497505,0.523,False,False,2000,1.8146684230032972,2.0632978381711,7.946071423591665
107,2023-01-01 18:00:00,0.027249250317516762,0.04813328180957888,0.04595082262836728,0.1342834511481648,0.1695645021786697,0.583,False,False,2000,1.7824401846262705,1.5287609958833033,7.533686252496626
108,2023-01-02 00:00:00,0.009046670604640424,0.047877833542165335,0.046250108592571754,0.13412339627309894,0.1844228812910746,0.711,False,False,2000,1.7828414328079367,0.507429905888608,7.523013197077066
109,2023-01-02 06:00:00,0.0027994169072290626,0.04864210020535933,0.047779550848359054,0.1388851625981579,0.1837909809121441,0.731,False,False,2000,1.7746246169347184,0.15774698944864476,7.826171308163868
110,2023-01-02 12:00:00,0.0,0.04622992659962705,0.046943735330620476,0.13622287267062336,0.1746413927832681,1.0,False,False,2000,1.7808992082170962,0.0,7.649106251610924
111,2023-01-02 18:00:00,0.0,0.04584721564807715,0.04555151182098631,0.13244529420060847,0.17127207741931405,1.0,False,False,2000,1.7736026569636834,0.0,7.467585464003984
112,2023-01-03 00:00:00,0.0,0.04825169122068914,0.04792270975569289,0.13931424057106995,0.1822849477663542,1.0,False,False,2000,1.7647776259412238,0.0,7.894152697950729
113,2023-01-03 06:00:00,0.0,0.0444798044654393,0.04705877961876571,0.137654606066504,0.1823152741415385,1.0,False,False,2000,1.7801915754944262,0.0,7.732572604062129
114,2023-01-03 12:00:00,0.0,0.0452791352149478,0.04579046172303988,0.13446218549268113,0.17476610770798803,1.0,False,False,2000,1.7744533510892742,0.0,7.577668097622264
115,2023-01-03 18:00:00,0.0,0.04264688956469382,0.044269298489860796,0.1249295497848676,0.17040274912428519,1.0,False,False,2000,1.7664207060924497,0.0,7.072468600146103
116,2023-01-04 00:00:00,0.0,0.03843332154427166,0.044325538726794296,0.12467304406292931,0.1812668893103655,1.0,False,False,2000,1.7533132186311184,0.0,7.110711465477146
117,2023-01-04 06:00:00,0.0,0.03769174928366052,0.043266349527080986,0.12220261023919683,0.17335960103455483,1.0,False,False,2000,1.6917254949074978,0.0,7.223548418880971
118,2023-01-04 12:00:00,0.0,0.03797877350381724,0.044195837019417185,0.12421600897321053,0.1740696508175936,1.0,False,False,2000,1.615808398097002,0.0,7.68754569660019
119,2023-01-04 18:00:00,0.0,0.03584671823575396,0.04394825210830675,0.12421612505452924,0.17386170189973751,1.0,False,False,2000,1.556141980144125,0.0,7.982313094787452
120,2023-01-05 00:00:00,0.0,0.03694194537871284,0.04394673752129647,0.1250955712935766,0.1675556459550821,1.0,False,False,2000,1.499255817013788,0.0,8.343844317558927
121,2023-01-05 06:00:00,0.007743226495741947,0.03813733961427987,0.044901808094750036,0.12635965932609172,0.17360540628248095,0.5915,False,False,2000,1.4934820734546241,0.5184679905685662,8.4607416166573
122,2023-01-05 12:00:00,0.011112747893809446,0.03787534210822354,0.04392227806428297,0.12497981574642568,0.1716032891922749,0.5745,False,False,2000,1.484373625136193,0.7486489725785742,8.419700648814658
123,2023-01-05 18:00:00,0.011295135862834852,0.0372963676386969,0.04391475749779501,0.12633413916873557,0.17593453637753165,0.5795,False,False,2000,1.473398612200465,0.7666042148611769,8.57433542577187
124,2023-01-06 00:00:00,0.011137909581923108,0.038002551883581745,0.04439834178196435,0.1260096956589953,0.16549975043570095,0.577,False,False,2000,1.4581242630373932,0.7638518790382051,8.641903770019347
125,2023-01-06 06:00:00,0.022237763942698874,0.0379456619985311,0.04293903111475507,0.11993186859590567,0.16360747976042692,0.5095,False,False,2000,1.4783877104803913,1.5041902597710903,8.112342097117047
126,2023-01-06 12:00:00,0.06297363004291148,0.038366268522985726,0.04470382365598794,0.12751018167567954,0.17513882643594778,0.2625,False,False,2000,1.472289210982756,4.277259493117963,8.660674867716123
127,2023-01-06 18:00:00,0.06340466006067476,0.037572266141971164,0.04479308820940872,0.1292066562375796,0.16962341904589925,0.2485,False,False,2000,1.472837168850679,4.304933457793727,8.772636851526864
128,2023-01-07 00:00:00,0.057598564616677124,0.03649267346738645,0.043238493760515244,0.1252345817909461,0.1661201337974605,0.275,False,False,2000,1.440997798050561,3.9971306475692567,8.690823952706133
129,2023-01-07 06:00:00,0.05370888054101419,0.03429703685185903,0.04335829182138771,0.12320928071282493,0.1734875715446826,0.2725,False,False,2000,1.4569807244187702,3.6863137336590466,8.456479804286806
130,2023-01-07 12:00:00,0.05622062963302548,0.03335702960027545,0.042041443641395476,0.11464351475094411,0.17312751757617478,0.259,False,False,2000,1.4902598702815928,3.7725386527654594,7.6928539134105245
131,2023-01-07 18:00:00,0.07874995350467279,0.03148014197473405,0.04171688633811254,0.12068693220829088,0.16365776843230992,0.139,False,False,2000,1.4601828515460884,5.3931569886120645,8.265193094173355
132,2023-01-08 00:00:00,0.08497925524746808,0.031885965153033144,0.04166882789945866,0.11926075712605336,0.16189180101420417,0.1325,False,False,2000,1.4695865090414943,5.782528263878384,8.11525938706654
133,2023-01-08 06:00:00,0.08703168816753715,0.03253016999817416,0.04239787026320724,0.12188908933865293,0.1593987173453561,0.123,False,False,2000,1.4307859433408268,6.082788873667693,8.51903039067094
134,2023-01-08 12:00:00,0.09531078432256013,0.03276185565376747,0.04212908440065719,0.11720804477251294,0.16748429465083675,0.0955,False,False,2000,1.4033865723106904,6.791484698733432,8.351800358152827
135,2023-01-08 18:00:00,0.0860973319614133,0.03259620064699803,0.04286764448869042,0.12306725612168626,0.16768543948962858,0.1265,False,False,2000,1.3869161834045156,6.207825172972379,8.873445821332073
136,2023-01-09 00:00:00,0.06848255688235176,0.032713152932567206,0.042546207321615626,0.11940890400941134,0.16533906605225826,0.1905,False,False,2000,1.4404094882185283,4.754381128594877,8.289927620311225
137,2023-01-09 06:00:00,0.08553933428017453,0.03220134088184921,0.04234686593480276,0.12435110392197904,0.1711558768640811,0.125,False,False,2000,1.448977101219341,5.903428991955193,8.581992346002934
138,2023-01-09 12:00:00,0.09584632767321623,0.03414489701616088,0.043236115435446545,0.12095190834984032,0.16883052323082803,0.1085,False,False,2000,1.4454765285209374,6.630777171545605,8.367614828972878
139,2023-01-09 18:00:00,0.08311582311350973,0.03257345123085908,0.04284261538657616,0.12030523673994113,0.16928756811681409,0.1375,False,False,2000,1.4122972209803644,5.885150935566793,8.518407807701392
140,2023-01-10 00:00:00,0.08278144503140873,0.033879400146258246,0.04378428643041616,0.1250997455414428,0.17179011266704278,0.148,False,False,2000,1.4032014526718848,5.899469735709132,8.91530901020919
141,2023-01-10 06:00:00,0.12041368942351546,0.03130585650346112,0.04178145775002591,0.11920480579028198,0.1702017901058057,0.0495,True,False,2000,1.3794559526122234,8.729070993205157,8.641436181021103
142,2023-01-10 12:00:00,0.12034710245781517,0.030831398091568096,0.041947556181201426,0.11890656022828021,0.16920187539109074,0.047,True,False,2000,1.3520665562570962,8.900974726493502,8.79443098995417
143,2023-01-10 18:00:00,0.1280038979784414,0.0311843638214806,0.041640173810440356,0.1166162510170802,0.16217897700055917,0.0385,True,False,2000,1.3438538021140198,9.52513567897625,8.67774834090069
144,2023-01-11 00:00:00,0.13388597944207764,0.03128175246535639,0.041306714572976536,0.11603606940502251,0.17113422430926617,0.0265,True,False,2000,1.2945469725619425,10.342303700043711,8.963449906756498
145,2023-01-11 06:00:00,0.13129846948005996,0.030329006000389406,0.04170422453805647,0.11756822855615094,0.16859019284226023,0.033,True,False,2000,1.2967305478909754,10.125347142751131,9.066511832189494
146,2023-01-11 12:00:00,0.12778719978306247,0.03319278123562608,0.04337626399422261,0.1211672547456349,0.17217954543848296,0.041,True,False,2000,1.2574123709631473,10.16271214869475,9.636238480207073
147,2023-01-11 18:00:00,0.12827874400715447,0.029546486881099756,0.03971880861664303,0.11241246902848805,0.1535732633063312,0.03,True,False,2000,1.2169681611032146,10.54084635138411,9.237092030951993
148,2023-01-12 00:00:00,0.1283578306279479,0.029337287558864403,0.0400834659660856,0.11154487272104101,0.16227295018727433,0.0255,True,False,2000,1.2387682922338288,10.361730392411367,9.004498534580339
149,2023-01-12 06:00:00,0.1366109365575811,0.03017609275923191,0.04084537493546032,0.11337732491717953,0.16566323289231802,0.0285,True,False,2000,1.1866680917455326,11.512143750038216,9.554257479899611
150,2023-01-12 12:00:00,0.13172628539547965,0.03173844200470653,0.04247778517824101,0.12182467465654814,0.16403809693318658,0.0355,True,False,2000,1.1706297231146066,11.252600441837869,10.406764175816276
151,2023-01-12 18:00:00,0.1243497600419849,0.032368419753372325,0.042241597140746025,0.12062359083697716,0.1715985733467917,0.0445,True,False,2000,1.1862315459315034,10.482756125351369,10.1686379232358
152,2023-01-13 00:00:00,0.14317517707682742,0.03362502644879976,0.044578687072125846,0.12618397164971487,0.17419185120807518,0.032,True,False,2000,1.1684791348404244,12.253122268749832,10.798992287264712
153,2023-01-13 06:00:00,0.15049912590138378,0.03344484435810945,0.04368179565718657,0.12419288021659032,0.17622291731203849,0.0215,True,False,2000,1.1382684304100243,13.221760516293275,10.910684764564177
154,2023-01-13 12:00:00,0.15345949707759393,0.03254187537925952,0.042496654781883414,0.1192535975260181,0.16260039803424323,0.014,True,False,2000,1.1386750970040775,13.47702232896417,10.473013578656587
155,2023-01-13 18:00:00,0.1384389902480257,0.03084290167575052,0.04181668499822253,0.11844259057144689,0.16192444122742816,0.0225,True,False,2000,1.1347900105270194,12.199524930936944,10.43740158731568
156,2023-01-14 00:00:00,0.13938524214034412,0.034548786902837324,0.04318862194608745,0.120050721048659,0.16268574091065788,0.024,True,False,2000,1.156154451436108,12.05593612230683,10.383623130935401
157,2023-01-14 06:00:00,0.13322651220858145,0.03267802305651192,0.04201930924113452,0.11953554467293567,0.16227706829748093,0.0315,True,False,2000,1.1419123298245548,11.666965031286647,10.468014185581245
158,2023-01-14 12:00:00,0.14366087044709314,0.036471994785015796,0.04439038631274661,0.12536504983079536,0.17216506982992838,0.0295,True,False,2000,1.1322894186285886,12.687645762961644,11.071820310979817
159,2023-01-14 18:00:00,0.14943267278819938,0.0348964917812071,0.04399593994547836,0.12675154350793394,0.166271576262051,0.023,True,False,2000,1.1245520887459335,13.288194854081164,11.271291456964295
160,2023-01-15 00:00:00,0.14656955917946607,0.034237266254735145,0.04310776902225977,0.12448084633439506,0.16960142808395548,0.0215,True,False,2000,1.0538295402750304,13.908279619986178,11.812237328430538
161,2023-01-15 06:00:00,0.14297167023852886,0.03403196671535886,0.0431933523615293,0.11822914276097833,0.16746249989895778,0.0235,True,False,2000,1.019024685447516,14.030246006821834,11.602186330653677
162,2023-01-15 12:00:00,0.15097390743517902,0.03538961777660541,0.04337960660487961,0.1249244856236218,0.16519728426108274,0.0175,True,False,2000,1.0072105007662295,14.989310310042093,12.403016601652407
163,2023-01-15 18:00:00,0.1455266863413206,0.033402161454007456,0.04245992231946349,0.12037423235400885,0.1639408272370072,0.0185,True,False,2000,1.034267076598345,14.070513277861545,11.63860235693801
164,2023-01-16 00:00:00,0.15323287221957485,0.034914529862865064,0.045698046852030855,0.13398299427181548,0.18346923730908835,0.0275,True,False,2000,1.043704132155567,14.681638933737121,12.837258198365067
165,2023-01-16 06:00:00,0.14764086640482088,0.03438226047853457,0.043232328858635496,0.12257779298699514,0.16481591371368312,0.022,True,False,2000,0.9730070802655665,15.17366824962103,12.597831554682987
166,2023-01-16 12:00:00,0.15354366728742214,0.034123082527483216,0.04406300344743394,0.128171026473062,0.1695116368182602,0.017,True,False,2000,0.9748187268761166,15.750996883232323,13.1481908317248
167,2023-01-16 18:00:00,0.1477019633707469,0.03384903681706101,0.04288941820741281,0.11957565553360934,0.1787806639965753,0.023,True,False,2000,0.9182421067647788,16.08529627236784,13.022236145857816
168,2023-01-17 00:00:00,0.16527802026100005,0.032978964108079586,0.042844204092347654,0.12068799431728085,0.17201556393140396,0.0115,True,False,2000,0.9196956051114641,17.970948142235486,13.122602048604314
169,2023-01-17 06:00:00,0.16058784713407426,0.03627011648929466,0.04510960336489286,0.12767458848206517,0.17255131278437286,0.019,True,False,2000,0.9287471225054907,17.29080427198038,13.746970018882653
170,2023-01-17 12:00:00,0.1608582762951675,0.032501495278974786,0.04190715113637337,0.12080819745809847,0.17074403248858724,0.014,True,False,2000,0.9833457126644625,16.358262839150203,12.285424739459934
171,2023-01-17 18:00:00,0.14352757374452813,0.0310605956250462,0.04260522756902983,0.12396092993133744,0.16981777487653138,0.025,True,False,2000,0.9651248031187929,14.871400390987771,12.844031106729275
172,2023-01-18 00:00:00,0.15682441695351515,0.03325922985727712,0.04220089110609895,0.11761822058219207,0.16452156714635377,0.014,True,False,2000,0.9776436336047656,16.041061544611352,12.030786734478125
173,2023-01-18 06:00:00,0.15836505655885777,0.0338215757502532,0.0426642981914277,0.11972002329952117,0.16788946039458033,0.014,True,False,2000,0.9637352302552101,16.432423718381713,12.422501485996074
174,2023-01-18 12:00:00,0.18417407653953805,0.032211851858039584,0.04345133193411014,0.12567201610783488,0.17502260293605762,0.0065,True,True,2000,1.0069492429434768,18.290303888721063,12.48047178033275
175,2023-01-18 18:00:00,0.19704588647039423,0.034270184143065964,0.043613009782243806,0.12231804851823186,0.17091729921769044,0.0035,True,True,2000,1.0172172559748027,19.371071942892325,12.024771286544295
176,2023-01-19 00:00:00,0.18633426390719676,0.03591348659164121,0.04511564759208838,0.12737606928040085,0.17745005688734558,0.0085,True,True,2000,0.9992786731154831,18.64687688432862,12.746801538681538
177,2023-01-19 06:00:00,0.1722255585444754,0.03672339681964213,0.045742959190799175,0.12722337133636533,0.1789144359973943,0.0115,True,False,2000,0.9933837628325074,17.337263300277442,12.80707175780728
178,2023-01-19 12:00:00,0.1904342343482774,0.03629596052311029,0.04591256942823884,0.1323419661958814,0.17375000610102756,0.0055,True,True,2000,0.9630885501138027,19.773284016903208,13.74141206229098
179,2023-01-19 18:00:00,0.2025851584334336,0.03751036239223261,0.0454958789811536,0.12932966711538998,0.1868607031613471,0.003,True,True,2000,0.9882894459322217,20.49856540179295,13.086213522537163
180,2023-01-20 00:00:00,0.19837878000307277,0.03735649349556152,0.04776487875544405,0.1360392050139165,0.18920631327542486,0.008,True,True,2000,0.986950848627243,20.100168136944127,13.783787227412022
181,2023-01-20 06:00:00,0.18649532525447776,0.035880446036564,0.046789607203960096,0.13279563813930703,0.1831926346593755,0.0095,True,True,2000,0.9898589495481446,18.84059595961728,13.415612214237818
182,2023-01-20 12:00:00,0.18646893083905147,0.035682979484178194,0.04590691583398967,0.1335332147262483,0.17511001957217245,0.0065,True,True,2000,0.9889626596823404,18.85500215942897,13.502351521455806
183,2023-01-20 18:00:00,0.19968595778587198,0.03554002876585441,0.04491254107358703,0.1285276721769969,0.16958630923361556,0.002,True,True,2000,0.9671174701071734,20.647539100264968,13.289768425210413
184,2023-01-21 00:00:00,0.20939512722746093,0.036884088100963226,0.04514776457771916,0.129288501651373,0.17705138518242028,0.002,True,True,2000,0.9441589673857628,22.17795249111971,13.693509897952232
185,2023-01-21 06:00:00,0.19650900861923168,0.036071467149739064,0.04439138193707423,0.1274820742705656,0.1697231795167555,0.003,True,True,2000,0.9347408599740746,21.022832854945694,13.638226350146002
186,2023-01-21 12:00:00,0.20368939165637806,0.039076194719398126,0.04686856240511253,0.1333362324366053,0.18947595329924613,0.007,True,True,2000,0.9369143562466413,21.740449412300087,14.231421639301335
187,2023-01-21 18:00:00,0.22504974153736676,0.03979890562613646,0.04738985989503461,0.1373856346128267,0.18019430946505052,0.001,True,True,2000,0.9384507959630721,23.980984672341034,14.639620447211257
188,2023-01-22 00:00:00,0.22414744303887935,0.04234505769121823,0.04927843312422176,0.13550756835456612,0.18827672362287953,0.0035,True,True,2000,0.9279978960542383,24.153874054233707,14.602141764623802
189,2023-01-22 06:00:00,0.22880304477481958,0.03855318927471947,0.0466067958205971,0.13369644416194731,0.1774794050673346,0.0,True,True,2000,0.9602174862252313,23.828252250881306,13.923558577081266
190,2023-01-22 12:00:00,0.22892499846466818,0.042333650974775566,0.047584303237049305,0.13149039950159344,0.18169254955578018,0.0025,True,True,2000,0.9611318987675529,23.818270807390306,13.680786130415804
191,2023-01-22 18:00:00,0.22484834365180198,0.04212904677388995,0.04830403775016073,0.13863212713455256,0.19629303319566843,0.003,True,True,2000,0.9669145790125826,23.25420968224702,14.337577501016096
192,2023-01-23 00:00:00,0.2076734972083135,0.0398921454629394,0.04603703571606579,0.13544798403337807,0.17787671173053612,0.003,True,True,2000,0.9406690900700895,22.077210721661928,14.399110746084556
193,2023-01-23 06:00:00,0.19811685572757823,0.039011882265964554,0.04775955342961658,0.13137383085962265,0.1844252705273063,0.0065,True,True,2000,0.9059045601164623,21.869506397242166,14.501950497162014
194,2023-01-23 12:00:00,0.20138202029153093,0.03887764861114893,0.04540989061202552,0.13008333145097414,0.18243936084788256,0.004,True,True,2000,0.9224450544715802,21.83132960769051,14.102014078821417
195,2023-01-23 18:00:00,0.19792082785848145,0.03899959212482542,0.046792522659889584,0.13326440882505958,0.18307284486606104,0.006,True,True,2000,0.911969300337083,21.702575710095257,14.612817424424513
196,2023-01-24 00:00:00,0.18761614295912926,0.03808315672405618,0.04607210414553735,0.12994652765730125,0.17691358103770904,0.0075,True,True,2000,0.8869439236941891,21.153100883502727,14.651042099264187
197,2023-01-24 06:00:00,0.19692909346110019,0.0364784987721951,0.04540099030174502,0.12658520480313917,0.17407323080229872,0.0035,True,True,2000,0.8872864742004741,22.19453346660685,14.2665540931641
198,2023-01-24 12:00:00,0.1907886975885574,0.03644695272589826,0.04599277181606212,0.12988766247817343,0.18141408288436578,0.0065,True,True,2000,0.8655351422550791,22.04285976089584,15.006630711696122
199,2023-01-24 18:00:00,0.1827267929075069,0.03538003346565145,0.044715849064991285,0.12728514104112978,0.17331975472147965,0.0075,True,True,2000,0.8336932501397164,21.917748869489373,15.267622836072908
200,2023-01-25 00:00:00,0.19076678984211004,0.03764095015195414,0.04606607689264392,0.12908407407586087,0.1763673967604356,0.006,True,True,2000,0.8224778270646661,23.194155947393252,15.694535442559939
201,2023-01-25 06:00:00,0.18797279439913128,0.037980672498655894,0.04633127824784268,0.1320268260401233,0.18620392101538902,0.009,True,True,2000,0.8356310815280811,22.494710710783263,15.799654770941714
202,2023-01-25 12:00:00,0.1977445651513254,0.03585778767656079,0.04485509333163703,0.12456430470650977,0.1774592117516355,0.0055,True,True,2000,0.8296742659551369,23.8340000727488,15.01363966774466
203,2023-01-25 18:00:00,0.184086197517599,0.037755276902855274,0.046201219330694335,0.1277847649392572,0.17907109412943137,0.0085,True,True,2000,0.8387858365432411,21.94674605811718,15.234492449929396
204,2023-01-26 00:00:00,0.1738894380344036,0.03498545163198854,0.04465418992720821,0.12492609578300302,0.17457859352680025,0.011,True,False,2000,0.8400699832701677,20.699399037863316,14.870915313114647
205,2023-01-26 06:00:00,0.16791051016958328,0.03669808963831716,0.04701541608943406,0.1333880450663715,0.18173948131670573,0.0165,True,False,2000,0.8488091620429818,19.78189181717158,15.714727294569073
206,2023-01-26 12:00:00,0.1816446540899625,0.0356663819747162,0.04467384575282987,0.12834088299612717,0.16843051559637884,0.006,True,True,2000,0.9045961688575406,20.080192725044434,14.187643880718092
207,2023-01-26 18:00:00,0.18294895731820945,0.03643221993452391,0.04588351695241553,0.13032553585292744,0.1778478831106579,0.007,True,True,2000,1.00271575908027,18.245345768377806,12.99725616883364
208,2023-01-27 00:00:00,0.19788027704633485,0.038151220172448146,0.04593691158306695,0.13245775900145662,0.17544820940078415,0.0035,True,True,2000,1.0182694311544525,19.43299788760133,13.008124858593073
209,2023-01-27 06:00:00,0.18132675912171003,0.038418412311859544,0.04624602715298324,0.1339926748880664,0.17883516055855053,0.0085,True,True,2000,1.0059968446663616,18.0245852741066,13.319393156993947
210,2023-01-27 12:00:00,0.19091961392694734,0.039564890002725464,0.047886925535809775,0.13730437161756368,0.18991726427285505,0.01,True,True,2000,1.0176556584852885,18.76072837949118,13.492223078868538
211,2023-01-27 18:00:00,0.19875763867517574,0.040940922878808676,0.047115741875498954,0.13617450627007432,0.17432644904928574,0.003,True,True,2000,1.0378882772242881,19.150195935031658,13.120343418297125
212,2023-01-28 00:00:00,0.20459916585026083,0.04234404216953597,0.04905580209022476,0.1435443057863519,0.18685699500030042,0.0045,True,True,2000,1.0387203151811273,19.69723349586975,13.81934132686346
213,2023-01-28 06:00:00,0.21566215789731288,0.04132954568246874,0.048963576113138924,0.13737070585669534,0.19423834950595076,0.005,True,True,2000,1.0708264371530782,20.139786469101082,12.828475380371817
214,2023-01-28 12:00:00,0.21700536306293683,0.039554942641867104,0.047827413596666084,0.13527826355034986,0.18256477098344162,0.0035,True,True,2000,1.0803879539837804,20.08587399209328,12.521267295838506
215,2023-01-28 18:00:00,0.22320683899958346,0.03862973404814376,0.04622572430106141,0.13021029731825604,0.1839709712653696,0.0025,True,True,2000,1.0528843947824904,21.199558100174382,12.367007998551966
216,2023-01-29 00:00:00,0.21872544741068337,0.0412617440073671,0.048132893726947894,0.13009525165693842,0.19832383052974384,0.005,True,True,2000,1.0659866387848145,20.51859183338567,12.204210345942254
217,2023-01-29 06:00:00,0.23385465022258717,0.04358811602625737,0.05011248034017121,0.14302271279569548,0.19040171845011689,0.003,True,True,2000,1.091484144413261,21.425382257687144,13.103508056232815
218,2023-01-29 12:00:00,0.2407047358764315,0.042525654176895265,0.0496116955891355,0.14269311344689634,0.18257764114008565,0.001,True,True,2000,1.0693167887529835,22.51014277603709,13.34432554952235
219,2023-01-29 18:00:00,0.2068247825894686,0.04143777432145046,0.04727988632026052,0.1359395876610354,0.17930304676844594,0.0035,True,True,2000,1.0480264014666414,19.734692017303328,12.971007931746492
220,2023-01-30 00:00:00,0.22053440850288003,0.04342638835842544,0.049870770022070486,0.14686391702751725,0.19315041985041495,0.004,True,True,2000,1.0358912005350036,21.289340848631717,14.177542675492067
221,2023-01-30 06:00:00,0.21665088773101465,0.04314133992516342,0.049533384380996894,0.1422796368008189,0.1955330681489642,0.004,True,True,2000,1.0252220983908333,21.132093043162577,13.87793308631739
222,2023-01-30 12:00:00,0.21112192491853746,0.0415635509444402,0.048996222610418416,0.1402318560587991,0.19723786283401726,0.0065,True,True,2000,0.9969649423289303,21.17646428221963,14.065876351801762
223,2023-01-30 18:00:00,0.23654047995322938,0.04169960811873857,0.04785729683645609,0.13723626443407824,0.18056011005263914,0.0015,True,True,2000,1.000757706543887,23.636138738328683,13.713235834877871
224,2023-01-31 00:00:00,0.2502142608665775,0.043333364000836865,0.04776561752479843,0.13691944248356558,0.17862913850782516,0.001,True,True,2000,1.021181135850966,24.50243664735053,13.407948666175518
225,2023-01-31 06:00:00,0.25914074135829246,0.043438889122050926,0.04911207810918574,0.14265442368265926,0.18586444648555944,0.001,True,True,2000,1.000756595644145,25.894482483175086,14.254657356601141
226,2023-01-31 12:00:00,0.2781717268698993,0.04308621063005893,0.04815691829665564,0.14095325612698292,0.1850933196649649,0.0,True,True,2000,1.0336502505870357,26.911590909199575,13.636455469045941
227,2023-01-31 18:00:00,0.27138402519519533,0.04648102441284327,0.050984711642087746,0.14631305497880118,0.1976713578070096,0.0,True,True,2000,1.0362701521567985,26.188540182341573,14.119199966753696
228,2023-02-01 00:00:00,0.2483382624303792,0.04001159855158364,0.047314167017866116,0.13168176467356404,0.19244103472315405,0.0,True,True,2000,1.0650283762275796,23.317525426882455,12.364155511047693
229,2023-02-01 06:00:00,0.2407810089185892,0.041155682549881244,0.04816428841739706,0.1365451429062863,0.19430762556391182,0.001,True,True,2000,1.0785497041737921,22.324516708577296,12.660069571006446
230,2023-02-01 12:00:00,0.2457639462387208,0.04230873787085545,0.04947643309897567,0.1402419775548348,0.19398269749443564,0.0025,True,True,2000,1.0761396459048638,22.837551536545433,13.031949718469244
231,2023-02-01 18:00:00,0.2239350053041249,0.04379020220345436,0.050430387412462294,0.1470947744459975,0.19266733894830781,0.0045,True,True,2000,1.1086100080892838,20.19961967419745,13.268396764658377
232,2023-02-02 00:00:00,0.24757910307590494,0.0445012583854089,0.05137927517180155,0.1520780074548324,0.19785552547206492,0.0005,True,True,2000,1.1144483449273406,22.215395105822203,13.646034663432296
233,2023-02-02 06:00:00,0.2597029741584355,0.044630409661974554,0.04943158898330466,0.1426051842469584,0.18471954205380106,0.0005,True,True,2000,1.1406342157819376,22.768295967730694,12.502271304319802
234,2023-02-02 12:00:00,0.258290520049627,0.04707924827191188,0.05183121922641787,0.1523941387488142,0.19599120292463854,0.0015,True,True,2000,1.1621786909105685,22.22468214825519,13.112797536273291
235,2023-02-02 18:00:00,0.2522858084828609,0.047741428555409034,0.05296808332174006,0.1512561053069374,0.20724648101195106,0.001,True,True,2000,1.220641234813666,20.66830132290042,12.391528402694592
236,2023-02-03 00:00:00,0.2622842559023268,0.04924740901550688,0.053429000980840184,0.1540404893384666,0.20428456970176864,0.001,True,True,2000,1.2069139876523705,21.731810102931128,12.763170442501753
237,2023-02-03 06:00:00,0.26667062121382995,0.048947176163475,0.05397455451597499,0.15767678870383545,0.21130712462985904,0.001,True,True,2000,1.2091265502852506,22.05481478765961,13.04055300635299
238,2023-02-03 12:00:00,0.30091896595630424,0.05159826588229964,0.056495188389264754,0.16193665901327303,0.22081356264461355,0.0005,True,True,2000,1.2081551182411672,24.90731210031889,13.403631418540071
239,2023-02-03 18:00:00,0.2549958928474069,0.04922264860028734,0.05468383922790289,0.15682337418563844,0.21656928132879105,0.0025,True,True,2000,1.2104769213655024,21.06573767302839,12.955503026751696
240,2023-02-04 00:00:00,0.2542120282482561,0.05065939340148129,0.05499947937665916,0.1565868142039352,0.21280791905884824,0.003,True,True,2000,1.190523181289277,21.352967522476735,13.152773223143754
241,2023-02-04 06:00:00,0.2548616289580688,0.053459487303868444,0.05508094851915059,0.16112625135519704,0.20867223616362218,0.0015,True,True,2000,1.2289890502596341,20.73750200656606,13.11047086393144
242,2023-02-04 12:00:00,0.2640038325640011,0.048612816596726595,0.05144698193879561,0.15038144684632226,0.19670865603507243,0.0015,True,True,2000,1.273707221502582,20.727199163757426,11.806594506775152
243,2023-02-04 18:00:00,0.25754964022772314,0.04750734551910293,0.05110092906667925,0.14691273314854716,0.19914490240488228,0.0005,True,True,2000,1.335844301663121,19.279914575903405,10.997743746456184
244,2023-02-05 00:00:00,0.2715925935107741,0.05061933928702531,0.054617678267095425,0.15957977907719173,0.20862763278691132,0.001,True,True,2000,1.4205526592497555,19.118798007404514,11.23364051576036
245,2023-02-05 06:00:00,0.2627561726726026,0.05319897693653698,0.05549932619658128,0.16094604759566694,0.2147631035891859,0.003,True,True,2000,1.4561847919222155,18.04415031184024,11.052584018764025
246,2023-02-05 12:00:00,0.25594768023692693,0.05230620602492823,0.05351138299502807,0.1571112188071795,0.2003031497957924,0.0005,True,True,2000,1.4641648855835985,17.480796237980346,10.730432095054434
247,2023-02-05 18:00:00,0.25804207259268486,0.047758908988080634,0.05071992530068104,0.14723053066009514,0.1933420022350638,0.0015,True,True,2000,1.44339879348161,17.877392842366437,10.200266989621188
248,2023-02-06 00:00:00,0.2380831789826769,0.04998153846525677,0.05354367475663043,0.1516812234542649,0.20970526895454072,0.003,True,True,2000,1.4592235540552525,16.315743966785096,10.394652898298927
249,2023-02-06 06:00:00,0.2494389938532838,0.050007875600882754,0.052825993374799214,0.1521785201062018,0.20957847306160687,0.0025,True,True,2000,1.4766249492152401,16.892508418325818,10.30583427342724
250,2023-02-06 12:00:00,0.25071243249819714,0.05078543352487542,0.05228573499227672,0.1523265531844793,0.20789124900250577,0.0015,True,True,2000,1.4976042068608215,16.740900656504156,10.171349178016541
251,2023-02-06 18:00:00,0.2381908379952026,0.05145878662212114,0.05293500788345295,0.152099259126265,0.19607702943454008,0.0025,True,True,2000,1.4862935874493195,16.02582692992508,10.233459957752215
252,2023-02-07 00:00:00,0.23926183523089717,0.049327725597174674,0.05159829048896805,0.14658374866750856,0.2004208559146301,0.0025,True,True,2000,1.4816741151047772,16.148074181209385,9.893116655894527
253,2023-02-07 06:00:00,0.24033213115751428,0.05248384273046865,0.05311382636733142,0.15164693172123206,0.2069269201866167,0.0015,True,True,2000,1.4593394082608697,16.46855623832731,10.391477874359152
254,2023-02-07 12:00:00,0.23658370355942268,0.05377658998859884,0.05442294302828578,0.1563325421071477,0.21365472753177076,0.006,True,True,2000,1.4541773553200557,16.269246849009832,10.750582900717763
255,2023-02-07 18:00:00,0.24255325060613933,0.049867187957561725,0.051954528798068014,0.1511450375514573,0.20417954757948603,0.0025,True,True,2000,1.4326404873550627,16.930503692097975,10.550102337991362
256,2023-02-08 00:00:00,0.23289652992809917,0.0501536234703517,0.050567088795444706,0.14713596262816353,0.18568530152262822,0.0005,True,True,2000,1.408127135684578,16.53945329410002,10.449053846024466
257,2023-02-08 06:00:00,0.1935595094318128,0.050393894834975424,0.05106003926486336,0.14584948594691352,0.19273947850598527,0.01,True,True,2000,1.4181452757936481,13.648778636130174,10.284523626487461
258,2023-02-08 12:00:00,0.20069573652686226,0.04794367989752099,0.052145693430855185,0.15320418447254072,0.20162928863460555,0.012,True,False,2000,1.4134235528565056,14.199263633414025,10.839226795316776
259,2023-02-08 18:00:00,0.20619860116125452,0.04907097946290932,0.050302879862734386,0.14233022751381888,0.19896882124493304,0.0085,True,True,2000,1.4235074760579354,14.485248910126725,9.99855848372279
260,2023-02-09 00:00:00,0.19751006210644592,0.048543166080214306,0.051520754528443714,0.1519817715243086,0.19865974485804394,0.0115,True,False,2000,1.4440228761486034,13.677765454327906,10.524886692215274
261,2023-02-09 06:00:00,0.2066329518013964,0.04794536845116496,0.050429304167666,0.1436010419095925,0.19118618963897532,0.003,True,True,2000,1.4542244923740117,14.209150848784665,9.874750608495443
262,2023-02-09 12:00:00,0.21723617572442683,0.0490256739484901,0.05194232322316987,0.14800663351661905,0.21867525128361445,0.011,True,False,2000,1.4549615673847263,14.93071573807313,10.172545916979717
263,2023-02-09 18:00:00,0.2217149594528277,0.049635292968212674,0.05186656493223196,0.1477901608378049,0.19534394636664276,0.0055,True,True,2000,1.4514045323754237,15.275889974655144,10.182561618153827
264,2023-02-10 00:00:00,0.2350296387730574,0.047694337816265815,0.050448668114730824,0.1449847557050347,0.19382560176986754,0.003,True,True,2000,1.464409449057162,16.049448391935584,9.90056133538205
265,2023-02-10 06:00:00,0.22611830479573927,0.044280640892381117,0.04728048784978094,0.13608762909056457,0.17816327327359677,0.002,True,True,2000,1.4735711116009982,15.344919767738075,9.235226452200788
266,2023-02-10 12:00:00,0.215642486329587,0.04545901013893781,0.04885033993606085,0.14067031120120052,0.18345139683639275,0.0025,True,True,2000,1.4822945200013868,14.54788393398265,9.490037863802458
267,2023-02-10 18:00:00,0.202067016518765,0.04574847291696086,0.04950429624231803,0.14484754159843,0.19005431875874715,0.0055,True,True,2000,1.4655091956315942,13.788178001276863,9.883768865469635
268,2023-02-11 00:00:00,0.1844814722982196,0.04850114672927796,0.050033340743049874,0.1448746077526302,0.19568162935395692,0.014,True,False,2000,1.4377468566383504,12.831290254361091,10.076503181607848
269,2023-02-11 06:00:00,0.16598741627676644,0.046323411331497664,0.04961190680718888,0.14255585145935093,0.19003995222091621,0.026,True,False,2000,1.4520406753761532,11.431320009941674,9.817621081614785
270,2023-02-11 12:00:00,0.16460200939749073,0.047128873549543045,0.04948046628716973,0.1457455150387675,0.185608443497886,0.0275,True,False,2000,1.454592919852229,11.3160188772411,10.019677192817197
271,2023-02-11 18:00:00,0.1853156013161647,0.04637276257226403,0.048911316697567146,0.14033551184898999,0.18487019406749478,0.01,True,True,2000,1.4908026558101757,12.430592378805166,9.413419764316474
272,2023-02-12 00:00:00,0.19342930536109176,0.048738885763129854,0.0513401866466132,0.14592816530155545,0.20991091410214627,0.014,True,False,2000,1.4921603231755471,12.96303770827014,9.7796572549924
273,2023-02-12 06:00:00,0.17202888710981495,0.04556304623340436,0.04839227528354507,0.13909815700094316,0.18308083657877433,0.0165,True,False,2000,1.4785535869685973,11.634944355484402,9.407718342229922
274,2023-02-12 12:00:00,0.15657200736956153,0.04796965627972179,0.050006183552300285,0.14636697534878493,0.19277796869238617,0.032,True,False,2000,1.4916785431749453,10.496363850371388,9.812233072499112
275,2023-02-12 18:00:00,0.15323735468367078,0.04564488640194564,0.0497289491482422,0.14362354139739203,0.190596468064447,0.034,True,False,2000,1.5277937806292423,10.029976337549817,9.400715150066834
276,2023-02-13 00:00:00,0.16148286950529553,0.04804676860620518,0.05108796730681523,0.1495397212800385,0.19787472650138893,0.0335,True,False,2000,1.5250459424133682,10.588721625641696,9.80558795778923
277,2023-02-13 06:00:00,0.154314003388893,0.048622018227762756,0.05079850442333752,0.14838707395458647,0.1892932026963238,0.0385,True,False,2000,1.5152889530497677,10.183800461180077,9.792658598608082
278,2023-02-13 12:00:00,0.142993779423005,0.046590095301680644,0.049675754518648266,0.14486227321456405,0.1877541560089279,0.0525,False,False,2000,1.4968343985294097,9.553079456451005,9.677909149929107
279,2023-02-13 18:00:00,0.11693800682534324,0.045390261597184615,0.04981849366557637,0.14449358284593017,0.19377857292347989,0.1005,False,False,2000,1.4925270248985527,7.834900465758168,9.681136785831495
280,2023-02-14 00:00:00,0.15263259265891427,0.046894488287352175,0.051207463194474424,0.14835088847293476,0.1991552449616491,0.0455,True,False,2000,1.4732185529544337,10.360485370810773,10.069849322453056
281,2023-02-14 06:00:00,0.13739230973798244,0.04697104583153882,0.05195601215182994,0.14565397366120944,0.20376290885253695,0.065,False,False,2000,1.4813854029307207,9.274582392007531,9.832280875257226
282,2023-02-14 12:00:00,0.15676249682332483,0.04169635500497516,0.04911135087809236,0.14231733812616032,0.18637886214504842,0.0335,True,False,2000,1.4973659458337931,10.469217445441048,9.504512809453026
283,2023-02-14 18:00:00,0.16034791426617495,0.043265359507887735,0.049557145970995364,0.14133094803908616,0.18807521655586928,0.025,True,False,2000,1.498262701122683,10.702256296310555,9.432988482806358
284,2023-02-15 00:00:00,0.16055931429438272,0.04390273338752343,0.04865895679975253,0.1373111050945235,0.18498641174759894,0.021,True,False,2000,1.4927860943829296,10.755681265958794,9.198310837111832
285,2023-02-15 06:00:00,0.17109175566451584,0.04325048157824877,0.04923686789354583,0.1426451223063492,0.18910754394486629,0.0225,True,False,2000,1.5018336503753198,11.392190847618755,9.49806406792797
286,2023-02-15 12:00:00,0.16402210111155113,0.04466557854143489,0.04934128611150796,0.14173430619352367,0.18594505219017668,0.027,True,False,2000,1.492873080370745,10.987009094625602,9.494062694085482
287,2023-02-15 18:00:00,0.1773538907989372,0.04140069988427093,0.04817067797758747,0.13788651916932873,0.18675200582614027,0.013,True,False,2000,1.4913026138846381,11.892548779013719,9.24604556349253
288,2023-02-16 00:00:00,0.1680591901655196,0.045531257267551285,0.04940549095494404,0.1404365975209038,0.20117857908884487,0.021,True,False,2000,1.501256028713553,11.19457220828161,9.354606731620978
289,2023-02-16 06:00:00,0.1725063743515636,0.04247960778068759,0.0494913268650669,0.14364280527178686,0.19329273001790703,0.0195,True,False,2000,1.4958792609453624,11.532105488416452,9.602566799476035
290,2023-02-16 12:00:00,0.21552930076071142,0.04418565205822939,0.05082766330529447,0.14502411468040682,0.19174653943393083,0.003,True,True,2000,1.4703780103826851,14.658087868480644,9.863049750224597
291,2023-02-16 18:00:00,0.20734893040311947,0.0449195383123987,0.051478546906285595,0.14617300431347457,0.1998644120671627,0.0085,True,True,2000,1.4865675186509517,13.948167695153666,9.832920636267191
292,2023-02-17 00:00:00,0.21094008763478161,0.04521910956497885,0.049199133216301566,0.1415039161451019,0.19131432199484708,0.004,True,True,2000,1.500776627681704,14.05539530293907,9.428712676828354
293,2023-02-17 06:00:00,0.19807515557909117,0.043635940135614976,0.0493867974333721,0.1375424081940834,0.1888629113701014,0.0085,True,True,2000,1.4918093500649077,13.27751133685233,9.219838190992636
294,2023-02-17 12:00:00,0.1942730338827969,0.03842302053564626,0.046869337296622605,0.13069071474126495,0.17818756895473217,0.008,True,True,2000,1.5232773824940893,12.753621639462025,8.579574294425793
295,2023-02-17 18:00:00,0.18230272337958686,0.041840645734456575,0.047740496062467316,0.1353455650198696,0.18398896144981275,0.0125,True,False,2000,1.5136110274451802,12.044225370589109,8.941898715439397
296,2023-02-18 00:00:00,0.18976316938645563,0.04035496358316877,0.047622250489228204,0.13444626766713516,0.19211333605080247,0.011,True,False,2000,1.513679426492814,12.536549421573081,8.882083307338487
297,2023-02-18 06:00:00,0.17994293259056002,0.03912819343254374,0.04736698520489277,0.13300363219229022,0.1910217910377049,0.0125,True,False,2000,1.5345577848964125,11.726044751238009,8.667228663615843
298,2023-02-18 12:00:00,0.17084002456331016,0.03904040046414779,0.04579174320904527,0.1311883046732361,0.1811731055817968,0.0135,True,False,2000,1.5509401307676323,11.01525591956625,8.458631127708644
299,2023-02-18 18:00:00,0.15668012315935861,0.039372531835499415,0.047092401962207556,0.1338081285125352,0.18092959948800574,0.027,True,False,2000,1.5394982026676785,10.177350183836502,8.691671629149639
300,2023-02-19 00:00:00,0.16661560243272097,0.03875847217130752,0.04579387521454693,0.13291700035465415,0.17007727096658892,0.012,True,False,2000,1.5266727258504373,10.913642433738199,8.706319180531136
301,2023-02-19 06:00:00,0.18217852026433182,0.03691804320855347,0.04592947486085229,0.1323889119460995,0.18080965685837933,0.009,True,True,2000,1.5010419129886488,12.136804354890089,8.819801152821018
302,2023-02-19 12:00:00,0.19165588216277982,0.03744963951765418,0.045538289220394684,0.12792579843613303,0.1806654306332365,0.007,True,True,2000,1.4884032804733338,12.87660976545486,8.594834485681243
303,2023-02-19 18:00:00,0.20348506048976497,0.03789939979617059,0.04651822594242911,0.1327265140572003,0.1818628081404209,0.006,True,True,2000,1.4702594517208105,13.840078378792494,9.027421242002932
304,2023-02-20 00:00:00,0.2277202838529591,0.03886713973706239,0.04665027170922928,0.12757614072688642,0.1806408335140905,0.0015,True,True,2000,1.4779125774679747,15.408237762148257,8.632184519699772
305,2023-02-20 06:00:00,0.21945774230980078,0.037428104262823544,0.04490453051092956,0.12639919284484555,0.17260951854244336,0.0025,True,True,2000,1.461960325881342,15.01119684472291,8.64587024744641
306,2023-02-20 12:00:00,0.21596416362117646,0.03917253726353453,0.047618384935516116,0.13551618859779063,0.1811721670440811,0.0025,True,True,2000,1.467251054206829,14.718964624491138,9.236060060018044
307,2023-02-20 18:00:00,0.2056483521005464,0.03748883648717611,0.04631873251134722,0.1345141756277368,0.1802864460861035,0.0025,True,True,2000,1.4811745683145006,13.884140093936633,9.08158825470565
308,2023-02-21 00:00:00,0.2215676436247452,0.03932458330633694,0.04657308932921331,0.13164239881658382,0.1861255779902915,0.002,True,True,2000,1.5076593445459918,14.696134403721475,8.731574496109126
309,2023-02-21 06:00:00,0.2280097662454368,0.03632443729832462,0.04345491610714067,0.12396069333926442,0.16853322930527517,0.001,True,True,2000,1.4916921366159104,15.285309927469712,8.310072185570725
310,2023-02-21 12:00:00,0.21700017018537293,0.03654837145840536,0.0453340971687369,0.12979569954808168,0.17389204767037894,0.003,True,True,2000,1.479898828228386,14.663176025698178,8.770579249897946
311,2023-02-21 18:00:00,0.2171669822149458,0.040117148147485716,0.047932013200369813,0.14077059920511953,0.18009828406291897,0.003,True,True,2000,1.4639257165234554,14.834562967489633,9.615966002661862
312,2023-02-22 00:00:00,0.23807488839990762,0.03868109764049187,0.04610739596056874,0.13310969089944696,0.17798645416109143,0.0005,True,True,2000,1.4845694374090121,16.036628695213793,8.96621522343613
313,2023-02-22 06:00:00,0.22410103166917467,0.03774754093226356,0.04513672502267092,0.12792918253746177,0.17828897257700577,0.002,True,True,2000,1.489581518442049,15.044563113508659,8.588263277545408
314,2023-02-22 12:00:00,0.2148845163219568,0.03659373601218718,0.044332199111074944,0.12499156058022796,0.17101512593267237,0.0015,True,True,2000,1.5238940486577393,14.101014208384708,8.20211619635379
315,2023-02-22 18:00:00,0.2341150411109168,0.03963772562600724,0.04606729735745766,0.13133185305257486,0.173853403308005,0.0005,True,True,2000,1.5246356632408902,15.355474540931485,8.613982751354847
316,2023-02-23 00:00:00,0.23280693361292756,0.03774603827120076,0.046096381766478074,0.12745148990299165,0.18153887758947837,0.002,True,True,2000,1.5649126176412202,14.876673047970915,8.144319910660458
317,2023-02-23 06:00:00,0.21251601527245206,0.03789744897930565,0.04386321003198279,0.12860251215304408,0.1645489014053416,0.001,True,True,2000,1.528444329948077,13.904072991632708,8.413948066882675
318,2023-02-23 12:00:00,0.22769866709141245,0.03655766471029172,0.04365199670220654,0.12542615606816307,0.1650422097115249,0.0005,True,True,2000,1.5045977557179575,15.133524307482446,8.336191888596348
319,2023-02-23 18:00:00,0.20122682001060696,0.03822148577149118,0.04488291572253055,0.1259090563132888,0.18699996469928024,0.005,True,True,2000,1.508860831397736,13.336340623555065,8.344643435183661
320,2023-02-24 00:00:00,0.2186972293188501,0.03922012109903471,0.04494059658741791,0.12696831259686567,0.17440248962196955,0.0015,True,True,2000,1.5245191561257343,14.34532511055001,8.32841700195691
321,2023-02-24 06:00:00,0.2202211201899759,0.03719630216240431,0.0439311605060897,0.12543208566940972,0.16916485635288978,0.001,True,True,2000,1.543155099919421,14.270835135202883,8.128287666998569
322,2023-02-24 12:00:00,0.22203361761607593,0.038499444177312485,0.044246913604322174,0.1267523339388939,0.17025004722788017,0.001,True,True,2000,1.555841851194928,14.27096317312381,8.146864916992993
323,2023-02-24 18:00:00,0.2331287545140689,0.03900090495509338,0.04538427700154693,0.13113848451992405,0.1733417750406562,0.0005,True,True,2000,1.5856160956768606,14.702723764578836,8.27050664265263
324,2023-02-25 00:00:00,0.22403144765663965,0.037913194021634365,0.04499230599707475,0.13294405154657557,0.17279412388369803,0.001,True,True,2000,1.5440170938596545,14.509648147522599,8.610270707188148
325,2023-02-25 06:00:00,0.19558641498758614,0.03659324462137954,0.0435438819475048,0.12540531389594248,0.17146185511318485,0.0045,True,True,2000,1.5655725576923478,12.492963933647399,8.010188558797285
326,2023-02-25 12:00:00,0.1901361100840281,0.033532033132114905,0.04066631622631931,0.11644790545793225,0.15344108751883515,0.0015,True,True,2000,1.5451772324855833,12.305132776139457,7.536216752987832
327,2023-02-25 18:00:00,0.19497878450462158,0.032457903536550606,0.04072937754889617,0.11539417365049945,0.1620561636626448,0.003,True,True,2000,1.4913882550885171,13.073643555886067,7.7373663938134305
328,2023-02-26 00:00:00,0.20572829831014663,0.03288229366650097,0.042485600087311365,0.12199397612847153,0.16351101614907565,0.0025,True,True,2000,1.4954229429912604,13.757198207661107,8.157824293136077
329,2023-02-26 06:00:00,0.20950833067159474,0.03428511082111316,0.04252838587165453,0.11763705235579697,0.16883643441067495,0.002,True,True,2000,1.4273171611201807,14.678470656596698,8.24182988618126
330,2023-02-26 12:00:00,0.21937430153490597,0.03462951167406767,0.0424518002131518,0.11940319832295086,0.16567711908615435,0.0005,True,True,2000,1.4121784168610696,15.534460725049309,8.455248777159138
331,2023-02-26 18:00:00,0.2268247445730296,0.03367522626079372,0.04178126016228613,0.11865849618117078,0.1595195950826966,0.0,True,True,2000,1.3907672946133394,16.309324029372675,8.531872775607667
332,2023-02-27 00:00:00,0.22308905970446005,0.033381325536374365,0.0419235612348907,0.1187579292844568,0.1662467392065657,0.001,True,True,2000,1.3944344959860946,15.99853276339807,8.516565649107484
333,2023-02-27 06:00:00,0.21414833079161316,0.032798447472509325,0.04064303196038277,0.1163110031534912,0.15487559653911867,0.0005,True,True,2000,1.3958885193660262,15.341363426992965,8.332399152212846
334,2023-02-27 12:00:00,0.19668152727222096,0.033016975605056474,0.040928489645029056,0.11556263311527543,0.15288089585108264,0.002,True,True,2000,1.4083247612430956,13.965637236869622,8.205680699192634
335,2023-02-27 18:00:00,0.18124838289485518,0.03199610582469457,0.04140623633538024,0.1181297589342797,0.1646284002637636,0.0035,True,True,2000,1.4396461141610546,12.589787247852685,8.20547200956529
336,2023-02-28 00:00:00,0.17335967871721128,0.03242079257707895,0.04134739023435612,0.11752792382874633,0.16173510166490948,0.006,True,True,2000,1.4417833407657585,12.023975712268713,8.151566223974054
337,2023-02-28 06:00:00,0.17220306206817534,0.03245150005365894,0.040888263819706325,0.1162329822550442,0.15912006524597092,0.0045,True,True,2000,1.441172033875261,11.94882068347714,8.065170536406942
338,2023-02-28 12:00:00,0.20692656311246646,0.03227435277388072,0.04106416313342679,0.11663592324601794,0.16197021833005915,0.001,True,True,2000,1.418288757600298,14.589875439933683,8.223707804281155
339,2023-02-28 18:00:00,0.20934648600317596,0.03234850136048834,0.04171335589557034,0.11899215157107193,0.16180734030037575,0.0025,True,True,2000,1.379182349981147,15.179028792388305,8.62773161016007
340,2023-03-01 00:00:00,0.21598764294748682,0.034234317115250774,0.04203276405651875,0.1202068937937008,0.1624294526170345,0.0005,True,True,2000,1.3945165629399912,15.488352644025296,8.619968882999459
341,2023-03-01 06:00:00,0.2280859114182319,0.0319705411035151,0.04124372383071402,0.11861445999488943,0.16511289407370583,0.0005,True,True,2000,1.4133890780914988,16.137517613070607,8.39220154121006
342,2023-03-01 12:00:00,0.2211097635084377,0.03336758616386709,0.04178500096218853,0.11823398940835027,0.1593909468117522,0.0005,True,True,2000,1.4416335554078419,15.337445682990166,8.20138994162782
343,2023-03-01 18:00:00,0.2313671432019819,0.034468918201778366,0.04258621297932401,0.1210997264346523,0.16775627108363725,0.0,True,True,2000,1.4193116914362836,16.301362456040092,8.53228555540922
344,2023-03-02 00:00:00,0.22759010242141822,0.03449760034895041,0.042886801517283205,0.12378381329027222,0.16823829483703412,0.0005,True,True,2000,1.419186002127447,16.036664826192386,8.722169828670285
345,2023-03-02 06:00:00,0.21206245983013564,0.03321193056648736,0.041536410180494504,0.11949083446824725,0.1564587922719271,0.001,True,True,2000,1.4193469062447563,14.940847716447339,8.41871947883345
346,2023-03-02 12:00:00,0.2322690175397364,0.035404806648657826,0.04199155685176473,0.11729303655579065,0.16302551810841187,0.0,True,True,2000,1.4160589044163154,16.402496874625086,8.283061967972131
347,2023-03-02 18:00:00,0.23204476710053717,0.03434015745573099,0.042010676298859684,0.1185002126643959,0.1608379895258423,0.0,True,True,2000,1.4150411705465364,16.398446344208747,8.374329675413412
348,2023-03-03 00:00:00,0.24114059192446538,0.034518365510496946,0.04266467147735898,0.12023498448707616,0.17098305053034418,0.0005,True,True,2000,1.4074630664000434,17.132996075076115,8.542674216994463
349,2023-03-03 06:00:00,0.24524755258182446,0.03355705370851011,0.041814558848884374,0.11629120968962021,0.16418235155430155,0.0005,True,True,2000,1.4164229085129685,17.31457117135288,8.210203957496603
350,2023-03-03 12:00:00,0.2535767342691237,0.03711412837393231,0.04407281034276747,0.12683367713480384,0.17876714904145974,0.0,True,True,2000,1.4450018742369,17.548540163869102,8.777405718022631
351,2023-03-03 18:00:00,0.25920372527003194,0.03488064410524453,0.04193814004366746,0.12252263699035786,0.15988169355811963,0.0,True,True,2000,1.4250697033081219,18.188845406531538,8.597659237715657
352,2023-03-04 00:00:00,0.24868485036219157,0.03544532222011266,0.04275820902889102,0.12096971438633647,0.16999971127340233,0.0,True,True,2000,1.4270501992918914,17.426496312855015,8.476906730146014
353,2023-03-04 06:00:00,0.23569588017921708,0.03344078817226216,0.041836541955170885,0.11732061448273269,0.16371390733795904,0.0015,True,True,2000,1.4280653550123072,16.504558376964884,8.215353314955365
354,2023-03-04 12:00:00,0.25789028794128077,0.034300145918404565,0.042437696946421744,0.12244231210174013,0.15809752743970173,0.0,True,True,2000,1.4292237870514852,18.044080309726244,8.567049695859097
355,2023-03-04 18:00:00,0.2583822616984211,0.03487194198500355,0.04072318053965812,0.11294683452012431,0.1600865951459621,0.0,True,True,2000,1.387196781255355,18.62621548650048,8.142091738268897
356,2023-03-05 00:00:00,0.2697900133979858,0.03761527852851732,0.04469258775434831,0.1267116875186215,0.1745450012410306,0.0,True,True,2000,1.3578345066822044,19.869138107058657,9.331894785045247
357,2023-03-05 06:00:00,0.24536152098896358,0.038936380890848624,0.04456231045355403,0.12563510324207122,0.17642882512071437,0.0,True,True,2000,1.3633193409065212,17.99736229266825,9.215383327469837
358,2023-03-05 12:00:00,0.25109314134085614,0.03691859338739482,0.043765267540372986,0.12312462965560164,0.17168193690247543,0.0005,True,True,2000,1.3767302816441565,18.238368450862346,8.94326443583128
359,2023-03-05 18:00:00,0.22041573524013475,0.03393655490426549,0.041265332042416225,0.11607485730976146,0.1566055301081925,0.0005,True,True,2000,1.2983187067905892,16.97701296971965,8.940397816241557
360,2023-03-06 00:00:00,0.23080464435747017,0.03339634975036471,0.041212516797044935,0.11348666362016861,0.16738530597008924,0.0,True,True,2000,1.296133296876448,17.80716882389229,8.755786452956665
361,2023-03-06 06:00:00,0.23598014736734887,0.031924764875570597,0.04095232642793377,0.11591057690193889,0.16096674100597244,0.0,True,True,2000,1.312661656223881,17.977225604821147,8.830194464229079
362,2023-03-06 12:00:00,0.24378125408066492,0.03296376361157053,0.04159181836512065,0.11709111329452986,0.16617181575568485,0.0,True,True,2000,1.3233529789835865,18.421483757712426,8.848063604652385
363,2023-03-06 18:00:00,0.2366840800742586,0.03251590320248265,0.04160334474680864,0.12026362916495427,0.1619046582083924,0.0005,True,True,2000,1.3022401399092443,18.175148562902812,9.235134556160716
364,2023-03-07 00:00:00,0.2244562215745306,0.03369645591611318,0.04082328571516664,0.11541349152495105,0.16480723119201088,0.0,True,True,2000,1.2883537433635956,17.421940420534423,8.958214474825287
365,2023-03-07 06:00:00,0.2361721585718335,0.03359714984919124,0.04125555823767414,0.12059736742125328,0.1605145544718291,0.0,True,True,2000,1.2980645333798986,18.194176984166475,9.290552535723476
366,2023-03-07 12:00:00,0.2412028872027472,0.03724615880583301,0.04386113236295813,0.12563136240896514,0.1684859718866531,0.0,True,True,2000,1.3084265559578643,18.43457594959688,9.601712976315568
367,2023-03-07 18:00:00,0.24326128499721505,0.037621325047849916,0.04472152618614297,0.12890663974410163,0.1767431614903086,0.0,True,True,2000,1.3487585268162687,18.035940471229566,9.557429086167447
368,2023-03-08 00:00:00,0.24180686075644714,0.04181294300817187,0.04503550722869964,0.13005864179563242,0.17725185103826382,0.0,True,True,2000,1.410764467123163,17.140129794276767,9.2190188246553
369,2023-03-08 06:00:00,0.23900275021790182,0.041503268775915814,0.04588671944770567,0.13120136874191762,0.17923897902000308,0.0005,True,True,2000,1.4159614786590402,16.879184484894665,9.26588545799773
370,2023-03-08 12:00:00,0.2372079020229996,0.04068866414331377,0.04674938076874349,0.136726211369403,0.18827070035624474,0.001,True,True,2000,1.407640301841958,16.85145713095901,9.713149814657255
371,2023-03-08 18:00:00,0.22568207288523956,0.042347207156276795,0.04837995591616631,0.13638407175331715,0.19087089957297806,0.003,True,True,2000,1.4102620442885696,16.002846690743112,9.670831907138108
372,2023-03-09 00:00:00,0.23462024636277098,0.043206959130205794,0.045567829734108306,0.1343579889855668,0.16670305165398502,0.0005,True,True,2000,1.405063616346854,16.698193849242244,9.562413219046674
373,2023-03-09 06:00:00,0.2290174691380239,0.042763843383940035,0.04708929893239561,0.13169772195921703,0.18764534576076655,0.001,True,True,2000,1.382432273587457,16.56627044330469,9.526522526666506
374,2023-03-09 12:00:00,0.247070958077093,0.04464097373158909,0.048767063055496565,0.13567891413745103,0.20120967224144595,0.0005,True,True,2000,1.3975597582349788,17.67874014840886,9.708272818960108
375,2023-03-09 18:00:00,0.24144019547328302,0.04335069313554168,0.046909676584702846,0.13453382434989736,0.18274476046276864,0.0005,True,True,2000,1.4286092295470678,16.900366487890476,9.41711852110535
376,2023-03-10 00:00:00,0.25272640601816415,0.040742564353187044,0.04546306003449079,0.1350563907618873,0.16971577678821137,0.0005,True,True,2000,1.4309331454963827,17.661650148616467,9.438343865816107
377,2023-03-10 06:00:00,0.2432198991370932,0.04136438692061796,0.04691053016450648,0.1357064955071537,0.19085187478804122,0.0015,True,True,2000,1.485819179166455,16.36941443127283,9.13344621000821
378,2023-03-10 12:00:00,0.24402883906847328,0.042462633670193844,0.04723623840707581,0.13271337871076877,0.18429413337909517,0.0015,True,True,2000,1.493345434372802,16.341084483977024,8.886984595530487
379,2023-03-10 18:00:00,0.2530079201229448,0.04303578455472818,0.04650913278301342,0.13412942971554445,0.17813707318252803,0.0,True,True,2000,1.5322423745758356,16.51226492107582,8.753799786582391
380,2023-03-11 00:00:00,0.25586516001028853,0.042437075244467194,0.04689989019901126,0.13518602413206152,0.18292026875132836,0.0005,True,True,2000,1.542542455922855,16.587236158580307,8.763844626317525
381,2023-03-11 06:00:00,0.2729544253933326,0.04240948257951476,0.04611951478871901,0.12994438950187653,0.17885696588069835,0.0,True,True,2000,1.5728024000736762,17.35465468392891,8.261965361687484
382,2023-03-11 12:00:00,0.27454762617159717,0.04216672178217488,0.04741460739190251,0.1329766519722534,0.18166746295785985,0.0,True,True,2000,1.59741292936967,17.1870166519769,8.324500792961857
383,2023-03-11 18:00:00,0.27379816793944806,0.04270807323498913,0.047173888549437805,0.13666837919985014,0.18142957768237486,0.0005,True,True,2000,1.6052967184816933,17.055922732989156,8.513589894403605
384,2023-03-12 00:00:00,0.262154258464432,0.044289936633369754,0.04778513458929528,0.13529563424586522,0.1913106165573925,0.0005,True,True,2000,1.5788330525659855,16.604305188466125,8.569343923094154
385,2023-03-12 06:00:00,0.250442395794177,0.044424493396997985,0.04813429565647053,0.13767091062814296,0.1878508488897473,0.001,True,True,2000,1.5972885421029865,15.679220703883914,8.619038263862192
386,2023-03-12 12:00:00,0.24909725409279324,0.04145707939579138,0.045595257437467694,0.1314677839017053,0.17321282955576392,0.0,True,True,2000,1.59940958676055,15.57432543575756,8.219769656875735
387,2023-03-12 18:00:00,0.22544729439860323,0.042159884828310526,0.04756076806790874,0.13714252972887367,0.19018406397612078,0.0025,True,True,2000,1.5842607456844777,14.230441233409405,8.656563012272416
388,2023-03-13 00:00:00,0.24617054113451683,0.04337266358204002,0.0472973064693397,0.1374113796814743,0.18073332429389624,0.0005,True,True,2000,1.611907146240343,15.272005072295377,8.524770176866355
389,2023-03-13 06:00:00,0.25064574998282135,0.04272308484620847,0.04651827634400077,0.13767006526320283,0.17568483832570064,0.0005,True,True,2000,1.5824980031760583,15.838613981172662,8.699541167628668
390,2023-03-13 12:00:00,0.2868535851240588,0.04171792174034334,0.04630814816017753,0.13207161140783927,0.18274203235036068,0.0,True,True,2000,1.5665489373981005,18.311179323928258,8.430736394816913
391,2023-03-13 18:00:00,0.28055164660675513,0.04145772925372715,0.04641719726313128,0.1312103122471559,0.1775002381303938,0.0,True,True,2000,1.5819777533665158,17.734234631917506,8.294068103545376
392,2023-03-14 00:00:00,0.3147262910884368,0.04142550305929525,0.04788517491072593,0.13596564920275944,0.1905482596808959,0.0005,True,True,2000,1.5943919363337582,19.739581210636175,8.527743154258992
393,2023-03-14 06:00:00,0.32828252184661766,0.04292435464596683,0.047448473687493685,0.13492600180575473,0.18951166306371142,0.0,True,True,2000,1.599786872717103,20.520391024903056,8.433998559857809
394,2023-03-14 12:00:00,0.3262528715488814,0.04498198262717733,0.048630733111932334,0.13940847910974113,0.18357155685799603,0.0005,True,True,2000,1.6015637059527021,20.37089566504677,8.704522872963892
395,2023-03-14 18:00:00,0.3417382194299196,0.04277433021909024,0.04672812392932126,0.13742460413802474,0.17631091553735656,0.0,True,True,2000,1.5616905035550954,21.882582922286645,8.799733610800974
396,2023-03-15 00:00:00,0.3581174438553589,0.042754637393468464,0.04958071426997096,0.14238817213501034,0.20412762146259286,0.0,True,True,2000,1.531360027064619,23.385581282398675,9.298151291564434
397,2023-03-15 06:00:00,0.3484631541317209,0.04492646074574282,0.050187862481441824,0.14540294054836353,0.19354670833051676,0.0,True,True,2000,1.5422518667753153,22.594438796843235,9.42796333600073
398,2023-03-15 12:00:00,0.33028755458144393,0.04500032641688994,0.0494845048703697,0.14382865992650137,0.1879818307190928,0.0,True,True,2000,1.5476430003217796,21.341327070440137,9.293400344691708
399,2023-03-15 18:00:00,0.31642310884206243,0.043632083932606064,0.049505438752894024,0.14326592998599955,0.19130562535167095,0.0,True,True,2000,1.5337824883713644,20.630246546761267,9.340694073129328
400,2023-03-16 00:00:00,0.30020341734476613,0.043923248594936404,0.04992000795276483,0.14522256400314187,0.1916818734082249,0.0,True,True,2000,1.4990110322934718,20.02676503891088,9.687891608172677
401,2023-03-16 06:00:00,0.2813682127519213,0.042722209097170984,0.04777764692048228,0.13696843054241475,0.18022261849237942,0.0,True,True,2000,1.4725453837267186,19.107608896904384,9.301474308097383
402,2023-03-16 12:00:00,0.2906717558387916,0.04418606166892221,0.04986908963489834,0.1428330736691248,0.20445143833099413,0.0005,True,True,2000,1.4903508413389677,19.503579142320945,9.583855673929776
403,2023-03-16 18:00:00,0.2793723627463254,0.044905693650084656,0.048883558929687244,0.1386802095159502,0.1853781973687898,0.0005,True,True,2000,1.4867986501123105,18.7901948071598,9.327437141907179
404,2023-03-17 00:00:00,0.27121064451762267,0.04682400479550715,0.04977840580766016,0.14122166493394922,0.1847485885293898,0.0005,True,True,2000,1.5097468917804333,17.963980982122504,9.353996070653112
405,2023-03-17 06:00:00,0.27718876952291754,0.04952939521120983,0.05050000656393997,0.14260573029321777,0.19673109887788515,0.0,True,True,2000,1.536919619168433,18.035345900060378,9.278671995245668
406,2023-03-17 12:00:00,0.2755254243560994,0.04462864728842172,0.04963398263226225,0.1451857532916316,0.19636266712096692,0.0,True,True,2000,1.529475330475344,18.014375182531982,9.492520107958164
407,2023-03-17 18:00:00,0.25838324664663725,0.044888137721812785,0.04903328402891607,0.14198006275088296,0.18976308836905553,0.001,True,True,2000,1.5391587394628043,16.787303350973268,9.224523703152068
408,2023-03-18 00:00:00,0.2493059397060286,0.04836074337277231,0.050267614908863355,0.1455886283953432,0.19324590509434378,0.002,True,True,2000,1.561852623950198,15.962193607966055,9.321534321665007
409,2023-03-18 06:00:00,0.25488589993192656,0.04714647793267375,0.04950737234923499,0.14125444826361586,0.19524776106177427,0.0005,True,True,2000,1.5339068650734309,16.616778093611618,9.20880214307234
410,2023-03-18 12:00:00,0.24672547693678237,0.04700986883213194,0.04928339148669235,0.14029876131976787,0.19710321490869576,0.0015,True,True,2000,1.5257205617253249,16.171078972533394,9.19557387108386
411,2023-03-18 18:00:00,0.2500562919593699,0.04256300355158114,0.04731317104915586,0.1354567809958608,0.18629542700900792,0.0005,True,True,2000,1.5158529998874284,16.4960779163903,8.936010352317817
412,2023-03-19 00:00:00,0.2421599693147228,0.045098227124777825,0.0494131537458996,0.14097358070174337,0.20337453633757296,0.002,True,True,2000,1.4980648233488532,16.164852517755914,9.410379210867765
413,2023-03-19 06:00:00,0.22511160059602345,0.04605103742435016,0.050130791171653144,0.14345812533862182,0.19986926045640366,0.004,True,True,2000,1.4750322952710127,15.261469278858259,9.725761652714443
414,2023-03-19 12:00:00,0.21738890297151134,0.04495354546122563,0.04920654737699053,0.14386538700638066,0.192511087495569,0.0035,True,True,2000,1.4921857536658893,14.568488034244172,9.64125187852404
415,2023-03-19 18:00:00,0.22187670071957097,0.04740755243259892,0.04922513306275949,0.14333112535338668,0.18822954770747688,0.0035,True,True,2000,1.475680206294042,15.035554436064594,9.71288526755686
416,2023-03-20 00:00:00,0.22922418278861553,0.04890130398566833,0.05020674891390807,0.1447694381579967,0.1953262100144101,0.002,True,True,2000,1.4810113173222923,15.477544304189312,9.775039290026742
417,2023-03-20 06:00:00,0.22241132564849617,0.047007594183210204,0.05019790689192686,0.14371157819340946,0.18826177489005122,0.0035,True,True,2000,1.4900935372014932,14.925997603224376,9.644466914695203
418,2023-03-20 12:00:00,0.21657424561783403,0.04772645103182012,0.05146664333327567,0.15063652233149172,0.197854861374327,0.005,True,True,2000,1.521697934288466,14.232407151101409,9.899239457266411
419,2023-03-20 18:00:00,0.21492230576864607,0.048296049801697376,0.050356369603221686,0.14517453091220084,0.191641844284923,0.005,True,True,2000,1.6094538673660745,13.353741298616633,9.020111346824985
420,2023-03-21 00:00:00,0.23079045920278607,0.048551334481452116,0.050123716932959916,0.14437050004365173,0.19593635668978826,0.0025,True,True,2000,1.6274239421881198,14.18133611162691,8.871105819516291
421,2023-03-21 06:00:00,0.24494600135288372,0.047214713776470185,0.049216854036251104,0.13929394123766523,0.19103449937703626,0.0005,True,True,2000,1.6251549471098026,15.07216292135707,8.571117571612938
422,2023-03-21 12:00:00,0.2292865823183292,0.04681481608080579,0.05061773805671109,0.1503215990666702,0.18747243851160486,0.0005,True,True,2000,1.5941348504354742,14.383135922014024,9.429666444191119
423,2023-03-21 18:00:00,0.21419392620704336,0.04563966794946227,0.04942982403930998,0.14245603695106368,0.18515277271030658,0.0045,True,True,2000,1.595508818235149,13.424803658808425,8.928564688764276
424,2023-03-22 00:00:00,0.22778520911307232,0.04360581500390066,0.04844493547445657,0.13995188101712838,0.18367330112842475,0.001,True,True,2000,1.5447659948381438,14.74561259596726,9.059746361894257
425,2023-03-22 06:00:00,0.2271071999493242,0.04337854153681264,0.04889511636284816,0.13989487128505995,0.18122313741176274,0.0025,True,True,2000,1.5444983352583468,14.704269649558166,9.057625255495006
426,2023-03-22 12:00:00,0.20677242757118783,0.04465735214991494,0.04906593630740846,0.14435016843729692,0.18096844280070384,0.0045,True,True,2000,1.501260741977094,13.773252159973067,9.615262985375487
427,2023-03-22 18:00:00,0.17814697548292327,0.0439125273031773,0.04916342185253379,0.14504128579662565,0.18670416680160487,0.015,True,False,2000,1.5506715607899009,11.488375745549655,9.353449786797063
428,2023-03-23 00:00:00,0.19975342076423977,0.04322619630259317,0.04809153928866186,0.137408243972192,0.18646174125730047,0.0065,True,True,2000,1.4939618382200683,13.370717755563918,9.197573890903568
429,2023-03-23 06:00:00,0.20482990303785184,0.044109932136435534,0.049230484074278866,0.13983321024661197,0.19410498908684792,0.007,True,True,2000,1.4893312904767388,13.753145747195392,9.388992975622704
430,2023-03-23 12:00:00,0.23387202823232542,0.042707426093868656,0.048556677687946415,0.14041444105904258,0.1837888857402352,0.0005,True,True,2000,1.4848146225612402,15.75092436986554,9.456698427230856
431,2023-03-23 18:00:00,0.21355200596017143,0.042140932405740156,0.04780722999030537,0.13542872663385727,0.18237438279952894,0.0045,True,True,2000,1.5172887990393655,14.074578688999528,8.92570529220282
432,2023-03-24 00:00:00,0.21742591395032698,0.04081164974454588,0.048497575232068484,0.13870326102971073,0.18896619611580137,0.003,True,True,2000,1.4960354487965648,14.533473396317442,9.2713886653746
433,2023-03-24 06:00:00,0.19176648881607897,0.04041695594822294,0.04706701494058015,0.13365913875644334,0.18789071070776656,0.0075,True,True,2000,1.4895674468378068,12.873971515904085,8.973016900992798
434,2023-03-24 12:00:00,0.18714178411890148,0.04210254888009176,0.050609044646553844,0.14052878960802692,0.2060613346937068,0.0155,True,False,2000,1.4575291846930363,12.83965947881274,9.641576380346926
435,2023-03-24 18:00:00,0.2058948519786367,0.041761801277704666,0.049382091987698135,0.14529285768006034,0.19105103081273653,0.006,True,True,2000,1.4588459635360622,14.1135429733495,9.959437892119084
436,2023-03-25 00:00:00,0.22058798225832058,0.04135523519541721,0.04838747664416162,0.13992767730884198,0.18950077983572663,0.003,True,True,2000,1.4627156479524914,15.08071528236534,9.566293866119
437,2023-03-25 06:00:00,0.2280576185965179,0.04298517825755193,0.049577273814555525,0.14126027749476985,0.20132149118971107,0.0035,True,True,2000,1.4653516614019244,15.563337088541033,9.640025750516704
438,2023-03-25 12:00:00,0.23091801904673062,0.0435864751154231,0.05030940776121268,0.1430663105308479,0.19282465544809865,0.002,True,True,2000,1.466414150497157,15.747121573291059,9.756200898794127
439,2023-03-25 18:00:00,0.23583022443776142,0.04207580650566779,0.04991970787060351,0.14250123932126002,0.2008026619778152,0.002,True,True,2000,1.4828259714767547,15.904106683732872,9.610112181899689
440,2023-03-26 00:00:00,0.23275773865611807,0.044822287551686546,0.05068631028496415,0.14386201238860488,0.19085940497392834,0.003,True,True,2000,1.4847222470717556,15.676853978255846,9.689489914516795
441,2023-03-26 06:00:00,0.23824272986827427,0.04216244718777472,0.0503454421510254,0.14487592480863445,0.19419591102563416,0.002,True,True,2000,1.5242767090430227,15.629887175659118,9.50456855695125
442,2023-03-26 12:00:00,0.24652657132637232,0.04128592599893014,0.04949164296793349,0.14132097175940558,0.1931743701411171,0.0005,True,True,2000,1.5182927183625434,16.237091065828704,9.307887079364919
443,2023-03-26 18:00:00,0.2451364559922902,0.03974788206252009,0.04762928108936526,0.1322201441105823,0.18542345590370313,0.001,True,True,2000,1.53402421617384,15.979959990703996,8.61916928797679
444,2023-03-27 00:00:00,0.2398603092957699,0.0395378974700959,0.04773007906922833,0.13430669015866653,0.19092255171318945,0.001,True,True,2000,1.5273127831561302,15.704727410197423,8.7936597951552
445,2023-03-27 06:00:00,0.23385412745996298,0.04171602671640171,0.0499446710516407,0.14292891097865193,0.1943321897778395,0.002,True,True,2000,1.4992338389872193,15.598242340763798,9.533463510615862
446,2023-03-27 12:00:00,0.2347256802084961,0.04063650205298418,0.04790390373524155,0.1355303786585088,0.17918710460271267,0.0035,True,True,2000,1.499374080279424,15.654911158978587,9.03913042389337
447,2023-03-27 18:00:00,0.2581915729554017,0.040486543219739726,0.048237830353669194,0.13559871685937203,0.1876379836325706,0.0015,True,True,2000,1.515176847720293,17.040358908854234,8.94936568384023
448,2023-03-28 00:00:00,0.23677254815793175,0.041449074073722,0.04826913082497399,0.1354707826291445,0.19318241969414163,0.0005,True,True,2000,1.508650107365282,15.694331442526002,8.979602491510223
449,2023-03-28 06:00:00,0.24098652009285298,0.04400493085381323,0.05059425654215489,0.14205126108562283,0.19243512399473045,0.002,True,True,2000,1.4949349978188118,16.120200573567743,9.502169746034646
450,2023-03-28 12:00:00,0.2521780084737145,0.0411506854722856,0.05017613087644634,0.13653874530910332,0.19969879019724981,0.0035,True,True,2000,1.4635204462536702,17.230918031875916,9.329473029134384
451,2023-03-28 18:00:00,0.225712414280696,0.039415505248370494,0.04868256681085032,0.13643833118659304,0.2070018274621423,0.005,True,True,2000,1.4385907181155375,15.689828346478208,9.48416595967744
452,2023-03-29 00:00:00,0.25647712910180154,0.039762807732476674,0.049021830298293725,0.13919632003018165,0.19582051477534712,0.002,True,True,2000,1.4691744403904825,17.457227817932505,9.474458321857652
453,2023-03-29 06:00:00,0.24487869457166445,0.03876800046424719,0.04843079540255327,0.13924788996792797,0.19532198968911937,0.001,True,True,2000,1.4431499600409874,16.968347112361737,9.648885689188749
454,2023-03-29 12:00:00,0.24450938389921575,0.038725649205179055,0.04734328367434623,0.1339659087682106,0.185744478030469,0.0015,True,True,2000,1.461373255455021,16.731480680004918,9.167124707403945
455,2023-03-29 18:00:00,0.22359096736552853,0.03630428666729751,0.04591417188208974,0.13090549285325292,0.17790195779706636,0.002,True,True,2000,1.4607954810543513,15.306110284798278,8.96124711166069
456,2023-03-30 00:00:00,0.2314464122015165,0.04110419098328557,0.050279731889379405,0.1405968879970725,0.19557550164309015,0.0035,True,True,2000,1.4694694162689506,15.750338839250524,9.567867588156709
457,2023-03-30 06:00:00,0.23527602319255322,0.03750540047728933,0.04692986810651552,0.13392008054744853,0.18644083811526324,0.001,True,True,2000,1.5126706332392392,15.553684855290154,8.853221422079935
458,2023-03-30 12:00:00,0.22837117742748025,0.038771569188217114,0.048868845285356725,0.1427003832781733,0.1933871500757923,0.0025,True,True,2000,1.5352906281195826,14.874784828667147,9.29468210542991
459,2023-03-30 18:00:00,0.2437001554311466,0.04011807922614511,0.04888659446322033,0.14097780659348336,0.19205327945420264,0.001,True,True,2000,1.5357124104262052,15.868866708156162,9.179961406599423
460,2023-03-31 00:00:00,0.24619008364889625,0.041056160501719875,0.048308045422067174,0.13685302422159723,0.1936124194298678,0.002,True,True,2000,1.5392509028884758,15.994149049184191,8.890884778094733
461,2023-03-31 06:00:00,0.24626296578389226,0.04246430406114121,0.05079446403182057,0.1471757808074987,0.19137001849018775,0.0005,True,True,2000,1.5463498103886504,15.925437060195193,9.517625301774922
462,2023-03-31 12:00:00,0.24780891785872833,0.042282661491383204,0.05124313955453368,0.1460975347043898,0.20354188659221367,0.0015,True,True,2000,1.498424168516426,16.53796855826754,9.750078634212063
463,2023-03-31 18:00:00,0.25422494204393326,0.040343152514396095,0.050062186129479776,0.14515393342820668,0.2016564885391489,0.0025,True,True,2000,1.4874640369680479,17.091165616489743,9.758483554606082
464,2023-04-01 00:00:00,0.24108958607734138,0.04104180311111075,0.04978752624215767,0.14182375030613267,0.19963467367039742,0.0025,True,True,2000,1.4606571370938009,16.50555629755972,9.70958527531742
465,2023-04-01 06:00:00,0.22924937018114902,0.03932917537478691,0.04857751479178677,0.13824365423201856,0.1912761036248024,0.0015,True,True,2000,1.4293275922576383,16.038966253988505,9.671936299337874
466,2023-04-01 12:00:00,0.22544170103117828,0.03915216946339186,0.049322374019836634,0.13967717570348773,0.19324312725967233,0.004,True,True,2000,1.388102058026678,16.241003298537397,10.062457216009923
467,2023-04-01 18:00:00,0.20449760327293295,0.03551345695335003,0.04523082991308171,0.12358588440984392,0.1801708912930077,0.0055,True,True,2000,1.4072935434733076,14.531268492017471,8.781812791155465
468,2023-04-02 00:00:00,0.18543345956268464,0.03724492621488954,0.04693590713988559,0.1336230662778455,0.18241026348197342,0.009,True,True,2000,1.4692201245542678,12.621216961545601,9.094829566017829
469,2023-04-02 06:00:00,0.1591779661730234,0.038122603772125584,0.04840534998768865,0.13349418113175326,0.19200475499449837,0.0275,True,False,2000,1.4545847304462884,10.943189684397774,9.1774771409016
470,2023-04-02 12:00:00,0.17028780058616844,0.0374510510613744,0.04790297802796543,0.13258329744293065,0.18585847550424248,0.0215,True,False,2000,1.476424569311238,11.533796180702197,8.980025136318453
471,2023-04-02 18:00:00,0.16469330636372512,0.034615520250667484,0.04520688383673797,0.12778549972949246,0.17718738054323335,0.018,True,False,2000,1.45363421440083,11.32976265501632,8.790760320825557
472,2023-04-03 00:00:00,0.15488619448522978,0.03701058693835529,0.049301420084226895,0.13876993578871083,0.1944204694893489,0.034,True,False,2000,1.4396138233143627,10.758871023386103,9.639386170190184
473,2023-04-03 06:00:00,0.14853453472253275,0.03382572436173535,0.04436670715860256,0.12172085835648078,0.1717424610922903,0.023,True,False,2000,1.4426459465881079,10.295979763698812,8.43733409741687
474,2023-04-03 12:00:00,0.15313285213164654,0.032189392432284435,0.043632895109781744,0.12239270887039334,0.17492459164309695,0.0205,True,False,2000,1.4413245987026948,10.624452831060964,8.491682510695812
475,2023-04-03 18:00:00,0.11541740244177573,0.032800511266899084,0.04372843318502163,0.12849248129920685,0.16246004988337706,0.0685,False,False,2000,1.4409296750297433,8.00992612213315,8.917331881346295
476,2023-04-04 00:00:00,0.10058855470314576,0.03291818067353049,0.044369331155093034,0.12463155924261034,0.17483145945532677,0.0925,False,False,2000,1.4642110887534927,6.8698123840038985,8.511857354441378
477,2023-04-04 06:00:00,0.10311089767647619,0.03188942472445866,0.04243705459904888,0.11892492166193337,0.16744952653446413,0.082,False,False,2000,1.4247328993362194,7.237209004194075,8.347173123982769
478,2023-04-04 12:00:00,0.09984840495163516,0.030836763513999707,0.04305559149786955,0.11973301377654086,0.1753685321983647,0.0895,False,False,2000,1.4318389695476184,6.9734381501840055,8.362184318420237
479,2023-04-04 18:00:00,0.12209923768888353,0.030059503563596032,0.04167079257070956,0.11878225332475133,0.16072948064954787,0.0465,True,False,2000,1.4081640771157293,8.670810431336466,8.435256605043282
480,2023-04-05 00:00:00,0.11680505865313441,0.02997679418646383,0.04210078382049903,0.11633349354509455,0.1741942409537876,0.05,True,False,2000,1.4250604388894943,8.196498581081725,8.163407696290387
481,2023-04-05 06:00:00,0.11245099043768607,0.028468332244108302,0.041467393706757415,0.11727218913943596,0.1746395007944911,0.056,False,False,2000,1.421210973868324,7.91233620520191,8.251567944218625
482,2023-04-05 12:00:00,0.12740343041013621,0.030835361411727966,0.043224477986527815,0.1241182787630889,0.17200681466950724,0.0465,True,False,2000,1.3859854532798745,9.192263173371806,8.955236757309997
483,2023-04-05 18:00:00,0.15902969334896652,0.031138027053885423,0.043372039344609675,0.12179821074956072,0.16714757043052317,0.013,True,False,2000,1.4073362480993437,11.30004954848151,8.654520972799032
484,2023-04-06 00:00:00,0.16025474307447307,0.030067388005987176,0.042680978543825444,0.12053640854068176,0.1729185028936182,0.0145,True,False,2000,1.396641121570314,11.474296481711105,8.630449632268924
485,2023-04-06 06:00:00,0.1796375243087302,0.03036466844718216,0.043416830627704725,0.12135516689180204,0.1823680206069632,0.0105,True,False,2000,1.4152892665838759,12.692636660936914,8.574583991915691
486,2023-04-06 12:00:00,0.19987760443876942,0.030984951920208535,0.04226299204404196,0.12024789379626004,0.1712103068690315,0.003,True,True,2000,1.424241534592171,14.033968226885337,8.442942497860296
487,2023-04-06 18:00:00,0.200683153459605,0.03277397767921704,0.0446249086669119,0.1245927136460639,0.1778416279164356,0.0035,True,True,2000,1.4113565186379409,14.219167928829101,8.827869641775893
488,2023-04-07 00:00:00,0.1908578258554916,0.03283351441635524,0.0448433102610292,0.12925821785943997,0.18212885654081865,0.007,True,True,2000,1.4295497265347759,13.35090499566814,9.041883290954942
489,2023-04-07 06:00:00,0.18170230763013884,0.030804871459616478,0.04234152121706582,0.12345349787908019,0.16071023147889726,0.0055,True,True,2000,1.4289063890364833,12.716179941826795,8.639719076511748
490,2023-04-07 12:00:00,0.19214424636532154,0.03100213620141007,0.04291997141882186,0.12018771089338212,0.17238952225746806,0.0035,True,True,2000,1.4550914799787475,13.204959894901446,8.259804455396683
491,2023-04-07 18:00:00,0.18639481243404465,0.028294270235615017,0.03980495028668642,0.11267586028490384,0.15777840643064528,0.004,True,True,2000,1.4537060602996752,12.822042744708664,7.750938333549782
492,2023-04-08 00:00:00,0.1677299905514127,0.031086005015179028,0.04293545600226854,0.122023410770149,0.17228973999467634,0.0135,True,False,2000,1.4729429776767646,11.387405561073988,8.284326862579121
493,2023-04-08 06:00:00,0.17633671843860238,0.028100864657201366,0.04007956936952051,0.11337580689251875,0.16099809064561685,0.0055,True,True,2000,1.429820824449075,12.33278431977984,7.929371635512697
494,2023-04-08 12:00:00,0.1593315583909256,0.02664435599417011,0.03991834632302688,0.112556098013659,0.15825973142367059,0.0085,True,True,2000,1.4365914438688314,11.090944406701718,7.834941415949014
495,2023-04-08 18:00:00,0.17294292139715442,0.02690805553397106,0.03959243303942059,0.10992191595824695,0.16153591867427589,0.008,True,True,2000,1.4836063747254506,11.656927628742391,7.409102429786242
496,2023-04-09 00:00:00,0.18459023548182174,0.028733936704002826,0.040804398127278665,0.11569081088598993,0.16588594940015963,0.003,True,True,2000,1.4793474413228669,12.47781490173511,7.820394834531672
497,2023-04-09 06:00:00,0.18531146613671876,0.029826755679214282,0.041090472363860764,0.11567832913742447,0.16511069391262637,0.004,True,True,2000,1.5206629052237586,12.186229143891099,7.607098768573101
498,2023-04-09 12:00:00,0.1607805059402375,0.026687537288697036,0.039249658057607696,0.10803836460421523,0.1690952903201695,0.015,True,False,2000,1.5396896087896426,10.442397287244656,7.01689249491946
499,2023-04-09 18:00:00,0.14298420362689093,0.027428405981698663,0.04002221429948828,0.11481529936754269,0.1597809303725638,0.02,True,False,2000,1.5488183316464446,9.231825366819752,7.413090161806793
500,2023-04-10 00:00:00,0.15095589453450942,0.028246698212649954,0.03940013587543898,0.11148181196834318,0.15377005622775414,0.012,True,False,2000,1.5874986994934805,9.509040516548112,7.022482097397209
501,2023-04-10 06:00:00,0.14455656340093972,0.02719134093728499,0.03931425946605849,0.11422958166134639,0.15723332636574996,0.0165,True,False,2000,1.6027486563995625,9.019290880310182,7.127105126885794
502,2023-04-10 12:00:00,0.14281005057137366,0.027053904348728217,0.03881477406720849,0.1098759886871906,0.15879532937225152,0.0165,True,False,2000,1.5975628483549489,8.939244594879558,6.877725580582491
503,2023-04-10 18:00:00,0.13138279791156185,0.02678210990913819,0.03971852990515963,0.11321514358820779,0.15314523168890348,0.0265,True,False,2000,1.5847336098183524,8.29052890009832,7.144111974831207
504,2023-04-11 00:00:00,0.11784687552428463,0.026366298182433995,0.03852484140645535,0.10763667808320668,0.15632216182789627,0.0395,True,False,2000,1.572454486193936,7.494453833734059,6.845137905627845
505,2023-04-11 06:00:00,0.10395641726101754,0.026289404632537032,0.038826841166051874,0.10929769412742907,0.15654299310142436,0.058,False,False,2000,1.5917723202039533,6.530859717908504,6.866415048191364
506,2023-04-11 12:00:00,0.10937646874424843,0.024899605670051693,0.037231558723462004,0.10531224298595204,0.15112612763817868,0.043,True,False,2000,1.5942397256088745,6.860729097844755,6.605797189361281
507,2023-04-11 18:00:00,0.09732066648618383,0.025224111567189,0.037336366864731234,0.10487850022503784,0.149708749626348,0.0685,False,False,2000,1.625873068502556,5.985748111063618,6.450595821827093
508,2023-04-12 00:00:00,0.10370916568810194,0.026524607083867575,0.03905376917157123,0.10736766492512824,0.15946333722999023,0.0555,False,False,2000,1.6126404201676048,6.431016139191355,6.6578800569794305
509,2023-04-12 06:00:00,0.0915595237327606,0.024636482350462768,0.03644917064857217,0.10310917475799121,0.14239969562945878,0.0765,False,False,2000,1.5987347734412904,5.726998952783015,6.44942341099192
510,2023-04-12 12:00:00,0.08881268931431474,0.023013348843815774,0.036713902919250814,0.10223512457404643,0.1528228547887222,0.076,False,False,2000,1.6044714083315874,5.535323898770299,6.371888214596222
511,2023-04-12 18:00:00,0.06728401288150157,0.023026191908617703,0.03509534011534558,0.097789121855595,0.13749305581458576,0.1245,False,False,2000,1.5900083287133315,4.231676757061343,6.150227020177186
512,2023-04-13 00:00:00,0.07291832937176256,0.022586572349767905,0.03576401064273664,0.10029924921933092,0.14801435899198656,0.102,False,False,2000,1.5676457203234773,4.651454625648208,6.398081398049209
513,2023-04-13 06:00:00,0.05329124998556517,0.022288393815283757,0.0346860000738734,0.09858487090492335,0.131754285544398,0.174,False,False,2000,1.550977302531936,3.4359787147476872,6.3563064877858455
514,2023-04-13 12:00:00,0.0711613196610067,0.02079760354303908,0.034958856057655266,0.09296382275625636,0.1497493014370978,0.102,False,False,2000,1.5419850786842921,4.614916230040664,6.02884061858616
515,2023-04-13 18:00:00,0.0782918415419097,0.02074368476378601,0.03278120433484535,0.09050361736649602,0.133682853441486,0.0765,False,False,2000,1.58114182379748,4.951601454313164,5.723940509595182
516,2023-04-14 00:00:00,0.07707190829141781,0.021408439171534597,0.033999308669577975,0.09409721920988322,0.1424604848898545,0.0865,False,False,2000,1.5447696994767421,4.989216730333608,6.091342887017828
517,2023-04-14 06:00:00,0.0731667776874498,0.01980783692930197,0.03255904707712437,0.09025100143908592,0.12945775218624303,0.0915,False,False,2000,1.5455757604703466,4.733949610155882,5.839312685107129
518,2023-04-14 12:00:00,0.08183047806364384,0.01929139400555092,0.03272401754038448,0.09274362782087486,0.13449468035893603,0.072,False,False,2000,1.5302225949613304,5.3476192504994176,6.060793254932858
519,2023-04-14 18:00:00,0.07881677793532096,0.020736622836373113,0.03404356292398593,0.09444748425664068,0.1391506209088901,0.0845,False,False,2000,1.5426197239161366,5.109281095877248,6.122538354227296
520,2023-04-15 00:00:00,0.06814653834537633,0.01981599628315368,0.032216769698301694,0.08962439400024086,0.13404395108773512,0.096,False,False,2000,1.5918284595585466,4.281022740620874,5.630279661232839
521,2023-04-15 06:00:00,0.08696996600130248,0.018191417809480682,0.030599133265918996,0.08597433364707771,0.12952218521127384,0.0485,True,False,2000,1.5640830635270582,5.560444200781919,5.496788223842971
522,2023-04-15 12:00:00,0.07229885852207855,0.019484564189244394,0.032507561258756465,0.08851979297530795,0.1392349259057778,0.0815,False,False,2000,1.555643102481367,4.6475221988100275,5.690237872305818
523,2023-04-15 18:00:00,0.05727091351548731,0.017663386904747325,0.031676476550974116,0.09183387319853886,0.13520560165800577,0.113,False,False,2000,1.5419082785306517,3.714287958169803,5.955858365716226
524,2023-04-16 00:00:00,0.06598454633270988,0.019180535640525895,0.03278677781836187,0.09165137819356595,0.1382264309751402,0.1035,False,False,2000,1.4314732980996894,4.609554814630894,6.402590835276848
525,2023-04-16 06:00:00,0.048970240085127376,0.017814995535195534,0.030872659223477702,0.08616543869610453,0.13312836027143773,0.1445,False,False,2000,1.4370566707223054,3.4076763347484094,5.99596664846873
526,2023-04-16 12:00:00,0.05229452083329777,0.017872810267885897,0.03073545117009509,0.08904942774862894,0.1208354460324947,0.138,False,False,2000,1.4420328096961794,3.626444591390098,6.175270572892907
527,2023-04-16 18:00:00,0.06773218932253695,0.019049935377321102,0.03205734603755001,0.0870441760306556,0.131759705019756,0.1035,False,False,2000,1.4322815557400639,4.7289716921293135,6.077309009657647
528,2023-04-17 00:00:00,0.03861453108023237,0.017012442192764054,0.030558966173572788,0.08449495398735046,0.12845040116372025,0.1775,False,False,2000,1.4559298662103133,2.652224669361538,5.8035044096790935
529,2023-04-17 06:00:00,0.022527744294497155,0.019234788960115188,0.032909957015949856,0.09296804082853517,0.13676379304458042,0.287,False,False,2000,1.477362245513639,1.524862596354279,6.292839898329247
530,2023-04-17 12:00:00,0.02273671134553299,0.018778543785717233,0.03258531685165317,0.09141492476617963,0.13953550598699357,0.278,False,False,2000,1.4578748757493951,1.5595790642763894,6.270423222650667
531,2023-04-17 18:00:00,0.011311072842517398,0.020348500369563836,0.03377282228176852,0.09300732784319984,0.1421694670499621,0.36,False,False,2000,1.4609579744340344,0.7742230126023464,6.366187766573524
532,2023-04-18 00:00:00,0.020153023179966395,0.017816771031618026,0.030925112194137423,0.08771092061780736,0.13085396068477692,0.2825,False,False,2000,1.4845059604547728,1.35755757920922,5.908424954449995
533,2023-04-18 06:00:00,0.03500723994949252,0.01862001368329232,0.033327204390807864,0.08999653940924714,0.1448653069071032,0.204,False,False,2000,1.4943147896785411,2.342695139691639,6.022595776396438
534,2023-04-18 12:00:00,0.021747602254668645,0.018758227973947293,0.03186763098730888,0.09003411222651096,0.13061587586257697,0.29,False,False,2000,1.5024253033677768,1.4474997329930537,5.992584924168548
535,2023-04-18 18:00:00,0.009958385776334814,0.017697633127038592,0.030841067000224168,0.0858618199757056,0.12719835902304036,0.3365,False,False,2000,1.5023297378642197,0.6628628539625467,5.715244650470054
536,2023-04-19 00:00:00,0.0,0.01941064097079547,0.03311675729849588,0.09302089086843993,0.1329235428881352,1.0,False,False,2000,1.425886243735497,0.0,6.523724545146489
537,2023-04-19 06:00:00,0.0,0.017210498204577755,0.03112970407291774,0.08416571378090858,0.1368782109720871,1.0,False,False,2000,1.4220757397100052,0.0,5.918511330350938
538,2023-04-19 12:00:00,0.0,0.018987857814927903,0.03298010003267791,0.09287950911860206,0.13567878002052222,1.0,False,False,2000,1.4035371496946194,0.0,6.617531223794876
539,2023-04-19 18:00:00,0.0,0.017901598678131746,0.030784826395688764,0.08602476879323492,0.1217488544463623,1.0,False,False,2000,1.3492775332527884,0.0,6.375617074557641
540,2023-04-20 00:00:00,0.0,0.018093166673233275,0.03131186493873522,0.08792744894886417,0.12993999835693104,1.0,False,False,2000,1.3646127601463705,0.0,6.443399293689218
541,2023-04-20 06:00:00,0.0,0.017515775607515126,0.03140369605157864,0.08744954557080446,0.13467447239412197,1.0,False,False,2000,1.353752687176405,0.0,6.459787404241664
542,2023-04-20 12:00:00,0.0,0.017949115692539333,0.0313305390855704,0.08891167127803853,0.1317955092511202,1.0,False,False,2000,1.3546876552132292,0.0,6.563259872922053
543,2023-04-20 18:00:00,0.0,0.017641574288286697,0.0320043097829893,0.09258211287196447,0.13011682543251465,1.0,False,False,2000,1.3375010267370233,0.0,6.922021816897474
544,2023-04-21 00:00:00,0.0,0.018047305460188765,0.03103975541746799,0.08556434112994957,0.13465032010073366,1.0,False,False,2000,1.2849388430706532,0.0,6.65902051225054
545,2023-04-21 06:00:00,0.0,0.017671444227278593,0.030601954792151383,0.08494227149740671,0.13186071244255032,1.0,False,False,2000,1.1146622975188043,0.0,7.620448963464985
546,2023-04-21 12:00:00,0.0,0.017403586033770964,0.030896233779376774,0.08465846241447676,0.13074151001512005,1.0,False,False,2000,1.0722723217868002,0.0,7.895238988674502
547,2023-04-21 18:00:00,0.0,0.01776663535527127,0.03101403905506547,0.08713228958016725,0.13019791491281482,1.0,False,False,2000,1.0194578094085247,0.0,8.54692452949281
548,2023-04-22 00:00:00,0.0,0.017724045943618875,0.03136266767305236,0.08705517001426002,0.13416892302343106,1.0,False,False,2000,0.9865408907867684,0.0,8.824284003558468
549,2023-04-22 06:00:00,0.0,0.01828418653597811,0.03191347702694042,0.08794824036888979,0.1361601942479304,1.0,False,False,2000,0.9615434792112701,0.0,9.146569268092954
550,2023-04-22 12:00:00,0.0,0.017763746041196557,0.030880598773334957,0.08701043180368044,0.1336604104096382,1.0,False,False,2000,1.0457950378402072,0.0,8.32002721904053
551,2023-04-22 18:00:00,0.0,0.017997521286125077,0.03126590730069966,0.08624710321940357,0.13393952766066852,1.0,False,False,2000,1.0529558593090702,0.0,8.190951449379586
552,2023-04-23 00:00:00,0.00923691779985673,0.018723481806228237,0.03273326473489241,0.09155886815110433,0.1364932400133245,0.3545,False,False,2000,1.12573539913058,0.8205229938572173,8.133249449365847
553,2023-04-23 06:00:00,0.0017031329016280942,0.015910644419751215,0.029669096014803997,0.07974950664751121,0.13155034664934365,0.365,False,False,2000,1.1263295495204593,0.15121088693386514,7.080477173085353
554,2023-04-23 12:00:00,0.0,0.01703006082359815,0.030528833016600962,0.08441832691824776,0.12656596859418046,1.0,False,False,2000,1.1854209433047833,0.0,7.1213797423640575
555,2023-04-23 18:00:00,0.01401903449904367,0.01856786618958578,0.032133498665531814,0.08870124875270038,0.1405281524459799,0.329,False,False,2000,1.2119615196068318,1.1567227401404243,7.318817249369077
556,2023-04-24 00:00:00,0.016892688325611208,0.016397669954205968,0.029700034843069528,0.08044273708226528,0.12406080523321183,0.28,False,False,2000,1.2307104612413375,1.3725964682686336,6.536284497096736
557,2023-04-24 06:00:00,0.018100375695660576,0.0181769608362725,0.03160044647013051,0.08629910048719085,0.134667017583569,0.2975,False,False,2000,1.2965106480093291,1.3960838442362205,6.656258521262054
558,2023-04-24 12:00:00,0.022515265700310417,0.018126445409963544,0.032214519046514574,0.08916032990669565,0.13219265635680985,0.269,False,False,2000,1.311499518817343,1.7167574503278331,6.798350180646411
559,2023-04-24 18:00:00,0.012580750467944797,0.017914584352229392,0.03198829906378314,0.08891072577028244,0.13486261732406518,0.327,False,False,2000,1.2876062847954608,0.9770650094289713,6.9051174120671615
560,2023-04-25 00:00:00,0.011847480221216986,0.01821665832144481,0.03164959208871749,0.09063368766186544,0.13358126855043656,0.34,False,False,2000,1.2996164841526985,0.9116135695170949,6.973879507303667
561,2023-04-25 06:00:00,0.0,0.018147274943431144,0.03194614490448556,0.08885361046169196,0.13355842558656245,1.0,False,False,2000,1.3040681476856861,0.0,6.813571102045501
562,2023-04-25 12:00:00,0.0036909223648594796,0.017938995718702628,0.031193454888309297,0.08871469739304301,0.12917056365779017,0.3865,False,False,2000,1.2809773514541727,0.28813330389249453,6.925547691560166
563,2023-04-25 18:00:00,0.007161483205195779,0.01985203442205964,0.03316074551123938,0.09516702495053138,0.1403447268004238,0.3945,False,False,2000,1.2812599452173699,0.5589406920842134,7.427612586014776
564,2023-04-26 00:00:00,0.0026872915748339266,0.020823007439929268,0.033635024485777903,0.09305225968063544,0.14257982705467778,0.4355,False,False,2000,1.2866241148026347,0.20886376556420683,7.232280089426853
565,2023-04-26 06:00:00,0.0021454140977759904,0.019243621575655498,0.032143053000037614,0.08897713468578601,0.13456206085047248,0.421,False,False,2000,1.2920096894958089,0.16605247740929963,6.886723482740154
566,2023-04-26 12:00:00,0.013072924833693612,0.018719360612431953,0.032006974290254536,0.09117759463612085,0.12966874229638728,0.3335,False,False,2000,1.2677080915309182,1.0312251630346856,7.192317793445047
567,2023-04-26 18:00:00,0.019010252034986214,0.01928039844728826,0.032413067313166816,0.09035053247124268,0.13839368082882245,0.3075,False,False,2000,1.2724304725751947,1.4940110634502897,7.100626275350646
568,2023-04-27 00:00:00,0.013189611275926938,0.019898924444222112,0.033225121356842635,0.08921180067595658,0.1386991237489577,0.355,False,False,2000,1.3150848497190484,1.002947549638697,6.783729635012949
569,2023-04-27 06:00:00,0.01931501497976581,0.022183811617766783,0.03471375001121318,0.09653246892029411,0.1341823647064152,0.3435,False,False,2000,1.3105246687963519,1.4738383366339556,7.365940620480965
570,2023-04-27 12:00:00,0.0,0.021969355490328,0.034467151170847074,0.09755090715058588,0.1421660792952586,1.0,False,False,2000,1.2768494739570166,0.0,7.639969247766616
571,2023-04-27 18:00:00,0.0,0.02143064917487489,0.03436842576459275,0.0963537323823844,0.1421610729767361,1.0,False,False,2000,1.2703225671416207,0.0,7.58498155308631
572,2023-04-28 00:00:00,0.0,0.021421391333035004,0.0340727142284221,0.09595843542132923,0.13390014906008457,1.0,False,False,2000,1.3017766270655318,0.0,7.371344163525119
573,2023-04-28 06:00:00,0.013484356154253929,0.022573647041007835,0.03522546451488646,0.1023273755091872,0.13855766734336303,0.379,False,False,2000,1.339457620487429,1.0067027092165088,7.639463462229604
574,2023-04-28 12:00:00,0.017654087803954166,0.022806533073696462,0.03419908679993128,0.09632540528199075,0.13694404027384668,0.3695,False,False,2000,1.3923500041299002,1.2679346250288885,6.91818903266251
575,2023-04-28 18:00:00,0.05429946710811043,0.021319875606911454,0.03360411097346162,0.09418284567230846,0.13397499474899358,0.158,False,False,2000,1.4464861042333161,3.753887918397314,6.511147628495772
576,2023-04-29 00:00:00,0.03685409902918687,0.021881630546861045,0.034325527520784334,0.09504396717972662,0.14397144499277634,0.246,False,False,2000,1.5143171127479635,2.433710794056166,6.276358259417314
577,2023-04-29 06:00:00,0.02184509694851873,0.021432967823094885,0.03326283868270957,0.09627718575044632,0.12763552010394752,0.33,False,False,2000,1.5596193840319887,1.4006684689981177,6.17312061751546
578,2023-04-29 12:00:00,0.02265747621513104,0.02098937103205939,0.03309673946694205,0.09502070449509135,0.1269364203760077,0.314,False,False,2000,1.6051273094822225,1.4115687946546636,5.919823551300916
579,2023-04-29 18:00:00,0.016867885520627294,0.02196389461469414,0.033985172785890964,0.09607270767070074,0.13690789315208365,0.363,False,False,2000,1.6184350637468639,1.042234310073349,5.936148432689127
580,2023-04-30 00:00:00,0.0103323649249463,0.022562357973365758,0.03611963535345018,0.10107243504474041,0.14803115225159752,0.3935,False,False,2000,1.6145946948459273,0.6399355180547194,6.259926120616001
581,2023-04-30 06:00:00,0.019438959703804028,0.022194216682531243,0.03359148286398609,0.09584265588819131,0.1368613599069294,0.351,False,False,2000,1.5682242792826429,1.239552273268977,6.111540112874217
582,2023-04-30 12:00:00,0.024626125467558175,0.021677019209382153,0.03446751009398816,0.09779628279442093,0.14231552190244723,0.296,False,False,2000,1.5667810799191277,1.5717655633695358,6.241860081656645
583,2023-04-30 18:00:00,0.026655012762814997,0.02178882217004058,0.033700282965526206,0.09378316778358341,0.13269270288327292,0.301,False,False,2000,1.5765642992757607,1.6907025469915644,5.94857868002373
584,2023-05-01 00:00:00,0.0063655887799124325,0.02173952011650946,0.0334596192293903,0.09621175807945183,0.1375492141551652,0.439,False,False,2000,1.5799850925497336,0.4028891671148511,6.089409231335728
585,2023-05-01 06:00:00,0.007562196866575241,0.02122495682019954,0.03369196714324937,0.09464405222222322,0.13490787306970806,0.411,False,False,2000,1.5625587425824008,0.483962404771893,6.056991628091205
586,2023-05-01 12:00:00,0.01830281947159139,0.02222231814119363,0.03460835360090009,0.0965213566259096,0.1425324584246198,0.353,False,False,2000,1.549213329652665,1.1814266712832182,6.230346381511563
587,2023-05-01 18:00:00,0.031864451144757965,0.02176120445977867,0.033303584756350244,0.09573752672747878,0.12824156572619627,0.2715,False,False,2000,1.5710473610384343,2.0282298252101154,6.0938663659508
588,2023-05-02 00:00:00,0.029078389915091755,0.021779703175831056,0.0332357181528759,0.09090383131974572,0.1304249726463744,0.283,False,False,2000,1.575376476972425,1.8458057702483224,5.770292539497966
589,2023-05-02 06:00:00,0.00451998521537615,0.02085492742654562,0.03315321717344893,0.08936238453278048,0.13757130238144352,0.429,False,False,2000,1.5946382381933264,0.2834489420307108,5.603928363967063
590,2023-05-02 12:00:00,0.0,0.02376965456952628,0.035409100124353776,0.10055168387139349,0.14467113313475863,1.0,False,False,2000,1.6016436603096225,0.0,6.278030898080994
591,2023-05-02 18:00:00,0.0,0.022099232426927216,0.0346516485335229,0.10001143646247264,0.13785239335352056,1.0,False,False,2000,1.64897292540423,0.0,6.065074503145999
592,2023-05-03 00:00:00,0.0,0.02250489674467069,0.0343382227898753,0.09592364052775323,0.14179639600056546,1.0,False,False,2000,1.6459110404085227,0.0,5.827996664020466
593,2023-05-03 06:00:00,0.0,0.02353832133941639,0.034648184006000206,0.09421935151868288,0.13857425374163154,1.0,False,False,2000,1.648539513464573,0.0,5.715322608232262
594,2023-05-03 12:00:00,0.0017818707223541275,0.025146467080192737,0.03649731277064163,0.10377257827214702,0.1446265745910404,0.511,False,False,2000,1.645501153853659,0.10828741858862267,6.3064421455505055
595,2023-05-03 18:00:00,0.0,0.024374783267619812,0.03518674058661577,0.09875112410877475,0.13483620065499016,1.0,False,False,2000,1.7990014483247043,0.0,5.489218710787331
596,2023-05-04 00:00:00,0.0018339008674553101,0.02409552690553569,0.03468813412792693,0.09570732582335528,0.13823652435102562,0.4915,False,False,2000,1.7934410809793888,0.10225598637752997,5.3365190994225475
597,2023-05-04 06:00:00,0.010001567618737295,0.025259044219557936,0.03590930743277496,0.09999674075214239,0.1402567652569817,0.449,False,False,2000,1.8209150870649211,0.5492605168568582,5.491565282888844
598,2023-05-04 12:00:00,0.024637741359712417,0.027307464069908038,0.037353831725945544,0.10636731145026361,0.1432794851050227,0.3805,False,False,2000,1.8311158598772108,1.3455042304840585,5.808879371368467
599,2023-05-04 18:00:00,0.03651892557292256,0.027225232103223716,0.03772961657102712,0.10666453318662646,0.14562999367038884,0.304,False,False,2000,1.8627831230110774,1.9604496691966966,5.726084366397395
600,2023-05-05 00:00:00,0.04496418573572643,0.028600045163457335,0.03847833028504751,0.10910310990536183,0.15042793437110266,0.2725,False,False,2000,1.8592208180206622,2.4184424625578136,5.868216881387638
601,2023-05-05 06:00:00,0.0464838410964463,0.029723475217712066,0.0383888050475483,0.10942150100393762,0.14572465084513334,0.2785,False,False,2000,1.8769533223695303,2.476558183011366,5.829740127250483
602,2023-05-05 12:00:00,0.06664268605029254,0.028273728077703352,0.03720512294550595,0.10657955655280582,0.14620680850271614,0.162,False,False,2000,1.8630401795539253,3.577093332804505,5.720733117968748
603,2023-05-05 18:00:00,0.08625193785915304,0.029101881267600875,0.03851467624437693,0.11070796082464386,0.15535372207501302,0.1025,False,False,2000,1.8326421932455128,4.706425410101761,6.04089337420448
604,2023-05-06 00:00:00,0.08755507326499432,0.02970668092740042,0.03761334367787673,0.10678917754880922,0.14400446569541842,0.0925,False,False,2000,1.7899502610589457,4.8914807952929475,5.966041619817529
605,2023-05-06 06:00:00,0.06715684050008514,0.030517606983859687,0.03943040758671746,0.11254092606006547,0.14665046948246704,0.1805,False,False,2000,1.8030820164979156,3.724558277749468,6.241586629467422
606,2023-05-06 12:00:00,0.06669445663042413,0.030244657191131296,0.03812679446157048,0.10790759616900711,0.15037158147866522,0.1835,False,False,2000,1.782655304672111,3.7412985256110085,6.053194685825977
607,2023-05-06 18:00:00,0.046183989175754794,0.032618980876900426,0.041397462228940946,0.11747864574715927,0.16050439320390422,0.3015,False,False,2000,1.787241326153559,2.584093625182137,6.573183152607203
608,2023-05-07 00:00:00,0.03199783449836977,0.03186051491501034,0.04026585952249608,0.11448600571917834,0.16198599337124128,0.3865,False,False,2000,1.7133315143006158,1.8675798718049803,6.6820696849151044
609,2023-05-07 06:00:00,0.03613634248423201,0.03320662827853211,0.041902045279870265,0.12102659320453535,0.15982478371203906,0.3705,False,False,2000,1.7089693915817237,2.114510807638649,7.0818467434644985
610,2023-05-07 12:00:00,0.06363227675816727,0.030444775084486727,0.037978655205154165,0.10790292588250588,0.1449419111576595,0.1915,False,False,2000,1.6881715222623774,3.769301633100139,6.391703950668556
611,2023-05-07 18:00:00,0.08141130906914622,0.03474500540051238,0.04231932882711296,0.1195139735081576,0.16805316415672852,0.154,False,False,2000,1.7268185620024583,4.714525941552296,6.921049850747867
612,2023-05-08 00:00:00,0.10238471927000378,0.035067953997577804,0.0434336843343426,0.1245745352445761,0.16811810154493292,0.091,False,False,2000,1.7140246560601948,5.973351603082665,7.267954682222562
613,2023-05-08 06:00:00,0.10122859145793751,0.03364281455124355,0.040603191941420744,0.11943339705968122,0.1535787188445143,0.0775,False,False,2000,1.6852211737401341,6.006843080025723,7.087105177690948
614,2023-05-08 12:00:00,0.10325118797772675,0.033144816173759827,0.04095867492325778,0.11795844922712603,0.15820797322559035,0.077,False,False,2000,1.687188148358034,6.11971984738101,6.991422346222785
615,2023-05-08 18:00:00,0.09809363163229612,0.033889625424239206,0.041483022396815866,0.11978023600826833,0.1558386320118098,0.1045,False,False,2000,1.6739359249063752,5.86005892894512,7.155604597886131
616,2023-05-09 00:00:00,0.11999085634731102,0.03811134667330412,0.04417915704613934,0.12637081164444355,0.1683206804518993,0.062,False,False,2000,1.6401028429507634,7.316056847473754,7.705054118257952
617,2023-05-09 06:00:00,0.14124681909043524,0.040291282880345905,0.045774540274720436,0.1319314959558106,0.17360186846654632,0.033,True,False,2000,1.5994297321545456,8.83107374152447,8.248658462669036
618,2023-05-09 12:00:00,0.16317774782456718,0.04288415407516264,0.04766437735864404,0.1398109081340585,0.17997016762277115,0.0225,True,False,2000,1.5452438547635592,10.559999790423715,9.047821656307525
619,2023-05-09 18:00:00,0.17034372552250454,0.04962747055250744,0.05064472433157728,0.14614361226253522,0.1961758641810577,0.024,True,False,2000,1.516311457210067,11.234085498234512,9.638099848657196
620,2023-05-10 00:00:00,0.17704938790810335,0.053771963449180636,0.05215381316601321,0.1523124932796944,0.20055345812543998,0.022,True,False,2000,1.4518911310461808,12.194398334848144,10.490627707736149
621,2023-05-10 06:00:00,0.1712453786543261,0.05549580574916114,0.05371363617103702,0.1554095590720971,0.20808283794474405,0.033,True,False,2000,1.448055749541057,11.825882995775553,10.73229115117648
622,2023-05-10 12:00:00,0.17145837656305188,0.0579275710052127,0.055694269778505376,0.163248179491208,0.20713823275876753,0.038,True,False,2000,1.4514854588861024,11.812614140456654,11.24697312617157
623,2023-05-10 18:00:00,0.15056958386715333,0.05772434045359695,0.05507423348192848,0.16373916007604408,0.20882245948875672,0.0775,False,False,2000,1.450646578726991,10.379480851861592,11.287322665437415
624,2023-05-11 00:00:00,0.16571634981738026,0.06181381145301876,0.05631788283783518,0.1670189060549153,0.2123732277259408,0.052,False,False,2000,1.4342154811066499,11.554494565175972,11.645314686328893
625,2023-05-11 06:00:00,0.16701232173904418,0.06342537888083451,0.058081533065182815,0.16715950191158868,0.22019698509319707,0.0515,False,False,2000,1.4244223136036211,11.724916139267899,11.735248761211468
626,2023-05-11 12:00:00,0.1825489667955093,0.0661001724406288,0.05972723671577973,0.1793535983042307,0.23339249065634837,0.047,True,False,2000,1.4021541763635341,13.019179336536821,12.79128938369542
627,2023-05-11 18:00:00,0.19270611609438706,0.06617030690753062,0.05954340828755554,0.17391297797598995,0.22504919744557778,0.0295,True,False,2000,1.342716708761228,14.351956361083426,12.952320980383098
628,2023-05-12 00:00:00,0.20952409432280097,0.07310158970933392,0.06408789777384646,0.18850275545255654,0.25259422775831275,0.0285,True,False,2000,1.311186389184977,15.979733777822346,14.37650337186068
629,2023-05-12 06:00:00,0.2268040069289223,0.073446518961862,0.06432340104994279,0.19444789801886125,0.249004858935576,0.0185,True,False,2000,1.343170308134115,16.88572220182491,14.476786513318734
630,2023-05-12 12:00:00,0.24245829292712515,0.07621910102400199,0.06640313897918629,0.19713645860651322,0.2551274080198105,0.014,True,False,2000,1.3259410800383664,18.285751650451132,14.867663546619209
631,2023-05-12 18:00:00,0.2563541637266969,0.076056435763761,0.06721053833054845,0.19783251214946576,0.25096907372827715,0.0095,True,True,2000,1.3046607806471382,19.64910477339098,15.163521053444775
632,2023-05-13 00:00:00,0.303229049790071,0.0821671911009866,0.0674424746882596,0.20192136139954237,0.25576510756841175,0.0015,True,True,2000,1.292836139567634,23.45456168107124,15.618480580769607
633,2023-05-13 06:00:00,0.31922895870018253,0.08642059594334177,0.07190071178967107,0.21405458188236975,0.26763049224565166,0.001,True,True,2000,1.2829741405925303,24.88194801438082,16.684247570532523
634,2023-05-13 12:00:00,0.316274598692859,0.09068419872015199,0.07248500575884964,0.21725469601704314,0.28512113095427044,0.0035,True,True,2000,1.2530339677932445,25.240704308268647,17.33829262423403
635,2023-05-13 18:00:00,0.30683619433237147,0.09087605995747672,0.0729097961881549,0.22238461500333181,0.27156136892624244,0.0015,True,True,2000,1.241443979647031,24.71607252222622,17.913383016006932
636,2023-05-14 00:00:00,0.31330388240170104,0.09923272823332659,0.07618670764188055,0.2311322344805309,0.2956300227032024,0.005,True,True,2000,1.2188928559815226,25.703972327363484,18.96247347306092
637,2023-05-14 06:00:00,0.3169368588189925,0.10456874980276419,0.0808448496194015,0.24682197535347578,0.31143472370966535,0.007,True,True,2000,1.2110091330232269,26.17130211295555,20.38151229605481
638,2023-05-14 12:00:00,0.3188232874984032,0.10621479754062474,0.0822390487249304,0.2550723626569236,0.3218854762944943,0.011,True,False,2000,1.2269652336575105,25.984704272998016,20.788882656158727
639,2023-05-14 18:00:00,0.3291196440804716,0.11295319836225667,0.08469000318061229,0.2633270131505448,0.3293620271320428,0.0105,True,False,2000,1.240761686097309,26.525613078502154,21.223012936417582
640,2023-05-15 00:00:00,0.3248001659446773,0.11249691103843688,0.08328801098682735,0.25786305605909404,0.31137818219572383,0.0075,True,True,2000,1.1855502892474337,27.396574307350107,21.750494972489186
641,2023-05-15 06:00:00,0.32484258449916736,0.113454024077316,0.08428762893727458,0.26023142005970606,0.31457668313068754,0.007,True,True,2000,1.198183712303001,27.11125023347171,21.718824700055496
642,2023-05-15 12:00:00,0.31808894398564597,0.11639394983328333,0.08484227433217811,0.26577980034570403,0.32568410113161506,0.0135,True,False,2000,1.2239123825542662,25.989519227005815,21.715590440471733
643,2023-05-15 18:00:00,0.3300315070962114,0.11743296633877046,0.08549625120676953,0.26477935857697293,0.32718123576040653,0.009,True,True,2000,1.2355911737205834,26.710413129807993,21.42936629918418
644,2023-05-16 00:00:00,0.327579443680923,0.12484425058088083,0.08720795290899806,0.27474716209644123,0.33746564454003763,0.013,True,False,2000,1.202622793203153,27.238752294759365,22.845663964563624
645,2023-05-16 06:00:00,0.3622923199096866,0.12239316258177439,0.08783238416008697,0.27320624695274853,0.33829262472183813,0.004,True,True,2000,1.2008352108657743,30.170028046436297,22.751352098992268
646,2023-05-16 12:00:00,0.38142599610516686,0.12543996262751128,0.09281597737357115,0.2873158987956179,0.3480133947645468,0.0035,True,True,2000,1.1945067910143596,31.931672467200027,24.053098815087772
647,2023-05-16 18:00:00,0.3776512694820616,0.1250539857696715,0.09084152493449237,0.28803775163981765,0.3444601632380444,0.0035,True,True,2000,1.2013760437304855,31.43489263439843,23.97565301413947
648,2023-05-17 00:00:00,0.40330687620409156,0.13128476271080614,0.09315310461964271,0.29422479023604736,0.36680243086522696,0.002,True,True,2000,1.2244170153661058,32.938686014870605,24.029786138513675
