window_idx,timestamp,te_bits,surr_mean,surr_std,surr_p95,surr_p99,p_value,sig95,sig99,n_valid_surrogates,h_target_bits,pct_h,surr_p95_pct
0,2022-12-06 00:00:00,0.028723534280802626,0.029744118858838823,0.04169050728074028,0.11890688950173162,0.16110339186614556,0.3615,False,False,2000,1.8028594370846331,1.5932209516705784,6.59546091369239
1,2022-12-06 06:00:00,0.02076137900724821,0.03089806392918563,0.04181732605865305,0.12091341076397515,0.1604677471935398,0.4255,False,False,2000,1.813528830685532,1.1448055666917742,6.667300167390704
2,2022-12-06 12:00:00,0.02199773562204376,0.027236368067411455,0.04015938162708733,0.11262113784578574,0.16284064525592892,0.375,False,False,2000,1.8245915252756937,1.205625221717498,6.172402769916889
3,2022-12-06 18:00:00,0.03556944860708091,0.02927133250301433,0.04096505780183245,0.11600179749900545,0.1601028014783306,0.322,False,False,2000,1.8198242171696162,1.9545540866799924,6.374340796465702
4,2022-12-07 00:00:00,0.03090652636030225,0.029894062239069603,0.04215487919564122,0.11533292300322637,0.17478226088292112,0.3475,False,False,2000,1.8044761681785764,1.7127699941584182,6.3914905077212785
5,2022-12-07 06:00:00,0.03492600432127046,0.028956766232374215,0.040760115533871114,0.11375017052876743,0.16647908041503898,0.321,False,False,2000,1.8060365433942356,1.9338481521326858,6.298331611551293
6,2022-12-07 12:00:00,0.05295372381203488,0.028607493386058527,0.041730558695892775,0.11762393327486582,0.16716436391710693,0.229,False,False,2000,1.7831195671032407,2.9697236679456456,6.59652529448439
7,2022-12-07 18:00:00,0.044722883877868845,0.030534901687820786,0.041918474289460196,0.12176334016308303,0.15780211598459765,0.282,False,False,2000,1.7885595615769692,2.50049731854816,6.807899651702097
8,2022-12-08 00:00:00,0.045631021746704525,0.027495056302411756,0.03956053745583484,0.11230145558328547,0.15782525631951963,0.253,False,False,2000,1.799667297449994,2.535525416912369,6.240123146228694
9,2022-12-08 06:00:00,0.008855883263251577,0.027102598906254632,0.039136421814873645,0.11013025392462669,0.15465065495688762,0.46,False,False,2000,1.7995878272718877,0.49210619948884554,6.119748770004758
10,2022-12-08 12:00:00,0.0,0.026741973160679333,0.03947974612763142,0.11028012078817649,0.16277985981280094,1.0,False,False,2000,1.8274307444488318,0.0,6.034708627025856
11,2022-12-08 18:00:00,0.0,0.027477980811271927,0.03952425478573529,0.1115546360658849,0.15617839279880924,1.0,False,False,2000,1.8353271474250372,0.0,6.078188088831791
12,2022-12-09 00:00:00,0.03792753208203379,0.028681723152815933,0.040181294076868164,0.11559268593903196,0.15566832411144593,0.2955,False,False,2000,1.791540412935277,2.1170346930602006,6.452139460791945
13,2022-12-09 06:00:00,0.03707843716283884,0.028816700059746878,0.03961530143708456,0.11074568417031093,0.16086036726966643,0.3175,False,False,2000,1.8190543966898103,2.0383358095454223,6.088090843893305
14,2022-12-09 12:00:00,0.034022112463948276,0.02897674988249878,0.0410131750690738,0.11400529999591805,0.16821121530009375,0.3275,False,False,2000,1.8078303562957778,1.8819305885348205,6.306194582854195
15,2022-12-09 18:00:00,0.031209302642985094,0.03199193018683942,0.04088080612698312,0.11464229436814623,0.15901708292633113,0.387,False,False,2000,1.8102428343119847,1.7240395626173959,6.332978769211264
16,2022-12-10 00:00:00,0.016615290118767164,0.02780269433574041,0.03991826302360536,0.10982140744626415,0.1611134402573673,0.4125,False,False,2000,1.8304812625471165,0.9077006391011602,5.999592003113299
17,2022-12-10 06:00:00,0.0,0.028778334358337133,0.04006107271481856,0.11166852902312757,0.16124611030222405,1.0,False,False,2000,1.8344032349719832,0.0,6.087458138659088
18,2022-12-10 12:00:00,0.0,0.03050572675861499,0.04216763980650671,0.1187631864612127,0.16728990695805548,1.0,False,False,2000,1.8216934210105484,0.0,6.519383837667436
19,2022-12-10 18:00:00,0.005681516984023303,0.02948851629343403,0.039924926659293807,0.11123481018123559,0.15708406567421956,0.5145,False,False,2000,1.8317471305750395,0.31016928533359883,6.072607311595226
20,2022-12-11 00:00:00,0.006395286590027889,0.02981405236570171,0.04133053309153385,0.11722617622217216,0.15376040521792678,0.5035,False,False,2000,1.8372020986896962,0.34809924257048513,6.380690306514378
21,2022-12-11 06:00:00,0.0,0.03008500902082592,0.03929952091710234,0.10900333541301356,0.15906918279760485,1.0,False,False,2000,1.8784685548870956,0.0,5.80277668899095
22,2022-12-11 12:00:00,0.0,0.030849313991361278,0.04210804803602276,0.11964620601562213,0.16753146848184236,1.0,False,False,2000,1.8655884614936435,0.0,6.4133225781118925
23,2022-12-11 18:00:00,0.0012343322405375945,0.02949985706526889,0.04116258683476072,0.11801262135472597,0.16902149610473946,0.553,False,False,2000,1.8887285001669405,0.06535255016422395,6.248257562921039
24,2022-12-12 00:00:00,0.0003496731279695713,0.030163708850629554,0.04067067722944791,0.11471503858580966,0.16231694355796922,0.5595,False,False,2000,1.9034414077153363,0.018370574820544498,6.026717613729959
25,2022-12-12 06:00:00,0.0,0.030640151940185108,0.040569923012884264,0.11822948214888371,0.16050382928004056,1.0,False,False,2000,1.924874908235972,0.0,6.142190416790963
26,2022-12-12 12:00:00,0.0,0.03009853220571409,0.041050226424668594,0.11259230089158327,0.16624772148413422,1.0,False,False,2000,1.9499759699357138,0.0,5.774035302357864
27,2022-12-12 18:00:00,0.0037337038262360437,0.030998076607190322,0.04189102212055332,0.1188915556144873,0.16216349832367843,0.534,False,False,2000,1.9489510767950688,0.1915750410921495,6.100284251875487
28,2022-12-13 00:00:00,0.020061874180687087,0.03409918488330656,0.04289962559961754,0.11777683371283722,0.1688507792366061,0.471,False,False,2000,1.9715196705696827,1.0175842767467842,5.973911164619771
29,2022-12-13 06:00:00,0.013460681153407634,0.03252499161923972,0.042122280140194375,0.11852804329142956,0.1671148463854695,0.5015,False,False,2000,2.0009362672600566,0.6727191352196219,5.923629114571133
30,2022-12-13 12:00:00,0.019107856533156192,0.031036122013576604,0.04113071897594307,0.11456186985118988,0.17076468959976282,0.4545,False,False,2000,1.9998312949571,0.9554734232502393,5.728576712449509
31,2022-12-13 18:00:00,0.025879558600844774,0.03465013212122214,0.044325313656324423,0.1212964020670745,0.17566108668614117,0.432,False,False,2000,2.0224410514954854,1.279619921762775,5.997524722779059
32,2022-12-14 00:00:00,0.014908665791772508,0.032056336696132164,0.04246910197544045,0.11994478766141939,0.17166968643918365,0.4815,False,False,2000,2.014452148508524,0.7400853776949085,5.954213792083622
33,2022-12-14 06:00:00,0.0229327524163739,0.0329752195544651,0.04333450241631227,0.12468551256272312,0.16875194713134326,0.435,False,False,2000,1.9941790053724167,1.1499846480477396,6.252473435274075
34,2022-12-14 12:00:00,0.01395797449425842,0.03321507404292322,0.04398029879741027,0.12507145108472414,0.17401707204749503,0.4875,False,False,2000,2.0005434919642617,0.6977091250614895,6.251873632695733
35,2022-12-14 18:00:00,0.012872337718953599,0.029024827070163822,0.03911018696275133,0.10996012793271433,0.15537561148331105,0.473,False,False,2000,2.0015713119812046,0.643111621449662,5.493690245983446
36,2022-12-15 00:00:00,0.025760258228470487,0.030412529101185356,0.04080965956215998,0.11413078049981842,0.15894946368448967,0.397,False,False,2000,2.025400054069722,1.2718602518405837,5.6349746940359084
37,2022-12-15 06:00:00,0.03033131021664539,0.03264408357286018,0.04168823301132904,0.11724245686951011,0.16157263521187773,0.393,False,False,2000,2.0369606137386733,1.4890474568860106,5.75575472980409
38,2022-12-15 12:00:00,0.03511318155403705,0.03421337118913023,0.043991766054560684,0.12464907759863995,0.17315850079247672,0.373,False,False,2000,2.011400413086189,1.7457081805089818,6.197128964858114
39,2022-12-15 18:00:00,0.015460946272041365,0.03292684665562784,0.044234371154197406,0.12477644774947487,0.172516324844304,0.4775,False,False,2000,2.0072116723455724,0.7702698467259373,6.216407042096589
40,2022-12-16 00:00:00,0.019503216777620264,0.033631811639753505,0.044481732941135,0.1280900516234833,0.17433589493759682,0.447,False,False,2000,2.0161369157288176,0.9673557696139901,6.353241718069517
41,2022-12-16 06:00:00,0.029886286223482147,0.03482981630686305,0.04562033314108611,0.13187945471062815,0.1768620454149576,0.3935,False,False,2000,2.007446988594158,1.4887708812879743,6.5695111980508685
42,2022-12-16 12:00:00,0.04941244085252762,0.03464736698904629,0.04569796231729961,0.12904899261041075,0.18725395948463736,0.295,False,False,2000,1.9922525962085254,2.4802297131681446,6.4775416960683145
43,2022-12-16 18:00:00,0.05874101801317823,0.030628250941288362,0.04042633448382259,0.1128202260588101,0.16092036955633915,0.224,False,False,2000,1.969761325499696,2.9821388638685247,5.727608954358441
44,2022-12-17 00:00:00,0.034365102907390754,0.030970249025396555,0.04185518332349853,0.11812218626883736,0.16832782087404213,0.35,False,False,2000,1.974644917322236,1.7403181000254144,5.9819456770496116
45,2022-12-17 06:00:00,0.03779054117717135,0.031052418444259194,0.041277813939635914,0.11540540708980453,0.16714451315682896,0.3345,False,False,2000,1.9240669030592146,1.9640970444990975,5.997993464068896
46,2022-12-17 12:00:00,0.031817371189486326,0.0347420466415824,0.0438485244184187,0.12914613523845037,0.16627532712299478,0.4005,False,False,2000,1.9107459889230998,1.6651805825544954,6.7589379220017305
47,2022-12-17 18:00:00,0.04108601666960276,0.03124792091836253,0.041997798490449115,0.116632109090139,0.16483151839841542,0.315,False,False,2000,1.9390300185797948,2.1188953381802422,6.014971814390163
48,2022-12-18 00:00:00,0.020783467318508626,0.03527019039345528,0.04436072101603686,0.12230434784464357,0.1694837522090293,0.4635,False,False,2000,1.923279559802283,1.0806264337694726,6.359156016674805
49,2022-12-18 06:00:00,0.017320346905401924,0.03523701388677936,0.04317777862547626,0.12073710662026861,0.1685583214166654,0.504,False,False,2000,1.9288517271092693,0.8979615520452459,6.259532805106531
50,2022-12-18 12:00:00,0.044993136405930285,0.04025422189113033,0.047761094860820086,0.13245601651434008,0.1868011720704703,0.374,False,False,2000,1.935497751408806,2.3246287097559675,6.843511774577276
51,2022-12-18 18:00:00,0.04491145735254854,0.034779871048062246,0.04378327669838357,0.12074320392252474,0.17503055533243286,0.329,False,False,2000,1.9271112982723402,2.3305066704145094,6.265502362565738
52,2022-12-19 00:00:00,0.0454578666806354,0.03517970762910643,0.04328089025282919,0.12467822118290557,0.17463105933187148,0.3295,False,False,2000,1.8517884080814428,2.4548089016137817,6.732854609025188
53,2022-12-19 06:00:00,0.00509117085417679,0.036407205717785024,0.04490896971952103,0.13037214903247474,0.1816066777479375,0.5855,False,False,2000,1.833895301128997,0.2776151316295169,7.109029013391005
54,2022-12-19 12:00:00,0.007002168811582356,0.03669554292890152,0.045557327697577754,0.1322418230519064,0.17975591255534887,0.577,False,False,2000,1.8188014225353837,0.38498808747474095,7.270822499553753
55,2022-12-19 18:00:00,0.019963550785148856,0.03579340562386214,0.044614303293016105,0.12974989616744856,0.1722775099864962,0.4845,False,False,2000,1.8106534173326525,1.1025605780789334,7.1659156261162575
56,2022-12-20 00:00:00,0.008930466410192418,0.03478159948222192,0.045088426473596725,0.1287695881893169,0.1796873972878886,0.5255,False,False,2000,1.8470942291704127,0.48348732128319016,6.971468274639747
57,2022-12-20 06:00:00,0.0,0.034651171253079746,0.044645783847641105,0.128007614649161,0.17695127194184138,1.0,False,False,2000,1.8134752145900725,0.0,7.05869115934383
58,2022-12-20 12:00:00,0.0,0.03408825435202453,0.042883155755770404,0.12029617075191239,0.17072456913364162,1.0,False,False,2000,1.7829835835434955,0.0,6.746902880218123
59,2022-12-20 18:00:00,0.0,0.03535236855982735,0.04325911577548801,0.12216685424712243,0.16232952730933742,1.0,False,False,2000,1.772924281730707,0.0,6.890697787040552
60,2022-12-21 00:00:00,0.0,0.03582204386239383,0.04466177736721884,0.12917632611997737,0.17038811052457273,1.0,False,False,2000,1.8195506710277929,0.0,7.09935305330138
61,2022-12-21 06:00:00,0.0,0.03637053201733544,0.04588720534445814,0.1278766156774284,0.18156434686587486,1.0,False,False,2000,1.8239315319738176,0.0,7.011042543852684
62,2022-12-21 12:00:00,0.0,0.03685759252829144,0.045209171015538105,0.12982933215871226,0.17560702598356573,1.0,False,False,2000,1.7620285995785405,0.0,7.368173943928386
63,2022-12-21 18:00:00,0.0,0.03718940424693892,0.04671444063990114,0.12814107793526455,0.184992958536197,1.0,False,False,2000,1.738373006740092,0.0,7.371322347875322
64,2022-12-22 00:00:00,0.0,0.03793909279249033,0.04699592399103342,0.13609962610099524,0.18135103565791078,1.0,False,False,2000,1.780938702570152,0.0,7.642016308847902
65,2022-12-22 06:00:00,0.010404344788705767,0.03722044025514978,0.04696564714298626,0.1307107107675476,0.19576116012763525,0.548,False,False,2000,1.7668095462742568,0.5888775511002775,7.398121152513728
66,2022-12-22 12:00:00,0.0014986285627966898,0.037557474457140146,0.04646586110766254,0.13024739570282465,0.18529233524803057,0.606,False,False,2000,1.7783087506090554,0.08427268674708048,7.324228464726164
67,2022-12-22 18:00:00,0.0,0.03430783754280656,0.04498153280185852,0.12613575411098432,0.1800821355724655,1.0,False,False,2000,1.8021255925512252,0.0,6.999276556103785
68,2022-12-23 00:00:00,0.0,0.034234234378158764,0.04437271265467266,0.12732973796448405,0.17156985791995588,1.0,False,False,2000,1.8048636862631358,0.0,7.054811891534745
69,2022-12-23 06:00:00,0.0,0.03811835128904389,0.04657733913547189,0.1337824249364859,0.17468159469523353,1.0,False,False,2000,1.7877020235417513,0.0,7.483485680205219
70,2022-12-23 12:00:00,0.0,0.03564326661995417,0.044483046383237274,0.13109961693381236,0.16769552329580548,1.0,False,False,2000,1.7854801470240103,0.0,7.342541285173383
71,2022-12-23 18:00:00,0.0,0.03482251820083173,0.044969039850857866,0.12718471759230457,0.17966883348257728,1.0,False,False,2000,1.832085049086898,0.0,6.942074968391494
72,2022-12-24 00:00:00,0.0,0.033568027361974784,0.044421573605859486,0.12376592604515012,0.17750827265747007,1.0,False,False,2000,1.9161429715063112,0.0,6.459117502482381
73,2022-12-24 06:00:00,0.0,0.03199287397740192,0.04209774120933369,0.1238130138773365,0.15951195992435302,1.0,False,False,2000,1.880852431342594,0.0,6.582813824950426
74,2022-12-24 12:00:00,0.0,0.03139320910856718,0.04223792787550929,0.12075837563927208,0.16335273990174162,1.0,False,False,2000,1.8581414480591216,0.0,6.498879607115347
75,2022-12-24 18:00:00,0.0,0.03065966382772946,0.044260986673714635,0.12324694346035522,0.18228124443547802,1.0,False,False,2000,1.8574130240955937,0.0,6.635408595800402
76,2022-12-25 00:00:00,0.0,0.031253189951966,0.042806380846961055,0.11978868401025101,0.17017050992384758,1.0,False,False,2000,1.8682561035406267,0.0,6.411791391085699
77,2022-12-25 06:00:00,0.0,0.029112370543838074,0.04013514136206544,0.11074161848738387,0.1596015107159171,1.0,False,False,2000,1.883029887300588,0.0,5.881033500011898
78,2022-12-25 12:00:00,0.0,0.033095039682399775,0.042967304720529724,0.12085308177208919,0.15897029182193875,1.0,False,False,2000,1.8931065222239023,0.0,6.383850055628069
79,2022-12-25 18:00:00,0.0,0.03257377920219521,0.042962999259043226,0.12043137880579866,0.1649321692008942,1.0,False,False,2000,1.9022566349856094,0.0,6.330974306561413
80,2022-12-26 00:00:00,0.0,0.03541379013724153,0.045248802705747666,0.1265748896215247,0.18509690850695507,1.0,False,False,2000,1.9287502617795322,0.0,6.562533892010586
81,2022-12-26 06:00:00,0.0,0.03550328605115634,0.04548014776921459,0.1291267890401491,0.17801728807515468,1.0,False,False,2000,1.9128200537608508,0.0,6.750597829956309
82,2022-12-26 12:00:00,0.0,0.03363008410701812,0.0435027517414928,0.12511476831846294,0.16755717411622045,1.0,False,False,2000,1.9274340524729918,0.0,6.491260655996743
83,2022-12-26 18:00:00,0.0,0.03390499897699081,0.044047554589583766,0.12257962699793608,0.1883929217553637,1.0,False,False,2000,1.919681589605428,0.0,6.385414521953671
84,2022-12-27 00:00:00,0.0,0.034947568827204,0.043125698250574634,0.12439763249595731,0.17141109766837653,1.0,False,False,2000,1.92934720514857,0.0,6.4476540129218485
85,2022-12-27 06:00:00,0.0,0.036372010468987026,0.04526530498060384,0.1268387340612947,0.17736243428085754,1.0,False,False,2000,1.9255160263817233,0.0,6.587259328069056
86,2022-12-27 12:00:00,0.0,0.03434966282250839,0.04302802739046157,0.122729020501049,0.16097474622429814,1.0,False,False,2000,1.9368137697373682,0.0,6.336645392483504
87,2022-12-27 18:00:00,0.0026406474551382646,0.040552990917850536,0.047002977390311895,0.1344923465622949,0.17807102391751004,0.635,False,False,2000,1.9242444730317498,0.13723035155599453,6.989358600074086
88,2022-12-28 00:00:00,0.0010290434626154408,0.036324644825277884,0.0459088807440629,0.13028736653847844,0.17809514922765995,0.596,False,False,2000,1.8853746666343094,0.05458031662494147,6.910423102855303
89,2022-12-28 06:00:00,0.00034968455181197687,0.03543972753904543,0.04480595783341286,0.12880279585131227,0.18267050933695914,0.6025,False,False,2000,1.9010355294782437,0.018394424848437785,6.775401819379113
90,2022-12-28 12:00:00,0.0,0.037130768977892345,0.046451572332217465,0.12977065980641078,0.18851371787650098,1.0,False,False,2000,1.895307235330216,0.0,6.846945834816119
91,2022-12-28 18:00:00,0.004929118772515479,0.03445655483106512,0.04601947476103392,0.12656502275316983,0.17835124036190927,0.538,False,False,2000,1.8820910968332953,0.2618958657638277,6.724702272175947
92,2022-12-29 00:00:00,0.0,0.03739957142720933,0.04700531584048325,0.13727160370143227,0.18013273242586073,1.0,False,False,2000,1.8687411744084024,0.0,7.34567234785144
93,2022-12-29 06:00:00,0.0,0.03596878119412838,0.04591287902617422,0.13043025446277628,0.18559422766906858,1.0,False,False,2000,1.854019608973004,0.0,7.034998650042619
94,2022-12-29 12:00:00,0.0,0.037580062399382115,0.04678252388178314,0.13117347268201307,0.1852047410221583,1.0,False,False,2000,1.8450703180505938,0.0,7.109402357120145
95,2022-12-29 18:00:00,0.0,0.03770579524020873,0.0475418923804692,0.13591547521456177,0.18913387941492477,1.0,False,False,2000,1.8345064165259835,0.0,7.408830734533257
96,2022-12-30 00:00:00,0.0,0.038454562120432995,0.04815112772180625,0.13544176223012114,0.193715539945083,1.0,False,False,2000,1.8329795060969953,0.0,7.389158568309383
97,2022-12-30 06:00:00,0.013761009504353008,0.040454296930759776,0.047889240727026924,0.1353957075085128,0.1826743122469168,0.5495,False,False,2000,1.7851919215534766,0.7708420219814885,7.584378232604328
98,2022-12-30 12:00:00,0.02013755161161291,0.03909331411106731,0.04715806077297453,0.1333528097226276,0.18224692032714,0.5085,False,False,2000,1.7659656805353892,1.1403138709642304,7.551268475511877
99,2022-12-30 18:00:00,0.012094249979390933,0.03855440647658162,0.0468377466960321,0.132690182998402,0.182707214700882,0.5535,False,False,2000,1.7692765792898697,0.6835703428711623,7.499685721927067
100,2022-12-31 00:00:00,0.005477421042890666,0.04089829216323511,0.04841350104999419,0.14082276162770602,0.187572689642179,0.606,False,False,2000,1.7795976459146619,0.3077898566265764,7.913179810671596
101,2022-12-31 06:00:00,0.021555475551359643,0.0386957159277341,0.046752612295905605,0.13108636530234258,0.17657520155242895,0.496,False,False,2000,1.807432987323238,1.1926016456788668,7.252626582658432
102,2022-12-31 12:00:00,0.021228929310089944,0.04068225911836143,0.049507138037245255,0.1394627150656838,0.1917630584703011,0.4995,False,False,2000,1.7931502209161643,1.1838901762086371,7.7775254654587105
103,2022-12-31 18:00:00,0.010695789353461339,0.03876355121135973,0.04746429867858405,0.13390585058564117,0.18419908545587277,0.5505,False,False,2000,1.7848378432160974,0.5992583244530835,7.502409874073286
104,2023-01-01 00:00:00,0.035219587751908,0.03789476015016903,0.04671632731653531,0.13346768970675787,0.18429200250214717,0.401,False,False,2000,1.7888060772921799,1.9688879750018484,7.4612721524736605
105,2023-01-01 06:00:00,0.01418255412789429,0.035145796213983296,0.04591029238453736,0.1314642344666897,0.17902236429786325,0.491,False,False,2000,1.7868986739506543,0.7936966060049775,7.357117467440692
106,2023-01-01 12:00:00,0.001635387184479143,0.036427639850240126,0.046368001511719346,0.13096418330440487,0.18725709018039524,0.5865,False,False,2000,1.8146684235366524,0.09012044091734932,7.216975928261622
107,2023-01-01 18:00:00,0.01198145481163697,0.03413346896422746,0.044862445863249695,0.12570896651700056,0.17809376383739003,0.505,False,False,2000,1.7824401841055568,0.6721939349481937,7.052633105894792
108,2023-01-02 00:00:00,0.01987560885556882,0.03393130859457672,0.04565362300353436,0.1309682560944905,0.186692075737211,0.443,False,False,2000,1.782841433574835,1.1148276274752922,7.346040630875493
109,2023-01-02 06:00:00,0.013269699721770096,0.03616806275828384,0.04542602533093876,0.13144495004359832,0.1751325059197712,0.515,False,False,2000,1.774624617472464,0.7477468525523818,7.406915735836618
110,2023-01-02 12:00:00,0.0031642839801934775,0.03402750886301047,0.0456181081420054,0.12989484341438726,0.17561210482930198,0.5435,False,False,2000,1.7808992080260946,0.17767900428799074,7.2937784928524705
111,2023-01-02 18:00:00,0.017565295416753272,0.03405230657378221,0.04505647889250367,0.12745355219057813,0.18031388824433628,0.4675,False,False,2000,1.7736026563637304,0.9903737657207806,7.18613899980763
112,2023-01-03 00:00:00,0.009939190787541512,0.031181416156152785,0.04243844149253939,0.11924489480431517,0.16239415790633888,0.492,False,False,2000,1.7647776262503712,0.5631979145530841,6.756936003187847
113,2023-01-03 06:00:00,0.0187347310209385,0.0327875961762943,0.042491608469381895,0.11890472295838275,0.16814964236245258,0.465,False,False,2000,1.7801915753483453,1.0523997125013083,6.6793217429486855
114,2023-01-03 12:00:00,0.007581979312412148,0.030739746063293254,0.041933386908978854,0.11476351141148024,0.17791101380769514,0.513,False,False,2000,1.7744533512105725,0.42728535564147396,6.467541754940244
115,2023-01-03 18:00:00,0.0025988048130808684,0.03345617585713545,0.043941590891881516,0.12336196379624141,0.17311167444646472,0.557,False,False,2000,1.7664207056972954,0.1471226421145799,6.983724964180841
116,2023-01-04 00:00:00,0.004263236083064335,0.02972372691403683,0.04156088961810551,0.11631064704821363,0.1693783263762545,0.5145,False,False,2000,1.753313218603943,0.24315313646348322,6.633763198387607
117,2023-01-04 06:00:00,0.0,0.0323644734099635,0.04426030204422876,0.12193806862628455,0.1755941973419626,1.0,False,False,2000,1.6917254940168536,0.0,7.207911038613796
118,2023-01-04 12:00:00,0.014019513555941979,0.031191493028514008,0.04267338762970757,0.12067477426293761,0.1677063608983344,0.4555,False,False,2000,1.6158083975029842,0.8676470290417639,7.468383903031098
119,2023-01-04 18:00:00,0.00998177627313639,0.03322608168822565,0.045201502143591366,0.128733554298516,0.17239026788342496,0.4965,False,False,2000,1.5561419796420544,0.6414438016402855,8.272609824980586
120,2023-01-05 00:00:00,0.03277776161955301,0.030394035054698978,0.04298246174472497,0.11980947593017072,0.17299849140866194,0.3435,False,False,2000,1.4992558171294208,2.186268763813209,7.991263036055198
121,2023-01-05 06:00:00,0.03609148457609321,0.031376727731323925,0.044082800128452504,0.12499171564254141,0.1769118040761446,0.3325,False,False,2000,1.4934820737309906,2.4165997845511527,8.369147366482231
122,2023-01-05 12:00:00,0.02993189451088741,0.03277610085373578,0.044619462949937246,0.12522097933475126,0.1748643131229613,0.379,False,False,2000,1.4843736241776087,2.0164663413142128,8.435947479471535
123,2023-01-05 18:00:00,0.03315964936260983,0.032308720504441196,0.04441614106092091,0.12451377873908569,0.17941954907588378,0.3595,False,False,2000,1.4733986116108058,2.2505552198367935,8.450787027887852
124,2023-01-06 00:00:00,0.059952657539305614,0.03181300614056415,0.04309992563806005,0.12069234339210948,0.16372401401466496,0.22,False,False,2000,1.4581242625462818,4.111628828849741,8.277233051547183
125,2023-01-06 06:00:00,0.04685389837199047,0.03235588454156423,0.04431659306835581,0.12249832924076226,0.17819415186815743,0.2925,False,False,2000,1.4783877097303897,3.1692564855355236,8.285940720049819
126,2023-01-06 12:00:00,0.055156806662640195,0.032496395986242585,0.04464312439668683,0.12297039526610429,0.17576689224334194,0.2455,False,False,2000,1.4722892118263404,3.74632960831245,8.352326042894955
127,2023-01-06 18:00:00,0.03414177726988462,0.031160215056140098,0.043544648876560954,0.12461317480740039,0.17346296381038093,0.343,False,False,2000,1.4728371693663531,2.3180958479322706,8.460757061217548
128,2023-01-07 00:00:00,0.04576457456093257,0.028714589647034265,0.041791199320433306,0.11880902268769405,0.16735541952422106,0.26,False,False,2000,1.4409977985336264,3.1758948283962023,8.244913545919037
129,2023-01-07 06:00:00,0.051244538409215966,0.027127062365352225,0.03985069125486775,0.11078670246550283,0.16220994334469782,0.2305,False,False,2000,1.456980724134025,3.517173395665465,7.603855056582874
130,2023-01-07 12:00:00,0.0510194570226395,0.02787581490010168,0.04010901080243525,0.11236476749018406,0.15855063527390884,0.232,False,False,2000,1.4902598711069177,3.4235275344791956,7.539944520328731
131,2023-01-07 18:00:00,0.05639273605739206,0.030571204890988652,0.044002193547798774,0.12131812112701094,0.1816004118731506,0.231,False,False,2000,1.4601828527729572,3.8620324810895807,8.308419791166703
132,2023-01-08 00:00:00,0.06874742268493662,0.02975798516385425,0.04325409740178838,0.12227507214412123,0.16877622805275944,0.168,False,False,2000,1.4695865095712333,4.678011279852751,8.320372523002828
133,2023-01-08 06:00:00,0.07508314883224407,0.027337622869245064,0.04104371944114238,0.11515159486526944,0.165745412273417,0.1365,False,False,2000,1.4307859430159857,5.247685665262731,8.048135741572832
134,2023-01-08 12:00:00,0.06532688566440202,0.028408982820605118,0.041562860529005145,0.11718883716139498,0.16552654319573842,0.1805,False,False,2000,1.4033865723947887,4.6549458965483685,8.350431696194711
135,2023-01-08 18:00:00,0.047962915226000324,0.027948947264274812,0.04097900081855185,0.11513589782291422,0.15772064768449476,0.249,False,False,2000,1.3869161831846708,3.45824180347126,8.301575770681136
136,2023-01-09 00:00:00,0.08316300320341677,0.028773642487113178,0.04291002985005237,0.12084889499984475,0.16731144951996874,0.128,False,False,2000,1.4404094879114746,5.773566746217367,8.389898568015537
137,2023-01-09 06:00:00,0.0914057666188642,0.028617815998328668,0.04285154514927668,0.12044770054987337,0.1715454076923467,0.1045,False,False,2000,1.4489771013051402,6.308296144675585,8.312602072274453
138,2023-01-09 12:00:00,0.08561543883270402,0.03107155389031895,0.04343958264554591,0.12613651870053932,0.16553975848208788,0.121,False,False,2000,1.4454765283121829,5.922990595542445,8.726293110260544
139,2023-01-09 18:00:00,0.09378587829249724,0.028699723405404744,0.04296615071765587,0.12160466990389672,0.1716533544868748,0.099,False,False,2000,1.4122972212161442,6.640661532403018,8.610416283279354
140,2023-01-10 00:00:00,0.11099879808946266,0.028286949310413863,0.042531564437127155,0.11991044989617536,0.17577555427278888,0.0625,False,False,2000,1.4032014527165009,7.910396463357181,8.54549071796049
141,2023-01-10 06:00:00,0.1221326791236362,0.027763940346976504,0.041826373505773014,0.11770100350874158,0.17327219865258753,0.043,True,False,2000,1.379455952278907,8.853684593688474,8.532422025820804
142,2023-01-10 12:00:00,0.13900501078077268,0.02957625264768302,0.042982028106978036,0.12143093676868774,0.17338450810551798,0.0305,True,False,2000,1.3520665558406624,10.280929602192902,8.981136042758392
143,2023-01-10 18:00:00,0.14281174993620308,0.030136706966494328,0.04327622497915836,0.12468660880248181,0.16619359177455117,0.024,True,False,2000,1.3438538029950493,10.62703023334222,9.278286709803742
144,2023-01-11 00:00:00,0.1616261133150461,0.03344591235027886,0.045877794999828865,0.13196292753521913,0.18179957433240657,0.019,True,False,2000,1.2945469735205821,12.485148598006928,10.193753508715073
145,2023-01-11 06:00:00,0.15229619748119602,0.030432010161348926,0.04322795948422529,0.12501169563535,0.17258502373391643,0.0175,True,False,2000,1.2967305483663998,11.744629419971352,9.640529853548813
146,2023-01-11 12:00:00,0.1452225613948877,0.030775951283476644,0.04407735629970302,0.12316587685972012,0.17457267194292098,0.0265,True,False,2000,1.2574123715599488,11.549318638779118,9.795185704028047
147,2023-01-11 18:00:00,0.14153801511593023,0.0313727000176138,0.044550530906646485,0.12288807529292821,0.17796487172377376,0.0295,True,False,2000,1.2169681621947905,11.630379455504222,10.097887447712743
148,2023-01-12 00:00:00,0.14235327189626323,0.030554828539184512,0.04305798900937394,0.12340419011601932,0.16801886482271397,0.028,True,False,2000,1.2387682932538593,11.491517233004522,9.961846035942273
149,2023-01-12 06:00:00,0.15086516819660117,0.029689177629499745,0.04362865356076995,0.11788243018551187,0.17553550673566096,0.021,True,False,2000,1.186668091499125,12.713341605571637,9.933900728432858
150,2023-01-12 12:00:00,0.16358398289979872,0.03146990547260399,0.04484369286224125,0.127963579519501,0.1839509960104562,0.016,True,False,2000,1.1706297223600464,13.974015845933371,10.931174655425647
151,2023-01-12 18:00:00,0.1432397111797585,0.03044366034485519,0.0433524502620886,0.12150717895903722,0.1646309594719015,0.0265,True,False,2000,1.1862315461864206,12.075189843016354,10.243124906740755
152,2023-01-13 00:00:00,0.09368674950574317,0.0322195279472028,0.04515980766538569,0.12541041914123716,0.180397486166416,0.114,False,False,2000,1.1684791343625431,8.017836754684835,10.732790638119017
153,2023-01-13 06:00:00,0.10029581251348534,0.03107887764756975,0.04444009079841871,0.12556672891314308,0.17646779368646517,0.0925,False,False,2000,1.1382684289485372,8.8112619099989,11.031381150501902
154,2023-01-13 12:00:00,0.11129655573386896,0.032857501732215286,0.046638049699793294,0.12769280812258949,0.19360651281344213,0.0745,False,False,2000,1.1386750973813067,9.774215313027016,11.214156559342857
155,2023-01-13 18:00:00,0.10978081219477764,0.028893167284728256,0.041418950877911295,0.11978374945122275,0.16062589874930774,0.065,False,False,2000,1.134790008928279,9.674108102031767,10.555587245991811
156,2023-01-14 00:00:00,0.09075447970704333,0.03299477289470836,0.04591501912935658,0.12786960633387365,0.18218365624157035,0.1235,False,False,2000,1.1561544505440209,7.849684760054282,11.059906941819534
157,2023-01-14 06:00:00,0.06678321526343453,0.032318488731183266,0.044677277421293383,0.1224710701918931,0.1791467810437692,0.196,False,False,2000,1.1419123289491604,5.848366251101911,10.725085200244449
158,2023-01-14 12:00:00,0.0708554953201005,0.03461774125812452,0.047440095091798716,0.13727353194497258,0.1800486830049654,0.1955,False,False,2000,1.1322894180970107,6.257719465327534,12.123537476459173
159,2023-01-14 18:00:00,0.0944329142783082,0.031980879070337344,0.044230895173927136,0.12133906258001734,0.17869824548383337,0.1045,False,False,2000,1.1245520899040926,8.397380177058931,10.789990403233855
160,2023-01-15 00:00:00,0.11416370220569873,0.030286428846161798,0.04345011456896162,0.12316291682593199,0.17124445778787029,0.063,False,False,2000,1.0538295396414932,10.833222823165174,11.687176359454805
161,2023-01-15 06:00:00,0.09782679685625591,0.03199094361155966,0.04480112308328874,0.12594578476315846,0.17476913412231881,0.1035,False,False,2000,1.0190246867628325,9.600041895650765,12.359443927041095
162,2023-01-15 12:00:00,0.11554929190592107,0.031976394558845295,0.04419792456839929,0.12390767977175915,0.17212020419965746,0.066,False,False,2000,1.0072104995291087,11.472208834195305,12.302063950851236
163,2023-01-15 18:00:00,0.12104960409498007,0.03131065720475005,0.0439447418036978,0.12455299698925643,0.17445850510139765,0.0545,False,False,2000,1.0342670769068991,11.703901902881174,12.042633839002905
164,2023-01-16 00:00:00,0.11997719620741051,0.032803734199825726,0.046141652836018274,0.13207520423213234,0.18870224201203703,0.0615,False,False,2000,1.0437041320882077,11.495326359143968,12.654467887166525
165,2023-01-16 06:00:00,0.11636520779689848,0.03550390301495892,0.048035184434876074,0.13988480258251917,0.19400988622874538,0.0815,False,False,2000,0.9730070818980486,11.959338216727511,14.376545164465334
166,2023-01-16 12:00:00,0.12695874218979653,0.031094187193463647,0.04284251637000136,0.12281307536213945,0.16703572230951422,0.0435,True,False,2000,0.9748187272017096,13.023830856660002,12.59855519135169
167,2023-01-16 18:00:00,0.11461646580797064,0.03210372995541402,0.04425142658950679,0.12589057756223154,0.17058618061689987,0.0685,False,False,2000,0.9182421058906259,12.482161847370445,13.709954788026968
168,2023-01-17 00:00:00,0.12195589929742215,0.033044685714791425,0.04616655839968428,0.1345713618043664,0.18548614420613632,0.0635,False,False,2000,0.9196956060751541,13.26046340678683,14.632163176103044
169,2023-01-17 06:00:00,0.1298204776020026,0.03525039155829047,0.0481322683486411,0.13611613658112073,0.1870375515183386,0.0575,False,False,2000,0.9287471245393706,13.978022022559639,14.65588780677303
170,2023-01-17 12:00:00,0.12552543852136117,0.03491110766959339,0.04661338170319382,0.13023977457933253,0.18395638873085687,0.0595,False,False,2000,0.9833457123350176,12.765138134714896,13.24455610530602
171,2023-01-17 18:00:00,0.13988172474420663,0.033729872441900226,0.047589243985138696,0.1316283903303901,0.1952991436797293,0.04,True,False,2000,0.9651248030579905,14.493641060823684,13.638483843056001
172,2023-01-18 00:00:00,0.1526935179562572,0.03534150913867478,0.04824906604830077,0.13618935583145075,0.1881811811895625,0.028,True,False,2000,0.97764363333807,15.618525273355477,13.930367997840412
173,2023-01-18 06:00:00,0.14875386230378979,0.034267580805301956,0.045681645373739796,0.12824468722276144,0.17998049931633023,0.0265,True,False,2000,0.9637352317835469,15.435137929791864,13.307045648359669
174,2023-01-18 12:00:00,0.15254082571702285,0.03535980265873442,0.04677828730353759,0.1307120626224193,0.17662641244317367,0.0265,True,False,2000,1.0069492445106956,15.14880978843642,12.980998132228194
175,2023-01-18 18:00:00,0.1463839415933054,0.0369937578120001,0.04958851391479917,0.140355752628818,0.1923636298814447,0.0455,True,False,2000,1.0172172570009095,14.390627035260229,13.798011355276538
176,2023-01-19 00:00:00,0.15353523327127602,0.038002086125493974,0.048491561389477994,0.1388388230779068,0.18883420879595134,0.0335,True,False,2000,0.9992786743925579,15.364606211035886,13.893904336776147
177,2023-01-19 06:00:00,0.15380731734004374,0.038992079032704303,0.04960279634494295,0.1429037191942724,0.20150459022018316,0.0345,True,False,2000,0.9933837636028079,15.483172060535274,14.385550119722982
178,2023-01-19 12:00:00,0.16505314226942883,0.04018442762297735,0.05173739446757753,0.14464824667123977,0.20098905185242635,0.0285,True,False,2000,0.9630885502995489,17.137898920934365,15.019205308405951
179,2023-01-19 18:00:00,0.1525617879887147,0.041359704632305365,0.05234164114991482,0.1498513706371567,0.20830719359758307,0.047,True,False,2000,0.9882894454372737,15.436954092048708,15.162700697552648
180,2023-01-20 00:00:00,0.15646679740266425,0.03965560614598773,0.051319714662375934,0.14423321086833268,0.19929257642611425,0.0385,True,False,2000,0.9869508470650562,15.85355520672151,14.614021690872045
181,2023-01-20 06:00:00,0.1334169851406783,0.03836035262197714,0.049216236416204366,0.14336403558355842,0.19759924354310723,0.0585,False,False,2000,0.9898589477726204,13.478383505134046,14.483279249650268
182,2023-01-20 12:00:00,0.12521953492074336,0.03840743090752145,0.049337917595455055,0.13624903561313564,0.19660175894097703,0.07,False,False,2000,0.9889626599503378,12.661705036167032,13.776964604505654
183,2023-01-20 18:00:00,0.13962797187274575,0.037992966512430025,0.05036575823428224,0.14323394343923496,0.19825560321081942,0.0555,False,False,2000,0.9671174697788779,14.437540033753121,14.81039769367252
184,2023-01-21 00:00:00,0.13969714533097569,0.03830149269297314,0.05097230423641286,0.14235361291448484,0.20707133999533972,0.055,False,False,2000,0.9441589660390691,14.795934832566642,15.07729291728129
185,2023-01-21 06:00:00,0.15146143753332822,0.03937512295906907,0.05095878873775222,0.14471444798008304,0.20426005367911967,0.043,True,False,2000,0.9347408591881966,16.203575145401196,15.481771932572263
186,2023-01-21 12:00:00,0.14784150951355782,0.042778729242546346,0.054061277125902314,0.15944114766902304,0.2105861415662642,0.0605,False,False,2000,0.9369143564124526,15.779618329220519,17.017686470249064
187,2023-01-21 18:00:00,0.14292103008777815,0.0396621933655866,0.05181958447217852,0.14548624835795515,0.20447722703267868,0.054,False,False,2000,0.9384507955458156,15.229464428622851,15.502810488144817
188,2023-01-22 00:00:00,0.1450460913834608,0.041561265930559525,0.052325029428715496,0.14781983754546246,0.20905660164147186,0.0555,False,False,2000,0.927997894666448,15.63000220335575,15.928897942014581
189,2023-01-22 06:00:00,0.14043442289350624,0.04231631792434423,0.052354773543074246,0.15143486256697428,0.199535737774019,0.0655,False,False,2000,0.9602174851598531,14.625272405878684,15.770892001801448
190,2023-01-22 12:00:00,0.12976388222667062,0.04052476751585827,0.04908479229798537,0.14048875360973834,0.18078702283251918,0.0695,False,False,2000,0.961131899209957,13.501152373918245,14.617010810401673
191,2023-01-22 18:00:00,0.12769495829877395,0.039362965069100087,0.04980744598355889,0.13685322390773602,0.1971583202888309,0.0675,False,False,2000,0.9669145799136534,13.20643632348343,14.153600199094853
192,2023-01-23 00:00:00,0.14023254131977897,0.04233085185284914,0.05102302800091948,0.1443090733096827,0.1946121002202566,0.0555,False,False,2000,0.9406690903761435,14.907744153016067,15.341109300400008
193,2023-01-23 06:00:00,0.13809860343866603,0.040468318497965214,0.050700666430033584,0.14350552957615312,0.1993655502973626,0.0555,False,False,2000,0.9059045621878216,15.244277289557791,15.84113112639343
194,2023-01-23 12:00:00,0.12235667287764054,0.04186749583460292,0.051804624748479584,0.14427742481551353,0.2073797639135195,0.0895,False,False,2000,0.922445054829913,13.264386018113733,15.640760830152256
195,2023-01-23 18:00:00,0.10380611089038298,0.04026729341335196,0.05104663621258899,0.1447246088139829,0.20209782333322013,0.13,False,False,2000,0.9119692997680718,11.382632169392382,15.869460611315386
196,2023-01-24 00:00:00,0.1058832775068089,0.03899506407926106,0.0493075950295687,0.13487673664403665,0.19320754238025029,0.109,False,False,2000,0.8869439252710271,11.937990045363208,15.206906863116721
197,2023-01-24 06:00:00,0.11623742932383481,0.03566613643760008,0.04828540699508188,0.13796995386349872,0.1950424905691249,0.0845,False,False,2000,0.8872864740001831,13.10032697780208,15.54965142672402
198,2023-01-24 12:00:00,0.13212543617949568,0.0366500691326294,0.047826542314369114,0.13464678379546363,0.18937415081061643,0.0555,False,False,2000,0.8655351437006938,15.26517289807302,15.556477951867558
199,2023-01-24 18:00:00,0.11506560648817697,0.03675531561840737,0.04761016795266364,0.13588823679353346,0.18381669727072508,0.0865,False,False,2000,0.8336932503417988,13.801911727245267,16.299548633483816
200,2023-01-25 00:00:00,0.11126102266928423,0.03802124984334751,0.0503063249996174,0.14514710338022752,0.19488068004588743,0.1045,False,False,2000,0.8224778272269113,13.52754068087342,17.64753997923682
201,2023-01-25 06:00:00,0.12806965643732693,0.03857489734131752,0.04782564488040704,0.13812101045406305,0.18403451953151706,0.0685,False,False,2000,0.8356310832209709,15.326100118688466,16.52894599392719
202,2023-01-25 12:00:00,0.12175137216759056,0.036662999945422325,0.04795732931503963,0.13425225476711278,0.19152395115400558,0.0665,False,False,2000,0.8296742666938458,14.674599063166733,16.18132080944154
203,2023-01-25 18:00:00,0.13804209860442976,0.03875114317768822,0.048255263084845755,0.13650531836726773,0.1894283467741824,0.049,True,False,2000,0.8387858346818319,16.457371225968767,16.27415637259145
204,2023-01-26 00:00:00,0.13882563404454878,0.03849519393420617,0.04917640204329389,0.14071916463143677,0.19577582259675513,0.053,False,False,2000,0.8400699818754849,16.52548442864436,16.750885958009885
205,2023-01-26 06:00:00,0.12484157519033602,0.039411259852608724,0.049589609906905724,0.14196945820921486,0.19211937084990569,0.074,False,False,2000,0.8488091635722465,14.707849602487252,16.72572167007845
206,2023-01-26 12:00:00,0.11424615775807435,0.03787855349787237,0.049131518916107494,0.13990098904995008,0.1976159999047123,0.089,False,False,2000,0.9045961684654054,12.629520413720776,15.465573913195316
207,2023-01-26 18:00:00,0.12604785141184474,0.03871570330661685,0.048067872213876706,0.13633748030762413,0.1842789897754584,0.07,False,False,2000,1.002715759454366,12.570646289675796,13.596822331965045
208,2023-01-27 00:00:00,0.11179506982062204,0.040167678050106445,0.050638823922647,0.1447262652272431,0.20297723018394137,0.1085,False,False,2000,1.0182694303017439,10.978928218192094,14.212963771715739
209,2023-01-27 06:00:00,0.1048361724774405,0.03875250160394934,0.04927769854841841,0.1440300709827489,0.18562621416850347,0.1105,False,False,2000,1.005996844519603,10.421123391048335,14.317149379482203
210,2023-01-27 12:00:00,0.09424665473057604,0.03995987897135322,0.04950330826663824,0.1399601870786415,0.1978852985854148,0.1485,False,False,2000,1.0176556571291306,9.261153718385614,13.753196977598279
211,2023-01-27 18:00:00,0.087509050363037,0.0399373888888354,0.0511186271352074,0.14456544061156693,0.2008188820966448,0.173,False,False,2000,1.0378882782131942,8.43145184313004,13.928805599428065
212,2023-01-28 00:00:00,0.08211450594296747,0.042858144649089054,0.052344072915855966,0.1487152409311211,0.2064431467273848,0.2185,False,False,2000,1.0387203160966114,7.9053528337198715,14.317159164651313
213,2023-01-28 06:00:00,0.07036482452206413,0.0406610238525741,0.05058965813421267,0.14159068236559647,0.18876742859449186,0.244,False,False,2000,1.0708264378802823,6.571076509966677,13.22256131870235
214,2023-01-28 12:00:00,0.07116673321868223,0.04016695602153787,0.05007289579935443,0.14352717926231084,0.19436900823519634,0.2345,False,False,2000,1.0803879546412145,6.587146118480741,13.284781512579405
215,2023-01-28 18:00:00,0.07101684571743568,0.03869375341687693,0.048760569312429315,0.14157195652771493,0.18560298629529848,0.222,False,False,2000,1.0528843936975032,6.7449803741548315,13.446106464789045
216,2023-01-29 00:00:00,0.0777329690684436,0.041973128100661325,0.05204033210486008,0.14998802533502995,0.19506630909542547,0.222,False,False,2000,1.065986638128005,7.29211476843196,14.070347598204997
217,2023-01-29 06:00:00,0.09326737068123175,0.04320841953689752,0.05286037797434367,0.14859435496048637,0.21815644993143035,0.1715,False,False,2000,1.091484144773826,8.5450046276722,13.613972834326205
218,2023-01-29 12:00:00,0.09805230321504194,0.04205505994873738,0.05231389206215127,0.1528309921122812,0.20730646020781698,0.1485,False,False,2000,1.0693167880769068,9.169621604032075,14.292396211896879
219,2023-01-29 18:00:00,0.07621201971726835,0.04254939488113483,0.05180661026691413,0.14541052466128332,0.20002312179029108,0.2395,False,False,2000,1.0480264011752936,7.271956091163497,13.874700532182668
220,2023-01-30 00:00:00,0.09793662178648563,0.04395112674407257,0.052668148387720354,0.15430883416922972,0.21073798156811815,0.158,False,False,2000,1.0358912001214549,9.45433475783971,14.896239503833753
221,2023-01-30 06:00:00,0.09548582207827609,0.04065807606067366,0.049204093545140284,0.1445497794450496,0.18471765096050358,0.145,False,False,2000,1.025222098517739,9.313671858646924,14.099362436104231
222,2023-01-30 12:00:00,0.09530050145606374,0.04394029844430699,0.052949454073923305,0.14896065545187914,0.20993385385436464,0.17,False,False,2000,0.9969649418682872,9.559062455844536,14.941413604046158
223,2023-01-30 18:00:00,0.11673651870258411,0.04450299228787766,0.052548896961708974,0.14755802647460714,0.20980830164389375,0.1065,False,False,2000,1.0007577076386676,11.66481335207791,14.744630528280107
224,2023-01-31 00:00:00,0.12199538031984133,0.04447314213403149,0.05262441058272743,0.15112357911961619,0.2022157971821875,0.0975,False,False,2000,1.0211811357353684,11.946497643827955,14.798900393982478
225,2023-01-31 06:00:00,0.14695452151174812,0.046827725266580814,0.05413151310424887,0.1560048650884656,0.20683787450159688,0.0635,False,False,2000,1.0007565961088656,14.684342035129783,15.588692165012208
226,2023-01-31 12:00:00,0.144204988405485,0.04841340471739477,0.05426587089074653,0.15153359710816763,0.20792256471575749,0.0635,False,False,2000,1.0336502519790347,13.951042737075625,14.660045486182607
227,2023-01-31 18:00:00,0.15647575762915697,0.047093071120778436,0.05483712398707004,0.1573851577223391,0.22268137445476108,0.051,False,False,2000,1.0362701529703389,15.099900077276063,15.187657125047386
228,2023-02-01 00:00:00,0.1649672390983328,0.045284922985099896,0.05342839051003069,0.15163922631441842,0.2065593955251866,0.037,True,False,2000,1.0650283763973536,15.489468896252662,14.238045640376725
229,2023-02-01 06:00:00,0.16512120740406705,0.04691680495163491,0.0537322728413237,0.1524306609426398,0.20068924244225272,0.04,True,False,2000,1.0785497042474954,15.309559379024835,14.13292872292712
230,2023-02-01 12:00:00,0.13554910479336138,0.04790622775247109,0.054235603979384366,0.15535933538452207,0.21494894823955435,0.0855,False,False,2000,1.07613964537299,12.595865729524359,14.436726316376397
231,2023-02-01 18:00:00,0.1250279952020911,0.04963068355323769,0.05509278222667049,0.16033045167009155,0.21128202447197733,0.1165,False,False,2000,1.1086100074743406,11.277906058861277,14.462295179470722
232,2023-02-02 00:00:00,0.1355146712492697,0.05194447065088736,0.05655554650371,0.16621127129014507,0.22386064154674268,0.093,False,False,2000,1.1144483455087222,12.159798324920128,14.914219394733196
233,2023-02-02 06:00:00,0.12059723478964231,0.05489248552701833,0.059186912133651216,0.17082116610074669,0.21962266922030413,0.152,False,False,2000,1.1406342146113762,10.572822842310654,14.975981249076147
234,2023-02-02 12:00:00,0.12306775505336312,0.055934647830860794,0.06059258602943332,0.1755677309134303,0.23317477243389828,0.1465,False,False,2000,1.1621786896682187,10.589400420730204,15.106775960893911
235,2023-02-02 18:00:00,0.10992296221242873,0.05467671069788178,0.05757028363020318,0.1615820447416888,0.2295908087849129,0.176,False,False,2000,1.2206412351445157,9.005345636993379,13.23747224732733
236,2023-02-03 00:00:00,0.09296338184141394,0.05649812117255618,0.05944555255439536,0.17547169686174074,0.22753590991867476,0.2525,False,False,2000,1.20691398658553,7.702568938190519,14.538873425285775
237,2023-02-03 06:00:00,0.08716299585567361,0.057587687295267316,0.058950023238417644,0.17005387208361483,0.22097089297115105,0.276,False,False,2000,1.2091265501924768,7.208757085170152,14.06419138315543
238,2023-02-03 12:00:00,0.1163860131835175,0.05953715493370748,0.06108010517355043,0.17922112266738074,0.23280423045989926,0.186,False,False,2000,1.208155117908911,9.633366730669467,14.834280798112975
239,2023-02-03 18:00:00,0.1002532320359391,0.056239905467816514,0.05939249742417036,0.17651305829361366,0.22491558389033306,0.224,False,False,2000,1.2104769224782248,8.282126670427502,14.582108507466316
240,2023-02-04 00:00:00,0.1314403106845194,0.05812071520776462,0.0612969048321396,0.17637004109772106,0.23882613039027048,0.133,False,False,2000,1.190523181249641,11.040550302141295,14.814498690617095
241,2023-02-04 06:00:00,0.11792848830830925,0.059372337681368154,0.060551557459743895,0.17708778541442222,0.23482542205531146,0.1745,False,False,2000,1.2289890495209668,9.595568679336502,14.409224027134105
242,2023-02-04 12:00:00,0.12829544306705573,0.05634590660027973,0.059686595136974836,0.17143530398644707,0.22427111888500154,0.134,False,False,2000,1.2737072217805714,10.072600741613593,13.459553424435336
243,2023-02-04 18:00:00,0.123064386302936,0.05344682393717727,0.05706464277950982,0.16164253807083734,0.22201525185785317,0.1375,False,False,2000,1.335844301163423,9.212479792424604,12.100402564135543
244,2023-02-05 00:00:00,0.12489063038315983,0.053701757364274995,0.05857180965383122,0.16926345273278426,0.23560685405764245,0.1235,False,False,2000,1.4205526591314326,8.791693118896529,11.915324056784835
245,2023-02-05 06:00:00,0.113917718635844,0.05203024767574138,0.05661302038207308,0.1618997958385715,0.23242202925072067,0.144,False,False,2000,1.456184791657524,7.823026259337283,11.118080395159646
246,2023-02-05 12:00:00,0.11700457447611157,0.04907460887348415,0.05495847865496464,0.15588162476284315,0.20607851649005876,0.135,False,False,2000,1.4641648857627445,7.991215717153263,10.646452887827447
247,2023-02-05 18:00:00,0.11713076695916902,0.04642709245679792,0.05380763074450777,0.15455387122219852,0.2096059277680539,0.12,False,False,2000,1.4433987941861766,8.114927588339174,10.707634774583537
248,2023-02-06 00:00:00,0.12132778981031321,0.046951109544582335,0.05422218571717161,0.15350587901534665,0.21489580759814292,0.1125,False,False,2000,1.4592235550087032,8.314544361202392,10.519695799073851
249,2023-02-06 06:00:00,0.12150701070402457,0.04597330067365964,0.052702037071460206,0.1501904165605182,0.20721244343202205,0.1095,False,False,2000,1.476624949080552,8.228698206655872,10.171195919047491
250,2023-02-06 12:00:00,0.10820564323108339,0.048573937484112234,0.055822372813780476,0.15732550173717838,0.2242046531311894,0.151,False,False,2000,1.4976042064288286,7.22524968657169,10.505145555936647
251,2023-02-06 18:00:00,0.10379379044023233,0.04711519966421866,0.05405157435158365,0.15299264561375459,0.20178835236723203,0.1645,False,False,2000,1.4862935869906362,6.983397583675792,10.293568306617368
252,2023-02-07 00:00:00,0.09340650716598266,0.0463460494709168,0.052915179434898686,0.15374482760161307,0.20014938402890012,0.187,False,False,2000,1.4816741147452273,6.304119525098393,10.376426642780984
253,2023-02-07 06:00:00,0.08924894407699754,0.04817711666612611,0.05360935095376331,0.154814220747733,0.20779782329094354,0.206,False,False,2000,1.4593394076559096,6.115708491717857,10.608513683352534
254,2023-02-07 12:00:00,0.11035631481677212,0.05103739122120306,0.05571730683374988,0.15970763461956508,0.21480902574023616,0.153,False,False,2000,1.4541773552954238,7.5889171575191146,10.982679247341164
255,2023-02-07 18:00:00,0.12217396046809607,0.048313922054729674,0.052455803939135064,0.1498745696471538,0.19119969274465168,0.106,False,False,2000,1.432640487121634,8.527886902984285,10.46142217774899
256,2023-02-08 00:00:00,0.14380677730517963,0.04767032181531096,0.05243212574278472,0.15171109043946154,0.20078023026028974,0.0595,False,False,2000,1.408127135565802,10.212627373834136,10.773962564005434
257,2023-02-08 06:00:00,0.12064504335978744,0.0452572042749175,0.053601353392606896,0.15061275859136988,0.21674294034472616,0.105,False,False,2000,1.418145275814837,8.507241494738068,10.620404070015388
258,2023-02-08 12:00:00,0.12321384558024585,0.04318158504072537,0.04968238432045493,0.14311366329797293,0.19585229120051006,0.083,False,False,2000,1.4134235536348434,8.717404295646684,10.125320391749055
259,2023-02-08 18:00:00,0.13755859725531117,0.04292053773952281,0.05146274233775698,0.14441940921401997,0.20160603284767886,0.0625,False,False,2000,1.423507475763413,9.66335615354179,10.145321445296188
260,2023-02-09 00:00:00,0.1296389274703886,0.044228297077885344,0.05210074232492509,0.14706341734980757,0.19879104585349755,0.0775,False,False,2000,1.444022876086724,8.97762283529107,10.184285843749704
261,2023-02-09 06:00:00,0.11807596603933938,0.04125801547085015,0.04954173853074695,0.14024589754496214,0.18858679881623028,0.0945,False,False,2000,1.4542244925658496,8.119514328286746,9.644033521778383
262,2023-02-09 12:00:00,0.10363336881812175,0.039884770896031894,0.04802019159907378,0.1374195929428686,0.18515913399569361,0.1195,False,False,2000,1.4549615678794494,7.122756442918517,9.44489503892205
263,2023-02-09 18:00:00,0.09994315137291705,0.04066137211940782,0.050064772919697964,0.13835303596312912,0.20616431916822558,0.1305,False,False,2000,1.4514045325464213,6.885961090225582,9.53235523664758
264,2023-02-10 00:00:00,0.09116341390061919,0.04110522855505089,0.04995886722534258,0.1375327103690443,0.20381725919148583,0.1615,False,False,2000,1.4644094482299308,6.225268077231457,9.391684172434397
265,2023-02-10 06:00:00,0.08573453495706274,0.03799531288289002,0.04826692370704176,0.13692841076570034,0.18877472544038978,0.1625,False,False,2000,1.4735711117325117,5.818147103621125,9.292283872524512
266,2023-02-10 12:00:00,0.08645104955939706,0.03740853022186731,0.046859609648172325,0.13690710330136374,0.17887413971726016,0.1585,False,False,2000,1.4822945204759301,5.832245101441759,9.236160655670917
267,2023-02-10 18:00:00,0.08660934492517283,0.04250307154722914,0.051096473220309496,0.1458654774031396,0.20541167855790074,0.1955,False,False,2000,1.465509195190656,5.909846571375852,9.95322839882715
268,2023-02-11 00:00:00,0.09610288350038344,0.04249869305989825,0.052076510207234715,0.1493528899257263,0.1978957701558027,0.1615,False,False,2000,1.437746856529606,6.6842701177837345,10.387982366119038
269,2023-02-11 06:00:00,0.10228622336536357,0.04249604884323988,0.050517461732786526,0.14508787411132282,0.19355130130811896,0.1375,False,False,2000,1.4520406756369109,7.044308405513338,9.99199792028434
270,2023-02-11 12:00:00,0.10498444299471317,0.041256208871299924,0.04987622948100607,0.14495554870254868,0.19594350822019418,0.124,False,False,2000,1.4545929198551577,7.21744493333345,9.96536877939587
271,2023-02-11 18:00:00,0.12474825561812884,0.04107170664371064,0.05133884437271291,0.1475149175182977,0.1912722317633073,0.0885,False,False,2000,1.490802656410688,8.36785842054222,9.894999642237028
272,2023-02-12 00:00:00,0.1561772339733997,0.04176006592522681,0.05132087693146845,0.14343663576892243,0.20088716510104607,0.0325,True,False,2000,1.4921603222000628,10.466518352607695,9.612682607552342
273,2023-02-12 06:00:00,0.16410338318720039,0.03930214198106887,0.0486156955970977,0.13931803341121715,0.1867543433072846,0.019,True,False,2000,1.4785535862220682,11.098913473032097,9.422589394760871
274,2023-02-12 12:00:00,0.16669268282253855,0.039949473871079104,0.04845938214237758,0.14079563439847195,0.19281039750555515,0.023,True,False,2000,1.4916785432449324,11.174839483842314,9.438738328446508
275,2023-02-12 18:00:00,0.1794184057328917,0.042709070232207595,0.05174535534416321,0.1447829695039038,0.20407314725054637,0.022,True,False,2000,1.5277937804788646,11.743627184858392,9.476604195791639
276,2023-02-13 00:00:00,0.2102432280211398,0.04603183966459173,0.05271499023948177,0.14859774830443492,0.21628324218898826,0.012,True,False,2000,1.5250459425111946,13.786025860633803,9.743821098251546
277,2023-02-13 06:00:00,0.1770517250202122,0.04300047866913734,0.0520329654737921,0.1483565958494385,0.1978317990998387,0.0225,True,False,2000,1.5152889542975696,11.684353965497401,9.790647218055582
278,2023-02-13 12:00:00,0.17988376035831383,0.04417695244083869,0.05221963498133733,0.1484738146073178,0.19901698115844826,0.0195,True,False,2000,1.4968343981983714,12.017612674777288,9.919187772944337
279,2023-02-13 18:00:00,0.17461127632467072,0.04249532245840681,0.051116331337059284,0.1473382279455403,0.20121113892673226,0.0245,True,False,2000,1.4925270246219848,11.699036161096972,9.871729323149571
280,2023-02-14 00:00:00,0.17825343814816277,0.04158395950546561,0.05182221310116499,0.14259102227271642,0.21346289864097548,0.023,True,False,2000,1.4732185532757744,12.099592266999858,9.678877716796208
281,2023-02-14 06:00:00,0.16062233632245188,0.041224184146311404,0.05129156621535526,0.14529307154407775,0.19987946276913762,0.0325,True,False,2000,1.481385403026268,10.842710883631119,9.807918401738254
282,2023-02-14 12:00:00,0.16151570225337883,0.043101530365655345,0.05382361730632386,0.15802921592346975,0.2147957566878465,0.0455,True,False,2000,1.4973659458186506,10.78665523978334,10.553813940056642
283,2023-02-14 18:00:00,0.17960991705107232,0.04209102862606036,0.05130498280465142,0.14578170261220713,0.2016872461168472,0.026,True,False,2000,1.498262701722395,11.987878817552735,9.730049506312694
284,2023-02-15 00:00:00,0.1676437363308019,0.0415753492995909,0.05199173168364596,0.1451411473300309,0.20360013870016025,0.0305,True,False,2000,1.4927860943364326,11.230258438689585,9.722836237602312
285,2023-02-15 06:00:00,0.17366354524663463,0.04187546444723246,0.05198782292893531,0.1486679723520617,0.20285174445869836,0.026,True,False,2000,1.5018336498106146,11.563434157207364,9.89909717170135
286,2023-02-15 12:00:00,0.13156455033660408,0.04185314864746007,0.05142793777423538,0.14852662729277274,0.1959412843264518,0.081,False,False,2000,1.492873080384004,8.812842301554692,9.949045852884426
287,2023-02-15 18:00:00,0.10010299703852607,0.04260155493347582,0.05349415700882706,0.15260766778473187,0.21008685488140438,0.1485,False,False,2000,1.4913026143920398,6.712453667851653,10.23317912219617
288,2023-02-16 00:00:00,0.09945779610301474,0.04496054889674804,0.05335123956464301,0.15187572776245942,0.21824524983130725,0.159,False,False,2000,1.50125602953467,6.6249722996178555,10.116577370852252
289,2023-02-16 06:00:00,0.10373624922088523,0.04528541674379926,0.053636333599233296,0.15154586315037546,0.20693782468958025,0.1465,False,False,2000,1.4958792611082534,6.934800950715105,10.130888708096638
290,2023-02-16 12:00:00,0.13953338190715645,0.04660708798831317,0.0550924001917558,0.15385268152884515,0.22825007959065957,0.07,False,False,2000,1.4703780094427863,9.48962654576383,10.463478135608753
291,2023-02-16 18:00:00,0.13007682743815643,0.04768296919712639,0.05602878373026681,0.15769966455680595,0.2233835512207147,0.0985,False,False,2000,1.4865675178240898,8.750145948873667,10.608308244729658
292,2023-02-17 00:00:00,0.11974560400811526,0.04739808510705946,0.05532474704806631,0.15376723793769892,0.23020626090358512,0.1105,False,False,2000,1.5007766271836207,7.978909175366863,10.245844394995727
293,2023-02-17 06:00:00,0.11550515106381694,0.042486359556556524,0.0529870566009544,0.1525517802167658,0.20538913772845224,0.1065,False,False,2000,1.4918093497398297,7.742621473981306,10.22595683847743
294,2023-02-17 12:00:00,0.1296753400609828,0.04506866374557487,0.053076905327697245,0.15398659960499897,0.20849834978876938,0.088,False,False,2000,1.5232773827043666,8.512917051966092,10.108900805158495
295,2023-02-17 18:00:00,0.11081386454902363,0.041296206125142676,0.051092930551719005,0.14228780168821276,0.19994460979322953,0.1165,False,False,2000,1.5136110274320014,7.321158642523297,9.400552659134547
296,2023-02-18 00:00:00,0.10828988252857288,0.04416389117966769,0.0521521013964309,0.146713772547419,0.20327646794403628,0.1265,False,False,2000,1.5136794265528737,7.1540829999376525,9.692526037797357
297,2023-02-18 06:00:00,0.07601389597722384,0.041055604190827856,0.05165598691102409,0.14771527229183146,0.19806871751018634,0.222,False,False,2000,1.53455778492906,4.953472376456507,9.6259178860873
298,2023-02-18 12:00:00,0.08010890318429005,0.04335979937285824,0.05248888931438164,0.14797521781367928,0.2130852811645579,0.2295,False,False,2000,1.550940129792469,5.165183468107786,9.541001291486333
299,2023-02-18 18:00:00,0.07441263047552213,0.03969846192566717,0.051031354997677775,0.14921924082236074,0.19462934956497718,0.2185,False,False,2000,1.5394982027352107,4.83356397190422,9.692719391113574
300,2023-02-19 00:00:00,0.06971149173258079,0.04119819559143769,0.051062082429569715,0.145847473810064,0.2009898790923719,0.2485,False,False,2000,1.5266727263367714,4.566236792600106,9.553290059751237
301,2023-02-19 06:00:00,0.07646788492140467,0.037494870918463465,0.049283389304904626,0.13894040013739165,0.19757678358913097,0.1955,False,False,2000,1.5010419115354225,5.094320440605507,9.256263870425101
302,2023-02-19 12:00:00,0.08059617545398501,0.03808434504698008,0.04875365227229332,0.13737762609224777,0.1926698298100481,0.1835,False,False,2000,1.4884032804829723,5.414942073215019,9.229865849776283
303,2023-02-19 18:00:00,0.09094303693776933,0.03939014957193674,0.05015486501117408,0.1461670697114027,0.19558595092288417,0.158,False,False,2000,1.4702594517058423,6.185509423677181,9.94158340841237
304,2023-02-20 00:00:00,0.10046470507107359,0.04023287897500463,0.05111292718005096,0.1445993922591744,0.2095107845568593,0.136,False,False,2000,1.4779125781883278,6.797743422295412,9.784028797997573
305,2023-02-20 06:00:00,0.09838269910243463,0.040340473645362265,0.05087289608134562,0.1442510180773245,0.1986966040647361,0.1435,False,False,2000,1.4619603258663487,6.729505401874271,9.866958461532956
306,2023-02-20 12:00:00,0.119445949713737,0.03790727598027971,0.04843269691730331,0.13190203333605027,0.19423089032252835,0.076,False,False,2000,1.4672510550177478,8.140798352487275,8.989738523953884
307,2023-02-20 18:00:00,0.10834737881297399,0.03578725050024307,0.04883264771743853,0.1311821133226648,0.20335238276819748,0.097,False,False,2000,1.4811745675668984,7.3149634881291865,8.856627449265183
308,2023-02-21 00:00:00,0.12725550225158344,0.0376378902864933,0.048691406261685645,0.13900202397488304,0.19125808969687141,0.0665,False,False,2000,1.5076593448425382,8.440600503482711,9.219723570207472
309,2023-02-21 06:00:00,0.11450475114590933,0.03583185439759794,0.046859019453849106,0.13088628227215635,0.18863207452590539,0.0745,False,False,2000,1.4916921365267437,7.676165097479311,8.774349550230385
310,2023-02-21 12:00:00,0.08767717455391971,0.03689386733594164,0.04921013787587854,0.14173907798563823,0.20368866848781228,0.1575,False,False,2000,1.4798988292448818,5.9245384090652315,9.57761944159119
311,2023-02-21 18:00:00,0.0953030275476631,0.03550795727851603,0.04674481209411583,0.1344122938924722,0.18080902540211455,0.1265,False,False,2000,1.4639257171520816,6.510099961428742,9.181633488477654
312,2023-02-22 00:00:00,0.1276811610881974,0.037005450851438935,0.048850029347286425,0.13995399918700055,0.18812261537520564,0.0635,False,False,2000,1.4845694373608378,8.60055163975219,9.4272450762425
313,2023-02-22 06:00:00,0.14770754265843644,0.0396910031769455,0.04934517274080288,0.13727992201415729,0.1910213070873023,0.0375,True,False,2000,1.489581519308274,9.916042911637915,9.21600598790369
314,2023-02-22 12:00:00,0.12908671827383883,0.03769762009759583,0.04724281175924633,0.13575278857238618,0.19028848846424834,0.056,False,False,2000,1.5238940488222366,8.470846012792382,8.908282611727808
315,2023-02-22 18:00:00,0.14504011886908202,0.03746573489423499,0.048140070227458864,0.13711998878179343,0.18927891380469367,0.0355,True,False,2000,1.5246356631588587,9.513100235932868,8.993623335407069
316,2023-02-23 00:00:00,0.13705293779182529,0.03698426695225856,0.04898277803065954,0.13804647870897976,0.19448763058587895,0.051,False,False,2000,1.564912617314221,8.757865217231247,8.821353804783161
317,2023-02-23 06:00:00,0.11807393563672432,0.035508590688561756,0.0458811669780354,0.12993070544580448,0.18171332647201727,0.0645,False,False,2000,1.5284443298417911,7.7251054115229785,8.500846442948536
318,2023-02-23 12:00:00,0.12921439581893596,0.035253766354473554,0.04614919406567732,0.12885474395318602,0.18429803758034555,0.0495,True,False,2000,1.5045977559401416,8.587969462854668,8.56406594018025
319,2023-02-23 18:00:00,0.10989977213106006,0.03477273488102948,0.04630438731786134,0.12743262474764566,0.17791113624525132,0.087,False,False,2000,1.5088608308115161,7.283625493277087,8.445618187272322
320,2023-02-24 00:00:00,0.11670673756372754,0.034301892542473116,0.046307933956660635,0.12968192395656647,0.18540967222248161,0.076,False,False,2000,1.5245191555837614,7.655314604363811,8.50641485753646
321,2023-02-24 06:00:00,0.11172866668869892,0.03338225138204452,0.0450390153282318,0.12587398820308002,0.17478699147811594,0.082,False,False,2000,1.543155100099102,7.240274595957572,8.156923966683346
322,2023-02-24 12:00:00,0.11110539294095363,0.03556204412914943,0.04580540454337255,0.12905293519759345,0.17041775850229193,0.087,False,False,2000,1.5558418518513715,7.1411752299081,8.294733493897668
323,2023-02-24 18:00:00,0.12810636621240615,0.03514368497202414,0.04553864890335246,0.13000858984233268,0.17435509951686506,0.055,False,False,2000,1.5856160963853367,8.079280129940969,8.19924760720504
324,2023-02-25 00:00:00,0.14891606202620639,0.03459056810829985,0.046744092923863105,0.13376112331828072,0.1779883084716355,0.0305,True,False,2000,1.5440170938173892,9.644715892233425,8.663189277754242
325,2023-02-25 06:00:00,0.15815380970933787,0.03317960011654366,0.04563282719403073,0.1307110691127971,0.18649091154722353,0.0205,True,False,2000,1.5655725575906632,10.101978917714844,8.349090463999625
326,2023-02-25 12:00:00,0.15301939854291066,0.03067200504484261,0.0422778782519004,0.11818221912988917,0.16909441986038554,0.02,True,False,2000,1.545177232903132,9.903032175500837,7.6484571875191545
327,2023-02-25 18:00:00,0.1604597671665491,0.0330638398028524,0.043962693665869516,0.12643939073208907,0.17453086133010318,0.017,True,False,2000,1.4913882558250495,10.759087483747235,8.477966098917793
328,2023-02-26 00:00:00,0.17124622687699764,0.031040393002444135,0.04381869367583614,0.12339337400113676,0.1728414935853251,0.011,True,False,2000,1.4954229433085926,11.451357466678884,8.251403026366003
329,2023-02-26 06:00:00,0.1569139396787607,0.03073419818581727,0.043881184265325744,0.12509615471488303,0.18164738071059694,0.0185,True,False,2000,1.4273171610144222,10.99362804320512,8.764425884571777
330,2023-02-26 12:00:00,0.16313300475996367,0.031061100096869004,0.04332648518953198,0.11994031286492311,0.16880498644565586,0.014,True,False,2000,1.4121784181192447,11.551869272809457,8.493283237160712
331,2023-02-26 18:00:00,0.15455811209098747,0.03327999395318934,0.044917622991172315,0.12532030975128727,0.1777539194854419,0.022,True,False,2000,1.3907672950490437,11.113154058280985,9.010875521549275
332,2023-02-27 00:00:00,0.15643993439573736,0.0310051490476423,0.04271614570618012,0.11893616503421307,0.1698922875560081,0.019,True,False,2000,1.3944344952385481,11.218880121649239,8.529347591466925
333,2023-02-27 06:00:00,0.1728716067158402,0.03199329173847596,0.044100395092816,0.11941541401138005,0.18084788925592873,0.0125,True,False,2000,1.3958885196034174,12.38434189321611,8.554795912019312
334,2023-02-27 12:00:00,0.1848790481491462,0.029427812222711278,0.04187685407116199,0.11970965309675906,0.1654186093973794,0.005,True,True,2000,1.408324761378397,13.127586279758086,8.50014544795714
335,2023-02-27 18:00:00,0.1754185784835662,0.03032349063794473,0.04393384440207292,0.12252144790764458,0.16569717233233303,0.007,True,True,2000,1.4396461144023514,12.184840199870143,8.510525377169348
336,2023-02-28 00:00:00,0.1727221131415282,0.03083913799482353,0.04206535023683976,0.12089066242376487,0.16576803105658086,0.0085,True,True,2000,1.4417833393634758,11.979755100914277,8.384800900608004
337,2023-02-28 06:00:00,0.19021775897096285,0.032361741069574575,0.04441369116511302,0.12845192182146295,0.17074247603598114,0.005,True,True,2000,1.441172034246155,13.198823905187803,8.913017930482761
338,2023-02-28 12:00:00,0.19065049385058672,0.03160714154019997,0.04361276278248166,0.12137771104538517,0.17379862421102438,0.0045,True,True,2000,1.4182887574295029,13.442290425831224,8.558039426708094
339,2023-02-28 18:00:00,0.21546862605528866,0.031319985846463456,0.042946754199608216,0.11750902953344719,0.1658310712935589,0.003,True,True,2000,1.379182350074381,15.62292513703269,8.520195282886979
340,2023-03-01 00:00:00,0.2136381057493733,0.032868768824164576,0.044907796430726135,0.1247085620776228,0.18173553417143798,0.002,True,True,2000,1.3945165638429857,15.31986864040058,8.942780983106648
341,2023-03-01 06:00:00,0.2264940574295834,0.03224818962767145,0.043178661111305666,0.12127622623503827,0.17299588714783426,0.0015,True,True,2000,1.4133890789144328,16.024890867527034,8.580526625278981
342,2023-03-01 12:00:00,0.22064270354057244,0.03473575725041337,0.04576042743669505,0.12765687347781726,0.18534759247533492,0.003,True,True,2000,1.4416335562195408,15.305047707072909,8.855015404370684
343,2023-03-01 18:00:00,0.23507239748117528,0.03257751162466496,0.04459607281954794,0.12202314572760152,0.17847736758771277,0.0015,True,True,2000,1.4193116914036303,16.562422398472606,8.597346619961014
344,2023-03-02 00:00:00,0.2600905362441144,0.033243819660180446,0.04559622811173459,0.1269918401063715,0.1801145626955409,0.001,True,True,2000,1.4191860023328031,18.326740527075916,8.948216787484318
345,2023-03-02 06:00:00,0.24260956938001774,0.03401546821645188,0.04528162242244484,0.12796857782968526,0.18466122815549837,0.0,True,True,2000,1.4193469064508148,17.09304246040043,9.01601837070829
346,2023-03-02 12:00:00,0.25662604447224235,0.031931535216330895,0.04349268348760436,0.1152637661736839,0.16747277047101822,0.001,True,True,2000,1.4160589048304055,18.12255433703001,8.139757871688854
347,2023-03-02 18:00:00,0.2789561413200923,0.031824871768580794,0.04340492845804817,0.12327535350881992,0.17148718639088412,0.0,True,True,2000,1.4150411713427904,19.71364133916891,8.711785636020675
348,2023-03-03 00:00:00,0.2737526991287721,0.034208620936167375,0.04551757097957926,0.12817321701817472,0.18680109897651714,0.0,True,True,2000,1.4074630666583523,19.450080475555588,9.106684221738623
349,2023-03-03 06:00:00,0.290880648907613,0.034039401262472846,0.0464931508814976,0.1302228223570607,0.18566137973174307,0.001,True,True,2000,1.4164229078436728,20.536285264578396,9.193781153632195
350,2023-03-03 12:00:00,0.2800743942835717,0.03447255718728909,0.046331509018420855,0.13134400022799228,0.18108458938967123,0.0005,True,True,2000,1.4450018739920756,19.382285886579247,9.08953840074484
351,2023-03-03 18:00:00,0.27533433703582605,0.033441580116877694,0.046358835029994,0.133390693106154,0.1763450945915248,0.0005,True,True,2000,1.4250697034549669,19.320762792746216,9.360292537463886
352,2023-03-04 00:00:00,0.26794565838788154,0.03498305170913004,0.046022138712006326,0.13131141983939093,0.17920492701760726,0.001,True,True,2000,1.4270501992633584,18.776190110634843,9.20159780694286
353,2023-03-04 06:00:00,0.2675301516395581,0.03529325022199349,0.045507371332556876,0.1279737751797558,0.18134858834729192,0.0,True,True,2000,1.4280653535058638,18.7337470923707,8.961338839681494
354,2023-03-04 12:00:00,0.2609860391638474,0.0346371336365926,0.046709576314747335,0.13224478683557095,0.19112937529753232,0.0005,True,True,2000,1.4292237862530857,18.260683993236608,9.252909733770213
355,2023-03-04 18:00:00,0.2677175221884173,0.0343251402933899,0.047068913106344534,0.13061374783035437,0.19705018457579648,0.0005,True,True,2000,1.3871967814972987,19.299174115690423,9.415661106809504
356,2023-03-05 00:00:00,0.2754485929089698,0.03705760013384922,0.04838686898745546,0.1388524531858738,0.18632427424840667,0.001,True,True,2000,1.3578345072148381,20.28587367940473,10.226021834625861
357,2023-03-05 06:00:00,0.24531924583169268,0.038846167502732745,0.04838049364687297,0.13868676541042319,0.19509668943934827,0.001,True,True,2000,1.363319341062445,17.994261391503002,10.17272778528496
358,2023-03-05 12:00:00,0.2258816438926168,0.03624676635407212,0.04702971182570595,0.13189812930441544,0.1875567754872532,0.004,True,True,2000,1.3767302826515386,16.407109419978468,9.580535197524952
359,2023-03-05 18:00:00,0.21007694569273797,0.03499011523235915,0.045943562990855516,0.1255507552237442,0.1785735157192571,0.0045,True,True,2000,1.298318705795405,16.180691594059404,9.67025697645067
360,2023-03-06 00:00:00,0.20550942560515992,0.03176757893159754,0.04409677492676865,0.1216739621723542,0.1817002868482456,0.004,True,True,2000,1.2961332960937242,15.855577989125234,9.387457489060283
361,2023-03-06 06:00:00,0.1844855297501253,0.03268874251553474,0.044882997211773565,0.12736308496361917,0.1764496913609053,0.007,True,True,2000,1.312661656373535,14.054309338158008,9.70265904738032
362,2023-03-06 12:00:00,0.1788693465496791,0.03080756878640573,0.043768805700639346,0.12413508875097323,0.1839259355727065,0.013,True,False,2000,1.3233529789014822,13.516374648444806,9.380346039952093
363,2023-03-06 18:00:00,0.18106985239236068,0.0309917213686647,0.04329279229179583,0.11953344073778675,0.17480787813293017,0.0075,True,True,2000,1.3022401393916698,13.904490186959364,9.179062841176572
364,2023-03-07 00:00:00,0.17190302207723146,0.030306754533602046,0.04350463600618289,0.11815520053082079,0.17969928539883287,0.013,True,False,2000,1.2883537434062418,13.342843373337976,9.171021634045447
365,2023-03-07 06:00:00,0.17096162625317515,0.03196843700007337,0.04421202749395703,0.12314701815911036,0.17985546334857686,0.013,True,False,2000,1.2980645337666732,13.170502837565815,9.486971945976148
366,2023-03-07 12:00:00,0.1744713338400779,0.03438404585734902,0.046189718090920186,0.13053193356902265,0.180852786442983,0.0135,True,False,2000,1.3084265555762822,13.3344384594238,9.976252240732862
367,2023-03-07 18:00:00,0.18041897297806866,0.03461911442572126,0.04616558428679084,0.12812030417055784,0.18746509763499683,0.0125,True,False,2000,1.3487585275157965,13.376669677883138,9.499128387831995
368,2023-03-08 00:00:00,0.18544031846568892,0.036273175738195905,0.046325125901005536,0.1291942937534531,0.18710701309313651,0.0115,True,False,2000,1.410764467158928,13.144668921179909,9.157750762863442
369,2023-03-08 06:00:00,0.18027234505897355,0.03725524282115721,0.04856866089626434,0.13577400876068094,0.1979606431244816,0.021,True,False,2000,1.4159614778938556,12.73144417227481,9.588820803418702
370,2023-03-08 12:00:00,0.16266094840022674,0.0352595365641415,0.046883878179885326,0.13097995915962435,0.18109044310304787,0.0165,True,False,2000,1.4076403014166678,11.555576253146674,9.30493102732313
371,2023-03-08 18:00:00,0.1515811006819789,0.0366662044617591,0.04869009626943122,0.13456933351001657,0.19557527547101147,0.031,True,False,2000,1.4102620438334421,10.748435111388508,9.542150985232768
372,2023-03-09 00:00:00,0.1645686219432347,0.03550713141200866,0.04677005454315326,0.1354025339873915,0.18395381572589015,0.0195,True,False,2000,1.405063616419652,11.712538850204119,9.636754692461603
373,2023-03-09 06:00:00,0.15322964298155745,0.034095742492845464,0.04483674465651126,0.12708417781588877,0.17952366175140844,0.024,True,False,2000,1.3824322735494112,11.084061470016069,9.192795932751094
374,2023-03-09 12:00:00,0.15874742047558552,0.03784924853084667,0.04839981894973078,0.13877660454257387,0.1962626740258174,0.0285,True,False,2000,1.3975597579627952,11.358900366950289,9.929922763722585
375,2023-03-09 18:00:00,0.16018335716448684,0.03628368572768495,0.046361856870608446,0.13478757875200537,0.1768262731235798,0.021,True,False,2000,1.4286092293675945,11.212538311501428,9.434880860434596
376,2023-03-10 00:00:00,0.15495527247397367,0.0368805138075647,0.04707964784726948,0.1339909707122824,0.17927917118824305,0.0205,True,False,2000,1.4309331450943308,10.828966608622279,9.363887556287569
377,2023-03-10 06:00:00,0.1505984349149055,0.03453199450007932,0.046564119766685785,0.12885098662794592,0.19364936273792974,0.034,True,False,2000,1.485819178894005,10.135717525668635,8.672050304523486
378,2023-03-10 12:00:00,0.1470737429493023,0.037214482604942714,0.04796271640233573,0.13663178562722406,0.19559231650168543,0.0385,True,False,2000,1.4933454343839392,9.848608336889967,9.149375789506449
379,2023-03-10 18:00:00,0.1333053497812449,0.03648273635583648,0.047438749478593605,0.1357990383250107,0.18947358722562166,0.0525,False,False,2000,1.5322423744403524,8.70001717776108,8.862764833442943
380,2023-03-11 00:00:00,0.13544950925849927,0.03737312000533828,0.04849282545407878,0.13861123610847373,0.183300894296722,0.0545,False,False,2000,1.5425424556751195,8.78092585135477,8.985894397817933
381,2023-03-11 06:00:00,0.14950391917122208,0.03746399102796047,0.0480511584391579,0.13750996861961892,0.1871562009925262,0.039,True,False,2000,1.5728023994889906,9.505575475965477,8.742990770124488
382,2023-03-11 12:00:00,0.14794309733002642,0.036160875447429665,0.046999341542302134,0.13237557393117264,0.18313704092353694,0.0315,True,False,2000,1.5974129293432924,9.26141854823016,8.286872573742917
383,2023-03-11 18:00:00,0.1654368453887351,0.0387941886885096,0.04687007930682155,0.13272881309294499,0.17675734116689046,0.017,True,False,2000,1.6052967184235087,10.305686387448878,8.268179431855572
384,2023-03-12 00:00:00,0.16136289034899676,0.03921933428226009,0.04938504428720212,0.13789422061676793,0.19194348122447968,0.0295,True,False,2000,1.5788330522383776,10.22038968086118,8.733932977984566
385,2023-03-12 06:00:00,0.15329629330134042,0.036023441824087225,0.0463677022871242,0.1320257663345071,0.1815481067868002,0.0245,True,False,2000,1.5972885428716233,9.597282468810715,8.26561781361993
386,2023-03-12 12:00:00,0.1642210154181154,0.03596993647327389,0.04590687126696581,0.12984891975081758,0.18404225395363358,0.018,True,False,2000,1.5994095862708109,10.267602296983458,8.118553300257114
387,2023-03-12 18:00:00,0.15620512988189691,0.03528555398818584,0.04607574442119496,0.12752965239651468,0.18390787995141247,0.023,True,False,2000,1.5842607462838356,9.859811918480196,8.049789322600972
388,2023-03-13 00:00:00,0.1636881638289969,0.03760860416396859,0.0475607017796524,0.1384413114146075,0.18290907047345978,0.0215,True,False,2000,1.6119071454641918,10.154937540267465,8.58866540818886
389,2023-03-13 06:00:00,0.17272116092366496,0.03963325462506343,0.04915793449586597,0.13943236841261453,0.19563475399397773,0.018,True,False,2000,1.582498003580332,10.914463116723747,8.810903274263532
390,2023-03-13 12:00:00,0.17708898296332248,0.03685310034001124,0.04916774626787338,0.13969788314931594,0.19445504623333318,0.0155,True,False,2000,1.5665489384909272,11.304401580579674,8.917556273976883
391,2023-03-13 18:00:00,0.1728335944583032,0.036376828252860954,0.047646463816564566,0.13603243739102813,0.18296803389986752,0.0155,True,False,2000,1.581977753174528,10.925159605530542,8.598884347017785
392,2023-03-14 00:00:00,0.20069771846130566,0.0395905808754117,0.04999754337587392,0.14069105312065222,0.20143711636760256,0.012,True,False,2000,1.59439193675235,12.58772788766801,8.824119708434349
393,2023-03-14 06:00:00,0.20331845167391221,0.03933236351641346,0.0490286322228924,0.14148307164116353,0.19365612410469218,0.006,True,True,2000,1.5997868725569917,12.7090961403466,8.843870022200301
394,2023-03-14 12:00:00,0.22438638342791092,0.04284223692686067,0.052492682056657476,0.15517726504025045,0.20575842220421578,0.007,True,True,2000,1.6015637061618873,14.010456316199123,9.689109739638731
395,2023-03-14 18:00:00,0.2603931100893071,0.039742892703268376,0.04996375844944489,0.14539663379471496,0.19342018115136653,0.0,True,True,2000,1.5616905037067732,16.67379736709977,9.310207973321646
396,2023-03-15 00:00:00,0.3108106650163943,0.04261809970823088,0.05126878787273011,0.1438925780911907,0.19987385575373473,0.0,True,True,2000,1.531360027538639,20.29638095725677,9.396391149275967
397,2023-03-15 06:00:00,0.2853532959344191,0.042081514472607696,0.05316525264953537,0.15378350137817437,0.20401226668029132,0.0,True,True,2000,1.542251866049433,18.50237968363546,9.97136101848913
398,2023-03-15 12:00:00,0.2927193607756243,0.04320124021800862,0.051679585856995634,0.14742351979366278,0.1984975808132714,0.0005,True,True,2000,1.5476429996747534,18.91388135617459,9.52568000660648
399,2023-03-15 18:00:00,0.2754208867186258,0.03978530645668369,0.04996223574634972,0.14466856674723313,0.1894548765880295,0.0005,True,True,2000,1.5337824884228979,17.9569716565108,9.432143595275212
400,2023-03-16 00:00:00,0.25899926559778913,0.043684906716985085,0.05334351728776612,0.14942763035455411,0.20186117257351877,0.0035,True,True,2000,1.4990110329646882,17.278009294271172,9.968414312403139
401,2023-03-16 06:00:00,0.24619529941213697,0.03896101981082413,0.04838152433130751,0.13745832557324603,0.19086629358104584,0.001,True,True,2000,1.4725453827852661,16.71902966728723,9.3347429003002
402,2023-03-16 12:00:00,0.252816547499885,0.04151392217674305,0.05142473888343017,0.14305422248520047,0.20622264194242684,0.0025,True,True,2000,1.4903508419835259,16.963559208877854,9.598694378218212
403,2023-03-16 18:00:00,0.27230367180092613,0.04133749749022621,0.05128778890669716,0.14887857764960866,0.2005972143176254,0.0005,True,True,2000,1.4867986506570101,18.314764523131377,10.01336513076736
404,2023-03-17 00:00:00,0.2504828583265888,0.04001737635496673,0.04976237048293542,0.1428276844895668,0.19366010244663226,0.0005,True,True,2000,1.5097468914837942,16.591049780563665,9.460372814491727
405,2023-03-17 06:00:00,0.2571580377453632,0.03997845528770936,0.05085649971650092,0.14617794481031446,0.2070806538986574,0.0015,True,True,2000,1.5369196193905175,16.73204209907491,9.511098886764355
406,2023-03-17 12:00:00,0.27851287451561796,0.04053371429370198,0.05128254015922334,0.14626846370008842,0.2052073414440044,0.001,True,True,2000,1.529475331284723,18.209700334406424,9.563309764350784
407,2023-03-17 18:00:00,0.2739258239779934,0.04019802840185298,0.05102106216732434,0.14635885651789832,0.2075380324379691,0.001,True,True,2000,1.5391587394863244,17.797113250931666,9.509016371290189
408,2023-03-18 00:00:00,0.25570096104703666,0.042070115996480646,0.050183221546489166,0.14295506468854546,0.19014885245494262,0.002,True,True,2000,1.5618526241406514,16.371644615811697,9.152916381416007
409,2023-03-18 06:00:00,0.27120451272172874,0.041631526945805804,0.05035296442330306,0.14208731690624196,0.19609109789053,0.0015,True,True,2000,1.5339068649018066,17.680637522871375,9.263099354818893
410,2023-03-18 12:00:00,0.2610210393754917,0.045292942818713246,0.05411714845178497,0.15133385359058754,0.21360438724048905,0.0035,True,True,2000,1.5257205626354702,17.10805017431332,9.918844727974259
411,2023-03-18 18:00:00,0.27446886073789084,0.04142911914684204,0.050029003984380066,0.14218881625883076,0.1868593159392856,0.002,True,True,2000,1.5158529996015842,18.106561837462486,9.38011906802326
412,2023-03-19 00:00:00,0.2859041115551005,0.03930370702429944,0.048307555585466753,0.13966323349793514,0.18355944200571506,0.0,True,True,2000,1.4980648236158849,19.08489586351895,9.322909883220504
413,2023-03-19 06:00:00,0.27947697279042794,0.04150389114272957,0.05173730135084708,0.1471957770564286,0.19916977677752526,0.0015,True,True,2000,1.475032296320432,18.94717651183653,9.979156213977038
414,2023-03-19 12:00:00,0.27908264459771576,0.041737862326823284,0.05190053030825978,0.1468139090977772,0.1998363684272282,0.0005,True,True,2000,1.4921857538292065,18.702942571428622,9.83884940068804
415,2023-03-19 18:00:00,0.27019037378878996,0.04074441440830025,0.04924871788307731,0.14268721556353833,0.19308572401650922,0.0,True,True,2000,1.4756802064726107,18.309547868412427,9.66925048785539
416,2023-03-20 00:00:00,0.26594491817750854,0.04334119491520226,0.05167744076993295,0.1486605947256593,0.20232465413849365,0.0005,True,True,2000,1.4810113168144787,17.956980825071074,10.03777574403785
417,2023-03-20 06:00:00,0.2755284605967645,0.03838536794945857,0.048916276096586025,0.1446073208344682,0.18927582852894967,0.0,True,True,2000,1.4900935376326474,18.49068220472281,9.704580093959056
418,2023-03-20 12:00:00,0.2995637964200397,0.03936958218333541,0.04911300329338708,0.1356895273577232,0.19439325257149473,0.0,True,True,2000,1.5216979339039831,19.686153851276885,8.916981769805373
419,2023-03-20 18:00:00,0.2982375617132407,0.04044663436993922,0.050570212092911,0.14291021351320177,0.19820918516783365,0.0005,True,True,2000,1.609453867908064,18.53035788474533,8.879422788237703
420,2023-03-21 00:00:00,0.29406603847944907,0.03955743158188635,0.04854001717332646,0.13673424383947744,0.1891872682486589,0.0,True,True,2000,1.627423942192948,18.06941822935185,8.40188228122222
421,2023-03-21 06:00:00,0.29169809379625117,0.0375655595681782,0.04847241579127541,0.13515174898795002,0.1908668766082433,0.0,True,True,2000,1.6251549472993276,17.948940455246635,8.31623773551835
422,2023-03-21 12:00:00,0.2862741346641437,0.04038332187241788,0.05115510547098553,0.14124914381976328,0.2038617467518513,0.0,True,True,2000,1.5941348517116187,17.957962236179196,8.860551770015217
423,2023-03-21 18:00:00,0.25941562507751337,0.03671867524860061,0.048010781794472664,0.13603089397388748,0.19439719600904487,0.0005,True,True,2000,1.5955088180170756,16.259115722087913,8.5258628744496
424,2023-03-22 00:00:00,0.26860045227448115,0.03694263437921021,0.04654682777538013,0.132606405590948,0.18070837108418533,0.0005,True,True,2000,1.544765994595911,17.38777609127415,8.584239040401453
425,2023-03-22 06:00:00,0.2662818357801842,0.036441210556950945,0.04684962165075875,0.13099077249839372,0.1889773358751884,0.001,True,True,2000,1.5444983349988461,17.24066836112084,8.481120991204667
426,2023-03-22 12:00:00,0.2532308671364155,0.038971074592862524,0.04822725284678857,0.13899528335246158,0.1858583232707284,0.0015,True,True,2000,1.5012607416037373,16.867880449994253,9.258570446861777
427,2023-03-22 18:00:00,0.243298797998983,0.04029393261153187,0.050330085007879645,0.1427338687598095,0.19636313621784457,0.0025,True,True,2000,1.5506715612318693,15.689898756233328,9.204648639227011
428,2023-03-23 00:00:00,0.27041491837522735,0.039077200412621804,0.04950887206468814,0.14390269094724986,0.19677204079422989,0.001,True,True,2000,1.4939618376723067,18.100523825732527,9.632286937895278
429,2023-03-23 06:00:00,0.25848304507650743,0.04000395127490891,0.0504500102394342,0.14286114624429627,0.20188643958858885,0.0005,True,True,2000,1.489331290553625,17.355644557794946,9.592301400663576
430,2023-03-23 12:00:00,0.25358112829802965,0.04139602156351422,0.05110103594763485,0.14830957764466052,0.20085018112854497,0.002,True,True,2000,1.484814622562799,17.078302196428204,9.988423833587879
431,2023-03-23 18:00:00,0.24786781859431756,0.03912238835595366,0.050721355771795894,0.1444927325355785,0.20552093580397268,0.002,True,True,2000,1.5172887988552062,16.33623201999077,9.523087011819914
432,2023-03-24 00:00:00,0.24724035633706296,0.03946048592969272,0.05008317296468718,0.1419781714380908,0.19473311001835206,0.0025,True,True,2000,1.4960354493538548,16.526370176846232,9.490294598260482
433,2023-03-24 06:00:00,0.2475298515190525,0.038329747859501384,0.049797458466590956,0.13421411334629513,0.20034226836247251,0.0025,True,True,2000,1.4895674469768196,16.61756585923192,9.010274332907313
434,2023-03-24 12:00:00,0.23948229849414351,0.04056492940721169,0.051722168172255514,0.14655521628236903,0.20366991294702455,0.0015,True,True,2000,1.4575291843554994,16.430703485367225,10.055045062248539
435,2023-03-24 18:00:00,0.24774016934439289,0.03899397960072888,0.049841875290378986,0.14291462291989723,0.1909013793555155,0.003,True,True,2000,1.4588459635866866,16.981927875051618,9.796416241816955
436,2023-03-25 00:00:00,0.25493812243604097,0.03840757022903549,0.04876041664108585,0.1362637825996581,0.18889015172988208,0.0025,True,True,2000,1.462715647906478,17.429096543878707,9.31580808578117
437,2023-03-25 06:00:00,0.2617962436272091,0.041050603330853024,0.052018916919725745,0.1496548004230507,0.19655321690194047,0.002,True,True,2000,1.4653516616140214,17.865762225215747,10.212893214875972
438,2023-03-25 12:00:00,0.24091573084403958,0.043448125889821713,0.05438658785805639,0.1558582294270782,0.2144252231653659,0.004,True,True,2000,1.4664141501445815,16.42890112730339,10.628527378279275
439,2023-03-25 18:00:00,0.228124744452053,0.0428767489346734,0.05190671161677903,0.14784036549838245,0.19965071423532582,0.0055,True,True,2000,1.482825971053507,15.384458385900581,9.970176432325767
440,2023-03-26 00:00:00,0.2274291855648204,0.04384600440373118,0.05275207550747372,0.15041760720153213,0.20108477625824686,0.005,True,True,2000,1.484722247775793,15.317961720148233,10.131026690471375
441,2023-03-26 06:00:00,0.22218124088696714,0.048582679441716695,0.057190126536584,0.16308383851959427,0.22284830033791533,0.0105,True,False,2000,1.5242767094624488,14.576175015186157,10.699096660547113
442,2023-03-26 12:00:00,0.23133499395896254,0.042993747274991376,0.053110302838557784,0.1518159481676589,0.20366864287292116,0.004,True,True,2000,1.5182927187469937,15.236521331003756,9.999122454657396
443,2023-03-26 18:00:00,0.22011851243184355,0.04229148119269738,0.05248060997854154,0.1513221981007307,0.1998229740709853,0.0065,True,True,2000,1.53402421669892,14.349089801562487,9.86439434615721
444,2023-03-27 00:00:00,0.21571649422366468,0.04121737467524599,0.05187683448618814,0.1490425454963081,0.20480208774480324,0.007,True,True,2000,1.5273127831120934,14.123923835962074,9.758482161893193
445,2023-03-27 06:00:00,0.2383967410126764,0.04207589655031369,0.05141211878664729,0.14646440313413883,0.2004696525210001,0.002,True,True,2000,1.4992338391111661,15.901238005274212,9.769283437530435
446,2023-03-27 12:00:00,0.23463073706120735,0.04154574165038644,0.05044989937592052,0.1433737449063465,0.19097139303710836,0.002,True,True,2000,1.4993740797682014,15.648578978868338,9.562239793321734
447,2023-03-27 18:00:00,0.21845262551045863,0.044726560233365804,0.053985853218481296,0.1560641658766309,0.22212944424913017,0.0115,True,False,2000,1.5151768479451402,14.41763222601512,10.30006273447768
448,2023-03-28 00:00:00,0.21081375419564094,0.046359903830951295,0.05545396074398995,0.15440916598025167,0.22295992456980918,0.0125,True,False,2000,1.5086501072972451,13.973667795862548,10.234922281408016
449,2023-03-28 06:00:00,0.22168381396460413,0.046783031135446636,0.05455647842242845,0.15476474288703393,0.20847907073172384,0.007,True,True,2000,1.4949349976299018,14.828993522532139,10.352606844605344
450,2023-03-28 12:00:00,0.23792273452881854,0.04692176876115181,0.05584498127906098,0.15798577676657494,0.2141729395972223,0.006,True,True,2000,1.4635204458893554,16.25687807758894,10.794914222778063
451,2023-03-28 18:00:00,0.22630369463792022,0.0442353364031888,0.05341612283386071,0.1515118757838306,0.22086186088470136,0.009,True,True,2000,1.4385907182467876,15.730929705546606,10.531965336776143
452,2023-03-29 00:00:00,0.22335742719726362,0.042976872280502634,0.052771963455032746,0.14835763880152517,0.20730743253001788,0.0065,True,True,2000,1.4691744406778457,15.20292083860452,10.098027483589771
453,2023-03-29 06:00:00,0.23042599507400457,0.043125663967848976,0.05227167605130782,0.15222084564642177,0.20930121985980352,0.005,True,True,2000,1.443149960964302,15.966878100459889,10.547818990668784
454,2023-03-29 12:00:00,0.24144147574169314,0.044027212014630605,0.053927367060507325,0.14900018087650083,0.22217157282050434,0.0065,True,True,2000,1.4613732547105165,16.521547452948308,10.195901724369266
455,2023-03-29 18:00:00,0.23465987540622937,0.043406442381118106,0.05153782333504519,0.1495509753355454,0.20244446308400788,0.003,True,True,2000,1.460795481352367,16.063841817814723,10.23763950837902
456,2023-03-30 00:00:00,0.23330370655095314,0.04128707393508129,0.05091713664178504,0.1420760423268372,0.19992651653801197,0.003,True,True,2000,1.469469416439183,15.876731011952225,9.66852666257701
457,2023-03-30 06:00:00,0.23156330503060998,0.045398545138109925,0.052559255374142196,0.1507881631910706,0.200965516484762,0.003,True,True,2000,1.5126706332984488,15.308243574853794,9.968340752558275
458,2023-03-30 12:00:00,0.2456741633793202,0.04196692962527299,0.052185683938733796,0.15053802432776014,0.206989371407316,0.0025,True,True,2000,1.5352906285896029,16.001801795990193,9.805180955611782
459,2023-03-30 18:00:00,0.23926904877437147,0.040957920827808726,0.05024577106274113,0.14332536555025496,0.1991567040651894,0.002,True,True,2000,1.535712410602851,15.580329176375237,9.332825896353336
460,2023-03-31 00:00:00,0.2314051666762431,0.04459994235746889,0.053267331991666375,0.15313250337003792,0.20809865557220425,0.0045,True,True,2000,1.539250902732795,15.033622281163197,9.948508271014529
461,2023-03-31 06:00:00,0.22060308892775024,0.047672862642216554,0.053987389102841905,0.15529191017018837,0.21355340977671483,0.0085,True,True,2000,1.546349810278406,14.266053351022348,10.04248257011326
462,2023-03-31 12:00:00,0.22159839837008513,0.04515483667195062,0.05408166823238382,0.15417345471951124,0.2141897510424846,0.0075,True,True,2000,1.498424167883409,14.78876296310028,10.289039513910678
463,2023-03-31 18:00:00,0.22202076170532714,0.044625570697879736,0.053566182538052697,0.15616078842404232,0.21785810052842397,0.0085,True,True,2000,1.4874640368435499,14.926126360437115,10.498458084097342
464,2023-04-01 00:00:00,0.21253576017478834,0.04689137272256076,0.054464625013109134,0.15295176207004169,0.21283071561834785,0.0105,True,False,2000,1.4606571363089043,14.550694676498033,10.47143496361866
465,2023-04-01 06:00:00,0.2454003617660675,0.04449505708212807,0.05390849132652689,0.15157922858503342,0.21785956387871036,0.0045,True,True,2000,1.4293275926963815,17.168937549377848,10.604932652218935
466,2023-04-01 12:00:00,0.25727832815472357,0.044542312302047506,0.05236275766459501,0.149145838077202,0.19921909451025824,0.001,True,True,2000,1.3881020580358874,18.53453978151742,10.744587345993695
467,2023-04-01 18:00:00,0.24659706659880806,0.040985103177708024,0.050187083056275734,0.14093106513845857,0.19804581233388738,0.002,True,True,2000,1.4072935437176304,17.522788170218956,10.014333240395795
468,2023-04-02 00:00:00,0.21362580487445224,0.03987363118131559,0.051337717448023734,0.14473851994115658,0.21135000416170233,0.01,True,True,2000,1.4692201230594195,14.540081606669675,9.851384259545902
469,2023-04-02 06:00:00,0.18274757873705016,0.04382397926127082,0.052110408817328244,0.15264546987676003,0.20219912572737148,0.018,True,False,2000,1.4545847304799449,12.563556794436584,10.494092690385536
470,2023-04-02 12:00:00,0.20099398864242157,0.04356882985637119,0.05164257434039335,0.14538725471091196,0.20671403904901553,0.011,True,False,2000,1.4764245703440733,13.613562973662848,9.847252452391132
471,2023-04-02 18:00:00,0.2304272385756604,0.04249096258294463,0.05159087024722619,0.14756341537293258,0.2061265626426018,0.004,True,True,2000,1.4536342136930591,15.851803459567995,10.15134440170044
472,2023-04-03 00:00:00,0.21633606824886165,0.043396468116669355,0.05211433625498862,0.14839042981846534,0.20352404581039435,0.0045,True,True,2000,1.439613822239444,15.027368097392408,10.307655256298608
473,2023-04-03 06:00:00,0.2092685148936714,0.04226120932851893,0.05231112887239971,0.1482427054311641,0.21123309896527206,0.0105,True,False,2000,1.4426459458900973,14.505881743878254,10.275751015243031
474,2023-04-03 12:00:00,0.21712814305894804,0.04250579789763936,0.05197932426605384,0.14665546242914707,0.20826020895279476,0.0075,True,True,2000,1.441324599033467,15.064486043223798,10.175047489475462
475,2023-04-03 18:00:00,0.19457249169591007,0.04069989736916888,0.051499746950294016,0.14458022649897165,0.20711769949435144,0.014,True,False,2000,1.4409296746971694,13.503260784521082,10.033815600983935
476,2023-04-04 00:00:00,0.17454955297038383,0.04203551507373106,0.052961899827127325,0.15042124400465504,0.21099111294278564,0.0295,True,False,2000,1.464211088021757,11.92106482448589,10.273193888176586
477,2023-04-04 06:00:00,0.1789801868401678,0.039978410395956974,0.051571220675513035,0.14298013900601106,0.20787440882299874,0.023,True,False,2000,1.4247328994899384,12.562367788674186,10.03557502302352
478,2023-04-04 12:00:00,0.17446859614915464,0.0363713782659359,0.04757930580427139,0.13247255854910767,0.18991820876593374,0.016,True,False,2000,1.4318389693895819,12.184931397944396,9.25191738604398
479,2023-04-04 18:00:00,0.1787693287356262,0.03748405756459793,0.04957986605371109,0.13862904098168624,0.20293218513765404,0.02,True,False,2000,1.4081640767394465,12.695205884640956,9.844665353392399
480,2023-04-05 00:00:00,0.1509033914108112,0.038056035923636815,0.04910193994775027,0.1342909523994215,0.1935025856841463,0.033,True,False,2000,1.4250604389076442,10.589262552715562,9.423526801597266
481,2023-04-05 06:00:00,0.13261080320688817,0.0380785836387655,0.04872473428359133,0.1374526233876299,0.18231038965533425,0.0575,False,False,2000,1.4212109731334082,9.33083164384209,9.671514362472298
482,2023-04-05 12:00:00,0.1246018299139671,0.03651948573033563,0.047683713466594904,0.134905330110678,0.19123725590996396,0.063,False,False,2000,1.3859854531255968,8.990125374907219,9.733531459976515
483,2023-04-05 18:00:00,0.12163931000114471,0.03852283248873607,0.05005987077196542,0.14575151972456835,0.2039285367186323,0.0815,False,False,2000,1.4073362482784837,8.64323008449042,10.3565526648559
484,2023-04-06 00:00:00,0.10735203054053727,0.03600459223441759,0.04605626239481345,0.13075658202609164,0.17966758568824248,0.092,False,False,2000,1.3966411208840201,7.686443491839018,9.362217685766531
485,2023-04-06 06:00:00,0.1277185121622565,0.03809048075155411,0.04889200200869798,0.13913868364119034,0.19139451012988892,0.065,False,False,2000,1.4152892669042358,9.024198455318212,9.831112755171132
486,2023-04-06 12:00:00,0.11330318717456908,0.03635654553637436,0.04957463401170913,0.1396930229434896,0.19805971495683056,0.098,False,False,2000,1.4242415349668682,7.955335130512453,9.808239649936851
487,2023-04-06 18:00:00,0.11089690109608666,0.036254477534081,0.046111904973605,0.12747481583315942,0.18197172496744912,0.0815,False,False,2000,1.4113565189029225,7.857469010189515,9.03207758818079
488,2023-04-07 00:00:00,0.08692451478010652,0.03747540827756884,0.04906106113416252,0.14084315400249697,0.1950562917344542,0.164,False,False,2000,1.429549726524248,6.080552020491894,9.852273858632227
489,2023-04-07 06:00:00,0.09777276840757669,0.03565097301991419,0.04827329309711373,0.13398310888155532,0.18962842913751884,0.125,False,False,2000,1.4289063898789351,6.842489410090785,9.376619058502992
490,2023-04-07 12:00:00,0.12153401209523035,0.03721311511483732,0.04890996199317196,0.13492603470998144,0.20104286900482496,0.0685,False,False,2000,1.455091480344549,8.352327928306783,9.272683988090735
491,2023-04-07 18:00:00,0.10936032070974373,0.038832761649792415,0.04892641304519619,0.13908348068831977,0.19170082096657026,0.101,False,False,2000,1.4537060596553308,7.522863372783403,9.567510554458034
492,2023-04-08 00:00:00,0.09309672535011623,0.036258055233072455,0.04741077166794336,0.1329821418776755,0.18795772238529754,0.135,False,False,2000,1.472942976595206,6.320456856063414,9.028329269410792
493,2023-04-08 06:00:00,0.11403749341129837,0.03529156895662691,0.04658970841302468,0.13180533220500842,0.17588947664040352,0.0795,False,False,2000,1.429820824104196,7.975649220436034,9.218311132626454
494,2023-04-08 12:00:00,0.1093545475168399,0.03357674321312423,0.044922877152249185,0.12701883139314218,0.17580221237760602,0.081,False,False,2000,1.4365914436094986,7.61208400643692,8.841680907830122
495,2023-04-08 18:00:00,0.12966606409509057,0.03598270607353497,0.04831240209817403,0.1370067626171106,0.19161119587079284,0.061,False,False,2000,1.4836063748295165,8.739923627652967,9.234711102724551
496,2023-04-09 00:00:00,0.14434383412674132,0.03607798320234586,0.04696485627570729,0.12836639591693338,0.18723366241554432,0.034,True,False,2000,1.47934744055753,9.75726392390564,8.67723108160144
497,2023-04-09 06:00:00,0.16257475528076334,0.03599073579058107,0.047455989276187986,0.13572100310467147,0.18447147660860222,0.0225,True,False,2000,1.5206629054293777,10.691044984414766,8.925120920625666
498,2023-04-09 12:00:00,0.16366836551447553,0.03593426833786218,0.046600283676508814,0.13046437569981573,0.18042723680857028,0.018,True,False,2000,1.539689609325351,10.629958435985708,8.47342054591
499,2023-04-09 18:00:00,0.15840216340662416,0.035488257971929615,0.045752985178301654,0.1322194175524051,0.1838948971029386,0.026,True,False,2000,1.5488183319673055,10.227291357368046,8.536793168276896
500,2023-04-10 00:00:00,0.16747283348131356,0.036154975940995954,0.046714079524460786,0.1292972615642904,0.19152132265384064,0.022,True,False,2000,1.5874986993957472,10.549478468553017,8.144716062665442
501,2023-04-10 06:00:00,0.18145185701522368,0.03638478417533189,0.04681672767824607,0.1334594862984956,0.18284169546391676,0.011,True,False,2000,1.6027486562016147,11.321292101111473,8.326913005485455
502,2023-04-10 12:00:00,0.18578471332904575,0.0372423914706624,0.047793982680097116,0.135201529186303,0.19467251074679157,0.013,True,False,2000,1.5975628481933186,11.629258500793844,8.462986563514681
503,2023-04-10 18:00:00,0.1720344725723128,0.037844578377982684,0.0487501835193954,0.13816418746864456,0.19616290852807272,0.018,True,False,2000,1.5847336098548017,10.855734459249284,8.71844874176068
504,2023-04-11 00:00:00,0.13369212768454602,0.03576962747645293,0.045537895375853565,0.13004549459187104,0.17666048797694464,0.0445,True,False,2000,1.5724544858790814,8.502130197415882,8.270223129489757
505,2023-04-11 06:00:00,0.1500871589984266,0.03334916468201591,0.0447467421602754,0.127567956159332,0.1838254664997475,0.0265,True,False,2000,1.5917723209242551,9.42893383843232,8.014208720833912
506,2023-04-11 12:00:00,0.14132692409737707,0.03215182488860646,0.04374536635568717,0.12050967454571095,0.18339202454234724,0.028,True,False,2000,1.5942397248278164,8.864847732522842,7.55906860611734
507,2023-04-11 18:00:00,0.11425098135474795,0.031157522118137358,0.04199727599272741,0.11555317078852793,0.17377878926824925,0.0525,False,False,2000,1.6258730675802209,7.027054179868244,7.107145883196477
508,2023-04-12 00:00:00,0.1190125985667406,0.029333772458922273,0.04195585033807717,0.11628888505839842,0.17563612686152347,0.044,True,False,2000,1.6126404199505808,7.3799836029403085,7.211085845284845
509,2023-04-12 06:00:00,0.11302884679423049,0.027197011865997787,0.040459200801383766,0.11330155647953814,0.1670917987183935,0.051,False,False,2000,1.5987347734941688,7.069893560092927,7.086951404197464
510,2023-04-12 12:00:00,0.07545802867506765,0.02605468738538199,0.038420912127209675,0.10910614750769847,0.14851699922574696,0.128,False,False,2000,1.6044714082699376,4.702983692082877,6.800130369748686
511,2023-04-12 18:00:00,0.08439481704628857,0.025540520036401768,0.038370308695636755,0.10894978114197275,0.1532396844198427,0.0945,False,False,2000,1.5900083293443907,5.307822323238215,6.8521515976520755
512,2023-04-13 00:00:00,0.05879609989183626,0.026837627491497016,0.040301395619579655,0.11274730903452225,0.1578995335256331,0.189,False,False,2000,1.567645720499168,3.750598692229675,7.1921421760154685
513,2023-04-13 06:00:00,0.021864241640243302,0.023127700723063464,0.037065300044720445,0.09950677390676652,0.15239973922780198,0.3275,False,False,2000,1.5509773032713132,1.409707388633435,6.415746619688589
514,2023-04-13 12:00:00,0.016713820960147882,0.022340189101018166,0.03702684009206212,0.10324807011369196,0.1574095317153219,0.3405,False,False,2000,1.5419850785990514,1.083915868714695,6.695789184127289
515,2023-04-13 18:00:00,0.022316659400951212,0.02243952502852436,0.036414847580647385,0.10252616220236732,0.15015814186813534,0.315,False,False,2000,1.581141823920983,1.411426796971913,6.484311568466299
516,2023-04-14 00:00:00,0.010292789274430027,0.022867978582247227,0.03698082916771585,0.10334123395771426,0.15252295626238943,0.3935,False,False,2000,1.5447696998120954,0.6662992726800657,6.689750191907868
517,2023-04-14 06:00:00,0.0037797216891426143,0.021700756763463395,0.03594751051180166,0.09977282831982202,0.14332862371747565,0.415,False,False,2000,1.5455757602332545,0.2445510460498027,6.455382575666466
518,2023-04-14 12:00:00,0.0067560408530979625,0.020522800210870183,0.03523492678415672,0.09843851913455472,0.1410270499845568,0.381,False,False,2000,1.5302225956634035,0.44150706389020405,6.432954225975096
519,2023-04-14 18:00:00,0.003431080754612954,0.019554447707741524,0.03420098931023698,0.0974978110363695,0.1367528174751496,0.3825,False,False,2000,1.5426197240235289,0.2224190901477558,6.320275147401293
520,2023-04-15 00:00:00,0.010770448745685604,0.02026102507031631,0.03572828088729646,0.10128349946227846,0.1474507977069049,0.343,False,False,2000,1.5918284593164125,0.676608630952032,6.362714453903733
521,2023-04-15 06:00:00,0.0,0.017489719576178793,0.03319871985366879,0.09269964108434957,0.14402240429951266,1.0,False,False,2000,1.564083063615381,0.0,5.926772256588098
522,2023-04-15 12:00:00,0.0,0.017692933099952193,0.03255462087402043,0.09038468874203909,0.13683984295621923,1.0,False,False,2000,1.5556431022507755,0.0,5.810117282766618
523,2023-04-15 18:00:00,0.0,0.017477251454317066,0.033013130986912234,0.09174004469528642,0.1396531805406213,1.0,False,False,2000,1.541908278576628,0.0,5.949773146037832
524,2023-04-16 00:00:00,0.0,0.0196849338316348,0.035255405794034786,0.09927045551748037,0.15274501825141568,1.0,False,False,2000,1.4314732993534907,0.0,6.93484506922447
525,2023-04-16 06:00:00,0.0,0.01905279974643694,0.03355433787898135,0.09391716095587675,0.1315998428323404,1.0,False,False,2000,1.437056671169362,0.0,6.53538324827889
526,2023-04-16 12:00:00,0.0,0.018564031667954034,0.03219290502065101,0.0922679263120433,0.13652563546324473,1.0,False,False,2000,1.4420328120198214,0.0,6.398462333378238
527,2023-04-16 18:00:00,0.0,0.01802451685508394,0.03319172659998305,0.09056659789557482,0.14312605404437034,1.0,False,False,2000,1.4322815541415745,0.0,6.323239843010834
528,2023-04-17 00:00:00,0.0,0.01718042134967091,0.031342251122230366,0.0888343135198542,0.13290496122331114,1.0,False,False,2000,1.455929866482992,0.0,6.101551700044883
529,2023-04-17 06:00:00,0.0,0.01713147546418939,0.03237818742888082,0.08870892072720914,0.1448704740194158,1.0,False,False,2000,1.4773622447543635,0.0,6.004547702649495
530,2023-04-17 12:00:00,0.0,0.015689496032782094,0.0301335186026153,0.08103156425289446,0.1289226024820164,1.0,False,False,2000,1.4578748743796297,0.0,5.5581974610390255
531,2023-04-17 18:00:00,0.0,0.017941929890795454,0.033894454458247104,0.09532132551554064,0.14203966392406456,1.0,False,False,2000,1.4609579732337463,0.0,6.524576836700674
532,2023-04-18 00:00:00,0.0,0.01825896477002589,0.03422329635313549,0.09659599753178187,0.1445198277710532,1.0,False,False,2000,1.4845059613820688,0.0,6.506945747920838
533,2023-04-18 06:00:00,0.0,0.018341408387252844,0.03293012969206293,0.09101898781188843,0.14522053534058704,1.0,False,False,2000,1.4943147879750134,0.0,6.0910183412713685
534,2023-04-18 12:00:00,0.0,0.01784738552513404,0.03235167578408489,0.08780852071462723,0.1362759377003264,1.0,False,False,2000,1.5024253045782516,0.0,5.844451664056344
535,2023-04-18 18:00:00,0.0,0.016201647459906907,0.031195636789011424,0.08552508110730662,0.13972214576304048,1.0,False,False,2000,1.50232973708374,0.0,5.692830208721313
536,2023-04-19 00:00:00,0.0,0.016592929936745007,0.03212667771913193,0.08568220845694524,0.14514619902874434,1.0,False,False,2000,1.4258862463723625,0.0,6.009049366661034
537,2023-04-19 06:00:00,0.0,0.018009528790827022,0.033304719929496,0.09266413415816578,0.14155129100649064,1.0,False,False,2000,1.4220757397483124,0.0,6.51611806376544
538,2023-04-19 12:00:00,0.0,0.015883099868000863,0.030536498688912325,0.08512467391683458,0.1308389833407341,1.0,False,False,2000,1.4035371476189349,0.0,6.065010396144229
539,2023-04-19 18:00:00,0.0,0.01693905855627996,0.03221928761737731,0.09020644927691374,0.1396400861695942,1.0,False,False,2000,1.3492775322506432,0.0,6.685537046366299
540,2023-04-20 00:00:00,0.0,0.015306594691163602,0.030146537314640884,0.08177050679209123,0.13226078223950508,1.0,False,False,2000,1.3646127599355473,0.0,5.992213263193682
541,2023-04-20 06:00:00,0.0,0.015688898826599525,0.029882203233660132,0.08155037999416132,0.12768131372881297,1.0,False,False,2000,1.3537526869733743,0.0,6.024023499926413
542,2023-04-20 12:00:00,0.0,0.015947424732838774,0.03152746255248418,0.08829439606109263,0.1417332529713199,1.0,False,False,2000,1.3546876557844605,0.0,6.5176940000950925
543,2023-04-20 18:00:00,0.0,0.014886976068518916,0.030470570397213625,0.0851257657208588,0.13032866677466107,1.0,False,False,2000,1.337501026030193,0.0,6.364538349067192
544,2023-04-21 00:00:00,0.0,0.01652687430560482,0.031100812718238342,0.08748296865310384,0.13682183076791835,1.0,False,False,2000,1.2849388420179721,0.0,6.80833715912218
545,2023-04-21 06:00:00,0.0,0.017367417060446245,0.032206113785489834,0.08479344066987463,0.14020313218254654,1.0,False,False,2000,1.1146622992214696,0.0,7.607096851584393
546,2023-04-21 12:00:00,0.0,0.01669539872272035,0.03177470368813995,0.08788263179246995,0.1409061028198642,1.0,False,False,2000,1.0722723185863023,0.0,8.195924698339276
547,2023-04-21 18:00:00,0.0,0.015976700066656645,0.030870319242548773,0.08552142896115397,0.13826050405453766,1.0,False,False,2000,1.0194578080769128,0.0,8.38891303628152
548,2023-04-22 00:00:00,0.0,0.01791087131969091,0.03367832758398745,0.09349575889477764,0.15277684687477985,1.0,False,False,2000,0.9865408926935543,0.0,9.477129593635599
549,2023-04-22 06:00:00,0.0,0.018390020196907428,0.03370008745349823,0.09093534188867612,0.14498690642953976,1.0,False,False,2000,0.9615434787785846,0.0,9.457226209280535
550,2023-04-22 12:00:00,0.0,0.017535907464241787,0.032791444027299346,0.09191400821792818,0.14431322141427208,1.0,False,False,2000,1.045795035481826,0.0,8.78891227243022
551,2023-04-22 18:00:00,0.0,0.01939841965990418,0.033904811138471366,0.09812819427309227,0.1396083148330678,1.0,False,False,2000,1.0529558591473342,0.0,9.319307492391449
552,2023-04-23 00:00:00,0.0,0.019507764432355055,0.03465879571984831,0.09533047555048005,0.14750056472345177,1.0,False,False,2000,1.1257353989636418,0.0,8.468284433290613
553,2023-04-23 06:00:00,0.0,0.019968851028787423,0.034935114331727316,0.0975839868744289,0.15247640565379453,1.0,False,False,2000,1.1263295494002796,0.0,8.66389298996799
554,2023-04-23 12:00:00,0.0,0.017333224270134368,0.033273297814788376,0.08866037675989985,0.14497173895562038,1.0,False,False,2000,1.1854209418771333,0.0,7.479231522559801
555,2023-04-23 18:00:00,0.0,0.019352316502436438,0.03503585572343768,0.09424328336534785,0.14892968244666674,1.0,False,False,2000,1.2119615159365829,0.0,7.776095373170184
556,2023-04-24 00:00:00,0.0,0.017774210955951206,0.03173314239008103,0.09146364954704789,0.13039383132195848,1.0,False,False,2000,1.2307104614431497,0.0,7.431776393595959
557,2023-04-24 06:00:00,0.0,0.01869407628033669,0.033486339305256525,0.09386221473579515,0.1417715786563096,1.0,False,False,2000,1.2965106458892144,0.0,7.239602315137147
558,2023-04-24 12:00:00,0.0,0.015920659140181082,0.029946727548118782,0.08253363889087417,0.12696123531304648,1.0,False,False,2000,1.3114995220379464,0.0,6.293074263772867
559,2023-04-24 18:00:00,0.0,0.016734377056505215,0.0324452231345486,0.0858864990294811,0.14142734091339865,1.0,False,False,2000,1.2876062827193515,0.0,6.670245414467354
560,2023-04-25 00:00:00,0.0,0.016542793167417393,0.031166112956797932,0.0884560190684413,0.12962766756399605,1.0,False,False,2000,1.2996164828222438,0.0,6.806317112595436
561,2023-04-25 06:00:00,0.0,0.01688570954974383,0.03246696676144588,0.09520534959776733,0.13247499113252112,1.0,False,False,2000,1.3040681481604832,0.0,7.300642204325277
562,2023-04-25 12:00:00,0.0,0.017569562565035113,0.03131605069912309,0.08495298250288069,0.13138502406496494,1.0,False,False,2000,1.280977350638397,0.0,6.631887945602076
563,2023-04-25 18:00:00,0.0,0.01814358842345367,0.03228028356125696,0.09025144184673149,0.136300707449268,1.0,False,False,2000,1.2812599467142003,0.0,7.043960289103075
564,2023-04-26 00:00:00,0.0,0.01807234579956048,0.03346361110766747,0.0911391874949789,0.14277267993105822,1.0,False,False,2000,1.286624114563581,0.0,7.083590806619775
565,2023-04-26 06:00:00,0.0,0.017837827059119023,0.0331095290075106,0.09294475710595203,0.14197260313744714,1.0,False,False,2000,1.2920096902644007,0.0,7.1938126940001155
566,2023-04-26 12:00:00,0.0,0.01764246056253407,0.03195141409952815,0.09206611917420979,0.13810747572633988,1.0,False,False,2000,1.2677080916209549,0.0,7.262406841348583
567,2023-04-26 18:00:00,0.0,0.017965193720466302,0.033158438155032534,0.09021552837776436,0.14188989403372476,1.0,False,False,2000,1.272430473705092,0.0,7.090016330328268
568,2023-04-27 00:00:00,0.0,0.020452404854182447,0.03604552807065895,0.09840267988730288,0.16019186497888588,1.0,False,False,2000,1.3150848487393463,0.0,7.482610721401945
569,2023-04-27 06:00:00,0.008757826871642171,0.02177502374621755,0.03697978454673476,0.10499304762378432,0.15224123322325478,0.372,False,False,2000,1.3105246698682447,0.6682687531950582,8.011527752036896
570,2023-04-27 12:00:00,0.0026302639780637856,0.019876130117580656,0.034261553217762586,0.09460118966361887,0.1493176727176429,0.3895,False,False,2000,1.276849475786593,0.20599640192070662,7.408953949355743
571,2023-04-27 18:00:00,0.0,0.021667371136436308,0.03715798913935885,0.10158599913116598,0.15960683496018965,1.0,False,False,2000,1.2703225685992323,0.0,7.996866437095855
572,2023-04-28 00:00:00,0.0,0.018881241046998756,0.033762800326988175,0.09482693990042071,0.14954857805405627,1.0,False,False,2000,1.3017766259086951,0.0,7.28442484010861
573,2023-04-28 06:00:00,0.0024586915865409454,0.018374327600563622,0.03374510412150283,0.09394000804713251,0.13740538164223567,0.3725,False,False,2000,1.3394576220885765,0.18355874392705165,7.013287057238485
574,2023-04-28 12:00:00,0.0,0.018189071355885104,0.032958790393415906,0.09035192723850247,0.14782935135896705,1.0,False,False,2000,1.3923500045159738,0.0,6.489167734079315
575,2023-04-28 18:00:00,0.025401324915833662,0.020734324748354932,0.03451571247994997,0.09729974755339345,0.14226880307638867,0.292,False,False,2000,1.446486104888595,1.7560711319650049,6.72662856729531
576,2023-04-29 00:00:00,0.026223121388113033,0.019237744631025074,0.03434281010786869,0.09529037868777909,0.14722451376868184,0.257,False,False,2000,1.5143171119593095,1.7316796581783367,6.29263038337373
577,2023-04-29 06:00:00,0.009636652255046048,0.01795207775807863,0.03324640516618234,0.09381402093063468,0.13813391421965468,0.318,False,False,2000,1.5596193810938803,0.6178848744677131,6.015186914696824
578,2023-04-29 12:00:00,0.009754464107915375,0.018467476693660678,0.03436208141341544,0.09648759016130902,0.14298500217397286,0.327,False,False,2000,1.6051273102939656,0.6077065691523825,6.011211044913199
579,2023-04-29 18:00:00,0.007316051753014741,0.01865315761983292,0.03375395734353252,0.09548661984365323,0.13978443296437815,0.3455,False,False,2000,1.6184350652810515,0.4520448122979999,5.899935183811119
580,2023-04-30 00:00:00,0.037862901564464264,0.019537335701852905,0.034339487573075145,0.09599465471491192,0.1467414973178852,0.203,False,False,2000,1.6145946945516632,2.3450406279811262,5.945433553004922
581,2023-04-30 06:00:00,0.01786573026645911,0.01962017112019612,0.03390893496565813,0.0905437946360156,0.1398829460024394,0.31,False,False,2000,1.5682242799971107,1.1392331118921348,5.773650860461261
582,2023-04-30 12:00:00,0.020437318440345454,0.018123688030017647,0.03274284921513186,0.08966701495378875,0.13793818488811546,0.2705,False,False,2000,1.566781081705459,1.304414425153717,5.723008530086742
583,2023-04-30 18:00:00,0.02062270924550009,0.019630530230049452,0.03415285155549608,0.09607498044523374,0.13761714097494865,0.2905,False,False,2000,1.5765642991376079,1.3080791729700374,6.093946215691137
584,2023-05-01 00:00:00,0.0,0.019535972612501725,0.03427802118718588,0.09351148910346328,0.15032953265144494,1.0,False,False,2000,1.5799850939618747,0.0,5.918504513797631
585,2023-05-01 06:00:00,0.0,0.01930884081141601,0.03311724976581141,0.09169597991267128,0.1410654160055086,1.0,False,False,2000,1.5625587425265868,0.0,5.868322093568337
586,2023-05-01 12:00:00,0.0,0.017837287173250383,0.0314751282584186,0.08761225723558308,0.1360370582095709,1.0,False,False,2000,1.5492133289265937,0.0,5.655273912230483
587,2023-05-01 18:00:00,0.0,0.01826591119853703,0.03213641948467229,0.0930094661995804,0.1356951442602353,1.0,False,False,2000,1.571047360092039,0.0,5.920220393237
588,2023-05-02 00:00:00,0.0,0.019842138559949044,0.034159947169125356,0.09432915821068143,0.1484045971438352,1.0,False,False,2000,1.5753764784701718,0.0,5.987721633516027
589,2023-05-02 06:00:00,0.0,0.018322495064287344,0.03298155130629326,0.09215884060880301,0.13894567682568895,1.0,False,False,2000,1.5946382372671901,0.0,5.779294541860488
590,2023-05-02 12:00:00,0.0,0.019899557729427725,0.034517470707056595,0.09326552741573436,0.14782628201197345,1.0,False,False,2000,1.601643660710441,0.0,5.823113449240299
591,2023-05-02 18:00:00,0.002598517653670431,0.01837085883077403,0.03181404500750381,0.08802688351359601,0.12631092633714752,0.3885,False,False,2000,1.6489729277229515,0.15758400941479953,5.338285549366257
592,2023-05-03 00:00:00,0.005469408818207224,0.01932853456229255,0.03284694487459335,0.08931578749910118,0.14648246254308106,0.384,False,False,2000,1.6459110414741571,0.3323028207714408,5.426525811450032
593,2023-05-03 06:00:00,0.013108426157914228,0.019604917999231933,0.03341451891049032,0.09059839353729765,0.14407931117388012,0.34,False,False,2000,1.6485395125584927,0.7951538958001846,5.4956761938141945
594,2023-05-03 12:00:00,0.03818854516469066,0.02119971047383732,0.03456706198145442,0.095443336092932,0.1400690126028512,0.225,False,False,2000,1.6455011536900863,2.3207850738391578,5.8002594455128405
595,2023-05-03 18:00:00,0.01730516090610433,0.022186006926495597,0.03648997846391495,0.10118658569004164,0.15031757843544524,0.341,False,False,2000,1.7990014475747245,0.9619314608909193,5.624597235675025
596,2023-05-04 00:00:00,0.014406204305792068,0.022254738653258416,0.035853945332697486,0.10028594712215501,0.14691405894813164,0.3685,False,False,2000,1.7934410804036396,0.803271680525448,5.591817217635286
597,2023-05-04 06:00:00,0.0,0.023599122696040552,0.0380963848386389,0.10329799969965328,0.1536507219774298,1.0,False,False,2000,1.8209150867531188,0.0,5.672861983028785
598,2023-05-04 12:00:00,0.007330608394285402,0.025564599137583452,0.040828568647630285,0.11254593037549568,0.16113999045225375,0.4345,False,False,2000,1.8311158598797292,0.40033558525165563,6.146303073519766
599,2023-05-04 18:00:00,0.0,0.02787413987477277,0.03992666392290292,0.11219339432918121,0.16423123600149325,1.0,False,False,2000,1.8627831231550547,0.0,6.022890852648252
600,2023-05-05 00:00:00,0.01717054368378559,0.030160684031998376,0.04235379532175403,0.121612353195128,0.16717639631060247,0.434,False,False,2000,1.8592208183393109,0.9235343921720189,6.541038697262132
601,2023-05-05 06:00:00,0.046699625495895354,0.030018629154173148,0.04015380593128806,0.11105992235930466,0.15501647107992125,0.273,False,False,2000,1.876953322395173,2.4880547075247526,5.917031661585569
602,2023-05-05 12:00:00,0.053840451519508586,0.03217819407553181,0.041629324696402195,0.11567628419670088,0.16344688281229233,0.2645,False,False,2000,1.8630401790182682,2.889924335817593,6.2090064132517355
603,2023-05-05 18:00:00,0.06164611572286135,0.030071054178895926,0.041073096965220525,0.11850160122676408,0.15701006014718744,0.206,False,False,2000,1.832642193854055,3.3637834995613236,6.466161350217233
604,2023-05-06 00:00:00,0.08879411223492618,0.03340197572510626,0.04322184263851059,0.12325204079948224,0.1643680586770205,0.1245,False,False,2000,1.7899502604396358,4.960702774674709,6.885780209848394
605,2023-05-06 06:00:00,0.07569544689748792,0.03150989038009106,0.04119182279970624,0.11559472979820731,0.1573163460102604,0.1525,False,False,2000,1.8030820159035954,4.198114463448516,6.410952401423528
606,2023-05-06 12:00:00,0.08676065367050742,0.031169522378356924,0.041470041177506044,0.11602113873304669,0.16375452269489235,0.1205,False,False,2000,1.7826553042534046,4.866933807309637,6.508332735791432
607,2023-05-06 18:00:00,0.07556248979255183,0.03260417797501473,0.04262978342766289,0.11969429157962186,0.16749070955946255,0.161,False,False,2000,1.7872413267564566,4.2278839830592485,6.697153304800025
608,2023-05-07 00:00:00,0.06271924634650357,0.032271993262018676,0.04284665390998164,0.11933815809476761,0.17799225468533467,0.208,False,False,2000,1.7133315138935672,3.66066028891124,6.965269542236467
609,2023-05-07 06:00:00,0.05745900965506047,0.034463235334333674,0.044512338703453135,0.1265688874445521,0.17818115850747382,0.2545,False,False,2000,1.7089693919309203,3.362202385037395,7.4061529739596565
610,2023-05-07 12:00:00,0.05672089819280431,0.03254677368097706,0.04454519057408323,0.1283467223089978,0.17563341371754906,0.24,False,False,2000,1.6881715217590199,3.3599013762359276,7.602706280417802
611,2023-05-07 18:00:00,0.0922990529523679,0.038227478487688225,0.04814906736484479,0.13924158739254544,0.19147074389667645,0.1485,False,False,2000,1.726818562212956,5.345034792426868,8.063475250932228
612,2023-05-08 00:00:00,0.10205231381495448,0.040395189496785215,0.0495856759628946,0.14011364091390102,0.19782683287747224,0.1295,False,False,2000,1.7140246561926091,5.953958331127216,8.17454057079539
613,2023-05-08 06:00:00,0.09316083531267921,0.038083007937205565,0.0474962950815295,0.14117351419703522,0.1943206577181307,0.137,False,False,2000,1.6852211728385829,5.5281073377305905,8.377150517237027
614,2023-05-08 12:00:00,0.10347567215482101,0.03963307779093761,0.04890857105193139,0.13982520546767166,0.18530314354757255,0.1195,False,False,2000,1.687188148637572,6.133025071233405,8.287469632867115
615,2023-05-08 18:00:00,0.09915144128008499,0.04510345283426573,0.0511592443630586,0.14564578365343842,0.18776194505374655,0.158,False,False,2000,1.6739359254002288,5.9232518865008785,8.700798008060872
616,2023-05-09 00:00:00,0.12275262012928462,0.04878838303841148,0.054474731938025496,0.15407166533314878,0.22023427654613068,0.1095,False,False,2000,1.6401028428949136,7.484446518769296,9.394024649161627
617,2023-05-09 06:00:00,0.14675450465419812,0.05138350369695072,0.05514640967584944,0.15904846143272575,0.2061319683612236,0.0675,False,False,2000,1.5994297319658755,9.175426823773037,9.944073081424945
618,2023-05-09 12:00:00,0.1477512360398919,0.05625288458217573,0.057856703579428,0.17042551179258614,0.22258855048561302,0.0905,False,False,2000,1.5452438553810817,9.561677629415593,11.029036692112037
619,2023-05-09 18:00:00,0.16444510404757004,0.06231548091799196,0.061112167818336505,0.17799028608667258,0.23847326553481313,0.074,False,False,2000,1.5163114575033638,10.845074290893514,11.738372430406681
620,2023-05-10 00:00:00,0.18293125283606806,0.06536202418185724,0.06317208721439894,0.1872094745998536,0.23743016934894667,0.055,False,False,2000,1.4518911296158645,12.599515838661212,12.894181304722533
621,2023-05-10 06:00:00,0.18705091490274264,0.0703165055542569,0.06550364220162262,0.1943618482412545,0.2442830302461042,0.058,False,False,2000,1.448055749711824,12.917383528912296,13.422262801686621
622,2023-05-10 12:00:00,0.17329604684206545,0.0718301734032573,0.06559521218860766,0.19504256910872775,0.25918595824905655,0.0825,False,False,2000,1.4514854584955446,11.939220322722743,13.437445615947688
623,2023-05-10 18:00:00,0.15271535558597646,0.06784469259885699,0.06462169895707662,0.19142983307231318,0.2426675374049133,0.1215,False,False,2000,1.4506465780859235,10.527399153795194,13.196173069590667
624,2023-05-11 00:00:00,0.18710738981028469,0.0780966329471974,0.06879396719824486,0.20457318575543565,0.2642858938064813,0.075,False,False,2000,1.4342154809348153,13.045974771401081,14.263769180771618
625,2023-05-11 06:00:00,0.1861255435397233,0.08055892048146687,0.06902011270867618,0.20750334040545976,0.2546320053487781,0.085,False,False,2000,1.424422313346983,13.066738831293772,14.567543520003316
626,2023-05-11 12:00:00,0.19272579198351675,0.0799163634398715,0.07053620183992998,0.21312924034484107,0.26717670698377116,0.0755,False,False,2000,1.402154176762954,13.744978631982399,15.200128764504075
627,2023-05-11 18:00:00,0.18355484125354266,0.08053710113914576,0.07005342533456548,0.20839829383035868,0.2631836169973943,0.088,False,False,2000,1.3427167080702611,13.670407178990557,15.5206450160188
628,2023-05-12 00:00:00,0.19964952029924773,0.08635022369760713,0.07628048433357686,0.22744889966991183,0.2826363026897353,0.093,False,False,2000,1.3111863893466835,15.226631539298225,17.346801455378234
629,2023-05-12 06:00:00,0.1944179695939486,0.08902808604534629,0.07711804731431954,0.22505664714016893,0.28904230200029213,0.105,False,False,2000,1.3431703078845334,14.474558323147646,16.75563000604359
630,2023-05-12 12:00:00,0.19239704581847034,0.08599268392405812,0.07798007089226422,0.23082060638218924,0.28913037425415633,0.1085,False,False,2000,1.325941079561095,14.510225890441259,17.408059071417718
631,2023-05-12 18:00:00,0.21042131571486064,0.09069563024119674,0.07939652505771132,0.2341188419560559,0.29546921790585245,0.0835,False,False,2000,1.3046607810264867,16.128431142791342,17.944805681355337
632,2023-05-13 00:00:00,0.2641737484001581,0.1007086439225195,0.08342651186353314,0.2526005654236376,0.3220083527448128,0.0355,True,False,2000,1.2928361395685686,20.433660563380858,19.538482696494917
633,2023-05-13 06:00:00,0.2819951233863935,0.09921575204273066,0.08299648912799816,0.2530578651079444,0.31491436703704667,0.029,True,False,2000,1.2829741413173554,21.979797901214237,19.724315320034826
634,2023-05-13 12:00:00,0.2849916243798075,0.09829213959076966,0.08361556434777632,0.2497113013060589,0.32766406803690024,0.0285,True,False,2000,1.2530339680662623,22.74412598882848,19.92853407569026
635,2023-05-13 18:00:00,0.2944269054092499,0.10543887972909925,0.0855684329454272,0.2601943870048147,0.3163889241677148,0.0215,True,False,2000,1.2414439796202041,23.716487432588305,20.95901154431601
636,2023-05-14 00:00:00,0.2849556485937739,0.10997668376286922,0.08687231856196732,0.2624500711049434,0.33712273357537637,0.0295,True,False,2000,1.2188928561821122,23.37823600725077,21.53184094679207
637,2023-05-14 06:00:00,0.3248099557632211,0.11523714318669498,0.091767503432546,0.27599272918953216,0.341588341412821,0.0135,True,False,2000,1.2110091318968175,26.821429104706052,22.790309496447943
638,2023-05-14 12:00:00,0.32457735284718214,0.1189678944101816,0.09407694730126318,0.28525916574922155,0.35031697698006503,0.0185,True,False,2000,1.2269652335253898,26.453671544921214,23.24916452030168
639,2023-05-14 18:00:00,0.31909839361661885,0.12147774422910831,0.09452751056797527,0.28518057120939727,0.3519251741515131,0.027,True,False,2000,1.2407616860858317,25.7179438400667,22.984314748551114
640,2023-05-15 00:00:00,0.3144171820631555,0.12018891582641757,0.09399819133112246,0.28684139890872645,0.3596233495444139,0.026,True,False,2000,1.1855502890528287,26.520779840925407,24.194789673400745
641,2023-05-15 06:00:00,0.309694103248728,0.12255140243537338,0.09518556180360707,0.2851038533930682,0.3575827428536544,0.0305,True,False,2000,1.1981837129856237,25.846963190397148,23.794669406968396
642,2023-05-15 12:00:00,0.2959525893057661,0.12092452518575547,0.09352501006298053,0.28941444552343476,0.346918176199939,0.0435,True,False,2000,1.2239123826294402,24.18086404763262,23.64666373434836
643,2023-05-15 18:00:00,0.2928298891216944,0.12794578447355226,0.09682344265619788,0.29330144349142506,0.3626471041937723,0.0505,False,False,2000,1.2355911739318057,23.699577602992505,23.737741874450524
644,2023-05-16 00:00:00,0.315702712310699,0.12690718114088914,0.0983220883275189,0.29776695876949816,0.3649338530741097,0.033,True,False,2000,1.202622793313483,26.251183169484964,24.759796706420847
645,2023-05-16 06:00:00,0.3277783189924756,0.1313824014983872,0.09890298744322983,0.30173439438114125,0.37517359891834823,0.0285,True,False,2000,1.2008352106740654,27.295861753461047,25.127044218812383
646,2023-05-16 12:00:00,0.3353966384329476,0.1348073036918234,0.1039517012317009,0.31601355504900075,0.4049991094355492,0.035,True,False,2000,1.1945067918498287,28.078252942668332,26.455567871624915
647,2023-05-16 18:00:00,0.3265886108218413,0.12574890819084047,0.10026564109907056,0.30519400256176893,0.37175584758988306,0.0365,True,False,2000,1.2013760454175015,27.18454492809081,25.403703005890055
648,2023-05-17 00:00:00,0.34994076036524274,0.13313907964701263,0.10321349585735763,0.31403626833396747,0.3754772615400061,0.0215,True,False,2000,1.2244170144280824,28.580194185613948,25.647819707949083
