window_idx,timestamp,te_bits,surr_mean,surr_std,surr_p95,surr_p99,p_value,sig95,sig99,n_valid_surrogates,h_target_bits,pct_h,surr_p95_pct
0,2022-12-06 00:00:00,0.15762204349224937,0.032377244066623116,0.04420869867671187,0.12219596807412297,0.1800283678019901,0.0205,True,False,2000,1.8028594370846331,8.742891445111036,6.77789768634007
1,2022-12-06 06:00:00,0.16709485218796394,0.032572233211633134,0.042816192548599516,0.12046922333671829,0.16739233334201445,0.0105,True,False,2000,1.813528830685532,9.213796293759522,6.642807177825771
2,2022-12-06 12:00:00,0.1573941970616357,0.0329848020693604,0.04387632618631516,0.12324235953984211,0.17802582082978544,0.021,True,False,2000,1.8245915252756937,8.62627031208279,6.754517810292928
3,2022-12-06 18:00:00,0.1570448757106456,0.028629493130167515,0.03961967816603711,0.1140998212629756,0.15877352681396634,0.0105,True,False,2000,1.8198242171696162,8.629672812844444,6.269826513268175
4,2022-12-07 00:00:00,0.15203479576333204,0.031180966829177842,0.041096842675371226,0.11796914505514622,0.1545801277958692,0.012,True,False,2000,1.8044761681785764,8.42542553037953,6.537583988943635
5,2022-12-07 06:00:00,0.18314783984875418,0.031096302019676947,0.04247922617460897,0.12318553245659132,0.1714515384181268,0.0055,True,True,2000,1.8060365433942356,10.140871208760213,6.820766329848367
6,2022-12-07 12:00:00,0.1673437674910193,0.03266188531574504,0.04308227712169457,0.12148861042047059,0.1728262995072281,0.012,True,False,2000,1.7831195671032407,9.384887619335416,6.813262142472834
7,2022-12-07 18:00:00,0.16737363763270605,0.03226062054378286,0.0434903160495922,0.1219334698953442,0.16999607784149912,0.0105,True,False,2000,1.7885595615769692,9.358013075345003,6.81741176054745
8,2022-12-08 00:00:00,0.1433619040970751,0.032596668396204335,0.04247192034630903,0.11707170001631381,0.16859786914094085,0.023,True,False,2000,1.799667297449994,7.966022625415774,6.505185718615682
9,2022-12-08 06:00:00,0.13049851576948776,0.032363540451953055,0.04339015151908421,0.12298242822209371,0.16773045020759755,0.0415,True,False,2000,1.7995878272718877,7.251578044252442,6.833921988043827
10,2022-12-08 12:00:00,0.1349522014073104,0.03389837641721174,0.04341519486530024,0.12164694000273675,0.15926985740534694,0.034,True,False,2000,1.8274307444488318,7.384805241854083,6.656719570482353
11,2022-12-08 18:00:00,0.13444954326946126,0.03322300473040698,0.0437075803570347,0.12153203091487572,0.17542605302807338,0.031,True,False,2000,1.8353271474250372,7.325644556508299,6.621818409071379
12,2022-12-09 00:00:00,0.12198072271772417,0.03573222493904072,0.04566269970025885,0.1295276243163879,0.18212158366999426,0.062,False,False,2000,1.791540412935277,6.808706174697438,7.229958273962048
13,2022-12-09 06:00:00,0.14405972125819708,0.03447034234462599,0.04330153491122924,0.122701304869706,0.1738702488303797,0.0305,True,False,2000,1.8190543966898103,7.919483964874663,6.745334559152787
14,2022-12-09 12:00:00,0.1476154944488984,0.03722416175452505,0.04534672928501184,0.1297839506337836,0.18188755239704846,0.0275,True,False,2000,1.8078303562957778,8.165339957636332,7.178989454503315
15,2022-12-09 18:00:00,0.1645186498325606,0.03705012014844933,0.0458898581786761,0.12940134313594648,0.17052851934307012,0.014,True,False,2000,1.8102428343119847,9.08820886978342,7.148286444405554
16,2022-12-10 00:00:00,0.16017429067281727,0.03710056337029717,0.04544605388121207,0.12840012015437702,0.18051732324691822,0.0175,True,False,2000,1.8304812625471165,8.750392257494873,7.014555285625165
17,2022-12-10 06:00:00,0.14931031790588348,0.03457120424078369,0.043747484560197135,0.12626005436595242,0.1786126361235603,0.0195,True,False,2000,1.8344032349719832,8.139449116713092,6.882895317608878
18,2022-12-10 12:00:00,0.14602295489193134,0.038384569783313977,0.04650917220660738,0.13210549217786968,0.18333398230009423,0.034,True,False,2000,1.8216934210105484,8.015780987501618,7.251796084578643
19,2022-12-10 18:00:00,0.13146702489380618,0.037119003158826415,0.045049454928817435,0.13085761393540182,0.17097559035510107,0.049,True,False,2000,1.8317471305750395,7.177138301427818,7.14386891897692
20,2022-12-11 00:00:00,0.14655213218419572,0.03852548940936206,0.044569206491586376,0.12716858360546818,0.1781412397583873,0.028,True,False,2000,1.8372020986896962,7.976919484727215,6.921861437898726
21,2022-12-11 06:00:00,0.14893275147391377,0.03782134890588068,0.04493594847678876,0.1278029979214397,0.1734004083903504,0.0265,True,False,2000,1.8784685548870956,7.928413338964053,6.803573985252111
22,2022-12-11 12:00:00,0.16358026126879616,0.03985051343216199,0.04582155944559166,0.1292154448575224,0.17189870526020565,0.0155,True,False,2000,1.8655884614936435,8.768292935186205,6.926256649018338
23,2022-12-11 18:00:00,0.18184045023142328,0.039640163683341056,0.046323611529449055,0.13310082442016302,0.17819766433826031,0.0075,True,True,2000,1.8887285001669405,9.6276648663559,7.0471126161541235
24,2022-12-12 00:00:00,0.1990372994630852,0.03995678717213814,0.04568241482819485,0.1283975699704265,0.1838315392169659,0.006,True,True,2000,1.9034414077153363,10.456707448745997,6.745548849047032
25,2022-12-12 06:00:00,0.1897333186071737,0.04074560363599475,0.047541209109268914,0.1342101697651234,0.18740036791691614,0.01,True,True,2000,1.924874908235972,9.85691682069109,6.972409957180993
26,2022-12-12 12:00:00,0.18128637358416744,0.03700912960045071,0.045078053522536674,0.13053845522757257,0.17261026678577324,0.0075,True,True,2000,1.9499759699357138,9.296851673005182,6.694362250621793
27,2022-12-12 18:00:00,0.19550692134631362,0.04044690771921443,0.04541629190385361,0.1298232314975757,0.17494041537468555,0.006,True,True,2000,1.9489510767950688,10.03139194585699,6.661184728713769
28,2022-12-13 00:00:00,0.240112155372157,0.040504475898765394,0.047360791531266454,0.13767794874927075,0.18303954322707516,0.001,True,True,2000,1.9715196705696827,12.179039294230074,6.983341368817683
29,2022-12-13 06:00:00,0.22690446319257473,0.04157060666229519,0.047272908642000754,0.13475851597425387,0.18482205183090616,0.002,True,True,2000,2.0009362672600566,11.33991456425956,6.7347730249690985
30,2022-12-13 12:00:00,0.22620820802975306,0.038390920242272364,0.04483708382852683,0.1303616936694472,0.17479067702652265,0.0,True,True,2000,1.9998312949571,11.311364543607946,6.5186345467327875
31,2022-12-13 18:00:00,0.21586224886380487,0.042848315672395915,0.04893971205264498,0.13880362843170996,0.19954060225617212,0.0035,True,True,2000,2.0224410514954854,10.673351824231734,6.863173012092105
32,2022-12-14 00:00:00,0.22846592427283688,0.040411429828378954,0.046573730595118004,0.13343298496491704,0.1739244759356443,0.0005,True,True,2000,2.014452148508524,11.34134282822207,6.623785283939815
33,2022-12-14 06:00:00,0.2253543695535792,0.04138371646591719,0.04660149564520607,0.13531391704464793,0.1787677703099317,0.0015,True,True,2000,1.9941790053724167,11.300608869437669,6.7854448713032065
34,2022-12-14 12:00:00,0.2080176470982008,0.03877983167766332,0.04537339103927296,0.1258533406058088,0.17992855813287184,0.0045,True,True,2000,2.0005434919642617,10.398056724773115,6.290957487869356
35,2022-12-14 18:00:00,0.2206894276171869,0.038255731602616395,0.04462258595693686,0.12671020648980372,0.17212973367169906,0.0005,True,True,2000,2.0015713119812046,11.025808888055208,6.330536700407782
36,2022-12-15 00:00:00,0.21940109442252023,0.04043237651762121,0.04698091771169059,0.13442539325083258,0.1821594277409311,0.003,True,True,2000,2.025400054069722,10.83248190803927,6.636979839154539
37,2022-12-15 06:00:00,0.2116575255859135,0.04074638610453809,0.04593393256558133,0.13111164964775726,0.17136136324449297,0.0035,True,True,2000,2.0369606137386733,10.390850179348021,6.436631556027617
38,2022-12-15 12:00:00,0.22352414421444486,0.042119774882772035,0.047117722371965466,0.1319603327123102,0.1781302541484617,0.0025,True,True,2000,2.011400413086189,11.112861604292949,6.5606197480012
39,2022-12-15 18:00:00,0.22170367413396228,0.04271335093407642,0.04837448720006656,0.13833144514087903,0.1860917744162025,0.003,True,True,2000,2.0072116723455724,11.045355962626774,6.891721837150773
40,2022-12-16 00:00:00,0.21025853886442314,0.03925310356701987,0.04613078585579691,0.12883045107648117,0.17837684984588367,0.002,True,True,2000,2.0161369157288176,10.428782749033507,6.389965387341265
41,2022-12-16 06:00:00,0.1988514939151178,0.03941663740115336,0.04677304844001539,0.13301334780389262,0.1826275103671043,0.0075,True,True,2000,2.007446988594158,9.905690912135926,6.625995533612754
42,2022-12-16 12:00:00,0.20432415629069178,0.04112226975503758,0.04776629711292884,0.136257132330682,0.18466415678020176,0.0045,True,True,2000,1.9922525962085254,10.255936254245219,6.839350220448664
43,2022-12-16 18:00:00,0.2048533006320172,0.039812137348216994,0.04694983392579128,0.13119595765048378,0.17666292099531916,0.005,True,True,2000,1.969761325499696,10.399904698100888,6.660500231783235
44,2022-12-17 00:00:00,0.22467856587719212,0.038883662398676674,0.04562477624977676,0.12865506277951655,0.18389388525573133,0.003,True,True,2000,1.974644917322236,11.378175585202063,6.515351780510609
45,2022-12-17 06:00:00,0.2420778354641358,0.04292504542179016,0.04732990431919511,0.13726602257165998,0.1834204196989399,0.001,True,True,2000,1.9240669030592146,12.581570582563348,7.134160582119609
46,2022-12-17 12:00:00,0.24955029597346767,0.04131700906980508,0.044856502040477156,0.12869656131864032,0.17553616569152847,0.0005,True,True,2000,1.9107459889230998,13.060359536021569,6.735409210052769
47,2022-12-17 18:00:00,0.2570086961320558,0.04219315956289237,0.04744955446499731,0.13523380720294936,0.18993797274921503,0.0005,True,True,2000,1.9390300185797948,13.254498056729252,6.974301888425573
48,2022-12-18 00:00:00,0.24928670272667586,0.04404961897331719,0.04836978763153153,0.13910795145117782,0.18041555095616083,0.0005,True,True,2000,1.923279559802283,12.961542769804252,7.2328513419795515
49,2022-12-18 06:00:00,0.226245792246417,0.04588227303499255,0.04921567539245978,0.13962648322806787,0.19414097318271217,0.0035,True,True,2000,1.9288517271092693,11.729558527833913,7.238839630111082
50,2022-12-18 12:00:00,0.21196719085963284,0.048821936159355615,0.0501230368130637,0.14884393460850906,0.19011521253175667,0.005,True,True,2000,1.935497751408806,10.951559654633884,7.690214803926734
51,2022-12-18 18:00:00,0.2191277517799417,0.047160265855870846,0.048582124606890396,0.14220024733692996,0.19550479304660243,0.003,True,True,2000,1.9271112982723402,11.370788598270906,7.37893278216016
52,2022-12-19 00:00:00,0.216549947414423,0.04753910755430502,0.05044637057837056,0.1481185684658739,0.19449833723318338,0.0035,True,True,2000,1.8517884080814428,11.694097795912922,7.998676728910572
53,2022-12-19 06:00:00,0.21364836420422018,0.04458652009240957,0.04657872716190764,0.13886484121608905,0.17431626298500638,0.0025,True,True,2000,1.833895301128997,11.649976095837768,7.572124817081978
54,2022-12-19 12:00:00,0.22007067534990193,0.04743312462930447,0.049011687382316656,0.1440008894971572,0.18356372958018718,0.003,True,True,2000,1.8188014225353837,12.099763757778819,7.917350828570497
55,2022-12-19 18:00:00,0.2077127873998154,0.04481449741228676,0.048298597191082086,0.14301817813217496,0.18900629873431363,0.0055,True,True,2000,1.8106534173326525,11.4717032763678,7.898705338256335
56,2022-12-20 00:00:00,0.22093561399006645,0.04480400273731933,0.04816901373010822,0.13899590422008726,0.18911558078375654,0.0035,True,True,2000,1.8470942291704127,11.961253004904654,7.525111714658685
57,2022-12-20 06:00:00,0.24045761743438357,0.045553452424284484,0.048531925831781175,0.1383273588011214,0.1838347760185554,0.002,True,True,2000,1.8134752145900725,13.259492906206487,7.627750172057887
58,2022-12-20 12:00:00,0.21869938198402927,0.043253532712304074,0.04783526532454097,0.1364386401962391,0.1872156366137734,0.0025,True,True,2000,1.7829835835434955,12.265922356356578,7.652265643696024
59,2022-12-20 18:00:00,0.20413391417454088,0.04299001982438165,0.047681097683608356,0.13626076049848654,0.18123599668584786,0.0065,True,True,2000,1.772924281730707,11.513966855666721,7.68565030681798
60,2022-12-21 00:00:00,0.20224070644747358,0.04066403435103311,0.04596394787655613,0.13580153004714782,0.17820766624232043,0.0035,True,True,2000,1.8195506710277929,11.114870812211882,7.463465140568955
61,2022-12-21 06:00:00,0.19253604707778485,0.04027138427144675,0.045161050143451835,0.12793139573538476,0.16800103312611708,0.0055,True,True,2000,1.8239315319738176,10.556100582867092,7.014045949243516
62,2022-12-21 12:00:00,0.2272419719629543,0.0402867256458648,0.04735215846425757,0.13624072590438296,0.1796402674883934,0.0015,True,True,2000,1.7620285995785405,12.896610873246228,7.732038284564188
63,2022-12-21 18:00:00,0.2341068237059252,0.04088076070837997,0.04625045593697301,0.13338835271703103,0.1786997931679916,0.0005,True,True,2000,1.738373006740092,13.46700752935282,7.673172109774609
64,2022-12-22 00:00:00,0.23692801376763145,0.04192767968000372,0.04693937060845975,0.13542180763914077,0.18574394399923363,0.0005,True,True,2000,1.780938702570152,13.3035467995451,7.603956691137519
65,2022-12-22 06:00:00,0.2662279606145746,0.039877766454050244,0.04636713533630494,0.13007796565585572,0.1757684456319503,0.0,True,True,2000,1.7668095462742568,15.068288553001105,7.362308287848932
66,2022-12-22 12:00:00,0.27161792807231605,0.04001547805056739,0.04688785840098751,0.13059874206729713,0.18750925996956427,0.0,True,True,2000,1.7783087506090554,15.273946550580108,7.343985796761568
67,2022-12-22 18:00:00,0.2992728444965925,0.03858717130319155,0.04652142461780368,0.13175022660001637,0.18300561456960418,0.0,True,True,2000,1.8021255925512252,16.606658588812294,7.310823793002173
68,2022-12-23 00:00:00,0.28995759891521394,0.03941834798111397,0.046775254263355846,0.13357283067469342,0.19039535158290877,0.0,True,True,2000,1.8048636862631358,16.065346160050133,7.400715726695578
69,2022-12-23 06:00:00,0.26657951825568277,0.039928919676139187,0.0466458125734051,0.1329640476844444,0.18365384274624913,0.0,True,True,2000,1.7877020235417513,14.911854142646321,7.437707511289789
70,2022-12-23 12:00:00,0.24393346006095817,0.04084134050605056,0.04646622860749381,0.13369292140716332,0.17443446456450826,0.0005,True,True,2000,1.7854801470240103,13.662065101510079,7.487785379747798
71,2022-12-23 18:00:00,0.24140184592285946,0.04233472550655664,0.04903848441754739,0.13821695052443114,0.19393775211419073,0.001,True,True,2000,1.832085049086898,13.176344954246142,7.5442431339810225
72,2022-12-24 00:00:00,0.24249408681326579,0.0379436377378089,0.04519566905710901,0.12566759854845663,0.17435055044565506,0.001,True,True,2000,1.9161429715063112,12.655323241492633,6.558362315191298
73,2022-12-24 06:00:00,0.21403426367372327,0.0373967922043734,0.04562449608076389,0.12796338749875563,0.18087133284974946,0.0025,True,True,2000,1.880852431342594,11.379641491647535,6.803478325378911
74,2022-12-24 12:00:00,0.2156440047601528,0.03347831774658108,0.043999844029166756,0.12108592068903852,0.17931780494865096,0.0035,True,True,2000,1.8581414480591216,11.605360021724866,6.516507169866751
75,2022-12-24 18:00:00,0.21287975419555868,0.034086413785888385,0.044664293671611455,0.12898055742851042,0.17712827848030507,0.0035,True,True,2000,1.8574130240955937,11.461088698848416,6.944096749365331
76,2022-12-25 00:00:00,0.20681071659628758,0.034480754476442964,0.043754933407836295,0.12276073201727794,0.16803796411510852,0.0035,True,True,2000,1.8682561035406267,11.069719842175285,6.570872793329986
77,2022-12-25 06:00:00,0.17592592049820674,0.03449938259892098,0.043384625129668196,0.12463004953584975,0.1666039787073163,0.0075,True,True,2000,1.883029887300588,9.342704631757323,6.618591153351941
78,2022-12-25 12:00:00,0.1717055100833356,0.03820806391084713,0.045850791092684605,0.13009626874574215,0.18440800409119537,0.0135,True,False,2000,1.8931065222239023,9.070039539118316,6.872105041026072
79,2022-12-25 18:00:00,0.19553698086090046,0.040280319934091376,0.0480127914390404,0.14070418966469453,0.1867962571938432,0.005,True,True,2000,1.9022566349856094,10.279211398959305,7.396698588240643
80,2022-12-26 00:00:00,0.18844891039950612,0.03911239979217521,0.04547468222586686,0.1328969258015047,0.17858078875052805,0.0065,True,True,2000,1.9287502617795322,9.77051897976862,6.8903127810279265
81,2022-12-26 06:00:00,0.17316478251652243,0.041925353402469966,0.048855136966811305,0.1398238790960916,0.18933670180751708,0.0185,True,False,2000,1.9128200537608508,9.052852733118211,7.309829213740196
82,2022-12-26 12:00:00,0.16590887455752198,0.037837384881091604,0.04641064633862055,0.1305198383983889,0.1780324429709446,0.014,True,False,2000,1.9274340524729918,8.607758815127958,6.771688931765296
83,2022-12-26 18:00:00,0.16886921100750032,0.03832497006675128,0.04558935301267653,0.12821207345368069,0.18396508157457908,0.013,True,False,2000,1.919681589605428,8.79673024536375,6.6788197661484805
84,2022-12-27 00:00:00,0.1510332562432092,0.040491187045765854,0.046634424869682445,0.13181457546765632,0.178694954336379,0.026,True,False,2000,1.92934720514857,7.828205096530505,6.832081603347589
85,2022-12-27 06:00:00,0.1423695885939834,0.03988159238375709,0.04530115179263939,0.13166319511243865,0.16861923036475987,0.0325,True,False,2000,1.9255160263817233,7.3938407493555385,6.837813516403167
86,2022-12-27 12:00:00,0.15315666571665784,0.04101197368578397,0.04686044786581972,0.13507527333535635,0.1760932709651011,0.0255,True,False,2000,1.9368137697373682,7.907660927948992,6.97409712001751
87,2022-12-27 18:00:00,0.15013018579750032,0.043659002022931034,0.04873688378411735,0.14272755515295343,0.19306005659239092,0.038,True,False,2000,1.9242444730317498,7.802032844660439,7.417329614468299
88,2022-12-28 00:00:00,0.15248000234486608,0.03996508101576096,0.046935574557196255,0.1347290897881724,0.17922316200119548,0.0225,True,False,2000,1.8853746666343094,8.087517300583384,7.146011462468891
89,2022-12-28 06:00:00,0.14748761756693196,0.04090988190465796,0.047255461256119013,0.13607371268649576,0.17738582501493763,0.0325,True,False,2000,1.9010355294782437,7.758277805960379,7.157873199973406
90,2022-12-28 12:00:00,0.134087609611877,0.03859384183193954,0.045617229705457354,0.13286597456395816,0.18300572036340065,0.0475,True,False,2000,1.895307235330216,7.07471628411291,7.010260504852088
91,2022-12-28 18:00:00,0.12559353949545846,0.03725688541373147,0.04456754991976287,0.1235288972269213,0.17917419234993953,0.049,True,False,2000,1.8820910968332953,6.673085043905439,6.563385663678253
92,2022-12-29 00:00:00,0.13755257313457456,0.03968288859448968,0.047677461487190674,0.1318022329802009,0.18954042617279782,0.0415,True,False,2000,1.8687411744084024,7.360707572471631,7.052995609299735
93,2022-12-29 06:00:00,0.14389750717413777,0.03755217980748917,0.04542935026924975,0.13019349957534515,0.17342039985398894,0.032,True,False,2000,1.854019608973004,7.761380002547375,7.022228834325175
94,2022-12-29 12:00:00,0.13855324945880865,0.040675664180977636,0.04681451434027173,0.13452258078090343,0.18408686498884905,0.0425,True,False,2000,1.8450703180505938,7.5093750142377695,7.29091891321698
95,2022-12-29 18:00:00,0.11649209691775898,0.03799096308446571,0.04593924884616677,0.1330581995183485,0.17995920454523842,0.0755,False,False,2000,1.8345064165259835,6.350051210960647,7.253078992785518
96,2022-12-30 00:00:00,0.12656870748127266,0.034757596340105036,0.04425401111756582,0.1285327158436642,0.16439941233539934,0.053,False,False,2000,1.8329795060969953,6.905080338338221,7.0122287464823785
97,2022-12-30 06:00:00,0.06731297029640332,0.03836299710419076,0.045887033426455164,0.13225782905727526,0.17464012262791326,0.242,False,False,2000,1.7851919215534766,3.7706293359106997,7.40860562164007
98,2022-12-30 12:00:00,0.07517297033145334,0.036074680116362855,0.04465897119026783,0.12765173598401025,0.17170392440979798,0.186,False,False,2000,1.7659656805353892,4.256762810286499,7.228438094295806
99,2022-12-30 18:00:00,0.08881686104024418,0.034543025057208764,0.04265666411049818,0.12014709436235303,0.168142063350146,0.1315,False,False,2000,1.7692765792898697,5.019953470242193,6.790746894449719
100,2022-12-31 00:00:00,0.09940518487526584,0.03638779894279496,0.045384239209330955,0.12592240569372246,0.179501504475808,0.1065,False,False,2000,1.7795976459146619,5.5858235766644,7.075891900778615
101,2022-12-31 06:00:00,0.13177166663455808,0.03655210253072997,0.045674597210843056,0.12849883474823012,0.1846955408944131,0.0465,True,False,2000,1.807432987323238,7.290542308277141,7.109466057634236
102,2022-12-31 12:00:00,0.10895334124518428,0.03624468723868919,0.044754410582163937,0.12530169811881833,0.1795926047877483,0.084,False,False,2000,1.7931502209161643,6.076085537859586,6.987797043283894
103,2022-12-31 18:00:00,0.12242677005530704,0.03460585190216996,0.04460389954813789,0.12295874697697651,0.18939979150364275,0.052,False,False,2000,1.7848378432160974,6.859265704200129,6.889071040505129
104,2023-01-01 00:00:00,0.12151092492158808,0.03411094626179979,0.043682654577406,0.12278269785615119,0.18219020335230537,0.053,False,False,2000,1.7888060772921799,6.792850631720027,6.8639468198819245
105,2023-01-01 06:00:00,0.1293876899861826,0.03403278812019847,0.0429060481786817,0.12206944469229354,0.17470364488024706,0.0395,True,False,2000,1.7868986739506543,7.240908053287621,6.83135795396894
106,2023-01-01 12:00:00,0.13614228412852092,0.03206925066680163,0.04238716323796078,0.1204027966609139,0.16958601906172316,0.0295,True,False,2000,1.8146684235366524,7.502322868614743,6.634975023495361
107,2023-01-01 18:00:00,0.14658574286403106,0.03219182141279912,0.042401614162295265,0.12002515867295753,0.16690793225751518,0.0195,True,False,2000,1.7824401841055568,8.223880058987168,6.733755204985302
108,2023-01-02 00:00:00,0.13671295332200112,0.03126381441767891,0.042092355371192575,0.11904335681400792,0.16398887915442603,0.03,True,False,2000,1.782841433574835,7.668262064555758,6.6771701942841934
109,2023-01-02 06:00:00,0.15562841221374735,0.031496121285571846,0.041667392401548056,0.11741558269608572,0.16145508237254738,0.0125,True,False,2000,1.774624617472464,8.769652504618328,6.616361654179949
110,2023-01-02 12:00:00,0.1553534700649272,0.030173605484993506,0.04136440334887995,0.11861723438270627,0.165331070409932,0.016,True,False,2000,1.7808992080260946,8.72331625309201,6.660524854417716
111,2023-01-02 18:00:00,0.16547448596143957,0.03406535945489558,0.043607910978610526,0.12246446085546178,0.17099678050496878,0.013,True,False,2000,1.7736026563637304,9.329851044579405,6.904841984536743
112,2023-01-03 00:00:00,0.16822224538830524,0.029898211177983924,0.040865387040928555,0.11739266686233181,0.16442357482925457,0.0075,True,True,2000,1.7647776262503712,9.532206374676655,6.651980686754082
113,2023-01-03 06:00:00,0.14627752753797382,0.03059602957714703,0.04197515154586925,0.11634516199744933,0.16757927728034616,0.0215,True,False,2000,1.7801915753483453,8.216954262877604,6.535541657907412
114,2023-01-03 12:00:00,0.14126051194861433,0.03250966983237538,0.04226336179659106,0.11984305677108684,0.16222622736963077,0.0275,True,False,2000,1.7744533512105725,7.960790395095098,6.753801484233281
115,2023-01-03 18:00:00,0.1116142318329369,0.0313988142804158,0.041297927050386714,0.11484712372253386,0.16647886141630783,0.0565,False,False,2000,1.7664207056972954,6.318666412420542,6.501685773503086
116,2023-01-04 00:00:00,0.09979277092443362,0.02843420409016727,0.03918934574738227,0.11031907214111095,0.15743315951517614,0.07,False,False,2000,1.753313218603943,5.691668200841636,6.292034473392685
117,2023-01-04 06:00:00,0.07872435358689467,0.03103872297645843,0.04239794643646881,0.11830959653713995,0.16888889583721897,0.139,False,False,2000,1.6917254940168536,4.653494545381036,6.993427536297523
118,2023-01-04 12:00:00,0.06705480236173139,0.030641961680880455,0.04153072111217557,0.11643567896802845,0.1706836434653412,0.181,False,False,2000,1.6158083975029842,4.149922878563796,7.206032543707795
119,2023-01-04 18:00:00,0.056073093740190996,0.0300495449056045,0.04101956741713679,0.11107766777524253,0.16694690899225062,0.2175,False,False,2000,1.5561419796420544,3.603340471098209,7.138016275403916
120,2023-01-05 00:00:00,0.05115726630437027,0.029512566425457073,0.04163437059848006,0.11580699903920293,0.16120677007151374,0.2485,False,False,2000,1.4992558171294208,3.412177276211575,7.724298796514597
121,2023-01-05 06:00:00,0.035265590360648545,0.030299694000067583,0.041501261524612906,0.11768094631914443,0.15856206372768217,0.3325,False,False,2000,1.4934820737309906,2.361299876372046,7.879635677524803
122,2023-01-05 12:00:00,0.06831205647091074,0.029465030251769463,0.04170764364453112,0.117611844248392,0.16716284363711234,0.1765,False,False,2000,1.4843736241776087,4.602079648832203,7.923331587999133
123,2023-01-05 18:00:00,0.063726157119141,0.028900519857546613,0.040480943744226054,0.11584279090967319,0.1600776398386353,0.182,False,False,2000,1.4733986116108058,4.3251131511161,7.86228451668127
124,2023-01-06 00:00:00,0.04667477951640783,0.028572340033720868,0.04095356079450337,0.1124351279178665,0.16653628925523198,0.258,False,False,2000,1.4581242625462818,3.201015216282113,7.710942805486562
125,2023-01-06 06:00:00,0.06457393274780104,0.028618703011274026,0.0418227049165034,0.12004939464767216,0.1676005582098001,0.178,False,False,2000,1.4783877097303897,4.367861848606496,8.120291710864215
126,2023-01-06 12:00:00,0.09143447894977694,0.029911193410648892,0.041770731897588946,0.11648536120121453,0.16542768632499272,0.1075,False,False,2000,1.4722892118263404,6.21036126701999,7.911853205574817
127,2023-01-06 18:00:00,0.08781412742456911,0.02976998478027846,0.04191354457971081,0.11408593553031411,0.17447018863186559,0.107,False,False,2000,1.4728371693663531,5.962242755073099,7.745997853883358
128,2023-01-07 00:00:00,0.08642155578334096,0.029137096051502446,0.041829061097401164,0.12045740409573537,0.16367445590902951,0.1105,False,False,2000,1.4409977985336264,5.997341277778799,8.359305213256677
129,2023-01-07 06:00:00,0.0996471524588538,0.029084190855166933,0.04063250167369906,0.11408599780931669,0.164440081225977,0.0755,False,False,2000,1.456980724134025,6.8392910632417845,7.830302482356117
130,2023-01-07 12:00:00,0.11896019019936172,0.02910762861415842,0.04182885943085961,0.11496620784836963,0.1698172999455808,0.042,True,False,2000,1.4902598711069177,7.982513151280243,7.714507387424743
131,2023-01-07 18:00:00,0.11808816197919625,0.029444954022686303,0.04087365720464287,0.11175014096476926,0.16797882505841846,0.0415,True,False,2000,1.4601828527729572,8.08721741629421,7.653160749871181
132,2023-01-08 00:00:00,0.09389540498807612,0.02902119846388042,0.04230881550042309,0.11620811314734981,0.16764301982926885,0.0925,False,False,2000,1.4695865095712333,6.389239719917615,7.907538099356581
133,2023-01-08 06:00:00,0.05851330678926796,0.026210835777440315,0.03967576316939648,0.10967254196510129,0.15466138262477538,0.182,False,False,2000,1.4307859430159857,4.0895919529322775,7.6651956570051345
134,2023-01-08 12:00:00,0.04841365777113632,0.02708512919605157,0.04013105013041643,0.11397670112140293,0.1626774282799883,0.2355,False,False,2000,1.4033865723947887,3.449773478202911,8.12154707500935
135,2023-01-08 18:00:00,0.04747777760650881,0.027128301650556786,0.039755575461376085,0.10857264225961677,0.1605990227803403,0.2405,False,False,2000,1.3869161831846708,3.423262211670872,7.828349223693505
136,2023-01-09 00:00:00,0.04649579907931986,0.025613937271452763,0.03865280171066094,0.10931729714267757,0.15100366713731458,0.2325,False,False,2000,1.4404094879114746,3.2279570128864234,7.5893208188445405
137,2023-01-09 06:00:00,0.08268441556831248,0.02660074739314132,0.04041035849553898,0.1091674093007204,0.1637961027565127,0.114,False,False,2000,1.4489771013051402,5.7063990517059215,7.534101760641339
138,2023-01-09 12:00:00,0.07548463691232826,0.028965058152836322,0.04205806488200114,0.1188480588725469,0.16941423956936666,0.1455,False,False,2000,1.4454765283121829,5.222128165613885,8.22206770879361
139,2023-01-09 18:00:00,0.06651129020816282,0.027440078096637024,0.04207401890821676,0.1147505339244723,0.17378530297306385,0.167,False,False,2000,1.4122972212161442,4.709439996694834,8.125098045980675
140,2023-01-10 00:00:00,0.05818934058749941,0.02656233803612006,0.0400375313964308,0.11377221409991943,0.16283433845517878,0.187,False,False,2000,1.4032014527165009,4.146898542247721,8.108045632340552
141,2023-01-10 06:00:00,0.05399454969919378,0.02664883027351177,0.04058889828492597,0.11229073129464662,0.16665504095283867,0.2105,False,False,2000,1.379455952278907,3.914191649975702,8.140218693401453
142,2023-01-10 12:00:00,0.048419351620135456,0.02692121892404717,0.040740110215287756,0.11770324401201444,0.16632612358954388,0.2295,False,False,2000,1.3520665558406624,3.581136698557726,8.705432695125806
143,2023-01-10 18:00:00,0.04522509976244027,0.028156459116772014,0.041747011415591756,0.11593549645729209,0.17654219239888802,0.2505,False,False,2000,1.3438538029950493,3.3653288521152382,8.627091443943266
144,2023-01-11 00:00:00,0.0711324135455444,0.0322645692216262,0.044708357979868975,0.12265566668202844,0.18046453567350437,0.1825,False,False,2000,1.2945469735205821,5.4947726888655435,9.474794595398924
145,2023-01-11 06:00:00,0.0764929366647141,0.031832310328309854,0.044446223241452046,0.12581030314355657,0.1801240007417437,0.1555,False,False,2000,1.2967305483663998,5.89890758423781,9.70211608742081
146,2023-01-11 12:00:00,0.1035048309962743,0.030759750932966963,0.04394975460268298,0.12095748621787684,0.182166891661183,0.0815,False,False,2000,1.2574123715599488,8.23157409115245,9.619555919257952
147,2023-01-11 18:00:00,0.09840089097102007,0.032127239658874554,0.04431236580046493,0.1240840039235776,0.18102432490012568,0.0925,False,False,2000,1.2169681621947905,8.085740780067328,10.196158599563795
148,2023-01-12 00:00:00,0.09784162971383986,0.030150814803952767,0.04332134060146838,0.12181100952600252,0.17620030216954358,0.0975,False,False,2000,1.2387682932538593,7.89829948398504,9.833235980398145
149,2023-01-12 06:00:00,0.12750943674899753,0.03179934080584191,0.044013566686828556,0.12639526358830186,0.17174428987540052,0.047,True,False,2000,1.186668091499125,10.745164352393944,10.651273468441033
150,2023-01-12 12:00:00,0.14954747064012744,0.03323547125879279,0.04622355602017477,0.1333545653198515,0.1873640590703389,0.032,True,False,2000,1.1706297223600464,12.774959304692219,11.391694809440017
151,2023-01-12 18:00:00,0.1389277887291596,0.03276092783065543,0.04369212152720615,0.12170941780259575,0.1702621117933581,0.0325,True,False,2000,1.1862315461864206,11.711692306261309,10.260173757296847
152,2023-01-13 00:00:00,0.1629523833228178,0.0323182395306806,0.04464360268095245,0.12559090785941932,0.17238781921613366,0.02,True,False,2000,1.1684791343625431,13.945681915125983,10.748237102918804
153,2023-01-13 06:00:00,0.18379313203466585,0.03351490280453704,0.04412851431022226,0.12644090007946043,0.16725402252014218,0.005,True,True,2000,1.1382684289485372,16.146730187750418,11.10817948243182
154,2023-01-13 12:00:00,0.18175111899268712,0.03350984400935088,0.04614118775401791,0.13037941826221305,0.1890937882583314,0.013,True,False,2000,1.1386750973813067,15.961631145765221,11.450098325857482
155,2023-01-13 18:00:00,0.16298349340379953,0.032956275257777404,0.044211070497282526,0.12219129841414174,0.1804048563055391,0.015,True,False,2000,1.134790008928279,14.362436408629009,10.767745349603661
156,2023-01-14 00:00:00,0.1521382999450989,0.03218956174667241,0.04470120261590018,0.12525598060912513,0.18427834470496268,0.0285,True,False,2000,1.1561544505440209,13.158994446936672,10.83384495472787
157,2023-01-14 06:00:00,0.14295594666848038,0.03417605215314554,0.04671444574645451,0.13427946850285838,0.19259641116908105,0.04,True,False,2000,1.1419123289491604,12.518994938957787,11.759174947031918
158,2023-01-14 12:00:00,0.14144998047103188,0.03335866073089259,0.04468035247493517,0.125255507711395,0.18121037482835706,0.029,True,False,2000,1.1322894180970107,12.492387388796821,11.06214592395524
159,2023-01-14 18:00:00,0.1365055218564605,0.03234601697143518,0.045134040450943144,0.12635834463325274,0.1881217743253326,0.035,True,False,2000,1.1245520899040926,12.138657077957356,11.236326513254642
160,2023-01-15 00:00:00,0.13176880052001663,0.03121165854206899,0.042770736511800724,0.11991910022897123,0.16619270212541262,0.0325,True,False,2000,1.0538295396414932,12.503805934766607,11.379364092390789
161,2023-01-15 06:00:00,0.12474638913417974,0.031101455078514584,0.0432829067647074,0.1204886575456424,0.17550504276906714,0.044,True,False,2000,1.0190246867628325,12.241743576445186,11.823919391825774
162,2023-01-15 12:00:00,0.1268406305175592,0.032269710841665,0.044762813935805085,0.12722219876306667,0.18152832846886938,0.051,False,False,2000,1.0072104995291087,12.59325936106303,12.631143025469417
163,2023-01-15 18:00:00,0.11935317585357902,0.029745148719453683,0.042493748573041334,0.12090443218939928,0.16846261338477625,0.0505,False,False,2000,1.0342670769068991,11.539879642163525,11.689865692232864
164,2023-01-16 00:00:00,0.08163784371645884,0.030859368238185806,0.04370846206794636,0.12077459544140733,0.18196440297893363,0.134,False,False,2000,1.0437041320882077,7.821933554399236,11.571727248005201
165,2023-01-16 06:00:00,0.10271331966594487,0.030709199342163943,0.043303982919602864,0.12264640076724657,0.16743548932030616,0.085,False,False,2000,0.9730070818980486,10.556276678437078,12.6048826415528
166,2023-01-16 12:00:00,0.097672901286452,0.031356225921325316,0.04295776273506908,0.11739378957414966,0.1688348975285676,0.0925,False,False,2000,0.9748187272017096,10.01959631682799,12.042627649464363
167,2023-01-16 18:00:00,0.07569067383291651,0.032742298820541305,0.04401792844757951,0.1238189756562265,0.17001838847520526,0.1685,False,False,2000,0.9182421058906259,8.24299750004409,13.484349591672382
168,2023-01-17 00:00:00,0.08697920263968152,0.03245161729693041,0.04432702235345986,0.12287318654207185,0.178637679840358,0.1315,False,False,2000,0.9196956060751541,9.457390256638227,13.360201541729571
169,2023-01-17 06:00:00,0.08297169522173847,0.033407156776083906,0.04550938733853501,0.12760608918603272,0.18166946850906016,0.147,False,False,2000,0.9287471245393706,8.933722972535698,13.7395945370298
170,2023-01-17 12:00:00,0.08197916590225633,0.031176844882605186,0.04350372712673052,0.12135839561543448,0.16269525764792173,0.1445,False,False,2000,0.9833457123350176,8.336759379119226,12.341376394194182
171,2023-01-17 18:00:00,0.07066039354599567,0.030949988824983867,0.0435862445724057,0.12461244325251662,0.17432480686775167,0.166,False,False,2000,0.9651248030579905,7.321373704427526,12.91153671086714
172,2023-01-18 00:00:00,0.07942253792141107,0.03227751317765576,0.04457458191852879,0.12287920813864428,0.17911748872274733,0.153,False,False,2000,0.97764363333807,8.123874100241462,12.56891611098464
173,2023-01-18 06:00:00,0.09576211599396263,0.03289270668501849,0.04555365554811279,0.1303876349619728,0.18064706598417832,0.114,False,False,2000,0.9637352317835469,9.936558593664719,13.529404203753092
174,2023-01-18 12:00:00,0.10421671022642467,0.03205099879092878,0.04542103239601155,0.13083001327944394,0.18327752036356462,0.0885,False,False,2000,1.0069492445106956,10.349748092523416,12.992711796811351
175,2023-01-18 18:00:00,0.08839452076949232,0.03436845927628291,0.04538759058530253,0.12500172758172556,0.18912205959450884,0.1325,False,False,2000,1.0172172570009095,8.689836921377877,12.288596828397475
176,2023-01-19 00:00:00,0.08846483740363842,0.03328623964491925,0.045377919675599634,0.12505103928943118,0.18215866986164972,0.1305,False,False,2000,0.9992786743925579,8.852869541863733,12.514130691866038
177,2023-01-19 06:00:00,0.07400203082533321,0.034785797069416646,0.04609742080198811,0.12823763105648736,0.19244477531421225,0.187,False,False,2000,0.9933837636028079,7.449490673870325,12.909173247546816
178,2023-01-19 12:00:00,0.07829014850551917,0.03740085526322513,0.04725546778797265,0.13263455489962397,0.1802425374926835,0.197,False,False,2000,0.9630885502995489,8.12907063230776,13.771792309063452
179,2023-01-19 18:00:00,0.09871125357302828,0.03391540248549841,0.04551348806278305,0.1286923818482679,0.18513112802046,0.103,False,False,2000,0.9882894454372737,9.98809144717244,13.021729862887213
180,2023-01-20 00:00:00,0.10653801826897637,0.034269810414312936,0.04652500826397954,0.13401603295330014,0.1810105652264256,0.0985,False,False,2000,0.9869508470650562,10.79466303573209,13.578795068855772
181,2023-01-20 06:00:00,0.10169622484239395,0.03299756895008605,0.045436393660282855,0.12544022029304458,0.17885035256254464,0.0995,False,False,2000,0.9898589477726204,10.273809725237186,12.672534867246494
182,2023-01-20 12:00:00,0.10942378741248318,0.033891804082963786,0.04618177853602439,0.1272688000894328,0.16914349880491658,0.0835,False,False,2000,0.9889626599503378,11.064501405743474,12.868918640044894
183,2023-01-20 18:00:00,0.09223925904825345,0.034860896715161724,0.04749902710023702,0.13243841122861214,0.18772835395958104,0.1375,False,False,2000,0.9671174697788779,9.537544500084676,13.694139064501949
184,2023-01-21 00:00:00,0.0772745895174153,0.03581766240275294,0.04893721485726457,0.1376449618635131,0.18962092439360476,0.187,False,False,2000,0.9441589660390691,8.184489296500278,14.578579117980581
185,2023-01-21 06:00:00,0.08386883253999448,0.03792462857118203,0.04992878094929575,0.1410526299009337,0.1956468020444895,0.1825,False,False,2000,0.9347408591881966,8.972415372195547,15.090025060361118
186,2023-01-21 12:00:00,0.09779114571718425,0.03889273908103753,0.05116802337638644,0.14031681338310042,0.2124746890420863,0.132,False,False,2000,0.9369143564124526,10.437575755764618,14.976482367117185
187,2023-01-21 18:00:00,0.10504639768070727,0.036144702959153584,0.049298725748792516,0.1358590068997746,0.20189475730194117,0.1015,False,False,2000,0.9384507955458156,11.193596742555998,14.476945146682644
188,2023-01-22 00:00:00,0.08239986476688267,0.040085380166567264,0.050984628128289806,0.1480601770343424,0.20115971192373158,0.1875,False,False,2000,0.927997894666448,8.879315916605588,15.954796652589383
189,2023-01-22 06:00:00,0.08971441008952312,0.03840866661009713,0.04879641502475886,0.13638843998023967,0.19649793385011743,0.159,False,False,2000,0.9602174851598531,9.343134391537125,14.20391131052298
190,2023-01-22 12:00:00,0.09450066579561898,0.03673999413449191,0.0483823079117631,0.1366761334444096,0.20175969188523318,0.1295,False,False,2000,0.961131899209957,9.832226552182671,14.22033058696276
191,2023-01-22 18:00:00,0.1029314468694048,0.03652547937750453,0.0474838967317149,0.13698561627526865,0.17871178347450703,0.112,False,False,2000,0.9669145799136534,10.645350582943603,14.167292449711702
192,2023-01-23 00:00:00,0.10386655340856261,0.03866754108150029,0.04909740043224752,0.14076716761186386,0.19468153856375658,0.12,False,False,2000,0.9406690903761435,11.041773825801982,14.964578835642998
193,2023-01-23 06:00:00,0.08671458018049619,0.03670518807655979,0.048242347640541354,0.1320055563872089,0.19603499766183324,0.159,False,False,2000,0.9059045621878216,9.572154043586504,14.571684689213447
194,2023-01-23 12:00:00,0.06797347020092628,0.03739348044717738,0.0488386547477602,0.1395088827402141,0.1991962058042733,0.2275,False,False,2000,0.922445054829913,7.368836750223537,15.123814910139851
195,2023-01-23 18:00:00,0.1021795717255175,0.03459708096208842,0.046208081083106936,0.13183692285907758,0.18298012913207412,0.1035,False,False,2000,0.9119692997680718,11.204277572885774,14.456289580428397
196,2023-01-24 00:00:00,0.11454965905935903,0.03388236109885411,0.046181304327064576,0.13152587226403986,0.18334417847266637,0.077,False,False,2000,0.8869439252710271,12.915095959911515,14.829107964615574
197,2023-01-24 06:00:00,0.11698162114481347,0.03168524253180481,0.04453079811734634,0.12425019581668283,0.17951462777847604,0.0595,False,False,2000,0.8872864740001831,13.184199756525233,14.003391177205884
198,2023-01-24 12:00:00,0.15668387853979204,0.0324765958373997,0.04589635099642253,0.13236214852619027,0.18035688064674102,0.026,True,False,2000,0.8655351437006938,18.10254380542797,15.292521567669784
199,2023-01-24 18:00:00,0.15315445050813326,0.03441197296161213,0.048530253499433657,0.13744479416708244,0.19930719419733908,0.0355,True,False,2000,0.8336932503417988,18.370599791391232,16.486254879805326
200,2023-01-25 00:00:00,0.15431560413165277,0.034702132657146896,0.04775589234403076,0.1330367844635007,0.1936921449046834,0.0325,True,False,2000,0.8224778272269113,18.762281367747928,16.175121086491917
201,2023-01-25 06:00:00,0.1653901899923932,0.03373424154150297,0.04631932162272413,0.13497092537205346,0.18140627976802579,0.0175,True,False,2000,0.8356310832209709,19.79224963184598,16.151975205589896
202,2023-01-25 12:00:00,0.15106838827102279,0.032846777429208524,0.045947506895126694,0.13347121493403685,0.17765773904546595,0.028,True,False,2000,0.8296742666938458,18.208156421798222,16.08718268024678
203,2023-01-25 18:00:00,0.15441466563893375,0.034651109424652986,0.04645406452384632,0.13355496131653125,0.18316792052217823,0.025,True,False,2000,0.8387858346818319,18.40930774629811,15.922414971062462
204,2023-01-26 00:00:00,0.14565077086098221,0.0364458477739057,0.048453646626174705,0.13750820622189644,0.19361132318136787,0.038,True,False,2000,0.8400699818754849,17.337933029794957,16.368660848338454
205,2023-01-26 06:00:00,0.15149784296541677,0.035484892257737655,0.04741783242506572,0.13323541021586724,0.18708312735834684,0.032,True,False,2000,0.8488091635722465,17.84828079940044,15.696745032197912
206,2023-01-26 12:00:00,0.1706056681925315,0.035137887631151304,0.047268072934949605,0.1344750473567066,0.1849201426625693,0.018,True,False,2000,0.9045961684654054,18.85987075116116,14.8657546919346
207,2023-01-26 18:00:00,0.19691017505706548,0.03906978411916129,0.04965834703689926,0.14171426428240086,0.19563414913304802,0.01,True,True,2000,1.002715759454366,19.637686273547285,14.133044479077055
208,2023-01-27 00:00:00,0.20564547409607423,0.037233201484794295,0.04985650321748133,0.13811643296264342,0.19169918905964703,0.007,True,True,2000,1.0182694303017439,20.195585566693804,13.563839672739206
209,2023-01-27 06:00:00,0.20440297862845141,0.03638537217126085,0.04923270378351498,0.14051989616108657,0.19673005291208961,0.009,True,True,2000,1.005996844519603,20.318451269701608,13.968224346487833
210,2023-01-27 12:00:00,0.17748736143562735,0.037255436352368866,0.048678282541151134,0.13762103813619764,0.19017546501672403,0.016,True,False,2000,1.0176556571291306,17.440807231036295,13.52334035310481
211,2023-01-27 18:00:00,0.1783649581551549,0.036511302584114544,0.04896388551137846,0.1400974421325886,0.19413510375364523,0.016,True,False,2000,1.0378882782131942,17.185371672394655,13.498316251704596
212,2023-01-28 00:00:00,0.21242806273018527,0.03804610418868841,0.049474260043862246,0.14135567163482118,0.19558887913390108,0.007,True,True,2000,1.0387203160966114,20.450939433674016,13.608636458177612
213,2023-01-28 06:00:00,0.21199383355580254,0.03803422901409573,0.04941166992205309,0.14081657515855298,0.1997183849532024,0.0055,True,True,2000,1.0708264378802823,19.79721699582312,13.150270686004129
214,2023-01-28 12:00:00,0.21906268178019678,0.03641416552896488,0.04851626289366549,0.14062647390561359,0.19365961302964682,0.0045,True,True,2000,1.0803879546412145,20.276298050078243,13.016294128558123
215,2023-01-28 18:00:00,0.2052426806121386,0.03856518901440739,0.04929615899474981,0.1357674060760296,0.1950929130919925,0.0085,True,True,2000,1.0528843936975032,19.49337285657455,12.894806579784484
216,2023-01-29 00:00:00,0.23445823905515653,0.03840384255037744,0.04943463401347245,0.14160242455320554,0.1888957442190709,0.002,True,True,2000,1.065986638128005,21.99448198214681,13.283696013476836
217,2023-01-29 06:00:00,0.2658072305721571,0.039424899268741764,0.051242717324503355,0.14559785144421547,0.21400497355398987,0.001,True,True,2000,1.091484144773826,24.35282563149251,13.339438061593265
218,2023-01-29 12:00:00,0.2605435883527556,0.03910541693121087,0.0505398527371337,0.14140582865184528,0.19562654161751303,0.002,True,True,2000,1.0693167880769068,24.36542578007453,13.223941700770828
219,2023-01-29 18:00:00,0.242395491359722,0.04110516206354125,0.05258699799275088,0.14562745841862954,0.20851143050099605,0.005,True,True,2000,1.0480264011752936,23.12875811982324,13.895399796733917
220,2023-01-30 00:00:00,0.2952302062304843,0.04156516023833943,0.05139368153188428,0.14693384853250874,0.20174545535288518,0.0,True,True,2000,1.0358912001214549,28.5001172126831,14.184293535390708
221,2023-01-30 06:00:00,0.27773261859265164,0.040923522167271076,0.051290028870870856,0.1439981952274418,0.20141742848345287,0.0,True,True,2000,1.025222098517739,27.089995328250932,14.045560999478424
222,2023-01-30 12:00:00,0.25486892611435574,0.04339840392637751,0.05363154024380219,0.15282848583278297,0.2086231657251051,0.002,True,True,2000,0.9969649418682872,25.564482301327246,15.329374124870052
223,2023-01-30 18:00:00,0.25404430983922777,0.04231369336429229,0.05338953916518863,0.15023540300281393,0.20562924441135558,0.004,True,True,2000,1.0007577076386676,25.385196426681205,15.012165467833475
224,2023-01-31 00:00:00,0.2571037384679075,0.043141006319747675,0.05517923579370654,0.15328826784725644,0.22306579276674227,0.005,True,True,2000,1.0211811357353684,25.177094393029805,15.010879312500341
225,2023-01-31 06:00:00,0.24304550034809605,0.04226030672036263,0.053809189134225284,0.15664111261262365,0.22259855077218504,0.003,True,True,2000,1.0007565961088656,24.28617520914714,15.652268815581577
226,2023-01-31 12:00:00,0.23658554228753143,0.0450912630044776,0.055821724693656774,0.15891381652519382,0.21470639302581604,0.0055,True,True,2000,1.0336502519790347,22.888355305342685,15.374041289201662
227,2023-01-31 18:00:00,0.2317827400668426,0.04474945893604958,0.05337904291746133,0.1495721131119908,0.20883406054717268,0.0065,True,True,2000,1.0362701529703389,22.367018812851683,14.433698846122416
228,2023-02-01 00:00:00,0.24306435612051686,0.042540035854380764,0.052233242984655856,0.14726407974674127,0.2073388735647509,0.005,True,True,2000,1.0650283763973536,22.822336146828775,13.827244701675273
229,2023-02-01 06:00:00,0.24058115185067228,0.04252298493399564,0.05312654202184495,0.15016724159567427,0.20516279412323402,0.004,True,True,2000,1.0785497042474954,22.305986539445193,13.923071046637208
230,2023-02-01 12:00:00,0.22977661167666236,0.043978028316257356,0.054004198808826155,0.15207850339868725,0.2172169123040071,0.008,True,True,2000,1.07613964537299,21.35193259207747,14.131855847200653
231,2023-02-01 18:00:00,0.2356399247274354,0.04458972548096881,0.05415640808864911,0.15624860182354408,0.2100398950678505,0.0065,True,True,2000,1.1086100074743406,21.255439075845562,14.094099888157519
232,2023-02-02 00:00:00,0.24160616710392893,0.04319780348669033,0.05238417976901097,0.15002807976343208,0.2027368464608863,0.0015,True,True,2000,1.1144483455087222,21.6794406019456,13.462093632966669
233,2023-02-02 06:00:00,0.24320310629114178,0.04122614345301564,0.05151389345789123,0.1435751489521862,0.20997507134554103,0.004,True,True,2000,1.1406342146113762,21.3217439189305,12.58730863172498
234,2023-02-02 12:00:00,0.2464086844812091,0.04411410381290355,0.052756191333690715,0.15283663703564032,0.19392157787515515,0.0015,True,True,2000,1.1621786896682187,21.202306209172907,13.150872442797281
235,2023-02-02 18:00:00,0.24982007619263913,0.043602532149724836,0.05386632829783393,0.15040546311322647,0.20863921531197438,0.004,True,True,2000,1.2206412351445157,20.46629828649547,12.321840257626516
236,2023-02-03 00:00:00,0.2672103652323143,0.04526777731046325,0.05405397699641641,0.15647054620780868,0.21072317614184516,0.0015,True,True,2000,1.20691398658553,22.139967570371507,12.96451511432709
237,2023-02-03 06:00:00,0.2517611711625961,0.04399545268168326,0.05251868380545189,0.15294341539827674,0.19887288683256446,0.0035,True,True,2000,1.2091265501924768,20.82173872722579,12.649082544249001
238,2023-02-03 12:00:00,0.26750787910135626,0.04555831886897862,0.05535478609203967,0.16117863781809744,0.21759038013020385,0.0005,True,True,2000,1.208155117908911,22.141848768919843,13.340889379922283
239,2023-02-03 18:00:00,0.27033707524964573,0.04305605860719382,0.05193744908168148,0.14782702758727936,0.19739439234091957,0.0,True,True,2000,1.2104769224782248,22.3331044342573,12.212296231524283
240,2023-02-04 00:00:00,0.27221874535938456,0.04445111259752623,0.05436178080274396,0.1516118302971315,0.21851046386173908,0.002,True,True,2000,1.190523181249641,22.865472058565732,12.734891070158842
241,2023-02-04 06:00:00,0.28666846627678083,0.04700646615218024,0.05366647735708874,0.14963832259137574,0.20340040239150603,0.0005,True,True,2000,1.2289890495209668,23.325550897993597,12.175724645366166
242,2023-02-04 12:00:00,0.3039945973670355,0.04732889724553232,0.05567260955844495,0.15678684688954547,0.21468204024249546,0.0005,True,True,2000,1.2737072217805714,23.866913225322538,12.309488727744375
243,2023-02-04 18:00:00,0.32902383810006613,0.04583803437312126,0.05432826208372706,0.16441003179684469,0.20108060173083475,0.0,True,True,2000,1.335844301163423,24.63040324486247,12.307574442145357
244,2023-02-05 00:00:00,0.31362793097641584,0.04808132624547407,0.05531271805918358,0.15754487431043274,0.20972796002232244,0.0005,True,True,2000,1.4205526591314326,22.077881376687376,11.090393115504797
245,2023-02-05 06:00:00,0.3049845389029995,0.04571186070502148,0.05457760726573551,0.15481558296370435,0.20942562464732728,0.0005,True,True,2000,1.456184791657524,20.94408214192694,10.631589057284634
246,2023-02-05 12:00:00,0.2751914315906536,0.04486229575796291,0.05274054339749686,0.15142424953753938,0.20487560149003445,0.0,True,True,2000,1.4641648857627445,18.795112098819043,10.34202165411556
247,2023-02-05 18:00:00,0.28112157779869174,0.037941794587371805,0.04796984901163166,0.13760296303166758,0.1936193520886607,0.0005,True,True,2000,1.4433987941861766,19.47636224520992,9.53326021789089
248,2023-02-06 00:00:00,0.2621721655290705,0.040004290767167675,0.05003590946944209,0.14356175971020424,0.18722617477967696,0.001,True,True,2000,1.4592235550087032,17.9665524606685,9.838229325276208
249,2023-02-06 06:00:00,0.2590216703308404,0.040161528850080855,0.049319287114670964,0.14160386968904304,0.1882413616482857,0.0005,True,True,2000,1.476624949080552,17.541466470014953,9.589697761589042
250,2023-02-06 12:00:00,0.25588702738258057,0.04003717703766427,0.04833597194087616,0.13921552943603827,0.1877707642532266,0.0005,True,True,2000,1.4976042064288286,17.086425524455898,9.295882639646837
251,2023-02-06 18:00:00,0.2453305667583825,0.04280340320502376,0.050845308788242186,0.14660430175318517,0.1990598314304205,0.0,True,True,2000,1.4862935869906362,16.506198297949602,9.86375121553349
252,2023-02-07 00:00:00,0.23860563707968208,0.043294881280655936,0.05125991736144533,0.14469592205698617,0.20351256925027966,0.003,True,True,2000,1.4816741147452273,16.10378656852692,9.765704929107608
253,2023-02-07 06:00:00,0.2175646515217403,0.04574713697608213,0.05285429191635996,0.1551074709088482,0.21122613982878302,0.0085,True,True,2000,1.4593394076559096,14.908433938010859,10.628608402893223
254,2023-02-07 12:00:00,0.22315026554978512,0.04293071619912564,0.052506997668143054,0.1507150387499562,0.2055878591205734,0.006,True,True,2000,1.4541773552954238,15.345464206080347,10.364281784551489
255,2023-02-07 18:00:00,0.21408463376454548,0.04398214463358858,0.05189388701136943,0.1461286571829827,0.21479346146107461,0.011,True,False,2000,1.432640487121634,14.94336057713056,10.199953058465818
256,2023-02-08 00:00:00,0.2163081617678365,0.04545270520646903,0.05226203363338229,0.14660643051178532,0.1985719780680822,0.0065,True,True,2000,1.408127135565802,15.361408519474438,10.411448427409017
257,2023-02-08 06:00:00,0.19675827826924636,0.04137171878074146,0.050555974182797524,0.14214838030803706,0.18986051157816272,0.0085,True,True,2000,1.418145275814837,13.874338660839463,10.023541503980368
258,2023-02-08 12:00:00,0.2073813319295899,0.04329271554916679,0.051890206055959086,0.15044077803524414,0.19785093749798507,0.0085,True,True,2000,1.4134235536348434,14.672270841693265,10.64371522947681
259,2023-02-08 18:00:00,0.19376083718180567,0.043772703798144595,0.05139995160553109,0.1473758531686069,0.1998050070397763,0.013,True,False,2000,1.423507475763413,13.611508227443178,10.353008725125992
260,2023-02-09 00:00:00,0.18250759088326135,0.04197732184272953,0.04947007387983149,0.14246192127108803,0.18612078650620842,0.012,True,False,2000,1.444022876086724,12.638829613132838,9.865627728638017
261,2023-02-09 06:00:00,0.17694360223693592,0.04246639307560557,0.04998888954572943,0.14455710663567134,0.19514726597803322,0.0185,True,False,2000,1.4542244925658496,12.167557563601111,9.940494564261753
262,2023-02-09 12:00:00,0.19308331564563827,0.040223858920781175,0.04814522420299753,0.13102990827097172,0.19828360384811922,0.0105,True,False,2000,1.4549615678794494,13.270681501714837,9.005729853190745
263,2023-02-09 18:00:00,0.2097090371115509,0.041337944102954695,0.04915041488313089,0.13638224175193694,0.19702528126167188,0.007,True,True,2000,1.4514045325464213,14.448696583827406,9.396569922009316
264,2023-02-10 00:00:00,0.20509704585006122,0.04295569753029871,0.05145433278963641,0.150171254536524,0.20244645698640398,0.0095,True,True,2000,1.4644094482299308,14.005444044216409,10.254731333373998
265,2023-02-10 06:00:00,0.19355921146232238,0.03830098253265347,0.049089830090413004,0.1373857834540009,0.1946930291770556,0.0115,True,False,2000,1.4735711117325117,13.135383146507964,9.323322258433342
266,2023-02-10 12:00:00,0.21601424251584797,0.03815068582285639,0.047462559207193174,0.13132331222641686,0.19005246686793337,0.0035,True,True,2000,1.4822945204759301,14.572963708082174,8.859461491111228
267,2023-02-10 18:00:00,0.20863571773608697,0.03904760321459493,0.04887585388816514,0.1369941264504631,0.19698415261660215,0.007,True,True,2000,1.465509195190656,14.236397725839204,9.347885833813605
268,2023-02-11 00:00:00,0.1962602397775107,0.038201740149738546,0.04702601784388813,0.1386400798011985,0.18578100403833925,0.0065,True,True,2000,1.437746856529606,13.650542088559197,9.64287135607753
269,2023-02-11 06:00:00,0.2086150253237302,0.03968119103823858,0.050502301303729506,0.14319765120189595,0.18936301991305446,0.0055,True,True,2000,1.4520406756369109,14.367023515524114,9.861820925855602
270,2023-02-11 12:00:00,0.22000967892726989,0.04024366472744225,0.04915417241940592,0.13805940071717696,0.19828491175534088,0.0035,True,True,2000,1.4545929198551577,15.125171855585378,9.491274076249754
271,2023-02-11 18:00:00,0.221608500308457,0.03887034117528718,0.04671659971478207,0.13356238743239518,0.18340559230623724,0.0005,True,True,2000,1.490802656410688,14.865045977447469,8.959092396170327
272,2023-02-12 00:00:00,0.2081549404197419,0.037566697469346114,0.04650648254080874,0.13425397381992982,0.18542224931624854,0.004,True,True,2000,1.4921603222000628,13.949904532566263,8.997288818267451
273,2023-02-12 06:00:00,0.1924850619655174,0.03980752879157239,0.04875326578423301,0.14008679446769523,0.19246854609120786,0.01,True,True,2000,1.4785535862220682,13.018470467299487,9.474583523593388
274,2023-02-12 12:00:00,0.17912054233827857,0.03823409030969652,0.04595988615799095,0.12830701148561802,0.18012134103440464,0.0105,True,False,2000,1.4916785432449324,12.007985443608217,8.601518877284683
275,2023-02-12 18:00:00,0.20870334629084203,0.039119399443424754,0.048953334504138066,0.1362924989200201,0.20031802486585554,0.008,True,True,2000,1.5277937804788646,13.660439580100073,8.92087012406224
276,2023-02-13 00:00:00,0.22737085614978,0.04130259518098353,0.051675952279099664,0.14160211044855311,0.2063519555324211,0.007,True,True,2000,1.5250459425111946,14.909115182155306,9.285104566449064
277,2023-02-13 06:00:00,0.24535625325741883,0.04089627906536826,0.04948193633101878,0.1417807444216862,0.19075236075726945,0.0015,True,True,2000,1.5152889542975696,16.19204393733317,9.356680388884005
278,2023-02-13 12:00:00,0.2784272556647918,0.040335014591068724,0.0515126383446577,0.14482698722958823,0.20602317437434184,0.0005,True,True,2000,1.4968343981983714,18.601072770636087,9.675551778066147
279,2023-02-13 18:00:00,0.27143651724187656,0.0397963497492997,0.05074733687766402,0.14299777399435834,0.20190685863459168,0.0015,True,True,2000,1.4925270246219848,18.18637202302074,9.580916903704017
280,2023-02-14 00:00:00,0.261016294907958,0.039708512330643306,0.048501355946392107,0.1352833451782292,0.19700523236188702,0.0005,True,True,2000,1.4732185532757744,17.71741839169588,9.182842890311148
281,2023-02-14 06:00:00,0.2526664088705941,0.04081507857290976,0.050834734284959576,0.14987812313733537,0.20087189693773153,0.0025,True,True,2000,1.481385403026268,17.05608873655911,10.117429456990385
282,2023-02-14 12:00:00,0.24529490239533558,0.03923427867025002,0.04973307557878084,0.1430606825651862,0.18927091648996539,0.0015,True,True,2000,1.4973659458186506,16.381760456107223,9.554156281213611
283,2023-02-14 18:00:00,0.24355008846665246,0.03954993483384569,0.04983153094068627,0.1372570355680784,0.20434519132359186,0.0005,True,True,2000,1.498262701722395,16.255499665490476,9.16107938950148
284,2023-02-15 00:00:00,0.24484887724380885,0.041088499508198865,0.051327843188762004,0.147643285694685,0.19619164672426417,0.002,True,True,2000,1.4927860943364326,16.402140813928746,9.89045156937336
285,2023-02-15 06:00:00,0.2350214223947307,0.04032419596199108,0.050034315003413876,0.14587422477417986,0.19150494697103607,0.0025,True,True,2000,1.5018336498106146,15.648965011828544,9.713074733182001
286,2023-02-15 12:00:00,0.23351573879920337,0.04211072994130073,0.050535798335481205,0.1434384421341755,0.1920853865850858,0.0025,True,True,2000,1.492873080384004,15.64203560688075,9.608214122079257
287,2023-02-15 18:00:00,0.22811700929510684,0.04302346178838219,0.05036272238468681,0.14331231214663637,0.19176006415051036,0.001,True,True,2000,1.4913026143920398,15.296493621993912,9.609874666856973
288,2023-02-16 00:00:00,0.21344887314195837,0.043644850051364474,0.05245995691883019,0.1465503931105875,0.2127639300028226,0.0095,True,True,2000,1.50125602953467,14.218019374624532,9.761852091012905
289,2023-02-16 06:00:00,0.2152379799889153,0.0448327398696234,0.05343780593914437,0.14908441843440925,0.21962319137096759,0.012,True,False,2000,1.4958792611082534,14.38872678998516,9.966340353161723
290,2023-02-16 12:00:00,0.22316035598578768,0.04738518212335042,0.056516767088169,0.16120656711966433,0.23139841848897394,0.013,True,False,2000,1.4703780094427863,15.177073824054022,10.96361385197505
291,2023-02-16 18:00:00,0.2352713447493972,0.04485456414163457,0.054907022415737625,0.15822135824749597,0.21434110606305062,0.004,True,True,2000,1.4865675178240898,15.826482277358464,10.643402089068033
292,2023-02-17 00:00:00,0.23454913214943549,0.04937398107609124,0.05695805844688523,0.16339902169700243,0.2187393835300272,0.0065,True,True,2000,1.5007766271836207,15.628517122471036,10.887631026319982
293,2023-02-17 06:00:00,0.2182652156910015,0.04456694964014237,0.052599935456198794,0.15084876613277562,0.2056095010826159,0.007,True,True,2000,1.4918093497398297,14.630905465840307,10.111799216105162
294,2023-02-17 12:00:00,0.24104490369617002,0.04594963781535139,0.05327418768433376,0.1505557369030703,0.20311193790154705,0.002,True,True,2000,1.5232773827043666,15.824097858541586,9.883671786406989
295,2023-02-17 18:00:00,0.23669722441152866,0.04379490414218384,0.05273388171797357,0.14934244907741262,0.2060577573089029,0.003,True,True,2000,1.5136110274320014,15.637916222975075,9.866633261174611
296,2023-02-18 00:00:00,0.23788074769497755,0.04466620596287086,0.052792925214825016,0.1483410924518423,0.1998331129454021,0.003,True,True,2000,1.5136794265528737,15.715398090380814,9.800033603526067
297,2023-02-18 06:00:00,0.22634235019429078,0.04141610073911642,0.05108393848970344,0.1489638820795602,0.19357675738818628,0.0025,True,True,2000,1.53455778492906,14.749679185574246,9.707283983864222
298,2023-02-18 12:00:00,0.21446941556813248,0.043351677947800475,0.0525808278589228,0.14808732056753482,0.20400598650105958,0.009,True,True,2000,1.550940129792469,13.82834910570214,9.548229343150103
299,2023-02-18 18:00:00,0.2360499338393688,0.04139958529264186,0.05179241871186183,0.14859696630774363,0.19336836488266196,0.0025,True,True,2000,1.5394982027352107,15.332913894928964,9.65229878435278
300,2023-02-19 00:00:00,0.24610796574898222,0.03838061113739525,0.0493317252410274,0.14043540371405328,0.19033971258412105,0.0,True,True,2000,1.5266727263367714,16.120545124266066,9.198789058806724
301,2023-02-19 06:00:00,0.21370232139177409,0.03857473256714263,0.049103250759931834,0.13916372240834787,0.20144868822046624,0.006,True,True,2000,1.5010419115354225,14.236932343426508,9.271141687575977
302,2023-02-19 12:00:00,0.18772659826708785,0.03811537100600579,0.0513430092027264,0.14606743458109772,0.21039500263406147,0.017,True,False,2000,1.4884032804829723,12.61261653536348,9.813700123914016
303,2023-02-19 18:00:00,0.17472527984946196,0.03448947708369574,0.0471733414275078,0.13320063060403278,0.18716727965345986,0.016,True,False,2000,1.4702594517058423,11.883975964020504,9.059668376862948
304,2023-02-20 00:00:00,0.18577468453382895,0.040581778558397424,0.05065769981212519,0.143689943345435,0.19946741895748873,0.0135,True,False,2000,1.4779125781883278,12.570072633224182,9.722492755395228
305,2023-02-20 06:00:00,0.16508845319271273,0.038525927596132374,0.049843680083714446,0.14018218364469695,0.2019157199510452,0.026,True,False,2000,1.4619603258663487,11.292266299694715,9.58864486022395
306,2023-02-20 12:00:00,0.17896215713758643,0.03956197209488543,0.05161128863079314,0.14836546049206303,0.20603568461356064,0.0255,True,False,2000,1.4672510550177478,12.197105364181981,10.111797840231809
307,2023-02-20 18:00:00,0.2053048361504957,0.03416425072269953,0.04584113789199222,0.13028627010944893,0.18263489441502836,0.0045,True,True,2000,1.4811745675668984,13.860947969674273,8.796145502516161
308,2023-02-21 00:00:00,0.2224869700856628,0.03543940244639407,0.048477585262554114,0.1382135053454878,0.1938030633524187,0.004,True,True,2000,1.5076593448425382,14.757111468632168,9.167422721737116
309,2023-02-21 06:00:00,0.22159632563940207,0.03564008017694872,0.04688923349176713,0.13038451271785517,0.18548122302074901,0.004,True,True,2000,1.4916921365267437,14.855365944032325,8.740711942173435
310,2023-02-21 12:00:00,0.2241307755726259,0.03508706378142759,0.04612217452801401,0.12665345701264685,0.18394027768288498,0.003,True,True,2000,1.4798988292448818,15.145006614201364,8.5582510445847
311,2023-02-21 18:00:00,0.23367825554439675,0.035956199722300096,0.04688315028101779,0.1301777977138073,0.1837837007818408,0.002,True,True,2000,1.4639257171520816,15.962439405668341,8.892377269459747
312,2023-02-22 00:00:00,0.2464433318142404,0.038696520153725204,0.05050676607135644,0.1441582912070887,0.19971696188712307,0.0025,True,True,2000,1.4845694373608378,16.600323677169985,9.710444495163735
313,2023-02-22 06:00:00,0.25647317817133336,0.038291941522998335,0.04879577191452086,0.13930530387555468,0.19556227493406012,0.0,True,True,2000,1.489581519308274,17.21780076127914,9.351975844883247
314,2023-02-22 12:00:00,0.24195171132814333,0.03698120029914055,0.04798044044795543,0.13878614086025595,0.19374499712201906,0.0005,True,True,2000,1.5238940488222366,15.877200354915697,9.107335314257499
315,2023-02-22 18:00:00,0.2326553975820774,0.0380019839062241,0.04771791264675158,0.13863489362817674,0.18417899500906232,0.0015,True,True,2000,1.5246356631588587,15.259737339479774,9.092985096579874
316,2023-02-23 00:00:00,0.2455019599030729,0.03837791200968158,0.048990705015718776,0.14022068927915704,0.1955663297691387,0.0015,True,True,2000,1.564912617314221,15.6879021350352,8.960288755279551
317,2023-02-23 06:00:00,0.23968272163667678,0.035141592720005124,0.04595405654004242,0.13125808146337414,0.17686104127270563,0.0015,True,True,2000,1.5284443298417911,15.681481945861009,8.58769134738199
318,2023-02-23 12:00:00,0.24976832146611347,0.0364829649503002,0.04741504426245295,0.13403963556411597,0.1873999844192009,0.0005,True,True,2000,1.5045977559401416,16.600338560923,8.908669113384518
319,2023-02-23 18:00:00,0.25094691006646147,0.03573193503399065,0.046808913090724706,0.13407038147453507,0.18320994830670093,0.0015,True,True,2000,1.5088608308115161,16.63154778373389,8.885536607271295
320,2023-02-24 00:00:00,0.25058956601082616,0.04017260461373572,0.050054821460545025,0.14235138640673142,0.1955315633685372,0.002,True,True,2000,1.5245191555837614,16.437285493790444,9.337461315940168
321,2023-02-24 06:00:00,0.24097960301167742,0.038338329238902416,0.05054215081551471,0.1415148529595176,0.20073221456002863,0.0045,True,True,2000,1.543155100099102,15.616032568353086,9.17048797949276
322,2023-02-24 12:00:00,0.20736122159628295,0.03672379962709889,0.04819944942310297,0.13731123491696814,0.18859323095706776,0.005,True,True,2000,1.5558418518513715,13.327911275142382,8.82552649895456
323,2023-02-24 18:00:00,0.2137562617918188,0.039013753101733877,0.050090386499822614,0.14093339905902424,0.20057742383321173,0.0065,True,True,2000,1.5856160963853367,13.480959374662637,8.88824220316029
324,2023-02-25 00:00:00,0.2059305411153389,0.037806331022724536,0.04903643590510543,0.13864822826183373,0.1948764628293039,0.006,True,True,2000,1.5440170938173892,13.337322620321604,8.97970811443825
325,2023-02-25 06:00:00,0.20152321042084342,0.034171217663567274,0.04526103792101244,0.1298640752181317,0.17784477402151774,0.0035,True,True,2000,1.5655725575906632,12.872173151206573,8.294989241379264
326,2023-02-25 12:00:00,0.18940896374584817,0.033924226714607986,0.046137310205235295,0.12901312767314077,0.1862490553643812,0.0095,True,True,2000,1.545177232903132,12.258073683235684,8.349406458102317
327,2023-02-25 18:00:00,0.188207321600098,0.03518269727332111,0.046827777287437235,0.1358057688085906,0.17384424936348616,0.007,True,True,2000,1.4913882558250495,12.619605985564103,9.1059969312593
328,2023-02-26 00:00:00,0.21090339373186,0.0336527139609413,0.045168783395492934,0.12981785923320968,0.17829706143159293,0.002,True,True,2000,1.4954229433085926,14.103260530779377,8.681012941127566
329,2023-02-26 06:00:00,0.19540453616526596,0.03310994371176521,0.045660217365202295,0.12942336765631468,0.18214979391757938,0.006,True,True,2000,1.4273171610144222,13.690337473865174,9.067596970832396
330,2023-02-26 12:00:00,0.16016099515254922,0.034870967254295865,0.04729609681431711,0.1339886054528299,0.18570104411523597,0.0215,True,False,2000,1.4121784181192447,11.341413598846344,9.48807910768651
331,2023-02-26 18:00:00,0.16981617055953094,0.03436991719016057,0.04569071761148654,0.12784646855649368,0.19007062650638815,0.0165,True,False,2000,1.3907672950490437,12.210250497265438,9.192513299069585
332,2023-02-27 00:00:00,0.16971156565866546,0.03299758537663364,0.04413857264099686,0.12386162803236109,0.17445235854673422,0.012,True,False,2000,1.3944344952385481,12.17063736146549,8.882570565723984
333,2023-02-27 06:00:00,0.18409010423877095,0.03284976445539551,0.044659588680735475,0.12364699733343902,0.17993833104562956,0.009,True,True,2000,1.3958885196034174,13.188023373891802,8.857942134846706
334,2023-02-27 12:00:00,0.1797576169585814,0.03269951816866724,0.045959901064903885,0.13293826192480365,0.18876214811620717,0.0125,True,False,2000,1.408324761378397,12.763932147485907,9.439460667771717
335,2023-02-27 18:00:00,0.18502995978292577,0.032198754680239326,0.04415197216253809,0.12342617929502678,0.17528020354193574,0.007,True,True,2000,1.4396461144023514,12.852461305029697,8.573369389897975
336,2023-02-28 00:00:00,0.20032721106870854,0.03329888485650754,0.04444353944328665,0.12625465084964282,0.17635707276782836,0.004,True,True,2000,1.4417833393634758,13.894404630667308,8.756839353226416
337,2023-02-28 06:00:00,0.17223394614257106,0.03177334271604154,0.044304528477623874,0.12466144939299903,0.17908726063607328,0.0145,True,False,2000,1.441172034246155,11.950963663589462,8.65000474826773
338,2023-02-28 12:00:00,0.17205334160022867,0.033831143261273566,0.044882410440981305,0.12691678389160602,0.17892345440438098,0.0145,True,False,2000,1.4182887574295029,12.131051642266206,8.948585626641302
339,2023-02-28 18:00:00,0.19071802804088478,0.03191933882051834,0.04316545930579988,0.12375962965836218,0.17547664778707545,0.005,True,True,2000,1.379182350074381,13.828340250337392,8.973405848159793
340,2023-03-01 00:00:00,0.18308135536167938,0.032763720340221424,0.04431896033156577,0.12758234046495112,0.17518358910226994,0.0055,True,True,2000,1.3945165638429857,13.128661222721286,9.148858018104985
341,2023-03-01 06:00:00,0.1956192729865866,0.03221081851588988,0.0438827540268678,0.12451007019245447,0.172465878817139,0.0035,True,True,2000,1.4133890789144328,13.84044039287709,8.809327314746596
342,2023-03-01 12:00:00,0.20963824244694648,0.0338511060904615,0.0445919730832761,0.12694247382395502,0.1756635013825656,0.0025,True,True,2000,1.4416335562195408,14.541714955407258,8.805460533038774
343,2023-03-01 18:00:00,0.20035126491308777,0.03231382961553977,0.0440090660658579,0.12604008647168066,0.17235547376525456,0.0035,True,True,2000,1.4193116914036303,14.116086418970458,8.880366957805663
344,2023-03-02 00:00:00,0.18369498637684759,0.03219198530220133,0.04378398425168716,0.12155819050109591,0.17078629364513404,0.008,True,True,2000,1.4191860023328031,12.943686456524858,8.565345930785904
345,2023-03-02 06:00:00,0.18528579968854333,0.03173347166034511,0.04322157111932465,0.11949439863694704,0.173371008547655,0.006,True,True,2000,1.4193469064508148,13.054299751979917,8.418970590900281
346,2023-03-02 12:00:00,0.19141743331523445,0.032573252084495595,0.04298329588746466,0.11995803025643399,0.17226962715129068,0.006,True,True,2000,1.4160589048304055,13.517617993310779,8.47125990643735
347,2023-03-02 18:00:00,0.18994376029386542,0.03273129781358756,0.043297571570659096,0.12214859944964788,0.17127251918589176,0.0055,True,True,2000,1.4150411713427904,13.423196733818003,8.63215869074227
348,2023-03-03 00:00:00,0.1876855356379109,0.0364748875992545,0.047495420624407,0.13571677288800374,0.1926565192209301,0.012,True,False,2000,1.4074630666583523,13.335023851355505,9.642652521620139
349,2023-03-03 06:00:00,0.1772645496156792,0.0341214464363619,0.04446640064257626,0.1238351427602486,0.17170905660057387,0.0085,True,True,2000,1.4164229078436728,12.51494512225465,8.742808526640689
350,2023-03-03 12:00:00,0.20837528012756096,0.03671757438366495,0.046433433325362455,0.133320412062458,0.1814892265651937,0.0045,True,True,2000,1.4450018739920756,14.420415909350142,9.226314128862448
351,2023-03-03 18:00:00,0.22306851247347276,0.03527151811104651,0.04511480151101592,0.1267796252565724,0.18187846983375722,0.0025,True,True,2000,1.4250697034549669,15.653165029939315,8.89638064364188
352,2023-03-04 00:00:00,0.20307648085975,0.03743933143753448,0.04794694113422054,0.13832496113117604,0.18820262063783702,0.006,True,True,2000,1.4270501992633584,14.230507165380576,9.693069045684533
353,2023-03-04 06:00:00,0.19874109440652174,0.035430182067286764,0.045926398358909215,0.12865246900467425,0.18193172218469303,0.005,True,True,2000,1.4280653535058638,13.916806672651042,9.008864243421055
354,2023-03-04 12:00:00,0.19387209799899816,0.03474704845395965,0.045403748288001956,0.1272198759158385,0.1838249528699278,0.007,True,True,2000,1.4292237862530857,13.56485246493564,8.901326519996115
355,2023-03-04 18:00:00,0.19449210604230327,0.03755913380171972,0.04886282254990748,0.1455945004490455,0.18984328270241152,0.009,True,True,2000,1.3871967814972987,14.020513068980328,10.495590992641661
356,2023-03-05 00:00:00,0.2012046216182352,0.039228999930274594,0.04951173566870578,0.1397444938219973,0.20104117192322352,0.01,True,True,2000,1.3578345072148381,14.818051872237504,10.291717663637693
357,2023-03-05 06:00:00,0.16889735608979475,0.03918846300737945,0.047882159413945746,0.13741715395923637,0.1809694458223863,0.018,True,False,2000,1.363319341062445,12.388686274939207,10.079601295184895
358,2023-03-05 12:00:00,0.16694369912968215,0.03787776078398106,0.04843052665897958,0.14037772340336876,0.18873465842008633,0.025,True,False,2000,1.3767302826515386,12.126100604698976,10.196457880842553
359,2023-03-05 18:00:00,0.1422850301051076,0.03438300111958271,0.04461371807287641,0.12619981265243707,0.17736404105219675,0.0285,True,False,2000,1.298318705795405,10.959175853353955,9.720249125974174
360,2023-03-06 00:00:00,0.13616830901007526,0.03231033373715332,0.04397788914781896,0.12458410186265119,0.17844536400347807,0.0375,True,False,2000,1.2961332960937242,10.505733431928505,9.611982211869853
361,2023-03-06 06:00:00,0.12611803152888418,0.03341280616012888,0.04428518125593309,0.12542709573870336,0.17117214191379593,0.049,True,False,2000,1.312661656373535,9.607809515614864,9.555173271779598
362,2023-03-06 12:00:00,0.1388147552046898,0.03333385717996335,0.044887811648107824,0.1295196301357388,0.18069471747087645,0.0375,True,False,2000,1.3233529789014822,10.489624266378286,9.78723229559307
363,2023-03-06 18:00:00,0.10988110985245797,0.03388139436558041,0.04505100456481789,0.12419182613528905,0.19383484200219983,0.076,False,False,2000,1.3022401393916698,8.437853090889057,9.536783760428715
364,2023-03-07 00:00:00,0.11255374817106822,0.0357507917550125,0.04728837603937195,0.13288369398487376,0.18382237645109537,0.0895,False,False,2000,1.2883537434062418,8.736245673761196,10.314224231114224
365,2023-03-07 06:00:00,0.11536556064048864,0.03634032817501743,0.04614874224244991,0.1325033400500768,0.18284866232556332,0.0825,False,False,2000,1.2980645337666732,8.887505793392672,10.207762141500297
366,2023-03-07 12:00:00,0.1272232835820655,0.03792359558403731,0.04707205963924743,0.13019809721320647,0.1810039339954854,0.056,False,False,2000,1.3084265555762822,9.723379813705431,9.950737904112787
367,2023-03-07 18:00:00,0.13421768273304924,0.037213005752405666,0.04539175507832351,0.12545935405325315,0.17201852081510055,0.04,True,False,2000,1.3487585275157965,9.951201790008872,9.301839543089287
368,2023-03-08 00:00:00,0.13177037627927485,0.04153863415096974,0.04975881150364372,0.1382187618578473,0.18575870106928263,0.062,False,False,2000,1.410764467158928,9.340352648989027,9.797437139609814
369,2023-03-08 06:00:00,0.14085903565823588,0.03987572150725714,0.04926186951740637,0.1415936319366061,0.1855574782937668,0.0515,False,False,2000,1.4159614778938556,9.947942642320601,9.999822321947402
370,2023-03-08 12:00:00,0.13202552008945312,0.04028521837153791,0.04795347198449411,0.13583209398076154,0.18884546439124036,0.0575,False,False,2000,1.4076403014166678,9.379208591611144,9.649630935123009
371,2023-03-08 18:00:00,0.12776287953056994,0.04020764364288625,0.04915485458540327,0.13593037972851305,0.1953055924861444,0.0665,False,False,2000,1.4102620438334421,9.05951344923662,9.638661149740694
372,2023-03-09 00:00:00,0.1243829940609035,0.03874550689720388,0.04866279639091964,0.13919689187673848,0.18716844721453021,0.075,False,False,2000,1.405063616419652,8.852481311689868,9.906803524771107
373,2023-03-09 06:00:00,0.10233319463589174,0.038155814532129684,0.04828860083508015,0.1360807783961068,0.19290425247894696,0.107,False,False,2000,1.3824322735494112,7.402402026766206,9.84357649917401
374,2023-03-09 12:00:00,0.14597821104098657,0.0405872733985447,0.049339433294795405,0.14003559214841083,0.1877339397722347,0.0415,True,False,2000,1.3975597579627952,10.44522140890613,10.020007470202126
375,2023-03-09 18:00:00,0.13367837311054473,0.04052244375097222,0.051238804885386055,0.14401476661036283,0.20035097021210502,0.066,False,False,2000,1.4286092293675945,9.357238519991952,10.08076692001452
376,2023-03-10 00:00:00,0.14169828796703463,0.03640084236122037,0.04703060239192247,0.13028043065947797,0.18359493705269317,0.038,True,False,2000,1.4309331450943308,9.90250931378723,9.104578442823726
377,2023-03-10 06:00:00,0.13264595812159327,0.03763280545758241,0.048184875693694014,0.14022095096085468,0.18998897641244442,0.06,False,False,2000,1.485819178894005,8.927463045693795,9.437282339108757
378,2023-03-10 12:00:00,0.1251594406317927,0.03830028646315351,0.0479312240178862,0.13692599978856745,0.18615991642716745,0.0735,False,False,2000,1.4933454343839392,8.381144626690185,9.169077471017586
379,2023-03-10 18:00:00,0.12288274789195368,0.03457179962172597,0.04480264940149235,0.12482589985185243,0.1786833472836616,0.0555,False,False,2000,1.5322423744403524,8.019798299654536,8.146615831417975
380,2023-03-11 00:00:00,0.1412412270836881,0.03729889110681623,0.047198037130235564,0.13187783784015258,0.18471957126250332,0.041,True,False,2000,1.5425424556751195,9.156391551107843,8.549381403083265
381,2023-03-11 06:00:00,0.13431820676063153,0.036267665080272994,0.04737418877325743,0.13903704826710525,0.1835468643198551,0.057,False,False,2000,1.5728023994889906,8.540056068344759,8.840083681985664
382,2023-03-11 12:00:00,0.12386444862678192,0.037236125437706005,0.046368287806690354,0.12794529117283202,0.17611237689386597,0.0565,False,False,2000,1.5974129293432924,7.754065736634763,8.009531463191
383,2023-03-11 18:00:00,0.12971887359260642,0.03485024085878302,0.04441210398621056,0.12666316423731058,0.17277003182319797,0.046,True,False,2000,1.6052967184235087,8.08067892395604,7.890327238798625
384,2023-03-12 00:00:00,0.12804912165680335,0.03470296326141495,0.04495074243549832,0.12666606503650396,0.1706685187728832,0.0475,True,False,2000,1.5788330522383776,8.110364897369154,8.02276496916024
385,2023-03-12 06:00:00,0.12369446838748352,0.03609259278915671,0.04658439464987524,0.1297922486234048,0.18596052940620691,0.058,False,False,2000,1.5972885428716233,7.7440277737862075,8.125785989177812
386,2023-03-12 12:00:00,0.11443469296434361,0.034089937919913355,0.0454868053190899,0.1254001520902789,0.17967317674322475,0.0715,False,False,2000,1.5994095862708109,7.154808496000074,7.84040268150839
387,2023-03-12 18:00:00,0.10512138741327998,0.036465367735173296,0.045876983629371544,0.12701425743383374,0.18266204631556585,0.089,False,False,2000,1.5842607462838356,6.635358962207505,8.01725711703507
388,2023-03-13 00:00:00,0.0916824365275274,0.03937292774167779,0.04955928852970102,0.14122671037708792,0.19289111141530332,0.156,False,False,2000,1.6119071454641918,5.687823692916567,8.761466860823296
389,2023-03-13 06:00:00,0.07338469391140912,0.04190344331878005,0.050114734527117975,0.14061024041413983,0.19980696591882183,0.241,False,False,2000,1.582498003580332,4.637269288515972,8.885334458306763
390,2023-03-13 12:00:00,0.09989033017471101,0.04404406999579328,0.05181416513634128,0.1452926654626292,0.20848828232070712,0.1555,False,False,2000,1.5665489384909272,6.376457684809796,9.274696876217039
391,2023-03-13 18:00:00,0.09191755559868955,0.04498640772247113,0.05197746976132741,0.1469209884734973,0.20388392639427053,0.175,False,False,2000,1.581977753174528,5.81029381824366,9.287171591299147
392,2023-03-14 00:00:00,0.1159152858689356,0.0481412835371993,0.05491384835651103,0.1527930278046027,0.2098807395679119,0.132,False,False,2000,1.59439193675235,7.270187661952546,9.583153569870026
393,2023-03-14 06:00:00,0.12079324226373345,0.044977951873612025,0.05273040025324749,0.15430375906892718,0.20689409599654351,0.1025,False,False,2000,1.5997868725569917,7.550583414318537,9.645269736605504
394,2023-03-14 12:00:00,0.10760308052386794,0.047124770028732936,0.053929303058792406,0.15229732436451843,0.20320917986502043,0.1535,False,False,2000,1.6015637061618873,6.7186263093921115,9.509289188969927
395,2023-03-14 18:00:00,0.08617091788357993,0.04644589397694534,0.05274479918990132,0.15068446482813252,0.19687713110971633,0.2215,False,False,2000,1.5616905037067732,5.517797391931865,9.648804578786464
396,2023-03-15 00:00:00,0.08534406512491227,0.046470606759353834,0.0520358556304699,0.1485381586055619,0.20058777493999322,0.2225,False,False,2000,1.531360027538639,5.573089514559559,9.69975420112721
397,2023-03-15 06:00:00,0.06501486496729332,0.048376146566472586,0.054237017055701005,0.15533457029032421,0.21722962452016373,0.313,False,False,2000,1.542251866049433,4.215580243312179,10.071932717982222
398,2023-03-15 12:00:00,0.06784689373015573,0.046831647885046936,0.05456244840495182,0.1601249514392856,0.2053476865723715,0.293,False,False,2000,1.5476429996747534,4.383885285199117,10.34637519589058
399,2023-03-15 18:00:00,0.04730132396222399,0.043896333875725495,0.05247070001216671,0.15111708828179277,0.20011366765442534,0.3755,False,False,2000,1.5337824884228979,3.0839655765571607,9.852576191372348
400,2023-03-16 00:00:00,0.0601716825182781,0.04553615996437712,0.052963289581255596,0.15036566802810286,0.20474623372446257,0.336,False,False,2000,1.4990110329646882,4.014092037686527,10.030991415100878
401,2023-03-16 06:00:00,0.0430334109007081,0.044474615335572634,0.05070901694848196,0.14472599452350096,0.18877938869199612,0.4205,False,False,2000,1.4725453827852661,2.9223826582045276,9.828287549940022
402,2023-03-16 12:00:00,0.0656885898165096,0.04509167513975155,0.053107812608697104,0.14993195196103004,0.20788407793850752,0.296,False,False,2000,1.4903508419835259,4.407592357856078,10.060178297445976
403,2023-03-16 18:00:00,0.07712224429524105,0.04423300850938485,0.05273033392282881,0.15196250960571345,0.20002627719178048,0.237,False,False,2000,1.4867986506570101,5.187134401901767,10.220786085497311
404,2023-03-17 00:00:00,0.07544802669865884,0.042352180996844936,0.05182634694912953,0.14949509334186525,0.21505639416100827,0.2255,False,False,2000,1.5097468914837942,4.997395730651764,9.9019970953502
405,2023-03-17 06:00:00,0.08599349400460586,0.04522139106709393,0.05319185449911753,0.15258960292244275,0.20854992824038948,0.2085,False,False,2000,1.5369196193905175,5.595184869766158,9.928274777502928
406,2023-03-17 12:00:00,0.05806167542735721,0.04780822617735145,0.054695692452903365,0.1595657776039671,0.21314012442481123,0.3485,False,False,2000,1.529475331284723,3.796182536568719,10.432713384787686
407,2023-03-17 18:00:00,0.05875229896724499,0.04854816514823466,0.05383137761481341,0.15315584112248623,0.20501904415850908,0.3625,False,False,2000,1.5391587394863244,3.8171695654246065,9.950620244251098
408,2023-03-18 00:00:00,0.05751706024884825,0.04546161249226085,0.05160644307469491,0.15206854148725918,0.19614064244250703,0.34,False,False,2000,1.5618526241406514,3.682617640092308,9.736420654344963
409,2023-03-18 06:00:00,0.06141539347358554,0.048317001879114016,0.05463848336448747,0.15479454659539568,0.2110012687102694,0.3375,False,False,2000,1.5339068649018066,4.00385413735775,10.091521860768573
410,2023-03-18 12:00:00,0.07037832664609059,0.04735781431725585,0.05393106045013098,0.15789914139691344,0.2049925796730363,0.292,False,False,2000,1.5257205626354702,4.612792694130164,10.34915208353518
411,2023-03-18 18:00:00,0.04768666463603579,0.04785707251761319,0.055504604252385285,0.15767048106337234,0.21453216709595688,0.3965,False,False,2000,1.5158529996015842,3.1458633949709776,10.401436096033937
412,2023-03-19 00:00:00,0.04215079355745355,0.046415650697330293,0.0543547890406633,0.15756311152709895,0.2123066528161962,0.419,False,False,2000,1.4980648236158849,2.8136828856119864,10.517776603737898
413,2023-03-19 06:00:00,0.041451622216794916,0.0468532709339885,0.05338588430510015,0.15245266758497977,0.2126566452278312,0.4345,False,False,2000,1.475032296320432,2.8102179403256997,10.33554776836299
414,2023-03-19 12:00:00,0.05288252943308182,0.049426927518636504,0.055340683278533837,0.15606615061094392,0.21540884899508544,0.3905,False,False,2000,1.4921857538292065,3.5439642348398053,10.458895630818832
415,2023-03-19 18:00:00,0.03488557607068296,0.0458942281027038,0.05255597957405573,0.14912654139687267,0.20070413728003336,0.46,False,False,2000,1.4756802064726107,2.3640336109184275,10.105613719203907
416,2023-03-20 00:00:00,0.03311511772141345,0.04626705230347466,0.05324527873610888,0.15512933818743196,0.1999579814513384,0.4725,False,False,2000,1.4810113168144787,2.235980059398943,10.47455454432996
417,2023-03-20 06:00:00,0.031287202041532784,0.04518243234024145,0.05409003605911445,0.15411147996233734,0.20266042005119417,0.467,False,False,2000,1.4900935376326474,2.0996804060528724,10.342403082103054
418,2023-03-20 12:00:00,0.014675922449247269,0.04461010073093117,0.0509538571032184,0.14644921905278274,0.19631202067028533,0.5845,False,False,2000,1.5216979339039831,0.964443870380736,9.624066366250549
419,2023-03-20 18:00:00,0.02192216215780296,0.046779005538648735,0.05411651848596667,0.15799252699378585,0.19854762266290607,0.5355,False,False,2000,1.609453867908064,1.3620870156593519,9.816530323987562
420,2023-03-21 00:00:00,0.0246496816936626,0.04325464176162006,0.05122097090881773,0.14818514197379154,0.20313999544659972,0.5075,False,False,2000,1.627423942192948,1.51464415968019,9.105503374499492
421,2023-03-21 06:00:00,0.02326973900803893,0.041431268546712856,0.050322468550825644,0.14238461040427147,0.20119455799275918,0.4935,False,False,2000,1.6251549472993276,1.4318474091783333,8.76129446246866
422,2023-03-21 12:00:00,0.0002245623589327679,0.042804347981367286,0.051743175970555014,0.14800081996294145,0.19784338467299067,0.639,False,False,2000,1.5941348517116187,0.014086785612375002,9.28408407883645
423,2023-03-21 18:00:00,0.0,0.04152040862991021,0.050244778518144004,0.14315291361906562,0.1974841917552053,1.0,False,False,2000,1.5955088180170756,0.0,8.972242083687034
424,2023-03-22 00:00:00,0.0,0.04252746939362558,0.05068317756653651,0.14349096416664023,0.21033370560179335,1.0,False,False,2000,1.544765994595911,0.0,9.288847933513415
425,2023-03-22 06:00:00,0.0,0.040448285413704516,0.050831316699114525,0.14486829928998382,0.20188128449964665,1.0,False,False,2000,1.5444983349988461,0.0,9.379634539398324
426,2023-03-22 12:00:00,0.0,0.04607667013772139,0.054394759195211945,0.15555466786158348,0.2130252336590712,1.0,False,False,2000,1.5012607416037373,0.0,10.361602322019731
427,2023-03-22 18:00:00,0.0,0.04779265897230969,0.05564950573403262,0.15857291483996652,0.21993215303379832,1.0,False,False,2000,1.5506715612318693,0.0,10.226080029093627
428,2023-03-23 00:00:00,0.0,0.045315783765015626,0.05279662338132273,0.14940252385513558,0.2031579809023668,1.0,False,False,2000,1.4939618376723067,0.0,10.00042438084729
429,2023-03-23 06:00:00,0.0,0.04528774936925924,0.054503336648102474,0.15230052152058107,0.20859044778151292,1.0,False,False,2000,1.489331290553625,0.0,10.226100968036926
430,2023-03-23 12:00:00,0.0,0.042775066041808314,0.05185994293585108,0.14786077818001706,0.2043569226251114,1.0,False,False,2000,1.484814622562799,0.0,9.958197874210619
431,2023-03-23 18:00:00,0.0,0.04527344290598328,0.053095125095493106,0.1512508730740798,0.2057657953627362,1.0,False,False,2000,1.5172887988552062,0.0,9.968495990229318
432,2023-03-24 00:00:00,0.0,0.04337551467044628,0.05369697919297604,0.1549111672704222,0.2147434078480501,1.0,False,False,2000,1.4960354493538548,0.0,10.354779182360224
433,2023-03-24 06:00:00,0.0,0.04245593293861459,0.051776639027225034,0.15007857470596248,0.20103831351960694,1.0,False,False,2000,1.4895674469768196,0.0,10.075312468096516
434,2023-03-24 12:00:00,0.0,0.04289605501583582,0.05430236247002463,0.15460001521797542,0.2260772310674486,1.0,False,False,2000,1.4575291843554994,0.0,10.606992770874605
435,2023-03-24 18:00:00,0.0,0.04112016508984338,0.05196212012409281,0.15016368441205902,0.20499724006342057,1.0,False,False,2000,1.4588459635866866,0.0,10.293320073551143
436,2023-03-25 00:00:00,0.0,0.03984969621633461,0.04992103719371679,0.13883320044380315,0.1949794921335494,1.0,False,False,2000,1.462715647906478,0.0,9.491468874521795
437,2023-03-25 06:00:00,0.0,0.044239379000802354,0.05335255849439526,0.15470180430167207,0.20421563914972465,1.0,False,False,2000,1.4653516616140214,0.0,10.557315923146717
438,2023-03-25 12:00:00,0.0,0.0411329913789382,0.05294401679498138,0.15121504407963465,0.2089501469061848,1.0,False,False,2000,1.4664141501445815,0.0,10.311892043917167
439,2023-03-25 18:00:00,0.0,0.04140337934183813,0.05284936308659464,0.15153127288386448,0.20498547213430687,1.0,False,False,2000,1.482825971053507,0.0,10.219086787116744
440,2023-03-26 00:00:00,0.0,0.043353059627380036,0.05464143545023636,0.14979915158093873,0.21931534594611765,1.0,False,False,2000,1.484722247775793,0.0,10.089372056312031
441,2023-03-26 06:00:00,0.0,0.04557419818598498,0.05630289985931119,0.1596904102351857,0.22830302575326084,1.0,False,False,2000,1.5242767094624488,0.0,10.476471184257754
442,2023-03-26 12:00:00,0.0,0.042675764175165345,0.0531563220243114,0.14873959625868025,0.2122470281677322,1.0,False,False,2000,1.5182927187469937,0.0,9.796503297561161
443,2023-03-26 18:00:00,0.0,0.04164987297195299,0.05254948690470308,0.14776248450737622,0.2117425302730023,1.0,False,False,2000,1.53402421669892,0.0,9.63234366829929
444,2023-03-27 00:00:00,0.0,0.04426094261923789,0.05456648083558993,0.15581684680566935,0.22188874057335656,1.0,False,False,2000,1.5273127831120934,0.0,10.202025971927817
445,2023-03-27 06:00:00,0.0,0.04224945304934544,0.05233544473287588,0.14667233746897754,0.2065840739644794,1.0,False,False,2000,1.4992338391111661,0.0,9.783152810633831
446,2023-03-27 12:00:00,0.0,0.04285755432043093,0.05249889388084804,0.14835522700904877,0.210607720156717,1.0,False,False,2000,1.4993740797682014,0.0,9.894477236260082
447,2023-03-27 18:00:00,0.0,0.04637153776096589,0.05603391328872135,0.1603014882853189,0.20943695284029162,1.0,False,False,2000,1.5151768479451402,0.0,10.579721337658858
448,2023-03-28 00:00:00,0.0,0.04293078773971411,0.05253967184042392,0.15066634618056138,0.20591072348226705,1.0,False,False,2000,1.5086501072972451,0.0,9.986831635234559
449,2023-03-28 06:00:00,0.0,0.044162154311017277,0.054784985498207386,0.1526735749818883,0.22183265123691495,1.0,False,False,2000,1.4949349976299018,0.0,10.212723310641591
450,2023-03-28 12:00:00,0.0,0.043403671553900874,0.05413223400611974,0.15579553693460305,0.21056345973973126,1.0,False,False,2000,1.4635204458893554,0.0,10.645258655059573
451,2023-03-28 18:00:00,0.0,0.04078083817240492,0.05203088710772333,0.14701864129886064,0.20335297908156,1.0,False,False,2000,1.4385907182467876,0.0,10.21962949114759
452,2023-03-29 00:00:00,0.0,0.04184053269803959,0.05358624595510534,0.15531724660619414,0.21702623269089183,1.0,False,False,2000,1.4691744406778457,0.0,10.57173622858114
453,2023-03-29 06:00:00,0.0,0.04207832952712631,0.05272176858169075,0.1525339304843153,0.20457826654106687,1.0,False,False,2000,1.443149960964302,0.0,10.569513537068127
454,2023-03-29 12:00:00,0.0,0.04058653628225231,0.0518271618175795,0.14914335595386174,0.19983086761712351,1.0,False,False,2000,1.4613732547105165,0.0,10.205699021322623
455,2023-03-29 18:00:00,0.0,0.04021638730746857,0.051207017058707484,0.13658908862646682,0.2179653575244503,1.0,False,False,2000,1.460795481352367,0.0,9.350322503737221
456,2023-03-30 00:00:00,0.0,0.04081856297910471,0.05329193147421612,0.1523241920813359,0.20956319332167564,1.0,False,False,2000,1.469469416439183,0.0,10.365931429212576
457,2023-03-30 06:00:00,0.0,0.040037247003856406,0.05043691847840476,0.1441887970820156,0.19953823163763798,1.0,False,False,2000,1.5126706332984488,0.0,9.532068244598973
458,2023-03-30 12:00:00,0.0,0.040519856800784876,0.05202534674954209,0.1466795830827185,0.2100624180122392,1.0,False,False,2000,1.5352906285896029,0.0,9.55386428805769
459,2023-03-30 18:00:00,0.0,0.04073227572928876,0.05259137701605876,0.14843120786323044,0.21010433645510382,1.0,False,False,2000,1.535712410602851,0.0,9.665299755242787
460,2023-03-31 00:00:00,0.0,0.03985475076543919,0.05066414835864865,0.14542433538356425,0.19564486157106464,1.0,False,False,2000,1.539250902732795,0.0,9.447734292400092
461,2023-03-31 06:00:00,0.0,0.04005469158995347,0.0514487781419595,0.14590628451227725,0.19528110769746346,1.0,False,False,2000,1.546349810278406,0.0,9.435528982023039
462,2023-03-31 12:00:00,0.0,0.03932071257300702,0.0504570001349896,0.1385666070787402,0.19702692474134437,1.0,False,False,2000,1.498424167883409,0.0,9.24748879848032
463,2023-03-31 18:00:00,0.0,0.038900160715055844,0.05069028011144217,0.1425664341363982,0.19292274737346995,1.0,False,False,2000,1.4874640368435499,0.0,9.584529817536234
464,2023-04-01 00:00:00,0.0,0.03764637636001408,0.05039184305775243,0.14563858281362735,0.19881356887225513,1.0,False,False,2000,1.4606571363089043,0.0,9.970757626369291
465,2023-04-01 06:00:00,0.0,0.03879726252594324,0.04938308292267284,0.13853508331662845,0.1939928183589646,1.0,False,False,2000,1.4293275926963815,0.0,9.692325539961512
466,2023-04-01 12:00:00,0.0,0.0363535015592575,0.04869353647556963,0.13707185593566,0.19644779038062352,1.0,False,False,2000,1.3881020580358874,0.0,9.874767863222647
467,2023-04-01 18:00:00,0.0,0.03620790272218846,0.04849764828831732,0.13744208954881248,0.18637146952332762,1.0,False,False,2000,1.4072935437176304,0.0,9.766412285651036
468,2023-04-02 00:00:00,0.0,0.034952755565840404,0.04714052791204597,0.13122009691236103,0.1883762561939946,1.0,False,False,2000,1.4692201230594195,0.0,8.931275501394294
469,2023-04-02 06:00:00,0.0,0.038787628977993406,0.05045483582616873,0.14019201693969652,0.1927064535695531,1.0,False,False,2000,1.4545847304799449,0.0,9.63794091894803
470,2023-04-02 12:00:00,0.004669347807069733,0.036212142908407075,0.04792874818920573,0.13595113964205707,0.18393276418531573,0.5375,False,False,2000,1.4764245703440733,0.31626050533564104,9.208133105667182
471,2023-04-02 18:00:00,0.0063206738242638965,0.03655741952248836,0.04816490347294275,0.13482883755202668,0.18846577171132103,0.5365,False,False,2000,1.4536342136930591,0.4348187298237693,9.275293349726862
472,2023-04-03 00:00:00,0.0,0.03603599199712966,0.049465206736364925,0.13615933300700267,0.1997792249144029,1.0,False,False,2000,1.439613822239444,0.0,9.45804568583504
473,2023-04-03 06:00:00,0.0,0.03442188777917896,0.04767745644256587,0.13252583941348056,0.18817276760509702,1.0,False,False,2000,1.4426459458900973,0.0,9.18630380454946
474,2023-04-03 12:00:00,0.0,0.03512950156738348,0.04699498564121827,0.1316503926165569,0.19015425749888895,1.0,False,False,2000,1.441324599033467,0.0,9.133986383417023
475,2023-04-03 18:00:00,0.0,0.03398590074221653,0.04709210760123029,0.1286708610222349,0.2015539496521155,1.0,False,False,2000,1.4409296746971694,0.0,8.929711371880575
476,2023-04-04 00:00:00,0.0,0.035828186509867826,0.04762267219072953,0.13320301399517537,0.19199350355368805,1.0,False,False,2000,1.464211088021757,0.0,9.097254834693349
477,2023-04-04 06:00:00,0.0,0.03518336617015467,0.049524719117436514,0.14131344906335158,0.19732638199837993,1.0,False,False,2000,1.4247328994899384,0.0,9.918592398192146
478,2023-04-04 12:00:00,0.0,0.03268002350243843,0.04636402669765696,0.13230886009882128,0.19297328873461608,1.0,False,False,2000,1.4318389693895819,0.0,9.240484644388948
479,2023-04-04 18:00:00,0.0,0.03284323699673737,0.04702272075359739,0.1305933124950882,0.1830735161852552,1.0,False,False,2000,1.4081640767394465,0.0,9.274012499841094
480,2023-04-05 00:00:00,0.0,0.034529627996909694,0.046647450691666106,0.12895179184228717,0.18121375970510517,1.0,False,False,2000,1.4250604389076442,0.0,9.048864758405122
481,2023-04-05 06:00:00,0.02508836999253125,0.03319511196212668,0.045457791481855254,0.13014287891263035,0.17620340757464173,0.4035,False,False,2000,1.4212109731334082,1.7652811909563142,9.157182246186748
482,2023-04-05 12:00:00,0.021956838383794947,0.03270137509578028,0.04495542957952681,0.1257958073935802,0.17123216162397853,0.424,False,False,2000,1.3859854531255968,1.5842041007197525,9.07627184036402
483,2023-04-05 18:00:00,0.015097949929614444,0.03418240870555201,0.04662549660781987,0.13155056813930258,0.18800575405959852,0.4655,False,False,2000,1.4073362482784837,1.0728033153471979,9.347486664982949
484,2023-04-06 00:00:00,0.013374603882564229,0.032018625265371324,0.04603539724336229,0.13002294879823895,0.18594517610398315,0.4575,False,False,2000,1.3966411208840201,0.9576263853736898,9.309689286245519
485,2023-04-06 06:00:00,0.0,0.0329258131601442,0.04664396582520798,0.13057328784995184,0.17764056102384299,1.0,False,False,2000,1.4152892669042358,0.0,9.225908152017869
486,2023-04-06 12:00:00,0.0,0.032212313774963516,0.04575507057238097,0.12601125081483486,0.18353551333916082,1.0,False,False,2000,1.4242415349668682,0.0,8.847603985778033
487,2023-04-06 18:00:00,0.0,0.03579653515944211,0.04741837700014081,0.1357315068062233,0.1823825572503129,1.0,False,False,2000,1.4113565189029225,0.0,9.617095679816629
488,2023-04-07 00:00:00,0.0,0.03292659780376017,0.044492356408492376,0.12569443091744217,0.18840503389731858,1.0,False,False,2000,1.429549726524248,0.0,8.792588923999919
489,2023-04-07 06:00:00,0.0,0.031151398574713603,0.045050735966130115,0.12157656156845761,0.18752779701873012,1.0,False,False,2000,1.4289063898789351,0.0,8.508364328803811
490,2023-04-07 12:00:00,0.0,0.03146464861582187,0.045246566987143105,0.12933581242254963,0.18242014736764695,1.0,False,False,2000,1.455091480344549,0.0,8.888500425548804
491,2023-04-07 18:00:00,0.0,0.03264246597614017,0.04574184298991072,0.1271915338714828,0.18974718715983893,1.0,False,False,2000,1.4537060596553308,0.0,8.749467131040198
492,2023-04-08 00:00:00,0.0,0.03211688607850508,0.04496376585040625,0.1264738039087579,0.1801411969565356,1.0,False,False,2000,1.472942976595206,0.0,8.58646980354321
493,2023-04-08 06:00:00,0.0,0.03043204719718873,0.04396515729851534,0.12105850538719955,0.1757637483736727,1.0,False,False,2000,1.429820824104196,0.0,8.466690605310248
494,2023-04-08 12:00:00,0.0,0.02941601981900679,0.043453849589590234,0.12273053197991708,0.17459030211277388,1.0,False,False,2000,1.4365914436094986,0.0,8.543175759946841
495,2023-04-08 18:00:00,0.0,0.02940002094579023,0.04383470323720536,0.12692093391062184,0.1748236243042675,1.0,False,False,2000,1.4836063748295165,0.0,8.554892730573938
496,2023-04-09 00:00:00,0.0,0.030548270277417758,0.043956414136068114,0.12626693995538027,0.17582117461012728,1.0,False,False,2000,1.47934744055753,0.0,8.535313374915722
497,2023-04-09 06:00:00,0.0,0.031331525852669094,0.0453874440786133,0.12628926884845915,0.18650881802884564,1.0,False,False,2000,1.5206629054293777,0.0,8.304882587558078
498,2023-04-09 12:00:00,0.0,0.030003576196231393,0.044090669892053014,0.12191043140174905,0.17891847603889122,1.0,False,False,2000,1.539689609325351,0.0,7.917857642435271
499,2023-04-09 18:00:00,0.0,0.028750390087517553,0.0412004414586951,0.11976975801078482,0.16289231426099465,1.0,False,False,2000,1.5488183319673055,0.0,7.732976524022256
500,2023-04-10 00:00:00,0.0,0.030861031289426112,0.04290655486114883,0.11907995408562078,0.1642447964347174,1.0,False,False,2000,1.5874986993957472,0.0,7.501105615453192
501,2023-04-10 06:00:00,0.0,0.02984677570781701,0.043977714750099,0.12383812166232451,0.17616361947831707,1.0,False,False,2000,1.6027486562016147,0.0,7.726608984081815
502,2023-04-10 12:00:00,0.0,0.030143403340197363,0.042293699711285035,0.12069736067213198,0.17078662353867638,1.0,False,False,2000,1.5975628481933186,0.0,7.55509311002246
503,2023-04-10 18:00:00,0.0,0.03029549735981459,0.0445474819465262,0.12722976539112546,0.1754257349036505,1.0,False,False,2000,1.5847336098548017,0.0,8.028463875564718
504,2023-04-11 00:00:00,0.0,0.030379868540513288,0.04329952209262643,0.12023570267802967,0.17351429123165157,1.0,False,False,2000,1.5724544858790814,0.0,7.646370928873776
505,2023-04-11 06:00:00,0.0,0.0309661918589477,0.04406635720656312,0.12617369403420664,0.1754874336736388,1.0,False,False,2000,1.5917723209242551,0.0,7.926616914719592
506,2023-04-11 12:00:00,0.0,0.027180331448452433,0.041196922794046,0.12033113560164083,0.1636810646432403,1.0,False,False,2000,1.5942397248278164,0.0,7.547869603778505
507,2023-04-11 18:00:00,0.0,0.025157566135961148,0.03917322894913124,0.111866411879396,0.15709249638849632,1.0,False,False,2000,1.6258730675802209,0.0,6.880390241403424
508,2023-04-12 00:00:00,0.0,0.026184398433025065,0.03902643174259949,0.10755761284792138,0.15762516429627027,1.0,False,False,2000,1.6126404199505808,0.0,6.669658748304068
509,2023-04-12 06:00:00,0.00044588946618000604,0.02516705302371587,0.038681276528465355,0.10899109051453536,0.15439607376623196,0.4725,False,False,2000,1.5987347734941688,0.027890146231415062,6.8173340770168025
510,2023-04-12 12:00:00,0.0,0.025297702659464853,0.03989359116568667,0.11382841396751398,0.1643019570530391,1.0,False,False,2000,1.6044714082699376,0.0,7.094449510337637
511,2023-04-12 18:00:00,0.0,0.02379863087895213,0.03761917274068523,0.10748180100528598,0.15159570459859037,1.0,False,False,2000,1.5900083293443907,0.0,6.759826286545557
512,2023-04-13 00:00:00,0.0,0.023279942086808107,0.03758747422093413,0.1056288342408996,0.15811303579490305,1.0,False,False,2000,1.567645720499168,0.0,6.73805521615339
513,2023-04-13 06:00:00,0.0,0.019450140881058224,0.03331529815135757,0.09613178490291285,0.13622329357544036,1.0,False,False,2000,1.5509773032713132,0.0,6.198142596938859
514,2023-04-13 12:00:00,0.0,0.019606292854355566,0.033793630392687374,0.09001726868302067,0.14729514659336365,1.0,False,False,2000,1.5419850785990514,0.0,5.837752254049343
515,2023-04-13 18:00:00,0.0,0.021294917419613143,0.035517610734041125,0.10065608062130241,0.14219399494823307,1.0,False,False,2000,1.581141823920983,0.0,6.366037448284757
516,2023-04-14 00:00:00,0.0,0.020878244779907733,0.03428234395997685,0.09477702144123011,0.1411476398213445,1.0,False,False,2000,1.5447696998120954,0.0,6.135349589829391
517,2023-04-14 06:00:00,0.010806744783058486,0.019062243659651583,0.03292122235558683,0.0915497713801089,0.1328866678811227,0.3395,False,False,2000,1.5455757602332545,0.6992051157316002,5.923344150162683
518,2023-04-14 12:00:00,0.0,0.01939412272958713,0.03393770284911843,0.0966961562862604,0.14467474996856308,1.0,False,False,2000,1.5302225956634035,0.0,6.319090866929679
519,2023-04-14 18:00:00,0.00015243518702592402,0.019469355871126907,0.033293319721470926,0.09330059761944667,0.13939766993140235,0.4125,False,False,2000,1.5426197240235289,0.009881579021194922,6.048191668138142
520,2023-04-15 00:00:00,0.0,0.020019262161738067,0.032923203865109836,0.09067122532155228,0.13227159168106128,1.0,False,False,2000,1.5918284593164125,0.0,5.696042484407505
521,2023-04-15 06:00:00,0.0,0.017555552703326673,0.03295394316249129,0.0897805714128428,0.141803212034573,1.0,False,False,2000,1.564083063615381,0.0,5.740140885185141
522,2023-04-15 12:00:00,0.0,0.017805133629513727,0.031479862475819034,0.0878250234529831,0.12882328514783456,1.0,False,False,2000,1.5556431022507755,0.0,5.645576631678169
523,2023-04-15 18:00:00,0.0,0.018687454578820657,0.03410523221550525,0.0970022900805796,0.1371874285094325,1.0,False,False,2000,1.541908278576628,0.0,6.291054495804686
524,2023-04-16 00:00:00,0.0,0.018896832838223212,0.033702599685961294,0.0954014623968876,0.142085575411044,1.0,False,False,2000,1.4314732993534907,0.0,6.664564574133141
525,2023-04-16 06:00:00,0.0,0.018139546419445957,0.03247101301830723,0.09293635666278798,0.13503148221007039,1.0,False,False,2000,1.437056671169362,0.0,6.467132335648516
526,2023-04-16 12:00:00,0.0,0.01835504165571496,0.03278161178774365,0.08958838433151467,0.13772000929668152,1.0,False,False,2000,1.4420328120198214,0.0,6.21264534237819
527,2023-04-16 18:00:00,0.0,0.019487890426715056,0.033913317939081755,0.09695127423110324,0.13978680754036646,1.0,False,False,2000,1.4322815541415745,0.0,6.769009483558569
528,2023-04-17 00:00:00,0.0006657556428263223,0.018679728888271456,0.03379433802280781,0.09447369997389558,0.14279158667398517,0.3875,False,False,2000,1.455929866482992,0.0457271780841031,6.488890855856291
529,2023-04-17 06:00:00,0.0,0.01855514164860792,0.03345443015112066,0.09698919794240599,0.14474382412088044,1.0,False,False,2000,1.4773622447543635,0.0,6.565024812755525
530,2023-04-17 12:00:00,0.006307942803240691,0.018808131114302167,0.032845113693021795,0.08960492178070713,0.14129660144119235,0.3805,False,False,2000,1.4578748743796297,0.4326806719901057,6.146269707737213
531,2023-04-17 18:00:00,0.0,0.01817814901673993,0.03341498922878086,0.09208733021870996,0.14532240240811592,1.0,False,False,2000,1.4609579732337463,0.0,6.303215554851311
532,2023-04-18 00:00:00,0.021420460412756324,0.01976487184899567,0.03455183429644921,0.09418191100147867,0.14291999033464678,0.289,False,False,2000,1.4845059613820688,1.4429352909309954,6.344326897400649
533,2023-04-18 06:00:00,0.003537670298487506,0.01934419388932236,0.03449457228949505,0.09324890437697558,0.1479665220666289,0.3815,False,False,2000,1.4943147879750134,0.23674197210358194,6.2402450358762565
534,2023-04-18 12:00:00,0.0,0.020234265463330493,0.03458575419015435,0.09961425764113126,0.14189788944507425,1.0,False,False,2000,1.5024253045782516,0.0,6.630230290822621
535,2023-04-18 18:00:00,0.0,0.01861085064858791,0.03306869193952269,0.0944190620557634,0.14061461889459573,1.0,False,False,2000,1.50232973708374,0.0,6.284842782853101
536,2023-04-19 00:00:00,0.0012492193186343012,0.017753947316154126,0.03283945677687771,0.09258776498170113,0.1395670840817914,0.376,False,False,2000,1.4258862463723625,0.08761002652297652,6.493348625618367
537,2023-04-19 06:00:00,0.03571850659504096,0.018557954136205614,0.032711764606921066,0.09022095001027534,0.13717326020171167,0.213,False,False,2000,1.4220757397483124,2.511716190402252,6.344313983321535
538,2023-04-19 12:00:00,0.02720816959266531,0.01793565303006938,0.033200337703120655,0.09228815179583266,0.14239751533416145,0.243,False,False,2000,1.4035371476189349,1.9385428906404993,6.5753978761728655
539,2023-04-19 18:00:00,0.027462451551476516,0.018047040343415467,0.03286935342855769,0.09158104780735611,0.13847382791731358,0.2415,False,False,2000,1.3492775322506432,2.035344908298307,6.787413680163758
540,2023-04-20 00:00:00,0.03311709885904487,0.01714798353130069,0.03233999900516248,0.08758180912372517,0.1434811650210851,0.1985,False,False,2000,1.3646127599355473,2.42684956724346,6.418070510190875
541,2023-04-20 06:00:00,0.033791972777863825,0.016150828064485118,0.03016909549241633,0.0855988301693674,0.12342525465222678,0.1995,False,False,2000,1.3537526869733743,2.496170319958039,6.3230773975964025
542,2023-04-20 12:00:00,0.03401317675131362,0.01760044935181311,0.03277987698235297,0.08893801261458707,0.1446492876390474,0.199,False,False,2000,1.3546876557844605,2.5107763111355417,6.565204328453531
543,2023-04-20 18:00:00,0.029649886322354352,0.019770918994681124,0.0349581233375327,0.09936866672558814,0.14088707784040855,0.244,False,False,2000,1.337501026030193,2.2168122300703965,7.429427326909951
544,2023-04-21 00:00:00,0.030470507933356282,0.018121187857471372,0.03282750235049249,0.09183887337290396,0.13658771910174222,0.2275,False,False,2000,1.2849388420179721,2.371358615442189,7.147334205313053
545,2023-04-21 06:00:00,0.05282083956593691,0.01828034970506947,0.03255233205143898,0.09034415937368445,0.1410865529352741,0.1405,False,False,2000,1.1146622992214696,4.7387302506624085,8.105069978305078
546,2023-04-21 12:00:00,0.04767301019373429,0.018719141514736137,0.033184364840463554,0.09025634726629343,0.14224378901796947,0.16,False,False,2000,1.0722723185863023,4.445979754153031,8.417297145681104
547,2023-04-21 18:00:00,0.05047504469205204,0.020098550074227867,0.03389304049039288,0.09747940667344294,0.1338894148305907,0.1635,False,False,2000,1.0194578080769128,4.951165638455138,9.561887299419128
548,2023-04-22 00:00:00,0.03639571356279511,0.01897692385371915,0.03349728479602049,0.0942599233853979,0.14296382861583293,0.2145,False,False,2000,0.9865408926935543,3.6892250318609534,9.554588571391083
549,2023-04-22 06:00:00,0.038378111186623556,0.01862994694247101,0.03315662685027174,0.09549452258427855,0.13872930118974264,0.1955,False,False,2000,0.9615434787785846,3.9913027370716447,9.931378527529711
550,2023-04-22 12:00:00,0.0324775479518486,0.02095441267928636,0.03654214245451436,0.10163093609016959,0.15160836516095097,0.2395,False,False,2000,1.045795035481826,3.105536634803905,9.718054938303037
551,2023-04-22 18:00:00,0.06499790831160397,0.021010680932735965,0.0353055686950774,0.10234600308444963,0.14162999877195537,0.1245,False,False,2000,1.0529558591473342,6.1728996279329476,9.719875927878656
552,2023-04-23 00:00:00,0.07225447834453493,0.02162297324524496,0.036896718727996006,0.10698086444445598,0.14976435902690508,0.109,False,False,2000,1.1257353989636418,6.418424650326604,9.503198046622959
553,2023-04-23 06:00:00,0.09524157363710897,0.02146862484983126,0.036251390408315605,0.0964995943976287,0.15892498566706337,0.0535,False,False,2000,1.1263295494002796,8.455924261937447,8.567616329431333
554,2023-04-23 12:00:00,0.08548391340868039,0.02055657153984136,0.034450702502261246,0.09376652217007714,0.13400506621325628,0.068,False,False,2000,1.1854209418771333,7.211270729983496,7.909976857806841
555,2023-04-23 18:00:00,0.08782229095179152,0.021717680255653918,0.03599905904841184,0.09984149356474661,0.14727472830757216,0.0725,False,False,2000,1.2119615159365829,7.246293698024229,8.238008571385274
556,2023-04-24 00:00:00,0.09429042550336832,0.021725839972562718,0.03624754465361365,0.10328960263285736,0.14168790922376884,0.0615,False,False,2000,1.2307104614431497,7.6614629075958245,8.392680965085681
557,2023-04-24 06:00:00,0.12215867236746744,0.02003963438581174,0.03362738105458454,0.0979349680750136,0.13840333129898974,0.0205,True,False,2000,1.2965106458892144,9.422111014266656,7.553734200758893
558,2023-04-24 12:00:00,0.1334519334366445,0.019741303089985198,0.0360938049185618,0.09789165439666186,0.15871836028345215,0.021,True,False,2000,1.3114995220379464,10.175522841920124,7.4641014161063115
559,2023-04-24 18:00:00,0.1378270153310585,0.018902409606066876,0.0334525782075136,0.08912755824829574,0.14825704882722152,0.0145,True,False,2000,1.2876062827193515,10.704127277165474,6.921957390582421
560,2023-04-25 00:00:00,0.14122035854683324,0.01966053064155731,0.03499297442914306,0.09751749509558379,0.14508859981904815,0.0125,True,False,2000,1.2996164828222438,10.866310208697834,7.5035594257634415
561,2023-04-25 06:00:00,0.16490129577497975,0.01836870320659832,0.033207244345859595,0.0917769492576088,0.146677088965472,0.0045,True,True,2000,1.3040681481604832,12.645144044625988,7.0377418072107085
562,2023-04-25 12:00:00,0.18051342615821633,0.020863414143803573,0.03697963102826774,0.10167335238352353,0.1628897857374051,0.005,True,True,2000,1.280977350638397,14.091851512304599,7.9371701875019784
563,2023-04-25 18:00:00,0.18214512444799413,0.019632801986752563,0.03420010132235642,0.09658483318014902,0.14503341400287584,0.0025,True,True,2000,1.2812599467142003,14.216094471313689,7.538269921559748
564,2023-04-26 00:00:00,0.16441678894492273,0.018829933519602413,0.03418867892488835,0.0927902907226076,0.15103129737636878,0.007,True,True,2000,1.286624114563581,12.778929532242786,7.211919135689586
565,2023-04-26 06:00:00,0.15591275725693243,0.02019809566504908,0.03434638679610765,0.09614210096824681,0.14461723642021287,0.005,True,True,2000,1.2920096902644007,12.06746036285734,7.441283273082264
566,2023-04-26 12:00:00,0.18168438146281973,0.02010767898603298,0.0346959663773197,0.10045696870077102,0.14061905444011163,0.002,True,True,2000,1.2677080916209549,14.331720580130478,7.924298138092794
567,2023-04-26 18:00:00,0.16951813434660062,0.019610007205938557,0.034650627058669066,0.0938032099699107,0.13891119463636017,0.0035,True,True,2000,1.272430473705092,13.322388755198064,7.371971349976583
568,2023-04-27 00:00:00,0.15727101036696167,0.0182667902564809,0.033280585840172267,0.0905035008815338,0.14842717091075036,0.006,True,True,2000,1.3150848487393463,11.95900101181481,6.881951454941587
569,2023-04-27 06:00:00,0.1796066122770095,0.02101592094542025,0.03696409244487272,0.10206615836770438,0.15677312951539574,0.0035,True,True,2000,1.3105246698682447,13.7049394343005,7.788190540355547
570,2023-04-27 12:00:00,0.15901691959915548,0.020317482671746455,0.03594495327996425,0.09916069100319609,0.14758731189161484,0.007,True,True,2000,1.276849475786593,12.453850090763,7.766043913837921
571,2023-04-27 18:00:00,0.16429580175725575,0.021977172370107417,0.036210124724079036,0.09964509714335551,0.15316913213114705,0.006,True,True,2000,1.2703225685992323,12.933392338169867,7.844078315733053
572,2023-04-28 00:00:00,0.15094165155298916,0.02150166864154544,0.03585650860835906,0.09796648128952584,0.1504455382571518,0.0095,True,True,2000,1.3017766259086951,11.595050068411354,7.525598427544441
573,2023-04-28 06:00:00,0.14648459836586675,0.02215161203986174,0.03668570709701894,0.10016503327831885,0.15877051647364954,0.013,True,False,2000,1.3394576220885765,10.936112942301053,7.4780292878646275
574,2023-04-28 12:00:00,0.13884889413770898,0.02289963510093896,0.036987564508200864,0.10514991522294771,0.15544869049366278,0.0165,True,False,2000,1.3923500045159738,9.97226945002075,7.55197435141326
575,2023-04-28 18:00:00,0.13707604233263868,0.02389298234839266,0.039402992637843505,0.10341483299544176,0.1662554239732442,0.0255,True,False,2000,1.446486104888595,9.47648524720505,7.1493830909220195
576,2023-04-29 00:00:00,0.15437725762793886,0.021853097891229068,0.03604782111016949,0.10150171587956715,0.1473203370028682,0.0075,True,True,2000,1.5143171119593095,10.194513184110876,6.702804523435548
577,2023-04-29 06:00:00,0.14094927066252824,0.02046589959757617,0.03409621813589217,0.09547955018182094,0.146328851626366,0.0115,True,False,2000,1.5596193810938803,9.03741466483122,6.121977665784958
578,2023-04-29 12:00:00,0.1307629541652698,0.020661918357596613,0.034715301403774816,0.09706292150650177,0.14013209036938992,0.0145,True,False,2000,1.6051273102939656,8.14657836338986,6.047054391512752
579,2023-04-29 18:00:00,0.10153909720749749,0.019951062977423713,0.03395893190490285,0.09696195284069195,0.13931188734796168,0.0435,True,False,2000,1.6184350652810515,6.27390615698657,5.991093181353797
580,2023-04-30 00:00:00,0.1039803323865565,0.019898414007503022,0.033752506280096406,0.09377881325216422,0.13852532569362622,0.0395,True,False,2000,1.6145946945516632,6.44002688336775,5.808195305522449
581,2023-04-30 06:00:00,0.08689190886491575,0.021221145525891723,0.03552306802351612,0.09577516137769654,0.14665172257803988,0.073,False,False,2000,1.5682242799971107,5.540783290581105,6.107236228855798
582,2023-04-30 12:00:00,0.09791821927897891,0.021518125718794964,0.03668955107247061,0.10141628476276064,0.15077581190744105,0.055,False,False,2000,1.566781081705459,6.249642686034593,6.472907156395319
583,2023-04-30 18:00:00,0.12096358571718269,0.02095766730676169,0.03605265078929541,0.10156485124948406,0.14952633865064058,0.033,True,False,2000,1.5765642991376079,7.672607186611459,6.442163589841579
584,2023-05-01 00:00:00,0.15786659684584886,0.01985096031440075,0.03432016784136547,0.09554775609714555,0.14491617225663997,0.0045,True,True,2000,1.5799850939618747,9.991651025643042,6.0473833874948655
585,2023-05-01 06:00:00,0.16305345187826362,0.018467575314648155,0.03305190234692543,0.09352077290666587,0.14360853664408169,0.004,True,True,2000,1.5625587425265868,10.4350286130436,5.9851044547257795
586,2023-05-01 12:00:00,0.19446826694887379,0.019196856401765657,0.0330475275938671,0.08885648195668974,0.13826659946414158,0.001,True,True,2000,1.5492133289265937,12.552710676948239,5.735587236281778
587,2023-05-01 18:00:00,0.2023168473737879,0.020133014346525716,0.03450528224371063,0.09434935771507985,0.1418449582600682,0.002,True,True,2000,1.571047360092039,12.87783249016346,6.00550690652333
588,2023-05-02 00:00:00,0.21115732431636422,0.02051106505611312,0.034193761089506676,0.09719899583299438,0.13849808273655229,0.0005,True,True,2000,1.5753764784701718,13.403610324397913,6.169890001619365
589,2023-05-02 06:00:00,0.21318202620580662,0.020117266898302844,0.0342270254594107,0.09379119019817665,0.1472411246756658,0.0,True,True,2000,1.5946382372671901,13.36867643228894,5.881659426335544
590,2023-05-02 12:00:00,0.21589723499599764,0.021561287562073244,0.036563690791809635,0.10319482950512705,0.1523669747559013,0.0,True,True,2000,1.601643660710441,13.479729623518889,6.4430579682969515
591,2023-05-02 18:00:00,0.2240670821458079,0.019805462187549912,0.034287267044370656,0.09799467457657003,0.14237243620634013,0.0005,True,True,2000,1.6489729277229515,13.588281431352526,5.942770371123666
592,2023-05-03 00:00:00,0.2352933787926182,0.01978107404260453,0.034371144129034595,0.09785788254360972,0.14573072863190267,0.0,True,True,2000,1.6459110414741571,14.295631590263719,5.945514677145825
593,2023-05-03 06:00:00,0.24364955765625965,0.022044342239518427,0.03583159630471209,0.09991561411648969,0.14961572908899431,0.0,True,True,2000,1.6485395125584927,14.779722038819775,6.060856494814802
594,2023-05-03 12:00:00,0.2468169984555034,0.023382701121974315,0.03678293916016452,0.10030392299647603,0.14050890764265347,0.0,True,True,2000,1.6455011536900863,14.999503215297588,6.095645862753814
595,2023-05-03 18:00:00,0.24475524223112605,0.023643058265919288,0.03683068097511152,0.10462101245532933,0.14669022904036436,0.0,True,True,2000,1.7990014475747245,13.605060883140826,5.815504628768995
596,2023-05-04 00:00:00,0.25226339383793517,0.024709913668055347,0.03790423966753323,0.10550315178504663,0.14901796192124042,0.0005,True,True,2000,1.7934410804036396,14.065886891648521,5.882721932593494
597,2023-05-04 06:00:00,0.2924947756283584,0.02660073571630769,0.039414627979800436,0.10827323306408668,0.16098947860806032,0.0,True,True,2000,1.8209150867531188,16.063065090525832,5.9460890764076835
598,2023-05-04 12:00:00,0.29072904447920034,0.02806623483421784,0.03995714194186809,0.1106501925661814,0.16155437199572417,0.0,True,True,2000,1.8311158598797292,15.877151787560614,6.042773971355865
599,2023-05-04 18:00:00,0.3464529745733714,0.0321848314433724,0.04416665040750549,0.123592535050859,0.18109933300386696,0.0,True,True,2000,1.8627831231550547,18.59867476072969,6.634832231114829
600,2023-05-05 00:00:00,0.31000141005353865,0.030558354802933375,0.042096644754017094,0.12195474032199842,0.16649100508637749,0.0,True,True,2000,1.8592208183393109,16.67372734834356,6.559454321887949
601,2023-05-05 06:00:00,0.28781582103812553,0.032955477610038426,0.042890412916763335,0.12134148797551289,0.16544395208906526,0.0,True,True,2000,1.876953322395173,15.334202380208625,6.46481116646361
602,2023-05-05 12:00:00,0.30095578778437804,0.03256567263445389,0.04315007087485267,0.12081682895760944,0.16684048448167585,0.0,True,True,2000,1.8630401790182682,16.15401488243625,6.4849287910298345
603,2023-05-05 18:00:00,0.3047484251610641,0.03200674117069634,0.04300361415343508,0.12244946712888832,0.16056381295302297,0.0005,True,True,2000,1.832642193854055,16.628910224978327,6.6815807002335
604,2023-05-06 00:00:00,0.33155199550065323,0.03289201921206174,0.04400105590867818,0.12797549776374303,0.1745991402986418,0.0,True,True,2000,1.7899502604396358,18.52297255562954,7.149667819948837
605,2023-05-06 06:00:00,0.3161448731574537,0.03388933602294976,0.044591283680206026,0.12344048395791109,0.18105307771787804,0.0,True,True,2000,1.8030820159035954,17.53358251976248,6.846082589096769
606,2023-05-06 12:00:00,0.3038820013777651,0.03768866562857477,0.047854522298560596,0.13165364030444862,0.19650556026469307,0.0,True,True,2000,1.7826553042534046,17.0465933965307,7.3852550176315
607,2023-05-06 18:00:00,0.2874227095274622,0.039116295795585614,0.049839984566517496,0.1457783505877083,0.1903768674533403,0.0005,True,True,2000,1.7872413267564566,16.08191939300588,8.156612562908421
608,2023-05-07 00:00:00,0.31386925319245507,0.041098462590009814,0.04849830041628285,0.13466292985977454,0.19309451478591982,0.0005,True,True,2000,1.7133315138935672,18.319236566143772,7.859712423881783
609,2023-05-07 06:00:00,0.29871686021785593,0.03918480407152381,0.046740846902743494,0.13243150860622283,0.1782223057365715,0.0,True,True,2000,1.7089693919309203,17.479356952106876,7.749203071249386
610,2023-05-07 12:00:00,0.2653529519759521,0.040311287777296416,0.04866187948396064,0.13733771763127817,0.18615722249000163,0.0005,True,True,2000,1.6881715217590199,15.718364428957015,8.135294065864631
611,2023-05-07 18:00:00,0.2521668142353301,0.044158056624491134,0.050254691703627626,0.14516860768748063,0.19196085728854947,0.0015,True,True,2000,1.726818562212956,14.602971021586239,8.406708780188458
612,2023-05-08 00:00:00,0.2715830647689622,0.0498826959946476,0.054127132501549935,0.15791428720572426,0.2172504743241569,0.0005,True,True,2000,1.7140246561926091,15.844758346255889,9.213069755746794
613,2023-05-08 06:00:00,0.2536068739121562,0.047410443979803776,0.052996585981470126,0.1518614465292249,0.20846037120107086,0.0025,True,True,2000,1.6852211728385829,15.048877737809413,9.011365924950361
614,2023-05-08 12:00:00,0.2653254368803622,0.04981076669596497,0.05301029517551565,0.1549429638784329,0.2048818503431078,0.0015,True,True,2000,1.687188148637572,15.725895010264043,9.18350238552538
615,2023-05-08 18:00:00,0.2522206550137342,0.05514304469046522,0.0565871018090803,0.16158862636805713,0.2123701789821521,0.0025,True,True,2000,1.6739359254002288,15.067521473585055,9.653214553563165
616,2023-05-09 00:00:00,0.2611396773634498,0.06160594590860529,0.05970030396389308,0.172101257847246,0.22410196468856217,0.002,True,True,2000,1.6401028428949136,15.922152595170022,10.493321110490452
617,2023-05-09 06:00:00,0.2644434034362342,0.06642030070805353,0.062096369177156906,0.18234306600157027,0.24239368017663732,0.0035,True,True,2000,1.5994297319658755,16.5336055814846,11.400504964819588
618,2023-05-09 12:00:00,0.27178961816258757,0.07595624032348897,0.06516088409725139,0.1917818408491047,0.24928052195829353,0.005,True,True,2000,1.5452438553810817,17.5887849167703,12.411105223376428
619,2023-05-09 18:00:00,0.29146303892952957,0.08011700475251128,0.067851403244448,0.2028432518427739,0.2550336873064372,0.0045,True,True,2000,1.5163114575033638,19.221845056122515,13.377413382917997
620,2023-05-10 00:00:00,0.30013389063014756,0.08348884897323344,0.07044304150223238,0.21368285476591492,0.267794722474471,0.004,True,True,2000,1.4518911296158645,20.671928115543743,14.717553569078575
621,2023-05-10 06:00:00,0.30106321180683604,0.09125755077695757,0.07471212356113384,0.22935436223054312,0.28929710376911233,0.007,True,True,2000,1.448055749711824,20.790857801348483,15.838779845056841
622,2023-05-10 12:00:00,0.3036250007112606,0.09250056882653758,0.0766818537414215,0.22764932978708938,0.2955267520368445,0.0075,True,True,2000,1.4514854584955446,20.918225458900977,15.683886356191708
623,2023-05-10 18:00:00,0.2791025718601345,0.08852773296347742,0.07289372494564475,0.22114376106141037,0.28514993847750636,0.0115,True,False,2000,1.4506465780859235,19.239873865652406,15.244496102779333
624,2023-05-11 00:00:00,0.28587103231636385,0.09602200006778133,0.07416249622881094,0.22794245630595025,0.2899690185316083,0.012,True,False,2000,1.4342154809348153,19.932223303714053,15.89318058102248
625,2023-05-11 06:00:00,0.26994093235445304,0.10879995304022062,0.07684010596458733,0.2417505141314382,0.2950420215673753,0.0235,True,False,2000,1.424422313346983,18.950905909369634,16.97182864001856
626,2023-05-11 12:00:00,0.2654548236410924,0.10627092248923933,0.07716162826083225,0.2418091773246256,0.2934677405671448,0.026,True,False,2000,1.402154176762954,18.931928317178905,17.245548409153688
627,2023-05-11 18:00:00,0.27666984129596156,0.11155319331663698,0.07944961237062398,0.2552294638704646,0.31500954438765094,0.0315,True,False,2000,1.3427167080702611,20.60522816414407,19.008437322365474
628,2023-05-12 00:00:00,0.27411663124471947,0.11597393393258822,0.08080969763428437,0.2567634942152698,0.31296909532432626,0.033,True,False,2000,1.3111863893466835,20.906000357531305,19.582531995562103
629,2023-05-12 06:00:00,0.2864118756034865,0.11772054380785839,0.08347695319572249,0.26845641059320313,0.31648217587042204,0.032,True,False,2000,1.3431703078845334,21.32357110056874,19.986773755892255
630,2023-05-12 12:00:00,0.29307834306568026,0.12169746889421104,0.0877515954148949,0.269034841063492,0.33187106407755945,0.0305,True,False,2000,1.325941079561095,22.10342130456455,20.29010528526247
631,2023-05-12 18:00:00,0.2980480252197136,0.12669919080571465,0.08727787368693087,0.27286780997730664,0.33604503871769364,0.03,True,False,2000,1.3046607810264867,22.844867382708784,20.914847287937828
632,2023-05-13 00:00:00,0.30229056579794866,0.13178673784860115,0.08959509316875883,0.28897917794651373,0.35276991715955874,0.0315,True,False,2000,1.2928361395685686,23.381970579722953,22.352343742722784
633,2023-05-13 06:00:00,0.2921685237704072,0.13465048017263012,0.09090917581577104,0.2898443699423453,0.35353162121623993,0.049,True,False,2000,1.2829741413173554,22.77275233859422,22.591598739841604
634,2023-05-13 12:00:00,0.302567219379364,0.13826833638078775,0.09383817412580156,0.30211445709580576,0.3600411255721951,0.05,True,False,2000,1.2530339680662623,24.14676912919601,24.11063584828767
635,2023-05-13 18:00:00,0.30723356529573254,0.13882440051034728,0.09070412816483599,0.2966759059985296,0.3636104122612139,0.038,True,False,2000,1.2414439796202041,24.74808129398837,23.897647487024898
636,2023-05-14 00:00:00,0.305345484983532,0.1527192281889981,0.09447039364963701,0.30690759747267765,0.3634951005967022,0.052,False,False,2000,1.2188928561821122,25.051052144152607,25.17921045447683
637,2023-05-14 06:00:00,0.33339200029659016,0.15911131804227505,0.10433871320672526,0.331666911344071,0.40324929108319163,0.0475,True,False,2000,1.2110091318968175,27.530097958418732,27.387647426289618
638,2023-05-14 12:00:00,0.33855909864019323,0.17011429371625805,0.10588845820167261,0.351696672199708,0.41582888270120344,0.0665,False,False,2000,1.2269652335253898,27.593210417822927,28.663947648230597
639,2023-05-14 18:00:00,0.3323190544452977,0.16268837582402973,0.10436859533909765,0.3368699950486799,0.3990934522688084,0.056,False,False,2000,1.2407616860858317,26.783471650679978,27.150257686581757
640,2023-05-15 00:00:00,0.3311031891571878,0.16512030116660112,0.10582612847258947,0.3435665180067543,0.4049197859643406,0.065,False,False,2000,1.1855502890528287,27.928228116051994,28.979497637442254
641,2023-05-15 06:00:00,0.35599315551214705,0.16692988367034844,0.10487466388415698,0.3401845948831873,0.4120983126111577,0.037,True,False,2000,1.1981837129856237,29.711066145698677,28.39168912048707
642,2023-05-15 12:00:00,0.3563850716777552,0.1641925734709008,0.10320030297834808,0.340080969740846,0.4125494596424758,0.039,True,False,2000,1.2239123826294402,29.1185118098161,27.786381980237806
643,2023-05-15 18:00:00,0.3629625743793432,0.16572154698089314,0.10649021116715121,0.3480066946964881,0.41691659897556693,0.037,True,False,2000,1.2355911739318057,29.375620515671937,28.1651975215303
644,2023-05-16 00:00:00,0.37479033079439444,0.16650686126072659,0.10501143866897834,0.3424842474184699,0.41257126582875037,0.024,True,False,2000,1.202622793313483,31.16441272177845,28.478110453474155
645,2023-05-16 06:00:00,0.4170570211600856,0.17039149187558217,0.10739138240442521,0.3498630691659994,0.4168173069145034,0.01,True,True,2000,1.2008352106740654,34.730578971445944,29.134977560294107
646,2023-05-16 12:00:00,0.4249222706048375,0.17742630228061262,0.11093663294400284,0.3569361728600912,0.4300145504965785,0.0145,True,False,2000,1.1945067918498287,35.57303093662593,29.881468677740646
647,2023-05-16 18:00:00,0.41377572285466313,0.17487916328409603,0.1105427089897782,0.35915583759515274,0.42894129097072986,0.014,True,False,2000,1.2013760454175015,34.44181565238951,29.895371974920565
648,2023-05-17 00:00:00,0.4289653871741374,0.17767344739236654,0.113198899890963,0.3685743457682103,0.43971858632916017,0.014,True,False,2000,1.2244170144280824,35.03425565958053,30.102027448578795
