window_idx,timestamp,te_bits,surr_mean,surr_std,surr_p95,surr_p99,p_value,sig95,sig99,n_valid_surrogates,h_target_bits,pct_h,surr_p95_pct
0,2022-12-06 00:00:00,0.13828000821758937,0.02179177660632416,0.03508788857765497,0.09812802529249998,0.14305819058835234,0.0135,True,False,2000,1.8028594370912092,7.670038238848767,5.442910482850668
1,2022-12-06 06:00:00,0.1333451650700808,0.021032363864319534,0.03427497767828318,0.09613568601511296,0.13746746761892195,0.012,True,False,2000,1.8135288308444788,7.352800948192698,5.301028821821757
2,2022-12-06 12:00:00,0.13684623475728147,0.02111511013985371,0.033892250174976664,0.09122213708504215,0.14463830548047316,0.0125,True,False,2000,1.8245915257239504,7.500102506668414,4.999592281283208
3,2022-12-06 18:00:00,0.13094420776612592,0.021834759491961314,0.03469104151615995,0.0974230239399391,0.14390578757807487,0.0195,True,False,2000,1.8198242175922845,7.195431652149978,5.353430457631478
4,2022-12-07 00:00:00,0.11128372757645098,0.02271834424218693,0.034577364326246106,0.0971499922221857,0.13773933346451067,0.0295,True,False,2000,1.804476168461526,6.167093227467232,5.383833486978915
5,2022-12-07 06:00:00,0.11323907467479172,0.022007484283265114,0.0356490640429963,0.0972656055740443,0.14730092764190966,0.0335,True,False,2000,1.8060365427513707,6.270032305231204,5.385583473624899
6,2022-12-07 12:00:00,0.11093534959897682,0.021152849441556685,0.03384528173102797,0.09371970629543629,0.14066364686369826,0.027,True,False,2000,1.7831195670209843,6.221419564382543,5.255940657530419
7,2022-12-07 18:00:00,0.12146374561585614,0.021103795229246488,0.03400358525031179,0.09561016685900624,0.13810290072371184,0.0225,True,False,2000,1.788559562009298,6.791149045067401,5.345651824510455
8,2022-12-08 00:00:00,0.07539438589965129,0.02082335578456743,0.034017459930470395,0.0921343041470128,0.139523836171224,0.0835,False,False,2000,1.7996672981090798,4.1893513305969705,5.119518715699219
9,2022-12-08 06:00:00,0.07466419721204366,0.020280759376095938,0.03425405266234536,0.09356295412160998,0.13695748222464144,0.0925,False,False,2000,1.7995878273056076,4.14896100535604,5.199132418099038
10,2022-12-08 12:00:00,0.0857237425545807,0.020166150991247616,0.031641819427357616,0.08787632856591522,0.12969301244278417,0.054,False,False,2000,1.8274307445252553,4.6909434358263855,4.808736463977159
11,2022-12-08 18:00:00,0.08198823543118297,0.020894314665881625,0.03421590429871875,0.09066165421496321,0.15242043809289296,0.067,False,False,2000,1.8353271476420072,4.467227302583077,4.939808923517726
12,2022-12-09 00:00:00,0.057285362471624524,0.020244112368250237,0.032980344295709604,0.08897037618719392,0.13994833192608735,0.138,False,False,2000,1.791540413040143,3.197547878611038,4.966138387925964
13,2022-12-09 06:00:00,0.055934264142697115,0.021061627225083434,0.033264597913678376,0.09193618159208335,0.13471685037255063,0.15,False,False,2000,1.8190543970366755,3.0749088226177648,5.054064449191387
14,2022-12-09 12:00:00,0.0727745981966548,0.020889226244809163,0.03290392577144816,0.09332619292488256,0.13159008861184007,0.093,False,False,2000,1.8078303565128824,4.025521417674912,5.162331332066971
15,2022-12-09 18:00:00,0.08019590010430463,0.01967578107070746,0.03179701618881233,0.08764959976762927,0.1300074375412979,0.067,False,False,2000,1.8102428338052208,4.430118357973491,4.841869727686503
16,2022-12-10 00:00:00,0.08378211903022424,0.02061540993116511,0.031846450578433515,0.08941349672715593,0.131013987471619,0.0605,False,False,2000,1.8304812628499414,4.577054173162138,4.884698824392492
17,2022-12-10 06:00:00,0.08061291528226228,0.021744182441602,0.034741954385934214,0.09550993212028548,0.14549308110044748,0.081,False,False,2000,1.8344032354706394,4.394503548811066,5.206594181337736
18,2022-12-10 12:00:00,0.09032904378677488,0.02131790486878151,0.03301883934111654,0.09248064243174396,0.13183911938524775,0.055,False,False,2000,1.821693421079761,4.958520612828185,5.0766304231877
19,2022-12-10 18:00:00,0.08719199810298224,0.021089440047421533,0.03376185537193911,0.09703049838330331,0.13469299192269557,0.0665,False,False,2000,1.8317471305636217,4.760045567870145,5.297155746243609
20,2022-12-11 00:00:00,0.09303724591442326,0.020740997993611718,0.0339739979041351,0.08971188907943074,0.1422642990736743,0.0455,True,False,2000,1.8372020987054585,5.06407248173621,4.883071336715984
21,2022-12-11 06:00:00,0.11393920946411493,0.020950609017877184,0.03335515703423426,0.09390593592022915,0.13087607234947446,0.0265,True,False,2000,1.8784685544789776,6.065537226718056,4.999068826375719
22,2022-12-11 12:00:00,0.10913606029061522,0.021876313088214597,0.033520278801874956,0.09034140659242022,0.13569927469326204,0.026,True,False,2000,1.8655884615288236,5.849953649540679,4.8425152950606645
23,2022-12-11 18:00:00,0.10285764783989161,0.02275778243426523,0.034699154880386475,0.09345676593650627,0.14511645848131677,0.036,True,False,2000,1.888728500160902,5.445867303380507,4.948131291953536
24,2022-12-12 00:00:00,0.11627933432999692,0.022455729007673297,0.03457780996589102,0.09798747308523559,0.14268323520341666,0.025,True,False,2000,1.9034414085299876,6.1089001116035675,5.147911180565864
25,2022-12-12 06:00:00,0.1313174265121019,0.02438239848071083,0.037049298805227955,0.10424534741596275,0.1484680673490295,0.02,True,False,2000,1.924874908489215,6.822127813758535,5.4156946488425195
26,2022-12-12 12:00:00,0.16113529692454645,0.021204092191585023,0.03243487334912145,0.09223389018871118,0.1275064475405901,0.0015,True,True,2000,1.9499759704290196,8.26345038954991,4.7300013737307
27,2022-12-12 18:00:00,0.16160595266733027,0.024498552567838536,0.03637916250762464,0.09762942793243706,0.147954100193004,0.005,True,True,2000,1.9489510773043592,8.291945064667878,5.009331894952984
28,2022-12-13 00:00:00,0.16011794389762954,0.024267885140701773,0.03679402672275792,0.10372378473832629,0.14849770337196846,0.004,True,True,2000,1.9715196708766127,8.121549394758764,5.26110828466686
29,2022-12-13 06:00:00,0.15744319421337757,0.023585633300847668,0.03543525552958148,0.09951647496793638,0.1417893467072323,0.0035,True,True,2000,2.0009362665003705,7.868476215324193,4.9734954897884025
30,2022-12-13 12:00:00,0.14010029397791532,0.023213258919323073,0.03546151025526684,0.09969435356635323,0.14426773116239125,0.0125,True,False,2000,1.9998312945878627,7.005605640689208,4.985138188213964
31,2022-12-13 18:00:00,0.13944612092799744,0.023137057170276164,0.034055093468312,0.09740849188347495,0.14468434273567313,0.011,True,False,2000,2.022441051493335,6.8949411813527455,4.816382253097079
32,2022-12-14 00:00:00,0.14335798811095432,0.02447276588467203,0.03739462079530818,0.10937393092586185,0.15227568723545323,0.015,True,False,2000,2.0144521485214093,7.116475227082354,5.429462844582403
33,2022-12-14 06:00:00,0.15257632576791924,0.02441359347397323,0.03615484565670443,0.10337812404417418,0.14466144159201968,0.006,True,True,2000,1.9941790053657273,7.651084750034119,5.183994203429842
34,2022-12-14 12:00:00,0.1313285252461214,0.022105788392500218,0.034577359102047504,0.09345996307767424,0.1418868877589212,0.0185,True,False,2000,2.000543491881047,6.564642347397176,4.671728630593121
35,2022-12-14 18:00:00,0.14836631302061773,0.02390725339773991,0.035842024826266,0.101179666785738,0.13984329551155375,0.0075,True,True,2000,2.0015713117749225,7.412491983063633,5.055011839474031
36,2022-12-15 00:00:00,0.15680905161622521,0.022387052885457545,0.03438345606782865,0.09747506317008685,0.13598847584888957,0.005,True,True,2000,2.025400053720099,7.742127355443208,4.812632595276778
37,2022-12-15 06:00:00,0.15984437339425833,0.023331080057843775,0.03540578206189977,0.09746469722075886,0.14212352323085067,0.005,True,True,2000,2.036960614159574,7.847200003923898,4.7848101010520345
38,2022-12-15 12:00:00,0.14362683676254476,0.02408364391292436,0.035708280948365194,0.10091033716533013,0.14125131526294166,0.0085,True,True,2000,2.011400413516671,7.140638721030785,5.016919380507712
39,2022-12-15 18:00:00,0.13845789661671656,0.02363666617160481,0.036258801761330756,0.10460311691640813,0.14346187522963363,0.0115,True,False,2000,2.007211672037328,6.898021695747776,5.211364519928063
40,2022-12-16 00:00:00,0.1319647177058585,0.02102345261026086,0.03367558213146779,0.09441229640693669,0.13954650360580487,0.013,True,False,2000,2.0161369159542777,6.54542440355034,4.682831590445308
41,2022-12-16 06:00:00,0.11099900327253728,0.022515930811850847,0.03384178946022348,0.094435928359462,0.12991154677200983,0.0235,True,False,2000,2.0074469882604973,5.529361618097854,4.704280058787161
42,2022-12-16 12:00:00,0.10714311001682911,0.023478565526948224,0.03603144466525151,0.09836965077432655,0.14237671254480905,0.042,True,False,2000,1.9922525963789637,5.377988223560005,4.937609365053366
43,2022-12-16 18:00:00,0.10164545726325215,0.023261655826003924,0.035142109471356556,0.09984819757072214,0.14724885736416995,0.0455,True,False,2000,1.9697613257745716,5.1602930737449615,5.069050562837033
44,2022-12-17 00:00:00,0.09126001993440871,0.02266635501320493,0.03475802431322455,0.09687693290640165,0.14075365073813476,0.0615,False,False,2000,1.974644917698775,4.621591412027735,4.9060432100015605
45,2022-12-17 06:00:00,0.07349927003356004,0.024872088640850592,0.036349880957293496,0.09816818950603388,0.15280090842539684,0.117,False,False,2000,1.9240669038617735,3.8199955462068633,5.102119334260237
46,2022-12-17 12:00:00,0.07657932116745454,0.023777275373008847,0.03649331713039603,0.10326665285259565,0.1500488942576718,0.1035,False,False,2000,1.910745989488557,4.007823205634584,5.4045201937195575
47,2022-12-17 18:00:00,0.07390660589825988,0.02276697176172564,0.034791037311661034,0.09744130123712756,0.14624087966613442,0.098,False,False,2000,1.9390300187413911,3.811524586206874,5.025260067937263
48,2022-12-18 00:00:00,0.06494612680036888,0.02217104653841136,0.03499487563631208,0.0961416903404274,0.14549430156895593,0.129,False,False,2000,1.9232795593365086,3.3768427728090624,4.998841165534681
49,2022-12-18 06:00:00,0.062275324235858104,0.023412367145114743,0.03545782442515523,0.09821060814742354,0.14729300689226538,0.1395,False,False,2000,1.9288517269842729,3.228621638700271,5.091661882221199
50,2022-12-18 12:00:00,0.09368023795650474,0.024362301922895253,0.035696103619900374,0.09957575686428458,0.13716219753869208,0.064,False,False,2000,1.9354977513623641,4.840110916717149,5.144710542504887
51,2022-12-18 18:00:00,0.09121649618383161,0.02436178166968734,0.036307379199117175,0.10170113204099997,0.14092455457706599,0.0745,False,False,2000,1.927111298766085,4.733327869658429,5.277387564803259
52,2022-12-19 00:00:00,0.06608000076454644,0.025716282596080966,0.03765081124882613,0.10365965114359037,0.14954155037751396,0.1495,False,False,2000,1.8517884076816282,3.5684422955901427,5.597812941996353
53,2022-12-19 06:00:00,0.052199280806489584,0.024421455837592462,0.03676220515803005,0.10540119349839949,0.14624995678196195,0.195,False,False,2000,1.8338953010633388,2.8463610096074254,5.7473942725784415
54,2022-12-19 12:00:00,0.04506483280065612,0.024534572192377927,0.03678618787286638,0.10073845892875842,0.15188822457077958,0.2285,False,False,2000,1.8188014236777152,2.4777214386347124,5.538727736701447
55,2022-12-19 18:00:00,0.03809921962949778,0.025617942726301905,0.03775850024077352,0.10592905247413165,0.14935144244160045,0.2725,False,False,2000,1.8106534174324065,2.104169647415147,5.8503218481394486
56,2022-12-20 00:00:00,0.03542557104450785,0.024279258845798037,0.03631018887139655,0.10095713798708196,0.13995874469566857,0.2725,False,False,2000,1.8470942297296273,1.9179081648527132,5.465727539079573
57,2022-12-20 06:00:00,0.02432272770336045,0.022895846000090727,0.035406614819992424,0.10187094536516493,0.1455965375245345,0.3225,False,False,2000,1.8134752148898339,1.3412219534987149,5.6174434879912845
58,2022-12-20 12:00:00,0.008714000845423026,0.02337048834544851,0.03525131398221849,0.09896734866052403,0.14263238109681506,0.426,False,False,2000,1.7829835837039147,0.488731412059377,5.550659555425201
59,2022-12-20 18:00:00,0.00377268538876577,0.023163968384246773,0.03551056499874511,0.09668897728743135,0.1429530266845841,0.465,False,False,2000,1.7729242807673948,0.21279450169935044,5.453643922434203
60,2022-12-21 00:00:00,0.0,0.022552738607416686,0.03448351777252544,0.09790419114716621,0.14250623416416033,1.0,False,False,2000,1.8195506707545925,0.0,5.380679566706653
61,2022-12-21 06:00:00,0.0,0.023422038200838442,0.0353833976250594,0.09539745072025564,0.143083789158458,1.0,False,False,2000,1.823931532011444,0.0,5.2303197266977834
62,2022-12-21 12:00:00,0.01637839029128103,0.0235582490977752,0.03561353567526356,0.09776175418421425,0.1469154834424309,0.376,False,False,2000,1.7620285999522587,0.9295189812313374,5.548250135489461
63,2022-12-21 18:00:00,0.00743899052258659,0.023909665080736806,0.0354884143605077,0.1022092383193537,0.14394901206481947,0.444,False,False,2000,1.7383730062654301,0.4279283269916778,5.879591891439408
64,2022-12-22 00:00:00,0.014635098200969475,0.02489038243350925,0.03629220407154137,0.10107169988686933,0.1464002545292139,0.4065,False,False,2000,1.7809387026304924,0.8217631622780198,5.675192511543706
65,2022-12-22 06:00:00,0.009199240426268674,0.023524429782383265,0.036033010800269105,0.10165575942965845,0.14919376543456425,0.417,False,False,2000,1.766809546531411,0.5206696128809448,5.75363426291353
66,2022-12-22 12:00:00,0.015250099130847036,0.022595033241496903,0.035639100980000546,0.10196217091201287,0.1414198947810296,0.367,False,False,2000,1.7783087504474047,0.8575619462599092,5.7336596294856115
67,2022-12-22 18:00:00,0.025484817506613477,0.022817479479255085,0.034980306847753606,0.09611483745143971,0.14041110197191917,0.3075,False,False,2000,1.802125592792211,1.4141532426231922,5.333415042539821
68,2022-12-23 00:00:00,0.025440068343958955,0.02353467957466216,0.03641450903124242,0.10281667969826272,0.14791124441663203,0.325,False,False,2000,1.8048636856455682,1.4095285171001426,5.696645154755108
69,2022-12-23 06:00:00,0.02771421989156133,0.024359663073554336,0.03651068642613083,0.09989052802996932,0.1433055612896667,0.3165,False,False,2000,1.787702023363749,1.5502706563711393,5.587649771857102
70,2022-12-23 12:00:00,0.02309265206499363,0.024785081577078812,0.03667666515515805,0.10405830096318677,0.14513208571909966,0.338,False,False,2000,1.785480147119664,1.2933580976661483,5.828029011190833
71,2022-12-23 18:00:00,0.03059171238304677,0.024638347909655824,0.03693515050000208,0.10267751874859465,0.1501942492551473,0.298,False,False,2000,1.8320850486036253,1.6697757784969154,5.604407875434232
72,2022-12-24 00:00:00,0.04016813873322314,0.026487998120304675,0.03729247592507432,0.1042975812321082,0.15261129041520713,0.2765,False,False,2000,1.9161429723992056,2.0963017536696937,5.443100161858853
73,2022-12-24 06:00:00,0.029873792652083547,0.02585075873691092,0.038067610017982235,0.10763082905988666,0.1558674321298732,0.3175,False,False,2000,1.8808524306692314,1.5883113510108855,5.722449422658333
74,2022-12-24 12:00:00,0.020520211525433343,0.024075799300643,0.036742590806779885,0.10053585415343119,0.15650585921827465,0.3585,False,False,2000,1.8581414484946865,1.104340659429191,5.410559795373871
75,2022-12-24 18:00:00,0.03278284676232779,0.023064157189840753,0.035054332432400304,0.09699014936109235,0.13978109251317272,0.2735,False,False,2000,1.8574130245592038,1.764973451185297,5.221786865853909
76,2022-12-25 00:00:00,0.06064543932937945,0.02352139721517119,0.0363103054890393,0.10023719728310848,0.14967128647633066,0.1505,False,False,2000,1.8682561036820509,3.2460988196348692,5.36528140256339
77,2022-12-25 06:00:00,0.06885809491385501,0.023504978249415373,0.0359382215487382,0.10077526392812686,0.14368076732936874,0.1255,False,False,2000,1.8830298864745396,3.6567712179424317,5.351761257321363
78,2022-12-25 12:00:00,0.04605042794091143,0.023031253781512304,0.03563741831784174,0.09902493248611297,0.14997950612981745,0.21,False,False,2000,1.8931065215923373,2.4325323174195876,5.230816721439464
79,2022-12-25 18:00:00,0.05196164037388138,0.02420065442842124,0.035858321251192336,0.0992106971489479,0.14350249436740578,0.1935,False,False,2000,1.9022566349557637,2.731578874219026,5.215421269972598
80,2022-12-26 00:00:00,0.06521884648015916,0.023533889430811226,0.036737133674790694,0.1050201640231305,0.1484787967378099,0.131,False,False,2000,1.928750261331182,3.3814044144391464,5.444985083276039
81,2022-12-26 06:00:00,0.03672145046502047,0.024018405658054406,0.03617116193065528,0.09843578288561096,0.1503762142498074,0.2735,False,False,2000,1.9128200538017452,1.919754573465303,5.146107846891768
82,2022-12-26 12:00:00,0.023791482012727003,0.023261145714028056,0.0354169523459635,0.09860199293628698,0.14089409730853084,0.3335,False,False,2000,1.9274340523454405,1.2343603654701345,5.115712924979247
83,2022-12-26 18:00:00,0.002115967327128861,0.023213766389455777,0.03497995438536658,0.09920307717475907,0.13345899925994195,0.479,False,False,2000,1.919681590192716,0.11022491114875149,5.1676839368345515
84,2022-12-27 00:00:00,0.0011545614841984343,0.023512654825470755,0.035367601577619645,0.10145935991715653,0.14459883502176182,0.481,False,False,2000,1.929347205284542,0.05984207928132658,5.2587403469554985
85,2022-12-27 06:00:00,0.0,0.023384801632891764,0.03598767459100966,0.09547319650715591,0.15305494292318017,1.0,False,False,2000,1.9255160261011288,0.0,4.958317417927407
86,2022-12-27 12:00:00,0.0,0.0232268184607995,0.03511205071129086,0.09958134275192866,0.14272324443099377,1.0,False,False,2000,1.9368137696844476,0.0,5.141503241592133
87,2022-12-27 18:00:00,0.0,0.02296194566236408,0.03518376084033307,0.09721776293748408,0.14283229641466552,1.0,False,False,2000,1.924244472644754,0.0,5.052256317715406
88,2022-12-28 00:00:00,0.0,0.02470039445265201,0.036840122110486186,0.10379496549371758,0.1508901228666172,1.0,False,False,2000,1.8853746667346842,0.0,5.505269977636966
89,2022-12-28 06:00:00,0.0,0.024104062547044256,0.03567749692021029,0.1003723623218231,0.1424471686292596,1.0,False,False,2000,1.901035529524978,0.0,5.279878295957134
90,2022-12-28 12:00:00,0.002139893667699368,0.021658094549813954,0.03257895193180571,0.09047588314999225,0.13096158529955268,0.4635,False,False,2000,1.895307234623489,0.11290484353184392,4.773678984450544
91,2022-12-28 18:00:00,0.0044547611198952715,0.02150100656325013,0.03366628576435227,0.09345680508244718,0.13545476663586486,0.437,False,False,2000,1.882091096400191,0.23669210955918848,4.965583507684548
92,2022-12-29 00:00:00,0.0014692055136650533,0.023046421822317406,0.03595092843576928,0.10491107404468442,0.14788554816130972,0.4735,False,False,2000,1.8687411747567009,0.07862006432519127,5.613997029756848
93,2022-12-29 06:00:00,0.0024104823513002803,0.022753777420629437,0.03521786093384978,0.09722008506781427,0.13911892072930468,0.4555,False,False,2000,1.8540196086886729,0.13001385422267392,5.243746323512561
94,2022-12-29 12:00:00,0.0,0.02176157064815691,0.03429952152128668,0.09339892205419792,0.1461578412071707,1.0,False,False,2000,1.845070317122716,0.0,5.0620792707699245
95,2022-12-29 18:00:00,0.0,0.02275113215416039,0.03505166097811471,0.09760655662746877,0.13941050211161377,1.0,False,False,2000,1.8345064166407545,0.0,5.320589546162528
96,2022-12-30 00:00:00,0.0,0.022718692330905208,0.03533214616581602,0.09914534300280287,0.14544284245611103,1.0,False,False,2000,1.8329795062424454,0.0,5.408971713276158
97,2022-12-30 06:00:00,0.0,0.02266350091624424,0.035336064048457606,0.10029649282253142,0.14251500561780053,1.0,False,False,2000,1.7851919211990375,0.0,5.618247070890089
98,2022-12-30 12:00:00,0.0,0.024156312859870455,0.036817852514940394,0.10478044049581298,0.14896284465312523,1.0,False,False,2000,1.7659656804400654,0.0,5.933322581314404
99,2022-12-30 18:00:00,0.0,0.023902122385617106,0.03721539734655082,0.10480886898623584,0.15339794985057187,1.0,False,False,2000,1.7692765792300462,0.0,5.923826168085408
100,2022-12-31 00:00:00,0.0,0.024818003474658387,0.03607965494139501,0.10212832433559309,0.14301387358790194,1.0,False,False,2000,1.7795976463103134,0.0,5.738843527206188
101,2022-12-31 06:00:00,0.0,0.024858668776616747,0.03708765972802708,0.10608892464713943,0.14643035253014933,1.0,False,False,2000,1.8074329867806493,0.0,5.8695910400585385
102,2022-12-31 12:00:00,0.0,0.024244019427162273,0.03769503921468785,0.10718969910230072,0.15093590650733132,1.0,False,False,2000,1.793150220685135,0.0,5.977731138518065
103,2022-12-31 18:00:00,0.015471080841393951,0.023184222927997142,0.03622130829493343,0.10311971701489997,0.14772597765786158,0.3745,False,False,2000,1.784837843521719,0.866805962096113,5.777539813444972
104,2023-01-01 00:00:00,0.0,0.02241995323829622,0.034556072432947185,0.09662354340942407,0.1443449640321857,1.0,False,False,2000,1.788806076146982,0.0,5.401566145031628
105,2023-01-01 06:00:00,0.035211613158754713,0.022069601935167625,0.03431178980675229,0.09702612174937952,0.13163320362266598,0.258,False,False,2000,1.7868986746912505,1.9705433585840426,5.429861419878449
106,2023-01-01 12:00:00,0.03655036046772695,0.022045764146731556,0.034135661961135065,0.09823443846168343,0.14188737366989823,0.2475,False,False,2000,1.814668423441162,2.014161925979644,5.413354703963004
107,2023-01-01 18:00:00,0.029434983155793317,0.021554319573029914,0.03417423057881056,0.0944905756110315,0.13936696971676624,0.2795,False,False,2000,1.78244018497949,1.6513868686220186,5.301191950635851
108,2023-01-02 00:00:00,0.03257370236411195,0.021170330669407426,0.033904439086313395,0.0957509489160797,0.1361513179055485,0.256,False,False,2000,1.782841433194097,1.8270667125877633,5.370693497095507
109,2023-01-02 06:00:00,0.043799173442247374,0.019823152285291357,0.0324728930050086,0.09022853981222873,0.13069259181011642,0.1895,False,False,2000,1.774624618232313,2.4680810235730486,5.0843732745071755
110,2023-01-02 12:00:00,0.05110487251081369,0.01865940233843162,0.03278634267490385,0.08974846122564374,0.1356907022033327,0.148,False,False,2000,1.780899207708674,2.8696106039917795,5.039502563489552
111,2023-01-02 18:00:00,0.05296563838919561,0.02008455842790656,0.03344486568251293,0.09294949872596156,0.14067060405520987,0.149,False,False,2000,1.7736026562962597,2.986330574166005,5.240717158152216
112,2023-01-03 00:00:00,0.05628496805163032,0.01824506948807074,0.031232218073939496,0.08834147907154179,0.12896161363443365,0.1245,False,False,2000,1.7647776257822396,3.1893518610698584,5.005813637986504
113,2023-01-03 06:00:00,0.02719612964896949,0.01877007694411188,0.03127985342798498,0.08676560894787216,0.12231397439490682,0.258,False,False,2000,1.780191575406569,1.5277080301179553,4.87394784620617
114,2023-01-03 12:00:00,0.015658701495284547,0.01830809847701564,0.03208935309465532,0.08705172022243754,0.13865093035104029,0.3185,False,False,2000,1.7744533513131648,0.8824521356786581,4.905833120832162
115,2023-01-03 18:00:00,0.0,0.020217322072691536,0.03352380816994049,0.09386166093594762,0.14388158291753037,1.0,False,False,2000,1.7664207056055308,0.0,5.313663989449884
116,2023-01-04 00:00:00,0.0038272428883300747,0.020648097299566282,0.03368372947004685,0.09617770191906523,0.13650588229857463,0.4245,False,False,2000,1.7533132183203213,0.21828631920066077,5.485483193425287
117,2023-01-04 06:00:00,0.029040579682062393,0.02098052771308234,0.03437204991472768,0.0990483642519243,0.14259991368182257,0.275,False,False,2000,1.6917254944928175,1.7166248174777794,5.854872115739982
118,2023-01-04 12:00:00,0.02753486511482931,0.01987254095660221,0.03315164154303667,0.09309820255128667,0.12951795176271472,0.2665,False,False,2000,1.6158083968362793,1.7040922159299352,5.7617105303804035
119,2023-01-04 18:00:00,0.025497208501213085,0.021176754326921583,0.03489962381550689,0.09903063680235395,0.14409259774896743,0.285,False,False,2000,1.5561419800418408,1.6384885716229782,6.363856130896956
120,2023-01-05 00:00:00,0.02234656329046644,0.0204410769891527,0.034008978628542574,0.09618082885081748,0.14315594849747248,0.303,False,False,2000,1.4992558168647658,1.4905103611468673,6.415237998005585
121,2023-01-05 06:00:00,0.0,0.021341819263854086,0.03595996702868164,0.09666351282325963,0.15282619373331494,1.0,False,False,2000,1.49348207380556,0.0,6.472358424560808
122,2023-01-05 12:00:00,0.0,0.021151100200016905,0.03469653674513415,0.10066580541073678,0.139105822593884,1.0,False,False,2000,1.4843736249067987,0.0,6.781702646936846
123,2023-01-05 18:00:00,0.00874088408641927,0.022231977591065495,0.035743957833169276,0.0983543559719515,0.14637380287397292,0.398,False,False,2000,1.4733986125880765,0.5932463904703698,6.6753392552195105
124,2023-01-06 00:00:00,0.023811783734098844,0.02074145621413638,0.03366743537541658,0.09458958576329786,0.1269558788977152,0.294,False,False,2000,1.4581242639986929,1.633042143390338,6.487073022425381
125,2023-01-06 06:00:00,0.03057337032109854,0.020356930505704522,0.034599064805432275,0.09828994103555667,0.1418391703830757,0.2555,False,False,2000,1.4783877106534897,2.068021135510132,6.648454957198589
126,2023-01-06 12:00:00,0.04647920457789375,0.02119996956935923,0.03420436404004105,0.09611579458512917,0.1432192294495836,0.186,False,False,2000,1.4722892104286913,3.156934401791904,6.528322961569678
127,2023-01-06 18:00:00,0.0494802537624752,0.02278528545688421,0.03703555643690321,0.10460880713859604,0.15131382992914416,0.185,False,False,2000,1.4728371678107526,3.359519629452548,7.102537159222303
128,2023-01-07 00:00:00,0.05631239162009831,0.02025780034354425,0.034874024919946435,0.09593964621768268,0.14591185635318132,0.138,False,False,2000,1.4409977979253579,3.907874925358854,6.657862097763751
129,2023-01-07 06:00:00,0.04321267418822433,0.020901727004479162,0.03497547971318354,0.09739726314777651,0.1450732844199168,0.197,False,False,2000,1.4569807235413026,2.9659056904467915,6.684869715437625
130,2023-01-07 12:00:00,0.053764691478141495,0.02249088572766476,0.03674278224681141,0.101889720805862,0.16598666157107056,0.1805,False,False,2000,1.4902598698051246,3.6077393324140234,6.837043851901194
131,2023-01-07 18:00:00,0.06430818678835144,0.022817568481584054,0.0370832380066722,0.10342029788446112,0.14875654249743644,0.145,False,False,2000,1.4601828532838006,4.404118747438306,7.082694996169797
132,2023-01-08 00:00:00,0.06526954929282561,0.02209978641367482,0.03589355318440507,0.0985068581738697,0.14830768853641924,0.125,False,False,2000,1.4695865098829652,4.441354684048068,6.703032282306033
133,2023-01-08 06:00:00,0.08626820808789594,0.02315422426432212,0.0360615667006299,0.10028915794937547,0.1494257866448435,0.08,False,False,2000,1.430785942858584,6.029427988056667,7.009375403074382
134,2023-01-08 12:00:00,0.09363201543208115,0.021684712724332564,0.03545989170301454,0.10012883569567464,0.14380558646889985,0.0575,False,False,2000,1.4033865722591587,6.671862000314937,7.134800750907012
135,2023-01-08 18:00:00,0.08469018063554772,0.02219565158662778,0.03685337314729601,0.10110779234539959,0.15066842410827244,0.087,False,False,2000,1.3869161836907924,6.1063661691634765,7.290115548030925
136,2023-01-09 00:00:00,0.06912753867643794,0.024276626593146222,0.037780996286214806,0.10643915183769766,0.15477743822735687,0.1345,False,False,2000,1.4404094874117255,4.7991588003667855,7.389506440210858
137,2023-01-09 06:00:00,0.08239167124314992,0.0248767286594982,0.03818780082878362,0.10621286545971935,0.15651491788156421,0.0975,False,False,2000,1.4489771008718833,5.686195537084259,7.3301962740341855
138,2023-01-09 12:00:00,0.06995078279917218,0.023156419079883448,0.03689781809544138,0.10287463682022292,0.14739965755381412,0.1265,False,False,2000,1.445476528631091,4.839288733758799,7.117005000257475
139,2023-01-09 18:00:00,0.06578211687685091,0.023849470108666587,0.03555707492469095,0.10062726814840274,0.1302145530031568,0.143,False,False,2000,1.412297221053348,4.657809694462754,7.125077260532374
140,2023-01-10 00:00:00,0.04881087474636898,0.0244137293795843,0.039172995438532615,0.10966297760412,0.16039068317945768,0.1985,False,False,2000,1.4032014528366974,3.478536502915773,7.815198408070806
141,2023-01-10 06:00:00,0.06147714895956904,0.02461775586916027,0.03837737526355188,0.10492808634428845,0.16330598514438777,0.1655,False,False,2000,1.379455951801636,4.45662283592868,7.6064832811259615
142,2023-01-10 12:00:00,0.07200515209058578,0.026114360164205475,0.03860180538547468,0.10802017054961326,0.15389524717729913,0.139,False,False,2000,1.3520665560143015,5.325562692922947,7.989264290956301
143,2023-01-10 18:00:00,0.0646243155450497,0.02655435282718515,0.03922961814459599,0.11151313328917759,0.15816238184142406,0.1565,False,False,2000,1.3438538025087774,4.8088799112229035,8.298010771781794
144,2023-01-11 00:00:00,0.07061456411439775,0.0244453725063499,0.0372111692602845,0.10399050842977782,0.14735116794570635,0.1275,False,False,2000,1.2945469727929737,5.454770324945988,8.032965246940343
145,2023-01-11 06:00:00,0.05867873828627568,0.023848609457871425,0.03730288372680507,0.10636315242977491,0.15029402015249702,0.168,False,False,2000,1.296730548878354,4.525129629824146,8.202409708152315
146,2023-01-11 12:00:00,0.10695946197753269,0.02449719471220041,0.03776854398999978,0.10329539735716076,0.15201778999311674,0.046,True,False,2000,1.2574123716334829,8.506315381531,8.214918167456192
147,2023-01-11 18:00:00,0.11304572203999468,0.023713972447953285,0.037112667058019785,0.10207215168464796,0.15555551264299086,0.038,True,False,2000,1.216968161865133,9.2891273233262,8.387413482388197
148,2023-01-12 00:00:00,0.10099769137621577,0.026217243282362208,0.03991078314646732,0.1137507726344786,0.16497926253135062,0.0745,False,False,2000,1.2387682925113306,8.153073660891428,9.182570568049808
149,2023-01-12 06:00:00,0.09991316250353524,0.0246604680419003,0.03757901537245066,0.10596031509589293,0.15766596470502195,0.0635,False,False,2000,1.1866680915100165,8.419638416028977,8.929229314749678
150,2023-01-12 12:00:00,0.10429821383216223,0.022105781395127352,0.0355680289688537,0.09945591770610762,0.13680201683569637,0.044,True,False,2000,1.1706297237117118,8.90958188738487,8.495933059922917
151,2023-01-12 18:00:00,0.11264013621200221,0.024943640901731443,0.038362833066844106,0.10804885392241884,0.1606046995857985,0.0425,True,False,2000,1.1862315469354432,9.495628109284493,9.108580378051524
152,2023-01-13 00:00:00,0.12157330301393059,0.023860473614189148,0.03790208020414834,0.1085636698550725,0.1560129897399931,0.0325,True,False,2000,1.1684791352489325,10.404405123419739,9.291023397858458
153,2023-01-13 06:00:00,0.1509278849630786,0.02446293890285112,0.038159889068459484,0.10737253695721716,0.14769472488415225,0.0095,True,True,2000,1.1382684282963484,13.259428199108802,9.432971545905223
154,2023-01-13 12:00:00,0.13994287098197036,0.023587234012346078,0.03666049449205781,0.10091113570186135,0.1495536604302643,0.014,True,False,2000,1.138675096918705,12.28997379152848,8.862153565571992
155,2023-01-13 18:00:00,0.11327556533909613,0.02479653533630669,0.038151643389325564,0.10657371031900666,0.1619106989732198,0.0405,True,False,2000,1.1347900098818051,9.98207283750184,9.391491764199344
156,2023-01-14 00:00:00,0.09310672602090964,0.02534778192703989,0.038702086045886715,0.10780159469390584,0.15676658036285365,0.073,False,False,2000,1.1561544508662644,8.053139089777162,9.324151683465304
157,2023-01-14 06:00:00,0.0972470957417674,0.025241519094583574,0.037513908717965054,0.10346080705952038,0.15365800762404713,0.0605,False,False,2000,1.1419123301323177,8.516161282757933,9.060310877590048
158,2023-01-14 12:00:00,0.09070281967213357,0.023557284383370635,0.0368946865249943,0.10548629934486127,0.14553061970494513,0.0685,False,False,2000,1.132289417628122,8.010568522501472,9.316195815538935
159,2023-01-14 18:00:00,0.09527850832222846,0.025511004876645045,0.03926603744824438,0.11145947426181647,0.16150427272743348,0.071,False,False,2000,1.1245520895490941,8.472574032602775,9.911454995962686
160,2023-01-15 00:00:00,0.08430911561181913,0.022498847115228628,0.0357470932487741,0.09773239124037507,0.14863042753578518,0.0785,False,False,2000,1.0538295401906046,8.000261180434386,9.274022744010226
161,2023-01-15 06:00:00,0.07689336756148765,0.024341373505468354,0.03779978207800372,0.10622029954950997,0.15267703980532632,0.1045,False,False,2000,1.0190246856290945,7.54578065142922,10.423721922294247
162,2023-01-15 12:00:00,0.08400067710970242,0.02382697638005629,0.03630093610840948,0.10246707349657022,0.14370112756005707,0.09,False,False,2000,1.0072105007697578,8.339932620391183,10.173352384457871
163,2023-01-15 18:00:00,0.09390041756335098,0.024122508765312613,0.03737868396920443,0.10394925230279281,0.15173896022297617,0.066,False,False,2000,1.0342670771946494,9.078933249818498,10.050523176735474
164,2023-01-16 00:00:00,0.06666532486358588,0.026536401513602124,0.039655660980264004,0.11095894996441862,0.16273667306219328,0.155,False,False,2000,1.0437041317165956,6.387377690451454,10.631264799337604
165,2023-01-16 06:00:00,0.047671455635654746,0.02581827638503085,0.03821931135183083,0.1082237278752323,0.14954776951079202,0.232,False,False,2000,0.9730070811069138,4.899394522537562,11.12260434447349
166,2023-01-16 12:00:00,0.04318331615336782,0.02364233415450883,0.03751101470804239,0.10411658317258352,0.1529882715655264,0.226,False,False,2000,0.9748187262033009,4.429881678777048,10.680609673769206
167,2023-01-16 18:00:00,0.02976953336952886,0.02465868653525804,0.03766852944632209,0.10520742649083066,0.1507966729454935,0.309,False,False,2000,0.9182421049960242,3.2420135395182905,11.457482282549675
168,2023-01-17 00:00:00,0.027756853237357253,0.024561991898230162,0.03861678269937574,0.10683707075798801,0.16264955794983565,0.319,False,False,2000,0.9196956065680518,3.0180478235549137,11.61656856844871
169,2023-01-17 06:00:00,0.0362179548539011,0.023978327722087325,0.03740208082828321,0.10652164525408062,0.15952356796093595,0.2655,False,False,2000,0.9287471250046119,3.899657277940026,11.469391655296016
170,2023-01-17 12:00:00,0.04443450179424549,0.0237703501838562,0.036729613820711084,0.10299965208835525,0.15017869944934928,0.2235,False,False,2000,0.9833457121835154,4.5187060098710194,10.474409031554622
171,2023-01-17 18:00:00,0.04405754275086674,0.021769308650849833,0.03354026721190863,0.09185636038411127,0.14285529516239148,0.2065,False,False,2000,0.965124803125308,4.564958087098968,9.517562918977744
172,2023-01-18 00:00:00,0.03631122594702959,0.023066917098287287,0.03583947587429688,0.09954739356276884,0.14710742974367863,0.2595,False,False,2000,0.9776436324235084,3.7141576687833244,10.182380395195539
173,2023-01-18 06:00:00,0.023194779931991975,0.022477783463533,0.036285225188897714,0.10308838049020398,0.15099427446904487,0.3075,False,False,2000,0.9637352312914238,2.406758534801153,10.696753334633575
174,2023-01-18 12:00:00,0.044053822858622575,0.023927526715398138,0.0358653927540857,0.10298232374462644,0.1445241955587746,0.221,False,False,2000,1.0069492439543768,4.37497948611783,10.227161335382302
175,2023-01-18 18:00:00,0.06573863619389574,0.02427424150706574,0.03781400993236878,0.10301391196519029,0.15950773795471923,0.145,False,False,2000,1.0172172567212383,6.462595454366242,10.127031495438006
176,2023-01-19 00:00:00,0.06243450821799073,0.02517175385295723,0.03789184070576974,0.10817503765284393,0.1563406425698222,0.1575,False,False,2000,0.999278674608242,6.2479576322858685,10.825312337947466
177,2023-01-19 06:00:00,0.04718055471125483,0.026275298133445382,0.0388599442876256,0.10939701110644427,0.15167745768694885,0.2315,False,False,2000,0.9933837639702979,4.749479146174723,11.012562825590457
178,2023-01-19 12:00:00,0.06012251471766852,0.025709121342326016,0.03848530248228061,0.10850121607377924,0.15376334506425543,0.167,False,False,2000,0.9630885515480094,6.242677749728338,11.265964681999495
179,2023-01-19 18:00:00,0.06366532339035631,0.027420554486882347,0.03945855479139883,0.11119609893283068,0.14989646824464728,0.185,False,False,2000,0.9882894449538043,6.441971399718048,11.251369677233408
180,2023-01-20 00:00:00,0.06535724292925409,0.026021032021314446,0.0395227838931386,0.11293742245390428,0.16280814380748818,0.1605,False,False,2000,0.9869508477559513,6.622137574313664,11.443064536667883
181,2023-01-20 06:00:00,0.03847320968181387,0.025438721080010877,0.038015292677770894,0.10692973883618974,0.149985825216862,0.274,False,False,2000,0.9898589489588429,3.8867365620405723,10.802522818898689
182,2023-01-20 12:00:00,0.02267172024427746,0.025564019172898283,0.03848554421704285,0.10925026818305146,0.15338329387342645,0.345,False,False,2000,0.9889626602849652,2.292474848114559,11.046955822535452
183,2023-01-20 18:00:00,0.02752040038106633,0.025888585802396284,0.03926571979402978,0.10896787009059017,0.15632822118023623,0.327,False,False,2000,0.9671174688828328,2.845610927993738,11.26728381987191
184,2023-01-21 00:00:00,0.03227931907623039,0.028246825097145156,0.04102556379540142,0.1152230479339838,0.15827830282879335,0.3255,False,False,2000,0.9441589664978389,3.4188436716291326,12.203776273118468
185,2023-01-21 06:00:00,0.020640032829603118,0.027110774626462136,0.03902369928198143,0.10794147667084242,0.15848174667891263,0.39,False,False,2000,0.9347408602565426,2.2081021283201845,11.547743472048236
186,2023-01-21 12:00:00,0.026308890400190788,0.02954831943725327,0.042020290347548506,0.11761447188440509,0.16949164097693792,0.369,False,False,2000,0.9369143565790417,2.8080357842153814,12.55338559586718
187,2023-01-21 18:00:00,0.03652728500611182,0.029110651231098746,0.041426600570715705,0.1175502511951705,0.1646465445739873,0.3155,False,False,2000,0.938450795804612,3.892296236457867,12.525989825005675
188,2023-01-22 00:00:00,0.05400665241848343,0.028660579443325628,0.04121419029208116,0.11315557482150446,0.16660575178027648,0.222,False,False,2000,0.9279978954487017,5.819695570793333,12.193516318998972
189,2023-01-22 06:00:00,0.05405753358298274,0.026712561405015378,0.03943522766289965,0.1101165868791029,0.15356803733087449,0.207,False,False,2000,0.9602174862923271,5.629717679034805,11.467879772143535
190,2023-01-22 12:00:00,0.031089527676213115,0.028651357916815855,0.041492248974212255,0.11490018030408711,0.16660955496312968,0.3245,False,False,2000,0.9611318990982664,3.234678581096029,11.954673485698104
191,2023-01-22 18:00:00,0.020246013916330408,0.027984227904625687,0.040832919381547594,0.11627629245023147,0.16860478551768576,0.3905,False,False,2000,0.9669145764017708,2.093878240172254,12.02549793829114
192,2023-01-23 00:00:00,0.03652969984485179,0.02734299638168744,0.040122693413287745,0.11367668054084609,0.16586955864612216,0.296,False,False,2000,0.9406690897472693,3.8833741049858745,12.084662053835292
193,2023-01-23 06:00:00,0.0540542749819627,0.026870021828264142,0.03970574208665813,0.11265494798893455,0.15880423679190928,0.2005,False,False,2000,0.905904561565224,5.966884070940938,12.43563094486345
194,2023-01-23 12:00:00,0.03554287844895692,0.027942579541214093,0.03981209595247322,0.11133537013327205,0.16214813770719783,0.311,False,False,2000,0.9224450552114449,3.853116047200199,12.069593685203452
195,2023-01-23 18:00:00,0.039344518702866246,0.028245883140888446,0.040872202777792146,0.11179102688623502,0.1641257121060812,0.2955,False,False,2000,0.9119692987998047,4.31423719577463,12.258200690895775
196,2023-01-24 00:00:00,0.05039191595113345,0.025448764681547064,0.03788618076066983,0.10382731753016008,0.16024083370564965,0.2165,False,False,2000,0.8869439237166624,5.681522202663101,11.706187364707413
197,2023-01-24 06:00:00,0.07525472207066639,0.027905420006822446,0.04028603421288796,0.11127936160390371,0.1623522298895388,0.138,False,False,2000,0.887286474920607,8.4814458686976,12.541537006282082
198,2023-01-24 12:00:00,0.05602346229072252,0.02547220646177182,0.03850802126710956,0.10528656918820789,0.1532241694551296,0.193,False,False,2000,0.8655351438693658,6.472696422270068,12.164332082175818
199,2023-01-24 18:00:00,0.06841456090659533,0.028509216698838387,0.04081346932850697,0.1157248086889441,0.16101589927202126,0.1645,False,False,2000,0.8336932498263476,8.20620305140357,13.880981849505048
200,2023-01-25 00:00:00,0.0552469700407877,0.02898413449383236,0.041223570105189025,0.11264170697336613,0.16944058197659367,0.2215,False,False,2000,0.8224778268446478,6.7171379261052016,13.695409565690609
201,2023-01-25 06:00:00,0.06439208455784255,0.028958863533763177,0.04189055251214376,0.11279581111829767,0.17239501315328973,0.186,False,False,2000,0.8356310820813744,7.705802948049269,13.498278551026125
202,2023-01-25 12:00:00,0.049043610348761,0.028948902969905054,0.04089503675098492,0.1176239734320739,0.15818804500087996,0.2485,False,False,2000,0.8296742666942718,5.911188561285482,14.17712687422875
203,2023-01-25 18:00:00,0.029594902541440662,0.03149186323729393,0.04299334911405625,0.12040595422501094,0.172500817896645,0.38,False,False,2000,0.8387858346354827,3.5283026154467585,14.354791086491897
204,2023-01-26 00:00:00,0.03148890544048764,0.02956306047839451,0.04153410303891295,0.1172339377422102,0.16474691144085551,0.344,False,False,2000,0.8400699831881734,3.748366930214933,13.955258500880172
205,2023-01-26 06:00:00,0.05473848112369008,0.03145307943347574,0.04276458429433413,0.12016148655265406,0.1680455262109546,0.245,False,False,2000,0.8488091622463181,6.448856063102365,14.156478499201697
206,2023-01-26 12:00:00,0.08101054056196373,0.031200801405059188,0.044116482681235025,0.12069092782269411,0.1685927524433123,0.1485,False,False,2000,0.9045961682130497,8.955437067790475,13.341967616456794
207,2023-01-26 18:00:00,0.09007170439894002,0.031899915226735534,0.042797128346414914,0.11977593330196369,0.16215359243188307,0.1165,False,False,2000,1.002715760151287,8.9827753764786,11.94515315924547
208,2023-01-27 00:00:00,0.0870883203820452,0.030752300585237473,0.04183322428816933,0.11748856324380404,0.16667606579461833,0.1115,False,False,2000,1.0182694310267946,8.552581245047076,11.538062487580703
209,2023-01-27 06:00:00,0.05085783179216012,0.02962452982823954,0.04153086878420942,0.11989775482429388,0.1589553166069973,0.2435,False,False,2000,1.0059968439389197,5.055466336557216,11.918303277656566
210,2023-01-27 12:00:00,0.05067826598577592,0.03011737762143441,0.04242068970248961,0.12216174797034948,0.1742554978306768,0.248,False,False,2000,1.0176556582789769,4.9799031306405945,12.004232175836874
211,2023-01-27 18:00:00,0.033399831992059516,0.030116193423981797,0.041497703077393006,0.12020631266917131,0.1591314229539114,0.338,False,False,2000,1.037888276833625,3.218056580613402,11.581816208185243
212,2023-01-28 00:00:00,0.03737133249095208,0.031697604356927984,0.04321651623655924,0.12247671593081629,0.16540784871155906,0.335,False,False,2000,1.038720315464412,3.5978243550809292,11.791115867032689
213,2023-01-28 06:00:00,0.025605682948312444,0.029457442034687274,0.040342799067890824,0.11395702107445392,0.16782384116226073,0.3875,False,False,2000,1.0708264380802466,2.3912075792803296,10.641969325930493
214,2023-01-28 12:00:00,0.03528576544011022,0.031021865373084906,0.0418812323874834,0.11923783877171555,0.16102462836659845,0.3415,False,False,2000,1.0803879549452677,3.2660272894191786,11.0365760952746
215,2023-01-28 18:00:00,0.05885397469897916,0.0300810332032015,0.04216024772014347,0.12166171049665046,0.1676193335364512,0.2085,False,False,2000,1.052884394289184,5.589785072150514,11.555087259013455
216,2023-01-29 00:00:00,0.042147416426766574,0.0311895143043756,0.04287671056792707,0.11943196598903229,0.1675589870838611,0.3055,False,False,2000,1.0659866373567153,3.953840972273147,11.203889598952479
217,2023-01-29 06:00:00,0.029587287424613553,0.03208390404113647,0.042577458645093914,0.12076253406762993,0.16185203745534088,0.3845,False,False,2000,1.0914841443076382,2.710739095837409,11.064066729456094
218,2023-01-29 12:00:00,0.016272354713290377,0.030881772177609356,0.042044437165797005,0.11645061424985718,0.1718958133196049,0.4505,False,False,2000,1.0693167879474865,1.52175247753517,10.890188535558277
219,2023-01-29 18:00:00,0.014114631158438657,0.029577359838043216,0.0409976927410078,0.11787472212893609,0.16364417268655668,0.4475,False,False,2000,1.0480264009083586,1.3467820224953346,11.247304650605198
220,2023-01-30 00:00:00,0.02870814021325664,0.0307911554998024,0.04191719410227762,0.11430445481679381,0.1685571498020513,0.3705,False,False,2000,1.0358912015147737,2.7713470460292555,11.034407344096323
221,2023-01-30 06:00:00,0.03878772196672322,0.029106253487267784,0.04122542677586932,0.11374124639001838,0.17107961438599095,0.2965,False,False,2000,1.0252220985620493,3.7833482150966025,11.094303034391181
222,2023-01-30 12:00:00,0.045111970685285066,0.029950487755718107,0.042431617345165575,0.11870370246219525,0.17634549699499,0.2705,False,False,2000,0.9969649428941685,4.524930490968514,11.906507175427942
223,2023-01-30 18:00:00,0.04954470479894637,0.02884174022933979,0.040906501001436536,0.11671740181900356,0.1615161206951943,0.238,False,False,2000,1.0007577082690904,4.950719278959024,11.662903103777024
224,2023-01-31 00:00:00,0.03259766359107343,0.031009451918847027,0.04218931704690624,0.12015801600954687,0.16966354605214307,0.3535,False,False,2000,1.0211811357817777,3.1921529343682886,11.76657223672257
225,2023-01-31 06:00:00,0.01260763787546683,0.029948927395835163,0.042106856398154445,0.11748222340155233,0.16494880537181994,0.4505,False,False,2000,1.0007565958591085,1.2598106200482937,11.73934040381704
226,2023-01-31 12:00:00,0.027436561466440884,0.03026470920346509,0.041626345677594344,0.1202127075581859,0.17020176510651874,0.3715,False,False,2000,1.0336502518280033,2.654337036915486,11.629920985903167
227,2023-01-31 18:00:00,0.03106610991542529,0.030899875998571982,0.04231860565827894,0.11813620836367208,0.16818821802866948,0.3685,False,False,2000,1.0362701525794566,2.997877516600892,11.400136158472819
228,2023-02-01 00:00:00,0.01380293357604304,0.03131026369428833,0.042934373539394846,0.11636813272849195,0.1730215158466989,0.4615,False,False,2000,1.0650283761774717,1.296015569611732,10.926294109284921
229,2023-02-01 06:00:00,0.014374593728285659,0.029755356980265702,0.042084135034405265,0.1165807275790293,0.1714644118038688,0.441,False,False,2000,1.0785497046927672,1.3327706331698794,10.809026887846414
230,2023-02-01 12:00:00,0.020807036551321028,0.029298298889336178,0.04135662826767898,0.11469924706343763,0.16237220399859345,0.4025,False,False,2000,1.0761396459202486,1.9334885235575656,10.658398052545854
231,2023-02-01 18:00:00,0.01898893427884189,0.031138605192492,0.042004816516953015,0.11684883921870207,0.17139518588618396,0.439,False,False,2000,1.1086100077748444,1.712859720340761,10.540121268906471
232,2023-02-02 00:00:00,0.008780013358173702,0.033602247358312576,0.04458511676276619,0.126443615081954,0.17415461727378984,0.5185,False,False,2000,1.114448345000974,0.7878349317451792,11.345847983815123
233,2023-02-02 06:00:00,0.01902889171401848,0.033022551582099866,0.04587536176129091,0.13158224794454687,0.18404834766073225,0.4395,False,False,2000,1.1406342153493514,1.6682729185175587,11.535884701148133
234,2023-02-02 12:00:00,0.020915909941629323,0.03655741293731287,0.045872040611855916,0.13005863295413528,0.1759058456984375,0.4765,False,False,2000,1.1621786905232883,1.7997154923062326,11.19093251448058
235,2023-02-02 18:00:00,0.031140413627490784,0.0378606133272731,0.04687727710148013,0.1297910517052691,0.18641414808148699,0.425,False,False,2000,1.2206412350345486,2.5511520284344154,10.633022052675088
236,2023-02-03 00:00:00,0.030372431410384506,0.03592219918417968,0.046072088329103235,0.13147895011345573,0.18066315076459644,0.4145,False,False,2000,1.2069139870771568,2.5165365333066463,10.893812775495691
237,2023-02-03 06:00:00,0.04103223300191517,0.037230345229333106,0.045574826426093416,0.13090222224184053,0.17520443176236694,0.364,False,False,2000,1.2091265492753789,3.3935433000379907,10.82618046227579
238,2023-02-03 12:00:00,0.04246466210241173,0.04081969614638514,0.04895292418486019,0.14081303556210337,0.1970362318144056,0.392,False,False,2000,1.2081551185340864,3.5148352600563557,11.655211603370825
239,2023-02-03 18:00:00,0.05856978438405045,0.03868864501152354,0.046022415347810146,0.13219715161168188,0.1773469108868216,0.286,False,False,2000,1.2104769220348335,4.8385709234004715,10.921079882254682
240,2023-02-04 00:00:00,0.0817566562809988,0.03952473074942587,0.04836850419363336,0.13620951035440448,0.19367128514334792,0.1825,False,False,2000,1.1905231803074594,6.867288065729612,11.441147271002954
241,2023-02-04 06:00:00,0.088863129422628,0.040133165900841754,0.04859937808305739,0.1372218868441518,0.18279369138819987,0.169,False,False,2000,1.228989050787143,7.230587560215686,11.165427939025486
242,2023-02-04 12:00:00,0.09614889186749777,0.03912525999744564,0.047877367893075125,0.13109650988116034,0.18537805596450102,0.139,False,False,2000,1.2737072213446863,7.548743561804638,10.292515240885445
243,2023-02-04 18:00:00,0.12255723632180467,0.038183929111447065,0.04805393837031756,0.13781986388694847,0.1930895908487413,0.0765,False,False,2000,1.3358443004433413,9.17451504498917,10.31706044193988
244,2023-02-05 00:00:00,0.13126107163216247,0.0405278566030525,0.04867031056079988,0.13960312592355134,0.18615950075419063,0.065,False,False,2000,1.4205526600965213,9.240141201329614,9.82738126118224
245,2023-02-05 06:00:00,0.1379481617092044,0.03612141416927098,0.046086714326822285,0.13011460356035048,0.18064597096078222,0.0385,True,False,2000,1.456184790897599,9.473259339851541,8.935308511232785
246,2023-02-05 12:00:00,0.1365961609226113,0.03826828681288577,0.047273972905789344,0.1354607876805899,0.18861180657392207,0.049,True,False,2000,1.4641648854798197,9.329288133955455,9.251744050411247
247,2023-02-05 18:00:00,0.11876955720365169,0.03759988981247899,0.04569725520499168,0.13219554674952858,0.18070416149351984,0.068,False,False,2000,1.4433987940689395,8.228464488933128,9.158629430253956
248,2023-02-06 00:00:00,0.10680982342680773,0.03660608762800596,0.04611534012032942,0.13209790896101634,0.1819323425827617,0.093,False,False,2000,1.4592235541123368,7.319634001644211,9.05261627587783
249,2023-02-06 06:00:00,0.10347405958102361,0.03775251519300461,0.04731933073430048,0.13406028460862426,0.18957195843884905,0.103,False,False,2000,1.4766249496556971,7.007470624490702,9.078831062679994
250,2023-02-06 12:00:00,0.10776130986791017,0.035384597482597084,0.04677133686380295,0.1326621837893738,0.19018202926570713,0.091,False,False,2000,1.4976042063033157,7.19558007478545,8.85829401593609
251,2023-02-06 18:00:00,0.09934883139746363,0.03459246674186683,0.04481588575080317,0.12703727614668758,0.17301712090014418,0.104,False,False,2000,1.48629358744066,6.6843342551546945,8.547253195476733
252,2023-02-07 00:00:00,0.08103577301048599,0.034983021136735515,0.04647212372334076,0.12828466029020327,0.19021002965179387,0.165,False,False,2000,1.4816741160271392,5.469203526870661,8.65808877286573
253,2023-02-07 06:00:00,0.07936572226048866,0.035121161936244316,0.04583564763451666,0.12999335681777302,0.18145124702054125,0.1645,False,False,2000,1.4593394074844757,5.4384690671304945,8.907684953279512
254,2023-02-07 12:00:00,0.10860677561036658,0.034853570627405336,0.04561536472923354,0.12818719475668836,0.18563960909180227,0.082,False,False,2000,1.4541773557080584,7.468605887999439,8.815100458930768
255,2023-02-07 18:00:00,0.12269653198249222,0.03645526968253483,0.04563961028630376,0.1310869913746247,0.17405115124591813,0.062,False,False,2000,1.4326404865127331,8.56436301623406,9.150027003195376
256,2023-02-08 00:00:00,0.11024619516196925,0.036513600330372285,0.045684784739166574,0.12760300046198225,0.1820828319224883,0.08,False,False,2000,1.4081271351116937,7.829278508522204,9.061894858794883
257,2023-02-08 06:00:00,0.08976690183523728,0.035255285136901106,0.04449180247041248,0.12751426147541564,0.17166794353606188,0.1345,False,False,2000,1.4181452752569546,6.329880541961567,8.991621923382374
258,2023-02-08 12:00:00,0.07470259897644717,0.03489422922112186,0.044979643393904006,0.13039365465783484,0.17572162852660428,0.184,False,False,2000,1.4134235527005257,5.285223868932872,9.225377234495715
259,2023-02-08 18:00:00,0.07213459438088721,0.03255044657950623,0.04264791177142336,0.12160595802389404,0.16841783195649693,0.1765,False,False,2000,1.4235074764786446,5.067384300595864,8.542698934375311
260,2023-02-09 00:00:00,0.06532343949623223,0.03396790811627329,0.04520321839574335,0.12674675134235647,0.17745083961749686,0.2185,False,False,2000,1.444022876700466,4.523712231311298,8.777336798982555
261,2023-02-09 06:00:00,0.059709886780648286,0.032642300236354074,0.04241013296821778,0.1201399461817322,0.16601508646778326,0.229,False,False,2000,1.454224492861374,4.1059607422208515,8.261444279854025
262,2023-02-09 12:00:00,0.06616960733661431,0.030457972503166387,0.04245827110365944,0.11714779149424198,0.17068807402212646,0.1905,False,False,2000,1.4549615676830916,4.547859462843686,8.051607279276135
263,2023-02-09 18:00:00,0.047118468649027044,0.031120084253040473,0.04261231320755268,0.12093839556894583,0.16237102354291863,0.268,False,False,2000,1.451404532854263,3.246404953439556,8.33250777652693
264,2023-02-10 00:00:00,0.04785923563507907,0.03105279265053561,0.04330547212670918,0.12254355939667771,0.17296604895524137,0.2675,False,False,2000,1.464409447261043,3.268159443015924,8.368121335592104
265,2023-02-10 06:00:00,0.04393909799481333,0.028356026969513764,0.03997800706800001,0.11147270236445506,0.15663019097868777,0.263,False,False,2000,1.4735711116761037,2.9818104906274323,7.564799654470776
266,2023-02-10 12:00:00,0.0,0.030136399667736357,0.04190135203302177,0.11820924192255212,0.16680186256400378,1.0,False,False,2000,1.4822945199482476,0.0,7.974747280768417
267,2023-02-10 18:00:00,0.0,0.033978882678945894,0.04442845754453406,0.1242382235378035,0.1784177142226392,1.0,False,False,2000,1.46550919484432,0.0,8.47747827000166
268,2023-02-11 00:00:00,0.0051576788853228825,0.030246102016014676,0.04270613761982481,0.12021084335618432,0.16883233521014343,0.498,False,False,2000,1.4377468576182273,0.3587334486591817,8.361057631197031
269,2023-02-11 06:00:00,0.016871707406587243,0.03156949786313737,0.042935698231386314,0.11676243727728378,0.1771195715067166,0.4565,False,False,2000,1.4520406755076272,1.1619307703407804,8.041264907159997
270,2023-02-11 12:00:00,0.032405946932939966,0.02948746379766465,0.041166884333159764,0.117041287659615,0.16787997819832576,0.3395,False,False,2000,1.4545929201592032,2.2278361515325664,8.04632595398615
271,2023-02-11 18:00:00,0.02530446052550953,0.029838658199636665,0.04130898779886054,0.1156296512441764,0.1678579196639237,0.389,False,False,2000,1.4908026560226268,1.6973715751902625,7.756201048948321
272,2023-02-12 00:00:00,0.018682586769659674,0.029358794507850734,0.041277289583070864,0.1166221717388374,0.16383877439782368,0.419,False,False,2000,1.4921603228394487,1.252049560874824,7.815659614706533
273,2023-02-12 06:00:00,0.01609784306674526,0.029313738683528216,0.04080062380682477,0.11437297633124588,0.16865416413692735,0.4415,False,False,2000,1.4785535869533548,1.0887561471421403,7.7354637221446945
274,2023-02-12 12:00:00,0.027680258435632637,0.028899733672993744,0.042010032286718756,0.1170746250600153,0.16873636174638942,0.352,False,False,2000,1.4916785424349224,1.855645009845695,7.848515731070988
275,2023-02-12 18:00:00,0.06357839330943721,0.029716952568067462,0.041603619621621686,0.11505345915319787,0.168273144073089,0.1925,False,False,2000,1.527793779824013,4.161451247481896,7.530692994865505
276,2023-02-13 00:00:00,0.04869510806557989,0.02994028999468979,0.04323183181676686,0.1240992558032137,0.17791291107433202,0.2465,False,False,2000,1.5250459423640093,3.1930256468271683,8.1374109694587
277,2023-02-13 06:00:00,0.05492866729554201,0.03168534410644606,0.04266534029946491,0.11959566508010383,0.17521157646420604,0.2415,False,False,2000,1.5152889538594247,3.6249632227331485,7.8925979612993915
278,2023-02-13 12:00:00,0.05983595006926945,0.0295347242092251,0.04260031656410936,0.12023664510185038,0.1735266984588071,0.2005,False,False,2000,1.4968343991554072,3.9974996634919697,8.032728615115623
279,2023-02-13 18:00:00,0.09026114268043349,0.031733957324567734,0.042818581718643556,0.1219480708434178,0.16708092584401416,0.1115,False,False,2000,1.4925270252090903,6.047538245934855,8.170577067194742
280,2023-02-14 00:00:00,0.08650077313965396,0.030730593625396162,0.04159943122048652,0.11588231533383907,0.16073038918211865,0.119,False,False,2000,1.4732185532379838,5.871550622922451,7.865928315872861
281,2023-02-14 06:00:00,0.07970910385339366,0.030758266902166646,0.041836845370892425,0.12009005869091859,0.16203177277923472,0.1395,False,False,2000,1.4813854030284062,5.380713465276747,8.10660469891344
282,2023-02-14 12:00:00,0.07323777320492525,0.029303499667702716,0.041617624845556124,0.1175309276448704,0.16283124553916403,0.145,False,False,2000,1.4973659458766795,4.891107174341801,7.849178617192224
283,2023-02-14 18:00:00,0.07028788479785524,0.027808475552015224,0.04022254202954232,0.11088584249583261,0.16762917846125605,0.144,False,False,2000,1.4982627013768268,4.691292437118288,7.400961286290728
284,2023-02-15 00:00:00,0.06126610545776219,0.029716678688921812,0.043701016397015464,0.12022423109761388,0.18341821030654687,0.206,False,False,2000,1.4927860936886772,4.104144975411281,8.05368107365869
285,2023-02-15 06:00:00,0.051486503896092085,0.03002976784765317,0.04218107912190194,0.11902517708238969,0.16417578718596096,0.2455,False,False,2000,1.5018336501122664,3.428242794549404,7.925323625122677
286,2023-02-15 12:00:00,0.05374713370226273,0.030303445584836324,0.04186904423784258,0.11683308209422048,0.16502275361595217,0.2475,False,False,2000,1.49287308032224,3.600248032516019,7.826055920909352
287,2023-02-15 18:00:00,0.08016011496906154,0.028842293044437396,0.04148320653625033,0.1162838055107886,0.1634335770835885,0.124,False,False,2000,1.491302613721063,5.375174309461439,7.79746541318264
288,2023-02-16 00:00:00,0.08437921232323524,0.03071287864600031,0.042746879932944945,0.12151192542678657,0.17321580565692773,0.1215,False,False,2000,1.501256028631496,5.620574419951074,8.094017483317188
289,2023-02-16 06:00:00,0.08478599313614471,0.031025410692658153,0.04237212150945081,0.11895789060426305,0.1705665064078118,0.1205,False,False,2000,1.4958792608567588,5.6679703606281615,7.952372475311304
290,2023-02-16 12:00:00,0.09539313060843337,0.032997731679719436,0.04452025990072827,0.12424106851404683,0.1729896563136517,0.11,False,False,2000,1.470378009651118,6.4876603147151,8.44960055839831
291,2023-02-16 18:00:00,0.1404596959617521,0.034127892351027554,0.045979234439186875,0.13184533223848346,0.185030903288762,0.0385,True,False,2000,1.4865675184615799,9.448591753646758,8.869111601128461
292,2023-02-17 00:00:00,0.1280276961948654,0.03540702642625715,0.04765926406312632,0.13375868842020536,0.18534424307263003,0.0575,False,False,2000,1.50077662738745,8.530762930239382,8.912631365605174
293,2023-02-17 06:00:00,0.12123177246218707,0.03257311053800937,0.0434941871027967,0.12377269881828722,0.16916174432138262,0.053,False,False,2000,1.4918093495776363,8.126492336068978,8.296817475592974
294,2023-02-17 12:00:00,0.14280965709009663,0.03306821882005613,0.044080977706287404,0.1252515294266407,0.17638796267209933,0.0255,True,False,2000,1.523277382619918,9.375157717137188,8.222503061866373
295,2023-02-17 18:00:00,0.14564929508625257,0.03112702670142461,0.04289317115489818,0.1192823034687388,0.16972679134541147,0.0275,True,False,2000,1.5136110274532875,9.622637021303516,7.880644452586749
296,2023-02-18 00:00:00,0.1212623622933341,0.03187237223199997,0.0438517987103902,0.1231010170347808,0.17588091511812642,0.0535,False,False,2000,1.5136794265653613,8.011099322958126,8.132568552781692
297,2023-02-18 06:00:00,0.11281428190561225,0.03210204803723151,0.043275409436087306,0.12214288681286851,0.17481686816137595,0.06,False,False,2000,1.534557785269062,7.351582520291469,7.95948435343232
298,2023-02-18 12:00:00,0.0744701983508509,0.03228378524110038,0.04368284260013835,0.12609591419126795,0.17285827422932787,0.162,False,False,2000,1.5509401303944004,4.801616573807611,8.130288959587501
299,2023-02-18 18:00:00,0.06389205270223752,0.03211044261702148,0.043763219113105045,0.121758095403605,0.16646315938552794,0.2125,False,False,2000,1.5394982028947206,4.150186897399504,7.908946900663026
300,2023-02-19 00:00:00,0.06780976324422444,0.03130651291194207,0.042789560642339165,0.12112374275741002,0.1659554600257083,0.1885,False,False,2000,1.526672726386839,4.441669918654349,7.93383812155159
301,2023-02-19 06:00:00,0.07275577179208341,0.031601541465926024,0.04329717929204615,0.11847769990252575,0.16015917083922832,0.17,False,False,2000,1.501041912763804,4.847018006187538,7.893030760505406
302,2023-02-19 12:00:00,0.07354250407654572,0.031666790576463565,0.04486067657538844,0.12662999325522345,0.18795536021152448,0.162,False,False,2000,1.4884032804687317,4.941033457907022,8.507774399378158
303,2023-02-19 18:00:00,0.0707000380040246,0.029966433962374656,0.04148921090332959,0.11811945440928434,0.16037509622723858,0.1745,False,False,2000,1.470259452297273,4.808677672063673,8.033919062701708
304,2023-02-20 00:00:00,0.08524661452617677,0.028073048560128783,0.040741126530236794,0.11403412787744223,0.16147503980997752,0.116,False,False,2000,1.477912577445291,5.768041752072605,7.715891292742145
305,2023-02-20 06:00:00,0.09627615241840885,0.030845697557662588,0.042928435876300484,0.11877610606635229,0.1720280859487387,0.0975,False,False,2000,1.4619603266603796,6.585414847633841,8.124441128828563
306,2023-02-20 12:00:00,0.09781326498663774,0.030412197864638786,0.04224212797854005,0.12195785430596083,0.1646842102277163,0.0875,False,False,2000,1.4672510543803159,6.666430035584369,8.311996365030314
307,2023-02-20 18:00:00,0.0819338100969915,0.027637594533588307,0.0406911364363942,0.11430350544494358,0.1565820965272781,0.125,False,False,2000,1.4811745679349215,5.531678160746777,7.7170853402045285
308,2023-02-21 00:00:00,0.07062019135772546,0.028988597741291307,0.041581931086134685,0.11443425664545126,0.16675787722162314,0.162,False,False,2000,1.5076593445373028,4.684094693778364,7.590193173284172
309,2023-02-21 06:00:00,0.08301847691019175,0.02817466099384412,0.0403107354210567,0.11419881646368889,0.16246266786321178,0.118,False,False,2000,1.4916921360798778,5.5653894595410165,7.655655862328264
310,2023-02-21 12:00:00,0.06969463142264531,0.028306297484783905,0.040550128693053564,0.11494085105030664,0.1611976750813687,0.1545,False,False,2000,1.4798988289657904,4.709418647986267,7.76680464911454
311,2023-02-21 18:00:00,0.07903470926517699,0.02894699488841603,0.04120992632380573,0.1183074861049092,0.16525488592254747,0.1275,False,False,2000,1.463925717305784,5.398819648488233,8.081522491635905
312,2023-02-22 00:00:00,0.06229634049771071,0.027399317586911175,0.03945257742531172,0.1088365223123532,0.1613186674319184,0.18,False,False,2000,1.4845694375644707,4.196256431084272,7.331184352744479
313,2023-02-22 06:00:00,0.0747973085636932,0.0287974675146573,0.040441334554546675,0.11377936557157503,0.1594162448737999,0.1485,False,False,2000,1.489581518658167,5.021363894946248,7.638344336741561
314,2023-02-22 12:00:00,0.09649652103815863,0.02930794131049648,0.041403789009816706,0.11820605297297686,0.16326004485076415,0.088,False,False,2000,1.5238940485007195,6.332232948418991,7.756841959536076
315,2023-02-22 18:00:00,0.08345566206699558,0.029553569528915063,0.04181432899940862,0.11784976736997799,0.1642262354879799,0.127,False,False,2000,1.524635664020988,5.473810172254159,7.729700291751518
316,2023-02-23 00:00:00,0.0876814042136541,0.02604027699155185,0.038486616494174175,0.10828341344349385,0.15701815539337197,0.088,False,False,2000,1.5649126173034675,5.602958481141247,6.919454303466425
317,2023-02-23 06:00:00,0.07257358009332492,0.025991854774423173,0.040183678636858164,0.11266363023670631,0.16384903204576184,0.1265,False,False,2000,1.5284443297834338,4.748199111943312,7.37113076618693
318,2023-02-23 12:00:00,0.06566244999941177,0.02615858453874012,0.03927790660987211,0.11070247402299255,0.15850471223801715,0.153,False,False,2000,1.5045977556865031,4.364119895250805,7.357612598091529
319,2023-02-23 18:00:00,0.07208871805253861,0.0254217092962482,0.03745669827509815,0.10606055703897822,0.1479647356758467,0.1305,False,False,2000,1.5088608313128884,4.777691656944454,7.029180878576649
320,2023-02-24 00:00:00,0.07632272452435901,0.026071178934235377,0.038422112926187496,0.10555573148140188,0.1534832514158669,0.1175,False,False,2000,1.5245191567592586,5.006347357851625,6.923870455376016
321,2023-02-24 06:00:00,0.07012822489576176,0.028233485388258563,0.0416596197820224,0.12012568138923975,0.16904336382377705,0.157,False,False,2000,1.54315510045806,4.544470278777898,7.784420461273299
322,2023-02-24 12:00:00,0.06547883511435403,0.02799740004540864,0.03987920903703643,0.1120821621363828,0.15839117476125827,0.168,False,False,2000,1.5558418512085481,4.2085791086986974,7.203955983657306
323,2023-02-24 18:00:00,0.05435736041651881,0.029311807845350684,0.04112464410958648,0.11726425951885898,0.16616013447506922,0.235,False,False,2000,1.5856160957021894,3.4281539247649144,7.3955013345729546
324,2023-02-25 00:00:00,0.05639229282300412,0.02902724052302383,0.04146308962607356,0.1141541323755867,0.17183445469835915,0.2185,False,False,2000,1.5440170938144586,3.652310136262045,7.39332050356849
325,2023-02-25 06:00:00,0.05537865431264792,0.02774299811608812,0.0398596475973746,0.11488625271421725,0.16090043093897632,0.205,False,False,2000,1.5655725573805666,3.537278042565115,7.338289890980132
326,2023-02-25 12:00:00,0.040010421741008544,0.025931190874295004,0.03984142634516184,0.1133065367492195,0.1604296499047278,0.26,False,False,2000,1.5451772323347461,2.5893742739500003,7.332915239633356
327,2023-02-25 18:00:00,0.04818013422574948,0.026439659804369766,0.03993749713426204,0.11000355874230101,0.1637558028055781,0.2305,False,False,2000,1.4913882551832378,3.230556098205955,7.375916925722708
328,2023-02-26 00:00:00,0.03945168731118881,0.024134687088895313,0.03645502685024283,0.10333559462765535,0.14921719118394272,0.25,False,False,2000,1.4954229420784946,2.638162502466008,6.910125003434063
329,2023-02-26 06:00:00,0.028157220479861435,0.02623039969810827,0.03860682343327001,0.1081981952952912,0.1538902114573994,0.336,False,False,2000,1.4273171610510074,1.9727374719664843,7.580529278833814
330,2023-02-26 12:00:00,0.025967060578784056,0.024612831542621658,0.037798939530908085,0.10699756932405902,0.1555383447578486,0.3245,False,False,2000,1.4121784172040028,1.8387946071429628,7.576774154069385
331,2023-02-26 18:00:00,0.02505422146234996,0.027036586857672486,0.040560551670164535,0.11694576270872757,0.1687773118412888,0.3455,False,False,2000,1.39076729493929,1.801467546261478,8.408722518444936
332,2023-02-27 00:00:00,0.015805498971642656,0.026849646011279923,0.03980997256191843,0.11565078302711142,0.1531443420338134,0.399,False,False,2000,1.394434494970426,1.1334701650490846,8.293740827858983
333,2023-02-27 06:00:00,0.0030287298894884377,0.027279995564256768,0.039300498105208616,0.11046024822039027,0.15966293147809774,0.4975,False,False,2000,1.3958885196458584,0.21697505544761103,7.913257159562743
334,2023-02-27 12:00:00,0.00854764841539919,0.026664676100398382,0.039829673055017174,0.10894193575190382,0.16318380833560406,0.4485,False,False,2000,1.408324761692683,0.6069373093408984,7.735569146775859
335,2023-02-27 18:00:00,0.006715769104520102,0.02776788888316376,0.03994075826158488,0.11052381756518215,0.15970131987473893,0.467,False,False,2000,1.4396461150435729,0.4664874953881871,7.677151795171342
336,2023-02-28 00:00:00,0.0,0.024894283167457076,0.0378711623741472,0.10321608958121671,0.1555273703218091,1.0,False,False,2000,1.4417833397750963,0.0,7.158918176798837
337,2023-02-28 06:00:00,0.0,0.02743093633194525,0.03893884354195489,0.10914613807023062,0.1518070888347467,1.0,False,False,2000,1.441172034034019,0.0,7.573428812986125
338,2023-02-28 12:00:00,0.0,0.025546803525636284,0.03816689254595307,0.10563826955183496,0.15542831788781541,1.0,False,False,2000,1.418288757780665,0.0,7.448290693436609
339,2023-02-28 18:00:00,0.0,0.028347466372766774,0.041314214294159476,0.11587379775936071,0.16865290936643307,1.0,False,False,2000,1.3791823502311302,0.0,8.401629975901447
340,2023-03-01 00:00:00,0.0,0.02491331911878479,0.03849044509076852,0.10915749410792536,0.15624789455740154,1.0,False,False,2000,1.39451656244321,0.0,7.8276226362403385
341,2023-03-01 06:00:00,0.0,0.02650808607261278,0.03877364829153123,0.10757131808634404,0.1576490635745724,1.0,False,False,2000,1.4133890779449907,0.0,7.610877978677201
342,2023-03-01 12:00:00,0.0,0.027371691071938223,0.03935584938885671,0.10985905379471521,0.15586778718323352,1.0,False,False,2000,1.4416335563650102,0.0,7.620456204676451
343,2023-03-01 18:00:00,0.0,0.0280400122272797,0.04099206984524893,0.1127982263647822,0.1639702866013071,1.0,False,False,2000,1.4193116909792494,0.0,7.9473893635694255
344,2023-03-02 00:00:00,0.0,0.024869044442307357,0.036963481590067654,0.10297943556471094,0.15118469601244444,1.0,False,False,2000,1.4191860021659668,0.0,7.2562324746399245
345,2023-03-02 06:00:00,0.0,0.028572448958003264,0.040681962796686476,0.11351455388327546,0.16606493129211974,1.0,False,False,2000,1.41934690661168,0.0,7.997660991438789
346,2023-03-02 12:00:00,0.0,0.030422961848487914,0.04168946358355423,0.11601084083166843,0.1632108308187101,1.0,False,False,2000,1.4160589048461178,0.0,8.192515186666988
347,2023-03-02 18:00:00,0.0,0.029237897984325557,0.040961962387362494,0.1149487792707458,0.17131488179616178,1.0,False,False,2000,1.4150411708639166,0.0,8.123352283846753
348,2023-03-03 00:00:00,0.0,0.02905587509203895,0.04064469836815128,0.113503435351331,0.16310528501175656,1.0,False,False,2000,1.4074630659898562,0.0,8.064398853088557
349,2023-03-03 06:00:00,0.0,0.03046963441720636,0.04191163081148759,0.11937072642812403,0.1611735902712862,1.0,False,False,2000,1.416422908077778,0.0,8.42761902164669
350,2023-03-03 12:00:00,0.0,0.031009210887042536,0.04180440198223085,0.11833262679025291,0.1590829424393327,1.0,False,False,2000,1.4450018738459327,0.0,8.18909850098019
351,2023-03-03 18:00:00,0.003842436816028177,0.02988509056519538,0.04220536210953846,0.11930907269733226,0.168405782110948,0.505,False,False,2000,1.4250697033721136,0.269631499914418,8.372156983971635
352,2023-03-04 00:00:00,0.009118083767851963,0.03005606589126241,0.042215101561459877,0.11726104571198535,0.16194868336009574,0.47,False,False,2000,1.4270501993867173,0.638946252330192,8.217023182672827
353,2023-03-04 06:00:00,0.003807518522515313,0.02865412513779889,0.04121213109368326,0.11726071641526928,0.16577860452480994,0.505,False,False,2000,1.428065354421867,0.2666207474836987,8.21115896777292
354,2023-03-04 12:00:00,0.0,0.028513289106478667,0.04191376051086378,0.11501420496306883,0.17227225441665694,1.0,False,False,2000,1.4292237863190738,0.0,8.047319535542066
355,2023-03-04 18:00:00,0.0,0.028253789269414454,0.0403470310205059,0.11317735029083238,0.1712014879045009,1.0,False,False,2000,1.3871967812551427,0.0,8.158709119006817
356,2023-03-05 00:00:00,0.0,0.030913812636764047,0.042986557851558575,0.11907909398755663,0.16635529320728598,1.0,False,False,2000,1.3578345068550992,0.0,8.769779629725091
357,2023-03-05 06:00:00,0.0,0.028998521120331574,0.040565521224508336,0.11297088858304874,0.16174392674052304,1.0,False,False,2000,1.363319341572652,0.0,8.286458288835805
358,2023-03-05 12:00:00,0.0,0.028918136021714336,0.04023777237897684,0.11627654024123442,0.16141698063263035,1.0,False,False,2000,1.3767302820257492,0.0,8.445847509807274
359,2023-03-05 18:00:00,0.0,0.02873437001770661,0.04102334881246617,0.11443883939924196,0.17134935664714526,1.0,False,False,2000,1.2983187066277244,0.0,8.81438731607645
360,2023-03-06 00:00:00,0.0,0.02773183913764099,0.03871632123111331,0.10728991134543787,0.15411374413401083,1.0,False,False,2000,1.2961332965413004,0.0,8.277691162763764
361,2023-03-06 06:00:00,0.0,0.027579177539469143,0.0399389583594193,0.11154846264389756,0.16082442093695684,1.0,False,False,2000,1.3126616570889498,0.0,8.497883825697722
362,2023-03-06 12:00:00,0.0,0.026503387592093156,0.03983152334733204,0.10815264263751437,0.170512440670244,1.0,False,False,2000,1.3233529789924248,0.0,8.17262244876342
363,2023-03-06 18:00:00,0.0,0.026763548400076474,0.03940218395839499,0.10821757324243156,0.1618811913443744,1.0,False,False,2000,1.3022401402305428,0.0,8.310108857746714
364,2023-03-07 00:00:00,0.0,0.02597553771251981,0.03896291274610676,0.10802202145706813,0.16106964971205034,1.0,False,False,2000,1.288353744039923,0.0,8.384500138784926
365,2023-03-07 06:00:00,0.0,0.02815929260560941,0.04063138734311692,0.11249466179129478,0.1676432136369511,1.0,False,False,2000,1.298064533669831,0.0,8.666338142161145
366,2023-03-07 12:00:00,0.0,0.027900641312750173,0.040304669942292766,0.11565857151059758,0.15581515289001788,1.0,False,False,2000,1.308426556710984,0.0,8.839515746403883
367,2023-03-07 18:00:00,0.0,0.03045621778309553,0.041513033950881295,0.11744191791132698,0.16729981680800918,1.0,False,False,2000,1.3487585272118534,0.0,8.707408742327088
368,2023-03-08 00:00:00,0.0,0.02805293461657117,0.03994522015687027,0.11308480611157025,0.15629371042706636,1.0,False,False,2000,1.41076446727676,0.0,8.015853016900913
369,2023-03-08 06:00:00,0.0,0.02881747539685682,0.04120591222942014,0.1157740716032598,0.16695407381054436,1.0,False,False,2000,1.4159614785551145,0.0,8.176357433212011
370,2023-03-08 12:00:00,0.0,0.028448533879513974,0.04047079124763194,0.11263901284589768,0.1616973790466123,1.0,False,False,2000,1.4076403015484749,0.0,8.001974135152931
371,2023-03-08 18:00:00,0.0,0.02929330851558173,0.04168136132635943,0.1188457822076177,0.16911042736067453,1.0,False,False,2000,1.4102620445057754,0.0,8.427212706363877
372,2023-03-09 00:00:00,0.0,0.02853360534594111,0.04032241352103938,0.11466167583590262,0.15379301089067088,1.0,False,False,2000,1.4050636171491586,0.0,8.160603864225628
373,2023-03-09 06:00:00,0.0,0.029120404752042268,0.04121255250378583,0.11705726600896875,0.16287588860071972,1.0,False,False,2000,1.382432273367422,0.0,8.467486492038612
374,2023-03-09 12:00:00,0.0,0.02793847056169697,0.040567274532488755,0.11578542260400264,0.16347486216530313,1.0,False,False,2000,1.3975597580340606,0.0,8.28482803246119
375,2023-03-09 18:00:00,0.0,0.02958690039578245,0.04271323376744733,0.12130857147719423,0.16642357396782972,1.0,False,False,2000,1.4286092291778851,0.0,8.491375318007927
376,2023-03-10 00:00:00,0.0,0.02610797363287491,0.03897010193974443,0.10808688794154596,0.1559847567449691,1.0,False,False,2000,1.4309331443728859,0.0,7.5535945453912605
377,2023-03-10 06:00:00,0.0,0.027296679647625992,0.03945153100668101,0.11108272697858809,0.15897514420719255,1.0,False,False,2000,1.4858191789796709,0.0,7.476194179622171
378,2023-03-10 12:00:00,0.0,0.02549470052913314,0.03838219396683123,0.10545944239699737,0.1565053971225603,1.0,False,False,2000,1.4933454346605683,0.0,7.0619590048814045
379,2023-03-10 18:00:00,0.0,0.026652334478391018,0.03947086453696536,0.11020465712002518,0.15607665963804507,1.0,False,False,2000,1.5322423748976632,0.0,7.192377585000913
380,2023-03-11 00:00:00,0.0,0.02325619079692405,0.03607041388699675,0.1016001211692617,0.14558402707892665,1.0,False,False,2000,1.5425424563043364,0.0,6.5865364518185086
381,2023-03-11 06:00:00,0.0,0.025761253741188882,0.03912558048787577,0.10905483717136995,0.15962027082913563,1.0,False,False,2000,1.57280239936375,0.0,6.933791378719042
382,2023-03-11 12:00:00,0.0,0.024429445787613253,0.037703892052403605,0.10323215330755404,0.15037393224791654,1.0,False,False,2000,1.5974129287791285,0.0,6.462458857551151
383,2023-03-11 18:00:00,0.0,0.024112397710988047,0.037477831819073236,0.10415834238555081,0.1575063579177091,1.0,False,False,2000,1.6052967183823839,0.0,6.488416826174571
384,2023-03-12 00:00:00,0.0,0.02386134720676338,0.03639116697529761,0.10350607867376267,0.14639559255099405,1.0,False,False,2000,1.578833051983791,0.0,6.555859629598464
385,2023-03-12 06:00:00,0.0,0.024490929903639477,0.037655096240779465,0.1056671638557513,0.15926667913230855,1.0,False,False,2000,1.5972885424418706,0.0,6.6154086157915835
386,2023-03-12 12:00:00,0.0,0.024490341870144886,0.0370041279384192,0.10423347408802656,0.15132109913931371,1.0,False,False,2000,1.5994095863428957,0.0,6.5169969580062315
387,2023-03-12 18:00:00,0.0,0.025323505096454313,0.03813094255746355,0.10513041969659244,0.152546485272115,1.0,False,False,2000,1.5842607466772114,0.0,6.635929086615971
388,2023-03-13 00:00:00,0.0,0.026218779477333243,0.038885189856875495,0.10911297305603226,0.16339876259479502,1.0,False,False,2000,1.6119071465101988,0.0,6.76918476925072
389,2023-03-13 06:00:00,0.0,0.02730093077181734,0.03960603823707951,0.11238119752286806,0.16093577018189184,1.0,False,False,2000,1.5824980035540357,0.0,7.101506432897733
390,2023-03-13 12:00:00,0.0,0.027415291010858617,0.04191950195908232,0.11549585832349862,0.18022985165318367,1.0,False,False,2000,1.566548937928783,0.0,7.372630086883963
391,2023-03-13 18:00:00,0.0,0.028397811841280988,0.04249449906260245,0.1179744965970329,0.17194822946562963,1.0,False,False,2000,1.5819777532208144,0.0,7.457405539164107
392,2023-03-14 00:00:00,0.0,0.02896844736846478,0.04118541331334971,0.11762608536611449,0.1663797343037992,1.0,False,False,2000,1.5943919368948705,0.0,7.37748872433431
393,2023-03-14 06:00:00,0.0,0.02857932149120213,0.04084025469125616,0.11229251450832593,0.1749581313311209,1.0,False,False,2000,1.5997868724121085,0.0,7.019217149782883
394,2023-03-14 12:00:00,0.0,0.030107408699581274,0.04178923306066873,0.1168026142367775,0.17104917577431525,1.0,False,False,2000,1.6015637058500432,0.0,7.293035788094583
395,2023-03-14 18:00:00,0.0,0.02863730030066729,0.04153271761536276,0.11591515582048942,0.16703891691778794,1.0,False,False,2000,1.561690504012072,0.0,7.422415358401474
396,2023-03-15 00:00:00,0.0,0.02937726583960618,0.0423191512417713,0.11852762340550003,0.16094164067528904,1.0,False,False,2000,1.531360027687941,0.0,7.740023329749173
397,2023-03-15 06:00:00,0.0,0.0314378639348218,0.04436100446536265,0.12501169503793758,0.17678182372283985,1.0,False,False,2000,1.542251865401549,0.0,8.105789841621549
398,2023-03-15 12:00:00,0.0,0.031709822301951913,0.042602150438307784,0.11934423790123361,0.1705235534571959,1.0,False,False,2000,1.547642999889324,0.0,7.711354486129439
399,2023-03-15 18:00:00,0.0,0.03200054229497394,0.04345763151634378,0.12018298850873403,0.17406880922838605,1.0,False,False,2000,1.5337824886447384,0.0,7.8357256911264255
400,2023-03-16 00:00:00,0.0,0.030432412107227486,0.04273449640197481,0.11968900046429733,0.175882417972423,1.0,False,False,2000,1.4990110323879093,0.0,7.984530992652799
401,2023-03-16 06:00:00,0.0,0.031225866701306254,0.0423238797297744,0.12194100751450124,0.16145548221148961,1.0,False,False,2000,1.472545383194265,0.0,8.280967697578541
402,2023-03-16 12:00:00,0.0,0.02968106437674251,0.041704864309232606,0.1177745366096285,0.16587244960131803,1.0,False,False,2000,1.4903508415124804,0.0,7.902470567943933
403,2023-03-16 18:00:00,0.0,0.031167253475832248,0.042134524791189606,0.11384925017633477,0.16617070353534696,1.0,False,False,2000,1.4867986503032,0.0,7.657341507077485
404,2023-03-17 00:00:00,0.0,0.030749985595414607,0.042391500114512246,0.12242395309047756,0.17035969549361432,1.0,False,False,2000,1.5097468922618513,0.0,8.108905785331087
405,2023-03-17 06:00:00,0.0,0.032446780240981424,0.04309326639695226,0.12378639043442724,0.16155713016045714,1.0,False,False,2000,1.5369196193824044,0.0,8.054187666897604
406,2023-03-17 12:00:00,0.0,0.031596948531809645,0.04330759967958285,0.12476051105036624,0.16564349580618543,1.0,False,False,2000,1.529475331167916,0.0,8.15707900009727
407,2023-03-17 18:00:00,0.0,0.03255593255134925,0.044781710125884694,0.12140210361672778,0.18712566981172835,1.0,False,False,2000,1.5391587394826258,0.0,7.8875622443943625
408,2023-03-18 00:00:00,0.0,0.03176221380969917,0.04344158235530794,0.12162670181198641,0.17290172965484876,1.0,False,False,2000,1.5618526236230474,0.0,7.787335371620887
409,2023-03-18 06:00:00,0.0,0.032254031974555376,0.04349967761663498,0.12015003169762925,0.18096205808748395,1.0,False,False,2000,1.533906865144702,0.0,7.83294177944075
410,2023-03-18 12:00:00,0.0,0.030726058657102335,0.042758719419313834,0.12117722798000523,0.16969199161923354,1.0,False,False,2000,1.5257205624492352,0.0,7.942295002269599
411,2023-03-18 18:00:00,0.0,0.029650681683963363,0.04080597517485312,0.1143601949971759,0.16421622466628386,1.0,False,False,2000,1.5158529999453496,0.0,7.544280019322381
412,2023-03-19 00:00:00,0.0,0.028461386322673435,0.041484291655214445,0.11631205508678408,0.16500599858165435,1.0,False,False,2000,1.4980648231671119,0.0,7.764153679337096
413,2023-03-19 06:00:00,0.0,0.03129657127725504,0.04298110897586236,0.12143612577389823,0.16265320851530762,1.0,False,False,2000,1.4750322954740824,0.0,8.23277742097627
414,2023-03-19 12:00:00,0.0,0.030603446052581952,0.04099944416403858,0.11777819635123105,0.15977671589572565,1.0,False,False,2000,1.4921857537771253,0.0,7.892998311577672
415,2023-03-19 18:00:00,0.0,0.031207856772492704,0.04358393786328366,0.12745238679949977,0.16975877928007146,1.0,False,False,2000,1.475680206658232,0.0,8.636856835541861
416,2023-03-20 00:00:00,0.0,0.028022593792410143,0.0412245026119096,0.11311817190222723,0.16921762637677856,1.0,False,False,2000,1.4810113168042636,0.0,7.637900576365237
417,2023-03-20 06:00:00,0.0,0.029076229770920656,0.041484506659447896,0.12060655871902869,0.1606005573432068,1.0,False,False,2000,1.4900935374527635,0.0,8.093891805288898
418,2023-03-20 12:00:00,0.0,0.029142151075568022,0.04099313539038409,0.1148367998352635,0.16260847225734715,1.0,False,False,2000,1.5216979336855658,0.0,7.54662257818329
419,2023-03-20 18:00:00,0.0,0.030230394915179093,0.04270230414822993,0.12062743054748674,0.16713126101043804,1.0,False,False,2000,1.6094538677665509,0.0,7.494929364759127
420,2023-03-21 00:00:00,0.0,0.030635588808982987,0.04399507037254599,0.12507306559803644,0.17284287910677873,1.0,False,False,2000,1.6274239421432577,0.0,7.6853401476519885
421,2023-03-21 06:00:00,0.0,0.03089965425977724,0.042236836488928314,0.12022674302784725,0.1609004521576384,1.0,False,False,2000,1.625154946664199,0.0,7.397863402171298
422,2023-03-21 12:00:00,0.0,0.028451678458393345,0.04108148357170239,0.11560327931412911,0.16649380878923337,1.0,False,False,2000,1.5941348517035532,0.0,7.251787964524523
423,2023-03-21 18:00:00,0.0,0.0291727373698474,0.04218607370362573,0.11823525209915603,0.16928423778484186,1.0,False,False,2000,1.5955088179008239,0.0,7.410504459305689
424,2023-03-22 00:00:00,0.0,0.030242373091033115,0.04255703669679084,0.11857271075465241,0.17016511795767122,1.0,False,False,2000,1.544765994516619,0.0,7.6757716816361965
425,2023-03-22 06:00:00,0.0,0.030464315040306233,0.042008348427624055,0.11986006550385256,0.17210237582666016,1.0,False,False,2000,1.5444983352404658,0.0,7.760452877742424
426,2023-03-22 12:00:00,0.0,0.030686688218023853,0.04373873381071006,0.12194938464429288,0.1766866260556261,1.0,False,False,2000,1.5012607417583577,0.0,8.123131528868141
427,2023-03-22 18:00:00,0.0,0.030846958998549813,0.04336354853791646,0.12489104896026952,0.17304847521818434,1.0,False,False,2000,1.550671560878969,0.0,8.053997513791856
428,2023-03-23 00:00:00,0.0,0.030053887993274617,0.04126166556598878,0.11493848009464952,0.16664720656815077,1.0,False,False,2000,1.493961837446428,0.0,7.693535217145136
429,2023-03-23 06:00:00,0.0,0.030686291768712615,0.043564461257505384,0.12438317460798069,0.17501886203577588,1.0,False,False,2000,1.4893312905047926,0.0,8.351612257191103
430,2023-03-23 12:00:00,0.0,0.03160098057922127,0.04301195944627462,0.12342545464879208,0.16583631917728628,1.0,False,False,2000,1.4848146226015975,0.0,8.312516106053284
431,2023-03-23 18:00:00,0.0,0.02882928144703762,0.04151620180405957,0.11853791712794588,0.1642761330748244,1.0,False,False,2000,1.517288798557927,0.0,7.812482188005841
432,2023-03-24 00:00:00,0.0,0.03068503477883722,0.04315045533744836,0.11892642225685417,0.1848064424690908,1.0,False,False,2000,1.4960354499905992,0.0,7.949438782189384
433,2023-03-24 06:00:00,0.0,0.03297129412067454,0.04471376851082662,0.12755158316712215,0.17644335735922098,1.0,False,False,2000,1.4895674470735636,0.0,8.562994808842845
434,2023-03-24 12:00:00,0.0,0.031035539608176777,0.04384071860413336,0.1216764588671241,0.18049244966948857,1.0,False,False,2000,1.457529184712224,0.0,8.348131903180246
435,2023-03-24 18:00:00,0.0,0.03215787115628105,0.044777609482279004,0.12432442476157557,0.18129289996688874,1.0,False,False,2000,1.4588459633227442,0.0,8.522107740450386
436,2023-03-25 00:00:00,0.0,0.034042445001811396,0.04516132372171814,0.12881518104515707,0.17528073690066437,1.0,False,False,2000,1.4627156474617988,0.0,8.806577086167481
437,2023-03-25 06:00:00,0.0,0.033922884184879265,0.044879621120686844,0.12437567939516327,0.17557492048252632,1.0,False,False,2000,1.465351661614058,0.0,8.48777004546238
438,2023-03-25 12:00:00,0.0,0.034483246370353,0.0451808544196185,0.13419334000377978,0.1748788674772041,1.0,False,False,2000,1.4664141500071621,0.0,9.151121462045655
439,2023-03-25 18:00:00,0.0,0.03435572988942685,0.045688942423891814,0.12988898341964822,0.1860809229333053,1.0,False,False,2000,1.482825970220192,0.0,8.759556821112351
440,2023-03-26 00:00:00,0.0,0.034499226186736724,0.046274285359540326,0.12825715177109479,0.18460873665532979,1.0,False,False,2000,1.4847222472972261,0.0,8.638460964976638
441,2023-03-26 06:00:00,0.0,0.03396588766301125,0.04560655572276301,0.12887519960069618,0.17925171729564215,1.0,False,False,2000,1.5242767088715652,0.0,8.454842801875754
442,2023-03-26 12:00:00,0.0,0.034808134036496984,0.04552132142837285,0.12857776419948924,0.1814299303990554,1.0,False,False,2000,1.5182927182484995,0.0,8.468575437009036
443,2023-03-26 18:00:00,0.0,0.03393862460364252,0.044888831796396855,0.12704485384169367,0.17446411198790035,1.0,False,False,2000,1.5340242160636588,0.0,8.281802367350737
444,2023-03-27 00:00:00,0.0,0.03404665051115122,0.04510246051158807,0.12715621871507998,0.18110573821200732,1.0,False,False,2000,1.5273127829229418,0.0,8.325486445005119
445,2023-03-27 06:00:00,0.0,0.0349836620757448,0.04626370862075849,0.133278264609565,0.18806970157612996,1.0,False,False,2000,1.4992338389775148,0.0,8.889758298175916
446,2023-03-27 12:00:00,0.016562730611910773,0.03635034446264928,0.04687089889899592,0.13044730126590423,0.17948135013592667,0.491,False,False,2000,1.4993740799446762,1.1046429862601004,8.700117136259783
447,2023-03-27 18:00:00,0.03397844220619382,0.03833352038733213,0.04823082435049853,0.13569723330665065,0.19246283051546753,0.405,False,False,2000,1.5151768477308982,2.2425396914610545,8.955867660588162
448,2023-03-28 00:00:00,0.01834387990873019,0.03659170047121981,0.046416941548183405,0.13121526461434374,0.18045447313551094,0.4865,False,False,2000,1.5086501079603756,1.2159134720462292,8.697527937192849
449,2023-03-28 06:00:00,0.010040840311965296,0.03769602444452104,0.04859222288350845,0.13694862895207788,0.1931193800300028,0.5395,False,False,2000,1.4949349978615096,0.671657317965572,9.160841718735705
450,2023-03-28 12:00:00,0.005428878801961645,0.03515877466816329,0.045507295777675205,0.12715205330340573,0.1831674120151962,0.548,False,False,2000,1.463520446454447,0.3709465634808009,8.688095448987184
451,2023-03-28 18:00:00,0.0,0.035398003101090744,0.04718858269173828,0.13502811237852558,0.1893798051435161,1.0,False,False,2000,1.4385907176574289,0.0,9.386138164328111
452,2023-03-29 00:00:00,0.0077213753275600025,0.035215681518080896,0.04585037258976748,0.12519238101941219,0.18095137203270606,0.525,False,False,2000,1.4691744409214658,0.5255587840690421,8.521274093285449
453,2023-03-29 06:00:00,0.0,0.03590065817555383,0.046928409216763126,0.12987392057458622,0.1886020599766513,1.0,False,False,2000,1.4431499609432887,0.0,8.999336457709251
454,2023-03-29 12:00:00,0.0,0.03355045300501888,0.044877203770925064,0.12501344614710483,0.17740975305770187,1.0,False,False,2000,1.4613732553119296,0.0,8.554518545668934
455,2023-03-29 18:00:00,0.0,0.033388719200341414,0.044674465092835694,0.1277101247298486,0.16871969279778523,1.0,False,False,2000,1.4607954813567843,0.0,8.74250546087613
456,2023-03-30 00:00:00,0.0,0.03267049269591193,0.045586235090033345,0.12767117299035008,0.18396147031886464,1.0,False,False,2000,1.4694694159343096,0.0,8.688249759126489
457,2023-03-30 06:00:00,0.0,0.03243780335306935,0.04378002010276728,0.12419391860361652,0.1697614927256409,1.0,False,False,2000,1.5126706332459217,0.0,8.21024193066527
458,2023-03-30 12:00:00,0.0,0.029562955460150767,0.041583938070103944,0.1182586965035322,0.1562214358661149,1.0,False,False,2000,1.5352906291861321,0.0,7.702691220503438
459,2023-03-30 18:00:00,0.0,0.03386043156464217,0.04556381013846327,0.12660471490678873,0.17649958901843285,1.0,False,False,2000,1.5357124102298108,0.0,8.244038015414816
460,2023-03-31 00:00:00,0.0,0.031703151504113534,0.04367072963913442,0.12539861811292585,0.1714156991681456,1.0,False,False,2000,1.5392509027027814,0.0,8.146730197964319
461,2023-03-31 06:00:00,0.0,0.032541810430908015,0.04471190255503985,0.12635692839686508,0.17424760744057152,1.0,False,False,2000,1.5463498103998221,0.0,8.17130299671291
462,2023-03-31 12:00:00,0.0,0.03113105639410658,0.043773399440719625,0.1223579769301638,0.1743642494833528,1.0,False,False,2000,1.4984241688872488,0.0,8.165777052370196
463,2023-03-31 18:00:00,0.0,0.031209075080644362,0.04293359885543884,0.1242550833834458,0.1638525873826269,1.0,False,False,2000,1.4874640370785006,0.0,8.353484876682653
464,2023-04-01 00:00:00,0.0,0.029364946846965147,0.041307929915684036,0.11634024010607982,0.16730051290149225,1.0,False,False,2000,1.4606571367042993,0.0,7.9649246344409
465,2023-04-01 06:00:00,0.0,0.03233320813751557,0.044746997835880944,0.127659809189871,0.1830941554689079,1.0,False,False,2000,1.4293275916374728,0.0,8.931459095645161
466,2023-04-01 12:00:00,0.0,0.03206154702381822,0.044413520082362164,0.12323305932985373,0.17354552776848997,1.0,False,False,2000,1.388102058528971,0.0,8.877809709499955
467,2023-04-01 18:00:00,0.0,0.029153557331873324,0.04231507214498785,0.11961796198343372,0.17849863333574528,1.0,False,False,2000,1.4072935436835998,0.0,8.499858648561192
468,2023-04-02 00:00:00,0.0,0.030005407974842215,0.04304802857521863,0.12067273809985148,0.1690249174208393,1.0,False,False,2000,1.469220124566444,0.0,8.213387230552748
469,2023-04-02 06:00:00,0.0,0.03085407419900674,0.04449932864537377,0.12414015574018764,0.17981338639437516,1.0,False,False,2000,1.454584730618864,0.0,8.534405258562785
470,2023-04-02 12:00:00,0.0,0.02866133271767441,0.041660880948124604,0.11366198355012427,0.1715959538933514,1.0,False,False,2000,1.4764245705618255,0.0,7.698461934081221
471,2023-04-02 18:00:00,0.0,0.031369193006934436,0.043747117157978146,0.12905216331566058,0.17235011625452382,1.0,False,False,2000,1.453634213949177,0.0,8.877898034957273
472,2023-04-03 00:00:00,0.0,0.029042084682221924,0.04173999160313774,0.1214895735094707,0.16447700818031544,1.0,False,False,2000,1.4396138237759777,0.0,8.439039102223573
473,2023-04-03 06:00:00,0.0,0.03033412801717271,0.04341285135827903,0.12341125846272838,0.1720367468149304,1.0,False,False,2000,1.4426459460447754,0.0,8.554507694772814
474,2023-04-03 12:00:00,0.0,0.025936031842771223,0.039492321041662726,0.11074722049116842,0.16322427336508302,1.0,False,False,2000,1.4413245987141599,0.0,7.6837112604592095
475,2023-04-03 18:00:00,0.0,0.028087278550072703,0.040851437489321754,0.11198637798606716,0.16194593433895946,1.0,False,False,2000,1.4409296752403706,0.0,7.771814260636003
476,2023-04-04 00:00:00,0.0,0.025753931102138822,0.03884349952756058,0.10926278391453077,0.1575269882897703,1.0,False,False,2000,1.4642110891931943,0.0,7.462228958717726
477,2023-04-04 06:00:00,0.0,0.02657475588157921,0.03941643405474631,0.10786846367316895,0.16026066746316853,1.0,False,False,2000,1.424732899444845,0.0,7.571135875026154
478,2023-04-04 12:00:00,0.0,0.02588635434798047,0.039212544436232157,0.10960524155252561,0.16100699766164833,1.0,False,False,2000,1.4318389689808566,0.0,7.654858117916681
479,2023-04-04 18:00:00,0.0,0.028289387156522117,0.04057330982688087,0.11390256555556116,0.16024673048909638,1.0,False,False,2000,1.4081640767852919,0.0,8.088728254990723
480,2023-04-05 00:00:00,0.0,0.025878265049928573,0.038500637245191136,0.10793099665507068,0.15140484902981408,1.0,False,False,2000,1.425060438373437,0.0,7.573783802339151
481,2023-04-05 06:00:00,0.0,0.02692654611356977,0.041491050247916876,0.11748147894802928,0.16970515846882922,1.0,False,False,2000,1.4212109732084266,0.0,8.266294108524317
482,2023-04-05 12:00:00,0.0,0.02495685175099791,0.038231260533803116,0.10499985513680889,0.15801788141997614,1.0,False,False,2000,1.385985452847604,0.0,7.575826638084789
483,2023-04-05 18:00:00,0.0,0.0260765402118217,0.0402292519226006,0.1099758367360147,0.1700279422082063,1.0,False,False,2000,1.407336248622367,0.0,7.814467711157826
484,2023-04-06 00:00:00,0.0,0.02411982063422031,0.03854678897182067,0.10976447430574167,0.1569481675812712,1.0,False,False,2000,1.3966411214713756,0.0,7.859175318431386
485,2023-04-06 06:00:00,0.0,0.025900379224444,0.038727103103588435,0.11040266884743005,0.1523027359346848,1.0,False,False,2000,1.4152892668534864,0.0,7.8007140612943795
486,2023-04-06 12:00:00,0.0,0.02314314803755302,0.03887566481705746,0.10299048691446186,0.1683840140043517,1.0,False,False,2000,1.424241535109522,0.0,7.2312514679290025
487,2023-04-06 18:00:00,0.0,0.025766502382284787,0.03934461347532687,0.11090540940319,0.16292111848599075,1.0,False,False,2000,1.4113565186079453,0.0,7.858071857887379
488,2023-04-07 00:00:00,0.0,0.023018305782859214,0.0382424440277331,0.10962902478257396,0.15588440350991614,1.0,False,False,2000,1.429549726879032,0.0,7.668780086574121
489,2023-04-07 06:00:00,0.0,0.02557798543966666,0.040210909524612586,0.11483854406803433,0.15861479382982602,1.0,False,False,2000,1.4289063888655407,0.0,8.036813675331715
490,2023-04-07 12:00:00,0.032717815030823515,0.023148638768293074,0.03717182152474623,0.1054354728593123,0.14508721460396196,0.2755,False,False,2000,1.455091480134253,2.2485057109814726,7.245968676112678
491,2023-04-07 18:00:00,0.029282831951477996,0.025359535467389463,0.03867775705032752,0.10996117410700249,0.15197276906220805,0.3125,False,False,2000,1.4537060599426705,2.0143571495211914,7.564195894687196
492,2023-04-08 00:00:00,0.03998688689678233,0.023589368762453787,0.037700529317481975,0.10295294154449561,0.15507499343483158,0.2345,False,False,2000,1.4729429766938222,2.714761367513165,6.989608095731207
493,2023-04-08 06:00:00,0.0630951754883331,0.025313039147019708,0.038183968922263015,0.10621138286414794,0.15951197205909637,0.1525,False,False,2000,1.4298208241760073,4.412802948557857,7.428300180573785
494,2023-04-08 12:00:00,0.07276761508977408,0.023121283873969223,0.03779689033043414,0.10353901511233646,0.15842794489377554,0.119,False,False,2000,1.43659144387661,5.0652964278704244,7.207269370402118
495,2023-04-08 18:00:00,0.0906094268637855,0.02603653412074266,0.039764413944582556,0.11253144943206456,0.16475820741988148,0.0875,False,False,2000,1.4836063751469935,6.107376483523674,7.584993655808139
496,2023-04-09 00:00:00,0.09584796182157729,0.02293177686031418,0.036481783642143675,0.1021446255827975,0.14862898394460894,0.058,False,False,2000,1.4793474412717005,6.479070375731539,6.904708301316307
497,2023-04-09 06:00:00,0.09948227084442536,0.02356914489940918,0.03746671689158533,0.10536258224867572,0.15088281291357916,0.0565,False,False,2000,1.5206629050415272,6.542033116912826,6.928727063661648
498,2023-04-09 12:00:00,0.11240348951240449,0.02251042469464606,0.036601234659280626,0.09863026810972989,0.16244527069572784,0.033,True,False,2000,1.5396896092895764,7.300399303484826,6.405853979571803
499,2023-04-09 18:00:00,0.12308101138629993,0.02392566113598229,0.03844749581092367,0.1070407960499308,0.16846690928753463,0.035,True,False,2000,1.5488183312030648,7.946768766011128,6.911126624307544
500,2023-04-10 00:00:00,0.10799572916360269,0.022251402587421486,0.03606307089020719,0.09974461690126961,0.1502276164523369,0.0385,True,False,2000,1.5874986995590905,6.802886149991635,6.283130621081614
501,2023-04-10 06:00:00,0.09262345746500329,0.023517193854348438,0.0356527885301486,0.09917393327768771,0.14511170884389768,0.065,False,False,2000,1.6027486555608217,5.779038225590848,6.187740849670876
502,2023-04-10 12:00:00,0.10270268742354209,0.023820506164074898,0.03797991757209592,0.10888167253954258,0.15476083596461168,0.0595,False,False,2000,1.5975628492416438,6.428710299084297,6.815486013037186
503,2023-04-10 18:00:00,0.09657664285476006,0.024514560447284416,0.03890299054980557,0.10725736640093021,0.16028686263348577,0.0645,False,False,2000,1.5847336096680675,6.0941878348240905,6.76816379400169
504,2023-04-11 00:00:00,0.09897514965468879,0.023141409413360636,0.03692182140884328,0.10345212163954273,0.14961026737127145,0.06,False,False,2000,1.5724544859301242,6.294309345058334,6.579021686490955
505,2023-04-11 06:00:00,0.07311728464558306,0.02186233769821074,0.03570553748777137,0.10360126525151893,0.1431781306992199,0.1075,False,False,2000,1.5917723210053871,4.593451191524746,6.508547980409839
506,2023-04-11 12:00:00,0.07559020413651639,0.022756919226740686,0.036978518021295335,0.10237704874328893,0.15170421449315746,0.103,False,False,2000,1.5942397244927387,4.741457823136854,6.421684717200462
507,2023-04-11 18:00:00,0.10771726534666672,0.022636938323167273,0.035730249808980416,0.10349829633550972,0.13966938650931954,0.0435,True,False,2000,1.6258730678599556,6.625195255152903,6.365705809478636
508,2023-04-12 00:00:00,0.09174061125438436,0.022592119317514724,0.036357292693220515,0.09774640569090119,0.1510147592599957,0.062,False,False,2000,1.6126404203681968,5.688844834574977,6.06126477150956
509,2023-04-12 06:00:00,0.05320072338232968,0.022886075080096567,0.036569249239571784,0.10251848027106884,0.15214578699923806,0.1755,False,False,2000,1.5987347742901625,3.3276766251582144,6.412475785208775
510,2023-04-12 12:00:00,0.06785971875534913,0.020258861702912124,0.03491729983530805,0.09576662804840881,0.14285269622725938,0.115,False,False,2000,1.6044714086318734,4.229412776710858,5.968733847994751
511,2023-04-12 18:00:00,0.055322767631375475,0.019431735151332005,0.03398810627161183,0.09404431692910341,0.14125388310104647,0.1415,False,False,2000,1.5900083295744363,3.4794011202559263,5.9147059282560015
512,2023-04-13 00:00:00,0.06385397314282908,0.020865739546586014,0.034715392924385684,0.10166526426820399,0.13769974925539666,0.124,False,False,2000,1.567645720179322,4.073240038924411,6.485219393612389
513,2023-04-13 06:00:00,0.0524077337389818,0.020492174002863125,0.03527298602044823,0.09689692228563283,0.14493114304143634,0.159,False,False,2000,1.5509773028061256,3.3790135835103734,6.247475195821424
514,2023-04-13 12:00:00,0.03988902427205685,0.017835051549398805,0.032062986007625305,0.08953864414682768,0.1326988274465751,0.182,False,False,2000,1.5419850784928713,2.586861885268319,5.806712749408853
515,2023-04-13 18:00:00,0.04335353953102851,0.019685802903870772,0.03376955653789881,0.088683057217423,0.14631146526648017,0.195,False,False,2000,1.581141823494929,2.741913399975758,5.608798394909287
516,2023-04-14 00:00:00,0.049079706071731934,0.019561625410565428,0.03295905039625424,0.09564922033016697,0.13196278778264747,0.159,False,False,2000,1.544769698687555,3.1771535985869175,6.191811013087005
517,2023-04-14 06:00:00,0.04401610592341298,0.019188570264579517,0.03339153361509582,0.09362655467923717,0.13813247401002632,0.1765,False,False,2000,1.5455757598337219,2.847877604404742,6.057713708534729
518,2023-04-14 12:00:00,0.03896302755996558,0.017990331785479513,0.032339149626997986,0.08897080748845675,0.1358758056044293,0.189,False,False,2000,1.530222595278301,2.54623266446274,5.814239559851464
519,2023-04-14 18:00:00,0.043252853932531816,0.0190814428970637,0.03427665886477875,0.09796683663100407,0.14427272786516696,0.1725,False,False,2000,1.5426197240362407,2.803857182595941,6.350679633129243
520,2023-04-15 00:00:00,0.03834781527968122,0.018759809626922603,0.03300717580757843,0.08924006114107803,0.1416552551128331,0.205,False,False,2000,1.5918284596860033,2.409041944585256,5.60613554796483
521,2023-04-15 06:00:00,0.04097163772205694,0.01870142749792686,0.033829600787005296,0.09543561212063836,0.1410908788775309,0.182,False,False,2000,1.5640830632705713,2.6195308090852487,6.101697177199656
522,2023-04-15 12:00:00,0.051958344112807225,0.016962189854814708,0.030391244125817483,0.08451830059362926,0.12758176327642115,0.124,False,False,2000,1.5556431022293233,3.3399912896697206,5.4330135538485544
523,2023-04-15 18:00:00,0.04711204138616844,0.015756876856453387,0.030649289525200324,0.08419643791188852,0.1308280952702929,0.135,False,False,2000,1.5419082781599283,3.0554373469212237,5.460534786956737
524,2023-04-16 00:00:00,0.03731953015781118,0.016363778231393095,0.031152840143633245,0.08775281044928905,0.13532622089868188,0.176,False,False,2000,1.4314732972064523,2.607071346048924,6.130244316854554
525,2023-04-16 06:00:00,0.025417980433159525,0.015021944115241723,0.028751706705606114,0.07770082805536263,0.12546881935392987,0.2145,False,False,2000,1.4370566690861961,1.7687528251284939,5.406942518472252
526,2023-04-16 12:00:00,0.0338661046980739,0.01484215555564674,0.028906164384969363,0.07793535867095293,0.1321749694311001,0.1725,False,False,2000,1.4420328116586685,2.3484975115871403,5.404548221153816
527,2023-04-16 18:00:00,0.028328757669715907,0.01417775855853198,0.02825959308923139,0.07799402002720114,0.12729347852227718,0.1945,False,False,2000,1.4322815551081904,1.9778763168932967,5.445439114190764
528,2023-04-17 00:00:00,0.03753702247163008,0.014804248267720983,0.028401756924370854,0.08111860340456786,0.11981385117666873,0.158,False,False,2000,1.4559298669409482,2.5782163910476714,5.571601026016866
529,2023-04-17 06:00:00,0.038387100023667325,0.015363384209005232,0.03030515052953938,0.08235768991732718,0.1339068416048604,0.165,False,False,2000,1.4773622440305738,2.5983539364684693,5.5746442857939185
530,2023-04-17 12:00:00,0.04982898337615313,0.016633180416346035,0.02966181997018977,0.08411887669543261,0.1186938830835714,0.137,False,False,2000,1.4578748743040078,3.4179190720974306,5.769965459867818
531,2023-04-17 18:00:00,0.05677299413671899,0.017093263732259698,0.03065534948852639,0.08453323632163738,0.12703326502519996,0.122,False,False,2000,1.4609579748586128,3.886011446853104,5.78615112661391
532,2023-04-18 00:00:00,0.017354035713446084,0.016400537648478822,0.030534309485284877,0.08384813260552298,0.12747271767133186,0.269,False,False,2000,1.484505960341859,1.1690108478547108,5.648217982648856
533,2023-04-18 06:00:00,0.010195328874590728,0.018568428054009434,0.03397337536089621,0.09284360353081046,0.14519299477509842,0.329,False,False,2000,1.4943147879383123,0.6822745084827205,6.213122180160289
534,2023-04-18 12:00:00,0.015608217118765337,0.01661636572860891,0.03101153879616688,0.08378101030147127,0.14025027521025513,0.28,False,False,2000,1.5024253021121987,1.038868095260535,5.576384408841288
535,2023-04-18 18:00:00,0.01759835951017182,0.01778356344438489,0.032705830897728196,0.09058621863234591,0.14479361954970085,0.283,False,False,2000,1.502329736694634,1.171404591171245,6.029716141520975
536,2023-04-19 00:00:00,0.030315923989275625,0.01646805511162871,0.030921674304407006,0.08409548103273379,0.13124398852807587,0.211,False,False,2000,1.425886246144982,2.126110976330516,5.897769282794743
537,2023-04-19 06:00:00,0.03820254446045029,0.017019245424779866,0.03252351657536919,0.08549249590266782,0.14804778019684453,0.183,False,False,2000,1.422075737349459,2.6863930982785935,6.011810317642667
538,2023-04-19 12:00:00,0.05100875204488749,0.01694076819938978,0.030662979184847318,0.0854978941199866,0.12122728321677319,0.1355,False,False,2000,1.4035371475743745,3.634300106202532,6.091601798195797
539,2023-04-19 18:00:00,0.05161499186238242,0.015960814461154715,0.029983796601194067,0.08077835385510461,0.13184465107872692,0.1215,False,False,2000,1.3492775330102742,3.8253799236712993,5.986785659647496
540,2023-04-20 00:00:00,0.0373574544560156,0.01661700267072629,0.03183927748788324,0.08848751629300378,0.13376807008635447,0.18,False,False,2000,1.3646127592275075,2.7375864840339945,6.484441516074906
541,2023-04-20 06:00:00,0.03838465957975928,0.01513333632135096,0.02906987025556713,0.07951812554847154,0.1235889209109636,0.159,False,False,2000,1.3537526884865243,2.8354262862201782,5.873903425992206
542,2023-04-20 12:00:00,0.026470117430608127,0.014896238026800738,0.028784262746199996,0.07904578012389525,0.12477458748318145,0.2065,False,False,2000,1.3546876550614022,1.9539646155119315,5.834981947946698
543,2023-04-20 18:00:00,0.016245117715559768,0.016598790471342696,0.03137811264215784,0.08472111521457856,0.13342297173528733,0.2755,False,False,2000,1.3375010261249836,1.2145873085888559,6.334284128366847
544,2023-04-21 00:00:00,0.022251734665152394,0.018565408200413885,0.03257407275575216,0.09350920747775765,0.13616241124909875,0.2725,False,False,2000,1.2849388420705492,1.7317349228307215,7.277327481756019
545,2023-04-21 06:00:00,0.005404562449865143,0.01687451007870353,0.031407892101187225,0.08628057307156939,0.13505598693070867,0.342,False,False,2000,1.1146622980765113,0.4848609717213357,7.740512370469268
546,2023-04-21 12:00:00,0.014134604764314154,0.018497178588628486,0.03346973878270059,0.09495513735388761,0.1404487425976803,0.306,False,False,2000,1.0722723220388606,1.3181917012870445,8.85550577052443
547,2023-04-21 18:00:00,0.019836861381191666,0.016909551242755203,0.03174002526494691,0.08771316005347088,0.13840640318295772,0.2615,False,False,2000,1.0194578081150099,1.9458246553499128,8.603902913417635
548,2023-04-22 00:00:00,0.034079863194978285,0.01837166593071714,0.03384436242737706,0.09382700314995132,0.13945811522415275,0.2145,False,False,2000,0.9865408928105306,3.454480543415596,9.510705925493875
549,2023-04-22 06:00:00,0.014036914132798032,0.01883504661300924,0.033707479273817995,0.09356408681869811,0.14490910311341884,0.3135,False,False,2000,0.9615434802992743,1.4598314502043248,9.730614240094154
550,2023-04-22 12:00:00,0.029423287873927294,0.018840625134155284,0.032679906234902176,0.08914783711019403,0.1279553613884917,0.244,False,False,2000,1.0457950390675494,2.8134851261258276,8.524408108655775
551,2023-04-22 18:00:00,0.032047945135031446,0.01866430194728157,0.03328048236869177,0.09487895633381153,0.1366594799393191,0.2275,False,False,2000,1.0529558590389778,3.0436171526013713,9.01072495293455
552,2023-04-23 00:00:00,0.04851589141434819,0.019595678862226684,0.03463130158436736,0.09477020503498998,0.1478398512398608,0.1765,False,False,2000,1.1257354011488652,4.309706469640688,8.41851512693592
553,2023-04-23 06:00:00,0.05443721121753721,0.01897892037909114,0.03351050777523142,0.0947167761165991,0.13651875964270213,0.1415,False,False,2000,1.1263295473110868,4.83315130527264,8.409330674376667
554,2023-04-23 12:00:00,0.04932514656810182,0.01930160290400233,0.034403471594140825,0.09800136094467739,0.1444644306403145,0.1555,False,False,2000,1.1854209446010069,4.160981530885963,8.267220297652411
555,2023-04-23 18:00:00,0.005032344993979464,0.0192640381149166,0.03291700062336706,0.09425234586111488,0.12882488907797424,0.38,False,False,2000,1.2119615183777592,0.41522316655031954,7.776843111922728
556,2023-04-24 00:00:00,0.004491469197637657,0.019598344388931495,0.03437301207238214,0.09735177506892499,0.14618447255141262,0.3785,False,False,2000,1.2307104595712082,0.36494929922042996,7.910209449494995
557,2023-04-24 06:00:00,0.004988982745154781,0.018973762932384588,0.03403220902961747,0.0954543725367894,0.14104133673268734,0.3575,False,False,2000,1.2965106478268638,0.3848007537398189,7.3624055997368405
558,2023-04-24 12:00:00,0.0,0.019009549596698115,0.03345657323111785,0.09659964076006192,0.1371301144460298,1.0,False,False,2000,1.3114995208501785,0.0,7.365587194224919
559,2023-04-24 18:00:00,0.0,0.0196917173206443,0.03396558073099778,0.09510695534878018,0.14363202958594512,1.0,False,False,2000,1.2876062839387308,0.0,7.386338241364604
560,2023-04-25 00:00:00,0.0,0.018499560588014958,0.03419558065315589,0.09401446266600896,0.15049715050872606,1.0,False,False,2000,1.299616485440601,0.0,7.234015859235258
561,2023-04-25 06:00:00,0.006400811498373674,0.017541585646285718,0.031639194938838405,0.0873309054904065,0.14007683256146977,0.3575,False,False,2000,1.3040681472800977,0.49083412640082363,6.696805352738126
562,2023-04-25 12:00:00,0.0,0.018662528041838114,0.03258243648757855,0.09104067643796991,0.13507940376165878,1.0,False,False,2000,1.2809773505675532,0.0,7.107126164067864
563,2023-04-25 18:00:00,0.0,0.018238398607853278,0.0321049785845907,0.08856232623968709,0.13799015934273257,1.0,False,False,2000,1.281259945764949,0.0,6.912127904444311
564,2023-04-26 00:00:00,0.0,0.018555552768091146,0.03359347893690324,0.09313024578821592,0.14269072396967164,1.0,False,False,2000,1.2866241157397926,0.0,7.238341381054187
565,2023-04-26 06:00:00,0.011580256914560246,0.01929260859833238,0.03421970938687974,0.09806080968141354,0.1427041794744805,0.3305,False,False,2000,1.2920096928832165,0.8962979905141449,7.589789010218915
566,2023-04-26 12:00:00,0.004097266524665072,0.017080850044142185,0.03189312603209179,0.09142567142156803,0.1351783918492491,0.345,False,False,2000,1.2677080925345414,0.3232026796068933,7.211886707986519
567,2023-04-26 18:00:00,0.01903145560414198,0.01994862441764067,0.033672167933015154,0.0947592825397683,0.137861298482196,0.31,False,False,2000,1.2724304718649226,1.4956774476053494,7.447108870387667
568,2023-04-27 00:00:00,0.014527579294459934,0.017936059062104364,0.0319530114424826,0.0880846012334484,0.13480139993501794,0.3085,False,False,2000,1.315084849921401,1.1046876021215064,6.698016575790754
569,2023-04-27 06:00:00,0.004291798538062323,0.019384009662614984,0.0339874562273499,0.09610487910139369,0.14493851244903322,0.376,False,False,2000,1.3105246709925584,0.3274870464523055,7.3333132316087015
570,2023-04-27 12:00:00,0.024228928660939897,0.018694708326047006,0.033566152915711384,0.09365312160242577,0.14864965274457037,0.2625,False,False,2000,1.2768494749826353,1.8975555956797021,7.334703380263317
571,2023-04-27 18:00:00,0.007295421523855585,0.018145706366778522,0.03186582999799845,0.08946921797750684,0.13201171684005988,0.337,False,False,2000,1.2703225665991078,0.5742967743528952,7.0430314575165545
572,2023-04-28 00:00:00,0.0,0.016923864864258297,0.03154547587260203,0.08529286925436869,0.13839280541093144,1.0,False,False,2000,1.3017766259427899,0.0,6.552035699104426
573,2023-04-28 06:00:00,0.0,0.018270926896756898,0.03203228268481018,0.08981812309060704,0.134111564224848,1.0,False,False,2000,1.3394576230803465,0.0,6.705559141471946
574,2023-04-28 12:00:00,0.0,0.017709688604872122,0.03159271706814973,0.08717905624680831,0.1339635287456641,1.0,False,False,2000,1.3923500055649045,0.0,6.261288892762133
575,2023-04-28 18:00:00,0.0,0.018482420315052414,0.03246500221179068,0.0876602464489615,0.1354714005651814,1.0,False,False,2000,1.446486104227318,0.0,6.06022043300497
576,2023-04-29 00:00:00,0.0,0.015608499844565499,0.03028700835338389,0.0841047145125833,0.12948204193469706,1.0,False,False,2000,1.51431711109158,0.0,5.553969766078736
577,2023-04-29 06:00:00,0.0,0.014817091281890364,0.029247038837790486,0.08228355370539431,0.13078248191068728,1.0,False,False,2000,1.5596193838510888,0.0,5.275874008581229
578,2023-04-29 12:00:00,0.0,0.015094314568173065,0.02867541842032441,0.0803257315148545,0.12305101840495082,1.0,False,False,2000,1.6051273112128845,0.0,5.004321523515656
579,2023-04-29 18:00:00,0.0,0.015036948453125514,0.029007851087173027,0.08166182734950933,0.11612477415891673,1.0,False,False,2000,1.6184350652690092,0.0,5.045727758990186
580,2023-04-30 00:00:00,0.0,0.013907662939501048,0.027969771287499064,0.07639915259445149,0.12106168266881119,1.0,False,False,2000,1.6145946937007158,0.0,4.7317851899625385
581,2023-04-30 06:00:00,0.0,0.014806445544243945,0.02837095913591649,0.07445542880160949,0.12364191282613862,1.0,False,False,2000,1.5682242792932455,0.0,4.747753863061249
582,2023-04-30 12:00:00,0.0,0.01524617625802017,0.02955047670005797,0.07880043896923061,0.13178583297102503,1.0,False,False,2000,1.5667810804019822,0.0,5.029447952550789
583,2023-04-30 18:00:00,0.0,0.014415370391529509,0.028031837498265294,0.07807225605159387,0.11601854847509808,1.0,False,False,2000,1.576564297788244,0.0,4.952050237413162
584,2023-05-01 00:00:00,0.0,0.015167713493939892,0.028691874664264726,0.07857099431543313,0.11929737335616918,1.0,False,False,2000,1.5799850936436495,0.0,4.9728946577741615
585,2023-05-01 06:00:00,0.0,0.01575891272606354,0.02950457325797296,0.08143345338016197,0.13023272641246647,1.0,False,False,2000,1.5625587429681311,0.0,5.211545085689162
586,2023-05-01 12:00:00,0.008643921109916021,0.01518689487880589,0.028356130507243404,0.08081314973247784,0.12438977743675138,0.3125,False,False,2000,1.549213328294607,0.5579555089053717,5.216399075357681
587,2023-05-01 18:00:00,0.018955408440423607,0.015067918634864005,0.02889794562728373,0.08065894755981486,0.12380732197607806,0.25,False,False,2000,1.5710473595363368,1.2065459596340824,5.134087592599355
588,2023-05-02 00:00:00,0.007392928221455406,0.01395105280472525,0.027655494185622475,0.07688213037306997,0.12192618262793924,0.2965,False,False,2000,1.5753764772158894,0.46928009452830494,4.8802385642409245
589,2023-05-02 06:00:00,0.0,0.014354056901381803,0.028352965406311506,0.07840379702326984,0.12152371858103961,1.0,False,False,2000,1.5946382383069992,0.0,4.916713718498927
590,2023-05-02 12:00:00,0.0,0.016838037274903732,0.03141857977137924,0.08482151783992305,0.1462922495611651,1.0,False,False,2000,1.6016436623462829,0.0,5.29590444079591
591,2023-05-02 18:00:00,0.0,0.01487440159665782,0.027569575142825806,0.07585771856776184,0.11564924763207167,1.0,False,False,2000,1.6489729240987914,0.0,4.6003010394618915
592,2023-05-03 00:00:00,0.0,0.014448963471058743,0.02773565361329355,0.0777888571588781,0.1160788778735936,1.0,False,False,2000,1.6459110399729988,0.0,4.726188431189708
593,2023-05-03 06:00:00,0.0022684442716151536,0.016029184758787247,0.030070478596470794,0.08191349629625667,0.13944361080046933,0.354,False,False,2000,1.6485395136362542,0.13760326961235822,4.968852467210602
594,2023-05-03 12:00:00,0.0,0.016868420318328078,0.03021631661023652,0.08461647414915208,0.12588366169225998,1.0,False,False,2000,1.6455011520630916,0.0,5.1422920028382775
595,2023-05-03 18:00:00,0.0,0.016480431575574456,0.03042660113251486,0.08575944320506744,0.12648458593841486,1.0,False,False,2000,1.7990014475648983,0.0,4.767058043291191
596,2023-05-04 00:00:00,0.0,0.014788915987713582,0.02878957151930651,0.08219998023288803,0.12092606225587635,1.0,False,False,2000,1.7934410801916618,0.0,4.5833666430850055
597,2023-05-04 06:00:00,0.013765842801363413,0.017896845457981914,0.031828589436463973,0.08630654622611268,0.1305836032583413,0.3095,False,False,2000,1.8209150874669593,0.7559848834309357,4.739734808072357
598,2023-05-04 12:00:00,0.020688385357892625,0.017770446711410145,0.031057889590798013,0.0871999744988282,0.12974125439749465,0.28,False,False,2000,1.831115859933393,1.1298239401763015,4.762122179532654
599,2023-05-04 18:00:00,0.04067397368332097,0.018565143691316857,0.03192176627184651,0.08894434526286173,0.13341983470127045,0.185,False,False,2000,1.8627831228862692,2.1835055935174634,4.774809486412346
600,2023-05-05 00:00:00,0.031170373648442756,0.018697768346294667,0.03279268205054043,0.09094566744965928,0.14158714165501435,0.2215,False,False,2000,1.859220817800472,1.6765288635977345,4.891601179318302
601,2023-05-05 06:00:00,0.026112036978095405,0.020242256598812864,0.032363199630062185,0.08940955726619511,0.1375470411282835,0.2855,False,False,2000,1.8769533217710141,1.391192667138743,4.76354719262981
602,2023-05-05 12:00:00,0.01573381477888114,0.019253806770365534,0.03180486375837796,0.08935845995612936,0.12968138809028035,0.331,False,False,2000,1.8630401787377173,0.8445236425089563,4.796378573900281
603,2023-05-05 18:00:00,0.011813240998204558,0.02158808699944546,0.03425308253084553,0.09716578072568591,0.14221230755904277,0.3825,False,False,2000,1.8326421938726547,0.644601605141556,5.301950432580605
604,2023-05-06 00:00:00,0.025973642879089903,0.02095991971312442,0.0332943933359383,0.09363165098913868,0.13701726284707963,0.296,False,False,2000,1.7899502604272166,1.4510818235189753,5.230963846268619
605,2023-05-06 06:00:00,0.018030684616928073,0.019647266153578792,0.03209999266812807,0.0879869937546236,0.12950463270231916,0.3205,False,False,2000,1.8030820161767978,0.9999924826026388,4.8798109550883675
606,2023-05-06 12:00:00,0.022753474034805304,0.019671788080367826,0.03260854373294963,0.09365578603015963,0.13672474216445604,0.288,False,False,2000,1.7826553042623292,1.2763810244415588,5.253723802141033
607,2023-05-06 18:00:00,0.028139820710299614,0.020028476108760466,0.03369617542065446,0.09121069402001877,0.14237550345083408,0.26,False,False,2000,1.787241326179005,1.5744835517238487,5.10343470039498
608,2023-05-07 00:00:00,0.028460932169365953,0.020444133182489138,0.03330624772808723,0.09150364895508324,0.13844473990059172,0.277,False,False,2000,1.713331514390067,1.6611456644745035,5.34068556998777
609,2023-05-07 06:00:00,0.0371764353600862,0.018779200452079443,0.0320651835504924,0.08978493696316996,0.13347295328260267,0.2105,False,False,2000,1.7089693915962019,2.1753716329209896,5.253747516174619
610,2023-05-07 12:00:00,0.024045603141266903,0.01979730309535903,0.03287838008866762,0.09249259205283814,0.13751726648191473,0.281,False,False,2000,1.6881715215867965,1.4243578234672059,5.478862240603356
611,2023-05-07 18:00:00,0.03291545339289805,0.0199608772517157,0.03277482504038026,0.09200887071980153,0.13624263328307704,0.233,False,False,2000,1.7268185613189975,1.9061327072924332,5.328230352673665
612,2023-05-08 00:00:00,0.045820770579210704,0.020424183151333382,0.033418905057554314,0.0951438647923962,0.14258281874127765,0.182,False,False,2000,1.7140246565852735,2.673285381465637,5.55090409153999
613,2023-05-08 06:00:00,0.025403925173172404,0.02144893612404517,0.0344805740504302,0.09445693908965482,0.14690376231223506,0.2975,False,False,2000,1.6852211738227467,1.5074534765989367,5.605017344719756
614,2023-05-08 12:00:00,0.02132333671595284,0.021428131846311333,0.033265051114522666,0.09080175804297207,0.1410280918678547,0.3355,False,False,2000,1.687188149944115,1.2638386961560355,5.3818394851801035
615,2023-05-08 18:00:00,0.024783796896090244,0.023591371603081897,0.03493765017188663,0.09829375396865644,0.14350774546417752,0.3385,False,False,2000,1.6739359246765146,1.4805702255825397,5.87201412668478
616,2023-05-09 00:00:00,0.03338699971559181,0.028068736154517684,0.04010068273953286,0.11322501369416196,0.16423893562853775,0.3285,False,False,2000,1.6401028424228299,2.0356650114861767,6.903531337516686
617,2023-05-09 06:00:00,0.04284973229759756,0.027905034646177468,0.03970212256532286,0.10990969342184809,0.16494430517685907,0.27,False,False,2000,1.5994297320351238,2.6790631335254287,6.871805070298295
618,2023-05-09 12:00:00,0.051270467539064335,0.026732119053443526,0.03877781148639595,0.11134382265904179,0.15583060626533957,0.219,False,False,2000,1.5452438549466991,3.3179531745060933,7.2055826206720255
619,2023-05-09 18:00:00,0.07655760229256849,0.03159485127749737,0.04318763032186611,0.12278314764464243,0.17089535805095726,0.153,False,False,2000,1.516311456269404,5.048936481751837,8.09748862194361
620,2023-05-10 00:00:00,0.07877486126341161,0.029881571205745784,0.04159358403331817,0.1168620618835302,0.16353345548582118,0.142,False,False,2000,1.451891129907293,5.425672740933515,8.04895487521796
621,2023-05-10 06:00:00,0.04682552648822975,0.032824359484882694,0.043011776456063425,0.12494793839255446,0.16565645495237966,0.2975,False,False,2000,1.4480557497525,3.233682577223502,8.628669056002188
622,2023-05-10 12:00:00,0.05682550412993151,0.03057325157164822,0.04249475399967276,0.11821037245496904,0.1697227272283156,0.227,False,False,2000,1.4514854588492656,3.914989556628603,8.14409622461433
623,2023-05-10 18:00:00,0.056136818866723566,0.03427112541254964,0.04522360171049707,0.12653239294606705,0.17512926234535478,0.259,False,False,2000,1.4506465791064684,3.8697791505703107,8.722482427388012
624,2023-05-11 00:00:00,0.04878206501318731,0.033600481683919145,0.04511259712386619,0.12734892884164187,0.1759572736028322,0.2875,False,False,2000,1.4342154803028262,3.401306545853714,8.879344184372693
625,2023-05-11 06:00:00,0.02780524418249949,0.03448251831779733,0.04488058186891737,0.12338279503137689,0.17773689163979295,0.4095,False,False,2000,1.4244223142239936,1.9520365487708202,8.661953256369353
626,2023-05-11 12:00:00,0.017052723175749896,0.03516357287983204,0.045499770635942426,0.1255053977489633,0.17760157749448796,0.482,False,False,2000,1.4021541768330898,1.2161803215011087,8.950898540446545
627,2023-05-11 18:00:00,0.031219742700838393,0.037611057974394596,0.04803967109826725,0.13717544545269889,0.18776165592731553,0.417,False,False,2000,1.3427167089637724,2.3251176135978753,10.216261147041404
628,2023-05-12 00:00:00,0.02254419265135458,0.03497859293682995,0.046846926373711746,0.13226175414583155,0.18390462836522736,0.4315,False,False,2000,1.3111863897507972,1.7193736014632754,10.087181744692232
629,2023-05-12 06:00:00,0.021298454667847865,0.037471439022180496,0.04710620726456224,0.13245942875099867,0.18804157698717053,0.4755,False,False,2000,1.3431703084227737,1.5856853396988586,9.861700182052118
630,2023-05-12 12:00:00,0.051717280238693084,0.038050452661399004,0.050123333266604356,0.13810314519267328,0.20486369924795775,0.3055,False,False,2000,1.3259410796286573,3.9004206923868003,10.415481299617808
631,2023-05-12 18:00:00,0.04609174004508647,0.04188951574254787,0.049293193993242,0.14361650373179444,0.1909417322637167,0.3805,False,False,2000,1.3046607809722124,3.53285242549712,11.00795745732264
632,2023-05-13 00:00:00,0.0754343367630503,0.03818615419711132,0.04790514337022311,0.13398505327003224,0.19064731164352627,0.2065,False,False,2000,1.2928361398549992,5.834794869789979,10.363653145174268
633,2023-05-13 06:00:00,0.07652420101231215,0.038766204218176385,0.04970359574096365,0.14453093335538983,0.1917178274157484,0.2035,False,False,2000,1.2829741399180181,5.964594190277447,11.265303707884973
634,2023-05-13 12:00:00,0.08602842473455015,0.03920988193660145,0.050454291173518406,0.1420608513162871,0.2072853844008017,0.176,False,False,2000,1.2530339677669173,6.865609947339648,11.33735038080887
635,2023-05-13 18:00:00,0.0984789288189659,0.0433075375083274,0.05202423159654114,0.14455938733163165,0.20254187793073358,0.16,False,False,2000,1.2414439797029493,7.932611574026062,11.644455142166107
636,2023-05-14 00:00:00,0.11112670927233557,0.038497851086095096,0.049704709938945615,0.14029753311127352,0.19942263922672462,0.102,False,False,2000,1.2188928558298955,9.117020314035218,11.510243286785903
637,2023-05-14 06:00:00,0.12499933982678178,0.04288973324471418,0.05010873850951396,0.14402368006381736,0.19621232930943286,0.0825,False,False,2000,1.2110091319927794,10.321915543369089,11.892864905718655
638,2023-05-14 12:00:00,0.11209150598869047,0.03765399307776781,0.04986823355594399,0.14105249928026767,0.20495306414301587,0.1025,False,False,2000,1.226965233526917,9.135670915995146,11.496046947867598
639,2023-05-14 18:00:00,0.08729128730467632,0.04289894837675695,0.05313686405056102,0.1515777870227044,0.20332539149029064,0.1955,False,False,2000,1.2407616855974386,7.035298423374892,12.216510936966776
640,2023-05-15 00:00:00,0.07689543325764152,0.03853493332290476,0.04907381201326418,0.13863766804367184,0.19564822890113318,0.208,False,False,2000,1.1855502883236662,6.486054114698875,11.693950852114547
641,2023-05-15 06:00:00,0.10729947541191664,0.041439465680759666,0.0518925168561425,0.1468321855756018,0.20688764378968377,0.1235,False,False,2000,1.1981837129787434,8.955177261186842,12.254563635368552
642,2023-05-15 12:00:00,0.10410707022524929,0.03815796102024606,0.04803953224108821,0.13723436100590516,0.18852770981341221,0.1145,False,False,2000,1.2239123821691136,8.506088486558374,11.21276024372657
643,2023-05-15 18:00:00,0.08524692506917772,0.04386132400469829,0.05178818339639798,0.14515952078951255,0.20625446521025137,0.201,False,False,2000,1.2355911737979013,6.899282454984668,11.748183692776644
644,2023-05-16 00:00:00,0.08616999504466087,0.03878089064360011,0.04974422560228493,0.13999765673047965,0.1988412636267869,0.177,False,False,2000,1.2026227931964053,7.165172282793088,11.641028053225668
645,2023-05-16 06:00:00,0.07314320860199501,0.04356918694977128,0.052028466361226926,0.14872682981992766,0.19802689469256918,0.246,False,False,2000,1.2008352103469577,6.091027975508956,12.385282221775956
646,2023-05-16 12:00:00,0.0660776125477197,0.0401937616785076,0.05080280102012643,0.14711872347789332,0.20010221363859898,0.252,False,False,2000,1.1945067906303586,5.5317904482442986,12.316273514046465
647,2023-05-16 18:00:00,0.08460276308420098,0.042345347594509294,0.051191790564606036,0.14939075864515963,0.20265796009273607,0.194,False,False,2000,1.201376044209121,7.042154993184995,12.434970662620895
648,2023-05-17 00:00:00,0.11190735296745591,0.04224349644764419,0.05298954314950968,0.14789435371117735,0.21104452131782772,0.1135,False,False,2000,1.2244170157988208,9.13964372623869,12.078756812660735
