window_idx,timestamp,te_bits,surr_mean,surr_std,surr_p95,surr_p99,p_value,sig95,sig99,n_valid_surrogates,h_target_bits,pct_h,surr_p95_pct
0,2022-12-06 00:00:00,0.0,0.03701738102530279,0.045671202072554255,0.13033219906408072,0.17713567874913566,1.0,False,False,2000,1.8028594380338667,0.0,7.229193597378634
1,2022-12-06 06:00:00,0.0,0.033172493115971105,0.04412495405922011,0.12708308422163075,0.17260270847921874,1.0,False,False,2000,1.8135288318866265,0.0,7.0075028302376285
2,2022-12-06 12:00:00,0.0,0.032140733731700545,0.042067336955110925,0.11846880265829973,0.16352552262464123,1.0,False,False,2000,1.8245915252229805,0.0,6.492894492854878
3,2022-12-06 18:00:00,0.0,0.03382910566588003,0.04319026628130488,0.12132574875418171,0.17442180656518771,1.0,False,False,2000,1.8198242178408295,0.0,6.666893844183002
4,2022-12-07 00:00:00,0.0,0.03630211500638608,0.04407682930904578,0.1263054642424929,0.1727554789799568,1.0,False,False,2000,1.8044761679936432,0.0,6.999563999946262
5,2022-12-07 06:00:00,0.0,0.03330552443940389,0.044184412830029725,0.12473473940490139,0.1765259583177363,1.0,False,False,2000,1.8060365433751073,0.0,6.906545709855797
6,2022-12-07 12:00:00,0.0,0.03252798197969088,0.04355547776316846,0.12368676477032432,0.17508239901428332,1.0,False,False,2000,1.783119567770433,0.0,6.936537908390466
7,2022-12-07 18:00:00,0.0,0.03490258511486472,0.0447523252472082,0.12348705923600381,0.17444645921897622,1.0,False,False,2000,1.7885595620541561,0.0,6.904274358868946
8,2022-12-08 00:00:00,0.0,0.038233610081866556,0.04613443078203319,0.13135874550545204,0.1817681873381717,1.0,False,False,2000,1.7996672975586594,0.0,7.299057202608887
9,2022-12-08 06:00:00,0.0,0.03880103477271347,0.04613870844090908,0.13097276157948015,0.1775357065296537,1.0,False,False,2000,1.7995878269872525,0.0,7.277931069290785
10,2022-12-08 12:00:00,0.0,0.03719848383972661,0.045864901658452216,0.12917433750645985,0.18368817862755865,1.0,False,False,2000,1.827430744659036,0.0,7.068631075842019
11,2022-12-08 18:00:00,0.0,0.03921153907206295,0.04556934354491289,0.1302984698821384,0.17181236195698843,1.0,False,False,2000,1.8353271469747738,0.0,7.099468348022496
12,2022-12-09 00:00:00,0.0,0.039466825274889955,0.045894862922181465,0.1308800336514319,0.1781230861274809,1.0,False,False,2000,1.7915404132011818,0.0,7.3054469040735315
13,2022-12-09 06:00:00,0.0,0.040795285607737514,0.0465545465667891,0.13248124483146298,0.19037480498983128,1.0,False,False,2000,1.8190543966645847,0.0,7.282973234576183
14,2022-12-09 12:00:00,0.0,0.04039875404935364,0.04619762043187621,0.13516056096287857,0.17923104283082414,1.0,False,False,2000,1.8078303567895027,0.0,7.476396247870738
15,2022-12-09 18:00:00,0.0,0.046509584424986226,0.04973086323710851,0.14510386174195025,0.19703807431921225,1.0,False,False,2000,1.8102428342719927,0.0,8.015712532860556
16,2022-12-10 00:00:00,0.0,0.04465884792607025,0.0487303107551899,0.14080627003061155,0.1790115836554713,1.0,False,False,2000,1.8304812635074525,0.0,7.6923087298259185
17,2022-12-10 06:00:00,0.0,0.044703292948051504,0.0490113392797536,0.1383949169718157,0.18669227316690776,1.0,False,False,2000,1.834403235936084,0.0,7.54441086128992
18,2022-12-10 12:00:00,0.0,0.04292682772879644,0.04713866844479592,0.13567884683717893,0.18121200033486287,1.0,False,False,2000,1.8216934217870757,0.0,7.447951736251998
19,2022-12-10 18:00:00,0.0,0.04408388295386879,0.049325342325327766,0.14296403781317604,0.18906331242267108,1.0,False,False,2000,1.8317471304749138,0.0,7.804791143639461
20,2022-12-11 00:00:00,0.0,0.04238193158965282,0.04733199757291274,0.13661557145731953,0.18651195898760065,1.0,False,False,2000,1.8372020984633024,0.0,7.436066591236173
21,2022-12-11 06:00:00,0.0,0.04424280898285699,0.04834568424163736,0.13669855912445522,0.19304049596631312,1.0,False,False,2000,1.8784685545244817,0.0,7.277127892037527
22,2022-12-11 12:00:00,0.0,0.04484714742320696,0.04866100369131377,0.1382236698310969,0.18394490402970656,1.0,False,False,2000,1.8655884616151406,0.0,7.40911903536481
23,2022-12-11 18:00:00,0.0,0.04329994976822854,0.0486004674722523,0.1390395709826679,0.18925368081010316,1.0,False,False,2000,1.888728500890324,0.0,7.3615435419715585
24,2022-12-12 00:00:00,0.0,0.044307594406542736,0.0499485303500919,0.14734943436873577,0.18683022570388785,1.0,False,False,2000,1.9034414082813274,0.0,7.741211982026905
25,2022-12-12 06:00:00,0.0,0.04404376037812396,0.048563004430742664,0.14341986857045252,0.18547741719116878,1.0,False,False,2000,1.9248749087847061,0.0,7.450866958466536
26,2022-12-12 12:00:00,0.0,0.04235764014790476,0.047929248223614045,0.13689685607161328,0.1868369362965,1.0,False,False,2000,1.9499759699503079,0.0,7.020438106993796
27,2022-12-12 18:00:00,0.0,0.044943977586779656,0.04898333722540553,0.13567742105538477,0.19765578770901918,1.0,False,False,2000,1.9489510766535465,0.0,6.961561153620653
28,2022-12-13 00:00:00,0.0,0.04548201581363097,0.04945376691677152,0.13982575844954567,0.18928833494565622,1.0,False,False,2000,1.971519670764444,0.0,7.092283202801072
29,2022-12-13 06:00:00,0.0,0.04452655734420405,0.0498821599943357,0.14482612967106406,0.1927174260732922,1.0,False,False,2000,2.000936267094401,0.0,7.237918171245352
30,2022-12-13 12:00:00,0.0,0.04187861705645483,0.04818986908138057,0.13574573434582138,0.18966240148456734,1.0,False,False,2000,1.9998312945700645,0.0,6.787859291651138
31,2022-12-13 18:00:00,0.0,0.04817248815462867,0.050038769130301454,0.14465216281732843,0.19283275896487065,1.0,False,False,2000,2.0224410515723803,0.0,7.152354957632323
32,2022-12-14 00:00:00,0.0,0.04370421119493993,0.04796856791199078,0.13972199507815197,0.18074986478060742,1.0,False,False,2000,2.0144521486614515,0.0,6.935979847969753
33,2022-12-14 06:00:00,0.0,0.04456790929943804,0.048819969087474796,0.137248339425817,0.18425686483048373,1.0,False,False,2000,1.994179005465644,0.0,6.882448318312792
34,2022-12-14 12:00:00,0.0,0.040386559395195774,0.04724934780879844,0.1331248888055129,0.18247860758993076,1.0,False,False,2000,2.0005434922261047,0.0,6.654436123124631
35,2022-12-14 18:00:00,0.0,0.04448019712312481,0.0496510882141372,0.14285001232992925,0.183673080680681,1.0,False,False,2000,2.001571312054033,0.0,7.136893473125126
36,2022-12-15 00:00:00,0.0,0.044750570989868226,0.04974103303050383,0.14331357872573552,0.19319549554038215,1.0,False,False,2000,2.0254000538700727,0.0,7.075815883972962
37,2022-12-15 06:00:00,0.0,0.043411947826007526,0.04852469327752166,0.13726442590036012,0.18716344087828932,1.0,False,False,2000,2.0369606139205088,0.0,6.738688267328313
38,2022-12-15 12:00:00,0.0,0.04878497052889017,0.05065247793169468,0.14830931760580476,0.19873439381337948,1.0,False,False,2000,2.011400413226394,0.0,7.373435772935369
39,2022-12-15 18:00:00,0.0,0.04477111233558333,0.04972291945850107,0.14440684138458082,0.19500666063792707,1.0,False,False,2000,2.0072116723474687,0.0,7.194400240593186
40,2022-12-16 00:00:00,0.0,0.04674806588849661,0.05172990248095181,0.14406689593936314,0.21548668667216217,1.0,False,False,2000,2.0161369162720515,0.0,7.145690095578964
41,2022-12-16 06:00:00,0.0,0.04387630010618343,0.048271722926382536,0.14015123076783623,0.18439304826367628,1.0,False,False,2000,2.0074469886399378,0.0,6.981565718095991
42,2022-12-16 12:00:00,0.0,0.0444373868724283,0.048888825045936904,0.14024411045168161,0.1946371737875153,1.0,False,False,2000,1.9922525965747186,0.0,7.039474346415882
43,2022-12-16 18:00:00,0.0,0.04525506863748861,0.049152578658251074,0.14313207351139445,0.183615001785212,1.0,False,False,2000,1.9697613249773074,0.0,7.2664678555937945
44,2022-12-17 00:00:00,0.0,0.04616288091740935,0.04878955197608596,0.13737698884280222,0.1838933508073187,1.0,False,False,2000,1.9746449173846394,0.0,6.957047701758659
45,2022-12-17 06:00:00,0.0,0.04828378846483395,0.04949634279093412,0.1451095113352886,0.18605461689203387,1.0,False,False,2000,1.92406690333591,0.0,7.541812141963492
46,2022-12-17 12:00:00,0.0,0.04996583785282701,0.051128457510856935,0.14650565219774841,0.196956376985976,1.0,False,False,2000,1.9107459891804406,0.0,7.667458313524332
47,2022-12-17 18:00:00,0.0,0.05148343885586607,0.05266737565758484,0.1524448274432015,0.1970715871593793,1.0,False,False,2000,1.9390300185991796,0.0,7.861911676505802
48,2022-12-18 00:00:00,0.0,0.05571923979223071,0.05384305766222174,0.16166696641998915,0.20679183472911447,1.0,False,False,2000,1.9232795592022665,0.0,8.405796528459181
49,2022-12-18 06:00:00,0.0,0.052864569002875596,0.05269942599498867,0.15368143925771496,0.20041390268565543,1.0,False,False,2000,1.9288517258871556,0.0,7.967509228166865
50,2022-12-18 12:00:00,0.0,0.053442287051250065,0.05139103025002115,0.1501815391811611,0.19941434920298579,1.0,False,False,2000,1.9354977508169537,0.0,7.7593238802665105
51,2022-12-18 18:00:00,0.0,0.05690295150042002,0.05369818423985736,0.15690745708756368,0.2058152130482421,1.0,False,False,2000,1.9271112977176388,0.0,8.14210664809012
52,2022-12-19 00:00:00,0.0,0.05571075546365869,0.05314760365520786,0.15754721146568246,0.20469114870762736,1.0,False,False,2000,1.8517884080707805,0.0,8.507840894728215
53,2022-12-19 06:00:00,0.0,0.05653697336070896,0.05481392712323054,0.16108340104237198,0.21169275795412384,1.0,False,False,2000,1.8338953007788117,0.0,8.783674889944027
54,2022-12-19 12:00:00,0.0,0.05565027995476106,0.0532280161752829,0.15844414239288168,0.20315516122303626,1.0,False,False,2000,1.8188014233020584,0.0,8.71145911603831
55,2022-12-19 18:00:00,0.0,0.05593178560906743,0.05270305811279987,0.15601486852552662,0.2009195569345778,1.0,False,False,2000,1.8106534174222453,0.0,8.616495405710427
56,2022-12-20 00:00:00,0.0030987182920312753,0.05560044631192256,0.05245181486679902,0.15372981378758338,0.2010123796552111,0.7565,False,False,2000,1.8470942293466468,0.1677617872872329,8.322792164315333
57,2022-12-20 06:00:00,0.014925559581549985,0.06056960860634217,0.05369104180580805,0.1577428821252277,0.20970174116407544,0.727,False,False,2000,1.8134752138311687,0.8230363154519259,8.698375413247488
58,2022-12-20 12:00:00,0.011717866371549463,0.05722797182955776,0.05247136477073215,0.1574940781939328,0.19232207169165363,0.7225,False,False,2000,1.7829835839831294,0.6572055108534492,8.833176009511874
59,2022-12-20 18:00:00,0.016622023228213184,0.05548438779460452,0.053318405281142324,0.15510468005602962,0.2026337222230434,0.667,False,False,2000,1.772924280455895,0.9375484002023452,8.74852252664426
60,2022-12-21 00:00:00,0.030876764406116718,0.05569536599126728,0.05336705919470832,0.15444335054155042,0.20664732208955053,0.59,False,False,2000,1.8195506706139928,1.6969444657288713,8.48799393365807
61,2022-12-21 06:00:00,0.04224936050126196,0.05407382062605702,0.052053051567333385,0.15247811133031305,0.20103078272090813,0.514,False,False,2000,1.8239315316649947,2.316389610452877,8.359859385243581
62,2022-12-21 12:00:00,0.039097548230047185,0.048648836613242125,0.051458765952132286,0.14607990099946788,0.2028617709807244,0.4775,False,False,2000,1.7620285999375427,2.218894076488489,8.290438702563959
63,2022-12-21 18:00:00,0.036882962158028436,0.05121835140982914,0.05254616994690279,0.15507662219381593,0.20084485239690353,0.521,False,False,2000,1.7383730066659104,2.121694366893537,8.920790969438896
64,2022-12-22 00:00:00,0.025661400694545866,0.05111288450140491,0.051483811762770115,0.14996395729920206,0.19541778123983378,0.593,False,False,2000,1.7809387024281218,1.4408918543664224,8.420500778311013
65,2022-12-22 06:00:00,0.012995280152744993,0.050630912744260057,0.052703682928634366,0.15672258220192783,0.2045466057529867,0.65,False,False,2000,1.7668095458505702,0.7355224100563063,8.870372167164124
66,2022-12-22 12:00:00,0.021645794942723874,0.048595977264929216,0.05053587004699182,0.1472666050918159,0.1890535643288883,0.5835,False,False,2000,1.7783087508654507,1.2172124178205557,8.281273149004388
67,2022-12-22 18:00:00,0.024037837630049814,0.04695412679148832,0.04975533489450578,0.1444376192751272,0.19083526215471427,0.56,False,False,2000,1.8021255926131812,1.3338602885714324,8.014847570400724
68,2022-12-23 00:00:00,0.023914543483690733,0.047650987139176974,0.051132228662269984,0.14681949905689906,0.19870162091296367,0.5625,False,False,2000,1.8048636858276792,1.3250055209972236,8.134658601077133
69,2022-12-23 06:00:00,0.018715119888678387,0.04866477483794457,0.04981380148701377,0.1425521413955242,0.18833688819261485,0.6155,False,False,2000,1.7877020231716165,1.0468813955625178,7.97404374710155
70,2022-12-23 12:00:00,0.02201960622402722,0.04669958059813213,0.04872477891311999,0.13766374066448708,0.18494485562184856,0.577,False,False,2000,1.7854801473160378,1.2332596504714681,7.710180416815354
71,2022-12-23 18:00:00,0.06281524305941832,0.0443550875440641,0.04793165573722079,0.1375184041466725,0.17683583561239996,0.3105,False,False,2000,1.8320850494117296,3.428620471499829,7.506114641939179
72,2022-12-24 00:00:00,0.08602365170604101,0.04348907508062261,0.04927593100535882,0.14101335882117114,0.19624116065971126,0.19,False,False,2000,1.9161429722202379,4.489417175711334,7.359229497252949
73,2022-12-24 06:00:00,0.08383748394896685,0.04191062484094975,0.04583428993721718,0.13395755255910122,0.17039440991290267,0.1965,False,False,2000,1.880852430374395,4.457419550574656,7.122172393526703
74,2022-12-24 12:00:00,0.06809931467497365,0.04071111552375456,0.046284017209276926,0.13198602908731405,0.18081621219532226,0.2545,False,False,2000,1.8581414480355265,3.664915539501578,7.10312065999351
75,2022-12-24 18:00:00,0.07319235325937486,0.037850961551077915,0.045123854725754614,0.12818547604326022,0.17563026282845257,0.212,False,False,2000,1.8574130244214502,3.9405534631788703,6.901290900724012
76,2022-12-25 00:00:00,0.07851867861770369,0.04553090817970872,0.049356201939076166,0.14265899911516453,0.1971688200272048,0.233,False,False,2000,1.8682561034129936,4.20277918398142,7.635944496825154
77,2022-12-25 06:00:00,0.0781117408549494,0.04488997618307113,0.04885273665492403,0.1422579002057302,0.186063511345047,0.23,False,False,2000,1.8830298871571385,4.148194427910904,7.554734057912422
78,2022-12-25 12:00:00,0.07009877570924797,0.04230017121155428,0.04676816591228717,0.13570176151618826,0.17929419563414148,0.2475,False,False,2000,1.893106521623727,3.702843707343203,7.168205273509712
79,2022-12-25 18:00:00,0.08229605042927071,0.04675136680503582,0.04993237105750952,0.14313332137921525,0.18697138069489974,0.241,False,False,2000,1.902256634862485,4.326232797459525,7.524395959831279
80,2022-12-26 00:00:00,0.06714889037328309,0.04898969101247572,0.050245486902468724,0.1491454238243558,0.1922180949063091,0.3165,False,False,2000,1.9287502609717877,3.481471486072571,7.732749378823669
81,2022-12-26 06:00:00,0.07918464216024117,0.048648998391386866,0.051870222563082276,0.14687946094496604,0.19715805975412484,0.267,False,False,2000,1.9128200540037168,4.139680676940838,7.678686797408527
82,2022-12-26 12:00:00,0.07325712209550113,0.047572973053369716,0.04941972150573343,0.1442863648590401,0.1794120741537803,0.2765,False,False,2000,1.9274340523655586,3.800758941951448,7.48593004683901
83,2022-12-26 18:00:00,0.05287181838207331,0.04351771985934383,0.048355457066520405,0.1354467709920282,0.19478513088148033,0.348,False,False,2000,1.9196815898647805,2.754197292989486,7.055689428243611
84,2022-12-27 00:00:00,0.04694556972789172,0.0459003887559381,0.04710334177118727,0.1370135794426951,0.18267561423745657,0.4235,False,False,2000,1.9293472056543046,2.433235945832308,7.101551190016591
85,2022-12-27 06:00:00,0.032359335782762524,0.05438298749347688,0.05139980148178496,0.15143909414353277,0.1933581274879202,0.5805,False,False,2000,1.9255160259308288,1.6805539578471929,7.864857633180404
86,2022-12-27 12:00:00,0.0400557317064036,0.051590234518835654,0.05155357144356281,0.15172458044906845,0.19903931113472775,0.501,False,False,2000,1.9368137703554162,2.0681250990410476,7.833720658709802
87,2022-12-27 18:00:00,0.032496645673986205,0.046554869548292174,0.04794750556082624,0.14059351393843444,0.18491186237356913,0.512,False,False,2000,1.9242444728649473,1.6888002606863652,7.3064268039242
88,2022-12-28 00:00:00,0.03956458645050149,0.04702875848013335,0.049163949650458595,0.14229145481927355,0.1872191325729901,0.4705,False,False,2000,1.885374666484435,2.0984999509023647,7.5471182120314255
89,2022-12-28 06:00:00,0.0145271190005919,0.04362043797314539,0.04731712858324658,0.13780557638929777,0.1809135206349179,0.592,False,False,2000,1.90103552914011,0.7641687268813387,7.248974270966466
90,2022-12-28 12:00:00,0.010061187196146714,0.04407016503182355,0.04816419045445192,0.14004637468917977,0.18208887274820607,0.6205,False,False,2000,1.895307234917088,0.5308472954036315,7.3891120188387935
91,2022-12-28 18:00:00,0.01208817910932536,0.04019579964411946,0.04622044248273452,0.13251102018522828,0.17890271484582174,0.5815,False,False,2000,1.8820910966821014,0.6422738586158425,7.040627333014282
92,2022-12-29 00:00:00,0.00811281461226327,0.041143164104286555,0.046766173766262034,0.1310076611581106,0.18307770079493338,0.613,False,False,2000,1.8687411747882974,0.43413259801386567,7.010476513578825
93,2022-12-29 06:00:00,0.0,0.040338323428873654,0.04686297811039623,0.13377177507866211,0.18153369781813325,1.0,False,False,2000,1.8540196095917068,0.0,7.21522978433445
94,2022-12-29 12:00:00,0.0,0.04202413098282957,0.04727159764670898,0.13355807061081748,0.18710742329001012,1.0,False,False,2000,1.8450703184054693,0.0,7.238643930180388
95,2022-12-29 18:00:00,0.0,0.041950640096673555,0.04676066349902342,0.13080767209096472,0.18313123477337112,1.0,False,False,2000,1.8345064164427867,0.0,7.130401448505605
96,2022-12-30 00:00:00,0.0,0.04407772627857939,0.04945901447078462,0.14329364177229315,0.19337483205704384,1.0,False,False,2000,1.832979505813847,0.0,7.817525581589655
97,2022-12-30 06:00:00,0.0,0.04019005415037596,0.04643586019374295,0.13347242428934966,0.18089967828451584,1.0,False,False,2000,1.7851919213635474,0.0,7.4766428579512105
98,2022-12-30 12:00:00,0.0,0.04301197857133076,0.047066267735755486,0.13191456893620312,0.18598324112173018,1.0,False,False,2000,1.765965680783141,0.0,7.469826303629176
99,2022-12-30 18:00:00,0.0,0.04138382585827166,0.0480391371984998,0.13619185253807706,0.18951144521609783,1.0,False,False,2000,1.7692765790410583,0.0,7.69760105070133
100,2022-12-31 00:00:00,0.016796280728486504,0.0413379144807149,0.04749517135385437,0.13569995488770561,0.18445942969011067,0.5605,False,False,2000,1.7795976458538616,0.9438246205606519,7.625316610406953
101,2022-12-31 06:00:00,0.017143133881524043,0.04184354616967688,0.04819196971701455,0.13726329113543118,0.19221026976113745,0.5495,False,False,2000,1.8074329873767359,0.9484796394252586,7.594377888092646
102,2022-12-31 12:00:00,0.01497187936395509,0.04199827751720892,0.047855410689444884,0.13836887745810866,0.18811727796326563,0.5665,False,False,2000,1.793150221052547,0.8349484158202242,7.716524574103369
103,2022-12-31 18:00:00,0.04271242719301256,0.04008454357403005,0.04638681157793077,0.13070903242522994,0.18168423179293858,0.38,False,False,2000,1.7848378429231695,2.393070460846967,7.3233001498420425
104,2023-01-01 00:00:00,0.05655536724152093,0.039555970795158255,0.046857206275110835,0.1317409478297885,0.18867273136560153,0.2975,False,False,2000,1.788806076883012,3.16162651571871,7.364741742120344
105,2023-01-01 06:00:00,0.04101589937279239,0.03899904741195248,0.04535724778892371,0.13005098291793157,0.1793095254651397,0.3885,False,False,2000,1.7868986740822144,2.2953679449037,7.2780278369576985
106,2023-01-01 12:00:00,0.02095449438575255,0.03643325668457335,0.04277842851536165,0.12227128696355348,0.15868481224784883,0.4975,False,False,2000,1.8146684227401273,1.1547285511317553,6.73794096107791
107,2023-01-01 18:00:00,0.027820679133348254,0.0388962565854272,0.045889333040890046,0.13226402905187915,0.16908782127574004,0.458,False,False,2000,1.782440184622632,1.5608197892620046,7.420390888453928
108,2023-01-02 00:00:00,0.014577802999252596,0.037908264434009735,0.044185511344896185,0.12556895722953645,0.1708313836238196,0.5435,False,False,2000,1.7828414333835156,0.817672437171629,7.043192674248597
109,2023-01-02 06:00:00,0.0058614426416780906,0.038202648029169096,0.04593369345255093,0.13244769194008368,0.17310516250250824,0.596,False,False,2000,1.7746246177446368,0.33029197178203096,7.46342018563965
110,2023-01-02 12:00:00,0.0,0.03696689397816715,0.046110971662166614,0.12952903192815657,0.193268409739427,1.0,False,False,2000,1.7808992085171722,0.0,7.273237660429204
111,2023-01-02 18:00:00,0.0,0.03606938397510844,0.045281398358969105,0.12611036341485987,0.17483907425459144,1.0,False,False,2000,1.7736026568122896,0.0,7.110406771803052
112,2023-01-03 00:00:00,0.0024207236145090535,0.03612369195114931,0.04434152606458473,0.1242009051874931,0.18251379723527802,0.5995,False,False,2000,1.764777626354883,0.13716876156850513,7.037765174076231
113,2023-01-03 06:00:00,0.01644349302893772,0.03386794537782201,0.04303503759990616,0.12322591661963371,0.1707753761996541,0.5005,False,False,2000,1.7801915746801682,0.9236923296804155,6.9220593093624005
114,2023-01-03 12:00:00,0.017654210532243298,0.034241312129602776,0.04361357742925587,0.12120957660328761,0.17752994720612422,0.4825,False,False,2000,1.7744533516237146,0.9949098135540617,6.830812232532048
115,2023-01-03 18:00:00,0.03886633605297667,0.03204644012752332,0.04260248168745304,0.11815969965266114,0.17316386147373908,0.3295,False,False,2000,1.7664207065816897,2.2002876159773583,6.689216176667183
116,2023-01-04 00:00:00,0.03649296686106738,0.029601569175182314,0.04154040452917464,0.1133954150663044,0.1714536550770045,0.3255,False,False,2000,1.7533132183168123,2.0813717982518134,6.467493308193071
117,2023-01-04 06:00:00,0.02151924884575043,0.030253121973647136,0.041991305884208435,0.11979616595954523,0.16711432365630796,0.415,False,False,2000,1.6917254951445149,1.2720295879865637,7.081300500783177
118,2023-01-04 12:00:00,0.02585771988552463,0.031187250397424607,0.04232953002850342,0.12059605086618509,0.17352481892356755,0.3945,False,False,2000,1.6158083971035304,1.6002961695134599,7.46351182989044
119,2023-01-04 18:00:00,0.035409731596111584,0.0313314135468599,0.041799846571270866,0.11777506229956414,0.16341734510622982,0.346,False,False,2000,1.5561419802060055,2.2754820605394865,7.568400814170749
120,2023-01-05 00:00:00,0.04420562053692648,0.02894885202251595,0.04255675074954416,0.12303956099218434,0.16880638722772157,0.26,False,False,2000,1.4992558173082329,2.948504186316472,8.206708926638672
121,2023-01-05 06:00:00,0.045891238702214746,0.031350329028478674,0.04329211332210664,0.1220842587371707,0.17123951066564327,0.2895,False,False,2000,1.4934820738100467,3.0727679633369047,8.174470981477503
122,2023-01-05 12:00:00,0.058488823712380754,0.03272637613007804,0.04387583123197053,0.1221205982413995,0.1704713993191278,0.239,False,False,2000,1.4843736245318344,3.9403033539367756,8.227079504994293
123,2023-01-05 18:00:00,0.03819563752857111,0.029087978227894353,0.04043279370913319,0.11261764384402723,0.1609771598025464,0.31,False,False,2000,1.4733986126344543,2.592349225867456,7.643392825154461
124,2023-01-06 00:00:00,0.018052857811974698,0.03039105822107273,0.04309445936655953,0.12041748923974982,0.16940914097162366,0.4205,False,False,2000,1.4581242638228946,1.2380877446373404,8.258383200073808
125,2023-01-06 06:00:00,0.025377257973583985,0.030502320108900385,0.042132237463624045,0.1176939881456845,0.172231501818732,0.3925,False,False,2000,1.4783877102036838,1.716549576165487,7.9609690565859275
126,2023-01-06 12:00:00,0.034056151011218005,0.03196724864198219,0.043642839008479775,0.1250673422291251,0.16849603754054066,0.3505,False,False,2000,1.4722892112333588,2.313142740663613,8.494753698857464
127,2023-01-06 18:00:00,0.024130745193074777,0.032444623600778114,0.04370249379955994,0.12030338190928008,0.17991988430960448,0.415,False,False,2000,1.4728371678044385,1.638385133167608,8.168138646895812
128,2023-01-07 00:00:00,0.016187837130906324,0.030387247495091654,0.042637344730934154,0.1179779416695064,0.17559126346956283,0.4425,False,False,2000,1.4409977978438728,1.1233769513824212,8.187239553456202
129,2023-01-07 06:00:00,0.004267014114176953,0.027611239749009746,0.03968297278515307,0.11026021999915839,0.1574079392137582,0.4935,False,False,2000,1.456980723619898,0.29286688869674754,7.567719888923078
130,2023-01-07 12:00:00,0.019164116287773567,0.027213428327805208,0.0406816211788488,0.115065374505634,0.16372868343532807,0.3785,False,False,2000,1.490259870434268,1.2859580176569514,7.721161710682277
131,2023-01-07 18:00:00,0.0011147468087014552,0.026540609953786636,0.04056110634814082,0.11355835637125725,0.1667678452782484,0.475,False,False,2000,1.4601828520973636,0.07634295986288743,7.776995614497552
132,2023-01-08 00:00:00,0.0,0.02756185651601598,0.04108207730765318,0.11212201174692918,0.170732654629933,1.0,False,False,2000,1.4695865100833414,0.0,7.629493805068383
133,2023-01-08 06:00:00,0.0,0.025540876824369677,0.03939513637901965,0.1131194646757547,0.16057145250913799,1.0,False,False,2000,1.430785943145975,0.0,7.906106795194713
134,2023-01-08 12:00:00,0.0,0.02791950314998616,0.0414556532306846,0.11810081304429912,0.16841449259833918,1.0,False,False,2000,1.4033865728483523,0.0,8.41541563309947
135,2023-01-08 18:00:00,0.0,0.027356535717519868,0.04016661803585461,0.113848567602018,0.16164181725002688,1.0,False,False,2000,1.3869161834544954,0.0,8.208756157019302
136,2023-01-09 00:00:00,0.00203313686101479,0.028726903325723783,0.04182527950319514,0.11783192949547981,0.1720636423254402,0.504,False,False,2000,1.4404094878718527,0.14114992147258543,8.180446636016802
137,2023-01-09 06:00:00,0.0031977566236388454,0.02722394391333807,0.04168964106413873,0.11743146758686038,0.17972124860584662,0.478,False,False,2000,1.4489771015349964,0.22069062514868265,8.104439156592436
138,2023-01-09 12:00:00,0.0,0.027245059033660958,0.03979807533899782,0.11003873796255366,0.15743297865445854,1.0,False,False,2000,1.4454765285109863,0.0,7.612627102005367
139,2023-01-09 18:00:00,0.0,0.02703816833007859,0.04116218382389573,0.11291183761672609,0.1752415223955482,1.0,False,False,2000,1.4122972213645704,0.0,7.99490616483901
140,2023-01-10 00:00:00,0.0,0.02670361292536071,0.040919413337471594,0.11648295371948936,0.16727905126128573,1.0,False,False,2000,1.4032014527077183,0.0,8.30122813048087
141,2023-01-10 06:00:00,0.0,0.02548056219329514,0.03971683603970762,0.10905263550316774,0.1601487850564003,1.0,False,False,2000,1.3794559517055454,0.0,7.905481531928306
142,2023-01-10 12:00:00,0.0,0.02607980962376821,0.040088327050891166,0.11471012153719308,0.16430049777591507,1.0,False,False,2000,1.3520665555803428,0.0,8.484058796052125
143,2023-01-10 18:00:00,0.0,0.025000280284696835,0.038994659453521256,0.10894935910898962,0.15853785519289576,1.0,False,False,2000,1.34385380343635,0.0,8.10723300632827
144,2023-01-11 00:00:00,0.011398372925773679,0.028691015972519204,0.04198939420476552,0.11875062967719947,0.16984017036328264,0.4375,False,False,2000,1.2945469735268351,0.8804912574721182,9.173141809885653
145,2023-01-11 06:00:00,0.0,0.02685305193695151,0.04011074439083521,0.11092276854119772,0.1646315333125161,1.0,False,False,2000,1.296730547870492,0.0,8.554033736874368
146,2023-01-11 12:00:00,0.0,0.027660366031797196,0.040720883997217946,0.11615723606097936,0.15995391290511615,1.0,False,False,2000,1.2574123707970875,0.0,9.237799687571549
147,2023-01-11 18:00:00,0.0,0.026586270226402784,0.040747630080361925,0.1187409274745642,0.15835996545162453,1.0,False,False,2000,1.2169681616941943,0.0,9.757110433296775
148,2023-01-12 00:00:00,0.007331231728842206,0.030060210057476777,0.04283215523926545,0.12071727002092157,0.17149714846599323,0.48,False,False,2000,1.238768292682208,0.5918162235948471,9.74494348410726
149,2023-01-12 06:00:00,0.0,0.02845904432178824,0.04068309597468434,0.11709286232796391,0.15963816153000038,1.0,False,False,2000,1.1866680922022406,0.0,9.867364185267745
150,2023-01-12 12:00:00,0.00413234394286168,0.029238088525305506,0.042223729449647265,0.11844999247735263,0.17147585100977553,0.496,False,False,2000,1.1706297228132987,0.35300179572842943,10.118484963177718
151,2023-01-12 18:00:00,0.0,0.028380988153990715,0.042161828264788204,0.11723493468311848,0.177077140448412,1.0,False,False,2000,1.186231545097264,0.0,9.882972271952681
152,2023-01-13 00:00:00,0.00396891628269009,0.026253662091440717,0.03939295919413169,0.11167414260318324,0.15791458767610525,0.465,False,False,2000,1.168479134658382,0.33966513949352184,9.55722180146866
153,2023-01-13 06:00:00,0.0,0.025664878963483923,0.039760187840546836,0.11026043819855902,0.16271215905663144,1.0,False,False,2000,1.1382684301315151,0.0,9.686681566475455
154,2023-01-13 12:00:00,0.0,0.027880507519317543,0.04174811181261576,0.11470995261573307,0.16580442896187678,1.0,False,False,2000,1.1386750981497396,0.0,10.073984475653152
155,2023-01-13 18:00:00,0.0028876950499769345,0.0276960857955508,0.041096315630733266,0.11322969532209316,0.16895111381820166,0.4795,False,False,2000,1.1347900098293042,0.2544695516319626,9.97803067892052
156,2023-01-14 00:00:00,0.043517871146120456,0.02704991250924605,0.04057284986448743,0.11137109130973025,0.1629311588706258,0.2505,False,False,2000,1.156154450386729,3.7640188239178514,9.632890421558908
157,2023-01-14 06:00:00,0.061398286215082955,0.026958389643949924,0.041189944901300714,0.11235744741747096,0.1701957744483583,0.1815,False,False,2000,1.1419123295707623,5.376795102839654,9.839411004495014
158,2023-01-14 12:00:00,0.0694465782780362,0.030331948575454355,0.043278993644748895,0.12304712303220638,0.17307816200365453,0.183,False,False,2000,1.1322894184076668,6.13328864061086,10.86710880026124
159,2023-01-14 18:00:00,0.07675712810875636,0.030669869370711585,0.04389064278767626,0.12421471684915535,0.17128771451224045,0.1585,False,False,2000,1.1245520891144005,6.825573386218473,11.045705934971501
160,2023-01-15 00:00:00,0.06950086198760023,0.028074105689231417,0.04193607821913834,0.11628973380186006,0.16372409884061545,0.1495,False,False,2000,1.0538295403345423,6.595076274435893,11.03496622090736
161,2023-01-15 06:00:00,0.06438072040080377,0.027989524826223623,0.04041154279643652,0.11329529269296121,0.16278104285037764,0.1785,False,False,2000,1.0190246864048869,6.3178764223994,11.118012566767772
162,2023-01-15 12:00:00,0.03618421666986431,0.026477067961235116,0.03948871555360843,0.10863946688359527,0.16755079383124266,0.291,False,False,2000,1.007210499194956,3.592517820136472,10.786172996650523
163,2023-01-15 18:00:00,0.012203532673049593,0.025890323034225157,0.03939060350457558,0.1093120843781097,0.16171581217052228,0.4125,False,False,2000,1.0342670776581833,1.179920828639463,10.56903837890859
164,2023-01-16 00:00:00,0.001624526906257431,0.026241124330314905,0.04031178623395916,0.1114950397632716,0.16417410878321761,0.468,False,False,2000,1.0437041321794542,0.1556501364869666,10.682628948727892
165,2023-01-16 06:00:00,0.007303394609670482,0.028548845415342066,0.04166580479261268,0.11589131491062664,0.16950821801281632,0.464,False,False,2000,0.973007080338438,0.7506003560765627,11.910634285448008
166,2023-01-16 12:00:00,0.026440705748595823,0.027791394296516784,0.04050029160557877,0.11217563064131084,0.159266980731171,0.357,False,False,2000,0.9748187262343215,2.7123715452959147,11.507332350358098
167,2023-01-16 18:00:00,0.04356374494542213,0.029796664872028138,0.04271987070660299,0.12070811903314656,0.16995211860676498,0.2885,False,False,2000,0.9182421069283567,4.744254768619652,13.145565654458109
168,2023-01-17 00:00:00,0.03779398737084874,0.028295169586484557,0.041833240760992034,0.11772525262034722,0.1724869093397361,0.282,False,False,2000,0.9196956047465074,4.109401760299352,12.8004583269478
169,2023-01-17 06:00:00,0.04513187246701767,0.029376009441288892,0.042606017622786076,0.12383643070999155,0.17317209054459146,0.2675,False,False,2000,0.9287471228936672,4.859436046100661,13.333708138352925
170,2023-01-17 12:00:00,0.04615133076214546,0.027017005137544677,0.041417143151861124,0.11359070974849678,0.17334515307294715,0.239,False,False,2000,0.9833457123286543,4.6932965877132675,11.551452182519146
171,2023-01-17 18:00:00,0.03930351797329656,0.02622959500859995,0.040100961923056185,0.11068097941577544,0.1622256364542418,0.2675,False,False,2000,0.965124802777635,4.072376739275666,11.468048390968184
172,2023-01-18 00:00:00,0.00910465906528797,0.026907220594800045,0.04079585976628854,0.11739926624933944,0.1661045071810845,0.434,False,False,2000,0.9776436340576743,0.9312860789058088,12.008390599556002
173,2023-01-18 06:00:00,0.017933850668297665,0.026879536820116543,0.04046438129455751,0.11697898382703684,0.15898810581089456,0.378,False,False,2000,0.963735231327511,1.8608690525502969,12.138083160652167
174,2023-01-18 12:00:00,0.0,0.026969981977058695,0.041161672800026666,0.11694059609511902,0.1676466005641056,1.0,False,False,2000,1.0069492438911054,0.0,11.613355569266938
175,2023-01-18 18:00:00,0.0,0.02860795447812304,0.04202244661476025,0.11479889386372724,0.16644409818291828,1.0,False,False,2000,1.0172172572612206,0.0,11.28558260728042
176,2023-01-19 00:00:00,0.0,0.03092965987978491,0.0422953405694235,0.11955640190510196,0.16565190899141943,1.0,False,False,2000,0.9992786735685578,0.0,11.964270334935705
177,2023-01-19 06:00:00,0.0,0.030259382188998922,0.04418312697570872,0.12667397685748555,0.18039033162551418,1.0,False,False,2000,0.9933837633935709,0.0,12.751766389330275
178,2023-01-19 12:00:00,0.0,0.03003197491454596,0.04310735782383807,0.119147576621224,0.17396782396573973,1.0,False,False,2000,0.9630885494369686,0.0,12.371404134217864
179,2023-01-19 18:00:00,0.005791576859457378,0.025902794252547805,0.040149341173797974,0.11384718856195714,0.16430522773849082,0.434,False,False,2000,0.9882894452165878,0.5860203088770345,11.51961999725769
180,2023-01-20 00:00:00,0.0,0.026269465318261354,0.03925986570644181,0.1105132228288218,0.16830686506736822,1.0,False,False,2000,0.9869508477658115,0.0,11.197439373905366
181,2023-01-20 06:00:00,0.0,0.025459732736713404,0.04063852110553666,0.11504877203962155,0.16633247430538733,1.0,False,False,2000,0.9898589481222969,0.0,11.622744054378877
182,2023-01-20 12:00:00,0.0,0.02492330210835271,0.03886025315250824,0.11008957005421588,0.1558408033980979,1.0,False,False,2000,0.9889626588633825,0.0,11.131822730369024
183,2023-01-20 18:00:00,0.020630232902683534,0.02676072608196994,0.03996344510812179,0.11326118182862062,0.15131855152655233,0.3675,False,False,2000,0.967117469765612,2.1331672260747623,11.711212481361784
184,2023-01-21 00:00:00,0.015623602774860365,0.028583860584630316,0.041432325693781163,0.115474794006711,0.1610231416524382,0.4205,False,False,2000,0.9441589656604676,1.6547640114746127,12.23043981009415
185,2023-01-21 06:00:00,0.021832948423182997,0.02867852915905714,0.04359172065365736,0.12359075558824659,0.17161453099483132,0.3645,False,False,2000,0.9347408592402618,2.3357220567985406,13.221927164786464
186,2023-01-21 12:00:00,0.017073376488770328,0.028962076647819787,0.042068445899047,0.1178753065807201,0.15850964773686474,0.4085,False,False,2000,0.9369143560316581,1.8222985248177181,12.581225361940888
187,2023-01-21 18:00:00,0.006488400834828145,0.03080208494884779,0.04363846326668852,0.11955064908989406,0.17998845152378815,0.494,False,False,2000,0.9384507955356818,0.6913948888630297,12.739149421430534
188,2023-01-22 00:00:00,0.009435037752529159,0.029130058090429893,0.04225752911270039,0.1197792322857584,0.17248135675504073,0.4565,False,False,2000,0.9279978952060575,1.0167089603618287,12.907274133327856
189,2023-01-22 06:00:00,0.0,0.0289804993389666,0.041623175775044895,0.1180344238205568,0.16751975647429024,1.0,False,False,2000,0.9602174849447436,0.0,12.292467661880702
190,2023-01-22 12:00:00,0.013961202035866725,0.03076572543108328,0.04447404599766009,0.12226796716014218,0.18586308773670435,0.439,False,False,2000,0.9611318991397098,1.452579198376739,12.721247444766096
191,2023-01-22 18:00:00,0.024981358836527606,0.02841334186201084,0.04118842498230209,0.11552580634769918,0.16921786702229077,0.3695,False,False,2000,0.9669145782390096,2.5836159055565004,11.947881327645325
192,2023-01-23 00:00:00,0.02063993459329392,0.02925399373017585,0.04202458279801533,0.11847711480504984,0.16636307628571564,0.3995,False,False,2000,0.9406690912389263,2.1941759100545863,12.59498328461152
193,2023-01-23 06:00:00,0.05756615011650489,0.029385109268919518,0.04274773630425829,0.11836455920079743,0.17520910621982247,0.2075,False,False,2000,0.905904561118751,6.354549097910857,13.065897256839348
194,2023-01-23 12:00:00,0.03147947074833655,0.027748779846817805,0.04276564522760007,0.11419489429226504,0.1751359509889945,0.3145,False,False,2000,0.9224450559470861,3.412612008204236,12.379587657393824
195,2023-01-23 18:00:00,0.0,0.024284372282281752,0.03957318369624148,0.11126397055711525,0.1573492468569171,1.0,False,False,2000,0.9119692999494248,0.0,12.200407465830882
196,2023-01-24 00:00:00,0.0,0.023913811344739876,0.03894750325296943,0.10972719975900501,0.16371880410113807,1.0,False,False,2000,0.8869439240467722,0.0,12.371379608573612
197,2023-01-24 06:00:00,0.0,0.02400509331640945,0.039789311748859406,0.10821904182593517,0.1690599716064023,1.0,False,False,2000,0.8872864762886815,0.0,12.19662924184204
198,2023-01-24 12:00:00,0.0,0.021986221221466817,0.03676757939127912,0.10000131344646825,0.15405707615783365,1.0,False,False,2000,0.865535143610206,0.0,11.553697638360005
199,2023-01-24 18:00:00,0.0064973560374383165,0.02375446251490903,0.0390518434578336,0.10799883566884351,0.16231027420885416,0.4095,False,False,2000,0.8336932505406168,0.7793461243958782,12.954265324663547
200,2023-01-25 00:00:00,0.022356307302750778,0.02368906016977994,0.039077751378189286,0.10723559990608135,0.16811830611003742,0.328,False,False,2000,0.822477826004034,2.7181653530244994,13.038114404503764
201,2023-01-25 06:00:00,0.01443625452099708,0.023042484558520898,0.03807299455793692,0.10393905998569096,0.15677036787207002,0.362,False,False,2000,0.8356310807391156,1.7275870720639321,12.438390861880924
202,2023-01-25 12:00:00,0.0,0.021262911521881506,0.03578781492005027,0.10052816657284178,0.1452535839968178,1.0,False,False,2000,0.8296742664842673,0.0,12.116582450945288
203,2023-01-25 18:00:00,0.0,0.022920729619022428,0.03717728428184946,0.10196478379519111,0.15355537549057632,1.0,False,False,2000,0.8387858352171372,0.0,12.156235777252414
204,2023-01-26 00:00:00,0.0,0.023636781688112386,0.03815901064621216,0.10603085694227071,0.1667576446048043,1.0,False,False,2000,0.8400699838334871,0.0,12.621669501678973
205,2023-01-26 06:00:00,0.0,0.024825418997332656,0.03931219786294497,0.10948466215555892,0.15773030284567074,1.0,False,False,2000,0.848809162622096,0.0,12.898619262938297
206,2023-01-26 12:00:00,0.0,0.02590325535795725,0.04052297134567004,0.11223441776833606,0.16421188481716908,1.0,False,False,2000,0.904596167695957,0.0,12.40712947681413
207,2023-01-26 18:00:00,0.0,0.028231284705785724,0.04198193492575207,0.11953239580154816,0.16727375127490962,1.0,False,False,2000,1.0027157595682121,0.0,11.920865375948715
208,2023-01-27 00:00:00,0.0,0.027364199148226312,0.04170597577232352,0.1183446037680321,0.17081077374793774,1.0,False,False,2000,1.0182694315487109,0.0,11.622130656327265
209,2023-01-27 06:00:00,0.0,0.027199200692880128,0.04091964376515848,0.11768214492214985,0.1617466485492067,1.0,False,False,2000,1.0059968452095365,0.0,11.69806301903841
210,2023-01-27 12:00:00,0.0,0.02700254358478823,0.041759971318335656,0.11684677991629601,0.17226391814454275,1.0,False,False,2000,1.0176556572666327,0.0,11.481956502864639
211,2023-01-27 18:00:00,0.0,0.02881505162292267,0.04161857302998571,0.11804494624622854,0.164594902872818,1.0,False,False,2000,1.0378882776431637,0.0,11.373569659567305
212,2023-01-28 00:00:00,0.0,0.026755969933794026,0.04097879553475471,0.11242635379259161,0.16675030703670293,1.0,False,False,2000,1.038720316014042,0.0,10.823544322692518
213,2023-01-28 06:00:00,0.0,0.02659498269500323,0.04008940677869284,0.1142300960489581,0.15902693692141956,1.0,False,False,2000,1.0708264374536123,0.0,10.66747066131401
214,2023-01-28 12:00:00,0.0,0.02657875094221039,0.03890352548314593,0.11048833006646128,0.15362770101478457,1.0,False,False,2000,1.0803879546147996,0.0,10.226727315360959
215,2023-01-28 18:00:00,0.0,0.026516964070544546,0.0393341756227749,0.11363588781418292,0.15584788777222186,1.0,False,False,2000,1.052884394479598,0.0,10.79281718011871
216,2023-01-29 00:00:00,0.0,0.027507455952365128,0.040655660190559266,0.11155892009540835,0.1656183157073658,1.0,False,False,2000,1.0659866378249858,0.0,10.465320683853088
217,2023-01-29 06:00:00,0.0,0.025468346965580656,0.03875717427259565,0.10496159519539534,0.15379736505916092,1.0,False,False,2000,1.0914841445553105,0.0,9.616410437016336
218,2023-01-29 12:00:00,0.0,0.02651596057428833,0.04058970731665866,0.10711480052302035,0.1757428429821406,1.0,False,False,2000,1.0693167887846502,0.0,10.017125107028708
219,2023-01-29 18:00:00,0.0,0.0260347118434752,0.03955478364581851,0.11194363336973674,0.16187293234270506,1.0,False,False,2000,1.0480264023421295,0.0,10.681375308824768
220,2023-01-30 00:00:00,0.0,0.02766050232665156,0.040772050237164834,0.11183840185018117,0.17588243910908766,1.0,False,False,2000,1.0358912003776743,0.0,10.79634635465637
221,2023-01-30 06:00:00,0.0,0.026293732583567552,0.039625674326947455,0.11262096948233473,0.16378458581089844,1.0,False,False,2000,1.0252220988450478,0.0,10.98503140043573
222,2023-01-30 12:00:00,0.0,0.026595749165245233,0.04018802686331919,0.11212263837677758,0.1702413661592242,1.0,False,False,2000,0.9969649423432343,0.0,11.246397301919979
223,2023-01-30 18:00:00,0.0,0.025853021346158918,0.040473241158459745,0.1173638303122619,0.15888412138845123,1.0,False,False,2000,1.0007577070116813,0.0,11.727497024501252
224,2023-01-31 00:00:00,0.0,0.027688596595984757,0.041256914550900685,0.11426573332387464,0.16286742134699264,1.0,False,False,2000,1.0211811354011626,0.0,11.189565627745981
225,2023-01-31 06:00:00,0.0,0.025405036467652485,0.03941767870765077,0.10855746546123168,0.16090698648618407,1.0,False,False,2000,1.0007565961408011,0.0,10.847539339721546
226,2023-01-31 12:00:00,0.0,0.024707601596673498,0.038779405829171845,0.11003319732516818,0.15759928610639923,1.0,False,False,2000,1.0336502517631327,0.0,10.645109130238277
227,2023-01-31 18:00:00,0.0,0.02569115543821269,0.040477313496598555,0.11448461915170476,0.1675917118500757,1.0,False,False,2000,1.03627015172059,0.0,11.047758054366243
228,2023-02-01 00:00:00,0.0,0.025281625699490665,0.03961040863901447,0.11082733526839492,0.1670936968102512,1.0,False,False,2000,1.065028376852217,0.0,10.406045292047018
229,2023-02-01 06:00:00,0.0,0.02470191987275595,0.03904678229479212,0.1088488604447112,0.15895266604905614,1.0,False,False,2000,1.078549703813508,0.0,10.092150603708502
230,2023-02-01 12:00:00,0.0,0.024710797776486073,0.03854494298185963,0.10773401520524815,0.16221624829749895,1.0,False,False,2000,1.0761396457887422,0.0,10.011155673600888
231,2023-02-01 18:00:00,0.0,0.025975594985384397,0.04040337385297008,0.11435464957041656,0.1648973751330662,1.0,False,False,2000,1.1086100076001981,0.0,10.31513776589113
232,2023-02-02 00:00:00,0.0,0.025674348077659295,0.03974128091497992,0.10750320390300931,0.17377148494883662,1.0,False,False,2000,1.1144483446533229,0.0,9.64631554425709
233,2023-02-02 06:00:00,0.0,0.02333313010005984,0.03815113497850341,0.10728775749682952,0.16099601490297477,1.0,False,False,2000,1.1406342154427447,0.0,9.405973978711927
234,2023-02-02 12:00:00,0.0,0.02208810235142822,0.035806139300495754,0.10063356859631124,0.14260681432671338,1.0,False,False,2000,1.1621786906769958,0.0,8.65904437962891
235,2023-02-02 18:00:00,0.0,0.02321650517123184,0.03796973798548561,0.10537936182570495,0.15773643390959732,1.0,False,False,2000,1.2206412340216393,0.0,8.633115029099272
236,2023-02-03 00:00:00,0.0,0.02449411734659524,0.03820329690702599,0.11008630149023707,0.15787103281121725,1.0,False,False,2000,1.2069139872097838,0.0,9.121304637850887
237,2023-02-03 06:00:00,0.0,0.023390889361209786,0.03785558068845177,0.10789267390888378,0.15183634463719076,1.0,False,False,2000,1.209126550194914,0.0,8.923191198761721
238,2023-02-03 12:00:00,0.0,0.02369136791387965,0.03782866684874556,0.10734904886542844,0.1513393719675436,1.0,False,False,2000,1.2081551185651438,0.0,8.885369702602487
239,2023-02-03 18:00:00,0.0,0.02243761549044952,0.037341187293762776,0.10218008086611557,0.15442791978246534,1.0,False,False,2000,1.2104769229159815,0.0,8.441307631042532
240,2023-02-04 00:00:00,0.0,0.024827262816131956,0.04019631489773512,0.11342071309586921,0.1678521827083876,1.0,False,False,2000,1.190523181304096,0.0,9.526963848921318
241,2023-02-04 06:00:00,0.0,0.025971249245801215,0.03942609596525171,0.1092669664794107,0.16600720764730115,1.0,False,False,2000,1.228989050338514,0.0,8.89080065028359
242,2023-02-04 12:00:00,0.0,0.028973275777206976,0.0423552579163684,0.12260058370186516,0.17038981940959028,1.0,False,False,2000,1.2737072223618082,0.0,9.625491757401635
243,2023-02-04 18:00:00,0.0,0.028167530155844972,0.041523516430267686,0.11917922505771822,0.16077209716461197,1.0,False,False,2000,1.3358443010411072,0.0,8.921640416089987
244,2023-02-05 00:00:00,0.0,0.032666107048210206,0.045202503602316486,0.12687820948580394,0.18694528158013482,1.0,False,False,2000,1.4205526590436042,0.0,8.931609023999538
245,2023-02-05 06:00:00,0.0,0.03003025542152187,0.04373786358752649,0.12350423366797991,0.18003919351805092,1.0,False,False,2000,1.456184790808858,0.0,8.481357204629075
246,2023-02-05 12:00:00,0.0,0.030677540530190853,0.04219219576771415,0.11916951601007582,0.16474732058833436,1.0,False,False,2000,1.4641648849782471,0.0,8.139077588371906
247,2023-02-05 18:00:00,0.0,0.029715915998803168,0.04241433861130846,0.11827953408036673,0.16636663083873718,1.0,False,False,2000,1.4433987945707383,0.0,8.194515232052876
248,2023-02-06 00:00:00,0.0,0.030005503892804677,0.04352931261037778,0.12482203401219576,0.1807565690996735,1.0,False,False,2000,1.4592235544598304,0.0,8.554003506227795
249,2023-02-06 06:00:00,0.0,0.029010393964757658,0.041211603103973204,0.11266999292758317,0.1679326786918266,1.0,False,False,2000,1.4766249497199746,0.0,7.630237654385414
250,2023-02-06 12:00:00,0.0,0.03148324067280126,0.04423896531955793,0.1260207378678683,0.17077016755422061,1.0,False,False,2000,1.497604206683508,0.0,8.414822641754274
251,2023-02-06 18:00:00,0.0,0.030929934418528333,0.04283667068567274,0.12124621944784411,0.16927410191997855,1.0,False,False,2000,1.4862935874377001,0.0,8.157622455794005
252,2023-02-07 00:00:00,0.0,0.0323717547849579,0.04490421417691497,0.1259449517054213,0.17374706940031637,1.0,False,False,2000,1.4816741152841448,0.0,8.500178980400726
253,2023-02-07 06:00:00,0.0,0.0317083449796414,0.04360613527477497,0.1177576262732704,0.17308084947765276,1.0,False,False,2000,1.459339407472038,0.0,8.069241854933376
254,2023-02-07 12:00:00,0.0,0.03496594827163163,0.04541641229372061,0.12853294600831522,0.17568032451292098,1.0,False,False,2000,1.454177355147047,0.0,8.838876877938862
255,2023-02-07 18:00:00,0.0,0.03406424395172919,0.04652946738229008,0.13050404220124953,0.18042638916994375,1.0,False,False,2000,1.4326404864639386,0.0,9.109336461889422
256,2023-02-08 00:00:00,0.0,0.032904123013517944,0.04498413469704441,0.12413697431226943,0.1830888554948611,1.0,False,False,2000,1.4081271348337159,0.0,8.815750456149587
257,2023-02-08 06:00:00,0.0,0.03148346827049456,0.0443594743870846,0.127503674865819,0.17200222892859374,1.0,False,False,2000,1.418145276061898,0.0,8.990875407341118
258,2023-02-08 12:00:00,0.0,0.031636551653727515,0.044777771528736125,0.12603512863870178,0.1744221611405236,1.0,False,False,2000,1.413423552985619,0.0,8.917010642172604
259,2023-02-08 18:00:00,0.0,0.030622690841872077,0.04377803939561852,0.12400884964279091,0.17686113298223716,1.0,False,False,2000,1.4235074765170734,0.0,8.711499706781032
260,2023-02-09 00:00:00,0.0,0.0299055219618913,0.042438900358824874,0.1203399199544467,0.1653148680549545,1.0,False,False,2000,1.4440228760823386,0.0,8.333657447375847
261,2023-02-09 06:00:00,0.0,0.029302708763418905,0.04137977998121443,0.11509799069570101,0.16222153038624723,1.0,False,False,2000,1.4542244920882692,0.0,7.914733338758452
262,2023-02-09 12:00:00,0.0,0.03163881527075737,0.04432738513754724,0.12625881245019563,0.16748750952178545,1.0,False,False,2000,1.4549615667754712,0.0,8.677810832489145
263,2023-02-09 18:00:00,0.0,0.030955146620572287,0.04458931368478023,0.12737632630871878,0.17863248115883493,1.0,False,False,2000,1.451404533544149,0.0,8.776073338952695
264,2023-02-10 00:00:00,0.0,0.02759948397416481,0.0408488596807636,0.11314827556912335,0.16955391317370325,1.0,False,False,2000,1.4644094468846103,0.0,7.7265464115815
265,2023-02-10 06:00:00,0.0,0.026035479918360024,0.03974693577107859,0.11359541416993583,0.15890866039953463,1.0,False,False,2000,1.4735711115031387,0.0,7.70885186898521
266,2023-02-10 12:00:00,0.0,0.027076149573925654,0.04029422873810277,0.1146864686507755,0.16089808551376922,1.0,False,False,2000,1.4822945200525461,0.0,7.737090510643591
267,2023-02-10 18:00:00,0.0,0.027617914471886298,0.0414399698785911,0.11868766785796556,0.1680923251969067,1.0,False,False,2000,1.4655091953880024,0.0,8.098732388133687
268,2023-02-11 00:00:00,0.0,0.028651924999486718,0.04232233659690598,0.12043323684886795,0.17087233463846863,1.0,False,False,2000,1.437746856842713,0.0,8.376525831072858
269,2023-02-11 06:00:00,0.0,0.028991466465440745,0.04127020351959294,0.1143675471426828,0.16874585608446915,1.0,False,False,2000,1.4520406750190513,0.0,7.876332193048398
270,2023-02-11 12:00:00,0.0,0.027918632165893607,0.040597185842114455,0.1139657267999575,0.16483494422969563,1.0,False,False,2000,1.4545929209215507,0.0,7.834888040549176
271,2023-02-11 18:00:00,0.0,0.028117510884764396,0.040639609976494205,0.11284278674550657,0.1588897124942537,1.0,False,False,2000,1.4908026564443841,0.0,7.569263863175594
272,2023-02-12 00:00:00,0.0,0.026128698389536,0.03811354024126531,0.10646814329404795,0.1512342024579832,1.0,False,False,2000,1.4921603228912033,0.0,7.135167827526452
273,2023-02-12 06:00:00,0.0,0.025425791779332,0.03925555222799545,0.11176556208328965,0.1584749109328272,1.0,False,False,2000,1.4785535868681046,0.0,7.559114737263817
274,2023-02-12 12:00:00,0.0,0.028221654216364054,0.041172629239456145,0.11649565776846678,0.171704482549796,1.0,False,False,2000,1.491678542489389,0.0,7.80970259008036
275,2023-02-12 18:00:00,0.0,0.0259876386120279,0.040361404451799573,0.11443897359204397,0.15773690236067106,1.0,False,False,2000,1.527793780245848,0.0,7.490472540975313
276,2023-02-13 00:00:00,0.0,0.026081271722866076,0.039788915335040455,0.10966375611150618,0.1672278071020043,1.0,False,False,2000,1.5250459423131837,0.0,7.190849342228249
277,2023-02-13 06:00:00,0.0,0.026563470430369107,0.03959236466736988,0.11150265577628454,0.15766470212765282,1.0,False,False,2000,1.5152889528211553,0.0,7.358507799366558
278,2023-02-13 12:00:00,0.0,0.02528003668499437,0.03841198732744363,0.10963976554513329,0.14544532693429355,1.0,False,False,2000,1.496834398989956,0.0,7.3247759150322
279,2023-02-13 18:00:00,0.0,0.026634873183717267,0.04081041423601481,0.1080644012393084,0.17630613043467758,1.0,False,False,2000,1.4925270255260794,0.0,7.240364790126217
280,2023-02-14 00:00:00,0.0,0.025881878697335162,0.04028824054092619,0.1130921174790514,0.16563474515431356,1.0,False,False,2000,1.4732185531811812,0.0,7.6765336164717
281,2023-02-14 06:00:00,0.0,0.026834181281005696,0.040759690519599316,0.11135142668800965,0.1691233622348506,1.0,False,False,2000,1.4813854024107356,0.0,7.5167087853573875
282,2023-02-14 12:00:00,0.0,0.02514953038221283,0.03911301148844961,0.11063830403355895,0.15921563530879074,1.0,False,False,2000,1.4973659463458693,0.0,7.388862041610979
283,2023-02-14 18:00:00,0.0,0.02387542090810397,0.04010701301609492,0.11098906553317785,0.16376832538471534,1.0,False,False,2000,1.49826270106413,0.0,7.40785080309005
284,2023-02-15 00:00:00,0.0,0.024790397873057778,0.040225236803679766,0.11369587820700147,0.16302138171278518,1.0,False,False,2000,1.4927860944090279,0.0,7.616354321146862
285,2023-02-15 06:00:00,0.0,0.02381058870849309,0.037931581705845256,0.10766280021038865,0.14946305184173853,1.0,False,False,2000,1.5018336497327502,0.0,7.168756688168969
286,2023-02-15 12:00:00,0.0,0.026735032978900706,0.040734218812539226,0.1103809241480473,0.16545081905601786,1.0,False,False,2000,1.4928730813961422,0.0,7.393858561962851
287,2023-02-15 18:00:00,0.0,0.02656234646474424,0.03955634163461033,0.10943469460265359,0.1587577741355947,1.0,False,False,2000,1.4913026144332258,0.0,7.338195047974525
288,2023-02-16 00:00:00,0.0,0.026742687340421647,0.04039261057200856,0.1141455670195426,0.16189854497759645,1.0,False,False,2000,1.5012560284972025,0.0,7.6033377953396375
289,2023-02-16 06:00:00,0.0,0.028346519773300324,0.04108148385953886,0.11768261099566843,0.1616180670497138,1.0,False,False,2000,1.4958792612207188,0.0,7.867119629670714
290,2023-02-16 12:00:00,0.0,0.026952952342602834,0.04078780584659696,0.11412746140283327,0.1656575443427007,1.0,False,False,2000,1.4703780093043868,0.0,7.761776949916792
291,2023-02-16 18:00:00,0.0,0.026695336038110352,0.041904541948731236,0.12063665116432255,0.16637553375344474,1.0,False,False,2000,1.486567517932627,0.0,8.115114161251972
292,2023-02-17 00:00:00,0.0,0.02815788565372536,0.040423778013878774,0.11623821203308171,0.15687198907375982,1.0,False,False,2000,1.5007766273968357,0.0,7.745204043769132
293,2023-02-17 06:00:00,0.0,0.025991621786494133,0.04070077922146277,0.1135146019455825,0.16469144841847508,1.0,False,False,2000,1.4918093493790419,0.0,7.609189605416562
294,2023-02-17 12:00:00,0.0,0.026986732173029552,0.04043113883911388,0.11470357425369294,0.16120948379094702,1.0,False,False,2000,1.5232773828380752,0.0,7.530051686317591
295,2023-02-17 18:00:00,0.0,0.026662036301358456,0.04061420354311875,0.11374824325182205,0.16617573938260133,1.0,False,False,2000,1.513611027432444,0.0,7.515024744816673
296,2023-02-18 00:00:00,0.0,0.027762000846845276,0.041343090075382734,0.11513395556787752,0.16482479657520294,1.0,False,False,2000,1.5136794262901958,0.0,7.606231119230694
297,2023-02-18 06:00:00,0.0,0.029136807280361516,0.04320187019830222,0.1230589372496027,0.1677272429253343,1.0,False,False,2000,1.534557785443308,0.0,8.019179102731087
298,2023-02-18 12:00:00,0.0,0.028752237804776166,0.043208257286315,0.12253591185363905,0.17084122096930288,1.0,False,False,2000,1.5509401308044737,0.0,7.90075061053966
299,2023-02-18 18:00:00,0.0,0.02792110205848364,0.04189311505999499,0.11454364676593609,0.17028402483737126,1.0,False,False,2000,1.5394982031816868,0.0,7.440323511206983
300,2023-02-19 00:00:00,0.0,0.029337840283690474,0.043290732533649935,0.11757796487974276,0.18092231078429868,1.0,False,False,2000,1.526672725243351,0.0,7.701582856338832
301,2023-02-19 06:00:00,0.0,0.02856626568567936,0.043091816684506686,0.12192111646341451,0.17285602207349512,1.0,False,False,2000,1.5010419118517873,0.0,8.12243252508548
302,2023-02-19 12:00:00,0.0,0.027121436661895055,0.040551063608309804,0.11276034096764799,0.1674165617629167,1.0,False,False,2000,1.4884032803728218,0.0,7.575926662792848
303,2023-02-19 18:00:00,0.0,0.027245584384479566,0.04089890568510136,0.11191781096756094,0.1707138283371124,1.0,False,False,2000,1.4702594521695722,0.0,7.61211300511693
304,2023-02-20 00:00:00,0.0,0.030597680179274656,0.04612833924264565,0.1218058685279183,0.19672012768981065,1.0,False,False,2000,1.477912577645244,0.0,8.241750585950856
305,2023-02-20 06:00:00,0.0,0.026523245113387807,0.041051990157707045,0.11206956885061808,0.16903795410807954,1.0,False,False,2000,1.4619603256816296,0.0,7.665705209774852
306,2023-02-20 12:00:00,0.0,0.027570363726473444,0.04140366822805558,0.11243357252524648,0.17203269194493556,1.0,False,False,2000,1.4672510545582726,0.0,7.662872156469193
307,2023-02-20 18:00:00,0.0,0.02836641030521251,0.04265137983338811,0.11791585519629168,0.16876634024358875,1.0,False,False,2000,1.4811745679436015,0.0,7.960969473031186
308,2023-02-21 00:00:00,0.0,0.02765031202799392,0.04015135358643077,0.11069252821339277,0.15915852728488875,1.0,False,False,2000,1.5076593446749624,0.0,7.34201188115589
309,2023-02-21 06:00:00,0.0,0.02696559923251528,0.041215043799456494,0.11561173978543186,0.1629725676173215,1.0,False,False,2000,1.4916921361386,0.0,7.750375361279631
310,2023-02-21 12:00:00,0.0,0.027315859515382884,0.04132590164012886,0.11424334362359982,0.17110953627866998,1.0,False,False,2000,1.4798988286351424,0.0,7.719672548762158
311,2023-02-21 18:00:00,0.0,0.02767262133100468,0.0406570173052337,0.1177745611679521,0.15962332845575106,1.0,False,False,2000,1.4639257160443393,0.0,8.045118674886707
312,2023-02-22 00:00:00,0.0,0.025855985345217415,0.03966472030808019,0.11267347047653921,0.15959497452911867,1.0,False,False,2000,1.4845694375703071,0.0,7.589639637263727
313,2023-02-22 06:00:00,0.0,0.029725243551682906,0.041955213232169726,0.11694104993799728,0.1728650025932065,1.0,False,False,2000,1.4895815185587586,0.0,7.850597532328633
314,2023-02-22 12:00:00,0.0,0.026291564037328827,0.040436790660538104,0.11214769543374692,0.16541686803898775,1.0,False,False,2000,1.5238940490886175,0.0,7.3592842954415465
315,2023-02-22 18:00:00,0.0,0.026197802359608658,0.04010797920441207,0.10939127116288021,0.16226782380322802,1.0,False,False,2000,1.5246356633609794,0.0,7.17491226210286
316,2023-02-23 00:00:00,0.0,0.028886623856586083,0.041957441471017626,0.11792791122641037,0.16796424899633386,1.0,False,False,2000,1.5649126175273897,0.0,7.535750552816177
317,2023-02-23 06:00:00,0.0,0.027519313619634445,0.040725241087333705,0.11492851660844408,0.166329887167173,1.0,False,False,2000,1.5284443297475194,0.0,7.519313224017056
318,2023-02-23 12:00:00,0.0,0.02920487854333657,0.041811646236789554,0.11561939932503507,0.17082651661266723,1.0,False,False,2000,1.50459775496891,0.0,7.684405944592424
319,2023-02-23 18:00:00,0.0,0.027531865852031677,0.04121952992829378,0.11478630139927591,0.17074528132895242,1.0,False,False,2000,1.5088608311867835,0.0,7.607481023216142
320,2023-02-24 00:00:00,0.0,0.02907159951737956,0.04226449601151625,0.11733429740942282,0.16119305696704628,1.0,False,False,2000,1.524519155808294,0.0,7.696479047992851
321,2023-02-24 06:00:00,0.0,0.027713842551612536,0.04088776358367202,0.11423727812828717,0.16479863867822536,1.0,False,False,2000,1.543155100727262,0.0,7.402838384453328
322,2023-02-24 12:00:00,0.0,0.027013551839984717,0.04122453055452514,0.11407493978511525,0.1671742788391376,1.0,False,False,2000,1.5558418518019912,0.0,7.332039542000528
323,2023-02-24 18:00:00,0.0,0.027133196293537165,0.04073062951027765,0.11070036152215339,0.1656234055551881,1.0,False,False,2000,1.5856160956875702,0.0,6.981536187935228
324,2023-02-25 00:00:00,0.0,0.027665255099749337,0.04148759625437277,0.11568883508607625,0.1722759950203017,1.0,False,False,2000,1.544017094308944,0.0,7.492717244678896
325,2023-02-25 06:00:00,0.0,0.028379189313496162,0.041476358694261646,0.11675052130763072,0.16539649153381808,1.0,False,False,2000,1.565572557574657,0.0,7.457368918659221
326,2023-02-25 12:00:00,0.0,0.02599170142600319,0.0397179562956027,0.1138819815225273,0.15867453246534838,1.0,False,False,2000,1.5451772318097947,0.0,7.370156586448184
327,2023-02-25 18:00:00,0.0,0.02621835253486852,0.040256839841516893,0.11162503692077007,0.16253530393751842,1.0,False,False,2000,1.4913882549820825,0.0,7.484639666959904
328,2023-02-26 00:00:00,0.0,0.027869917499780118,0.04195164336741624,0.11670995493789878,0.17224199769840304,1.0,False,False,2000,1.4954229421093885,0.0,7.804478027685733
329,2023-02-26 06:00:00,0.0,0.027787642577781928,0.04063629684556967,0.11279458493668472,0.1630596054571666,1.0,False,False,2000,1.4273171611345545,0.0,7.902559291519054
330,2023-02-26 12:00:00,0.0,0.028890068368304093,0.04170099004214132,0.11872199833089961,0.16586843483478375,1.0,False,False,2000,1.4121784170608147,0.0,8.407011245646796
331,2023-02-26 18:00:00,0.0,0.02750565597759693,0.041115978561898706,0.1155375815085674,0.1702606391010433,1.0,False,False,2000,1.39076729494963,0.0,8.30747041062336
332,2023-02-27 00:00:00,0.0,0.030594092251845447,0.04320419441206873,0.11933620645594602,0.17050239958793545,1.0,False,False,2000,1.3944344958073236,0.0,8.55803602211196
333,2023-02-27 06:00:00,0.0,0.02919824858247781,0.041820885561812564,0.11618599971846419,0.17248911057860694,1.0,False,False,2000,1.3958885196024486,0.0,8.323444034882826
334,2023-02-27 12:00:00,0.0,0.031091037309546814,0.04279385479780329,0.12162570586766407,0.1630866851758828,1.0,False,False,2000,1.4083247610105885,0.0,8.636197362630169
335,2023-02-27 18:00:00,0.0,0.03010339272380263,0.04195359683225478,0.11906237659811278,0.17143091823969522,1.0,False,False,2000,1.4396461145041684,0.0,8.270253043340398
336,2023-02-28 00:00:00,0.0,0.028863730151624,0.04223757283644406,0.1145239714780264,0.17779069593388253,1.0,False,False,2000,1.4417833397533366,0.0,7.943216454257226
337,2023-02-28 06:00:00,0.0,0.031203419468138933,0.04404580347847281,0.12471441728035876,0.17458189348022762,1.0,False,False,2000,1.4411720341067475,0.0,8.653680083214907
338,2023-02-28 12:00:00,0.0,0.029504752415346985,0.043046527991796875,0.12333985602308875,0.16842272671454375,1.0,False,False,2000,1.4182887576474186,0.0,8.696385369907205
339,2023-02-28 18:00:00,0.0,0.027762756915897278,0.041420107689358755,0.11831880437853379,0.16306231809166405,1.0,False,False,2000,1.379182350274923,0.0,8.57890940635576
340,2023-03-01 00:00:00,0.0,0.027660225086299284,0.040946231958132746,0.11510568794122805,0.16470689700088234,1.0,False,False,2000,1.3945165634203942,0.0,8.254164271731781
341,2023-03-01 06:00:00,0.0,0.02564666573329059,0.039293408479078556,0.11072768768949372,0.16199632389465454,1.0,False,False,2000,1.413389078091411,0.0,7.834197207680163
342,2023-03-01 12:00:00,0.0,0.02985648413196808,0.04267055174848489,0.11706900747539624,0.17184608428651704,1.0,False,False,2000,1.4416335563109275,0.0,8.120580085203505
343,2023-03-01 18:00:00,0.0,0.02887141027283385,0.04236302122665044,0.12054051479636868,0.17017495487614273,1.0,False,False,2000,1.4193116916573314,0.0,8.492885354563198
344,2023-03-02 00:00:00,0.0,0.0328936706432858,0.04634922473380656,0.12548535077574108,0.1906460900017556,1.0,False,False,2000,1.4191860026673337,0.0,8.8420651373318
345,2023-03-02 06:00:00,0.0,0.029478187544099643,0.041542446394980906,0.11740099482134948,0.16760547051366526,1.0,False,False,2000,1.4193469067022657,0.0,8.271479950882545
346,2023-03-02 12:00:00,0.0,0.03085356529963029,0.043583130533720434,0.12028937257711882,0.1802581497399641,1.0,False,False,2000,1.4160589054669763,0.0,8.494658810641127
347,2023-03-02 18:00:00,0.0,0.029863132608262368,0.04230034423910912,0.11441206783842746,0.17044904054367982,1.0,False,False,2000,1.4150411706230708,0.0,8.085423252247109
348,2023-03-03 00:00:00,0.0,0.0316302795325862,0.04443725871871938,0.12682186775546408,0.16902948818241673,1.0,False,False,2000,1.4074630660421579,0.0,9.010671101451509
349,2023-03-03 06:00:00,0.0,0.02917532974316569,0.04171775589745455,0.11680309321786177,0.17425884321937452,1.0,False,False,2000,1.4164229079208683,0.0,8.246343134150104
350,2023-03-03 12:00:00,0.0,0.030984327961323867,0.043979031804048926,0.12411814121046137,0.18360055217126323,1.0,False,False,2000,1.4450018741669173,0.0,8.589479600641962
351,2023-03-03 18:00:00,0.0,0.03051775724609806,0.043283281084829546,0.12095096277467116,0.16942463152601123,1.0,False,False,2000,1.4250697030921027,0.0,8.487371706256397
352,2023-03-04 00:00:00,0.0,0.030358070646810346,0.042643994046931234,0.12135188757464369,0.16897329474223718,1.0,False,False,2000,1.4270502001870415,0.0,8.503687365639854
353,2023-03-04 06:00:00,0.0,0.030575681181769874,0.043237541217237586,0.12445134240718116,0.17614881516710512,1.0,False,False,2000,1.4280653539631087,0.0,8.714681163702268
354,2023-03-04 12:00:00,0.0,0.02811158788305928,0.04107425774602175,0.11700537947102989,0.16149545573164298,1.0,False,False,2000,1.429223786628563,0.0,8.186638129430888
355,2023-03-04 18:00:00,0.00031096501270870715,0.028496327390305554,0.04186755676374404,0.11242063635129332,0.18218370842003198,0.5165,False,False,2000,1.3871967813301505,0.022416791683334943,8.104159255869654
356,2023-03-05 00:00:00,0.0072552206334561805,0.03173960814240778,0.044512201345208294,0.12626633393160586,0.18167308984563607,0.5045,False,False,2000,1.3578345079192762,0.5343228936325948,9.299095964580719
357,2023-03-05 06:00:00,0.00426768786925806,0.02850537418515762,0.04170077390569907,0.11978134210206792,0.16248216536602691,0.4835,False,False,2000,1.3633193402686588,0.31303655300724037,8.786007691966253
358,2023-03-05 12:00:00,0.0,0.028705315100198914,0.041328918866413634,0.11532669793417952,0.16847444380982032,1.0,False,False,2000,1.37673028176493,0.0,8.37685489029368
359,2023-03-05 18:00:00,0.0,0.02830724841211832,0.04160430767657853,0.11691325071398974,0.1704023883881367,1.0,False,False,2000,1.2983187066658786,0.0,9.004973132847056
360,2023-03-06 00:00:00,0.0,0.02501964682715569,0.037888724687978964,0.10605062366951959,0.14788323769377404,1.0,False,False,2000,1.2961332961549774,0.0,8.182076950273732
361,2023-03-06 06:00:00,0.0,0.0245278919667479,0.03835241812537266,0.10218909692646498,0.16150727890523428,1.0,False,False,2000,1.3126616567354132,0.0,7.7848771160581505
362,2023-03-06 12:00:00,0.0,0.026485188222826063,0.04007752266574757,0.11295693391810428,0.16238351181893348,1.0,False,False,2000,1.3233529798973909,0.0,8.535661734548151
363,2023-03-06 18:00:00,0.0,0.02388876632020573,0.03852351919789831,0.10510441415253646,0.15538011259386303,1.0,False,False,2000,1.3022401394168264,0.0,8.071047034351489
364,2023-03-07 00:00:00,0.0,0.024590446678339588,0.037434601294397137,0.10144134202898622,0.15763571534270113,1.0,False,False,2000,1.288353743880418,0.0,7.873718108153514
365,2023-03-07 06:00:00,0.0,0.025885301279040165,0.0398969644555045,0.11065814219022613,0.16657772878955676,1.0,False,False,2000,1.298064533305411,0.0,8.524856765668234
366,2023-03-07 12:00:00,0.0,0.02740436337856192,0.041912137770165,0.11630344118237164,0.17457024175851651,1.0,False,False,2000,1.3084265559439998,0.0,8.888801641484674
367,2023-03-07 18:00:00,0.0,0.030193647443948566,0.04252232884443858,0.11964666417351866,0.16416133031644922,1.0,False,False,2000,1.3487585272812366,0.0,8.870873603646217
368,2023-03-08 00:00:00,0.0,0.029570018233374424,0.043205193012910745,0.12304847272576167,0.17499330865371576,1.0,False,False,2000,1.410764467335074,0.0,8.72211312198694
369,2023-03-08 06:00:00,0.0,0.02921125043165725,0.04275370143354458,0.12187797905253024,0.17260886191333463,1.0,False,False,2000,1.4159614787878916,0.0,8.6074360692963
370,2023-03-08 12:00:00,0.0,0.030235401750158188,0.04279153050328088,0.12110163433497961,0.1699809646434768,1.0,False,False,2000,1.407640301909706,0.0,8.60316617609516
371,2023-03-08 18:00:00,0.0,0.030920941950055153,0.04393904363276506,0.123025876360782,0.18191529485378719,1.0,False,False,2000,1.4102620448841392,0.0,8.723618196140933
372,2023-03-09 00:00:00,0.0,0.031218876453337423,0.04332119863653377,0.12256616846320542,0.169780377401399,1.0,False,False,2000,1.4050636170420014,0.0,8.723175732159149
373,2023-03-09 06:00:00,0.0,0.029619449893875032,0.04193263280418321,0.11577786887073845,0.16418188762290145,1.0,False,False,2000,1.3824322729236045,0.0,8.374939672515627
374,2023-03-09 12:00:00,0.0,0.03224998457120482,0.0431835666811264,0.1263870960489329,0.16725137920439576,1.0,False,False,2000,1.3975597586363848,0.0,9.043412653227097
375,2023-03-09 18:00:00,0.0,0.033054231860025055,0.04685400997085048,0.13171944756214152,0.19128738160204456,1.0,False,False,2000,1.4286092288298013,0.0,9.220117363376911
376,2023-03-10 00:00:00,0.0,0.03315203960212883,0.04575265941526196,0.12886280881507867,0.17943610419711903,1.0,False,False,2000,1.430933145021203,0.0,9.005508696436634
377,2023-03-10 06:00:00,0.0,0.028023011032288096,0.04025396249878095,0.1146554522241692,0.15848119871181338,1.0,False,False,2000,1.4858191793867763,0.0,7.7166490926230695
378,2023-03-10 12:00:00,0.0,0.029072935486595834,0.04243405243059487,0.12003267187281776,0.16976813705604052,1.0,False,False,2000,1.4933454349939554,0.0,8.03783699739261
379,2023-03-10 18:00:00,0.0,0.028008825947773437,0.041306821127396476,0.11853656059958873,0.15911640056958215,1.0,False,False,2000,1.5322423749406193,0.0,7.736149485108876
380,2023-03-11 00:00:00,0.0,0.02865233400645162,0.042292883738567925,0.11974551467018765,0.17037312363670132,1.0,False,False,2000,1.5425424551164104,0.0,7.762866705743335
381,2023-03-11 06:00:00,0.0,0.030761330520022764,0.04334972111624234,0.1233327013986891,0.16693629937800358,1.0,False,False,2000,1.5728024001388043,0.0,7.8415890888648585
382,2023-03-11 12:00:00,0.0,0.030241205213496457,0.04228614873955348,0.12106071557771902,0.16422640949826953,1.0,False,False,2000,1.5974129285728913,0.0,7.578548627741053
383,2023-03-11 18:00:00,0.0,0.03092231106807906,0.04275605488741732,0.12001585854494153,0.1776914184445597,1.0,False,False,2000,1.6052967185678988,0.0,7.476241442267999
384,2023-03-12 00:00:00,0.0,0.030480066679081902,0.04319798616891378,0.11979762650486588,0.17903144557731268,1.0,False,False,2000,1.5788330524033476,0.0,7.587732364894838
385,2023-03-12 06:00:00,0.0,0.030281246570692397,0.042202320609368675,0.11307479939781283,0.16476941062604258,1.0,False,False,2000,1.5972885426927093,0.0,7.07917175735771
386,2023-03-12 12:00:00,0.0,0.028533907843362707,0.04166178481418586,0.11986538992664764,0.1656344868610252,1.0,False,False,2000,1.5994095860948472,0.0,7.494352351564526
387,2023-03-12 18:00:00,0.0,0.028180715070496562,0.04101123935658578,0.11591889386514047,0.15966149801150373,1.0,False,False,2000,1.5842607458589595,0.0,7.316907533569621
388,2023-03-13 00:00:00,0.0,0.027163348557570657,0.04048180622725955,0.10887976930100365,0.16170023315444443,1.0,False,False,2000,1.6119071461269936,0.0,6.7547172033211895
389,2023-03-13 06:00:00,0.0,0.027847816340677064,0.04046506258760728,0.11429697554071881,0.16492202112944201,1.0,False,False,2000,1.582498003275294,0.0,7.222566809193978
390,2023-03-13 12:00:00,0.0,0.026372706832181153,0.041185188227452714,0.11560963078790612,0.1668412458149874,1.0,False,False,2000,1.5665489378141642,0.0,7.3798927053768555
391,2023-03-13 18:00:00,0.0,0.029072179520815516,0.04213574951169573,0.1209945151170621,0.1625431809914257,1.0,False,False,2000,1.5819777530664194,0.0,7.648306993099804
392,2023-03-14 00:00:00,0.0,0.02951365493172712,0.043815205468819965,0.12317304573032972,0.16929254397136345,1.0,False,False,2000,1.5943919363249797,0.0,7.725393168648324
393,2023-03-14 06:00:00,0.0,0.029733296842451993,0.0433527853634458,0.11832558692941872,0.17769478504495792,1.0,False,False,2000,1.5997868726704136,0.0,7.396334408714456
394,2023-03-14 12:00:00,0.0,0.02953647617616625,0.04289253326822635,0.1206130437917404,0.16590654414025674,1.0,False,False,2000,1.6015637065820871,0.0,7.530955109437507
395,2023-03-14 18:00:00,0.0,0.028465235111703974,0.04307071640664438,0.12078153064924818,0.17599558869093093,1.0,False,False,2000,1.5616905038087006,0.0,7.734024786260936
396,2023-03-15 00:00:00,0.0,0.028841717536924924,0.04257587930261325,0.11780326315884997,0.17041245322552298,1.0,False,False,2000,1.5313600271255752,0.0,7.6927215724685905
397,2023-03-15 06:00:00,0.0,0.028612588546342098,0.041924547332323356,0.11808846753511261,0.17059501834755317,1.0,False,False,2000,1.542251865724489,0.0,7.656886022286594
398,2023-03-15 12:00:00,0.0,0.030061748175088738,0.04283393378429777,0.11773885994318622,0.1684063574560149,1.0,False,False,2000,1.547642999994137,0.0,7.607623976823612
399,2023-03-15 18:00:00,0.0,0.0296154944609076,0.04318316775015368,0.12081218253598015,0.17115565623535187,1.0,False,False,2000,1.5337824888945377,0.0,7.8767480663477025
400,2023-03-16 00:00:00,0.0,0.029934835489015186,0.04261861382083064,0.12064837245107635,0.17195872649047278,1.0,False,False,2000,1.4990110324150314,0.0,8.048531321127223
401,2023-03-16 06:00:00,0.0,0.031026488349667765,0.04378805593239293,0.1258379292487627,0.1726907818519013,1.0,False,False,2000,1.472545383354169,0.0,8.545606177660115
402,2023-03-16 12:00:00,0.0,0.030892763057199048,0.04440436266013035,0.12816685044940843,0.16827842605465132,1.0,False,False,2000,1.4903508419931712,0.0,8.599777102014459
403,2023-03-16 18:00:00,0.0,0.032421954370785065,0.045140624939020796,0.1262806665738054,0.18136400761618882,1.0,False,False,2000,1.4867986504123767,0.0,8.493461205307144
404,2023-03-17 00:00:00,0.0,0.02926160179624468,0.042715746030032746,0.1213363370028279,0.1730676998543684,1.0,False,False,2000,1.509746892118079,0.0,8.036866155266644
405,2023-03-17 06:00:00,0.0,0.029263557516443436,0.043283767153871895,0.12229996775052175,0.16728140812705533,1.0,False,False,2000,1.5369196187865888,0.0,7.9574732637663
406,2023-03-17 12:00:00,0.0,0.029393703329879926,0.04329944030845025,0.1198324276364564,0.1667130997596114,1.0,False,False,2000,1.5294753303811588,0.0,7.834871557332873
407,2023-03-17 18:00:00,0.0,0.030565021635151634,0.04467786441013004,0.1255526476037015,0.18255355280946942,1.0,False,False,2000,1.539158738845725,0.0,8.157225400796431
408,2023-03-18 00:00:00,0.0,0.0322279216807525,0.04506462691145054,0.12644419306515087,0.1816932114395042,1.0,False,False,2000,1.5618526236709867,0.0,8.095782607705699
409,2023-03-18 06:00:00,0.0,0.031489692298811205,0.044361866892657045,0.12020810453326708,0.17840853405123522,1.0,False,False,2000,1.5339068655215313,0.0,7.836727720258041
410,2023-03-18 12:00:00,0.0,0.03055780215071214,0.04374450505385412,0.12139180691353246,0.17225449478043084,1.0,False,False,2000,1.5257205622970385,0.0,7.956359107513884
411,2023-03-18 18:00:00,0.0,0.03169990694112275,0.044786317509011644,0.1263080267030275,0.18004191250335067,1.0,False,False,2000,1.5158530003262722,0.0,8.332471992722311
412,2023-03-19 00:00:00,0.0,0.031249874744173595,0.042364895641890235,0.12074148082036064,0.1698195897101173,1.0,False,False,2000,1.4980648231003004,0.0,8.05983018615187
413,2023-03-19 06:00:00,0.0,0.03271089502566156,0.045879255540594334,0.12873023522421992,0.18210501843542926,1.0,False,False,2000,1.4750322951923334,0.0,8.727282490274861
414,2023-03-19 12:00:00,0.0,0.03448165991146124,0.0458889365921821,0.12651669601779425,0.1835789939093371,1.0,False,False,2000,1.4921857532454519,0.0,8.478615731494878
415,2023-03-19 18:00:00,0.0,0.02979090149246226,0.0431478357591247,0.12122517032220104,0.17015904969448262,1.0,False,False,2000,1.475680205967837,0.0,8.21486727489812
416,2023-03-20 00:00:00,0.0,0.029934249238449874,0.043455105093171464,0.12442073341228099,0.1718464767781801,1.0,False,False,2000,1.48101131675352,0.0,8.401065677541203
417,2023-03-20 06:00:00,0.0,0.030702417540560845,0.04357175679518808,0.12495639717360318,0.16817482249234847,1.0,False,False,2000,1.4900935372719026,0.0,8.385808947428645
418,2023-03-20 12:00:00,0.0,0.027809087893656943,0.0413790607710414,0.11711931095245307,0.16460987772830515,1.0,False,False,2000,1.5216979337659204,0.0,7.696620226236653
419,2023-03-20 18:00:00,0.0,0.030496289374672657,0.04334249363091845,0.11780550316314867,0.17819738115899988,1.0,False,False,2000,1.6094538675577592,0.0,7.319594897237458
420,2023-03-21 00:00:00,0.0,0.030886311037172893,0.04526865493774976,0.12775229465539312,0.18510513245431218,1.0,False,False,2000,1.6274239423956371,0.0,7.84997020919677
421,2023-03-21 06:00:00,0.0,0.030531450919925603,0.04437876939067653,0.1224196725170062,0.18836122833930496,1.0,False,False,2000,1.6251549466505133,0.0,7.532800042809231
422,2023-03-21 12:00:00,0.0,0.0299568456860918,0.04370996762476365,0.12285450801108402,0.17463478321047887,1.0,False,False,2000,1.594134851568931,0.0,7.7066571808634565
423,2023-03-21 18:00:00,0.0,0.030240570053840836,0.04452290074681716,0.12571975079423423,0.1748160887429879,1.0,False,False,2000,1.5955088180840988,0.0,7.879602379459088
424,2023-03-22 00:00:00,0.0,0.030413351182137803,0.0432853728599749,0.12047183077461149,0.16640509494990685,1.0,False,False,2000,1.5447659946302241,0.0,7.798710691029241
425,2023-03-22 06:00:00,0.0,0.025711671719676085,0.03956999215128912,0.11437036543516661,0.15464754932966024,1.0,False,False,2000,1.5444983351854387,0.0,7.405017074455755
426,2023-03-22 12:00:00,0.0,0.02787670110995281,0.04222376529178623,0.11827678609450562,0.17304068141973425,1.0,False,False,2000,1.5012607416479689,0.0,7.878497239904537
427,2023-03-22 18:00:00,0.0,0.028901334799791102,0.042465166962556714,0.1174580663769212,0.1727540198202961,1.0,False,False,2000,1.5506715609164832,0.0,7.574657931270806
428,2023-03-23 00:00:00,0.0,0.026754401690590797,0.04202892040305515,0.11732172049602435,0.18051355767150715,1.0,False,False,2000,1.493961838129626,0.0,7.853060064968323
429,2023-03-23 06:00:00,0.0,0.027886180697475425,0.041719224332401335,0.11659682490606439,0.16701686174418415,1.0,False,False,2000,1.4893312901686628,0.0,7.828803817910796
430,2023-03-23 12:00:00,0.0,0.03034022460069451,0.04527020748950939,0.12360429441622942,0.1799579240329191,1.0,False,False,2000,1.4848146227650185,0.0,8.32456069068432
431,2023-03-23 18:00:00,0.0,0.027470133616494714,0.04252567766085544,0.12057338443374838,0.1729241582606328,1.0,False,False,2000,1.5172887981783723,0.0,7.946633796974344
432,2023-03-24 00:00:00,0.0,0.030034890875579687,0.0435444984352126,0.11746824279956555,0.17579204399998682,1.0,False,False,2000,1.4960354492722032,0.0,7.851969206793324
433,2023-03-24 06:00:00,0.0,0.030436728805432297,0.044698834350946376,0.12180690485669961,0.1824955098165799,1.0,False,False,2000,1.4895674475086613,0.0,8.177333967684692
434,2023-03-24 12:00:00,0.0,0.029410163085636876,0.043962365643958556,0.1221925719198928,0.18421561063341205,1.0,False,False,2000,1.4575291843639937,0.0,8.383542040237957
435,2023-03-24 18:00:00,0.0,0.030328999166981327,0.04337910568184513,0.12501903705190082,0.16924720164231272,1.0,False,False,2000,1.4588459639374214,0.0,8.56972155678964
436,2023-03-25 00:00:00,0.0,0.028775582025755406,0.0437452425885007,0.12452066765278337,0.17671436621772843,1.0,False,False,2000,1.46271564722003,0.0,8.512978437705348
437,2023-03-25 06:00:00,0.0,0.029561414773639414,0.044918463235195376,0.1250079205719125,0.19149136012092216,1.0,False,False,2000,1.4653516618006825,0.0,8.530916081829654
438,2023-03-25 12:00:00,0.0,0.027235935169826576,0.042329016974607815,0.11657797936795332,0.17061826275481373,1.0,False,False,2000,1.4664141501525376,0.0,7.9498673247136065
439,2023-03-25 18:00:00,0.0,0.026882749372367783,0.04095515437072318,0.11368368253842413,0.1668177026261256,1.0,False,False,2000,1.4828259703347626,0.0,7.666690819608381
440,2023-03-26 00:00:00,0.0,0.026196076020940276,0.042168996929666906,0.11714207816895876,0.17956984836907094,1.0,False,False,2000,1.4847222465206975,0.0,7.889831141378116
441,2023-03-26 06:00:00,0.0,0.027762052657139723,0.04354739636274399,0.12175884308552334,0.17557786420443938,1.0,False,False,2000,1.524276708547272,0.0,7.987975044345255
442,2023-03-26 12:00:00,0.0,0.027243601941291055,0.041944172933032854,0.11218002708760604,0.1752229600494692,1.0,False,False,2000,1.5182927183908062,0.0,7.388563860498676
443,2023-03-26 18:00:00,0.0,0.02690006766784875,0.04228719986558181,0.1182249234776939,0.17328598870913894,1.0,False,False,2000,1.5340242166814844,0.0,7.706848574623344
444,2023-03-27 00:00:00,0.0,0.027862082425390462,0.042798721998263255,0.12019795990908357,0.17739109668741204,1.0,False,False,2000,1.5273127834468867,0.0,7.869898112017179
445,2023-03-27 06:00:00,0.0,0.02606781693762504,0.04149776479749263,0.11746914876775244,0.16711150915051054,1.0,False,False,2000,1.499233838259477,0.0,7.835278644999587
446,2023-03-27 12:00:00,0.0,0.027153820541198668,0.0416150074001211,0.11960752993676256,0.16561164269798262,1.0,False,False,2000,1.4993740797896353,0.0,7.977164041247378
447,2023-03-27 18:00:00,0.0,0.027450726055356398,0.04171679887128276,0.12177024917882827,0.1636865171098196,1.0,False,False,2000,1.5151768482834451,0.0,8.03670207321229
448,2023-03-28 00:00:00,0.0,0.02758408199063686,0.043200705845885805,0.11778681060413276,0.18585709668046776,1.0,False,False,2000,1.5086501072406546,0.0,7.807430632114344
449,2023-03-28 06:00:00,0.0,0.02726837562689549,0.04263224968542586,0.11538360385762923,0.1825113205885366,1.0,False,False,2000,1.4949349979396713,0.0,7.71830240222161
450,2023-03-28 12:00:00,0.0,0.02826587178976195,0.04285537901772811,0.11832532522068807,0.17422697619112923,1.0,False,False,2000,1.4635204459739606,0.0,8.084979307681865
451,2023-03-28 18:00:00,0.0,0.027296679495982027,0.04243085932503708,0.12019156822681021,0.17049661935016244,1.0,False,False,2000,1.438590717920939,0.0,8.354813271735264
452,2023-03-29 00:00:00,0.0,0.02766438527141587,0.042088691182319005,0.11546668354641637,0.17948178867492087,1.0,False,False,2000,1.4691744407016307,0.0,7.859290248152777
453,2023-03-29 06:00:00,0.0,0.0291428671741326,0.04350257390016229,0.12203889328961418,0.17279503687154035,1.0,False,False,2000,1.4431499607979161,0.0,8.456424945758165
454,2023-03-29 12:00:00,0.0,0.03004658910701242,0.043679478697797286,0.12513735927948924,0.17649767729196714,1.0,False,False,2000,1.461373254546763,0.0,8.562997775561447
455,2023-03-29 18:00:00,0.0,0.02817679807799771,0.042793412377982544,0.12350862803586536,0.179265610736942,1.0,False,False,2000,1.4607954811149326,0.0,8.45488842432611
456,2023-03-30 00:00:00,0.0,0.0275138413211746,0.04219285364565891,0.12136761138753646,0.17402114018010983,1.0,False,False,2000,1.4694694164321778,0.0,8.259281209282527
457,2023-03-30 06:00:00,0.0,0.030548123183072356,0.04549036645652221,0.12490734538024477,0.18193705193072607,1.0,False,False,2000,1.5126706329485116,0.0,8.257405324037673
458,2023-03-30 12:00:00,0.0,0.0295337543021338,0.043887487702288404,0.11974634905166874,0.1781994732463495,1.0,False,False,2000,1.5352906289568666,0.0,7.7995883511012405
459,2023-03-30 18:00:00,0.0,0.031272892131020295,0.04572291095513832,0.12832577930742092,0.17800236833960298,1.0,False,False,2000,1.535712410457928,0.0,8.356107460846523
460,2023-03-31 00:00:00,0.0,0.031725706408449995,0.045920638464116634,0.12769994942320617,0.17936385280255543,1.0,False,False,2000,1.5392509026994026,0.0,8.296240021640218
461,2023-03-31 06:00:00,0.0,0.030833284641882116,0.045629083024195626,0.12742268587447778,0.19075976027821875,1.0,False,False,2000,1.546349809872945,0.0,8.240223852386116
462,2023-03-31 12:00:00,0.0,0.02940434785205867,0.0446635075734283,0.12482890967283339,0.18877501972039287,1.0,False,False,2000,1.4984241671983682,0.0,8.330679149831676
463,2023-03-31 18:00:00,0.0,0.031828351728277936,0.045323401027268874,0.12613622432200533,0.18402820939746276,1.0,False,False,2000,1.4874640371626784,0.0,8.479951190121465
464,2023-04-01 00:00:00,0.0,0.032882553880934536,0.04647722033290902,0.1344212021197016,0.18588287954343524,1.0,False,False,2000,1.4606571365260133,0.0,9.202789536181317
465,2023-04-01 06:00:00,0.0,0.029721240400288798,0.04483540444154297,0.12400868163939793,0.1820137767111328,1.0,False,False,2000,1.4293275909261105,0.0,8.676015381403813
466,2023-04-01 12:00:00,0.0,0.031819563244493164,0.04691751056861833,0.13039613574727887,0.1885867120599393,1.0,False,False,2000,1.3881020572895864,0.0,9.393843562330776
467,2023-04-01 18:00:00,0.0,0.03264064007749668,0.04692814497134321,0.12977480363042523,0.19075690061392445,1.0,False,False,2000,1.4072935434970852,0.0,9.221587367475479
468,2023-04-02 00:00:00,0.0,0.02810772168352184,0.04283872144965776,0.1202797958559619,0.17719767747016585,1.0,False,False,2000,1.4692201242287983,0.0,8.18664227861005
469,2023-04-02 06:00:00,0.0,0.02886158648776655,0.04484690420255894,0.12574254227846304,0.18755015656472687,1.0,False,False,2000,1.4545847306813455,0.0,8.644566358094773
470,2023-04-02 12:00:00,0.0,0.02916932754246146,0.04331916067303058,0.12014949443110137,0.18000624338071924,1.0,False,False,2000,1.4764245698990321,0.0,8.13786880011879
471,2023-04-02 18:00:00,0.0,0.02853898614220782,0.04337908845203268,0.11938727878471896,0.17595249584690525,1.0,False,False,2000,1.453634214109946,0.0,8.213020691578814
472,2023-04-03 00:00:00,0.0,0.02964748119615846,0.04265668805056085,0.11837803330226859,0.17223928246119136,1.0,False,False,2000,1.439613823363757,0.0,8.222901960309756
473,2023-04-03 06:00:00,0.0,0.025894868151055454,0.04012614534110009,0.11290486835480198,0.1648490639969459,1.0,False,False,2000,1.4426459471155508,0.0,7.826235437776384
474,2023-04-03 12:00:00,0.0,0.027455864011475525,0.0413570606967326,0.11567598422738197,0.1728102917287039,1.0,False,False,2000,1.4413245989186552,0.0,8.025671962732556
475,2023-04-03 18:00:00,0.0,0.025738535385948454,0.0404369962661202,0.11283177132263725,0.17087682211864635,1.0,False,False,2000,1.4409296754888001,0.0,7.830484252075788
476,2023-04-04 00:00:00,0.0,0.02653675223936132,0.04205906123872228,0.11624229897371757,0.17865368939115867,1.0,False,False,2000,1.4642110892925364,0.0,7.9389030600691886
477,2023-04-04 06:00:00,0.0,0.02771578418890825,0.04303858037525687,0.11923025654725244,0.185454646543403,1.0,False,False,2000,1.4247328990589943,0.0,8.368604152118722
478,2023-04-04 12:00:00,0.0,0.026496958783107427,0.04167096194042478,0.11637674771992806,0.17267889573763284,1.0,False,False,2000,1.4318389691108415,0.0,8.127781840732895
479,2023-04-04 18:00:00,0.0,0.02616171935500697,0.04083753291702775,0.11929052453670758,0.1613619326583876,1.0,False,False,2000,1.4081640764239018,0.0,8.471351210694952
480,2023-04-05 00:00:00,0.0,0.02615787679752421,0.04092741475690985,0.11050132175771887,0.16402607950726777,1.0,False,False,2000,1.4250604383388907,0.0,7.7541498440952985
481,2023-04-05 06:00:00,0.0,0.02867156504407283,0.043059508486036645,0.12526092573249623,0.17722866843654084,1.0,False,False,2000,1.4212109729999347,0.0,8.813675669003013
482,2023-04-05 12:00:00,0.0,0.02907636289923699,0.04309998093338165,0.12395225406563609,0.17572771753578223,1.0,False,False,2000,1.385985452682201,0.0,8.94325794154332
483,2023-04-05 18:00:00,0.0,0.027637676161090908,0.04225568884607819,0.11877487831406676,0.17235842602096701,1.0,False,False,2000,1.4073362484998169,0.0,8.439694382964813
484,2023-04-06 00:00:00,0.0,0.028179940213236276,0.04167281267166919,0.11517417235994452,0.17518939057945565,1.0,False,False,2000,1.3966411205788822,0.0,8.246511624418371
485,2023-04-06 06:00:00,0.0,0.02665677673904919,0.04022637093324792,0.1124215251635638,0.16199349448350253,1.0,False,False,2000,1.4152892667828638,0.0,7.943360258720291
486,2023-04-06 12:00:00,0.0,0.02585018715181168,0.04091463763981435,0.11110732305158098,0.18226605111851754,1.0,False,False,2000,1.4242415350022122,0.0,7.80115734031085
487,2023-04-06 18:00:00,0.0,0.025169675607363218,0.039246695669733996,0.10862838469026508,0.16137650779227117,1.0,False,False,2000,1.4113565185855668,0.0,7.696735960034412
488,2023-04-07 00:00:00,0.0,0.024191306989062952,0.03894279907254367,0.11066734475553643,0.1582592155531384,1.0,False,False,2000,1.4295497261806824,0.0,7.741412748978349
489,2023-04-07 06:00:00,0.0,0.024196067432831675,0.039105642568129435,0.10823224431845464,0.16042076031098815,1.0,False,False,2000,1.4289063892382639,0.0,7.574481095024861
490,2023-04-07 12:00:00,0.0,0.024887252741706414,0.039817112601790064,0.11156751701189517,0.15671579280010803,1.0,False,False,2000,1.455091479561958,0.0,7.667388516733088
491,2023-04-07 18:00:00,0.0,0.021993469959175782,0.03726905448157086,0.10766012743228237,0.15484030023803746,1.0,False,False,2000,1.4537060611246415,0.0,7.405907584164055
492,2023-04-08 00:00:00,0.0,0.02433823518753316,0.03930908260092886,0.10808792311741698,0.16379780481806733,1.0,False,False,2000,1.4729429770912745,0.0,7.338228621101537
493,2023-04-08 06:00:00,0.0,0.022724245096611428,0.03809190184976144,0.10261266037125515,0.15950484378555635,1.0,False,False,2000,1.4298208241417416,0.0,7.17660972890425
494,2023-04-08 12:00:00,0.0,0.022169218371894308,0.037059989171805995,0.10197448260945295,0.15749642671023162,1.0,False,False,2000,1.436591443815887,0.0,7.098363494257449
495,2023-04-08 18:00:00,0.0,0.021883686779603777,0.036238138373120087,0.09938979960099224,0.14788035512511835,1.0,False,False,2000,1.4836063746551815,0.0,6.699202787133637
496,2023-04-09 00:00:00,0.0,0.021893142873298466,0.03673834318405613,0.10400408806624221,0.1548059815598014,1.0,False,False,2000,1.4793474416713979,0.0,7.03040307750397
497,2023-04-09 06:00:00,0.0,0.022273335788381872,0.03661896124050062,0.10010337027348719,0.15248568019053962,1.0,False,False,2000,1.5206629057942531,0.0,6.58287710524526
498,2023-04-09 12:00:00,0.0,0.023274142796163987,0.038815481142793366,0.11263669389502369,0.15859959608276353,1.0,False,False,2000,1.5396896093456525,0.0,7.315545497698901
499,2023-04-09 18:00:00,0.0,0.023899501986162155,0.03799546159660015,0.10365833082275513,0.14961889506632356,1.0,False,False,2000,1.5488183316127535,0.0,6.692736566128953
500,2023-04-10 00:00:00,0.0,0.023941237009565172,0.03686290398710852,0.10405098430077962,0.1449799771520288,1.0,False,False,2000,1.5874986999512624,0.0,6.554398079442464
501,2023-04-10 06:00:00,0.0,0.022874267458811517,0.036601683905147196,0.09998439182067961,0.1473399010983545,1.0,False,False,2000,1.6027486562652384,0.0,6.238307636686187
502,2023-04-10 12:00:00,0.0,0.022338191136051243,0.03707516364552776,0.10411992806184822,0.15086131771984948,1.0,False,False,2000,1.597562848388781,0.0,6.517422971300202
503,2023-04-10 18:00:00,0.0,0.023069652446613305,0.037478495667729254,0.10659731498356738,0.15405241135981224,1.0,False,False,2000,1.5847336091770976,0.0,6.726513173335172
504,2023-04-11 00:00:00,0.0,0.02247817159296005,0.03651758719729369,0.10222367646030203,0.15093662035005107,1.0,False,False,2000,1.5724544865133516,0.0,6.500898902769868
505,2023-04-11 06:00:00,0.0,0.020470338309407744,0.03398454097481879,0.09484886096355599,0.14108871591449412,1.0,False,False,2000,1.591772320449633,0.0,5.958695206910228
506,2023-04-11 12:00:00,0.0,0.022972617585432745,0.03757320332841607,0.1024903527522315,0.15461470282633,1.0,False,False,2000,1.5942397246404478,0.0,6.4287918039017855
507,2023-04-11 18:00:00,0.0,0.022921056914086226,0.03746199633656592,0.10372866394612452,0.1565351584107134,1.0,False,False,2000,1.6258730679451592,0.0,6.37987466495283
508,2023-04-12 00:00:00,0.0,0.02283123012515683,0.03772492574179376,0.10679375671432666,0.16424127890092505,1.0,False,False,2000,1.6126404197227442,0.0,6.622291951028199
509,2023-04-12 06:00:00,0.0,0.02174484438685198,0.03558144456780478,0.09810642527312716,0.1472200449955531,1.0,False,False,2000,1.5987347738910067,0.0,6.136504120339822
510,2023-04-12 12:00:00,0.0,0.02215916127692286,0.03691386962257585,0.10371100306015589,0.15443968435933722,1.0,False,False,2000,1.60447140794774,0.0,6.46387355651363
511,2023-04-12 18:00:00,0.0,0.021019648317068935,0.03586554461474433,0.10161474764297748,0.1481996566927504,1.0,False,False,2000,1.5900083295142005,0.0,6.390831152062209
512,2023-04-13 00:00:00,0.0,0.020626594492698266,0.03511081563814976,0.09739222527601307,0.14742457192106154,1.0,False,False,2000,1.567645720156885,0.0,6.212642564817921
513,2023-04-13 06:00:00,0.0,0.020011723404156675,0.03292790980896711,0.09092030498814228,0.13257959175749165,1.0,False,False,2000,1.5509773029667473,0.0,5.862129949563267
514,2023-04-13 12:00:00,0.0,0.022721819383123155,0.03792248654455473,0.10570764688234321,0.15642490671456782,1.0,False,False,2000,1.5419850790515348,0.0,6.855296352631591
515,2023-04-13 18:00:00,0.0,0.021354745756117784,0.035988659065743056,0.10274938959951632,0.14488433923458832,1.0,False,False,2000,1.5811418241290134,0.0,6.498429681101932
516,2023-04-14 00:00:00,0.0,0.020324697864925346,0.034964508279163836,0.09477749927681103,0.14920882759469356,1.0,False,False,2000,1.5447696989448414,0.0,6.135380525754035
517,2023-04-14 06:00:00,0.0,0.02181305895360994,0.03590837354437602,0.10354794697139122,0.14717528803140587,1.0,False,False,2000,1.545575760011571,0.0,6.699635802428476
518,2023-04-14 12:00:00,0.0,0.020163449386484115,0.03546425622087305,0.0980097167461415,0.1483132380908616,1.0,False,False,2000,1.5302225958038969,0.0,6.4049320023700504
519,2023-04-14 18:00:00,0.0,0.020009518382906984,0.035378018057329416,0.09850585422085309,0.14693436838335122,1.0,False,False,2000,1.542619724362834,0.0,6.385621333964214
520,2023-04-15 00:00:00,0.0,0.020684808339655903,0.0349224719558212,0.09868306340584919,0.14487531541624035,1.0,False,False,2000,1.5918284600433859,0.0,6.199352875193571
521,2023-04-15 06:00:00,0.0,0.019512998002776786,0.03443884393632563,0.09805205509164909,0.14130747573556604,1.0,False,False,2000,1.5640830633468361,0.0,6.268980042647901
522,2023-04-15 12:00:00,0.0,0.019217253737881086,0.033910469113574954,0.09562229889078613,0.14176909604452864,1.0,False,False,2000,1.5556431020266344,0.0,6.146801844601306
523,2023-04-15 18:00:00,0.0,0.01981767738084321,0.035612468085689145,0.09684084476778598,0.14161842367511612,1.0,False,False,2000,1.5419082784191231,0.0,6.280584008996584
524,2023-04-16 00:00:00,0.0,0.01958187740309167,0.03463869109769303,0.09784536042941819,0.14811855461205975,1.0,False,False,2000,1.4314732981368703,0.0,6.835290644734242
525,2023-04-16 06:00:00,0.0,0.01741394339234123,0.03100215990625912,0.08666577208967939,0.12335989754642455,1.0,False,False,2000,1.4370566700996943,0.0,6.030783189897935
526,2023-04-16 12:00:00,0.0,0.017695648408626582,0.031913833317205834,0.09051828438023143,0.12988228233555657,1.0,False,False,2000,1.4420328115540586,0.0,6.277130704306315
527,2023-04-16 18:00:00,0.0,0.01813031010860339,0.03323486386627913,0.09506887920128765,0.14219073398569618,1.0,False,False,2000,1.4322815540542932,0.0,6.63758315759779
528,2023-04-17 00:00:00,0.0,0.02005971502617959,0.034778402443539747,0.09742018205813599,0.14713408804283234,1.0,False,False,2000,1.45592986585198,0.0,6.691268882043828
529,2023-04-17 06:00:00,0.0,0.019857960738101865,0.03571089211740411,0.09870556362563312,0.14940672955810155,1.0,False,False,2000,1.477362244601582,0.0,6.68120252743106
530,2023-04-17 12:00:00,0.0,0.02045800916842369,0.034891433185584034,0.10073235050529314,0.145389847782811,1.0,False,False,2000,1.4578748744391796,0.0,6.909533340029831
531,2023-04-17 18:00:00,0.0,0.01912556308225051,0.033015044741689946,0.09594502186248521,0.13478248599165196,1.0,False,False,2000,1.4609579739654686,0.0,6.567267749808181
532,2023-04-18 00:00:00,0.0,0.019638227897640338,0.033775147005758996,0.09347111575750071,0.13968379756456054,1.0,False,False,2000,1.4845059613945846,0.0,6.2964459684413425
533,2023-04-18 06:00:00,0.0,0.01935246143945794,0.03418063791762799,0.09586468090993139,0.13973775453097034,1.0,False,False,2000,1.4943147882046908,0.0,6.415293595876525
534,2023-04-18 12:00:00,0.0,0.019850535188145012,0.03499070122818175,0.09696461431419731,0.14664550571516505,1.0,False,False,2000,1.502425302463263,0.0,6.453872558936638
535,2023-04-18 18:00:00,0.0,0.01908424796548438,0.03460774217440011,0.09769026039874663,0.14776959907617257,1.0,False,False,2000,1.5023297366292656,0.0,6.502584487073489
536,2023-04-19 00:00:00,0.0,0.01922692505205193,0.032842966007740566,0.09159939061001579,0.13003123030935168,1.0,False,False,2000,1.4258862432614792,0.0,6.4240321444224975
537,2023-04-19 06:00:00,0.0,0.02040583804198259,0.0355527788477356,0.09873167206528774,0.1458580230785679,1.0,False,False,2000,1.4220757394509325,0.0,6.942785769160813
538,2023-04-19 12:00:00,0.0,0.018797688870375518,0.03426296969998992,0.0932381128040412,0.14165092746728916,1.0,False,False,2000,1.403537147511795,0.0,6.643081230114549
539,2023-04-19 18:00:00,0.0,0.02062688958435303,0.03569876141215226,0.10565662657647706,0.14569053792558567,1.0,False,False,2000,1.3492775337148923,0.0,7.830607412959617
540,2023-04-20 00:00:00,0.0,0.0219834578356188,0.03703832017538788,0.10374956430712831,0.15466374767914903,1.0,False,False,2000,1.3646127587183412,0.0,7.602857561186149
541,2023-04-20 06:00:00,0.0,0.021228822911895567,0.035619666089613075,0.0963263698319003,0.149847427713423,1.0,False,False,2000,1.3537526883524262,0.0,7.115507186850614
542,2023-04-20 12:00:00,0.0,0.021620133034565604,0.03640755700514953,0.10368400550389312,0.15043459675509366,1.0,False,False,2000,1.3546876553398524,0.0,7.653720405231105
543,2023-04-20 18:00:00,0.0,0.019918516266170087,0.035368027172931214,0.10068261092494384,0.14933225702371541,1.0,False,False,2000,1.3375010252471973,0.0,7.527666074598757
544,2023-04-21 00:00:00,0.0,0.020543984078100732,0.03559869579756908,0.10115494990315377,0.14372934812887592,1.0,False,False,2000,1.2849388436084515,0.0,7.8723552024533445
545,2023-04-21 06:00:00,0.0,0.024295375919455596,0.03946001471569489,0.10704679105345158,0.15922157098253303,1.0,False,False,2000,1.1146622971002798,0.0,9.60351770504185
546,2023-04-21 12:00:00,0.0,0.025781040872335702,0.03966476156427522,0.10892120449089515,0.16350173399524776,1.0,False,False,2000,1.0722723201636901,0.0,10.15797968880401
547,2023-04-21 18:00:00,0.0,0.024736087394780212,0.03957045068832836,0.10817786207628269,0.1596779509780218,1.0,False,False,2000,1.0194578099474545,0.0,10.611313290332088
548,2023-04-22 00:00:00,0.0,0.025405067642954235,0.04098075253322592,0.1134515771465824,0.16853310948154712,1.0,False,False,2000,0.9865408933106227,0.0,11.499936588118805
549,2023-04-22 06:00:00,0.0,0.024734263434877703,0.039185259473264525,0.11244737970783882,0.1547444837738321,1.0,False,False,2000,0.961543478556081,0.0,11.694466471417126
550,2023-04-22 12:00:00,0.0,0.025950868325006985,0.04054257320000718,0.11203761171792936,0.16777864001512632,1.0,False,False,2000,1.0457950366617121,0.0,10.713151983926526
551,2023-04-22 18:00:00,0.0,0.025072215966277442,0.03955077078521586,0.11484827016130517,0.16192197236506936,1.0,False,False,2000,1.052955860835349,0.0,10.907225500429977
552,2023-04-23 00:00:00,0.0,0.023566623863607177,0.03920217732378078,0.11177516246327839,0.16099705518377178,1.0,False,False,2000,1.1257354006462417,0.0,9.929079462110948
553,2023-04-23 06:00:00,0.0,0.02483847742035074,0.040935484323255104,0.11838264928589413,0.1661178208516353,1.0,False,False,2000,1.1263295487304732,0.0,10.510480651007292
554,2023-04-23 12:00:00,0.0,0.027224491575377523,0.040481086998207134,0.11144790133532322,0.16325147208759488,1.0,False,False,2000,1.1854209425479654,0.0,9.40154651695077
555,2023-04-23 18:00:00,0.0,0.026046264844787937,0.04002313981155208,0.11523272073557465,0.16483409182345074,1.0,False,False,2000,1.2119615199368796,0.0,9.507952095836847
556,2023-04-24 00:00:00,0.006746179869361259,0.026170541968379153,0.039216666898509715,0.11079180957951354,0.15881186654002655,0.457,False,False,2000,1.2307104608368544,0.5481532890176308,9.002264391591966
557,2023-04-24 06:00:00,0.00044854999084691804,0.026642833265817477,0.04007000300551302,0.11105221710073028,0.15883515909694434,0.478,False,False,2000,1.2965106475072656,0.03459670706980479,8.565468961959137
558,2023-04-24 12:00:00,0.008407491470750837,0.02778824946054818,0.04208901156509703,0.11793205358092604,0.18189497743010832,0.4555,False,False,2000,1.3114995203801225,0.6410594392222138,8.992153771184364
559,2023-04-24 18:00:00,0.018591036428656452,0.026040496490541777,0.039282750285644714,0.10895090061007921,0.1570432339464214,0.3785,False,False,2000,1.2876062827096362,1.4438448055358593,8.461507377923255
560,2023-04-25 00:00:00,0.011928069979789714,0.025856634018501586,0.04025765368347481,0.10713108941663155,0.17603754511696412,0.409,False,False,2000,1.2996164826024477,0.9178146121926731,8.243284911415126
561,2023-04-25 06:00:00,0.009911129473623251,0.025689565632467985,0.03999220519947188,0.11181294775353773,0.16419326061671072,0.4165,False,False,2000,1.3040681482298637,0.760016222087517,8.574164464128053
562,2023-04-25 12:00:00,0.02701606836810629,0.025103755967631477,0.03955597956249693,0.10896011489620429,0.15950379359225028,0.316,False,False,2000,1.2809773527457462,2.109019984638913,8.506014151042617
563,2023-04-25 18:00:00,0.008055482806020033,0.02530113163211754,0.03859535879475712,0.10351828913129195,0.1600558288971232,0.433,False,False,2000,1.2812599473969652,0.6287157280133295,8.079413497752887
564,2023-04-26 00:00:00,0.0,0.026903152573202156,0.040222987684134015,0.11473933924894808,0.1628312561915689,1.0,False,False,2000,1.2866241157242273,0.0,8.917860146307182
565,2023-04-26 06:00:00,0.0,0.024499080854875226,0.038545325493614495,0.10895847249479729,0.15590961417576188,1.0,False,False,2000,1.292009692061061,0.0,8.433255041684923
566,2023-04-26 12:00:00,0.0,0.028044135064760462,0.04123880457857616,0.11380539590290217,0.16575030026881676,1.0,False,False,2000,1.2677080923631465,0.0,8.977255614954423
567,2023-04-26 18:00:00,0.0,0.027166390697739483,0.04076914465884069,0.11416679246181842,0.1618814952771129,1.0,False,False,2000,1.2724304718460706,0.0,8.972340335121233
568,2023-04-27 00:00:00,0.0,0.027224972880003483,0.04167136897867654,0.1189386729052071,0.17558132634396995,1.0,False,False,2000,1.3150848485704936,0.0,9.044182436935097
569,2023-04-27 06:00:00,0.0,0.02529516086442459,0.03990949016104504,0.11150812572648246,0.1656103959475234,1.0,False,False,2000,1.3105246704379818,0.0,8.508662846401513
570,2023-04-27 12:00:00,0.0,0.026907366746380675,0.04160908620015384,0.11472169492322395,0.17016825773698516,1.0,False,False,2000,1.2768494743392027,0.0,8.98474700650168
571,2023-04-27 18:00:00,0.0,0.025699213434747542,0.040207230587409874,0.11234831044532614,0.17101724913362196,1.0,False,False,2000,1.2703225668175462,0.0,8.844077353265071
572,2023-04-28 00:00:00,0.0,0.02612643388158506,0.04178766436160242,0.11508462408280264,0.16904457365063016,1.0,False,False,2000,1.3017766258595194,0.0,8.84058154038648
573,2023-04-28 06:00:00,0.026473020510719418,0.02756530986370656,0.0406696652541482,0.11480427440894984,0.1677612738311969,0.358,False,False,2000,1.3394576224295243,1.9763985114140705,8.570952338209587
574,2023-04-28 12:00:00,0.019017817310817066,0.028212260358197013,0.04186687138049788,0.11718965064302445,0.16330814922390696,0.3965,False,False,2000,1.3923500063065566,1.365879069535471,8.416680440422432
575,2023-04-28 18:00:00,0.012057987393165678,0.03060080599426053,0.04437563964000277,0.12606582957808402,0.18789197242287842,0.449,False,False,2000,1.4464861040909163,0.8336054773746928,8.715315634318763
576,2023-04-29 00:00:00,0.023619019974356895,0.030296874197240968,0.042130917640307006,0.11327185754642362,0.1707652564974656,0.3995,False,False,2000,1.514317114322187,1.5597142600431377,7.480061902167992
577,2023-04-29 06:00:00,0.06314887388431875,0.02927769032859677,0.041941294119744926,0.11942876222415275,0.1652039052781484,0.1875,False,False,2000,1.5596193844391064,4.048992626943355,7.65755821040295
578,2023-04-29 12:00:00,0.054192621941336304,0.030782159301134655,0.043405803839253305,0.1226233154539149,0.17465233011553588,0.24,False,False,2000,1.6051273095944705,3.376219544543658,7.63947599177633
579,2023-04-29 18:00:00,0.057534308509350686,0.028388301402484176,0.0402395785096815,0.11628706673975933,0.15578049636649388,0.2085,False,False,2000,1.6184350643860552,3.554934626380949,7.185154925191404
580,2023-04-30 00:00:00,0.07453992385573362,0.02885276983692075,0.04120108395108868,0.11574473455567605,0.16062147067202104,0.15,False,False,2000,1.614594694385497,4.616633766661978,7.168655697814469
581,2023-04-30 06:00:00,0.05414878092032617,0.029605922278132298,0.04200652141587199,0.12064981966486665,0.1689053156406336,0.232,False,False,2000,1.5682242766403207,3.4528722534720355,7.693403390192399
582,2023-04-30 12:00:00,0.05215959763272502,0.029258433585044454,0.042093013297418214,0.11759500803735522,0.1740993765003229,0.2325,False,False,2000,1.5667810815854786,3.3290928927953973,7.505516208962446
583,2023-04-30 18:00:00,0.06361543647501254,0.027584889430839914,0.04122224879921904,0.11669065916529361,0.16988392177787615,0.1755,False,False,2000,1.5765642978067116,4.035067682524158,7.401579455251625
584,2023-05-01 00:00:00,0.06030066112990889,0.028313005021000703,0.04141636707187779,0.11678689396092884,0.1623379932890578,0.1975,False,False,2000,1.5799850930866055,3.8165335479278193,7.391645305512212
585,2023-05-01 06:00:00,0.046231522936530274,0.02511164259358022,0.03780617909063218,0.10697302114517,0.14624240059588078,0.2315,False,False,2000,1.5625587424558525,2.958706234868893,6.846015976144485
586,2023-05-01 12:00:00,0.05560768641894042,0.02686988846467233,0.041614883860088867,0.1151620766866684,0.1726541592053755,0.1985,False,False,2000,1.5492133285258174,3.5894144076242194,7.4335841659878445
587,2023-05-01 18:00:00,0.04846286819931249,0.029079181253822146,0.04296061858177532,0.1188126121653112,0.178030375805887,0.2545,False,False,2000,1.5710473602750437,3.084749029515449,7.562637204298579
588,2023-05-02 00:00:00,0.06282682820036185,0.02733626810464925,0.040263119506679705,0.11089382069465158,0.15723109703784782,0.1835,False,False,2000,1.5753764774536534,3.988051687931222,7.039194902407956
589,2023-05-02 06:00:00,0.04637001626390516,0.027792038250257868,0.04176951119118592,0.11677840856269392,0.16826823716078293,0.2395,False,False,2000,1.5946382379367863,2.9078705853624047,7.32319129094678
590,2023-05-02 12:00:00,0.04790862934651974,0.028046162461035192,0.040491969563595506,0.11274801465594228,0.16670090100623106,0.2445,False,False,2000,1.6016436598008224,2.9912164952145206,7.039519306682951
591,2023-05-02 18:00:00,0.041552977737317864,0.029530758001687685,0.042666443267533626,0.12124080945331912,0.16979506390020624,0.2855,False,False,2000,1.6489729262300303,2.5199308658340738,7.352504551454723
592,2023-05-03 00:00:00,0.027737624501358207,0.027946841069936227,0.04096560308360448,0.11522995849856738,0.16477692456277623,0.349,False,False,2000,1.6459110401359103,1.68524445276628,7.000983387841686
593,2023-05-03 06:00:00,0.0,0.02873459533945612,0.04261314220335731,0.11871869267561606,0.169478895955383,1.0,False,False,2000,1.648539512533083,0.0,7.201446600039173
594,2023-05-03 12:00:00,0.0,0.027930510746472938,0.04143604530843193,0.11562515747447659,0.16668065609951022,1.0,False,False,2000,1.6455011509204216,0.0,7.0267442480852065
595,2023-05-03 18:00:00,0.0,0.027347257753424756,0.04097512217475623,0.11571386844390368,0.16154648766751986,1.0,False,False,2000,1.799001448492749,0.0,6.432116468880657
596,2023-05-04 00:00:00,0.0,0.028970210825337482,0.042482685479391706,0.11725096258357698,0.16476000676082334,1.0,False,False,2000,1.7934410803912584,0.0,6.537764962872236
597,2023-05-04 06:00:00,0.0,0.03155917682753897,0.04432097352042137,0.12603492456087595,0.18089474548419515,1.0,False,False,2000,1.8209150871966742,0.0,6.921515750353224
598,2023-05-04 12:00:00,0.0,0.029473720685267806,0.0429034179866907,0.11823003138476836,0.1735993729844898,1.0,False,False,2000,1.83111586034263,0.0,6.456720404499455
599,2023-05-04 18:00:00,0.0,0.03042186427960197,0.04225794311491157,0.12015500429334017,0.15807196562061035,1.0,False,False,2000,1.8627831225131226,0.0,6.450294875510594
600,2023-05-05 00:00:00,0.0,0.029886168253839655,0.043347094132403945,0.12059659508401016,0.1800444381971535,1.0,False,False,2000,1.859220817115361,0.0,6.486405163595335
601,2023-05-05 06:00:00,0.0,0.029841878789710313,0.04160527506697839,0.12058582492016251,0.16313751764061793,1.0,False,False,2000,1.8769533220723669,0.0,6.42455107977977
602,2023-05-05 12:00:00,0.0,0.03075094699551365,0.043050943573824565,0.12222022931236337,0.1692281029491626,1.0,False,False,2000,1.8630401792951294,0.0,6.560257297220755
603,2023-05-05 18:00:00,0.0,0.03050325541175183,0.04333563900841218,0.1216302735545791,0.17335042316160643,1.0,False,False,2000,1.8326421932114592,0.0,6.636880565400406
604,2023-05-06 00:00:00,0.0,0.029118835333527188,0.04227020274281074,0.12421055577941581,0.17051917373802936,1.0,False,False,2000,1.78995026130703,0.0,6.939330017400411
605,2023-05-06 06:00:00,0.0,0.028269613818460236,0.04068914024973896,0.11453905046125268,0.16344900134652546,1.0,False,False,2000,1.8030820163354462,0.0,6.352403796586022
606,2023-05-06 12:00:00,0.0,0.028573466675793368,0.04128197612989143,0.11896883521158855,0.16563761449528497,1.0,False,False,2000,1.7826553041862114,0.0,6.6736869955854
607,2023-05-06 18:00:00,0.0,0.029959987617269035,0.04386727437720363,0.12329661727819141,0.17894260764946665,1.0,False,False,2000,1.787241326043008,0.0,6.898711185868383
608,2023-05-07 00:00:00,0.0,0.029919823488964464,0.04220245696113047,0.11872626972828387,0.1689127841590199,1.0,False,False,2000,1.7133315139015413,0.0,6.929556175496029
609,2023-05-07 06:00:00,0.0,0.031026128383702577,0.04296683475935206,0.11928017064177703,0.1723012621639735,1.0,False,False,2000,1.7089693914513706,0.0,6.979655179223331
610,2023-05-07 12:00:00,0.0,0.02799796306542577,0.04132895642939563,0.11441709768282013,0.16472615167169882,1.0,False,False,2000,1.6881715216112272,0.0,6.77757539551538
611,2023-05-07 18:00:00,0.0,0.028436716941564986,0.04150781155625914,0.1203228714519081,0.16897145132841732,1.0,False,False,2000,1.7268185614454907,0.0,6.967893103441503
612,2023-05-08 00:00:00,0.0,0.02788115588240206,0.04068692841551374,0.11534997129499878,0.15689506530297143,1.0,False,False,2000,1.714024656591852,0.0,6.729773159994059
613,2023-05-08 06:00:00,0.0,0.0310471118524682,0.04275061477623874,0.12133684497644577,0.1729935095850082,1.0,False,False,2000,1.6852211726268782,0.0,7.20005462471784
614,2023-05-08 12:00:00,0.0,0.029467415544998276,0.04339286089857642,0.11957640177696405,0.17697513318098854,1.0,False,False,2000,1.6871881496562213,0.0,7.087318732135994
615,2023-05-08 18:00:00,0.0,0.028691979081194193,0.04206051866481529,0.11741232857658754,0.16607509617783506,1.0,False,False,2000,1.673935925483557,0.0,7.014147124100352
616,2023-05-09 00:00:00,0.0,0.02948283401804572,0.04252338832228647,0.12038124710198568,0.17085901978089563,1.0,False,False,2000,1.6401028428667286,0.0,7.339859669505349
617,2023-05-09 06:00:00,0.0,0.03023425131105135,0.04268039152909667,0.11984043674374274,0.16636939004798565,1.0,False,False,2000,1.5994297325714288,0.0,7.492697822434084
618,2023-05-09 12:00:00,0.0,0.030211276562491084,0.04416998614013909,0.12590381474550644,0.1765811363642496,1.0,False,False,2000,1.545243856036053,0.0,8.147828205477033
619,2023-05-09 18:00:00,0.0,0.030905559870510253,0.04370706137449321,0.1218117803667545,0.17484711452339283,1.0,False,False,2000,1.516311457249509,0.0,8.033427419173709
620,2023-05-10 00:00:00,0.0,0.03138441937142562,0.043783024450049515,0.12479617373135234,0.17039321655652392,1.0,False,False,2000,1.451891129839317,0.0,8.595422285220774
621,2023-05-10 06:00:00,0.0,0.032716007070345554,0.044964427250243154,0.12491460504351515,0.18203525729050554,1.0,False,False,2000,1.4480557495764235,0.0,8.626367118811165
622,2023-05-10 12:00:00,0.0,0.03536566214769852,0.04710080578485325,0.1340540543815483,0.1895822034622936,1.0,False,False,2000,1.4514854586388446,0.0,9.235645702386835
623,2023-05-10 18:00:00,0.0,0.03510829417557571,0.047695483540683266,0.12987371626363606,0.19446843847223624,1.0,False,False,2000,1.4506465783317217,0.0,8.952815813552185
624,2023-05-11 00:00:00,0.0,0.03652175769516643,0.04812833121449604,0.13447514487117931,0.19176887607971196,1.0,False,False,2000,1.4342154809130456,0.0,9.376216242315987
625,2023-05-11 06:00:00,0.0,0.03425367443889536,0.04826498061110911,0.13326791624679432,0.19777294728182704,1.0,False,False,2000,1.424422313702008,0.0,9.355927309256842
626,2023-05-11 12:00:00,0.0,0.036385930076319364,0.04783826689150625,0.13430702290437685,0.1872062704850603,1.0,False,False,2000,1.4021541765905245,0.0,9.578620179341302
627,2023-05-11 18:00:00,0.0,0.036813326462847434,0.04845882238231526,0.13570824134046158,0.19135186128654605,1.0,False,False,2000,1.342716709054166,0.0,10.106989838240482
628,2023-05-12 00:00:00,0.0,0.03919844542705219,0.048213333491549576,0.13409715221956894,0.19974531093860823,1.0,False,False,2000,1.3111863890170214,0.0,10.227161702013987
629,2023-05-12 06:00:00,0.0,0.03854711020001146,0.05119704393595471,0.14468701009497406,0.20126817835772262,1.0,False,False,2000,1.3431703077134045,0.0,10.772052454114126
630,2023-05-12 12:00:00,0.0,0.03891748501770229,0.04960824484267651,0.13692080287356265,0.20353886512687744,1.0,False,False,2000,1.3259410796645292,0.0,10.326311249682709
631,2023-05-12 18:00:00,0.0,0.04141933969072433,0.052421129297058416,0.14963431906319963,0.20255833734169787,1.0,False,False,2000,1.3046607812466147,0.0,11.469212627072514
632,2023-05-13 00:00:00,0.0,0.04077283365728649,0.0527648747616081,0.15059733441210948,0.2129184645005088,1.0,False,False,2000,1.2928361400002195,0.0,11.648601841536076
633,2023-05-13 06:00:00,0.009863678644996352,0.040597318412495566,0.05164900022427803,0.14601182061317639,0.19800722208281776,0.541,False,False,2000,1.2829741408376976,0.7688135193867602,11.380729818750696
634,2023-05-13 12:00:00,0.0,0.04337169031147107,0.05373201063845405,0.15715353236018378,0.21791718313641806,1.0,False,False,2000,1.2530339681927571,0.0,12.54184135062558
635,2023-05-13 18:00:00,0.003430228760514703,0.04032740811863435,0.050253383167316694,0.1423889737974115,0.20016665493097738,0.6115,False,False,2000,1.2414439791018912,0.27630958933775357,11.469625387399375
636,2023-05-14 00:00:00,0.0,0.04880999201401962,0.056060511456190974,0.16383067230494566,0.21897237230210023,1.0,False,False,2000,1.2188928556318679,0.0,13.440941223666183
637,2023-05-14 06:00:00,0.0,0.046535588116423186,0.0539562466889255,0.15531572816681377,0.2204557248598482,1.0,False,False,2000,1.2110091330027204,0.0,12.825314354294376
638,2023-05-14 12:00:00,0.01684503780512857,0.04968332072611098,0.05850875196088357,0.16568169517481507,0.23424563775830765,0.5685,False,False,2000,1.2269652335673649,1.3729026173098748,13.503373253136154
639,2023-05-14 18:00:00,0.017923279033030363,0.04846518135333639,0.05586526965100703,0.16038804520615868,0.21636835856027928,0.5595,False,False,2000,1.240761685344562,1.4445384028805688,12.926579463293034
640,2023-05-15 00:00:00,0.04289492707084698,0.048272037537532834,0.057955103931915365,0.16853636686592577,0.22999888042329733,0.4105,False,False,2000,1.1855502879413973,3.618144882350812,14.215876676018036
641,2023-05-15 06:00:00,0.03404580723950602,0.05008892131466584,0.05855110963299756,0.16577262060107573,0.22976087425290811,0.481,False,False,2000,1.1981837131450863,2.8414513455653574,13.835325817102188
642,2023-05-15 12:00:00,0.03217631356663233,0.049720418855325334,0.05821368625280539,0.16019297926199633,0.24231223390169307,0.488,False,False,2000,1.223912382390425,2.6289719778623963,13.088598625754827
643,2023-05-15 18:00:00,0.02000428107940226,0.049961186258962856,0.05743824728013441,0.16045467970328797,0.22883642093613407,0.5545,False,False,2000,1.2355911731708549,1.6190048548231344,12.986065552048148
644,2023-05-16 00:00:00,0.005599698143744951,0.05275973994107002,0.059393485618486126,0.1728822439788867,0.23471254969820463,0.6565,False,False,2000,1.2026227931586932,0.46562381617907994,14.37543384029924
645,2023-05-16 06:00:00,0.0024181206071426996,0.05022814497899955,0.058098493961313766,0.1679573257249052,0.2244135357420893,0.6505,False,False,2000,1.2008352104073954,0.20136989540157868,13.986708939682407
646,2023-05-16 12:00:00,0.0,0.05362457186856301,0.05963261697843806,0.1681214852701434,0.22884365182826397,1.0,False,False,2000,1.1945067908038343,0.0,14.07455249015431
647,2023-05-16 18:00:00,0.011864395188635652,0.050883929307614394,0.058125218410193503,0.1657591767004475,0.22129285640534077,0.606,False,False,2000,1.2013760442977668,0.9875671522625272,13.79744314756482
648,2023-05-17 00:00:00,0.0,0.05542377373672454,0.059642982474179755,0.17055916450302958,0.23118823126420623,1.0,False,False,2000,1.2244170149054923,0.0,13.929826393027897
