window_idx,timestamp,te_bits,surr_mean,surr_std,surr_p95,surr_p99,p_value,sig95,sig99,n_valid_surrogates,h_target_bits,pct_h,surr_p95_pct
0,2022-12-06 00:00:00,0.10552071151237752,0.03930605319299908,0.04531400101749662,0.1301756959432093,0.17391103347290746,0.099,False,False,2000,1.8028594366777801,5.852963873147307,7.220512775144057
1,2022-12-06 06:00:00,0.11022835049872465,0.0390078557713585,0.04512052156728784,0.13018078378223114,0.17030082705712535,0.088,False,False,2000,1.8135288305293271,6.078114041702416,7.178313440114121
2,2022-12-06 12:00:00,0.11512093224093722,0.03714840065220036,0.042974731276448186,0.1231270509086182,0.16531711400937993,0.0645,False,False,2000,1.8245915254480418,6.309408469529554,6.748198114007104
3,2022-12-06 18:00:00,0.10876014788825117,0.03619562791192411,0.04284867469634303,0.12231145910835504,0.16776361455442484,0.08,False,False,2000,1.8198242174100538,5.976409526137473,6.721058986808454
4,2022-12-07 00:00:00,0.1194413147429142,0.03640744000738988,0.04342901027209167,0.12272511400826606,0.1656884633458751,0.0565,False,False,2000,1.8044761675054954,6.6191683156464,6.801149065765776
5,2022-12-07 06:00:00,0.12422735007078357,0.038029394407040853,0.0454953706289343,0.12988525242728413,0.1780257431467963,0.059,False,False,2000,1.8060365432423227,6.878451631314279,7.191728922278896
6,2022-12-07 12:00:00,0.11034593609580447,0.03866205461972704,0.043620235620156045,0.12503222535830366,0.1683366508313514,0.08,False,False,2000,1.7831195671654678,6.188364377113288,7.011993343613007
7,2022-12-07 18:00:00,0.11878213762912575,0.039340278876284246,0.044577275815400656,0.1285505741187498,0.1700774429385323,0.0675,False,False,2000,1.7885595609220517,6.641217895359899,7.1873801089676
8,2022-12-08 00:00:00,0.11758473764384761,0.03687668297361251,0.044413883296850934,0.1255690234762334,0.18051160894532348,0.064,False,False,2000,1.799667297319919,6.533693078657142,6.977346516393998
9,2022-12-08 06:00:00,0.13196698427978684,0.0357847800489237,0.043472811952496825,0.11939211428394232,0.16683430209103367,0.0335,True,False,2000,1.799587827320392,7.333178313185597,6.634414418201451
10,2022-12-08 12:00:00,0.13948834545241776,0.03505703898478498,0.04250037338591814,0.11980567106039818,0.1704191337062712,0.028,True,False,2000,1.8274307453365237,7.633030461394082,6.555962318470011
11,2022-12-08 18:00:00,0.148124447744887,0.03760336770574689,0.04357231255356081,0.12487361598414287,0.17310306352473556,0.02,True,False,2000,1.8353271476697093,8.070738120610196,6.803888676887565
12,2022-12-09 00:00:00,0.1713679862806824,0.03846827594933248,0.044095936461195584,0.125575817152585,0.16862666141747104,0.009,True,True,2000,1.7915404127357657,9.565398863595574,7.0093767497449235
13,2022-12-09 06:00:00,0.16210487574310134,0.03718115515813769,0.042535852926040646,0.12255283697688658,0.1616372310604342,0.0095,True,True,2000,1.8190543970404536,8.9114913774344,6.737172740753457
14,2022-12-09 12:00:00,0.17046017602062954,0.04104270991834356,0.04529294828431589,0.1271784778214437,0.17568676927074814,0.011,True,False,2000,1.8078303566071943,9.428991796583,7.034867920910627
15,2022-12-09 18:00:00,0.17365779334014111,0.03940904867699619,0.04429740273334828,0.12875006629091154,0.16990057046904786,0.008,True,True,2000,1.810242834218115,9.593066192975588,7.112309125450654
16,2022-12-10 00:00:00,0.1728266143419307,0.039164402914164884,0.043528126516614966,0.12468150801561219,0.16769447025344153,0.0085,True,True,2000,1.8304812629254674,9.441594286833613,6.811405860355365
17,2022-12-10 06:00:00,0.15989211696273448,0.03945989413917674,0.044053568420743115,0.12863482728924797,0.17245553150191034,0.0155,True,False,2000,1.8344032353983126,8.716301513064893,7.012352835352304
18,2022-12-10 12:00:00,0.1468849610336184,0.0403427910251475,0.044395450002405135,0.12896028912912172,0.1704440625008289,0.025,True,False,2000,1.8216934222573617,8.063099928834626,7.079143370310898
19,2022-12-10 18:00:00,0.13138460701411578,0.038962351124588915,0.04315051629584325,0.1278884962090245,0.16691923916137083,0.0445,True,False,2000,1.8317471302566022,7.172638889064924,6.98177680186179
20,2022-12-11 00:00:00,0.14194035557235257,0.03970851483482867,0.04280730679712508,0.1230549298405451,0.1627701577013459,0.0255,True,False,2000,1.837202098931086,7.725897747174128,6.697952822508774
21,2022-12-11 06:00:00,0.12387133015952076,0.04082850480483411,0.044056010060142634,0.12695940169462472,0.16492829848057453,0.054,False,False,2000,1.8784685545888336,6.5942722254743416,6.758665264024826
22,2022-12-11 12:00:00,0.126813778090803,0.04049862761986275,0.04416039002269137,0.12622465391578225,0.16994820961546636,0.048,True,False,2000,1.8655884617689518,6.797521569712011,6.765943106021141
23,2022-12-11 18:00:00,0.14604163109675936,0.042323486832653814,0.04519673640429791,0.1308136859590114,0.1772094727870174,0.03,True,False,2000,1.8887285003778418,7.732272323287524,6.92601853219465
24,2022-12-12 00:00:00,0.14540322113909848,0.04338055668059682,0.04544671594517065,0.13304739358352827,0.16964290813842997,0.034,True,False,2000,1.9034414082802409,7.6389649035990175,6.98983393997594
25,2022-12-12 06:00:00,0.13727000740395093,0.042649094165384725,0.04573554679324751,0.1328098432409404,0.17256912630296622,0.0445,True,False,2000,1.9248749083197372,7.131372891331248,6.899660994431728
26,2022-12-12 12:00:00,0.15859922924690398,0.0433724703645847,0.04567746662509449,0.13352843078277557,0.17071136641907111,0.02,True,False,2000,1.9499759703805288,8.133394034386694,6.847696218365098
27,2022-12-12 18:00:00,0.1644466041703618,0.04282938711831906,0.04516665225463574,0.12979138215690764,0.17052851434278576,0.013,True,False,2000,1.9489510765113016,8.437697905928333,6.659550551122057
28,2022-12-13 00:00:00,0.18841665735220264,0.044750255766978934,0.04582232854333085,0.1338908183525855,0.17558488792651242,0.006,True,True,2000,1.971519670588041,9.556925054468465,6.791249428044012
29,2022-12-13 06:00:00,0.2023216055581126,0.04114344515160715,0.04540973329680092,0.12978006008688447,0.1741831851340085,0.0035,True,True,2000,2.0009362666658346,10.111346819418774,6.485966707132423
30,2022-12-13 12:00:00,0.2228686004467263,0.04038825997954455,0.044325423166935995,0.1310034564219403,0.16938705903877754,0.001,True,True,2000,1.9998312944539511,11.144370080856246,6.550725392949232
31,2022-12-13 18:00:00,0.23038131970521006,0.04125434298269559,0.045643194033129095,0.13133725903678764,0.17523406857469373,0.0005,True,True,2000,2.022441051745725,11.391250168025918,6.493996891697798
32,2022-12-14 00:00:00,0.22603892116785315,0.04220648528541946,0.04647329912611423,0.12994817640418735,0.1818436279686855,0.0025,True,True,2000,2.01445214861973,11.220863266607317,6.450794896926477
33,2022-12-14 06:00:00,0.23643899916819727,0.04367177065551869,0.0467487551550779,0.13469553142451518,0.18008091440578972,0.0015,True,True,2000,1.9941790053974597,11.856458147851809,6.754435337045835
34,2022-12-14 12:00:00,0.21214814687650335,0.042790496187167903,0.04555534645024395,0.13115076981939372,0.1733226431165677,0.003,True,True,2000,2.0005434920909155,10.604525605927801,6.55575698993269
35,2022-12-14 18:00:00,0.23852199940716193,0.04388224964254784,0.046538742277917,0.13541120766572512,0.18079246958002873,0.0,True,True,2000,2.001571311695201,11.916737515844453,6.765245228811789
36,2022-12-15 00:00:00,0.24212285653122942,0.0427511393026339,0.04608400050366534,0.13299389876758336,0.17231280920525452,0.0005,True,True,2000,2.0254000541057815,11.954322606065457,6.5663027162453815
37,2022-12-15 06:00:00,0.22597196788133755,0.042407228661144346,0.046408820101947905,0.1311585464135907,0.18407848723949138,0.002,True,True,2000,2.036960613617851,11.093585529863937,6.438933847652542
38,2022-12-15 12:00:00,0.23641994040885828,0.044121324257698706,0.046431005400130836,0.13254742042268725,0.17765495794679867,0.0005,True,True,2000,2.011400413590739,11.753996807965397,6.589807754193728
39,2022-12-15 18:00:00,0.2286354350820327,0.04289417399084497,0.04531907763094194,0.12963273071933976,0.1724426333254876,0.001,True,True,2000,2.0072116721810898,11.390698761411214,6.458348788818938
40,2022-12-16 00:00:00,0.2095226993244055,0.041700159958034104,0.044788722073254975,0.13019446471738402,0.16898142581857112,0.001,True,True,2000,2.0161369156597586,10.392285250917174,6.457620199607293
41,2022-12-16 06:00:00,0.2213010439318162,0.042318579147853856,0.04648335573410698,0.1332000739355341,0.177583148975492,0.002,True,True,2000,2.007446988321405,11.024004380651894,6.635297206374245
42,2022-12-16 12:00:00,0.2286199514288514,0.04149858019985341,0.045664487188214094,0.13094347049116536,0.17681044668509024,0.0005,True,True,2000,1.9922525966956512,11.475450041226713,6.572633947539991
43,2022-12-16 18:00:00,0.24075933922332063,0.039228087799772327,0.04266776971878625,0.12385351352762589,0.1630620634859278,0.0,True,True,2000,1.9697613257657283,12.222767097416101,6.287742169954467
44,2022-12-17 00:00:00,0.24773804791716908,0.038782608568556295,0.04358110482394029,0.12766858645857657,0.16984240393090555,0.0,True,True,2000,1.9746449176436485,12.54595424745001,6.465394629578467
45,2022-12-17 06:00:00,0.25516264655684545,0.03951487220991039,0.044459467084079,0.12966225321262664,0.16997340198858152,0.0,True,True,2000,1.9240669032889104,13.26163066994616,6.738968015664529
46,2022-12-17 12:00:00,0.26119130555215614,0.04293219817315938,0.0455853054411221,0.13221734772334948,0.1680533045190849,0.0,True,True,2000,1.9107459890866072,13.669598525600634,6.919671608812496
47,2022-12-17 18:00:00,0.26255038694275745,0.04316714709573406,0.0449456378100602,0.12761143911426615,0.17222971324830139,0.0,True,True,2000,1.9390300187034004,13.540295117159706,6.581199769129823
48,2022-12-18 00:00:00,0.28410256973725023,0.04436787632701333,0.04565335527432045,0.13221554223962653,0.17209830244063776,0.0,True,True,2000,1.9232795598976322,14.771777107243409,6.874483824216579
49,2022-12-18 06:00:00,0.26892795160461874,0.04593269126904132,0.04737167498020945,0.1362090904164145,0.19247714260495763,0.0005,True,True,2000,1.9288517269410446,13.942385920513969,7.0616672351704155
50,2022-12-18 12:00:00,0.2828762347609706,0.04768810528631805,0.04839646440926994,0.14160927573059054,0.19010305349305454,0.0,True,True,2000,1.9354977514132505,14.61516731571616,7.316426775861201
51,2022-12-18 18:00:00,0.28511671805098204,0.04873601222659551,0.047292674929113085,0.13866407254169982,0.1775873549817662,0.0,True,True,2000,1.9271112981279355,14.795031212154408,7.195436645325209
52,2022-12-19 00:00:00,0.2803496216604411,0.049894436424769324,0.047146222425434064,0.13634234712877327,0.184325276412742,0.0,True,True,2000,1.851788408012658,15.139398240499446,7.36273898998515
53,2022-12-19 06:00:00,0.2601019072518986,0.04863637600526346,0.04766767381347874,0.13856051930665766,0.18074989313982523,0.001,True,True,2000,1.8338953010612091,14.183029265704917,7.555530527095941
54,2022-12-19 12:00:00,0.2537683909836109,0.04820120111883887,0.04701771329350567,0.13853465533297318,0.17582528884819018,0.0005,True,True,2000,1.8188014237731545,13.952506725949295,7.616810363254453
55,2022-12-19 18:00:00,0.2478334476901661,0.04915209926795815,0.047510860708867314,0.13725916137998764,0.17989642741225845,0.0005,True,True,2000,1.8106534170178152,13.687514427711575,7.580642440454254
56,2022-12-20 00:00:00,0.23694292818605464,0.04745088501763335,0.04661110671969201,0.13565806406920058,0.1813837469742973,0.0015,True,True,2000,1.8470942297293838,12.827874418771204,7.344404085387443
57,2022-12-20 06:00:00,0.21064926278599674,0.045933191478020406,0.045744926147926995,0.13568524700772527,0.16877394350694327,0.0,True,True,2000,1.8134752143835016,11.615778430013329,7.482056877951433
58,2022-12-20 12:00:00,0.19854160765175188,0.04658814455077447,0.04756284322342731,0.13985105355601235,0.18407994231057523,0.006,True,True,2000,1.782983583266465,11.135358144353708,7.843653462013495
59,2022-12-20 18:00:00,0.20262452065181494,0.04500166981776896,0.04656269958651808,0.13418732733214808,0.17795774158723457,0.006,True,True,2000,1.7729242814060493,11.428831043541237,7.568700408667674
60,2022-12-21 00:00:00,0.18667583023683654,0.047603824593059486,0.04685182699124944,0.13675211838743223,0.17307912162431824,0.0055,True,True,2000,1.8195506708844862,10.259446643829554,7.515708167717958
61,2022-12-21 06:00:00,0.1903323994547042,0.04476592270101936,0.04616896883035091,0.13437286859519834,0.17486753378517245,0.0055,True,True,2000,1.823931532260263,10.435282031603423,7.367210129246465
62,2022-12-21 12:00:00,0.2152655333744696,0.04432153544238729,0.04515492408513652,0.1308497609754721,0.17113557846542082,0.0015,True,True,2000,1.7620285992593108,12.216914836964564,7.426086104985828
63,2022-12-21 18:00:00,0.21359393883006977,0.04612645489659674,0.04820842451774037,0.13826818068421168,0.1923587048060979,0.003,True,True,2000,1.7383730064570329,12.287002733975617,7.953884475347163
64,2022-12-22 00:00:00,0.2203559945122884,0.04990942342408921,0.04878518571208176,0.14227728287726166,0.18583846470413723,0.0025,True,True,2000,1.780938702710662,12.373025201647733,7.9888927485662355
65,2022-12-22 06:00:00,0.21099026470198848,0.04668197182546294,0.047899558414190725,0.13940208503050738,0.1811934648240791,0.0035,True,True,2000,1.7668095464654974,11.941879368043631,7.890045948041275
66,2022-12-22 12:00:00,0.18940075076914334,0.04623825869774635,0.0462957487422592,0.1339588585280252,0.17987326913116253,0.0055,True,True,2000,1.7783087503383121,10.650611190723266,7.532935914674005
67,2022-12-22 18:00:00,0.19079707156503134,0.04571501135713506,0.047506588409091645,0.13762256435045667,0.18190562767480217,0.0065,True,True,2000,1.8021255921770136,10.587334889048638,7.63667998212073
68,2022-12-23 00:00:00,0.20451121491094124,0.04706452039066967,0.047567680230852255,0.13629939545693082,0.18975158721042246,0.0035,True,True,2000,1.8048636860342957,11.331116942149787,7.551783356914461
69,2022-12-23 06:00:00,0.19399727567695813,0.045525043415407154,0.047018171055119976,0.13742529720664234,0.17377382309190245,0.005,True,True,2000,1.7877020235509298,10.851767974822755,7.68725969967149
70,2022-12-23 12:00:00,0.18760968272036993,0.048376224907651776,0.04891406071223265,0.14279180087150836,0.18730579642358858,0.01,True,True,2000,1.7854801472530175,10.507519952490632,7.997389446821643
71,2022-12-23 18:00:00,0.19549244852713415,0.04701193813477926,0.04813659810816518,0.13938924337109107,0.19086196040022368,0.006,True,True,2000,1.8320850487066482,10.670489815150292,7.608229949231464
72,2022-12-24 00:00:00,0.19704327524881765,0.046660545449241385,0.047676554574232234,0.13733718970610184,0.1763241699853037,0.006,True,True,2000,1.9161429720271,10.283328442885674,7.167376949999298
73,2022-12-24 06:00:00,0.18713896063397742,0.04562598420416547,0.04723829192858084,0.13784112862792605,0.17872082175133597,0.0095,True,True,2000,1.8808524311986015,9.949688637439797,7.328651963412394
74,2022-12-24 12:00:00,0.20511366383782198,0.04693827549663868,0.04756546176622526,0.14040062927297747,0.1867931767494949,0.004,True,True,2000,1.8581414480466456,11.03864638795103,7.555971017199599
75,2022-12-24 18:00:00,0.20464147047882109,0.04203434373735905,0.04549081375153117,0.13173188645158151,0.17711072843696987,0.004,True,True,2000,1.8574130241743776,11.01755332903324,7.0922236862281345
76,2022-12-25 00:00:00,0.22793568507942763,0.04521720229404544,0.04627862214232175,0.13534212045433008,0.17342372968999256,0.0005,True,True,2000,1.86825610382059,12.200451780315257,7.244302329726368
77,2022-12-25 06:00:00,0.20943384945721116,0.0424225631975665,0.04520029677652417,0.12951771864344006,0.17214376446639004,0.0025,True,True,2000,1.8830298870255404,11.122173413191849,6.87815522928465
78,2022-12-25 12:00:00,0.21066822018125791,0.04592258624927017,0.047098811424005065,0.13737092490283093,0.17354609947517757,0.0025,True,True,2000,1.8931065214114506,11.128175715341639,7.2563758747400415
79,2022-12-25 18:00:00,0.2065880840365481,0.048409840252717745,0.04772769409228544,0.13975051447013742,0.18055466034124218,0.0035,True,True,2000,1.902256634965654,10.860158416021408,7.346564701174543
80,2022-12-26 00:00:00,0.20183250121455867,0.04953374885995347,0.048032129417407095,0.13972220039499425,0.18829390984556507,0.007,True,True,2000,1.9287502613517307,10.46441860612415,7.2441830959013025
81,2022-12-26 06:00:00,0.18536068193964042,0.05137405010464134,0.04898249523780021,0.1427881980440159,0.18152550564634157,0.0095,True,True,2000,1.9128200537228544,9.690440121582762,7.464800348893889
82,2022-12-26 12:00:00,0.16348116941596783,0.051136729036696436,0.048021168479098625,0.1395802387434812,0.18898902444909177,0.0225,True,False,2000,1.9274340521866902,8.481803526844255,7.241764696702657
83,2022-12-26 18:00:00,0.162865479500002,0.04843314913195627,0.047714968881599366,0.14050796201231566,0.18344313773847748,0.0235,True,False,2000,1.919681589890841,8.48398402931306,7.319336850040083
84,2022-12-27 00:00:00,0.16630924381299725,0.05335370866138659,0.04794607172650396,0.13988142559480757,0.1851631433260196,0.0205,True,False,2000,1.9293472056612138,8.619974845637014,7.250194531308754
85,2022-12-27 06:00:00,0.1828551475368756,0.05169182508886386,0.04914918363480208,0.1426460604735337,0.18538942843217482,0.0125,True,False,2000,1.9255160256542796,9.496423041960528,7.408199078741158
86,2022-12-27 12:00:00,0.18116606262862278,0.05401329780210858,0.0482346893493016,0.14603164678550082,0.18525685493065344,0.0135,True,False,2000,1.9368137702788935,9.353819422841855,7.539787718695992
87,2022-12-27 18:00:00,0.19313260535371918,0.057249417995587776,0.04973635730611951,0.1473236540721334,0.19923908644914132,0.0115,True,False,2000,1.9242444730892627,10.036801874953861,7.656181744703876
88,2022-12-28 00:00:00,0.19307958189708488,0.051047905607623574,0.04709103378055946,0.14114751440929654,0.17638518047769114,0.0055,True,True,2000,1.885374666627365,10.240913135980207,7.486443777341453
89,2022-12-28 06:00:00,0.20065918066941427,0.052067553417874064,0.049398026124074505,0.1445289637884647,0.18829390953925812,0.004,True,True,2000,1.9010355293948265,10.555256730698341,7.602644009208702
90,2022-12-28 12:00:00,0.1723929659548705,0.05263816027574169,0.04825866199621234,0.1439609499317234,0.18411145882303256,0.017,True,False,2000,1.895307234949202,9.095779448100453,7.595652423897483
91,2022-12-28 18:00:00,0.17724559265497758,0.04847511902253238,0.04684742920771009,0.13786040181279924,0.1780665225781975,0.0105,True,False,2000,1.882091096197897,9.417482130011665,7.324852771010802
92,2022-12-29 00:00:00,0.1711965040651774,0.052398888138371034,0.04957382882127504,0.14591864161563556,0.1850043157963376,0.018,True,False,2000,1.8687411753143162,9.161060200665975,7.808392277282193
93,2022-12-29 06:00:00,0.17334079340363054,0.05116325519034104,0.048377961740011494,0.14180388292605253,0.18279328921896518,0.015,True,False,2000,1.8540196096870818,9.349458468397035,7.648456477220646
94,2022-12-29 12:00:00,0.16361386817418525,0.05174127277797645,0.04865783906004565,0.14291089561149128,0.18467179807029438,0.025,True,False,2000,1.8450703181632442,8.867622364499464,7.745552795719904
95,2022-12-29 18:00:00,0.1561796517079373,0.04865592135582882,0.046261505762565255,0.13261021810078888,0.17794691739988402,0.0235,True,False,2000,1.8345064171226197,8.513442648671758,7.228659265677844
96,2022-12-30 00:00:00,0.16955165692691887,0.05104904801311987,0.04926145058256962,0.14464613235046514,0.17448804229823495,0.0145,True,False,2000,1.8329795058429739,9.250057427616644,7.891312035370708
97,2022-12-30 06:00:00,0.12679249906745832,0.04793972768186631,0.046251003761247925,0.13736440738570274,0.17663442107826505,0.073,False,False,2000,1.7851919210688874,7.102457588511886,7.694657687194524
98,2022-12-30 12:00:00,0.12783962740469143,0.04998308897375191,0.04901006541030022,0.14566212360977845,0.1914418148657988,0.0805,False,False,2000,1.7659656797452705,7.239077682592987,8.248298666301901
99,2022-12-30 18:00:00,0.11337903817762385,0.05042632453055566,0.04962287203849416,0.14496101376123866,0.18866902944159858,0.129,False,False,2000,1.7692765785425852,6.408214495837508,8.193236462817367
100,2022-12-31 00:00:00,0.12113925667786922,0.05039908941903811,0.048871688391997535,0.1421490221739553,0.18905430991611194,0.101,False,False,2000,1.7795976466450623,6.807114906352213,7.987705672792829
101,2022-12-31 06:00:00,0.11125571199719364,0.04809257906013252,0.0486329440047545,0.14238575630170272,0.1838899796548948,0.1235,False,False,2000,1.807432987688125,6.155454324173869,7.877788956581309
102,2022-12-31 12:00:00,0.10626073122204045,0.0494004017029327,0.04965230206152569,0.14744017800315432,0.19139419205560448,0.138,False,False,2000,1.7931502210660768,5.925924664519493,8.22241083156419
103,2022-12-31 18:00:00,0.09845564747650898,0.04665827290538267,0.046747047296913216,0.1372199064877356,0.17910009045690886,0.144,False,False,2000,1.7848378435953427,5.516223663107783,7.688088135296509
104,2023-01-01 00:00:00,0.09543546040697365,0.04740526980572868,0.04797401059484033,0.14060288251797,0.17587382437101323,0.17,False,False,2000,1.7888060765597018,5.3351484913623874,7.860152330675368
105,2023-01-01 06:00:00,0.09790088368958273,0.04374058550897382,0.046262246417000795,0.1352784772278348,0.17830624402586814,0.138,False,False,2000,1.7868986753148506,5.478815617361888,7.570573479998735
106,2023-01-01 12:00:00,0.10130442250988993,0.04379007983927949,0.04648552005411883,0.1331823587539383,0.18913169354055792,0.1245,False,False,2000,1.8146684230032972,5.582530738162619,7.339211784680749
107,2023-01-01 18:00:00,0.09052488648600424,0.043450834935840885,0.046792437872905136,0.13703347889030015,0.1825000703184112,0.1595,False,False,2000,1.7824401846262705,5.078705432406129,7.687970686041975
108,2023-01-02 00:00:00,0.07738294271907692,0.040499838854615444,0.043157075400451675,0.124277982245222,0.15908235538163792,0.2005,False,False,2000,1.7828414328079367,4.340427661993498,6.970781582604733
109,2023-01-02 06:00:00,0.06506215637741883,0.042006479349005275,0.04402994227060367,0.12693755190975817,0.16392041362693938,0.2865,False,False,2000,1.7746246169347184,3.666248949583472,7.1529241000282875
110,2023-01-02 12:00:00,0.05434679491913842,0.03818082574122549,0.04376725604497035,0.12428397366595957,0.17503191665968815,0.303,False,False,2000,1.7808992082170962,3.0516491145810765,6.9787202494398
111,2023-01-02 18:00:00,0.03082872985446778,0.041202955027698704,0.04560205399246419,0.1292335374049872,0.17734291064180976,0.48,False,False,2000,1.7736026569636834,1.738198222325906,7.286498861375658
112,2023-01-03 00:00:00,0.02782881023622246,0.0413111060043072,0.04595003100863141,0.1315433298356788,0.18321068361509785,0.5055,False,False,2000,1.7647776259412238,1.576901804916089,7.4538189912466555
113,2023-01-03 06:00:00,0.024271851635303203,0.038658701857055076,0.044966071933574076,0.12874718954449468,0.17317072917294843,0.4885,False,False,2000,1.7801915754944262,1.3634404279529295,7.232209797911033
114,2023-01-03 12:00:00,0.020555197455602643,0.03864897792242807,0.044619970236750954,0.1256693048481104,0.1755418514528161,0.526,False,False,2000,1.7744533510892742,1.1583960459137759,7.082141932385342
115,2023-01-03 18:00:00,0.02090308214564563,0.040500700525072396,0.04569742692033062,0.13193031380539266,0.1768672444801611,0.535,False,False,2000,1.7664207060924497,1.1833580796211307,7.468793439205065
116,2023-01-04 00:00:00,0.0,0.03695561980925699,0.04459364471129442,0.12825982760879537,0.1701878074241545,1.0,False,False,2000,1.7533132186311184,0.0,7.315283216134818
117,2023-01-04 06:00:00,0.0,0.036070143023376605,0.04323215558844881,0.12778820903218574,0.1695271506532778,1.0,False,False,2000,1.6917254949074978,0.0,7.553720116937359
118,2023-01-04 12:00:00,0.0,0.036332904247552957,0.04393520781069092,0.12628431722058178,0.17320268303851474,1.0,False,False,2000,1.615808398097002,0.0,7.815550245271131
119,2023-01-04 18:00:00,0.0,0.03511518931424739,0.04292853745448958,0.12310801254716347,0.162019143312248,1.0,False,False,2000,1.556141980144125,0.0,7.911104135611173
120,2023-01-05 00:00:00,0.0,0.03362481623363198,0.04230437543368296,0.12349148470271508,0.1604237333215671,1.0,False,False,2000,1.499255817013788,0.0,8.236852130324559
121,2023-01-05 06:00:00,0.0,0.03742856968895262,0.04534284960457673,0.12737798169350173,0.17484078569359668,1.0,False,False,2000,1.4934820734546241,0.0,8.52892605525953
122,2023-01-05 12:00:00,0.0,0.03436492760091124,0.04319181572314448,0.12297985261759597,0.16415826061086533,1.0,False,False,2000,1.484373625136193,0.0,8.284966165867601
123,2023-01-05 18:00:00,0.0,0.03776963038392143,0.04533688505251057,0.12818091372704263,0.17632377416943454,1.0,False,False,2000,1.473398612200465,0.0,8.699676561769614
124,2023-01-06 00:00:00,0.0,0.038295825856604335,0.04605309969856578,0.13039883069210992,0.1757560118413565,1.0,False,False,2000,1.4581242630373932,0.0,8.942916183321605
125,2023-01-06 06:00:00,0.0,0.035597251897467756,0.04478333565292519,0.12722643687745686,0.1733216769491742,1.0,False,False,2000,1.4783877104803913,0.0,8.605755849804485
126,2023-01-06 12:00:00,0.01249823321862735,0.039472665019499205,0.04531456530679721,0.12917265311307297,0.17674641773392388,0.5845,False,False,2000,1.472289210982756,0.8488979695969351,8.773592317969236
127,2023-01-06 18:00:00,0.025140347430598394,0.03667170070072485,0.04416004004428765,0.12890358288054773,0.1660988148967993,0.4645,False,False,2000,1.472837168850679,1.7069332552366625,8.75205933193124
128,2023-01-07 00:00:00,0.04123943326492804,0.034100550846759885,0.04370454244737774,0.12494337568147541,0.17164102961158786,0.334,False,False,2000,1.440997798050561,2.8618665011645663,8.670615309093725
129,2023-01-07 06:00:00,0.0656614915612112,0.033160694196991115,0.04332263207120428,0.12185152417361741,0.16998970907476585,0.2035,False,False,2000,1.4569807244187702,4.5066822409339276,8.363290064954521
130,2023-01-07 12:00:00,0.0726249351803186,0.03341715363038193,0.043708470549920206,0.12264651513814806,0.17754611666588513,0.175,False,False,2000,1.4902598702815928,4.873306772099802,8.229874371841825
131,2023-01-07 18:00:00,0.07749666056844697,0.034196233325250035,0.04502380820579768,0.12421547306362511,0.1779333630668337,0.1835,False,False,2000,1.4601828515460884,5.307325756249706,8.50684371016286
132,2023-01-08 00:00:00,0.1018856959503201,0.034210710443342035,0.043262378147917536,0.12359166689548896,0.17470746503281107,0.091,False,False,2000,1.4695865090414943,6.932949868788113,8.409961995098806
133,2023-01-08 06:00:00,0.08505937579420562,0.030392660243233123,0.040680586765845586,0.1153161397776692,0.1564445023241726,0.117,False,False,2000,1.4307859433408268,5.944940694314864,8.059636056279022
134,2023-01-08 12:00:00,0.09043260357879832,0.03412695822836477,0.04307210078744917,0.12386428411976547,0.1737816182471437,0.1225,False,False,2000,1.4033865723106904,6.443884056115778,8.826098707487393
135,2023-01-08 18:00:00,0.08445918685155503,0.03202715122180099,0.04257798446266033,0.12088127307115425,0.17366345684146714,0.1265,False,False,2000,1.3869161834045156,6.0897109617850065,8.715831174052813
136,2023-01-09 00:00:00,0.0882911401527214,0.03359629994406182,0.04251906945194751,0.12176503136065442,0.16604000246050377,0.1215,False,False,2000,1.4404094882185283,6.129586126367317,8.453501060399924
137,2023-01-09 06:00:00,0.08635089274532508,0.031853366057605206,0.041738405454968826,0.11961475747997391,0.15810673544201284,0.112,False,False,2000,1.448977101219341,5.959438052724174,8.25511717054161
138,2023-01-09 12:00:00,0.07612611020006782,0.03463356912588577,0.04477426722519188,0.126976442340293,0.17736822041901396,0.1725,False,False,2000,1.4454765285209374,5.266506145067796,8.78440015004739
139,2023-01-09 18:00:00,0.07497084568348804,0.03277117946079968,0.04234859854065946,0.11993194224055749,0.16454684426133678,0.165,False,False,2000,1.4122972209803644,5.308432571399245,8.491976083993508
140,2023-01-10 00:00:00,0.07199837428038346,0.03206064291369857,0.04291342498220647,0.11973141030096786,0.17338414695598137,0.174,False,False,2000,1.4032014526718848,5.131007678426276,8.532731353219676
141,2023-01-10 06:00:00,0.07233562260173931,0.030980699806089397,0.04140289649560351,0.11561952331278996,0.15636056576302249,0.169,False,False,2000,1.3794559526122234,5.243779075711703,8.38153063849887
142,2023-01-10 12:00:00,0.07765735502413638,0.030445567663521942,0.04180454323355239,0.11898193510023654,0.16435715157810613,0.1415,False,False,2000,1.3520665562570962,5.7436044597622455,8.800005780012214
143,2023-01-10 18:00:00,0.07462347954182266,0.032173891373290395,0.043210153368653144,0.1259873006353501,0.16702130196275564,0.1675,False,False,2000,1.3438538021140198,5.552946267252604,9.375074910467132
144,2023-01-11 00:00:00,0.07355425314047792,0.033365923476090784,0.04317120183177,0.12307672266056775,0.1642985055135452,0.1825,False,False,2000,1.2945469725619425,5.681852779348139,9.507319955875813
145,2023-01-11 06:00:00,0.051241482280161364,0.03233036831035853,0.0433135483738342,0.12247068137929251,0.16477213359921963,0.2625,False,False,2000,1.2967305478909754,3.9515905878442816,9.444574401249428
146,2023-01-11 12:00:00,0.07400384073360912,0.0346775622845645,0.0435150086375626,0.12199778678601333,0.16882720303258036,0.1945,False,False,2000,1.2574123709631473,5.885407400352199,9.70228936848824
147,2023-01-11 18:00:00,0.0696538298396646,0.03133002066485919,0.04138060202767099,0.11715225005513871,0.16809591110132507,0.181,False,False,2000,1.2169681611032146,5.723553998037346,9.626566561029586
148,2023-01-12 00:00:00,0.07152109314734142,0.03194317442825514,0.0422470730713464,0.11680083509849125,0.16828663443300682,0.1695,False,False,2000,1.2387682922338288,5.7735650480986935,9.428787920287197
149,2023-01-12 06:00:00,0.09526711607742115,0.033524851996299516,0.0431765005946964,0.12209065761089301,0.17435120867199932,0.1075,False,False,2000,1.1866680917455326,8.028118118292685,10.288526207130372
150,2023-01-12 12:00:00,0.11055532018805009,0.035938032987279704,0.04463914543265684,0.128116339823171,0.17049617392248118,0.08,False,False,2000,1.1706297231146066,9.444089621601599,10.944224061072145
151,2023-01-12 18:00:00,0.10438906706985197,0.035496635935098365,0.045177237403465006,0.12608767060255469,0.18049413656661334,0.0945,False,False,2000,1.1862315459315034,8.800058254046778,10.629262982847312
152,2023-01-13 00:00:00,0.0987043467617517,0.03707751151099444,0.04501843807068923,0.12621680263885218,0.178953828998794,0.111,False,False,2000,1.1684791348404244,8.447249404691462,10.801802007024218
153,2023-01-13 06:00:00,0.11857513066429835,0.03975304538174752,0.04807241763692342,0.1372347423443325,0.19161583368497287,0.086,False,False,2000,1.1382684304100243,10.41715007606646,12.056448081837615
154,2023-01-13 12:00:00,0.1188387894343872,0.03879117078923787,0.046932085792704026,0.1351145447775187,0.18884200600024642,0.0775,False,False,2000,1.1386750970040775,10.436584566313883,11.865943598223335
155,2023-01-13 18:00:00,0.1163630291147956,0.034558424558584704,0.04402804487640625,0.12866362685740085,0.1708273092489373,0.062,False,False,2000,1.1347900105270194,10.254146409057148,11.33810005937987
156,2023-01-14 00:00:00,0.1078480909367223,0.03834171630935687,0.04665624934459783,0.12757316020649417,0.17424871004990605,0.1025,False,False,2000,1.156154451436108,9.32817330787938,11.034266230435751
157,2023-01-14 06:00:00,0.09994201188318953,0.03821906585569333,0.0465567859814588,0.13178774373810737,0.1833695530781537,0.1145,False,False,2000,1.1419123298245548,8.752161551539144,11.540968627456316
158,2023-01-14 12:00:00,0.10955448900845538,0.039265282472296506,0.04843450622629202,0.13469159997009153,0.18542040223861064,0.094,False,False,2000,1.1322894186285886,9.675484660198103,11.89550990710731
159,2023-01-14 18:00:00,0.10492545622140713,0.03828649939873387,0.04691436765699676,0.13230587090786416,0.1768408098540469,0.104,False,False,2000,1.1245520887459335,9.330422065056748,11.765206096892113
160,2023-01-15 00:00:00,0.09800333508594569,0.037508593978496235,0.045811548909178317,0.12988195119068666,0.17764634978745383,0.1155,False,False,2000,1.0538295402750304,9.299733148528803,12.32475900768447
161,2023-01-15 06:00:00,0.09581047639398979,0.03687496952051552,0.044743999770475884,0.12536060005260016,0.16835100530722363,0.123,False,False,2000,1.019024685447516,9.40217423211034,12.302017982768167
162,2023-01-15 12:00:00,0.11146742525160648,0.03733000739098162,0.046268999871523386,0.13047569677143264,0.1884403902485637,0.082,False,False,2000,1.0072105007662295,11.066944314699686,12.954163670074331
163,2023-01-15 18:00:00,0.128482420547179,0.03555851919123192,0.04497422799664833,0.12661503871866414,0.1764231082218854,0.0475,True,False,2000,1.034267076598345,12.422557331105573,12.242006110751872
164,2023-01-16 00:00:00,0.1207274519723827,0.038446435843309465,0.04662263622833,0.13380403415540937,0.18174856550040122,0.068,False,False,2000,1.043704132155567,11.56721030921318,12.82011156543601
165,2023-01-16 06:00:00,0.13968433361451701,0.039366797685471105,0.047258709550547784,0.13132406153897727,0.19376035450122872,0.0375,True,False,2000,0.9730070802655665,14.355942155774699,13.496722089949694
166,2023-01-16 12:00:00,0.14569669593418436,0.03831159069464938,0.04598993538304798,0.13090724551501617,0.17631418700437582,0.032,True,False,2000,0.9748187268761166,14.946029648105027,13.428880868396812
167,2023-01-16 18:00:00,0.15373289462427595,0.037822208387240056,0.04603866149984998,0.13165267367354752,0.175808521398869,0.026,True,False,2000,0.9182421067647788,16.7420872438446,14.337468593919784
168,2023-01-17 00:00:00,0.1680210386137198,0.042094770717503255,0.048831370389393024,0.1430842425562581,0.18702826133777825,0.02,True,False,2000,0.9196956051114641,18.26920099214307,15.557782570779683
169,2023-01-17 06:00:00,0.1651789171912053,0.04273663794875413,0.049530474506505544,0.14198446953760996,0.19456078484164402,0.0225,True,False,2000,0.9287471225054907,17.785133669711993,15.287742604744443
170,2023-01-17 12:00:00,0.16522306865719025,0.03764118670527723,0.04577239276127151,0.12614700340259544,0.18722921340805368,0.0185,True,False,2000,0.9833457126644625,16.802134440542144,12.82834732261037
171,2023-01-17 18:00:00,0.15690673685278478,0.03794799527247611,0.04626836977507329,0.13354170196368145,0.17711202121783057,0.024,True,False,2000,0.9651248031187929,16.257662879012326,13.836728838813647
172,2023-01-18 00:00:00,0.16507923004917724,0.039494602296287776,0.04707368289634321,0.13316811893479913,0.17755323699436482,0.0155,True,False,2000,0.9776436336047656,16.88541963296968,13.621335459811865
173,2023-01-18 06:00:00,0.1626322956113076,0.03918126775841472,0.046690577784659446,0.13266587595625937,0.1785344900664809,0.019,True,False,2000,0.9637352302552101,16.875204984281872,13.765801206740946
174,2023-01-18 12:00:00,0.16767006972143314,0.036345290144591744,0.044557755155633795,0.12791397144184224,0.17108252257403936,0.0135,True,False,2000,1.0069492429434768,16.651293091130015,12.703120076631555
175,2023-01-18 18:00:00,0.1538899011411715,0.04086407007968525,0.047734485538134766,0.136684219340938,0.18482369461547943,0.03,True,False,2000,1.0172172559748027,15.128518537930058,13.437072418708926
176,2023-01-19 00:00:00,0.14276625239880125,0.04135977979013956,0.048416841310536946,0.1374376854886088,0.1870005452100246,0.041,True,False,2000,0.9992786731154831,14.286930787154132,13.753689454825944
177,2023-01-19 06:00:00,0.1344489763691688,0.04407572087929752,0.05001665358580354,0.14381298473514786,0.19227691715595494,0.0635,False,False,2000,0.9933837628325074,13.534444733202067,14.477082283395031
178,2023-01-19 12:00:00,0.15506878664344304,0.04504641386290481,0.0486233476247996,0.14103084506321908,0.1899640343775873,0.0305,True,False,2000,0.9630885501138027,16.101197197819396,14.64360105273334
179,2023-01-19 18:00:00,0.15592711382345076,0.046087989565488145,0.05002105568119405,0.14298450707689478,0.19902974984590782,0.0325,True,False,2000,0.9882894459322217,15.777474348759208,14.467877570221555
180,2023-01-20 00:00:00,0.17970012103903713,0.047006268489954164,0.05193506731759884,0.1514595631304106,0.19564133205178666,0.02,True,False,2000,0.986950848627243,18.207605909552974,15.346211347918368
181,2023-01-20 06:00:00,0.18053141203438527,0.04223882106740336,0.048737178279133625,0.13700330441596864,0.1924798611888045,0.016,True,False,2000,0.9898589495481446,18.23809464134209,13.840689572843539
182,2023-01-20 12:00:00,0.19421283192900393,0.04307878827257478,0.049574368300649124,0.14203023591872974,0.1937366278239857,0.0095,True,True,2000,0.9889626596823404,19.63803486689639,14.361536760584118
183,2023-01-20 18:00:00,0.18743006895829953,0.04261607055527601,0.04876646340342371,0.14070388044056278,0.18744423375461725,0.0105,True,False,2000,0.9671174701071734,19.380279516357927,14.548789034383832
184,2023-01-21 00:00:00,0.18497277916201968,0.045199237208688084,0.05183968398074818,0.1483209600461818,0.18908225252486666,0.015,True,False,2000,0.9441589673857628,19.591274939026643,15.709320693829845
185,2023-01-21 06:00:00,0.17188435345850184,0.043730355278019446,0.04884679125570096,0.13913470942088665,0.18771459603174867,0.0185,True,False,2000,0.9347408599740746,18.388449763848893,14.884842995388647
186,2023-01-21 12:00:00,0.18800809626474213,0.04815856993218037,0.05435949287121671,0.15067080330374502,0.19981937803213973,0.0175,True,False,2000,0.9369143562466413,20.06673235512353,16.08159831250159
187,2023-01-21 18:00:00,0.19566020782476698,0.04642974649653599,0.0522130211699117,0.1499764525037686,0.20639779571356293,0.0135,True,False,2000,0.9384507959630721,20.84927719880864,15.98128033445348
188,2023-01-22 00:00:00,0.17495449397304785,0.048968182324339866,0.05330875384673486,0.15441950231570206,0.2108412084642364,0.03,True,False,2000,0.9279978960542383,18.85289769696012,16.640070303206457
189,2023-01-22 06:00:00,0.17341198234357222,0.04870082332925978,0.05187053755364073,0.14941534520256466,0.20375306899194082,0.025,True,False,2000,0.9602174862252313,18.059656778932705,15.560573239500181
190,2023-01-22 12:00:00,0.1810889542264934,0.048345752442520845,0.05218765269528889,0.1502992468664981,0.20352340040387473,0.019,True,False,2000,0.9611318987675529,18.841217782772734,15.637733703274742
191,2023-01-22 18:00:00,0.17926260668101754,0.04925678885785001,0.05270511626472142,0.15562966209946416,0.20216041867453077,0.0235,True,False,2000,0.9669145790125826,18.53965288889131,16.09549235035776
192,2023-01-23 00:00:00,0.16962751749136118,0.047609636924202337,0.05141866401734444,0.15027678962344387,0.20403665008374047,0.0295,True,False,2000,0.9406690900700895,18.032644984510142,15.97552116996283
193,2023-01-23 06:00:00,0.15945673558246637,0.04743368561927991,0.050906475674796246,0.1463496359645709,0.20534157067803677,0.0365,True,False,2000,0.9059045601164623,17.601935413810786,16.15508326238653
194,2023-01-23 12:00:00,0.16265752811543238,0.0460195042448158,0.051919863259605674,0.1461553291023522,0.2067712816018338,0.0305,True,False,2000,0.9224450544715802,17.63330263704544,15.8443398220696
195,2023-01-23 18:00:00,0.19832896335039366,0.04619465877683008,0.050504798837161496,0.14368176549287476,0.1919690931920998,0.0095,True,True,2000,0.911969300337083,21.747328915248254,15.755109896765928
196,2023-01-24 00:00:00,0.18978098059015772,0.044932691217037524,0.049730085390643594,0.14579594165501125,0.18217574051499286,0.0065,True,True,2000,0.8869439236941891,21.397179181261592,16.43801121583426
197,2023-01-24 06:00:00,0.20746200214208024,0.04215555491020793,0.04857437875988868,0.14221640452077103,0.19041236895575417,0.0045,True,True,2000,0.8872864742004741,23.38162568397342,16.028239881479198
198,2023-01-24 12:00:00,0.21574944725355658,0.04259777372470486,0.04997651293864734,0.13873554821526105,0.1998649993401841,0.0085,True,True,2000,0.8655351422550791,24.926711432125046,16.028875252112492
199,2023-01-24 18:00:00,0.21526592683973464,0.04256249064010215,0.04872304482370432,0.13992353207868685,0.1896291144534038,0.0025,True,True,2000,0.8336932501397164,25.82075923052739,16.783575020577107
200,2023-01-25 00:00:00,0.21029776457301574,0.04558724129973606,0.050012975840185485,0.14406140951696655,0.19317850168548967,0.0065,True,True,2000,0.8224778270646661,25.568806556590783,17.51553717029747
201,2023-01-25 06:00:00,0.2215732402150203,0.04414339476623664,0.049864781782224955,0.14323880090582766,0.2028898495287114,0.0055,True,True,2000,0.8356310815280811,26.515677206481985,17.14139218516062
202,2023-01-25 12:00:00,0.2205395514520076,0.043531987762527945,0.050500711078933745,0.14035701106284165,0.1959620927856962,0.006,True,True,2000,0.8296742659551369,26.581462207715727,16.917122396373227
203,2023-01-25 18:00:00,0.22777279046700577,0.04508236649637573,0.05068020261852112,0.1448761861017225,0.20084703784171007,0.005,True,True,2000,0.8387858365432411,27.15505919910268,17.27213071441197
204,2023-01-26 00:00:00,0.22981364099929763,0.04493452394460276,0.04982046976648672,0.1441139706366919,0.1883531070932779,0.002,True,True,2000,0.8400699832701677,27.356487623173326,17.154995834477358
205,2023-01-26 06:00:00,0.20496361899752713,0.04573219709033398,0.05011569495416588,0.14340531858859115,0.19134803159284547,0.006,True,True,2000,0.8488091620429818,24.147196821509826,16.894883443933587
206,2023-01-26 12:00:00,0.2303816763922737,0.045189108701144586,0.05167495526890303,0.15060084482491778,0.2016379875230992,0.002,True,True,2000,0.9045961688575406,25.467903173106976,16.648406218115987
207,2023-01-26 18:00:00,0.24994058421675674,0.04691843480157219,0.05103408331225583,0.14246949135771114,0.20953180803934668,0.0015,True,True,2000,1.00271575908027,24.926364421160788,14.208362645899744
208,2023-01-27 00:00:00,0.25709867337912146,0.045936056261737905,0.050401362328782805,0.14207262104091573,0.19779535835178128,0.001,True,True,2000,1.0182694311544525,25.248589961857,13.952360416028824
209,2023-01-27 06:00:00,0.2520418179009003,0.043803715469858256,0.04792544772243127,0.1378489503651549,0.17978652058834518,0.0005,True,True,2000,1.0059968446663616,25.053937220299122,13.702721941525814
210,2023-01-27 12:00:00,0.23456505640313338,0.047213988885537884,0.05258251655601967,0.15009991861471736,0.20614418243179108,0.0035,True,True,2000,1.0176556584852885,23.049550645870486,14.749578343437989
211,2023-01-27 18:00:00,0.23820535538324497,0.04551021620923277,0.04996796512777845,0.14320540882246707,0.19048592920366048,0.002,True,True,2000,1.0378882772242881,22.950963086344668,13.797767251544006
212,2023-01-28 00:00:00,0.23249255869132726,0.05041155705476038,0.05276605297442877,0.15510080576430088,0.2135638800938925,0.0045,True,True,2000,1.0387203151811273,22.382594745996307,14.931912228678721
213,2023-01-28 06:00:00,0.22061345383443953,0.04921001650734801,0.05102075771552915,0.14840785229875214,0.19225211794246622,0.004,True,True,2000,1.0708264371530782,20.602167277543792,13.85918830070281
214,2023-01-28 12:00:00,0.20438465891087845,0.04758642917640092,0.050454985603702575,0.14104053116963672,0.1971636017701065,0.008,True,True,2000,1.0803879539837804,18.91770989830444,13.054619005105469
215,2023-01-28 18:00:00,0.2153571873810396,0.04700473642276478,0.050817683920978456,0.14804690047491112,0.19458552004654167,0.005,True,True,2000,1.0528843947824904,20.45402025599677,14.061078424996062
216,2023-01-29 00:00:00,0.23425331213712194,0.05078937995792413,0.052510679184453284,0.15505557582181215,0.19641664954938617,0.002,True,True,2000,1.0659866387848145,21.97525781412815,14.545733518627383
217,2023-01-29 06:00:00,0.26205907077124213,0.05126569173550032,0.05332940272178663,0.1504635702454129,0.2022479193234294,0.0005,True,True,2000,1.091484144413261,24.00942534186924,13.785227299503852
218,2023-01-29 12:00:00,0.2648013103622258,0.051108752009470515,0.05426072124853759,0.155351781370041,0.21576477552787018,0.002,True,True,2000,1.0693167887529835,24.763597948465016,14.528134506445861
219,2023-01-29 18:00:00,0.23601024919874752,0.04854814493646794,0.051197723377936655,0.14373846868383197,0.19842579174732256,0.003,True,True,2000,1.0480264014666414,22.519494629950856,13.715157221486004
220,2023-01-30 00:00:00,0.2608271785849252,0.0509768469878042,0.053156163945352365,0.15327279960467272,0.2009719610476853,0.0015,True,True,2000,1.0358912005350036,25.179012858707228,14.796225658207385
221,2023-01-30 06:00:00,0.24989041650218355,0.049596902479589415,0.05222208066399063,0.15199215634887203,0.1965702791231922,0.001,True,True,2000,1.0252220983908333,24.37427137928515,14.825290694322298
222,2023-01-30 12:00:00,0.23314449308863142,0.051136612049384834,0.05446703786254711,0.1582099736888168,0.20280228229273672,0.0045,True,True,2000,0.9969649423289303,23.385425423686527,15.869161188279609
223,2023-01-30 18:00:00,0.2459493465216164,0.05342789393044437,0.05439592919786947,0.1580796058872379,0.20989653783816065,0.0025,True,True,2000,1.000757706543887,24.576313018962555,15.795991862322524
224,2023-01-31 00:00:00,0.24649298626976726,0.049903553455826,0.05341648928454259,0.15208560449233666,0.21146039214856707,0.003,True,True,2000,1.021181135850966,24.13802778136524,14.89310751570057
225,2023-01-31 06:00:00,0.252312483088412,0.05411869471833212,0.055615358791972366,0.1593039836357123,0.21764716069639264,0.0025,True,True,2000,1.000756595644145,25.212172888654212,15.918354605814514
226,2023-01-31 12:00:00,0.2617701830804147,0.05358946148553274,0.053744632117617486,0.15931105625027478,0.20403953254167229,0.0,True,True,2000,1.0336502505870357,25.32483138583374,15.41247207745541
227,2023-01-31 18:00:00,0.2638009804289203,0.05656184521943177,0.05523917415244766,0.16243986103419455,0.21117631478929147,0.001,True,True,2000,1.0362701521567985,25.45677687231162,15.675435666665397
228,2023-02-01 00:00:00,0.24013240181471288,0.05070105218035844,0.05223606969473022,0.1555668216090653,0.19474857723696806,0.001,True,True,2000,1.0650283762275796,22.54704261169849,14.606824107362856
229,2023-02-01 06:00:00,0.23928145369583642,0.05110410013732208,0.052267883025391336,0.15241532304837013,0.19745642608283076,0.002,True,True,2000,1.0785497041737921,22.185482298113893,14.13150663882716
230,2023-02-01 12:00:00,0.24922860464700228,0.052576380984123885,0.055110921573263257,0.15841519758797296,0.21620510099158533,0.0025,True,True,2000,1.0761396459048638,23.159504028628213,14.72069151906124
231,2023-02-01 18:00:00,0.234744305205839,0.055913290531908924,0.055634644371994724,0.16391078142280555,0.2148588719838705,0.004,True,True,2000,1.1086100080892838,21.174651454791256,14.785251822262524
232,2023-02-02 00:00:00,0.2426203671699052,0.05408536303826253,0.05390143718833179,0.16078327903636908,0.20796192005602301,0.001,True,True,2000,1.1144483449273406,21.77044528570981,14.427162978724848
233,2023-02-02 06:00:00,0.2479826046149235,0.06069112956606956,0.058267541545732965,0.17077076255873802,0.2284181331877242,0.005,True,True,2000,1.1406342157819376,21.740765022108715,14.971562328740923
234,2023-02-02 12:00:00,0.2483866767818505,0.06038410124261008,0.05719459024028787,0.16375161037427277,0.2183831375957671,0.004,True,True,2000,1.1621786909105685,21.37250310339447,14.090054451607022
235,2023-02-02 18:00:00,0.24301631259221979,0.058985245047215175,0.05775646503440381,0.16887866039120605,0.22018323225937156,0.0055,True,True,2000,1.220641234813666,19.908905717847297,13.83524131207855
236,2023-02-03 00:00:00,0.2558569323711636,0.061070030256429715,0.05928525526962434,0.17505258435991933,0.23319243964274372,0.0055,True,True,2000,1.2069139876523705,21.199268132507427,14.504147449680568
237,2023-02-03 06:00:00,0.26380203809024755,0.06296357812310228,0.057999444993412995,0.1706581440971965,0.22445277196852031,0.001,True,True,2000,1.2091265502852506,21.817570545284344,14.114167293484355
238,2023-02-03 12:00:00,0.2707018985440537,0.06268598804105638,0.0575746567605439,0.17346436856755135,0.21786441238718052,0.0015,True,True,2000,1.2081551182411672,22.406220398101002,14.357789488164471
239,2023-02-03 18:00:00,0.2504458573834856,0.0624394736280433,0.06029554056695902,0.17698278144499974,0.2363013088854332,0.0065,True,True,2000,1.2104769213655024,20.689849840422006,14.620913321118985
240,2023-02-04 00:00:00,0.25859961936082626,0.06642717284315805,0.060324609774365705,0.1807724013041546,0.23070622817398018,0.003,True,True,2000,1.190523181289277,21.721510628694844,15.184282351258977
241,2023-02-04 06:00:00,0.25883410828529774,0.06858039904736185,0.06093512310463884,0.18248319086939388,0.2365071700363043,0.004,True,True,2000,1.2289890502596341,21.060733472817912,14.848235696716971
242,2023-02-04 12:00:00,0.27031574730205177,0.06096796828794997,0.05828362390372808,0.17556876232914637,0.22168077004109799,0.0005,True,True,2000,1.273707221502582,21.2227537646495,13.784075285529852
243,2023-02-04 18:00:00,0.2813898242286426,0.05596667941803338,0.05551599620008112,0.16049710436055167,0.22527614297796908,0.0005,True,True,2000,1.335844301663121,21.06456747079831,12.01465651054793
244,2023-02-05 00:00:00,0.291902849814616,0.05918147483628816,0.058623100743761924,0.17076443539043773,0.2217385439386816,0.0015,True,True,2000,1.4205526592497555,20.548541295806682,12.020985936601921
245,2023-02-05 06:00:00,0.2838441569465291,0.06153444413057033,0.05770458216861822,0.17550461861816707,0.21954552231048866,0.0015,True,True,2000,1.4561847919222155,19.492317082356337,12.052358985736609
246,2023-02-05 12:00:00,0.2872390252831131,0.05853854276394579,0.05691095655591663,0.1645334333646182,0.2223765484577173,0.0005,True,True,2000,1.4641648855835985,19.61794249481834,11.23735687043452
247,2023-02-05 18:00:00,0.27556986239787984,0.051442127653659915,0.05316854631743583,0.15434593227250784,0.20451284391008434,0.001,True,True,2000,1.44339879348161,19.091734290090415,10.693228577544486
248,2023-02-06 00:00:00,0.26362504691449734,0.053666300936156645,0.05413313615651265,0.15667161099884408,0.20241277506719715,0.001,True,True,2000,1.4592235540552525,18.06611784615665,10.736642138447268
249,2023-02-06 06:00:00,0.28227994510741755,0.052640271978383085,0.05440460910864381,0.15737451796467636,0.21085091647248813,0.0005,True,True,2000,1.4766249492152401,19.11656343456994,10.657717658658946
250,2023-02-06 12:00:00,0.2808784617288707,0.052787833302125844,0.052802240701891504,0.14842649293755936,0.20599557790933412,0.0005,True,True,2000,1.4976042068608215,18.75518647998656,9.910929219989379
251,2023-02-06 18:00:00,0.2785872042062788,0.05513910017861701,0.05374847789499067,0.15704344519217298,0.20161597051331578,0.0005,True,True,2000,1.4862935874493195,18.74375335793328,10.56611200628812
252,2023-02-07 00:00:00,0.2764852688129883,0.0545577867391992,0.054059454477929564,0.1571949777751786,0.20384061264677147,0.001,True,True,2000,1.4816741151047772,18.660329285258285,10.609281499397895
253,2023-02-07 06:00:00,0.2838881139267626,0.054450890295596875,0.052754677183399816,0.15895719171711395,0.2052936231566558,0.0,True,True,2000,1.4593394082608697,19.453193158477024,10.892407264362655
254,2023-02-07 12:00:00,0.2883680642875501,0.05987649545045228,0.054622565222638225,0.16104672452204397,0.20285032985761944,0.001,True,True,2000,1.4541773553200557,19.830322844222945,11.074764981923305
255,2023-02-07 18:00:00,0.28107603704654804,0.056085113226122967,0.05390610146706562,0.15787172119509107,0.2058314403460179,0.0005,True,True,2000,1.4326404873550627,19.619439735747658,11.019632810081575
256,2023-02-08 00:00:00,0.2977614447225464,0.05649278487140509,0.05519880442655254,0.16285424655815967,0.22079331733365795,0.0005,True,True,2000,1.408127135684578,21.14592050509602,11.565308446313416
257,2023-02-08 06:00:00,0.25519313623997253,0.05325775175882326,0.05143859451569711,0.14775377210537202,0.1984088205416124,0.0025,True,True,2000,1.4181452757936481,17.994851486365295,10.418803674587103
258,2023-02-08 12:00:00,0.2702851437331466,0.05224851880293763,0.0534485400288837,0.15791202204743346,0.2004727929507465,0.0,True,True,2000,1.4134235528565056,19.12272815794705,11.17230724847452
259,2023-02-08 18:00:00,0.282786822393854,0.04787560323961517,0.04991999288342561,0.14290377568171056,0.2032162575873901,0.0,True,True,2000,1.4235074760579354,19.865496117868286,10.038849678362666
260,2023-02-09 00:00:00,0.2671778948209088,0.051537699084101406,0.05074963922112325,0.14939050925390843,0.1938441236696981,0.0005,True,True,2000,1.4440228761486034,18.50233117729457,10.345439239325096
261,2023-02-09 06:00:00,0.26614093728851607,0.05087946645112117,0.05055235056949725,0.14500577751307536,0.18819695202324113,0.0,True,True,2000,1.4542244923740117,18.3012278148364,9.971347496448391
262,2023-02-09 12:00:00,0.26483059336312914,0.05033043077231194,0.051135911154736334,0.15056140689267572,0.19821900461478129,0.0,True,True,2000,1.4549615673847263,18.201896139370785,10.348136354096818
263,2023-02-09 18:00:00,0.29097657600808435,0.04956082155623551,0.051159640994301224,0.1510423464968295,0.19279014456842336,0.0,True,True,2000,1.4514045323754237,20.047930781355703,10.406633238882605
264,2023-02-10 00:00:00,0.2945770423903894,0.05059410944021218,0.05155616816467539,0.14870639937252947,0.19283120887995056,0.0,True,True,2000,1.464409449057162,20.11575673593532,10.154700891084243
265,2023-02-10 06:00:00,0.2796941266397237,0.04832674906696429,0.04943457930840527,0.1458607001469691,0.18699505339895156,0.0,True,True,2000,1.4735711116009982,18.98070099486702,9.898450030585568
266,2023-02-10 12:00:00,0.28554284091098225,0.04739980813657892,0.04963001214220205,0.14516060107038334,0.19419093028471304,0.0,True,True,2000,1.4822945200013868,19.263569895051294,9.792966182607726
267,2023-02-10 18:00:00,0.2726890249776033,0.04940640258955757,0.05153212525065399,0.14947780822932283,0.19610010147747,0.0005,True,True,2000,1.4655091956315942,18.60711797581603,10.199718205446128
268,2023-02-11 00:00:00,0.27477097592375743,0.04961573194555214,0.050834352697760106,0.14607661501114413,0.19200488823949244,0.0005,True,True,2000,1.4377468566383504,19.111220772633768,10.160106720921046
269,2023-02-11 06:00:00,0.2876104138037136,0.04729154263575421,0.05058279058965349,0.14817733100334926,0.18719090893176632,0.0,True,True,2000,1.4520406753761532,19.807324869133417,10.20476447500093
270,2023-02-11 12:00:00,0.2894835866797268,0.04958736306711647,0.050380219394429125,0.14715455371826652,0.18986065770874797,0.0005,True,True,2000,1.454592919852229,19.90134715554199,10.116545440989487
271,2023-02-11 18:00:00,0.29876814207028285,0.048200382227342575,0.051068662232158134,0.14544719487527097,0.19957368687509616,0.0005,True,True,2000,1.4908026558101757,20.040757299826346,9.756301030750967
272,2023-02-12 00:00:00,0.3182273620576885,0.050607125126223125,0.05046611880690119,0.1490447628177629,0.18905728475596695,0.0005,True,True,2000,1.4921603231755471,21.326620009601356,9.988522044372061
273,2023-02-12 06:00:00,0.31381291916811893,0.048923152545068495,0.05061264545963456,0.1476176483668361,0.20558151978473832,0.0,True,True,2000,1.4785535869685973,21.22431827523502,9.983922778848282
274,2023-02-12 12:00:00,0.31855926126404177,0.04982253240148186,0.05156247077524424,0.14821941484971266,0.19623194525110602,0.0,True,True,2000,1.4916785431749453,21.355758096915984,9.936417972081092
275,2023-02-12 18:00:00,0.3499966398773261,0.04874655485791496,0.05108710531337283,0.14882314281344938,0.19873861495629694,0.0,True,True,2000,1.5277937806292423,22.908631015186835,9.741049132439496
276,2023-02-13 00:00:00,0.35314879431063895,0.05269102417062763,0.05248373075813338,0.1533869295242666,0.20046279470356287,0.0,True,True,2000,1.5250459424133682,23.156600367841044,10.057856308350521
277,2023-02-13 06:00:00,0.36183746220327967,0.05113145353937215,0.05232884405491626,0.15325735899737733,0.2094142480297216,0.0,True,True,2000,1.5152889530497677,23.87910645524224,10.114068256679476
278,2023-02-13 12:00:00,0.35200020961342254,0.05126200222365588,0.05080973890736958,0.14590064361541738,0.19534460653352295,0.0,True,True,2000,1.4968343985294097,23.51630948348402,9.747280244144573
279,2023-02-13 18:00:00,0.31673693254184354,0.049713221114730984,0.051599805054707765,0.14963611849226277,0.20197592238321618,0.0,True,True,2000,1.4925270248985527,21.221520766993965,10.025689049244086
280,2023-02-14 00:00:00,0.32241828322586413,0.04999152809788974,0.05116808956300295,0.14934541235866625,0.1948167927654956,0.0,True,True,2000,1.4732185529544337,21.88529886344952,10.137356202795896
281,2023-02-14 06:00:00,0.31203259932479216,0.048247145503068675,0.051002547164145255,0.14934030355374822,0.20206094514205677,0.0,True,True,2000,1.4813854029307207,21.063566490359488,10.081124281250418
282,2023-02-14 12:00:00,0.3020327151933473,0.04923098875482666,0.05249805174914277,0.15174031587848116,0.21128162816956159,0.001,True,True,2000,1.4973659458337931,20.17093523688783,10.133816406114812
283,2023-02-14 18:00:00,0.3041764947847923,0.049711540302388,0.05212645556479246,0.15080008518170518,0.1954017879914897,0.0005,True,True,2000,1.498262701122683,20.301946685108412,10.064996283275768
284,2023-02-15 00:00:00,0.30515392283925147,0.04798380477088479,0.05030743409305999,0.14624799123303228,0.19498939475720153,0.0,True,True,2000,1.4927860943829296,20.441905507258387,9.796982419874869
285,2023-02-15 06:00:00,0.321058636244362,0.049714195118745634,0.05250020377769683,0.15337449645039664,0.19757859601689914,0.0,True,True,2000,1.5018336503753198,21.377776171423974,10.212482348632099
286,2023-02-15 12:00:00,0.3148469787902509,0.05040084257300983,0.051425042416043565,0.1497632994760205,0.19552502543975173,0.0,True,True,2000,1.492873080370745,21.090003090688782,10.031884253604986
287,2023-02-15 18:00:00,0.32003866769197015,0.04774749410510754,0.05063636991467533,0.14776770516160137,0.19077350349313446,0.0005,True,True,2000,1.4913026138846381,21.4603437767948,9.908633149692324
288,2023-02-16 00:00:00,0.31506696067411477,0.051186089816738216,0.0530094549518235,0.15090029806803903,0.21040999696539323,0.0,True,True,2000,1.501256028713553,20.98689062012294,10.051603136431538
289,2023-02-16 06:00:00,0.31565610387627446,0.04901481973659983,0.05326371614249696,0.14982809268498634,0.20674483956867656,0.0005,True,True,2000,1.4958792609453624,21.10171001881441,10.016055212256791
290,2023-02-16 12:00:00,0.30974838692416723,0.05356121460860139,0.05435491570482764,0.1580503865195185,0.2161339797783692,0.0,True,True,2000,1.4703780103826851,21.065901743426586,10.748962879170358
291,2023-02-16 18:00:00,0.3053560487723655,0.05326649635995389,0.05454932045088873,0.1593662449996448,0.21243178021608444,0.0005,True,True,2000,1.4865675186509517,20.541014447125395,10.72041753907474
292,2023-02-17 00:00:00,0.2998792205165164,0.05512959402507894,0.055155554808981634,0.15981115560571849,0.21818919145669793,0.0005,True,True,2000,1.500776627681704,19.98160252400446,10.648563727473801
293,2023-02-17 06:00:00,0.2834561213148552,0.05190934114841338,0.053381936701115865,0.15597307975546124,0.20159836623354488,0.0,True,True,2000,1.4918093500649077,19.000827505372737,10.455295762067381
294,2023-02-17 12:00:00,0.27714454098208025,0.04987555872743165,0.05148933822294187,0.15083641219995608,0.20164739601703738,0.0,True,True,2000,1.5232773824940893,18.193964156961783,9.902097538728562
295,2023-02-17 18:00:00,0.24837276398270366,0.049928429407566935,0.051726419381557254,0.1494468115871577,0.20654389080817123,0.0,True,True,2000,1.5136110274451802,16.40928610317615,9.873528196964088
296,2023-02-18 00:00:00,0.24954893009817536,0.0495942692408553,0.05103938557966118,0.14917618471059688,0.19808529963472898,0.0015,True,True,2000,1.513679426492814,16.48624706992145,9.855203294678926
297,2023-02-18 06:00:00,0.22986612981441984,0.04768103773463224,0.052046934423986696,0.15430339437597518,0.20154553795446778,0.002,True,True,2000,1.5345577848964125,14.979307529298191,10.055235188578521
298,2023-02-18 12:00:00,0.23966471116154436,0.04765597477406338,0.05010980692131865,0.14568171048914463,0.1888662895481976,0.002,True,True,2000,1.5509401307676323,15.45286671013685,9.393122764644692
299,2023-02-18 18:00:00,0.21882437755181502,0.04576382923567476,0.04961631322317066,0.1439135407499659,0.18828752346129204,0.002,True,True,2000,1.5394982026676785,14.214006692091685,9.348081115040548
300,2023-02-19 00:00:00,0.22284342366969345,0.04580095508282582,0.05070905983842306,0.14771097801586333,0.20286625010911216,0.0055,True,True,2000,1.5266727258504373,14.59667287535761,9.675353172604856
301,2023-02-19 06:00:00,0.24764847531182752,0.04151068252860215,0.04722226596970536,0.13445215691571497,0.1812525985090891,0.0005,True,True,2000,1.5010419129886488,16.498438395950394,8.957255340592992
302,2023-02-19 12:00:00,0.23966891626032646,0.0403892926555129,0.04679002327079438,0.1358059314457994,0.17640435490500894,0.001,True,True,2000,1.4884032804733338,16.102417900080702,9.124269828444017
303,2023-02-19 18:00:00,0.2378469839331152,0.03981445567171545,0.046736198156498036,0.13327346262820014,0.17754539014990323,0.0005,True,True,2000,1.4702594517208105,16.177211692448978,9.064622061923505
304,2023-02-20 00:00:00,0.24882831439885347,0.04264088223118577,0.04906282478440479,0.1391147104874351,0.1847540524667584,0.0015,True,True,2000,1.4779125774679747,16.836470451124868,9.412918775329226
305,2023-02-20 06:00:00,0.24535623119794608,0.043781053113686005,0.04772948203829957,0.13961150424127752,0.18410308726235056,0.0,True,True,2000,1.461960325881342,16.782687385858654,9.54960964191096
306,2023-02-20 12:00:00,0.2624154329683674,0.043984242057914125,0.05048894733739814,0.14718777352873436,0.19966742825281403,0.0005,True,True,2000,1.467251054206829,17.88483519681127,10.031532988626923
307,2023-02-20 18:00:00,0.25995233465823125,0.0416994225631387,0.04839972446688342,0.13929708213101052,0.1849148561062005,0.0005,True,True,2000,1.4811745683145006,17.550418446222952,9.404501340414138
308,2023-02-21 00:00:00,0.2739550942109479,0.04150363042811485,0.048626212773413315,0.13764913206933657,0.19350688428622895,0.0,True,True,2000,1.5076593445459918,18.170888218349166,9.129988983737402
309,2023-02-21 06:00:00,0.25854657579013385,0.04028224684178747,0.04743840010003818,0.13692586995549974,0.18128780042900092,0.0005,True,True,2000,1.4916921366159104,17.33243538956229,9.179231196199314
310,2023-02-21 12:00:00,0.24591681947674923,0.0413846256957667,0.04645113710705626,0.1312895784633621,0.17523417908949482,0.0005,True,True,2000,1.479898828228386,16.617137251952606,8.87152391495108
311,2023-02-21 18:00:00,0.24530280296399945,0.04084516133793292,0.04655296970775867,0.13291494852887922,0.18516427173161473,0.0005,True,True,2000,1.4639257165234554,16.756506166620728,9.079350613808938
312,2023-02-22 00:00:00,0.253716578984629,0.04275596403626432,0.048622976351710895,0.1406565355322687,0.18052422973288848,0.0005,True,True,2000,1.4845694374090121,17.090246679699618,9.474567641494332
313,2023-02-22 06:00:00,0.26397213154613586,0.04039287629399665,0.045952719728260025,0.1336071635416799,0.17232425350813801,0.0,True,True,2000,1.489581518442049,17.721227625207376,8.9694428863094
314,2023-02-22 12:00:00,0.267790586738416,0.04157968014633124,0.048261536313400036,0.13947294375836686,0.18384487360958734,0.0,True,True,2000,1.5238940486577393,17.57278250245078,9.152404255480622
315,2023-02-22 18:00:00,0.27507843897791706,0.04048215234150305,0.045951016818413674,0.13554173232514263,0.17435298866947901,0.0,True,True,2000,1.5246356632408902,18.042240884828043,8.890106377088415
316,2023-02-23 00:00:00,0.2705866488763347,0.04197202603584913,0.04761374149548948,0.13529527824335486,0.19265096158462278,0.0005,True,True,2000,1.5649126176412202,17.29084715823863,8.645548429872353
317,2023-02-23 06:00:00,0.26218175726385945,0.03944401639517674,0.045431974246600705,0.13047306607350437,0.17051471872857757,0.0005,True,True,2000,1.528444329948077,17.153503868391862,8.536330929235525
318,2023-02-23 12:00:00,0.2709948691288582,0.040535673461129115,0.04624070864020182,0.13218862172561516,0.17579846158376178,0.0,True,True,2000,1.5045977557179575,18.011117463055502,8.78564528115609
319,2023-02-23 18:00:00,0.2533897982050587,0.04205767228221332,0.04690673897280943,0.13122637266473572,0.17929917274786952,0.001,True,True,2000,1.508860831397736,16.793450590822918,8.697049451749232
320,2023-02-24 00:00:00,0.2784352106092546,0.042996973762200304,0.04847630842885722,0.1392618512431707,0.1945180141165989,0.0,True,True,2000,1.5245191561257343,18.26380531136407,9.13480494381437
321,2023-02-24 06:00:00,0.27545004608856444,0.041440078692638126,0.04780105503578629,0.13802443445168516,0.1902126196993063,0.001,True,True,2000,1.543155099919421,17.849796569570202,8.944300832683142
322,2023-02-24 12:00:00,0.25993051915805265,0.04236347798986721,0.046872165937768925,0.1374638517614673,0.17797776962517994,0.0005,True,True,2000,1.555841851194928,16.70674425928439,8.835335780168878
323,2023-02-24 18:00:00,0.257696345716987,0.04292036951489298,0.04718199426866048,0.13882988406668892,0.17669088743453587,0.0,True,True,2000,1.5856160956768606,16.25212725952954,8.755579893847246
324,2023-02-25 00:00:00,0.2686498068799089,0.04106699707787173,0.04619735078865415,0.131744948271933,0.17456724207755667,0.0,True,True,2000,1.5440170938596545,17.39940625970351,8.532609437801222
325,2023-02-25 06:00:00,0.25014438635286174,0.03968103120305512,0.046856482074788694,0.13449241923466138,0.19808958376848332,0.0015,True,True,2000,1.5655725576923478,15.977821348732265,8.590621914892468
326,2023-02-25 12:00:00,0.254227774894256,0.035437961879222164,0.043438612960213396,0.12408444658142712,0.17274032543489037,0.0005,True,True,2000,1.5451772324855833,16.452984780606908,8.030434565866853
327,2023-02-25 18:00:00,0.2568171051906464,0.03601276302810176,0.043947490153642986,0.12670778295558138,0.160665470930895,0.0005,True,True,2000,1.4913882550885171,17.220003195975533,8.495962236745722
328,2023-02-26 00:00:00,0.2761442652105738,0.03535485488655478,0.044171183384546134,0.12660465434455298,0.1667772387460641,0.0,True,True,2000,1.4954229429912604,18.465964194598264,8.46614363768611
329,2023-02-26 06:00:00,0.2649263079155504,0.03517998358143159,0.04377571610744856,0.12405462202786041,0.17622358554050477,0.0,True,True,2000,1.4273171611201807,18.561137995961044,8.691454527913082
330,2023-02-26 12:00:00,0.2706391150916744,0.03626561201052615,0.04373106297611264,0.12636929315455223,0.17163513454153898,0.0,True,True,2000,1.4121784168610696,19.164654540836246,8.94853593892481
331,2023-02-26 18:00:00,0.2679737331480403,0.0346615188787998,0.04391116911618988,0.12442011981810863,0.17449781241710438,0.0,True,True,2000,1.3907672946133394,19.268049672000824,8.946149388183583
332,2023-02-27 00:00:00,0.27444384958666773,0.03518197359059714,0.04327935673820862,0.12100631159221203,0.16776213543614185,0.0005,True,True,2000,1.3944344959860946,19.68137265512718,8.677805371319408
333,2023-02-27 06:00:00,0.2740572307139798,0.03235306572180009,0.040387366225707926,0.11742873190527901,0.15409447363310325,0.0,True,True,2000,1.3958885193660262,19.633174634780218,8.412472076109049
334,2023-02-27 12:00:00,0.24550375984521156,0.03063320402324802,0.03953857736176173,0.11157666439155142,0.15839979556597072,0.0,True,True,2000,1.4083247612430956,17.432325739164813,7.922651611483795
335,2023-02-27 18:00:00,0.25747944182673993,0.029861782105407575,0.03936827975234413,0.10730696215360243,0.16146471719814687,0.0005,True,True,2000,1.4396461141610546,17.884912083188205,7.453704149796211
336,2023-02-28 00:00:00,0.24025280319507847,0.03196635845698009,0.04007848986139835,0.11414657011080737,0.1559623218897952,0.0,True,True,2000,1.4417833407657585,16.66358574149398,7.917040437586271
337,2023-02-28 06:00:00,0.23746206349111637,0.03293251215984991,0.041760062459729845,0.11847610511805746,0.16226521211984457,0.0,True,True,2000,1.441172033875261,16.477010232608333,8.220816275450431
338,2023-02-28 12:00:00,0.24333023442381693,0.0323912149143573,0.041718842814460796,0.11922065471079948,0.15888802985366587,0.0,True,True,2000,1.418288757600298,17.15660743412536,8.405950767918181
339,2023-02-28 18:00:00,0.243932393460436,0.0341599016426835,0.0432366570125411,0.11999435034182614,0.1743908701426199,0.001,True,True,2000,1.379182349981147,17.686739789250527,8.70039776418734
340,2023-03-01 00:00:00,0.2545164388224535,0.03559940771873482,0.044865289039989126,0.13151211052477133,0.17750806855919,0.0,True,True,2000,1.3945165629399912,18.2512309703851,9.430659629277601
341,2023-03-01 06:00:00,0.26410226786379565,0.031972697467306584,0.040754979756231,0.11815755038757289,0.16067396629849756,0.0,True,True,2000,1.4133890780914988,18.6857442127976,8.3598743063107
342,2023-03-01 12:00:00,0.2665855842520533,0.03542836487073522,0.043189862041304136,0.12086178729089579,0.17347038482813834,0.0005,True,True,2000,1.4416335554078419,18.49191032298326,8.383669125730336
343,2023-03-01 18:00:00,0.2711868835984551,0.03612362669821258,0.04375427523068924,0.125503551226806,0.1697852204969316,0.0,True,True,2000,1.4193116914362836,19.106929452826915,8.842564461637155
344,2023-03-02 00:00:00,0.2843760009834562,0.0337705867180056,0.04207864008590556,0.11549936103453524,0.1654318519242076,0.0,True,True,2000,1.419186002127447,20.037965464509877,8.138423072197346
345,2023-03-02 06:00:00,0.27450134063938897,0.035385880241063504,0.0437388519163582,0.12608508080574501,0.16816784352564215,0.0,True,True,2000,1.4193469062447563,19.339975268319158,8.883316703689811
346,2023-03-02 12:00:00,0.2978034474362973,0.03698168525499714,0.0443377804373063,0.12307518009099887,0.1870419436923928,0.0,True,True,2000,1.4160589044163154,21.030442060533403,8.691388451932312
347,2023-03-02 18:00:00,0.30376351874411867,0.036302223442110745,0.044565740140846,0.12744241005964463,0.17877047885051953,0.0,True,True,2000,1.4150411705465364,21.466761891231403,9.006268701738344
348,2023-03-03 00:00:00,0.29570222530599694,0.03546791060115241,0.043550020871384015,0.12180297769118,0.17864768074492146,0.0,True,True,2000,1.4074630664000434,21.009590401710014,8.654079854665254
349,2023-03-03 06:00:00,0.28658532635838,0.038665416796107785,0.04592101408982198,0.13081998738998465,0.18222917923003465,0.0,True,True,2000,1.4164229085129685,20.23303383727757,9.235941229397794
350,2023-03-03 12:00:00,0.2986444093232352,0.03947421249166704,0.045538727904160275,0.1299818856320422,0.17409867316076474,0.0,True,True,2000,1.4450018742369,20.667406364503726,8.995274535590838
351,2023-03-03 18:00:00,0.29567245925849034,0.036927530777218213,0.04412728666380437,0.12643283034498645,0.1674004231990577,0.0,True,True,2000,1.4250697033081219,20.74792963264348,8.872045349886282
352,2023-03-04 00:00:00,0.29341528465962746,0.037395916865239125,0.04454429014871568,0.12645872385639437,0.16878028070842394,0.0,True,True,2000,1.4270501992918914,20.560964485007005,8.861546981258526
353,2023-03-04 06:00:00,0.2782223233175759,0.03725131846254789,0.04324413032474278,0.12247574238723782,0.16279454284689474,0.0,True,True,2000,1.4280653550123072,19.482464324273042,8.576340148394841
354,2023-03-04 12:00:00,0.27913555762214187,0.036825029144326185,0.04436817148161104,0.12572946205098126,0.17079143166690092,0.0,True,True,2000,1.4292237870514852,19.530570380304376,8.797045164659863
355,2023-03-04 18:00:00,0.279017058415168,0.03776018110744653,0.045476445811916615,0.1294186039608798,0.1761097657624832,0.0,True,True,2000,1.387196781255355,20.113733118863586,9.329505785311973
356,2023-03-05 00:00:00,0.29663505131655404,0.04050545539014571,0.04699623971111659,0.13690513915273006,0.18167820432748666,0.0,True,True,2000,1.3578345066822044,21.84618595688556,10.082608630064234
357,2023-03-05 06:00:00,0.28145259519635774,0.041827160119803954,0.04686606505978972,0.13287549562566606,0.1838896944406061,0.0005,True,True,2000,1.3633193409065212,20.644656519668352,9.746468904146276
358,2023-03-05 12:00:00,0.2791577397315281,0.0420741412753181,0.046274108692779876,0.1304836799198709,0.17253450445509813,0.0,True,True,2000,1.3767302816441565,20.27686493523951,9.47779544472873
359,2023-03-05 18:00:00,0.2577475870077166,0.03593754503725775,0.04396196692975771,0.1252141450918848,0.16935032433018135,0.001,True,True,2000,1.2983187067905892,19.8524126364059,9.644330351013041
360,2023-03-06 00:00:00,0.2517124973750585,0.034661828355686965,0.04384142094603995,0.12316758596119895,0.1689597072315114,0.0005,True,True,2000,1.296133296876448,19.420263176762802,9.50269438012437
361,2023-03-06 06:00:00,0.24668230104617525,0.03529988377777738,0.04307322889532292,0.12326516369493112,0.16434195542549487,0.0,True,True,2000,1.312661656223881,18.79252737188983,9.390474926305581
362,2023-03-06 12:00:00,0.2543258063682609,0.03487841645552598,0.04330746910183395,0.12063494065030882,0.17630877404474551,0.0,True,True,2000,1.3233529789835865,19.21828948188851,9.115855147200682
363,2023-03-06 18:00:00,0.23529746440047158,0.03648146855683376,0.044560103550130965,0.1267118551028125,0.17980089886116496,0.001,True,True,2000,1.3022401399092443,18.06866930218185,9.730298676835694
364,2023-03-07 00:00:00,0.243107755120096,0.038824402353650624,0.04572413782393952,0.1300483435975527,0.18054571532591515,0.0,True,True,2000,1.2883537433635956,18.869643246069785,10.094148774545907
365,2023-03-07 06:00:00,0.23698283745168552,0.03779332164496759,0.04541197628707403,0.13105626394529582,0.17550962881608814,0.0,True,True,2000,1.2980645333798986,18.25662987915015,10.096282625028795
366,2023-03-07 12:00:00,0.2486624277234033,0.042073698158081,0.04684415800316892,0.13393587054688932,0.1771907434523029,0.001,True,True,2000,1.3084265559578643,19.004691290552735,10.236407227980667
367,2023-03-07 18:00:00,0.24668755879279208,0.04088377234714177,0.046761996541756494,0.13554586814187017,0.17851156979025015,0.0,True,True,2000,1.3487585268162687,18.28997214016475,10.049676457788546
368,2023-03-08 00:00:00,0.2403540380074808,0.04545689088937271,0.04799005091638544,0.13822687459862787,0.18520147216581095,0.001,True,True,2000,1.410764467123163,17.037148553763323,9.798012199761503
369,2023-03-08 06:00:00,0.23727707134592882,0.04574205539095219,0.04983325981879279,0.14280670586489788,0.18890385747229663,0.002,True,True,2000,1.4159614786590402,16.75731119257832,10.085493709909418
370,2023-03-08 12:00:00,0.23770977320659023,0.04428645807840914,0.04894756308229049,0.14090655641667826,0.1874354574307729,0.001,True,True,2000,1.407640301841958,16.887110499432044,10.010125188394788
371,2023-03-08 18:00:00,0.23674058402359954,0.04356516009533038,0.04809022637032426,0.1384209524672071,0.17989226171862663,0.001,True,True,2000,1.4102620442885696,16.786992529677512,9.815264689835418
372,2023-03-09 00:00:00,0.244500233015411,0.04350639435467439,0.048559124944869254,0.14073196200200563,0.18365043256240376,0.0005,True,True,2000,1.405063616346854,17.4013639077146,10.016056238642545
373,2023-03-09 06:00:00,0.22347337196654596,0.04413538562495142,0.048208633904994344,0.13777028475626113,0.18161622098210345,0.0015,True,True,2000,1.382432273587457,16.165231110137874,9.965789094227578
374,2023-03-09 12:00:00,0.2078141692214707,0.045977214978433024,0.04968720050170044,0.1425127073617063,0.19209902295296005,0.006,True,True,2000,1.3975597582349788,14.869787713687865,10.197253213822496
375,2023-03-09 18:00:00,0.20864525621082278,0.04514780144082513,0.04817272017584561,0.13787831058464003,0.1873161231277221,0.0045,True,True,2000,1.4286092295470678,14.604781482265276,9.651226362883959
376,2023-03-10 00:00:00,0.20887258615631024,0.04488316367874379,0.04968307498208317,0.1421429971114249,0.19512921224918714,0.005,True,True,2000,1.4309331454963827,14.596949327346353,9.933587572472947
377,2023-03-10 06:00:00,0.19742385975672103,0.04524823221713441,0.04880780537723303,0.14116085698341732,0.18325363186399513,0.004,True,True,2000,1.485819179166455,13.287206311839094,9.500540776611095
378,2023-03-10 12:00:00,0.19052671717880454,0.04414709826092911,0.04876595693706633,0.13965521548734713,0.19261769174092838,0.0115,True,False,2000,1.493345434372802,12.758382139416044,9.351835969954376
379,2023-03-10 18:00:00,0.18834736299183083,0.04422578909613678,0.04886072080662942,0.1385650270053138,0.19511418071678738,0.013,True,False,2000,1.5322423745758356,12.29226955976663,9.043283837106529
380,2023-03-11 00:00:00,0.20191649309835316,0.04390446470696723,0.04740089212596721,0.1351140939802451,0.1804606046460871,0.0035,True,True,2000,1.542542455922855,13.089849963160516,8.759181535746485
381,2023-03-11 06:00:00,0.22370415116455514,0.04408540982134015,0.04832936197743775,0.13865902681710146,0.18618329109284268,0.0005,True,True,2000,1.5728024000736762,14.223283939169724,8.816048780864406
382,2023-03-11 12:00:00,0.23338247158830533,0.042931359413851525,0.047155516310636046,0.134722120823165,0.18022054451517924,0.002,True,True,2000,1.59741292936967,14.610027707763498,8.433769274443371
383,2023-03-11 18:00:00,0.2397220498930575,0.04635540854206285,0.04900252035883429,0.14261519228829692,0.18761027678222278,0.0005,True,True,2000,1.6052967184816933,14.933192545225483,8.884039358355125
384,2023-03-12 00:00:00,0.23459719640079282,0.04517068762569092,0.04831912874562165,0.1392285443258401,0.19529977210094054,0.0015,True,True,2000,1.5788330525659855,14.858898223565543,8.818446263179
385,2023-03-12 06:00:00,0.2265062238704951,0.04838076388860505,0.05005590698298224,0.14520461380696967,0.19474034262520645,0.0035,True,True,2000,1.5972885421029865,14.180670423659178,9.090694009223506
386,2023-03-12 12:00:00,0.22116328235125365,0.04457426991372853,0.04765717891130632,0.14000742901510918,0.1786186009713409,0.0015,True,True,2000,1.59940958676055,13.827807722423282,8.753694499148322
387,2023-03-12 18:00:00,0.21499935353264427,0.04553124797143258,0.04784831991628763,0.1354405700182733,0.17903739077316938,0.0045,True,True,2000,1.5842607456844777,13.570957566063665,8.54913374501092
388,2023-03-13 00:00:00,0.23565143365358507,0.04739269897522374,0.04960178813309107,0.144681430429881,0.19580045128912985,0.0005,True,True,2000,1.611907146240343,14.61941739033945,8.975791860426947
389,2023-03-13 06:00:00,0.2399225208289107,0.049959268280089515,0.050931192965286566,0.14924281588709654,0.1912466666517868,0.0015,True,True,2000,1.5824980031760583,15.160999909471512,9.430837548456154
390,2023-03-13 12:00:00,0.28216106354611736,0.0506078627114195,0.051579168208059245,0.15157242762955406,0.19410979629386144,0.0,True,True,2000,1.5665489373981005,18.011634160293898,9.675562889296167
391,2023-03-13 18:00:00,0.2719234854736701,0.050911163004291674,0.052730862676142236,0.15279581167080195,0.20681073532853908,0.0,True,True,2000,1.5819777533665158,17.188831188997785,9.658530996763131
392,2023-03-14 00:00:00,0.2988502567751006,0.0518169780860858,0.05432338722095445,0.15546162302173833,0.21013709206587672,0.0005,True,True,2000,1.5943919363337582,18.74383894980647,9.750527425472074
393,2023-03-14 06:00:00,0.3181474215330638,0.05085269707714936,0.05326114258037695,0.14963110028238286,0.21047996987045137,0.0,True,True,2000,1.599786872717103,19.886862866471535,9.353189655084934
394,2023-03-14 12:00:00,0.3120415454741974,0.05513523933720593,0.055985997923118036,0.16390449297072288,0.2196702544282857,0.0,True,True,2000,1.6015637059527021,19.48355499780617,10.234028928198212
395,2023-03-14 18:00:00,0.2945566939268899,0.050539188477479784,0.05240221301838342,0.1533694956876531,0.20329823907628897,0.0,True,True,2000,1.5616905035550954,18.861400082561115,9.820735628379412
396,2023-03-15 00:00:00,0.3199232158026944,0.05166589867555556,0.05198006804793587,0.15060714064849862,0.19393669625493148,0.0,True,True,2000,1.531360027064619,20.891443563140268,9.834861690701779
397,2023-03-15 06:00:00,0.3294729440978962,0.053800017055738523,0.05441364868751312,0.16206479530590864,0.21169009013445148,0.0,True,True,2000,1.5422518667753153,21.363108788889914,10.508322200625303
398,2023-03-15 12:00:00,0.3061068778755628,0.05590702605998234,0.054441604112937185,0.16037044736216682,0.20711082951236898,0.0,True,True,2000,1.5476430003217796,19.77890752660131,10.362237759536486
399,2023-03-15 18:00:00,0.29711091573957255,0.05291400925792466,0.05439393699339873,0.15461188573330023,0.21277481772846887,0.0005,True,True,2000,1.5337824883713644,19.371124523338217,10.08043101975129
400,2023-03-16 00:00:00,0.2788829644140081,0.05334277809549961,0.055056174285037236,0.1600100067719452,0.20593390934308203,0.0,True,True,2000,1.4990110322934718,18.604463770177862,10.674371523946126
401,2023-03-16 06:00:00,0.2563158548214718,0.052341317127305505,0.053778434454816886,0.15470245044092723,0.20733194031586297,0.0015,True,True,2000,1.4725453837267186,17.406312746218216,10.505784891288457
402,2023-03-16 12:00:00,0.2765752160940787,0.050283571989129895,0.053643058889060194,0.15393490220562703,0.2177382381145461,0.0005,True,True,2000,1.4903508413389677,18.557725363887926,10.328769437089601
403,2023-03-16 18:00:00,0.3013075544302711,0.05250520952240982,0.0533961026195653,0.15499528962213927,0.20491109179204592,0.0005,True,True,2000,1.4867986501123105,20.265525154163328,10.424766636049283
404,2023-03-17 00:00:00,0.2818173417479549,0.053337984499268555,0.05284694973001855,0.15617617785976018,0.2031046931698209,0.0005,True,True,2000,1.5097468917804333,18.666529024319424,10.344527199230248
405,2023-03-17 06:00:00,0.28319629063256835,0.054017486087871255,0.054782714988156976,0.15609195869479878,0.20780723663923903,0.0005,True,True,2000,1.536919619168433,18.426226531339015,10.156156297832545
406,2023-03-17 12:00:00,0.2770674891223212,0.05426573980582636,0.054233395756874636,0.15758241994550048,0.20813915943092104,0.0005,True,True,2000,1.529475330475344,18.11519830373542,10.303037702250851
407,2023-03-17 18:00:00,0.26026159349959566,0.05412791255907824,0.053725495816349056,0.1574222330289405,0.20790098513507776,0.0005,True,True,2000,1.5391587394628043,16.90934059149948,10.227810101242959
408,2023-03-18 00:00:00,0.2732531896409042,0.05335688102031698,0.05436458207809682,0.16037618796713754,0.20788269540019522,0.0,True,True,2000,1.561852623950198,17.495452864803543,10.268330411451892
409,2023-03-18 06:00:00,0.26574307610910575,0.053090380816229576,0.05336184593965064,0.15586519718280398,0.21044076644571805,0.0005,True,True,2000,1.5339068650734309,17.32459004910863,10.161320790186466
410,2023-03-18 12:00:00,0.25274194220980944,0.052469582822534624,0.054412500513601234,0.15969228751174697,0.21283227782030695,0.0025,True,True,2000,1.5257205617253249,16.565414961964084,10.466679909665944
411,2023-03-18 18:00:00,0.2553707636436381,0.05256032947349998,0.05344898898416947,0.1521369724928276,0.21132473998012072,0.003,True,True,2000,1.5158529998874284,16.846670730117147,10.036393535793096
412,2023-03-19 00:00:00,0.28327359556177245,0.05055511563786999,0.052551139930896565,0.14495443052636672,0.21737464585378696,0.0005,True,True,2000,1.4980648233488532,18.909301596744506,9.676112025801924
413,2023-03-19 06:00:00,0.28953010805140084,0.04961826495401615,0.05212110940016595,0.1525400085580126,0.20124190003683964,0.0,True,True,2000,1.4750322952710127,19.628730094903073,10.34146906796952
414,2023-03-19 12:00:00,0.29140117479968347,0.04970299040708845,0.05197538446347208,0.1520731000406929,0.19541110281689897,0.0,True,True,2000,1.4921857536658893,19.528478547914766,10.191298212510821
415,2023-03-19 18:00:00,0.2848081496572315,0.04880118751727993,0.05347725372859015,0.1536552424982093,0.20925298088525013,0.0005,True,True,2000,1.475680206294042,19.30012671054836,10.41250277958883
416,2023-03-20 00:00:00,0.28535422112948783,0.05218892818208075,0.05181719582239266,0.1522915404965746,0.19448179543093927,0.0,True,True,2000,1.4810113173222923,19.267524683431578,10.282942386417528
417,2023-03-20 06:00:00,0.2959318918877921,0.05028012227323187,0.0517174455401005,0.1497322769883857,0.20135891063252873,0.0,True,True,2000,1.4900935372014932,19.859954056546965,10.048515294522657
418,2023-03-20 12:00:00,0.2850607562733409,0.051144511739114114,0.05260266631867649,0.15201707949199086,0.20468362907606377,0.001,True,True,2000,1.521697934288466,18.733071120756502,9.989964241035318
419,2023-03-20 18:00:00,0.27857831159123025,0.05250100224257785,0.05246857685905274,0.15200857676139728,0.2007028254532325,0.0015,True,True,2000,1.6094538673660745,17.308872111204593,9.444730280474857
420,2023-03-21 00:00:00,0.2788983993064328,0.052766654635742434,0.05233883500080924,0.15399172574475098,0.19468000793864065,0.0,True,True,2000,1.6274239421881198,17.137415278003445,9.462299389408301
421,2023-03-21 06:00:00,0.2662166026969015,0.05143195638304586,0.052388317171546864,0.15568084459860868,0.20149802506539918,0.0,True,True,2000,1.6251549471098026,16.380998203915553,9.579446247600796
422,2023-03-21 12:00:00,0.25279830811475956,0.04786289062279605,0.05027315281738607,0.14333544652140687,0.20009291497631576,0.002,True,True,2000,1.5941348504354742,15.85802531358636,8.991425441972586
423,2023-03-21 18:00:00,0.2315166875516009,0.048042380612270494,0.05106335501497087,0.14798899377948257,0.197674260637005,0.003,True,True,2000,1.595508818235149,14.510523847037716,9.275347907081995
424,2023-03-22 00:00:00,0.2503423758068888,0.04588189484269617,0.050054266195638936,0.14092492137680543,0.20068832991219937,0.002,True,True,2000,1.5447659948381438,16.205844551434403,9.122735860816974
425,2023-03-22 06:00:00,0.23484944970923313,0.04581132452207479,0.05133929427599938,0.14729721423551004,0.19690167150764804,0.003,True,True,2000,1.5444983352583468,15.20554890529876,9.536896924584367
426,2023-03-22 12:00:00,0.21960096196128776,0.04765770140720106,0.051708447371647016,0.1505109704750151,0.19643746100768208,0.0045,True,True,2000,1.501260741977094,14.627769568668198,10.025638203047848
427,2023-03-22 18:00:00,0.20399991229407285,0.04928210345527671,0.053351291292852474,0.15156409033562548,0.20771176670052321,0.0125,True,False,2000,1.5506715607899009,13.155584809342654,9.774093635819298
428,2023-03-23 00:00:00,0.20154483881941923,0.0491631017088291,0.05285610383678878,0.15054093901745558,0.20513706145432822,0.0115,True,False,2000,1.4939618382200683,13.490628318829295,10.076625464329975
429,2023-03-23 06:00:00,0.21103632912150141,0.04904172805962777,0.053293656932866175,0.15551617246178293,0.20820034533036363,0.0095,True,True,2000,1.4893312904767388,14.169871436324161,10.442013369100826
430,2023-03-23 12:00:00,0.22882974385374574,0.05013047384240947,0.05422487883153835,0.15703594090515227,0.20714597163889964,0.007,True,True,2000,1.4848146225612402,15.411334208106359,10.576131088625202
431,2023-03-23 18:00:00,0.2267954887748316,0.046615900893624614,0.05052643469714264,0.14816825859394317,0.18626232658038838,0.004,True,True,2000,1.5172887990393655,14.947417322161849,9.765330020741752
432,2023-03-24 00:00:00,0.22764356381753328,0.04592026392594066,0.05250332894036971,0.15109766772325176,0.20318362890863698,0.006,True,True,2000,1.4960354487965648,15.216455198347973,10.099872155088114
433,2023-03-24 06:00:00,0.2261719857182071,0.04652590567284521,0.052867203897614894,0.15112201314249654,0.20041663417536423,0.003,True,True,2000,1.4895674468378068,15.183735801849465,10.145362230042855
434,2023-03-24 12:00:00,0.24020243705096486,0.0481384736439593,0.05052293724166828,0.14730838748207317,0.19120226306497803,0.0015,True,True,2000,1.4575291846930363,16.4801116556409,10.10671957921015
435,2023-03-24 18:00:00,0.2530947593224983,0.04735583878158371,0.051963729836224236,0.14552396771913287,0.20550771425848374,0.0025,True,True,2000,1.4588459635360622,17.34897073773491,9.97527986891781
436,2023-03-25 00:00:00,0.2753726106010639,0.04609460099174507,0.05185578071932159,0.14682209733298313,0.20890243149775484,0.0005,True,True,2000,1.4627156479524914,18.82612050992483,10.037637700704483
437,2023-03-25 06:00:00,0.279046866446537,0.048017214188259195,0.0525759806104221,0.15107768566828547,0.20065443626449872,0.0005,True,True,2000,1.4653516614019244,19.042996558216515,10.309995180525275
438,2023-03-25 12:00:00,0.2939046710517395,0.0488825473409357,0.052034885737241104,0.14725488132910308,0.21071810285622455,0.0005,True,True,2000,1.466414150497157,20.04240554771633,10.04183444896378
439,2023-03-25 18:00:00,0.2825738566141903,0.047970893776048504,0.0518415294263105,0.14641408599381217,0.20012030755519444,0.0,True,True,2000,1.4828259714767547,19.05644101531169,9.873989855195047
440,2023-03-26 00:00:00,0.2812525325276727,0.051633983874052804,0.053863238933074556,0.15290037100413728,0.19722094548571908,0.0015,True,True,2000,1.4847222470717556,18.943107580045574,10.298247453737233
441,2023-03-26 06:00:00,0.2822511774875808,0.04673154806671338,0.05182773504226071,0.14687120331486053,0.20941515700290828,0.0015,True,True,2000,1.5242767090430227,18.517056372578494,9.63546857624491
442,2023-03-26 12:00:00,0.2839732525538718,0.046196081898997675,0.05218121108992891,0.14953459236659014,0.20899519429430866,0.0005,True,True,2000,1.5182927183625434,18.703458767827907,9.848864488256325
443,2023-03-26 18:00:00,0.28108289235474526,0.04792606716361964,0.052317112317571565,0.14732075408486717,0.2091889901734677,0.0,True,True,2000,1.53402421617384,18.323236973130815,9.603548140349067
444,2023-03-27 00:00:00,0.2562966246384786,0.04521034936101303,0.051142542123046184,0.14725130304579526,0.21157666012283668,0.001,True,True,2000,1.5273127831561302,16.780886499807327,9.641201505660575
445,2023-03-27 06:00:00,0.2495523931198872,0.047259715485451895,0.053983688570102634,0.1544330696052024,0.21026889981385818,0.001,True,True,2000,1.4992338389872193,16.64532820900493,10.300799354257299
446,2023-03-27 12:00:00,0.2642072617183318,0.04462826972408711,0.05291778990229788,0.14979220648115427,0.20984775706950418,0.0015,True,True,2000,1.499374080279424,17.62117040659353,9.990315855882939
447,2023-03-27 18:00:00,0.2521324614695266,0.04705883445528535,0.053614713490290636,0.15417174276805848,0.2059279951887505,0.002,True,True,2000,1.515176847720293,16.640464236823608,10.175164899069204
448,2023-03-28 00:00:00,0.25136477127483786,0.04645276725002057,0.0515862107362687,0.1454554476811712,0.19881052140496472,0.001,True,True,2000,1.508650107365282,16.661568513975926,9.641430240918861
449,2023-03-28 06:00:00,0.257564269082608,0.04657967647347204,0.051049057625434664,0.14301539792977197,0.1945888400589785,0.0005,True,True,2000,1.4949349978188118,17.22912832052281,9.56666330900266
450,2023-03-28 12:00:00,0.25392012710049205,0.047095197631035375,0.05247181516282941,0.15157075108835916,0.20075676926450126,0.0015,True,True,2000,1.4635204462536702,17.349954197802877,10.35658582538775
451,2023-03-28 18:00:00,0.24853407118443555,0.04366094804585042,0.049798773638505774,0.14273752932836287,0.19667605647610115,0.0,True,True,2000,1.4385907181155375,17.27621818038694,9.922038807211266
452,2023-03-29 00:00:00,0.24921228627758296,0.04225527804233674,0.04889524644164899,0.14216821845741517,0.18886140249963465,0.001,True,True,2000,1.4691744403904825,16.962743117920457,9.676741886390918
453,2023-03-29 06:00:00,0.2271627246637185,0.04159123511141148,0.050498774273492586,0.1431551668620392,0.19641075306014777,0.0055,True,True,2000,1.4431499600409874,15.740756744175552,9.919632112103818
454,2023-03-29 12:00:00,0.21595513101094646,0.04170893984190269,0.04874762723247587,0.13903244745097063,0.18732866872077844,0.0025,True,True,2000,1.461373255455021,14.777547776026974,9.513821806440596
455,2023-03-29 18:00:00,0.20622574315629344,0.03922337525243771,0.04907364419563447,0.13988342262678274,0.19032629600915205,0.0055,True,True,2000,1.4607954810543513,14.117359057507961,9.57583894809284
456,2023-03-30 00:00:00,0.2005507600564214,0.04051328735550743,0.046827426834356256,0.13460454131200286,0.18394968066487885,0.003,True,True,2000,1.4694694162689506,13.647834914838095,9.16007776832606
457,2023-03-30 06:00:00,0.21221733335475404,0.04161303855844732,0.0486553717856225,0.13633699738783916,0.1911093078240868,0.0055,True,True,2000,1.5126706332392392,14.029315350712599,9.012999551388564
458,2023-03-30 12:00:00,0.23950898451382677,0.039417177444864136,0.048537685725645444,0.13976466639136897,0.18486963763106912,0.0025,True,True,2000,1.5352906281195826,15.600237513803908,9.10346639466901
459,2023-03-30 18:00:00,0.23221281380045014,0.04301120565202663,0.04976434712973356,0.13994258071964527,0.2000917194881556,0.002,True,True,2000,1.5357124104262052,15.120852851348923,9.112551267382615
460,2023-03-31 00:00:00,0.22962416195837662,0.044186185499014985,0.049617633631476664,0.14101048137662817,0.18473877209742343,0.0025,True,True,2000,1.5392509028884758,14.917916340180554,9.160980910390597
461,2023-03-31 06:00:00,0.21975589636106466,0.04419530418643947,0.051279708188689314,0.1468513793536828,0.19985714931789134,0.0045,True,True,2000,1.5463498103886504,14.211266744736918,9.496646772102235
462,2023-03-31 12:00:00,0.22039000438572273,0.044053010045066864,0.05121289692171419,0.14659278240394943,0.19870211211546931,0.0065,True,True,2000,1.498424168516426,14.708118636656039,9.783129869634271
463,2023-03-31 18:00:00,0.20992172142942875,0.04318819686998222,0.050209986739799206,0.14235997944333767,0.18768496011516467,0.006,True,True,2000,1.4874640369680479,14.112725834859162,9.570650174071785
464,2023-04-01 00:00:00,0.21010846296718252,0.04001455566815988,0.04781820410845378,0.13817106403565715,0.18715388450968207,0.0045,True,True,2000,1.4606571370938009,14.38451623118244,9.459513839816609
465,2023-04-01 06:00:00,0.19259593670597958,0.039817265159370036,0.04813189112126445,0.1399146934532978,0.1812186053509953,0.007,True,True,2000,1.4293275922576383,13.474583276026472,9.788847162203105
466,2023-04-01 12:00:00,0.20075163331907134,0.0398693570331999,0.04783764599605536,0.14000025334727903,0.18073257617017605,0.0035,True,True,2000,1.388102058026678,14.4623107615343,10.08573199194755
467,2023-04-01 18:00:00,0.20271527668829178,0.037486055752443015,0.0480906639345567,0.1351182828187354,0.19064319097108443,0.007,True,True,2000,1.4072935434733076,14.404619251501364,9.60128634465651
468,2023-04-02 00:00:00,0.18792274363580194,0.03598254589968872,0.0454325546420112,0.1303187294449018,0.18163554957621855,0.007,True,True,2000,1.4692201245542678,12.790645900852601,8.869925429617833
469,2023-04-02 06:00:00,0.19939906088618572,0.03530363033968158,0.046208390733099104,0.12910416389057222,0.18264055871259208,0.0065,True,True,2000,1.4545847304462884,13.708315281503547,8.875671604978358
470,2023-04-02 12:00:00,0.20874812375952156,0.03693345334627195,0.046314241564729304,0.12987007106031712,0.1790049803031137,0.0035,True,True,2000,1.476424569311238,14.13875981872233,8.796255071866108
471,2023-04-02 18:00:00,0.19925617834104664,0.03640160410571377,0.04653588685115913,0.131118722328212,0.18486369907387007,0.0055,True,True,2000,1.45363421440083,13.707449671111213,9.020063027496743
472,2023-04-03 00:00:00,0.1881079676925861,0.0361235094956408,0.045919867953636166,0.1290263069588359,0.17807973753878237,0.0075,True,True,2000,1.4396138233143627,13.066557478554422,8.962563770177203
473,2023-04-03 06:00:00,0.19010029352032634,0.03441493447230671,0.04441173405374468,0.12289526417968352,0.17938920087900737,0.007,True,True,2000,1.4426459465881079,13.1771966621414,8.518740476160055
474,2023-04-03 12:00:00,0.19537109478322184,0.03267357598060545,0.043393214149218186,0.11953309936856807,0.16938470388790672,0.0055,True,True,2000,1.4413245987026948,13.554968461585345,8.29328101915122
475,2023-04-03 18:00:00,0.1752980583792478,0.03251760833304855,0.04339126028716364,0.12173760334556817,0.16993543764154778,0.007,True,True,2000,1.4409296750297433,12.165622057553179,8.448545786459377
476,2023-04-04 00:00:00,0.1579782604224442,0.03494474138397241,0.04394264728581746,0.12538982144841435,0.16891158419437519,0.0175,True,False,2000,1.4642110887534927,10.789309112317524,8.563643754068329
477,2023-04-04 06:00:00,0.1631529130791703,0.030898972063322806,0.041560422021335065,0.1164888644749746,0.164568218433434,0.0105,True,False,2000,1.4247328993362194,11.451473687115875,8.176189693467917
478,2023-04-04 12:00:00,0.16332158328306542,0.030768722071640796,0.04185352807693795,0.11938218317010339,0.16974973011176211,0.012,True,False,2000,1.4318389695476184,11.406421165828863,8.33768221909909
479,2023-04-04 18:00:00,0.1700746333722086,0.031147737356966285,0.041538644806532944,0.11715501663397802,0.15581234446002756,0.0065,True,True,2000,1.4081640771157293,12.077756856329115,8.319699283477012
480,2023-04-05 00:00:00,0.1574708009707762,0.029426659085249954,0.042220214022706516,0.12047788617689605,0.17268686161491886,0.015,True,False,2000,1.4250604388894943,11.050113852959692,8.454229932225243
481,2023-04-05 06:00:00,0.15987926574887015,0.03042998620512315,0.04271052931892442,0.11550210461725988,0.1801197564297492,0.018,True,False,2000,1.421210973868324,11.249509656803639,8.12702031865687
482,2023-04-05 12:00:00,0.16501008754863297,0.03040044971533809,0.04349397694510544,0.12209046554373744,0.17353246279707638,0.0135,True,False,2000,1.3859854532798745,11.905614677134146,8.808928351651574
483,2023-04-05 18:00:00,0.15614953224314163,0.030399166108384442,0.04170341996009164,0.11947483572798274,0.1652303814537725,0.0135,True,False,2000,1.4073362480993437,11.095396175151956,8.489430716315141
484,2023-04-06 00:00:00,0.1393689971961582,0.029301863150061714,0.04099058315749478,0.11400201659880133,0.16952031652676008,0.023,True,False,2000,1.396641121570314,9.978869664059339,8.162584850045308
485,2023-04-06 06:00:00,0.1424099474646168,0.030360916792314886,0.041293602845138576,0.11770817956036608,0.16402170720109957,0.024,True,False,2000,1.4152892665838759,10.06225022877166,8.31689904951245
486,2023-04-06 12:00:00,0.1415500895355229,0.031016180924617064,0.04244425216475918,0.11699003980464091,0.17445081348030203,0.0265,True,False,2000,1.424241534592171,9.938629515958858,8.214199415139287
487,2023-04-06 18:00:00,0.15301587012212237,0.03235935770940853,0.04305201674511655,0.12096946707677739,0.1770764180638265,0.022,True,False,2000,1.4113565186379409,10.841758839913357,8.571148783407434
488,2023-04-07 00:00:00,0.14111421505105642,0.03280728931652465,0.044256408473605166,0.12312062192622562,0.17798030306397108,0.0285,True,False,2000,1.4295497265347759,9.871235147105855,8.612545589768999
489,2023-04-07 06:00:00,0.11924220496395661,0.031037326213715404,0.04150567293171619,0.11877570282906666,0.1673657171095617,0.05,True,False,2000,1.4289063890364833,8.34499767646515,8.312350181956814
490,2023-04-07 12:00:00,0.10912594858269206,0.032781866407618175,0.043928689161782525,0.12315095517092232,0.1687843424886158,0.079,False,False,2000,1.4550914799787475,7.4995936739514075,8.463451052075504
491,2023-04-07 18:00:00,0.10249111885264331,0.03230312798440953,0.043543388623515124,0.12319668226214682,0.1696495526664149,0.0905,False,False,2000,1.4537060602996752,7.050333052303243,8.474662493788488
492,2023-04-08 00:00:00,0.09463284298692123,0.031018737526757066,0.04238886945045225,0.12060239992761931,0.16711187293417273,0.0995,False,False,2000,1.4729429776767646,6.4247458605752135,8.187852602267224
493,2023-04-08 06:00:00,0.09103752333358521,0.030565609690855394,0.041896502718313064,0.11941547481548821,0.16412171289785565,0.102,False,False,2000,1.429820824449075,6.3670581500072165,8.351778962339582
494,2023-04-08 12:00:00,0.07243264124577894,0.030306340988844716,0.043453872507127365,0.11905168034965266,0.1822643154673345,0.158,False,False,2000,1.4365914438688314,5.041979162197519,8.287093791192225
495,2023-04-08 18:00:00,0.07266517111898324,0.026933468959268382,0.03891625152731573,0.10955944786325232,0.16228596590181907,0.132,False,False,2000,1.4836063747254506,4.897874015432855,7.384670875624061
496,2023-04-09 00:00:00,0.08252339747726475,0.028382227609082874,0.04052792735702611,0.11217248351865908,0.17153116871055463,0.113,False,False,2000,1.4793474413228669,5.578364836557288,7.582565149019478
497,2023-04-09 06:00:00,0.10151841895253615,0.029084341089081433,0.04163109880998892,0.11508122526706789,0.1650725216152053,0.078,False,False,2000,1.5206629052237586,6.675931832347694,7.567832743979127
498,2023-04-09 12:00:00,0.09289890701868282,0.02832131352426045,0.04041695754271137,0.1133084899273674,0.1677016608896687,0.0845,False,False,2000,1.5396896087896426,6.0336126507803804,7.359177413455415
499,2023-04-09 18:00:00,0.0878485073385338,0.027279058385927583,0.03895977905608458,0.10911594040536345,0.1550247541263995,0.0945,False,False,2000,1.5488183316464446,5.671969755494046,7.045109047061035
500,2023-04-10 00:00:00,0.10401360862323566,0.02813834677670023,0.03950172599220858,0.10972103470724168,0.1667109709562871,0.0575,False,False,2000,1.5874986994934805,6.552043706015195,6.911566903472116
501,2023-04-10 06:00:00,0.1013523119490245,0.029190083446124036,0.04039143295681116,0.11669590075030145,0.15618570929766012,0.073,False,False,2000,1.6027486563995625,6.323656023315831,7.28098571690266
502,2023-04-10 12:00:00,0.10091393431620296,0.028541510504944568,0.0402344385033191,0.11399081464530374,0.15808145366310566,0.0705,False,False,2000,1.5975628483549489,6.3167426821496635,7.135294537093359
503,2023-04-10 18:00:00,0.10387111037735572,0.027154654944101197,0.04024799553976063,0.11102462909128634,0.16155105633284783,0.059,False,False,2000,1.5847336098183524,6.554483967135763,7.005885935871099
504,2023-04-11 00:00:00,0.11015302523804454,0.027548829811711126,0.04017858747842156,0.11061824901006223,0.15913019147964538,0.0505,False,False,2000,1.572454486193936,7.005164613995639,7.034750447868881
505,2023-04-11 06:00:00,0.10307339389312349,0.026239262678644244,0.03849707697678461,0.11157284657215721,0.15582840140710888,0.058,False,False,2000,1.5917723202039533,6.4753854923119105,7.009347075331817
506,2023-04-11 12:00:00,0.09309704864291228,0.026462036025247167,0.03868486512464436,0.10886697901289555,0.15636319780554814,0.0795,False,False,2000,1.5942397256088745,5.8395890622632995,6.828770934767474
507,2023-04-11 18:00:00,0.050688109628835756,0.024523860855639852,0.0366899629939948,0.1050684995189998,0.14338377981176686,0.2005,False,False,2000,1.625873068502556,3.1175932863885847,6.462281807507203
508,2023-04-12 00:00:00,0.053348226906729204,0.025253054099546125,0.03630001568154061,0.10203523054150365,0.14718907426143552,0.199,False,False,2000,1.6126404201676048,3.3081290931046254,6.327215246837167
509,2023-04-12 06:00:00,0.06234058191284301,0.020822872129067273,0.03227869326777466,0.09074745534643301,0.12611845043230208,0.1205,False,False,2000,1.5987347734412904,3.899369860996666,5.676204512090416
510,2023-04-12 12:00:00,0.06484586418636264,0.01994624997684411,0.032410805145987466,0.09031847207891668,0.133295625051877,0.108,False,False,2000,1.6044714083315874,4.0415718129743885,5.6291730478908635
511,2023-04-12 18:00:00,0.053959692168902076,0.0191619391369904,0.032323552641003644,0.09049689892065928,0.1381448861527272,0.136,False,False,2000,1.5900083287133315,3.393673554689327,5.69159904928871
512,2023-04-13 00:00:00,0.03985763407513273,0.019458622052631474,0.0319528614849021,0.08841780095833379,0.13132975041291592,0.2105,False,False,2000,1.5676457203234773,2.542515413936018,5.640164726765506
513,2023-04-13 06:00:00,0.017981949288410043,0.017588826500851005,0.03160595336906919,0.08888229372614091,0.13984826127943722,0.288,False,False,2000,1.550977302531936,1.1593947415642325,5.730728204793361
514,2023-04-13 12:00:00,0.018271800508174153,0.017602644986575582,0.03073719107373364,0.08533550793300528,0.13232212829070863,0.2935,False,False,2000,1.5419850786842921,1.1849531335131125,5.534133184078429
515,2023-04-13 18:00:00,0.033477617861409605,0.016937716880540517,0.031189279964060426,0.08767026605017421,0.13813424514813988,0.2005,False,False,2000,1.58114182379748,2.1173064526878,5.544743977463936
516,2023-04-14 00:00:00,0.024395554047684846,0.01817116352774846,0.030708017478064203,0.0851997567123136,0.13141949025755972,0.2715,False,False,2000,1.5447696994767421,1.579235665740228,5.515369491075155
517,2023-04-14 06:00:00,0.028591555975273412,0.017502968574991635,0.030845262985327162,0.08899510749388306,0.12530130389981103,0.233,False,False,2000,1.5455757604703466,1.8498967638165138,5.758055332518947
518,2023-04-14 12:00:00,0.029104980636562746,0.01775432589858908,0.030908622407254484,0.08529964043500939,0.1345076750655405,0.2355,False,False,2000,1.5302225949613304,1.902009598629554,5.57432890586516
519,2023-04-14 18:00:00,0.025679529177284093,0.01620274676263088,0.028555504580597062,0.08010500366899298,0.11996870289374979,0.2365,False,False,2000,1.5426197239161366,1.664670091997355,5.192790058825141
520,2023-04-15 00:00:00,0.03652306767539156,0.01695961022784856,0.030371334528222237,0.08376235773909817,0.13343481836039336,0.1905,False,False,2000,1.5918284595585466,2.2944097685953118,5.262021622752463
521,2023-04-15 06:00:00,0.023914100395710274,0.015214279169690172,0.02854479618871512,0.080031581900025,0.12380853853042248,0.2265,False,False,2000,1.5640830635270582,1.5289533499444203,5.116837063598859
522,2023-04-15 12:00:00,0.018695548381127452,0.01540357450208773,0.02856414563774346,0.08030525475321398,0.11694499637309,0.261,False,False,2000,1.555643102481367,1.201789044756259,5.162190133785898
523,2023-04-15 18:00:00,0.005648149802672423,0.01625491835686524,0.029230033427143236,0.08094715919698196,0.12570440322069196,0.355,False,False,2000,1.5419082785306517,0.36630906528725427,5.249803786910066
524,2023-04-16 00:00:00,0.004489076571166833,0.013873197552698837,0.026808230061550038,0.07327547965822936,0.11590390450772259,0.322,False,False,2000,1.4314732980996894,0.3135983449447626,5.118885539500044
525,2023-04-16 06:00:00,0.007560634736840291,0.01388338502007982,0.027516225315306533,0.07647769661737643,0.1174282665729563,0.295,False,False,2000,1.4370566707223054,0.5261194558903584,5.321828858630647
526,2023-04-16 12:00:00,0.003928683169567426,0.013893672787601698,0.026982573946237254,0.07648364967312754,0.11994553997654626,0.335,False,False,2000,1.4420328096961794,0.2724406229283477,5.30387721824733
527,2023-04-16 18:00:00,0.008803211079089279,0.014900581247283795,0.027861352523977992,0.07738281567995504,0.11871667445439513,0.309,False,False,2000,1.4322815557400639,0.6146285305294346,5.40276563430094
528,2023-04-17 00:00:00,0.0,0.013603094525655791,0.026395890764680362,0.07127163937337676,0.11349616445200099,1.0,False,False,2000,1.4559298662103133,0.0,4.8952659758874235
529,2023-04-17 06:00:00,0.01192645128911989,0.01377191931342887,0.02735760472448699,0.0747570689087447,0.11933408748255556,0.269,False,False,2000,1.477362245513639,0.8072800916185174,5.060171879697229
530,2023-04-17 12:00:00,0.00845792050267942,0.014025383025317344,0.02664025445212678,0.07404948580316209,0.11443234636085865,0.3055,False,False,2000,1.4578748757493951,0.5801540751795845,5.0792758030827745
531,2023-04-17 18:00:00,0.006540768002086648,0.013422707846053617,0.02685082465934698,0.07390324566884243,0.1193250960533219,0.296,False,False,2000,1.4609579744340344,0.44770404875064934,5.05854699191276
532,2023-04-18 00:00:00,0.029575261818918508,0.01443461792475173,0.028064199221634573,0.07787161259008789,0.12479409163187255,0.187,False,False,2000,1.4845059604547728,1.9922629215889598,5.2456247845735975
533,2023-04-18 06:00:00,0.04004844089338675,0.015422249373090736,0.029215508955831658,0.07924379506231366,0.13836384736958235,0.153,False,False,2000,1.4943147896785411,2.6800538393923024,5.303018855843666
534,2023-04-18 12:00:00,0.059440732569673624,0.014542764093120551,0.027565124456758607,0.0783922659157657,0.11787927297081992,0.087,False,False,2000,1.5024253033677768,3.9563186560046377,5.217714700361124
535,2023-04-18 18:00:00,0.04701168454253998,0.013283441187231857,0.026579774919165924,0.0716162948245596,0.1198826468081614,0.1135,False,False,2000,1.5023297378642197,3.129252078133921,4.767015723616879
536,2023-04-19 00:00:00,0.05783216912668977,0.013759046725034434,0.027598138265133992,0.0719372721434363,0.12794510600964273,0.077,False,False,2000,1.425886243735497,4.055875381417712,5.045091953126431
537,2023-04-19 06:00:00,0.0755946184400214,0.012994541456101186,0.025992811617939527,0.06946546093243453,0.11909879104649411,0.0395,True,False,2000,1.4220757397100052,5.315794112023662,4.884793333623719
538,2023-04-19 12:00:00,0.06705547536474918,0.013811937989531661,0.026959974512037542,0.07367267083993727,0.12253612291768631,0.062,False,False,2000,1.4035371496946194,4.777606020570175,5.249071665539235
539,2023-04-19 18:00:00,0.06754247195214333,0.014074064969955601,0.02834279291534782,0.07731665574033915,0.1267225720151848,0.064,False,False,2000,1.3492775332527884,5.00582499060178,5.730226275534805
540,2023-04-20 00:00:00,0.0662295836521897,0.013429328644878688,0.026402640535531013,0.07183436082827188,0.1137289485599463,0.06,False,False,2000,1.3646127601463705,4.853361011008413,5.264083916419397
541,2023-04-20 06:00:00,0.05981193762655097,0.012520664720281129,0.025431133954443862,0.06735341714861609,0.11502945828533244,0.067,False,False,2000,1.353752687176405,4.418232236443716,4.975311797097795
542,2023-04-20 12:00:00,0.058700341765362735,0.011627012081703863,0.024627230711322275,0.06803518735056453,0.10954797765062915,0.0655,False,False,2000,1.3546876552132292,4.3331273847124,5.022204719201913
543,2023-04-20 18:00:00,0.055719690159806025,0.013170166233486784,0.026369375453433257,0.0745418853431536,0.11879240970731864,0.092,False,False,2000,1.3375010267370233,4.165954944777886,5.573220794080921
544,2023-04-21 00:00:00,0.059476068723914144,0.012450357664876283,0.024633408708947854,0.0677925079551602,0.10990231175526875,0.0645,False,False,2000,1.2849388430706532,4.628708132270527,5.275932650082755
545,2023-04-21 06:00:00,0.06456940520620726,0.013367654622521676,0.026388287174195373,0.07162514311502574,0.11593366720280424,0.063,False,False,2000,1.1146622975188043,5.792732502923646,6.425725825163421
546,2023-04-21 12:00:00,0.05344314800201688,0.013326568680822467,0.02591150424310795,0.07180344569771321,0.11185273186679262,0.093,False,False,2000,1.0722723217868002,4.984102164733762,6.696381529093491
547,2023-04-21 18:00:00,0.05674467271103826,0.014178820068888515,0.028026832077346325,0.0777298165728546,0.11913394056434043,0.0995,False,False,2000,1.0194578094085247,5.566161952691375,7.624623192396002
548,2023-04-22 00:00:00,0.054038892767165246,0.012939500881801869,0.0251487744702177,0.07030782796341738,0.11384897879642644,0.081,False,False,2000,0.9865408907867684,5.4776130692432945,7.126701854937481
549,2023-04-22 06:00:00,0.05055468573789956,0.013890093685876678,0.027265474577460164,0.07698087736555913,0.11495251454110518,0.1065,False,False,2000,0.9615434792112701,5.257659880275856,8.005969467829432
550,2023-04-22 12:00:00,0.0455625959301376,0.015342164256489777,0.02764504913622205,0.07707494668283169,0.1168162932304407,0.1375,False,False,2000,1.0457950378402072,4.356742409510205,7.3699858857628655
551,2023-04-22 18:00:00,0.03684055723882462,0.016021603710272118,0.029388558439536305,0.08156352325936292,0.1182563175142075,0.175,False,False,2000,1.0529558593090702,3.498775082841431,7.746148382030313
552,2023-04-23 00:00:00,0.049076965407795645,0.015515058168786374,0.029830557274240933,0.08016124271231444,0.1309706671841397,0.1275,False,False,2000,1.12573539913058,4.35954714097988,7.120789021489775
553,2023-04-23 06:00:00,0.045165724564324966,0.014824361269533029,0.027711149855020684,0.07576261075160261,0.11956068874912147,0.1295,False,False,2000,1.1263295495204593,4.009991976465015,6.726504759096389
554,2023-04-23 12:00:00,0.02995802872796773,0.016142638674616384,0.029524107600770448,0.0830728847570979,0.12493896794478011,0.21,False,False,2000,1.1854209433047833,2.5272059598043755,7.0078806373626765
555,2023-04-23 18:00:00,0.03131223650942618,0.017487233989331618,0.030504243514279862,0.0882456759775232,0.12424504739873796,0.2195,False,False,2000,1.2119615196068318,2.5835998918170335,7.281227543111325
556,2023-04-24 00:00:00,0.02263948534228434,0.015917255810791488,0.029073830935302507,0.07945292796733287,0.12294730204140436,0.251,False,False,2000,1.2307104612413375,1.8395460228272833,6.455858666155636
557,2023-04-24 06:00:00,0.0417638585026141,0.015219907378224953,0.028796421370020624,0.07963807254415238,0.1293970392870586,0.1395,False,False,2000,1.2965106480093291,3.2212507137321698,6.1424927490128365
558,2023-04-24 12:00:00,0.05520003295387384,0.014821386980612809,0.02691216590006602,0.0759476186475514,0.10959698930901879,0.0975,False,False,2000,1.311499518817343,4.20892513964862,5.790899467202083
559,2023-04-24 18:00:00,0.07018676009709414,0.014860267260539836,0.02821917666959299,0.07990874566369845,0.12025584726278614,0.0665,False,False,2000,1.2876062847954608,5.450948859592081,6.205992204860364
560,2023-04-25 00:00:00,0.06487650406118672,0.015648358584606746,0.02906134926973277,0.07916558920551392,0.12202190621639092,0.0795,False,False,2000,1.2996164841526985,4.991973005288848,6.09145776241265
561,2023-04-25 06:00:00,0.05216014751432918,0.017188732621781447,0.029759827486566172,0.0836680521035135,0.12492069110481113,0.1305,False,False,2000,1.3040681476856861,3.999802280800828,6.415926364891142
562,2023-04-25 12:00:00,0.06811165297424583,0.016941908071993375,0.02939542535010305,0.07961688442734703,0.11818998495153166,0.081,False,False,2000,1.2809773514541727,5.317162937886849,6.215323349547554
563,2023-04-25 18:00:00,0.06328346685129212,0.018526993179816147,0.031143591904521227,0.08842793427707384,0.13346332556483723,0.1035,False,False,2000,1.2812599452173699,4.9391590744340235,6.901638860026312
564,2023-04-26 00:00:00,0.06432935644497711,0.01631784754530483,0.029179408438700205,0.08323311808961845,0.12125510742226675,0.0875,False,False,2000,1.2866241148026347,4.99985626764388,6.4691091307880715
565,2023-04-26 06:00:00,0.05781029328632939,0.018125157841763884,0.030554126734013348,0.08670656426255702,0.13135416724413904,0.117,False,False,2000,1.2920096894958089,4.474447347905661,6.7109840558853096
566,2023-04-26 12:00:00,0.06394294740462418,0.017819607060590652,0.030141747224312038,0.08293072926136318,0.1259816070624681,0.095,False,False,2000,1.2677080915309182,5.04398037937937,6.541784328379083
567,2023-04-26 18:00:00,0.06656145508365124,0.017618569683971158,0.03038392479290133,0.08700282147889724,0.12381081685806457,0.086,False,False,2000,1.2724304725751947,5.231048494849511,6.8375304862683395
568,2023-04-27 00:00:00,0.07008680485200831,0.018405130509247712,0.030893211773952413,0.08886353395906649,0.12639867570061966,0.091,False,False,2000,1.3150848497190484,5.32945116560209,6.757247182799732
569,2023-04-27 06:00:00,0.07293697037820955,0.019399427817937683,0.03262034787449554,0.0911143873100974,0.1381611401942685,0.088,False,False,2000,1.3105246687963519,5.56547862965436,6.952512186877121
570,2023-04-27 12:00:00,0.08298985918222086,0.019710940491536176,0.03273478385626982,0.08681597766323149,0.14176383517080587,0.058,False,False,2000,1.2768494739570166,6.4995804810908036,6.7992335380132705
571,2023-04-27 18:00:00,0.08766446139881232,0.019429934331889668,0.031005930167302596,0.08796593827233233,0.12768832430190963,0.0505,False,False,2000,1.2703225671416207,6.900960721816345,6.924693030547849
572,2023-04-28 00:00:00,0.09270300744497938,0.020292675806374092,0.03257158486517557,0.09466365519943079,0.13035821080125065,0.0515,False,False,2000,1.3017766270655318,7.121268389489427,7.271881614038643
573,2023-04-28 06:00:00,0.09538888982787061,0.02101148989857161,0.03374738662591955,0.09741950034873467,0.13739337514900973,0.0545,False,False,2000,1.339457620487429,7.121456354338301,7.273055814433584
574,2023-04-28 12:00:00,0.09609390492016676,0.021360959166206256,0.03290113725087869,0.09274089499002731,0.13385970237315556,0.0435,True,False,2000,1.3923500041299002,6.901562440129215,6.660745840840676
575,2023-04-28 18:00:00,0.10794698032719675,0.020767061432025925,0.0324571211846473,0.09362491214845144,0.13212000024427845,0.0305,True,False,2000,1.4464861042333161,7.462704274260008,6.472575980816327
576,2023-04-29 00:00:00,0.09499420156456716,0.021147659134632766,0.03356578538312681,0.09495364452629765,0.1388989036299655,0.05,True,False,2000,1.5143171127479635,6.2730719190107695,6.270393679563558
577,2023-04-29 06:00:00,0.08345633423922648,0.01978557327680388,0.03234833773977239,0.09397913598132104,0.13342156026322538,0.065,False,False,2000,1.5596193840319887,5.351070594126107,6.02577378452187
578,2023-04-29 12:00:00,0.08282682574105174,0.01996911837585872,0.031319690045570836,0.0884240939958491,0.12753144604321096,0.0585,False,False,2000,1.6051273094822225,5.160140585220607,5.508852380336903
579,2023-04-29 18:00:00,0.07489824784705744,0.0192547766154172,0.03141132746628074,0.08529506655241761,0.12990509598530578,0.0735,False,False,2000,1.6184350637468639,4.627819152265483,5.270218649054087
580,2023-04-30 00:00:00,0.08433612800379718,0.021146142143767567,0.03294283481041156,0.09074710594979415,0.13289157819610187,0.0655,False,False,2000,1.6145946948459273,5.223362139923602,5.620426367030377
581,2023-04-30 06:00:00,0.04419656790120544,0.02061817400068868,0.03278965397749506,0.09306440849821064,0.1357668307269238,0.1875,False,False,2000,1.5682242792826429,2.8182555572613888,5.93438130806018
582,2023-04-30 12:00:00,0.04552063171652084,0.02152803489888104,0.033369210552605756,0.09326882092224226,0.136256730676332,0.196,False,False,2000,1.5667810799191277,2.905360059547724,5.9528942567430345
583,2023-04-30 18:00:00,0.057726740954937766,0.02040152248560531,0.03380908825017889,0.09418740378943889,0.13995812438364094,0.134,False,False,2000,1.5765642992757607,3.6615532256728236,5.97421899206436
584,2023-05-01 00:00:00,0.05451716552666628,0.020294530854580023,0.03152453620142099,0.08661280239214035,0.1284020932419906,0.1535,False,False,2000,1.5799850925497336,3.450486070010197,5.48187465822017
585,2023-05-01 06:00:00,0.06220386390411335,0.01924007502729004,0.03142636472276513,0.0852515630289875,0.13725184749090277,0.108,False,False,2000,1.5625587425824008,3.9808976270108487,5.45589491810685
586,2023-05-01 12:00:00,0.09775279033305768,0.020995597023011094,0.031766889720474055,0.08961839771179521,0.12726639104255053,0.038,True,False,2000,1.549213329652665,6.309834059778839,5.784768049464676
587,2023-05-01 18:00:00,0.09886484240705623,0.019027947258124685,0.031153040796313407,0.0868863395967735,0.13015374146641187,0.031,True,False,2000,1.5710473610384343,6.292925653222086,5.530472330213086
588,2023-05-02 00:00:00,0.09342305998408099,0.019846173523340855,0.03014967746098387,0.08384245094016296,0.11798611794073925,0.0355,True,False,2000,1.575376476972425,5.930205341368458,5.322058070924879
589,2023-05-02 06:00:00,0.07294238089804306,0.018672356207508428,0.031090906448422766,0.08724794257935846,0.12586298586298336,0.0785,False,False,2000,1.5946382381933264,4.574227505085067,5.471331396029206
590,2023-05-02 12:00:00,0.09294628744689194,0.021216997365464656,0.03247744962097709,0.08874147212272422,0.13274151897580805,0.043,True,False,2000,1.6016436603096225,5.803181428565951,5.540650165940726
591,2023-05-02 18:00:00,0.12397126803170581,0.020243447551144943,0.03177106554844676,0.08753892888211759,0.12976334182296623,0.0115,True,False,2000,1.64897292540423,7.51808996508026,5.3086941291445555
592,2023-05-03 00:00:00,0.12638946390062636,0.021103510687688443,0.03252431449031943,0.09104755006155345,0.13210497605820418,0.0135,True,False,2000,1.6459110404085227,7.678997272492681,5.53174186370091
593,2023-05-03 06:00:00,0.14729233761362884,0.022274738991593032,0.0326845595195674,0.09336449416573285,0.12835665225471576,0.004,True,True,2000,1.648539513464573,8.934716845462749,5.663467172195218
594,2023-05-03 12:00:00,0.15843155360766217,0.023393728937373723,0.03431673455422303,0.09932591249218267,0.13753565483527094,0.005,True,True,2000,1.645501153853659,9.628164236568631,6.036210443217722
595,2023-05-03 18:00:00,0.1358539095045855,0.023689961708872956,0.03392581344664912,0.09042775776798519,0.14097397586953314,0.012,True,False,2000,1.7990014483247043,7.551628689965625,5.026552805290669
596,2023-05-04 00:00:00,0.13987829951051298,0.022686232757272086,0.032436711605897485,0.09198312767570904,0.12967707009723634,0.004,True,True,2000,1.7934410809793888,7.799436568840397,5.128862534222621
597,2023-05-04 06:00:00,0.13373992267019394,0.02558496953730661,0.035904790812232884,0.10069431837322325,0.1402508374474467,0.0175,True,False,2000,1.8209150870649211,7.344654543214607,5.5298744619404205
598,2023-05-04 12:00:00,0.16296230207899903,0.028959991551032533,0.03917901415802616,0.11134119368400332,0.15040931995149498,0.0065,True,True,2000,1.8311158598772108,8.89961720335527,6.08051058503035
599,2023-05-04 18:00:00,0.17352412014961108,0.03228800043150858,0.040418177735937665,0.11234151814014558,0.1620565812017404,0.007,True,True,2000,1.8627831230110774,9.315315240193916,6.0308426006432905
600,2023-05-05 00:00:00,0.1605267846419821,0.030828653605832278,0.03910794704590641,0.11250079542833026,0.15152936362327715,0.0055,True,True,2000,1.8592208180206622,8.634089242442966,6.050964701874374
601,2023-05-05 06:00:00,0.148616148044676,0.03264721091154077,0.0393913158193784,0.11441088056118269,0.15388748800857707,0.0125,True,False,2000,1.8769533223695303,7.917945868630226,6.095563443034719
602,2023-05-05 12:00:00,0.16497170969673836,0.03193705260928192,0.038609667875451024,0.10810154917740136,0.14923458300316597,0.0055,True,True,2000,1.8630401795539253,8.854973258614216,5.802427149117338
603,2023-05-05 18:00:00,0.17810948391635714,0.031917955794843654,0.0396925184067116,0.10934702916157535,0.15445798888603227,0.004,True,True,2000,1.8326421932455128,9.71872657809622,5.966632742855686
604,2023-05-06 00:00:00,0.202688761378654,0.03285897878580354,0.03996852657290679,0.11568887311946824,0.15410630784124277,0.0005,True,True,2000,1.7899502610589457,11.32370914366872,6.463245132355018
605,2023-05-06 06:00:00,0.1969118959189222,0.0321774210105188,0.03998951661132256,0.11259065204831749,0.1557856777293873,0.0015,True,True,2000,1.8030820164979156,10.920850749838856,6.244344462322336
606,2023-05-06 12:00:00,0.185571553302466,0.03317812290711801,0.039774553489864674,0.11314776636630251,0.1544756249249146,0.0015,True,True,2000,1.782655304672111,10.409839345615877,6.347147767140217
607,2023-05-06 18:00:00,0.18811096046201226,0.03283517892715779,0.03963938798017823,0.11483216827970562,0.15008013081209506,0.0005,True,True,2000,1.787241326153559,10.525213227183952,6.425107040628005
608,2023-05-07 00:00:00,0.19650328649373672,0.03349848150948216,0.03990068495676126,0.11595064753468542,0.14976167630914608,0.001,True,True,2000,1.7133315143006158,11.469075590659967,6.767554706540061
609,2023-05-07 06:00:00,0.1940380723690773,0.032501357684439666,0.03904035416230868,0.11067737480854872,0.14646253925438266,0.0015,True,True,2000,1.7089693915817237,11.354098752435048,6.476264311914452
610,2023-05-07 12:00:00,0.18839475076220444,0.03016553798468626,0.03825563519412703,0.10742210122539896,0.1463280063939098,0.001,True,True,2000,1.6881715222623774,11.159692500305306,6.363221971748395
611,2023-05-07 18:00:00,0.1939294656833466,0.03538791468874817,0.041621956232084714,0.1204487409634846,0.1588441796397246,0.002,True,True,2000,1.7268185620024583,11.230448290899858,6.975182200022768
612,2023-05-08 00:00:00,0.2013375606532882,0.03896331924005367,0.04322147874112447,0.1252205356334498,0.17195541497445702,0.0015,True,True,2000,1.7140246560601948,11.746479838631762,7.305643777685083
613,2023-05-08 06:00:00,0.19014177890593476,0.041092667998699824,0.04393793021883333,0.12902034280431254,0.1665354710817834,0.004,True,True,2000,1.6852211737401341,11.282897572663371,7.655988710251503
614,2023-05-08 12:00:00,0.19207049112983413,0.03978539861905154,0.04400804728594809,0.1274381260508785,0.17179480072798556,0.005,True,True,2000,1.687188148358034,11.384058815062001,7.553284805544709
615,2023-05-08 18:00:00,0.18553342285019375,0.04298194484863109,0.04413322467300827,0.12912755349417313,0.16756474553267547,0.0045,True,True,2000,1.6739359249063752,11.083663364269503,7.714008139313656
616,2023-05-09 00:00:00,0.19282691393708076,0.05003326158651427,0.04746740655192921,0.13631723002973112,0.16777344229704388,0.0045,True,True,2000,1.6401028429507634,11.757001383532723,8.311505014190345
617,2023-05-09 06:00:00,0.21026793867945331,0.053382466362510955,0.04967227625427469,0.14630131429086884,0.19014726917933475,0.0035,True,True,2000,1.5994297321545456,13.146431784546571,9.147092326074905
618,2023-05-09 12:00:00,0.2076887279425287,0.060249283989749824,0.05140336720439187,0.1553932223077793,0.19576158338644714,0.008,True,True,2000,1.5452438547635592,13.440514731851664,10.056226519118324
619,2023-05-09 18:00:00,0.22137365179168184,0.06928156266818264,0.05421989504177689,0.16936844551673705,0.21288685713764388,0.0055,True,True,2000,1.516311457210067,14.599484211442789,11.169766258204367
620,2023-05-10 00:00:00,0.2382078382321231,0.07479038684253488,0.057262013293794295,0.1775438378328034,0.21537488030554747,0.006,True,True,2000,1.4518911310461808,16.406728654680812,12.228453913405453
621,2023-05-10 06:00:00,0.2404588934287045,0.07867524561967605,0.057824433143887154,0.18479819894381014,0.23425686108345364,0.0085,True,True,2000,1.448055749541057,16.60563783576115,12.761815213425285
622,2023-05-10 12:00:00,0.23541894356003842,0.0837333464215872,0.0586520900846387,0.1880944114016796,0.22851715783159213,0.009,True,True,2000,1.4514854588861024,16.219173407407293,12.958752721231312
623,2023-05-10 18:00:00,0.20961977583819116,0.0832925741780073,0.06079994863494794,0.19156205029193532,0.23224384859408653,0.0265,True,False,2000,1.450646578726991,14.450092731900426,13.205287428454133
624,2023-05-11 00:00:00,0.21823492073330425,0.09305306603861649,0.06101644110023199,0.20010508471081528,0.23875700606811692,0.027,True,False,2000,1.4342154811066499,15.216327226151039,13.952232934789752
625,2023-05-11 06:00:00,0.21243169906768083,0.10182990346813627,0.062332906438050346,0.20537825653300926,0.2499783773510155,0.0385,True,False,2000,1.4244223136036211,14.913533510315041,14.418354344185074
626,2023-05-11 12:00:00,0.21540246230971777,0.10287676080161494,0.06314272304602989,0.21039230590708544,0.26141868972066556,0.045,True,False,2000,1.4021541763635341,15.36225230725774,15.004933797846306
627,2023-05-11 18:00:00,0.20543189089465447,0.10016631380917787,0.06514753059693112,0.21326778928547332,0.25457386707258994,0.061,False,False,2000,1.342716708761228,15.299719557685634,15.88330493646953
628,2023-05-12 00:00:00,0.2227569184460725,0.1124120529245045,0.0690712161980958,0.22790362568863382,0.2793460304887603,0.0565,False,False,2000,1.311186389184977,16.98895902851283,17.3814819592733
629,2023-05-12 06:00:00,0.23815868364780696,0.11278768972064174,0.0693143244070698,0.23018759669814104,0.2738620400600647,0.0355,True,False,2000,1.343170308134115,17.73108608830466,17.137632905086292
630,2023-05-12 12:00:00,0.23988934781017263,0.119642316112711,0.07064345714347106,0.2381044396037485,0.27939644428953864,0.046,True,False,2000,1.3259410800383664,18.092006607354783,17.957392163825176
631,2023-05-12 18:00:00,0.2624720549986162,0.1194747081678601,0.07161153016809672,0.24073992052059476,0.2841002881350779,0.0275,True,False,2000,1.3046607806471382,20.1180305940081,18.452299945828283
632,2023-05-13 00:00:00,0.31080282388717084,0.13179562915071924,0.07402217834115561,0.25216251077478946,0.3059306314107863,0.0085,True,True,2000,1.292836139567634,24.040387979184533,19.50459946603293
633,2023-05-13 06:00:00,0.3189032326870157,0.13887401443901062,0.07773248963904382,0.26844491852601665,0.32255402193138644,0.012,True,False,2000,1.2829741405925303,24.856559660643903,20.923642186742573
634,2023-05-13 12:00:00,0.3171470975235192,0.13820523296503098,0.07567888209895157,0.2607298822844163,0.30830610946267045,0.0075,True,True,2000,1.2530339677932445,25.310335208394747,20.807886217449912
635,2023-05-13 18:00:00,0.3141133144379584,0.14298158900143093,0.07667044632860513,0.2680805628124462,0.31528445203666244,0.0105,True,False,2000,1.241443979647031,25.30225443819604,21.594253724494862
636,2023-05-14 00:00:00,0.3174777875592963,0.154721361112809,0.08001913774097776,0.28461042834813005,0.3362870420959235,0.018,True,False,2000,1.2188928559815226,26.046406458231715,23.349913567172838
637,2023-05-14 06:00:00,0.3576563501509276,0.16086421989650962,0.08530579826597276,0.2969448463601074,0.36140725780105964,0.0115,True,False,2000,1.2110091330232269,29.533745072430257,24.520446482414105
638,2023-05-14 12:00:00,0.36512253987287135,0.17080075633834163,0.08708370257845205,0.3091607077982941,0.35506318220619015,0.008,True,True,2000,1.2269652336575105,29.758181393979903,25.197185651031397
639,2023-05-14 18:00:00,0.36087826295880016,0.17850009780949627,0.08652167027952613,0.31675085009771364,0.3651981101242997,0.011,True,False,2000,1.240761686097309,29.085219748677638,25.52874203377617
640,2023-05-15 00:00:00,0.35559803043102145,0.17368851018258982,0.08532477247186852,0.30982277640826106,0.36862503073543595,0.014,True,False,2000,1.1855502892474337,29.994343863451693,26.133246241703596
641,2023-05-15 06:00:00,0.34793454046031097,0.17611035791602087,0.08808002944729118,0.32610050231056587,0.3774229066497544,0.0285,True,False,2000,1.198183712303001,29.038496925613693,27.216235620811073
642,2023-05-15 12:00:00,0.34822067814517305,0.18089789169392656,0.08532556585482348,0.31566249900702464,0.35950303376908865,0.0185,True,False,2000,1.2239123825542662,28.451438445164477,25.79126606663192
643,2023-05-15 18:00:00,0.35756802924781766,0.18367454187532256,0.09092928394977667,0.3310242407094597,0.386754728126326,0.024,True,False,2000,1.2355911737205834,28.939024238180426,26.79075795861241
644,2023-05-16 00:00:00,0.38537974610545295,0.19211602860810842,0.08872716595949635,0.33601590231220074,0.38896125103764073,0.012,True,False,2000,1.202622793203153,32.0449394675952,27.9402572619825
645,2023-05-16 06:00:00,0.40062622346196847,0.19239064990463794,0.09347552783707595,0.343395387957394,0.3917968865603879,0.0075,True,True,2000,1.2008352108657743,33.36229816022186,28.596378991070214
646,2023-05-16 12:00:00,0.3962820165952809,0.1978324091986136,0.09418390029361809,0.3415942853533704,0.3990547690397248,0.012,True,False,2000,1.1945067910143596,33.17536740488209,28.597098645483044
647,2023-05-16 18:00:00,0.38593035188599767,0.1927854478196077,0.09604617739269845,0.3445490309232592,0.41124963262343506,0.0205,True,False,2000,1.2013760437304855,32.124025936759615,28.679532334719564
648,2023-05-17 00:00:00,0.4158101909059833,0.1995308483688407,0.0970850079949033,0.35569761655849963,0.41215190001292795,0.01,True,True,2000,1.2244170153661058,33.95985074428701,29.05036536527913
