time,H2O_ppm,d18O,dD,d_excess,met_temp,met_pressure,met_rh,met_vapor_pressure,met_wspd,met_wdir,rad_sw_down,rad_sw_up,rad_lw_down,rad_lw_up,rad_net,isen_225_ipv,isen_225_gph,isen_500_ipv,isen_500_gph,isen_825_ipv,isen_825_gph,flux_2m_h2o,flux_2m_h2o_density,flux_2m_co2_density,flux_3m_h2o,flux_3m_h2o_density,flux_3m_co2_density,flux_5m_h2o,flux_5m_h2o_density,flux_5m_co2_density,flux_10m_h2o,flux_10m_h2o_density,flux_10m_co2_density,flux_15m_h2o,flux_15m_h2o_density,flux_20m_h2o,flux_20m_h2o_density,flux_20m_co2_density
2022-11-21 00:00:00,,,,,0.3927840405357031,0.880009764393468,-2.0919134571421196,-0.7510568592014255,0.6639965234322417,-2.641694334138149,-0.6991039646736892,-0.6760084609607834,-1.06151365687631,-0.4792783632817383,-1.164351961581719,-0.8744022680768511,0.2717260942160244,0.3099728717020475,0.6760267269666929,1.9092654008546783,0.8164637347815328,,,,0.13805066384059572,-1.252880749551826,-4.37059000457426,0.17341090342079224,-1.0098080439723924,-4.996484769181179,0.027157104799685274,-0.8691006101144727,-5.48347991398113,,,,,
2022-11-21 06:00:00,,,,,-0.7976769971378852,0.9684712011413038,-0.6504712165193319,-0.8082106107336582,-0.5400518615862725,-1.4066455502237036,-0.7016564212300083,-0.6974687240035624,-1.377863686763026,-1.4761420286895208,-0.6685723339170357,-0.8413674718723216,0.39419272506207087,0.05771947927931817,0.7907177938782948,8.346368101120055,1.0423640819116775,-0.3175275262109694,-0.13668322825584925,-0.14963911166932753,-0.4602301430903612,-0.41026273342358904,0.8897919901908001,-0.53931777670916,-0.23966260277354157,0.7183876551316872,-0.6238868919144287,-0.4264111155795462,0.6880208217948649,-0.43890338548521945,0.5594174599737786,-0.4210757167883893,0.17312088901720335,0.5902687788635613
2022-11-21 12:00:00,,,,,-1.1516714417972784,0.9754475799048793,-0.3386155058424246,-0.9113192424806721,-0.6557205630702951,-1.7705707926196697,-0.6170725868764321,-0.6168088509768852,-1.4657436081782307,-1.737304322276955,-0.5135381362953227,-0.8666142197150652,0.4520167794397048,0.1238736353487939,0.8296011598237016,11.973054143371282,1.150202142342745,-0.3112416023216853,-0.2132920732404858,0.08403333365006183,-0.4641495699260661,-0.5364598594726405,0.8882348439841264,-0.45940192425460114,-0.3614059963174913,0.8086953847194116,-0.5424581883629758,-0.5478811605121223,0.7418409910809937,-0.28308674791420846,0.6971948944161317,-0.1344756732310159,0.03968307443533557,0.7256230436173894
2022-11-21 18:00:00,-0.8409835574915034,-0.12219106410223488,-0.8432591005112441,-1.4008697918923712,0.5679132508820128,1.0289279310778188,-2.2140011511438384,-0.7674811779498563,-0.7643968323119944,0.1997598557515789,5.984439376782445,6.546394237816842,-1.0860572893900526,0.30210822296962875,-0.11237388568442537,-0.8832981033760046,0.5667576382088138,-1.0142785056733619,0.9431782825790579,0.5610297173703854,1.1044415741862066,7.343785488743933,-0.28898623002096385,-0.24979339479507517,5.343855029228167,-0.5960370071049736,0.10142604507782324,7.512483429916878,-0.3957206414386346,0.3239022211837585,6.902438129494653,-0.4512634302328607,0.21080841383668195,11.344955156870258,0.5880149075127723,11.39357821016179,0.04831077436077457,0.6179966864286708
2022-11-22 00:00:00,-0.42082929665033064,0.34376564353862776,-0.21918337219105533,-1.1854367792197908,0.451485597735393,0.865109526952485,-1.5481306377768127,-0.4089343583185866,-0.7742620794308818,0.36419864461086693,0.43285332899091294,0.6778845891970383,-0.8891515462609428,-0.2765903460530221,-1.0097279542584092,-0.4873014245710463,0.5623160534348086,-1.532887210653286,0.9282716545953318,1.2726470961859697,0.8172669584572035,1.0371356672612992,0.06667502590468596,-0.22623450451516197,0.26255840349124904,-0.1952861088594481,0.20966240165263617,0.1813335374976284,-0.041271813104240725,0.30516212292940653,0.12415560549980324,-0.15409230432504187,0.3433715602318946,0.8134681610595429,0.6980747865023093,0.6640309111643558,0.3868455256732751,0.5588448275352659
2022-11-22 06:00:00,-0.792890036302947,0.5872504170072028,-0.2896052846047919,-1.939497414365859,-0.6273521865740994,0.9938513701185192,-0.6767828265946596,-0.7047624325830064,-0.230413764465182,-0.15407416135596358,-0.7025325622944834,-0.7001378854405158,-1.2906573059906272,-1.3705532493475439,-0.639274200311019,0.13964887732822004,0.5218630423864491,0.10872085423014757,0.9183654901172839,8.430121999287811,0.998484563497291,-0.08304031528480386,0.013586336979410363,0.003707350621809411,-0.3435479063398624,-0.28555462448147345,0.7170743066731459,-0.39023597220475054,-0.12885800050162494,0.6699840848929143,-0.4026131751871041,-0.3119191526824026,0.6128767195257998,-0.23759489633453237,0.6750270673492318,-0.47635469306541667,0.27857470219801855,0.6827662761378814
2022-11-22 12:00:00,-1.0555492971632738,0.4865623357610203,-0.4256479974142142,-1.9886440364645748,-1.0380165594078996,0.9399346520872895,-0.6741621542513143,-0.9438170169055269,-0.6672607549816859,-1.7863460037537782,-0.6230593635980397,-0.6227911080703739,-1.511177370987662,-1.7150422488537098,-0.600760687615445,-0.019561780888899122,0.4302018044461727,0.783168894720384,0.7923530005645878,11.483566278543249,1.078629715164922,-0.26697405087079523,-0.29792313191864345,0.06624209529747441,-0.4800726075888523,-0.6233488093614837,0.8439602387222769,-0.5054011170042133,-0.4589590293542331,0.7549557642515214,-0.5239736516536917,-0.660407516412429,0.6584591645303813,-0.21600083567122305,0.6652956304962716,-0.27112231510029833,-0.15835203229976977,0.7517312598015914
2022-11-22 18:00:00,-0.9703474374973167,-0.21674100138183697,-0.5771449930328709,-0.5862168032993441,0.5859011241856295,0.8751327045782124,-2.3870308280547397,-0.8704521920018038,-0.7784805264032583,-0.003536369196410975,5.810617897489342,6.312837314982874,-1.1228239065756689,0.2640135081524049,-0.10337770819790443,-0.23826807580199572,0.44209851625888913,0.6902731150754831,0.7783995868506403,0.5790832727680976,0.9589644433903048,8.25749345924419,-0.42374587362899435,-0.2625149113595996,5.72512722539944,-0.7336950048189816,0.07683069851611776,8.602392821184713,-0.5339634377102758,0.29614139753517216,7.062770279725349,-0.6085766816890259,0.19082848214573897,11.83858143953558,0.5750521532829949,11.89679567738338,-0.17265098047863028,0.6070525021907679
2022-11-23 00:00:00,-0.6328546336872891,-0.20151413385793635,-0.11798807658061115,0.37975645965895294,0.550083893482169,0.5831282920101238,-2.0716198991303636,-0.6905468849170664,-0.8429993315792248,0.29453564400190524,0.2554813650278435,0.420788070593335,-0.823019786068048,-0.3210443668918257,-0.8180983907916192,0.11576961270124919,0.37619023378773864,-0.7643484096967731,0.6720155997916145,1.1739704137176075,0.5314962755329066,1.5289238739373439,-0.17001758695663183,-0.26731340721080943,0.7608980772117271,-0.45466649428804307,0.12290460290369622,0.8977714749913539,-0.3128348694571401,0.24118694702647867,0.6980215652889122,-0.4433640219361158,0.2976534569347357,1.75204167268653,0.6692982180743433,1.9488288769579714,-0.0009178027863930502,0.547884646455742
2022-11-23 06:00:00,-0.8992624144240368,-0.25813891485984364,-0.24252842052010135,0.24713975032589144,-0.6737923594278885,0.4860420876583786,-0.9579122443140305,-0.8362715744719181,-0.14882641615095232,0.11347454062767806,-0.7030579029290602,-0.6999304213192767,-1.3203223971224796,-1.4059483675834714,-0.6502747242761688,-0.055235667439846745,0.26767349467583684,-0.7617185235325219,0.5652536766491569,8.860188866376651,0.4445542035137732,-0.053424230172371,-0.15126819279353376,-0.03095020881757717,-0.3343419388320376,-0.4633919191718223,0.6487740882485619,-0.47500913916005344,-0.31069788178379726,0.6073647908776224,-0.6329485324070773,-0.5125299290210583,0.5696504653039642,-0.13024093763300001,0.6448264277037654,0.12546292366067982,-0.001875974843821139,0.6671514844614317
2022-11-23 12:00:00,-1.0428821183820354,-0.6313650974803886,-0.5543190954296847,0.4856518497764184,-1.11778725096707,0.13550605281067474,-0.5856131606827151,-0.9602074291548967,-0.262098674227533,-1.3404017485702082,-0.6262155248566481,-0.6255187190768677,-1.4724653586457652,-1.7262539147333407,-0.537548891474657,-0.7234817695122926,0.12648309699430677,1.9959430453381315,0.2542680798156026,9.635012372726758,0.10636904112173656,-0.22321545117451166,-0.29562000456013987,0.004590828172399274,-0.4236380542257854,-0.6232051359834678,0.7167667192624739,-0.35471889637530557,-0.4552507524845408,0.6638761148659135,-0.7361082625670936,-0.6483170461917757,0.6068261936357592,-0.09270176949047298,0.6530979748265445,-0.4050410828697951,-0.1138329455967819,0.7485454570441517
2022-11-23 18:00:00,-0.8919266035161683,-0.6763890241191174,-0.5210172901983272,0.6694109670089958,0.44586414054234297,-0.24545338932013216,-2.1935952765359112,-0.8107248477104335,3.3489439484861925,1.4489856192320818,5.454711843052268,5.863915528532782,-0.744756787640552,0.1628550051298952,0.5320661379929481,0.7407045949890978,-0.19977603124422108,-0.18245756562845533,-0.06383820170546713,-0.020400178723170393,-0.36650315160264585,9.379155502914529,-0.307038567736148,-0.31318163238305324,6.469831312649463,-0.5976694557801735,-0.05627916948115002,7.054902117714113,-0.3935672297411484,0.1952486583932164,5.0276297337646145,-0.5274226439667461,-0.5087373611488709,8.230122551057395,0.5101498863977016,5.176896763535399,-0.09956528079796816,-0.39511403999787004
2022-11-24 00:00:00,-0.14455761606682313,-0.07890239649758457,0.0883581091589149,0.528515727445801,-0.02817235089089684,-0.1989740625033033,-0.37901336562793786,-0.11654455869565838,2.0913115343901976,0.05534853961910839,0.1259490711931472,0.2455932574427958,-0.2907522724261479,-0.1195291669235357,-0.2268486357707095,0.9458424297884303,-0.6273973032825322,1.7971705611499784,-0.4819086034587684,0.38762908386370964,-0.41266516331987035,2.1626829673550034,0.32235111313271503,-1.0754226172032522,1.4840891554008144,0.3165560821953354,-0.4887214534703476,2.1039886599566855,0.3370468927160559,-0.6621002090784733,2.4621430300958456,0.2289666251566374,-1.3246487507815174,4.401957324081264,-0.30110654650716384,2.6542086365935047,0.521445378271924,-1.118532636512747
2022-11-24 06:00:00,-0.321304452478861,-0.40410127762842224,-0.48952836050028226,0.06708568384759014,-0.13957622695192473,0.14371931100940666,-0.5425991257503614,-0.29272112042826687,1.1108767635726011,-0.28388920249150384,-0.6799744156037802,-0.6791186676966305,-0.13324849115855136,-0.29601693562294146,0.02742077678408314,1.010983668493711,-0.6774830997208907,1.1522353583365628,-0.5159526995390765,1.225413124822043,0.46904134056451247,1.4011390166775755,0.1728221755111222,-1.01307663639758,1.3062273758609144,0.18956251768028884,0.07031530968948416,1.7653523513314935,0.17862226006829482,-0.5581833267799888,2.111158066182405,0.12893601328733395,-0.4978418591276747,2.658522367787331,-0.606873880128491,2.1940323623800078,0.5662068228300485,-0.6837172758918719
2022-11-24 12:00:00,-0.6085882924575007,-0.6038176765739476,-1.0999986035274851,-0.7748516028647627,-0.2559540794090626,0.5675426511298715,-0.914566840189229,-0.5542418711497925,0.7639920913702785,-0.39491796163879916,-0.6127056234903473,-0.6099266719782779,-0.43388985150065257,-0.5582821102227273,-0.1344474320855788,1.0178348800790515,-0.5673941074853825,2.93819980860763,-0.3423988815263118,1.6095721154802314,1.0096874440412844,2.0155481083118327,-0.018098370198186903,-0.8914900612881136,1.6375028892422632,-0.06100858865357691,-0.06217320532925274,2.5666585635972328,0.05491904723356187,0.10102470425239217,2.732364991760008,-0.1795841146273516,-1.22857090150514,3.064521587423216,-0.9427787723573907,1.3520866282420292,-0.0017458118667609873,-1.5273073486656763
2022-11-24 18:00:00,-0.5119113069536592,-0.4402142365606252,-1.1429974947730155,-1.2720835215189361,0.2687283504147082,1.0413153117566092,-1.456804710367154,-0.43564499230547316,3.4583607056194148,-1.961671820163968,5.698848218078145,6.32129204034996,-1.0620790361968946,0.18988702663664847,-0.18631979541609095,0.03862629073402659,-0.1831737301032545,-0.15767441293201978,0.12513902397670412,-0.5141983454827064,1.5168057639789607,9.176638267551246,0.1769560714444574,-0.5843618886234054,7.589467941434994,0.03159599010966743,0.018458563432050552,10.516404486020011,0.16212745655794694,0.03270947024735494,11.507554414811482,0.021423644207275272,-0.7675883565460287,17.059356385765142,-0.33282893725511165,14.996140119539081,0.6719742731370569,-0.1620695788129215
2022-11-25 00:00:00,-0.4808350081560554,-0.08287590456925167,-0.6636369614524402,-1.1052042717387784,0.09799053951698164,1.2318285059231249,-1.1598166350248273,-0.41222123673138955,0.3343487426662631,0.40399272893077803,0.3513906924683053,0.59407065555941,-1.0787327015737336,-0.48837912351965956,-1.1127975147854319,-0.6284830789113403,0.23154715579727725,1.2156098987350383,0.5663060352297741,1.1770242533179338,1.5728977409690752,2.7142406768504816,0.2514301815545601,-0.21990858918970788,2.036941587060668,-0.006127345826310041,0.1770864984570275,2.7558379144805647,0.1192459118086971,0.024054589709451263,3.3677410810615007,0.08452034766033162,0.27403933987988577,4.643235226653669,0.3190674786792549,4.611180292282632,0.862628764109919,0.4876835655367315
2022-11-25 06:00:00,-0.7444863568543078,-0.44738402060789356,-0.8698833591286665,-0.6575097412315177,-0.9493143571182104,1.5679772790712656,0.22485797705315963,-0.6309778387206594,-0.695425867490631,-0.7410808180247292,-0.696537247959664,-0.6935006729425119,-1.3414697588428464,-1.5326592912575303,-0.5612619173083397,-0.8688918546786945,0.6076372031312064,-0.36663553497724094,0.9394230254582392,8.283669828307444,2.0383546695980774,-0.5738600251739712,0.19199774946593684,0.1074766159547412,-0.6070824055517233,-0.1081433968835962,0.9286390506316389,-0.5593346652619949,0.08693906915495025,0.8357968948781922,-0.40204219912238787,-0.0351845880617689,0.857294173394369,-0.2888818435089998,0.77872815644648,-0.3246180348433288,0.8374920018873979,0.8084963119770928
2022-11-25 12:00:00,-0.8206688832860277,-0.4717417200827166,-0.9027770317370913,-0.6693623082295019,-1.13267936906855,1.5787974762975265,0.39445676616478237,-0.7049322249835773,-0.5400135940153902,-0.7752815275417521,-0.6194128544623991,-0.6217093270776614,-1.2194404055567767,-1.6366656118816514,-0.2535216056217003,-0.9844573365912461,0.8385893219147805,-1.3018537922345168,1.0843348828231092,12.315967025639019,1.9215706085385986,-0.48539298083754684,0.1084803262162177,0.13017153266854584,-0.5149789565225071,-0.19870691363944679,0.9750849327711805,-0.3530500330959664,-0.0004743358009575383,0.8800164651339059,-0.2853885313502154,-0.1432806534510063,0.8330350427355574,-0.11945316657167869,0.7269207975572932,-0.21816681322640763,0.6616918940046881,0.8454455478786221
2022-11-25 18:00:00,-0.3748974594930481,-0.47886982383740356,-0.4603469949272071,0.3151551303665842,0.695292275245632,1.3847363107208985,-1.600776811392537,-0.24130368695915605,-0.7526890291038856,0.2373802831929875,5.636843090226529,6.229949891446868,-0.6908685506208964,0.5087519033161081,0.0698123119399001,-0.9672179855246799,0.9937814233820013,-0.4163527325230706,1.1523292438227297,0.5831241033882459,1.6275758732062533,6.747343242890769,0.3098570865739563,-0.22226318870233844,4.657242849777565,0.041345426197500756,0.1507631473541503,6.862628594001079,0.2161777040695227,0.3504813115634736,5.4542572604878075,0.19807400735800038,0.2653703772889486,7.2511691966931355,0.2506520800178197,5.877290859864092,0.8690002975414025,0.6322781656599308
2022-11-26 00:00:00,0.031226787650856215,-0.20148691804990962,-0.09697822629712047,0.42560721037274274,0.6431711763382071,0.9749530568921485,-1.1262418692684508,0.06065939047622797,-0.7003409603782694,0.12150825073230162,0.33875298233258216,0.5618295459660889,-0.5849104203880113,-0.012472734734209685,-0.8230880995660552,-0.718694697501534,0.8841389755649129,0.0730070584440763,0.989547950224747,1.3640140745677682,0.9750226895014782,0.3645183673400695,0.6034702383553021,-0.2556508592165168,-0.0608404527717794,0.3736506181397509,0.13168690635272962,0.12305025608111345,0.5301553582224315,0.23760085809142079,-0.06987917384955337,0.4886711868976514,0.27295368789533037,0.03245058808069932,0.667508257175787,0.35105038011295286,1.2806791522470449,0.5473576466454834
2022-11-26 06:00:00,-0.19736440264311159,-0.053526100325332976,-0.25340639035600676,-0.2809721822467432,-0.18122461496841538,0.750266787178011,0.06542673661049113,-0.04600050796549649,-0.5322100549718429,-0.9060861093188022,-0.6958008268638798,-0.7011383636842605,-0.8316952674013038,-0.9185299840021027,-0.3883075038375507,-0.7103653520019219,0.8141055121528104,-0.3390071456212165,0.8318934622246251,6.41980503457298,0.6328046949379091,-0.6674557645452182,0.6932159079825843,-0.11523771341266299,-0.6776003526418315,0.44273455169196424,0.4284225526010036,-0.7446357443522961,0.6132916471435995,0.4505752760810642,-0.6479535876465529,0.5454631075327814,0.36678686711977515,-0.33363352709158467,0.5819527429589725,-0.23601463831600256,1.4593447299837463,0.5969998303005255
2022-11-26 12:00:00,-0.3512430443720673,-0.5455438881244588,-0.45893083744268065,0.48259105270859515,-0.44154259741201796,0.23184970359635929,0.3072234064579306,-0.1937264918584059,-0.7262821686785401,-1.7268418490239845,-0.6309610708511387,-0.6308645631039351,-0.9857754063306937,-1.1294623873499172,-0.3960817340853984,-0.9743434466720012,0.6922646832343788,-0.5524779058807637,0.5090437650283364,8.275168814160608,0.019241013317104413,-0.540431552673799,0.5920164618189179,-0.12254552130069875,-0.5694867505339913,0.33596547630778695,0.40661028432957425,-0.6045638485144426,0.524205656165125,0.43874234682606333,-0.47214211355775687,0.4532260636989697,0.3624420792220186,-0.30970664268080417,0.5636448992357719,-0.3781679211548571,1.3669920299698206,0.6380885408385214
2022-11-26 18:00:00,0.039002957749840424,-0.3582652884732338,-0.2238903189009383,0.534669459525926,0.8822323935559976,-0.0785168812425582,-1.3393543807892616,0.14564771138142066,-0.2896883444552555,0.48572739467594644,5.3779776791172615,5.863172229588014,-0.6328524955169226,0.6616115641189988,0.08110413912415143,-0.601229854194413,0.5936779826799345,0.20344315009342612,0.3454059759370296,0.052545625869452155,-0.4623065778692509,6.654125715860738,0.8094135418802233,-0.3714621974199903,4.735833198557937,0.5625470006819349,-0.1522270782448752,6.576190405589095,0.7094824915533757,0.10453712021405424,5.7254815261409995,0.7278964448769374,-0.0025058353636038745,7.865468279008676,-0.27266965494723483,7.8640978509874895,1.5501129485632965,0.5116923173401029
2022-11-27 00:00:00,0.14984782335074323,-0.13373669766512075,-0.10007982238243167,0.25183514547575847,0.972829664264097,-0.47548008361582783,-1.4351948528589407,0.21431244007295808,1.6581887202358092,-0.09024079853426896,0.10903157411618515,0.20614021442898603,0.2920248939697305,0.5796053878485693,-0.01302202109105282,0.0962127226670271,0.2465638888011036,1.2309647912682677,-0.00896091073451184,0.44811894736658314,-0.8340023478749703,3.596810640129016,0.8950000643253431,-0.4594235014374756,2.2593558413112516,0.666283751335418,-0.288134851467112,2.924064179042419,0.8035989304574129,-0.06103408404726138,3.27144615200833,0.7942627259028437,-0.07635744658841782,5.255957520647563,0.5089192804695859,4.874779631772132,1.7745244929770967,0.44361064572686637
2022-11-27 06:00:00,0.7955242569446265,-0.08501765681795072,0.03158105042085112,0.4195004228967277,0.25037177584171844,-0.5276667037000515,0.684239894296173,0.7732149105532391,-0.03921418880089851,-0.051320771360019765,-0.6669874147687453,-0.6754001840625922,0.7495541883515451,0.34588287106567805,0.7097594912763876,0.5015382911969097,-0.1907059249240603,2.597592443903297,-0.34116202275985424,0.5908906551254888,-0.49518459069672693,0.33968457931107393,1.3944663702204347,-0.7695713717306796,0.036256322603612015,1.2873806427838248,-0.35498993370690957,0.1881739373393278,1.2346812609005742,-0.75650878303939,0.24838656637163453,1.3220723799623393,-0.49797091862382337,0.13830687377530052,-0.046863859288602094,0.32888524780332623,2.076783435540717,-0.31033325008877094
2022-11-27 12:00:00,0.48241880377097984,-0.7074808791102671,-0.7252870004994683,0.29960811047535896,-0.004273989500259491,-0.5480790161260524,0.807346967530284,0.5152773376412594,0.6090805670318447,-1.2996503777516155,-0.6181852245707672,-0.6125162484342641,0.10177215209326738,-0.07261496242765308,0.17264975902521787,0.6839066056460674,-0.4650155932501025,2.1855758564312344,-0.5836287097884907,0.07863939572151674,-0.31938537114266585,,,,-0.7636592057631807,-1.486234033441631,-9.206172931108101,-0.07271709408965006,1.1961010571199449,-0.19133199052685848,1.4857900071200147,0.8618503030955907,0.08062176880541791,-1.3096850390602792,0.38745683781349216,0.4736952952855337,1.2670944307070264,-0.6561434118246353
2022-11-27 18:00:00,-0.030425621208553046,-0.9484525004804572,-0.9580579896952739,0.3848345186708288,0.23531857132605685,-0.2832998191790034,-0.6830807698027044,-0.019410548459011877,3.1007360317726707,2.5739162254131998,3.8687371057862783,4.549116733748638,-0.6862103539619929,0.20410214426878537,-0.48879152588563834,-0.15571016962822165,-0.3476146268607969,0.21207228178133253,-0.3547060921536019,-0.7786120707791696,-0.32724280298926856,11.01232771609466,0.6820872961991236,-0.34714510418715055,8.070164451433532,0.5186713195114155,-0.0693227018322983,12.113912910368946,0.6610363015760272,0.008656317157328145,12.635582599710027,0.5518712427669372,0.21269667657342112,19.726419351583075,0.3306902786285086,18.69330881046705,1.4906158820672557,0.4251937793083515
2022-11-28 00:00:00,-0.136048637312835,-0.709886666513447,-0.6745209192990541,0.4164892067077059,0.1945730265293608,-0.3501000661893177,-0.8043161407256784,-0.12890296685150351,0.6674022955964295,0.42430999829269683,0.07872683023592371,0.23519295312402574,-0.04601978182841139,-0.030113111715612248,-0.04015463861718485,-0.03271807954303198,-0.2625766770907283,1.2697239091154966,-0.23551572811263619,0.23512692098225174,-0.5739210220928513,3.3012759725880647,0.5231335393746815,-0.3271203483131477,2.253972427935719,0.27801789643264735,-0.05527508560863988,2.8606245522150475,0.43863902133949795,0.14432921905402454,2.77520953122162,0.32898139037408,0.1021055190673551,2.966612520654467,0.4963966005810528,3.8709025492562685,1.2364212679170021,0.5461726095514963
2022-11-28 06:00:00,-0.10321721527447611,-0.6736036511045924,-0.596859996439606,0.4967883277738591,-0.18657748024754278,-0.4941947426487838,0.025646434519623302,-0.0670196650429818,-0.7532504123492109,-0.7251884277222264,-0.681432229214105,-0.6829979953110721,-0.17860009394421905,-0.43485791133659846,0.09383265421804911,-0.14209947691508112,-0.2302621279111947,-0.052821136841277566,-0.1934370333265005,3.0669930267997962,-0.5720543495968747,0.10350467295459397,0.7963902616755602,-0.204154453973452,-0.13875978007203044,0.5311009140179064,0.21719961848185415,0.07702846780170683,0.6718815921531709,0.32302082197716697,-0.020474967931342663,0.5743142878012725,0.27239973446833277,0.34279310057910334,0.535003262145919,0.41597690803905296,1.492116392568644,0.6057551263678295
2022-11-28 12:00:00,-0.567637137956701,-0.9872874921293474,-0.6552210675418448,1.1424182374896608,-0.6482819060104587,-0.9929874564326842,-0.09050540548125709,-0.5120410077047406,-0.23192828713793037,-0.776751693719296,-0.6594138604503166,-0.6574224051310356,-0.6511917031880773,-0.9926256019108184,-0.061999303684071104,-0.5774000093213849,-0.24495866453644405,0.17138589673310983,-0.42553625054586297,4.4514135557479335,-1.0898191009033422,0.07748138088495407,0.3869140765889599,-0.1223707873992059,-0.15798131370980917,0.09314778661639188,0.4179965798297781,-0.10829740650271187,0.2523788931932528,0.46101239917822945,-0.13700702012478005,0.10748084151500494,0.41725175195810527,0.3143723675789483,0.5772719629930798,0.18351335395511503,0.906859857026466,0.6752850897507463
2022-11-28 18:00:00,-0.387403655435084,-0.8693305261021242,-0.5294910833335361,1.1264609694703203,0.17726304658677747,-1.4654727739418203,-1.1191916748242399,-0.3739753973516086,-0.1311567128363588,0.11568780828897368,1.4154554451431025,1.7816707565949512,0.38260679360685323,0.13559562017229493,0.6136022045225163,-0.6503858564331533,-0.3422334516582189,0.6162550616048498,-0.6591658589505452,-0.781600288148026,-1.5860528933959352,4.328578150460518,0.26537510748127147,-0.34426195859504,3.2154132214397446,-0.01405971521325778,-0.09472719100623576,4.349566937105242,0.1612709365471675,0.12467759525701953,3.8541245781250915,0.04826276074735324,0.005919445780290582,6.298364015308276,0.4131998296484455,4.142485517968798,0.7883958615178434,0.539948714484297
2022-11-29 00:00:00,0.06974851778918426,0.06315926808125275,0.25952869958214,0.552456437493949,0.22596226986800216,-1.931546269559352,-0.4665258071059824,0.03036658671884717,1.321241027171468,-0.804029425523971,-0.3663488219375257,-0.3213853113354844,0.6650070067759493,0.25208034452025063,0.7103255488267668,-0.3455670046371105,-0.6897986778459215,-0.20089112440465767,-1.0746508713554275,-0.5866722969275064,-2.272442798422276,1.916486146535667,-0.5118696178893642,-2.817786046505853,1.082057312461411,-0.5966335652915707,-4.562443889024453,1.7602482349513389,-0.3636642765416183,-3.206237959148341,2.4838990262753047,-0.18815489133126717,-4.001155269964302,3.7549686262526683,-0.8743023154367938,5.198012743599934,0.2648452674989833,-1.16653980632621
2022-11-29 06:00:00,0.6301656578301755,-0.0208038957613292,0.28700195081204166,0.8194559897836006,-0.025970801555190128,-2.3678110959898193,0.925368878497899,0.5438095587162823,1.6261676357478398,-1.3401637736811791,-0.6655098966480288,-0.675478051335639,0.8221518794581961,0.1840094172454599,0.9643926045426846,1.350774400199256,-1.203183644605575,-0.10597863420290837,-1.500976298400727,-0.18359518968527175,-2.3299193987643987,-0.36265871299567803,-1.551106565663522,-6.371869810358214,-0.40107035838536825,-1.5084234944911634,-11.361827199427005,-0.2098914006387248,-1.5796553447197341,-9.458616795341147,-0.4162703660920246,-1.1648826976874318,-11.179029233231363,-0.7344003840836881,-4.459100643845201,0.17660665753074184,-0.856912956302523,-4.057763092640348
2022-11-29 12:00:00,-0.16317785838784607,-0.34469210257100935,-0.36560176866446165,0.19149793045212235,-0.5903134735114949,-2.3677278113696167,0.551014391839098,-0.22289091067040775,3.909094581689592,1.9617961979574325,-0.6471754622352198,-0.6599996062625781,0.4725964405158759,-0.30203226644439035,0.9266971750647195,1.1373226220253851,-1.5214860523719622,-2.27411952856804,-1.8413216706627715,-0.4746599392179821,-2.1863673278341778,-0.37246113428100097,-1.563282172250945,-6.367701381680004,-0.29428683290643487,-1.4010921015195017,-10.809269710343461,-0.4881932776102883,-1.6009658131039066,-9.623230210647133,-0.5952885442943898,-1.1447997980139923,-11.034767012630988,-0.0786682118032606,-4.18410050453245,-0.35201094998243954,-0.8607310929535954,-4.057173389414865
2022-11-29 18:00:00,-0.627266053943612,-1.0630016354298557,-0.9636989101048777,0.6548512837450478,-1.0000215345823842,-1.5998504185396987,0.2389877236740231,-0.6625942855107861,3.3342627923866726,2.7720839933957833,1.1299389762797472,1.7066899382956318,0.16157805396833527,-0.6401155657238454,0.5613543886267235,0.8606923963427462,-1.4357139453340564,0.6048737022706601,-1.8318100200236735,-0.8692426209570091,-1.3667460771017057,-0.3250176613031988,-1.4435193722732642,-5.922328642760645,-0.32868450170243835,-1.560107364749502,-10.556755218498443,-0.3990299008970124,-1.5457349564552882,-8.997449912161528,-0.38436126241677127,-1.0931070970555616,-10.01097443552359,-0.39587534223031584,-4.166012858769121,-0.2777702859585875,-0.8520637693532689,-3.987555909776868
2022-11-30 00:00:00,-0.9434643761945988,-0.8926052570779446,-0.7292926840864125,0.747155382949854,-1.1217062293170492,-0.7452050264163024,-0.4844973055003625,-0.9364274467914546,1.5454219042457722,1.7750105428261123,-0.029845290955376417,0.18292127429496724,-0.7642944587049111,-1.1804408831581634,-0.1356232292557268,-0.03567880534866283,-0.8884915349289323,1.3315000360245297,-1.0806392268281948,0.11509714380020633,-0.22595063649015454,-0.17716603282612897,-0.7676145127816364,-2.450153145744889,0.12428236677243416,-0.722157279758147,-1.1974337255960037,-0.02090576271372645,-0.9499791760504305,-3.445464987456022,0.5594285279120907,-0.7529874401955476,-2.1776671196781754,1.1849580829401374,-0.7538923058932375,0.27114882312951466,-0.45429557576666474,-1.43731680564412
2022-11-30 06:00:00,-1.2878388406336192,-1.4135985949534449,-1.3160697667156318,0.7488964411829624,-2.128714796654681,0.10213994536733359,0.5432627690577951,-1.1839819313617808,-0.3560632101641692,-0.7461558437318316,-0.6853497043228891,-0.690310538893632,-1.643529466033375,-2.4767197182592824,-0.1059388816332702,-0.7620200965012285,-0.14790257212679242,-0.4077705895905316,-0.19792803232163678,2.5693719531235506,0.5845689367212915,-0.7591503008278021,-0.465105232842339,0.24864409116398023,-0.6749654347139497,-0.9408012598475516,1.5329592803151901,-0.5654070021619986,-0.6090831667225276,1.0702253843517597,-0.4317583991153828,-0.858615276608124,1.2425509418206553,-0.25056966724451235,0.9490919081003819,-0.218320804354414,-0.20469594986156006,1.0048394221812844
2022-11-30 12:00:00,-1.2356097015345682,-1.491031389475873,-1.3708239357308238,0.8200885028133047,-1.9892142698597106,0.385494110357048,0.6322129670061813,-1.112437884153004,-0.7440693016372801,-0.5921158329498443,-0.6068869483018675,-0.620562660556063,-1.3063495283998712,-2.2411220677265717,0.2013242564399789,-0.9859866115087957,0.3266132926970361,-0.8534124091945003,0.1936163172143256,4.551680603811159,0.8319231235520362,-0.6989400798879114,-0.2081996176270345,0.24726246436179625,-0.6764001084643084,-1.0502507312326954,3.0242530396605396,-0.6268697840673517,-0.526111630765936,1.0957583882066544,-0.4459738069074068,-0.7430417677441066,-1.348243371392385,-0.1582720927330052,0.8493084565393154,-0.34391379588119575,-0.1259513502380746,1.0180070150120426
2022-11-30 18:00:00,-0.719802986619233,-1.0143170996841877,-0.8021720543975197,0.8878748613895566,-0.6585415718714891,0.4312266897249336,-0.565728797836007,-0.6862736471764016,-0.9321238923633293,0.37820019578114705,5.766219410258134,6.846966516196274,-1.2228074010774879,-0.653578218999435,-0.34578390588198515,-1.0349711948998572,0.48646709985911196,-0.4067692008617576,0.4907520735214253,-0.287610294192823,0.6500748933390659,-0.12822953522032424,-0.06245418585784049,0.034359458395079756,-0.288356835428707,-0.3974432722664165,0.7757380649125288,-0.1953413567250652,-0.16805781880677473,0.7345136583957431,-0.5211168512896848,-0.27981243762591274,0.6695141597825393,-0.594240893492944,0.7443054210739394,-0.6204516757585324,0.2857114835780053,0.8102733592049021
2022-12-01 00:00:00,-0.18234968041145858,-0.6692226514532458,-0.5889992631352827,0.5031698015492904,-0.45193688930593734,0.017509071250551712,0.6848964285734758,-0.07031549714750289,-0.2743525564598298,0.5041005527603468,0.3270511623368841,0.6636394723215261,-1.0530495464612528,-1.018264934851912,-0.7503027705957972,-0.9555619599198989,0.29833161707016725,1.664345014019595,0.30593790401596965,1.0244137062324357,0.007940339876630906,-1.166555945085058,0.5917007101667348,-0.12674879983428436,-0.9104098852749213,0.3352739291629912,0.45070593507590234,-0.9173233493902758,0.5692424252211548,0.4336151540358569,-0.8439160975674227,0.5219139865879677,0.48248811490200383,-1.2562871710076169,0.7137872284945381,-0.789959705053592,1.463164321513346,0.6410801893205036
2022-12-01 06:00:00,-0.3502725893541877,-0.7464100259966127,-0.6859456091027619,0.481544321994823,-0.6708074308766176,0.09851163642761691,0.832559040222433,-0.20560796746589288,0.4078528913638805,-0.5023377137729513,-0.6910565082898356,-0.6884090947599902,-0.747729830839978,-1.1239290547851715,-0.09180565678444119,-0.5219854713474139,0.26442825434932876,0.6648628100941936,0.25269431932078107,3.3475435223314465,0.11909134648446783,-1.3758205896643354,0.545197069952629,-0.11249783044174984,-1.043655595858469,0.18965091351803995,0.9632262058317043,-1.414922866893652,0.5474816110315289,0.4673590874663828,-1.1371748273997664,0.4629480624831201,0.4001804781408593,-1.4311958150307507,0.5526714145918037,-1.7247160589619144,1.4169582454283127,0.6658339008571218
2022-12-01 12:00:00,-0.49677554942846264,-0.7208028902504447,-0.6940250414238307,0.4007689376088219,-0.8328243613607202,0.06671778442090681,1.0056980835900171,-0.2944658603657889,-0.1624526016479433,-0.571693594967058,-0.6153631181324584,-0.6319036488392704,-1.041699269452979,-1.4039217276068277,-0.19061341880427102,-0.14855192161536637,0.3579081725882669,-0.0645123541328792,0.2899359366439272,4.23329020177768,-0.02123160597983129,-0.9076162465854009,0.3966156242873617,0.8526940215912958,-0.6544658802340965,-0.017631021199367367,7.107256937138639,-0.5771618153493817,0.5433113449697932,0.5423454984675986,0.13820360966809786,-0.29381384537840355,1.718486557656929,0.29163603398813176,0.6162432279250133,-0.0548807409647673,1.4514078601554052,0.7102485557688523
2022-12-01 18:00:00,0.08872044533842849,-0.5233603108996012,-0.24540901757509154,0.8945722228136838,0.240352562155637,-0.025042217197595796,-0.4652235962133123,0.09555715888335022,-0.4827999974346194,-0.26091554724649973,5.658745842175733,6.33739146141954,-0.9101724298513506,0.07747068864384472,0.0270712313119179,-0.5761150133990507,0.5340931740869238,-0.01345650774293031,0.3543393217847557,-0.518567874746265,-0.11862635789213595,0.13106875264627663,0.93584280247803,-0.07646296443018316,-0.06788171794386581,0.6920476267255118,0.8074739090078155,-0.016179424288436217,0.8929539585278506,0.3575746816125498,-0.5012353950443483,0.8380024457602859,0.32722967493629473,-1.2615817502456959,0.6479701690920019,-1.0791318735934141,1.7393897678041537,0.6249391291430074
2022-12-02 00:00:00,0.5005723959107833,-0.479670445361892,-0.20304522310863188,0.8794714209925482,0.6340628283878015,-0.31729242780100875,-0.6052844487184765,0.4762184393696754,0.3001873786377326,-0.7442938205942594,0.014754200137733521,0.1592113098135887,0.45770187719027333,0.3589553556341417,0.3108392465064804,-0.41726810987776547,0.5407778477628896,0.7070460208602141,0.25180938657936425,-0.08051724875193235,-0.6774038111283832,0.8391108180584147,1.0959307712171695,-0.4719726986003119,0.30692519243179345,0.8890371990496565,-0.19388664916422413,-1.0135801687490282,0.9399270179954974,-0.24935785276422595,-3.2389306618050204,0.9570444685026097,-0.02371000179827547,-5.529291901568649,0.37814060545387934,-6.4828469154877775,1.8300152430138226,0.41894924380498877
2022-12-02 06:00:00,0.5584959935064722,-0.3327228984668181,-0.01847259274386437,0.9206598882754543,0.6799926539259555,-0.4980387930275911,-0.5237719868753329,0.5755629845935164,0.9336743571093342,-0.6520171030219383,-0.6711259188566199,-0.6866817333265312,0.7950781923927475,0.4911456300684151,0.6507749955576834,-0.7727311645224934,0.572291515331854,1.3649930580537326,0.1323442604285072,0.5339177076501025,-0.5854537437431635,2.045193981513542,0.6267240315269215,-1.792596595842774,1.8269880141386712,1.0666443026927122,-0.6874150526908335,2.416041757681151,0.9153001929569999,-0.909183184465526,1.9563477474352415,0.8861897696401148,-1.214087461934756,4.557019135404411,-0.672295241356141,3.0851502469818524,1.3575288412589195,-0.5699465357773986
2022-12-02 12:00:00,0.9753832260761287,-0.34302580524893644,0.23588799469809366,1.501969714098233,0.3796555376325903,-0.9096147286668904,0.6165801225033327,0.942631195655359,1.6224420272738804,-0.8885644595093507,-0.6541539995726401,-0.6663891852465199,0.973950529789479,0.4975362795271411,0.8999523434041784,-0.18649427948003702,0.307065322932849,1.0017210460744181,-0.22724747169848583,-0.1500389414635242,-0.9755912304681135,-0.16458445875309077,-0.7113172431639783,-5.012987687728373,-0.0007130461460731628,0.3989920721844065,-5.373858466357454,-0.02395441681380389,-0.5824548927466977,-6.907895601627717,-0.30808351275289225,-0.16343729276328978,-7.35648272242039,0.9541192707209893,-3.2691353596203725,0.32651517470439423,-0.3694098268001625,-3.486148979179687
2022-12-02 18:00:00,0.9322951603929542,0.034397079114142165,0.5575084859917853,1.2745968597220882,0.4374300704694882,-0.6914284978761622,0.4449787070458365,0.9292189268673258,3.185764439703756,-1.413584279223484,0.6481051453785468,1.0803901139809402,1.0380580146751714,0.588031043939642,0.7159923721131511,-0.1352368269336935,0.15354017072744483,0.4880270978863166,-0.29283524207829364,-1.1663970831621495,-0.6546137312678918,,,,-0.2654091847322093,-1.5603401311552048,-12.075118099665783,-0.3818712537116745,-1.6323402864897678,-9.911499521655655,-0.5618271636334468,-1.2032302465799394,-11.353321063244975,-0.27908566448680244,-4.458660762784296,,,
2022-12-03 00:00:00,-0.04370977863530118,0.0735269041927952,0.48008835070400036,1.008943453996867,0.32085263625977184,0.2391525762025013,-0.8106079190414799,0.002773947140521694,4.388213243781226,0.19266112711089678,-0.4163397615053484,-0.34036527776377035,0.3542850522026079,0.18614723419237883,0.2611379894308245,-0.1856339969605949,0.42304103478448735,0.055960148520840206,0.15960817228213237,-0.4142444715488647,0.3444499549742824,0.5971524963179794,-0.36519318802235834,-2.902773416289332,1.362376000852258,-0.22403624844987677,-3.5881262107670264,1.481939784366155,-0.1398522579366194,-2.762754829856249,2.2246095493699776,-0.07977127286576212,-3.3686592052112156,2.771036213529669,-1.479999493191327,1.5205239526495034,0.3161286792299777,-1.461728476417897
2022-12-03 06:00:00,-0.5779655035978346,0.05178386934492768,0.07623838028582182,0.17990694754568406,-0.8354009543323275,0.9359710961776003,0.5180338122520227,-0.4605706603300814,-0.02752850720841174,-0.2771215542455101,-0.6950560454578326,-0.6954903638743904,-1.1400606032432015,-1.4282701787492889,-0.3655591938814651,-0.3916294785760722,0.790323441918613,-0.6840010106354466,0.6641126137959764,3.4419962581531314,1.3384857216956525,-1.1831695090465215,0.4087937318024875,-0.0029563825450766657,-1.0225258352368414,0.1266286769808691,0.6849073987682875,-1.1908561125428219,0.3291845135448356,0.6390372565952361,-0.7345675680841097,0.2306168042879591,0.6952266271484588,-0.30533156353127994,0.7386106624521386,0.12534323642600134,1.0982781960055177,0.7339350349294073
2022-12-03 12:00:00,-0.43641499967317743,-0.056970878810402734,-0.012748024349611236,0.2534867289399547,-0.8149656059207487,1.175049822845658,0.7891278383233962,-0.347515662224621,-0.534819881327861,-0.699639462513971,-0.6425098163107398,-0.6496295162506466,-0.14600992075870436,-0.9386110908475692,0.6263283457125852,-0.8021113247727719,1.049320726044981,1.0156439388782306,0.8644245884651355,2.509960191167898,1.6970975677095224,-0.7099856622720541,0.5194247796053796,0.046095705546587956,-0.6375448185934827,0.21747249182302214,0.7817545233708946,-0.6614006659137173,0.4003973534041974,0.7315571051013132,-0.5352353942304399,0.294114210087312,0.6768820025459127,-0.5261291196015193,0.6482325871427149,-0.34171412063813456,1.1493576123511653,0.7800960746312142
2022-12-03 18:00:00,0.43295827590085467,0.3892257004269975,0.708665168568287,0.7303600440192177,-0.14507274504039408,1.3296957256253148,0.9834251132362475,0.4329640582504186,-0.9584215863250894,0.9091328530356649,0.6313160203730056,1.271621903671003,0.7341680183905818,0.11795694081411835,0.37710788898801256,-0.9393898970897834,1.2217590771194649,2.751086011569339,1.0906991206640129,-0.41645267614529924,1.6171585716554377,-0.3858971968572845,-1.0412389826624064,-4.997266374187659,-0.5133173629070966,-1.1332416967549623,-8.43827250274504,-0.6945585501254286,-0.8547392654044527,-5.442171822023056,-0.40202309959401417,-0.8186050446989852,-9.0070733973008,0.1461837287492162,-0.8773008799626831,0.36040470965925847,0.8009648736972138,-1.115298628654685
2022-12-04 00:00:00,0.9505116701820019,0.3647430101081001,0.7497827787149952,0.8805700554076944,0.15535614576108023,1.0843228230540232,1.2159030884442215,0.9610383449325228,-0.5981684708351681,-0.2567693756262794,-0.38342216760631603,-0.30308764459185444,0.9312787140710573,0.3758751859736263,0.9109349092379682,-1.031964366461135,1.3422544336750366,0.6519634281840543,1.0538926180537698,0.4859684944442946,1.173089306966824,-1.935953486747475,-0.14218733458036342,-2.905981924353173,-0.5222766552086955,0.9752458159154256,0.5854418278611694,-0.5433689297401105,1.6112509182122194,-0.27522071012872784,-0.4160120859948736,1.038227665754769,-0.6305027180579343,-0.94227911411502,0.4351885324939534,-0.44539842399146184,2.890359657684107,0.3502855376410713
2022-12-04 06:00:00,1.106195350770075,0.1467729194056691,0.46799620306690093,0.8019759427524361,0.22331396802733733,1.1764449133579138,1.4090685524948217,1.180924104654786,-0.7132304118432822,-0.7326131354094035,-0.6588868071210935,-0.6701905598381,0.9348685567258871,0.39824116631795253,0.9323740232149285,-0.8006114174359497,1.4970791922556723,0.9874318427801209,1.1274139786481356,2.25533316741052,1.268937610768078,-0.46707249949229884,1.970721977369917,-0.14115024257921369,-0.5557450161740157,1.7638631222826726,0.30896577585383733,-0.5141726858860849,1.9028672971015639,0.40544116006297964,-0.4792112092528835,1.9382819486089629,0.3194445332853683,-0.47282626353755586,0.5247266514343676,-0.25667713562325883,3.314083654702357,0.6397007798720235
2022-12-04 12:00:00,0.7769650325396478,0.06777795105548916,0.27646932271937896,0.5780965074182213,0.032048747292984035,1.0300076796276851,1.4577351436313137,0.9131947882438772,-0.6594870929770869,-0.5225349772463855,-0.6309974667008716,-0.6347586731962723,0.21895556025603333,-0.12042574006923695,0.39262578362582207,-0.6393896952271745,1.4772946980099193,1.7331577830648859,1.0469166299025385,3.429809506910571,1.1444029349170142,-0.6057442598693135,1.503397332450676,-0.10137626837485203,-0.46316931939304196,1.3239866620945377,1.178191872713894,-0.7779571146820439,1.7199191438098478,0.4933700422766164,-0.15811946530359683,1.451693075467984,0.6643038315390924,-0.16688789400026596,0.5856786164060035,0.23230823791042804,3.1564490839929324,0.6699627211504013
2022-12-04 18:00:00,0.9723891156212483,0.19265031335552868,0.5452421530101638,0.8577195230372107,0.46644243528449,0.7879835136184453,0.591956178082619,1.0808315196875729,-0.5985866211408396,-0.26457489758833586,2.167136817889178,2.7495221628558952,0.5637517432389468,0.5065064542054633,0.4839305959710313,-0.7419290698171955,1.391021962704474,2.017891391430132,0.9439928062745286,-0.5009649750654989,0.7655236589172498,-0.10145670211204268,1.9331081506784815,-0.21590575898051992,-0.224083295458969,1.6120958578024362,1.0500463933660682,-0.0031344142281443384,1.8437175202253258,0.30695186625411486,-0.21238199290977663,1.7663534662596567,0.5129455989524252,-0.30665725500032903,0.5077598966805837,-0.061146279595502416,3.200614833775595,0.5784424885785197
2022-12-05 00:00:00,1.3306883686609332,-0.035239873266123926,0.5497011111221153,1.4291774415746474,0.7751250305697424,0.2167439537659906,0.3744868059395442,1.4363876701312956,0.25510875199072475,-0.23316862256154872,-0.032723365475130585,0.12015333847608575,0.7205547165922102,0.6888445913740955,0.34851167403152317,-0.7951490768148987,1.0981085137196314,0.3813790717801841,0.6452368871539629,0.10387817590804083,-0.038471017652409116,-0.6015117025246457,2.223225593887469,-0.33418337421110694,-0.6626922120387884,2.0142670027995564,-0.12153939080434963,-0.6419063174689528,2.118566906356128,0.10976545243419035,-0.9446533608408326,2.210835886161979,0.027735307788760797,-1.3985659104125894,0.48721831873176086,-1.549366070213968,3.6115632142245633,0.5055773890971064
2022-12-05 06:00:00,1.422371210525475,0.05233128088785461,0.6022018849228705,1.3280710707592893,0.6849187586556805,0.024170398406227558,0.6919868007762211,1.479278424674337,0.21763751176548823,-0.35934270884928043,-0.670413337543854,-0.681348027594889,0.8571109841426061,0.6631120195279365,0.573733551614948,-0.7193100727134807,0.7837114945837509,-0.45165102962096104,0.4962915693193596,0.4046748080884031,-0.14364450906325996,-0.9712822284065453,1.8438754148594039,-1.115315164043677,-0.949420296333175,2.041192281974778,-0.6138755674200186,-0.7402362305260126,1.7548474145179485,-1.2074731198415232,-0.853397256292565,2.1192746566069722,-0.5701819924642153,-0.06260671566753345,-0.1940754470925456,0.14687950931985874,2.7048519491796577,-0.5982849104946917
2022-12-05 12:00:00,1.6187208043654915,0.397742008326865,1.0162010940430348,1.3815002693589264,0.5805158565729335,-0.36198901845094955,1.1802124203244835,1.6726726033298032,0.27228364919348386,-0.30061760416988215,-0.6453908006640382,-0.6535560987303167,1.0323835807966928,0.6865202038300927,0.8063605428580469,-0.5142113037889803,0.5103295385142235,0.18546121996383474,0.2271715195998314,0.7585413041621317,-0.5627391196792602,-0.3729841734564525,1.4620945694466985,-2.024287145563839,-0.33282716385384264,2.198708030510834,-1.1750301630244753,-0.4856653334000641,1.2883605717774869,-2.8719418912496106,-0.6496057029590443,1.88147413107237,-1.967940109047427,0.4543620733778603,-1.4298532172028915,-0.8163451149866489,1.5149881631204531,-1.934289830385412
2022-12-05 18:00:00,0.9494624917778292,0.4461980250775077,0.9764210309192094,1.175123120439565,0.8445725974235081,-0.3909673522332243,-0.29139579731704557,1.0286564036044692,2.673169166256459,-0.09961185646348203,1.549032229866512,2.220567252152871,1.0007662727197824,0.8599252790386536,0.3901197439040391,-0.9281167495379453,0.4667942054025886,-0.32396593322705824,0.10105822060895664,-0.9225184274320983,-0.6060426745762284,0.8095530107818153,1.635507616888058,-1.3671186488962097,1.365117734867641,1.9066810839264448,-0.6249734268329862,2.5328673501432073,1.7279653833642326,-0.8412124475314706,2.7647507114295244,1.857680663116889,-0.8851883008762282,3.9805765969136395,-0.9102637839223855,10.631535290453463,1.2098781132636618,-1.673347398524553
2022-12-06 00:00:00,0.6510044758283932,0.33998923187257013,0.995309688700703,1.4781926167620392,0.7806355163235283,-0.6642636546106271,-0.5779598892258645,0.7144100842966675,0.6365096381836144,-0.9379720134059273,-0.23811529675070073,-0.12310091878884952,0.8223607414635412,0.6453858337278723,0.5116035158819792,-0.624038207850052,0.26673190338811653,-0.4112945225000274,-0.13604881518175435,-0.12160695138477007,-0.8529427845100174,1.589637939133448,1.400237886540791,-0.5506247468569581,1.0530270598427762,1.2038726374510447,-0.42392046873901557,1.4547628516771915,1.2308695522121356,-0.3798432854919931,1.898475771378461,1.3187409515560107,-0.3673873950876099,3.656876214089312,0.312932815669611,3.110765731470257,2.297839278189217,0.23775942187032872
2022-12-06 06:00:00,0.47479507358044387,0.45927172300320757,1.1921666917046663,1.6144189689092543,0.6180226140902082,-0.7421994068542525,-0.5232550956152677,0.5288573419294771,1.7000300716971541,-0.7337859161811802,-0.6683886003762618,-0.6858857528348307,0.8891253933152823,0.5244003928851393,0.7577265113775493,-0.5158723187350891,0.08133819285227518,0.143244982049274,-0.2817596327955174,0.8637974262111853,-0.6867702159681809,1.69923347767759,0.4516315075493466,-2.142106576688507,1.9526723689567504,1.0349308894291607,-0.5875046705302538,2.795182697725433,0.687912472809187,-1.7805983815174697,4.331541366128893,0.9632115915084684,-1.2489320342033599,6.692957747128621,-1.1499343298365559,7.097457848871123,1.12899702498832,-1.0805093622424773
2022-12-06 12:00:00,1.0529041083095056,0.5748857816026113,1.4386398489033654,1.8681254250998718,0.2686944728761514,-0.7692139331876214,1.029956366158089,1.0145526931445077,0.1686931432169343,0.0006746273245813775,-0.6534805758121927,-0.6577888645691427,1.013592512111693,0.4639220922666545,0.9745998920081227,-0.307509305181603,-0.06168050947751878,-0.6213839627437628,-0.3905004244215812,0.3597465374329893,-0.6830689752015515,-0.19049977806878013,-1.0384158231038165,-5.50089992581092,0.27844733208537487,-0.2929123980948461,-6.586469855132699,0.2143643533614501,-0.8766312573322941,-7.474926816157662,0.5031342305854274,-0.6401152593579428,-8.972246934229204,0.11714462313684272,-3.206906438095613,-0.24340696127107853,-0.4479672429162216,-3.6026830442820117
2022-12-06 18:00:00,0.8457748214679789,0.27254329121761295,0.7454790867521675,1.0984216648441079,0.207494748624231,-0.39560739628956426,0.7979316395175934,0.7960119759389088,1.8660133108949437,1.2463919470139373,1.0980383080252814,1.995117010862235,0.9249901467861692,0.45098387534388573,0.11713729713443838,-0.16494003689289888,-0.017079930337959917,-0.39764807432238025,-0.23694109691477103,-0.8037126962897277,-0.38576328637535995,-0.14988112816534846,-0.9984285712742612,-5.335323052765997,0.0422295125804898,-0.37206935483977804,-7.388940947546149,0.3561473664602997,-0.6901782599117006,-6.8607053608025295,0.533180806458612,-0.3596461346092879,-7.86323438012289,2.5330507608853408,-2.5816480319351993,1.5641654477471543,-0.11067307955970669,-3.088696294649383
2022-12-07 00:00:00,0.5309521637098887,0.4604001273142128,0.9591207999410821,1.1023069022052756,0.1766685762820139,-0.18210437808176508,0.3890595478789896,0.5161942853182475,1.5180908695136868,0.21665448160599882,-0.20365743340031647,-0.05689916409269793,0.7810420897997747,0.31011293396932976,0.7235986845516686,-0.11841457450494682,0.02520064276632355,-0.48107263826147123,-0.12414136319149725,-0.2576489370204507,-0.14918877392741883,0.6144610356705278,0.10334654142174547,-2.485129020765865,0.41953751851340515,0.14742385741875477,-4.612589796572143,0.6882083956436016,0.2308497170918767,-2.809418981122059,1.1944187643089867,0.27794751072368323,-4.58589648772968,1.9006136495665857,-0.9015626079277763,1.6742228753598527,0.6774554301744664,-1.3053880326504161
2022-12-07 06:00:00,0.7288541344333863,0.10499738641358489,0.6483784692152387,1.2991782779371792,-0.07779774076344101,0.14117855647767175,1.4098242451696112,0.7146754416477469,-1.1977575112675185,0.37046063118852185,-0.6592981578337866,-0.668009621305416,0.7979173347953915,0.11478799966507647,0.9939399589835795,-0.09483276543448882,0.25235118778195875,-0.7208533804719132,0.07100961547628912,1.7438418753343514,0.36983293088908986,-0.7549997306350903,-1.5894788363853267,-6.424950089530215,-0.617701455238629,-1.8066082660910956,-10.84719662696003,-0.06469937041343268,-0.6640959924357425,-6.410441921221783,-0.6323832364233637,-0.9929511973040733,-9.66505541180649,-1.4993475596170336,-2.679522458575792,-0.3508114745686213,-0.2643625692978617,-3.1056597965521644
2022-12-07 12:00:00,0.636834878414996,-0.17408387675928663,0.2956231673501262,1.216108514541746,-0.12689144738696964,0.2732310064468281,1.3645894383535238,0.6237334498644369,-1.0241710841878127,-0.055781139991449735,-0.6264731727333518,-0.6279214058719228,0.8681047172386447,0.06705088649720965,1.138848727092232,-0.1365515815010668,0.41260995280756535,-0.041418649677595364,0.21595258596710118,1.1633531830050379,0.5592228180667705,,,,,,,,,,,,,,,,,
2022-12-07 18:00:00,0.9231684374370532,0.05863652039581048,0.5819661973059643,1.2683037973239706,0.31730741585449723,0.4007412452325473,0.6322411270876768,0.8657627243763389,-0.5642625830759339,1.3988252963579075,2.3468681985053172,3.7249633548542285,0.8005700683532707,0.6137144813698182,-0.48031230904481964,-0.02238446187607361,0.5666627418445482,-0.14835562972554608,0.3416729061247983,-0.710444388078689,0.592969090968466,-0.25334677265023486,-0.7383515357712618,-4.48764673428914,-0.2705983478564257,0.159827287095467,-2.278578000056651,-0.15939980169905552,0.9760074105671557,-1.7975515101182775,-0.9072192939536485,-0.342632453001578,-7.775098211802898,0.07136014016090766,0.102290050973024,-2.1876547073500374,1.9313347225295057,-0.4260218359119086
2022-12-08 00:00:00,1.348925835876216,0.14138091386082752,0.8059726802910981,1.5539269190004035,0.48220152764096585,0.17372211197982795,1.0374527845370052,1.3889198792812432,-0.8270104114912799,-0.3890872946641639,0.05924012297449968,0.28015585270442445,0.7788526018996148,0.5996252536851182,0.4407852711007557,0.6344153405333806,0.3127023786485258,-0.4602291905027917,0.2120644262619712,0.3213738175495574,0.33039427933098603,-0.44029656853235427,1.9670824596539576,-0.750134137818498,0.49014382844786525,1.7857959770213967,0.012196106368647723,-0.513057244275089,1.9643403580665193,-0.34792788411065323,-0.38685279327072536,2.476873831376635,-0.1990527383480574,-0.5617493243961765,0.3849871899368988,-0.15148721347357025,3.220212589917755,0.19000250694497656
2022-12-08 06:00:00,1.0555346759008637,0.17963922737385607,0.7254305970248729,1.2835985122559128,0.26182460348871656,0.04942562681213937,1.1129055612994931,1.07686622707316,0.16288041805294703,-0.8362994770941853,-0.6636232690431952,-0.6747210012780334,0.8428729322239915,0.38842145515152005,0.8086701712863086,0.9039429574827331,0.14371085384694154,-0.09868330796216786,0.08021255535191024,0.6954929356726238,0.43301984749649947,-0.5525000131582518,0.9849727896817682,-2.1016657969719903,-0.5739495193748345,0.7474411003929803,-3.07767386207007,-0.4684292383157989,0.8944780889821834,-2.730882079003093,-0.4639332313169554,0.8417840671165928,-3.1140343291775685,-0.25221228544032165,-1.1395417375912698,-0.022202999956051246,1.8355642009288715,-1.0772344054476477
2022-12-08 12:00:00,0.04382325478836915,0.19417996149155728,0.697536776416477,1.1867949245504334,-0.31202114897581873,0.2367233893163192,0.5692590376977511,0.04152985993501429,2.311572070542092,-0.3714484729866513,-0.6312034408531223,-0.6356894781258583,0.5880272743146059,-0.11142971360181309,0.9084650417329493,0.748255790838029,0.13929423930040222,3.300531085978217,-0.1870535975746656,0.14060900393100717,0.5572104789101101,-0.1865270044500151,-1.1059115692876174,-5.220516570742875,-0.08272275751606144,-0.7536014136816026,-6.106280526692255,0.004629398618387249,-0.8988341188261234,-6.416126529460944,-0.3487330425018703,-0.7498315088115922,-8.15356849035962,0.0416442114047286,-2.94029718318597,-0.254136059664038,-0.742410145990174,-3.7886957970437596
2022-12-08 18:00:00,-0.30185671027875144,-0.025898955732913197,0.29970076811727814,0.8597682460746175,-0.15162482141932732,0.5192465172692174,-0.5672403196511181,-0.320105751228593,3.3373672712109905,2.2234680738586805,3.359144497061382,4.599072939217986,-0.19311702680605303,-0.08367363832256959,-0.623761668082817,0.6415881729541499,0.318446013500499,1.3779880919140326,-0.00533052735072973,-0.7943213017535269,0.8950043491980086,0.9402642693615447,-0.37847904077569355,-2.478258413255816,1.427766735633384,-0.07188949315560098,-0.9875145015153678,1.7510496841459753,-0.14006258432684107,-1.5597022567351895,2.2520504657017613,-0.13469921566721546,-2.2170302070864567,4.025619282179945,-1.1951270339859954,3.396567076701049,0.11924027911812222,-1.3450435172643167
2022-12-09 00:00:00,-0.6814265040750803,0.07288653332090414,0.12778985712601232,0.2405600005425892,-0.8344610807410704,0.7578002373176222,0.09296134544465891,-0.5937026808666143,0.49077989261270155,-0.25263064634919224,0.04894568023555788,0.32857327608062514,-1.4538317402147953,-1.465357373099098,-0.9280146087473694,-0.053160751786684425,0.4039476937511641,1.918856866909482,0.22627059914320918,0.4492523099920714,0.9703409845852026,-0.976947003542995,0.06570506703256239,-0.32255192842356734,-0.8068187490953607,-0.15021674652932052,0.7038914300508501,-0.7036055910701036,0.03157402526327934,0.5498000479158585,-0.2966995056615412,-0.0009068886356326186,0.4451712730226341,0.9281180826195379,0.6437890771225953,0.9016157208833178,0.6775738810767665,0.7009561669483476
2022-12-09 06:00:00,-1.2591913434446491,0.4398074585258344,-0.3444972755457376,-1.696042762297924,-1.9248208390283665,0.7532499525589913,0.6382478620283633,-1.0813290114487002,-0.27338790685498365,-1.4379755381494574,-0.6924540733429528,-0.6969567964120592,-1.7531505013047186,-2.4501343374988678,-0.2892304806490997,-0.463096334324966,0.6174313672734175,0.9152919312906767,0.4254835528466949,4.909994803462582,1.0926028919152853,-0.9456199980312628,0.14245574063820024,0.49456320027011785,-0.6904482128736275,-0.6799562383298576,5.945700875508266,-0.5335932221605825,-0.4738612574550445,1.1003692466997532,-0.3716985900241449,-0.6948505181148872,1.3058991357607186,0.04143858673738528,0.8725438842268195,-0.14106763421160573,0.08049625614465687,0.9264195291430738
2022-12-09 12:00:00,-1.2903833154778255,0.09454087529789733,-0.44145692167806444,-1.0569251330784155,-1.9997265794449381,0.38551442510697415,0.6104073075651215,-1.1184652951950318,-0.36022502812496726,-1.337648200671813,-0.6623708645969268,-0.6588769552129458,-1.5340399260896003,-2.389223922399975,-0.035403353348068156,-0.6686200161497392,0.5323176995505563,0.11899775512413038,0.2984061004346293,4.097136157211284,0.7511600416821498,-0.9128794288925266,0.5615121941743595,0.6552025505651473,-0.6409557673827447,-1.049120119974892,0.8554630838887257,-0.4182217023956834,-0.5007709138575092,1.0371100003676683,-0.2320588878941146,-0.9208690397146176,1.426772827624775,-0.12429030515825357,0.767020658053021,-0.14278934385467332,-0.03602080834851161,0.9218697479994331
2022-12-09 18:00:00,-0.49327340167669464,0.3444235573960055,0.3722799195257257,0.1056072694539534,-0.6883416512504812,0.13707946303383745,-0.10365921885396136,-0.5409877606896871,-0.8439152616867988,0.22579902625922,1.7879435952393663,2.5884951118514685,0.09844325137510243,-0.5361319708303223,0.28074016954695685,-0.4488826342551375,0.2703261176213818,0.7159653848043377,0.10783302514429272,-0.28845911288214493,0.3339249033246917,-0.1925424985124192,0.1321805673009286,-0.4015730967869542,-0.3586772629959666,-0.09524241337315485,1.3984088639690515,-0.4344232536678247,0.022436070881787517,0.30948807086844504,-0.6867305589512985,-0.06265223892760252,0.20808640763328945,-1.1933950826748339,0.49630068687849105,-1.1484751531549624,0.38251860193932835,0.33243947426505566
2022-12-10 00:00:00,-0.32409424197198955,0.03201314513151471,0.28968554531991664,0.6951355688464986,-0.3348908913650737,-0.03571216008364359,-0.07943010298351788,-0.25093899018136884,0.29632474959352473,0.26607316194341163,0.14508096773274373,0.46962167387573855,-1.1280487785375555,-0.9225174836420482,-0.9976164404552211,0.5294684493924743,-0.0604762315194219,-0.095291201047682,-0.09737166132689261,0.5847959040738805,0.05009336133408896,-1.260059066019123,0.21165720437114022,0.08461258595005457,-1.084987983966981,0.24858144665408494,0.4716481562495249,-1.1465919189565905,0.5888492272267354,0.42681605153237884,-1.0805173452936052,0.5110171430371993,0.4337471549173706,0.06621951953718064,0.6461481503163473,-0.41563794935535187,1.367843319201652,0.6536574965058685
2022-12-10 06:00:00,-0.8224480077338792,0.5758341544028487,0.15364815157874978,-0.942610782288964,-1.1695805314929182,0.4155480876037481,0.5289827876472301,-0.6854568749797935,-0.23167797683997357,0.14885464437199342,-0.6958139896766323,-0.7013721000930472,-1.414561552968291,-1.882476005507021,-0.32982670899701644,0.19289780005082316,-0.10609064540311086,-0.8079611468675921,0.1691414126268148,4.348843440639993,0.5875652114490627,-1.1339049539509525,-0.7211242844345566,0.9284649696820924,-0.9344740473832999,-0.2370764836018225,0.9050566680394103,-0.7933474117292982,0.03633760867954738,0.7598572774057191,-0.4710832416080312,-0.08852700982384193,0.7751549505585396,-0.5555306013445293,0.7200971051311053,-0.8211964317635327,0.6557139082410014,0.7930635059411443
2022-12-10 12:00:00,-1.1977956254542896,0.15817855465720984,-0.4801048307786406,-1.298248275047553,-1.7660036203899567,0.49691786924457515,0.6441400615480071,-1.0067371067005,-0.3329396539228926,-0.8496434735524324,-0.6413034931577674,-0.6467835501634418,-1.563768583824143,-2.2704312422625583,-0.16367257631322782,-0.23690855463516752,-0.04401869424011714,-1.0185042174049304,0.3582497380091788,6.52117082344768,0.7637079542363872,-1.0812901678664713,0.8072307076526148,1.3803612472865374,-0.6942853570641158,-0.7527611885424087,1.9300396945380516,-0.544871690135256,-0.3322848877671086,0.9932801949187824,-0.17575817780335634,-0.4757404425674231,0.9768526051528085,-0.009053578576102667,0.7491574057659096,-0.09299111757934238,0.19899042397169217,0.8608272813811823
2022-12-10 18:00:00,-0.7232164172972476,0.3058135413845685,-0.09113560098344942,-0.8120376319219053,-0.41658825047868164,0.574389680861631,-0.9117188702594722,-0.6803278624336799,-0.8496304918824295,0.16649931974843585,5.264180263867792,6.431011365525557,-1.2404075697700954,-0.6182438512420517,-0.7414966520862574,-0.3511455691751537,0.07899336488171971,-0.0922992808217913,0.4886433501750364,0.0,0.7650976850305188,-0.3824272424122095,-0.010428530588619268,0.1016212331770569,-0.5221698037277581,-0.2938995669621313,0.588675204816486,-0.5156429815763325,-0.10979518197740629,0.6524743492379084,-0.8723801821049183,-0.18362897744580364,0.569276492442608,-1.3209568598974548,0.7006278964954165,-0.9929851440423431,0.2625483802353402,0.7436548498991983
2022-12-11 00:00:00,-0.41208143546478343,0.35939001281781846,0.1635144579554097,-0.3875475587676822,-0.5017908420711481,0.382524026533766,0.10099401789923278,-0.352379348816778,-0.4568513307803566,1.5530447141896653,0.3122993932347499,0.6379950207455547,-0.9126929207544078,-1.022664875809224,-0.5357868236274851,-0.5122760314934948,0.27699085426417774,-0.11810912786469607,0.48247946024633886,1.7017622888266126,0.4288625866090895,-1.056003545697917,0.30690921375578745,-0.06918464620796519,-0.9831282837299464,0.031642525804643946,0.4936551151851484,-1.2306784983660959,0.2280201575292055,0.5237975610999941,-0.9118151055510977,0.15167693417543257,0.6202026101195312,-0.9697712780293205,0.6686864791331091,-1.1354454356931596,0.7205256371518008,0.6490407694777548
2022-12-11 06:00:00,-0.6513849406531692,0.3833818926302066,0.02667836540788423,-0.7457442142300639,-0.9779260620721152,0.39389546935290365,0.5579729076787266,-0.5487418331006556,0.11197660178275201,-0.570815758282059,-0.6883691074105206,-0.6965140458561871,-1.110204347843243,-1.5936772365712215,-0.15607762040031203,-1.021624425014976,0.5931789382026856,-0.5744334871798462,0.5411657659431245,4.2832791779478905,0.4498857069114431,-1.2708787837046736,0.20391763661008888,0.01228959359325469,-0.9997200718315324,-0.10163960569334304,0.6853392015150156,-0.9117436661439301,0.11529705963568554,0.6508965949928046,-0.8655304862205886,0.0018042024708948246,0.6170714865720424,-0.5331986335572834,0.6291613527245379,-0.45460589816358543,0.6959397401253123,0.7145289725205584
2022-12-11 12:00:00,-0.764207931493199,0.11680014563138646,-0.13712471302614024,-0.44666094798516126,-1.141903987823851,0.18158719743964932,0.6165585218521072,-0.6509214075132603,-0.31558392265245416,-1.1413746858279363,-0.6393205381677856,-0.6422463723150339,-1.0676915048490119,-1.641957776427236,-0.04038914201500259,-0.9977894275518678,0.5971989914475103,-0.8519922684493632,0.4242562580515226,4.869693702017939,0.27221368387730355,-0.9860237162832153,0.1368534371856521,0.01654463555334131,-0.7766400419331344,-0.17968006424601835,0.7002329296981421,-0.6341310696971585,0.03500086825881474,0.6624486438142465,-0.5179284708428401,-0.08272176855140552,0.6019277308316355,-0.03697211460590109,0.6049207323055513,0.26476316104096065,0.5807959205761567,0.7332851550277134
2022-12-11 18:00:00,-0.45036448004722573,-0.171642159589119,-0.06748147009074096,0.41651096754904693,0.2001018477379873,-0.09422809938874288,-1.2728096494039192,-0.43020273071230314,-0.7243953316138724,-0.14515181643378577,5.2600847339686485,6.288739201498366,-1.1019225174325726,-0.19156584796202697,-0.7173016978128167,-0.6459953982949321,0.45914225403710024,-0.8915654024475705,0.30693388870911037,-0.38590524995164094,0.0,-0.31134215243753954,0.3467194184662081,-0.15309462478770938,-0.5279002884821561,0.05506351496016056,0.2407280618744065,-0.5700060598073395,0.20174730485774572,0.39841888133952236,-1.0254848800795098,0.1560998351195638,0.29735298941651334,-0.9775699673862475,0.3618678137639422,-1.082425931821458,0.6034799100728302,0.6198067091332892
2022-12-12 00:00:00,-0.1187004435245659,-0.03644852703258271,0.4387793326852727,1.1897327794218813,0.05362361318113824,-0.6102337941150241,-0.500462616963429,-0.15719922902667163,-0.6038401366794398,-0.44012061141122727,0.16239198959445056,0.39501813734209973,-0.5840855992071919,-0.5533359248044174,-0.4114887069546566,-0.3225044757318347,0.09739888257089782,-0.7533097655764358,0.041991816634659174,1.1938299615876833,-0.6908384314483839,-0.7787006355058398,0.3495735636737913,-0.277792184589311,-0.8975590322646487,0.08625726892028193,0.032644248457072485,-1.7203030637418548,0.2514961237965622,0.17721855594994387,-2.6258290672797844,0.1704311784195693,0.23775686737438106,-3.124283509592061,0.6000891820109165,-3.131077902716122,0.6551413632598857,0.5024129493268462
2022-12-12 06:00:00,0.04501418664463573,-0.05380090247845744,0.5520410781011107,1.4800414839062894,-0.06339708414836197,-0.8946483111597107,-0.08017735975465504,-0.011661732319427118,-0.6831204089685097,-0.6203151581297416,-0.6692492731341593,-0.6865429174598284,0.26901610090691985,-0.29522961433610456,0.6301478639679492,-0.004609878578660114,-0.19072512343147163,-0.8525849294430788,-0.2429417794666228,0.8292380640767263,-0.904172273553,-0.3403606201668295,0.5617009354922158,-0.2866272101683949,-0.5917003790663449,0.27846665136739684,0.002002108460333092,-0.5836997182930647,0.40389112914820197,0.1458856539616827,-0.5757766540925487,0.28852224906448987,0.022342944890038078,-0.16432750672768262,0.41020068528153536,-0.4092032813566187,0.8871774786312986,0.4236324157488688
2022-12-12 12:00:00,-0.04496895806401917,0.08042735254390154,0.7411203440798115,1.5624303869490157,0.3865717397125686,-1.4517071618665078,-0.9520871928993466,-0.028044935029539787,0.5428122638805519,-1.095760489766219,-0.6538689659675384,-0.664227003390839,0.5403733584254395,0.15508738884760648,0.5964831688987178,0.791128928884644,-0.684610135862397,1.6644293346410894,-0.7710274985607661,0.7212318335040252,-1.4400642044793543,1.1323766181170352,0.589857534736513,-0.4239843666870636,0.575710381691552,0.31387986544473717,-0.30760634031539336,0.7019839557581257,0.4629776207937951,-0.053063966024786434,0.4031034381878719,0.3750621243042268,-0.15950365539979708,1.2701324529177784,0.29094602729919683,0.8079781176990389,1.1459825167059254,0.43493798059394445
2022-12-12 18:00:00,0.24891170449225689,0.13325261216441048,0.7413082075993594,1.4326351924079448,0.39632537727033906,-2.0285716836088037,-0.5663953233290877,0.22514325107825744,0.020265575023494912,-0.6569385315276012,1.5821980328568803,2.197316836858649,0.6062227349677362,0.41894496497454264,0.3388672456097746,0.9442509937703875,-1.1422677894020417,1.6714184962073377,-1.259878566320307,-0.8576454994338005,-2.070156572183031,2.8569924551404426,0.7217040433955934,-1.0486328312723923,2.3199332153093426,0.6137893060409543,-0.9306341970188505,2.793831232368862,0.6182820774980665,-0.9459437223565884,2.5428813855064187,0.5634620980186215,-1.3331072267637616,4.022911653905201,-0.0671189707802585,3.4723209499040935,1.2588747131721814,-0.21008847322089783
2022-12-13 00:00:00,0.016129140153494446,-0.4601443818232785,-0.2487920497531751,0.7313613680910038,-0.041096618934754525,-2.3542629854933055,-0.21519836484791793,-0.036800169000945036,1.7238037573586018,0.9104150625839869,-0.31491135828143696,-0.22214458353285152,0.4728521682839857,0.030906499504116173,0.5848478513154048,1.019395865920109,-1.5900038435628052,-0.07718736890014181,-1.7481996349564621,-0.44281962932241137,-2.3787022869269197,1.2894416578808272,-0.37424323162413586,-3.409140931909703,1.400757677448128,-0.4193355756787881,-5.315033947520454,1.9877283743229446,-0.40129229659072596,-4.490187242999082,1.8216068977926907,-0.23833985525654863,-5.368525104160901,3.53363396276963,-1.835038122701486,3.6297894773242447,0.3565179181820893,-1.661614889230871
2022-12-13 06:00:00,-0.635453308913391,-0.6515993388019432,-0.6180302235805651,0.39628289032892183,-0.7323862450763987,-2.1113582504533333,-0.30113794200054816,-0.64730092512032,2.2633424183660633,3.2095369576398554,-0.6666728517351563,-0.6774842010671591,0.08179069878422997,-0.5967300740993822,0.6320355742911415,0.8300591174725359,-1.838018426209172,-0.6079776726111527,-2.1540540339792704,-0.1240086446400674,-2.0568634051047328,0.6403578159752809,-0.5298371111764641,-2.5010297109462636,0.9536414938146387,-0.4546596786349845,-2.0403019083708673,0.8894020842788527,-0.5915224834830423,-2.937461011057309,0.9881286874923493,-0.6004677348352535,-3.3404493986998958,1.6927091058159414,-1.2656717854921429,1.356917225644124,-0.2999873929988485,-1.809479844593691
2022-12-13 12:00:00,-0.5932760499429722,-0.8020116990081338,-0.8204907001233689,0.3245400575238033,-0.8525704293874483,-2.1265468983703397,0.03128378088086728,-0.6212509344659518,1.818623582260636,3.231502188219272,-0.6335284867979301,-0.6380720994504413,0.0857957807920023,-0.6624207742843489,0.7012880762365865,0.8403916846131415,-2.0059262656619627,0.015379772512092145,-2.2050077082482775,-0.11379677245199596,-1.9061533965271327,0.011302814275756289,-0.3375772813921581,-2.039395408981237,0.007832675502760853,-0.25325006923158044,-1.1908612747570135,-0.02681726096377997,-0.627772562088033,-3.4931871354380606,0.18801465789056612,-0.49258640324596703,-3.927950421131625,0.6658304908429914,-2.1834966280043826,0.008564923003715433,-0.5366165461470613,-2.7928782808696537
2022-12-13 18:00:00,-0.7663109611714709,-1.2318772351464744,-1.4345418658903957,0.0420571717095723,-0.7225786849461565,-2.0099450327352644,-0.6912945493946129,-0.773931425258213,4.0499440411043315,2.7493717527977135,2.209378621788348,2.990043816266591,-0.11716208033803631,-0.517040146982736,0.15738974242011264,0.8843338603161891,-2.0033470942105662,0.8292147853074165,-2.1119297711484046,-0.657921454972577,-1.904888940384384,0.28589179342088855,-1.1288129471074897,-4.596862217813773,1.6336752071125076,-0.7101977652700877,-3.811166125089063,1.4698991414900633,-0.9781151120172582,-4.979319803222948,1.5911437526063652,-0.8278819693338275,-6.100546072507117,1.5851924958424204,-2.8308211124623157,0.45724902257247746,-0.7746570743940733,-3.5896755328481764
2022-12-14 00:00:00,-0.6427390724321562,-1.776420040529383,-2.026479538975684,0.09056521532911245,-0.8714676212421619,-1.8115906231399115,0.04608922478692205,-0.6317172596380152,4.875800179725172,3.214028051617938,-0.12421206577319681,0.014728075058503721,0.09160255481957683,-0.6094410180019738,0.6341482890706993,0.7968270508535428,-1.9316223653509226,0.925410719512174,-1.9516889263597499,-0.4704764014196275,-1.6836036794122586,,,,-0.03129914648767607,-1.6774149944468264,-11.535395274314096,-0.21723851265707977,-1.6648171831142344,-9.592815246834439,-0.47924157010249874,-1.232771480232467,-11.382689919960663,,,,,
2022-12-14 06:00:00,-0.6030842835789536,-1.8449612159670532,-2.0864419743477014,0.12845799873612876,-0.8716016465639745,-1.6150726491462641,0.1121895247471508,-0.6095509220196866,4.908351249301413,3.2571237661063788,-0.6636729577699937,-0.6784840781207871,0.09401404499547802,-0.6680354374500125,0.7223954652901682,0.8495899299928289,-1.8381092247375823,0.4827493422391857,-1.7259278984753055,-0.27048689214310884,-1.3167923177006047,-0.2944147571853232,-1.554885560233478,-6.274606645847858,0.4577771220284944,-1.2097480986824296,-8.221839762882823,0.10825641436823373,-1.467597751584805,-8.392687339272022,-0.34421306199261703,-1.1793571351534236,-11.256499266623756,-0.4950276477805754,-4.525221701564718,,,
2022-12-14 12:00:00,-0.6152142523778519,-1.7578135371441808,-1.926815532329758,0.2625226816357479,-0.8408651349996874,-1.4099699655209712,0.024797712900997235,-0.6156770196111448,5.159407645867576,3.037532532563967,-0.6386318663499677,-0.6346299259926058,-0.3189947245049013,-0.7498610984257846,0.191929237099411,1.273739506079305,-1.7859608333476367,0.5795188701559193,-1.574896634887119,-0.05547091582205872,-1.0890875971346392,-0.2589629064266463,-1.5074129820693594,-6.095479822384768,0.6134688355284769,-0.996805188829364,-6.688838504511585,0.22219723249927267,-1.3086877378468507,-7.339511666544178,-0.3719946957920605,-1.2098980822628254,-11.382633091040152,-0.3669538225144918,-4.310561791614788,,,
2022-12-14 18:00:00,-0.6814135736246679,-1.6854601362703847,-1.799978459221111,0.36139045977643164,-0.5929823465206127,-1.0475320537270107,-0.6725868585188799,-0.6860460620227776,5.907904343604028,3.2428315339655267,4.639786045841789,5.754146272818406,-0.9473120658225166,-0.42275165305698476,-0.6707735598275867,0.7921275460680595,-1.558245021686105,-0.8384339731806685,-1.2805745738216796,-0.5245041254629506,-0.8297942980098546,0.6768252274873765,-1.3197071792123347,-5.3873506962558215,3.124320181793283,-0.5391989112482984,-2.996057102929834,3.794031574709137,-0.6350883710665614,-3.001837745796175,4.850358576324195,-0.5815307883902074,-5.574130387102104,2.0350209087353828,-3.1760865315729077,2.5605257094463374,-0.5315296769730868,-2.6530147924176726
2022-12-15 00:00:00,-0.6900397460647991,-1.583782306651238,-1.7862357032314147,0.1408062665759178,-0.7991696868990269,-0.832690944529944,-0.2061236273285529,-0.6614380963325494,2.4426514319626653,0.6618235774942851,0.045810781081884494,0.2845827576283765,-1.0819391297260859,-0.9793071182311708,-0.782462292189515,-0.13331526759814355,-1.196702295275592,0.07941650904772163,-1.1411652986161527,-0.06051792405047935,-0.6910429887807068,0.06958494846843759,-0.07800216666582808,-0.6263709325276273,-0.13092238194270747,-0.25352432207407655,0.3640486221419812,-0.05594791647807558,-0.14861910047516846,0.06501193151346472,0.2973506029823934,-0.3045833701547776,0.34189443411380677,0.6315608015569936,-0.10140194280618364,1.003700353539007,0.06724743858849777,-0.42401821157388286
2022-12-15 06:00:00,-1.010981189069175,-1.3794726289748338,-2.010591045895699,-0.853121465340536,-1.281372338160249,-0.6997894351425712,0.04959526212557753,-0.8811663155651513,1.5923360467236134,0.9098725044196507,-0.6961482907164782,-0.6871657638966958,-1.6142184733164513,-1.8259095683355995,-0.6882173421620849,-0.11897425555586079,-0.8968197543496184,3.7375490355054324,-1.0417533754031254,1.0388057670000934,-0.32701037435233765,-0.9047709731205814,-0.19554025472127318,0.13043280051835202,-0.863422326447968,-0.5555996204925475,0.9988989882259169,-0.8879320397811866,-0.36228526791979737,0.8592148369696625,-1.0324332883325396,-0.5591773413304734,0.9201918146907012,-0.8350879953259883,0.8092176252346496,-0.5148795472777373,-0.048204907622340816,0.8716169526820056
2022-12-15 12:00:00,-1.072349004964912,-1.3972981941877314,-2.0816103908282257,-0.9643998123627191,-1.448127724830999,-0.7433051475988997,-0.033714086028406545,-0.986243602695369,0.527685239175468,-0.7800220134267649,-0.658205232813046,-0.6489899730779433,-1.3836545023146767,-1.841351860825521,-0.3325730382176415,0.6541307256194104,-0.9887834834060509,-0.4191376943412428,-1.0800909057460053,1.2929418231323886,-0.18600869752500032,-0.7105851049080334,-0.26930204128882157,0.19068186757827596,-0.702773552291153,-0.7827454562855003,1.9045769192862927,-0.731859802829239,-0.48763202839393277,0.932453515096392,-0.6966965478012734,-0.7514427572834793,1.178701220605714,-0.33798391719179355,0.6923509675148917,-0.3333687606257426,-0.24672327751699796,0.91459470935883
2022-12-15 18:00:00,-0.858414575096626,-1.4144577478060372,-2.0340802137033305,-0.8182252453366117,-0.9258169484851275,-0.8383667797149382,-0.46874493487591384,-0.8337980938440487,2.399373196383958,2.4788787967263604,2.6161019634759923,3.4674156637932385,-0.33448485348019263,-0.7460302316846013,0.10873363323438179,0.8234486911352961,-1.0451651279187157,0.9792281333318709,-1.2179745689474388,-0.6377088008658771,-0.3696740082301222,0.8204987970793842,-0.50113642508352,-1.802414181421167,1.3166643576218995,-0.4444710061235577,-0.2786448004348406,1.4488577257074087,-0.4838944901487199,-1.0069109395927842,1.3687552907827456,-0.5639075445473091,-1.5597430640552834,0.8872951308495153,-0.9807819477183011,0.6139513976966732,-0.3867338575776159,-1.3760827438947423
2022-12-16 00:00:00,-0.8446286362902449,-1.6348180385545117,-2.317925859065201,-0.89542807471848,-1.0186892225554662,-0.8674535388552254,-0.31741185736438454,-0.8313310820593666,2.4610518389179408,2.5262667171742605,0.028111263225497958,0.21585193832773047,-0.35338536624226896,-0.8480070079112914,0.20488326344178862,0.8420293088945496,-1.1636960290086045,3.666856258490122,-1.4916504914625037,-0.14643274718821625,-0.4516497443446479,0.47741342204662957,-0.7578935395540686,-2.751088780053285,0.873450842602967,-0.5508176635442517,-1.2103218112715208,0.8418241413823434,-0.8619580911208988,-3.5073648006531064,1.4012750905442772,-0.7348955691757828,-4.225232983661376,1.5189209366670682,-1.8927240148254953,0.3466561013481645,-0.6989069406726706,-3.0339815392285527
2022-12-16 06:00:00,-1.1067808944964022,-1.8080405169092266,-2.594774381317461,-1.073525557136914,-1.4790909272226518,-0.7256282190178114,-0.3337402931797427,-1.0698748865316052,2.8205780195059287,1.2331378752248159,-0.6796390682132505,-0.6764593949617927,-0.8840521951105371,-1.3929483731873717,-0.03418530519526038,0.8263823202559443,-1.3051163591483257,8.486581794137944,-1.6551867779515732,0.4989543438096973,-0.052680038318870755,0.06777160617258723,-0.8571798923704752,-2.4117093953665383,0.2186151395921188,-0.7309483375580077,0.20710817541259274,0.33446979635652935,-0.8090224629370015,-1.377936999439846,0.5341745351732139,-0.9142964860301126,-1.9588139093176797,0.6291380463173464,-1.0988450857226797,0.2949307518237981,-0.6746338346150237,-1.9014915607468985
2022-12-16 12:00:00,-1.2619124584069206,-1.7314272933918688,-2.3894306228707665,-0.8135781866457166,-1.8239537885573827,-0.5228502681662003,-0.30768888527247473,-1.2054422638001312,1.957400904290871,-0.38190723239506197,-0.6509152615053487,-0.6314543150956824,-1.6654242905177612,-1.9277341438749547,-0.6657522034231809,1.046747461411961,-1.3031317896840688,1.3144403797088409,-1.5401101717550145,0.5536748085043295,0.24733750230438423,-0.5858137437763844,-0.8172702256493024,-1.174376678346333,-0.6398551718937134,-0.9893290165373103,0.08736907326720318,-0.6835304506113642,-0.9865087113837814,-1.3106117740182108,-0.521932530599003,-0.9631805663855932,-1.7087959492642926,-0.43775110516485405,-1.0897445258970426,-0.17266639025317299,-0.8018846908153034,-1.3133493712672815
2022-12-16 18:00:00,-1.4338203883948424,-2.12422446824818,-2.4603974751571354,-0.000497038351816666,-1.178753118129376,-0.33318233084954063,-1.9677548049196032,-1.3512343719612967,1.3698511838348633,0.1058458480811767,5.156173063311475,6.472080530176051,-1.905834151695942,-1.2288074534218705,-1.4064153794209668,0.8578345031865304,-1.126743393720559,1.989313562265955,-1.1779995885132246,-0.44190056410554657,0.4418758490708751,1.088108314169185,-0.6769001001076538,-0.08493023237027379,0.6417071990428268,-1.0224653449146168,0.8567184802882629,1.3000531336691326,-0.8283407681041082,0.8456558616297827,1.1362509025443086,-0.9456687342594825,0.6780143254822925,1.676742917074774,0.625488804656855,1.0451080221736198,-0.769191075189006,0.2516881131587005
2022-12-17 00:00:00,-1.257353170319134,-1.6606850277603395,-2.1838125649038505,-0.5385603561418825,-1.4778894958310023,-0.2878315567818429,-0.9442350589476901,-1.2056389562345908,1.3322582895318138,-1.403243143987783,0.29516063621295796,0.6720878005852934,-1.888894196970355,-1.7560359832196768,-1.3357144001630228,1.262116982785853,-1.1430626489151698,1.655521100653866,-1.0623746296229002,0.522089123420902,0.28856200856041214,-0.27108205572779537,-0.5465041643203319,0.09220118809273374,-0.38559434635841006,-0.9103564836938716,0.9022433415172584,-0.3322083337255667,-0.7235862485356934,0.8117644044530334,-0.20323476215519765,-0.9475622241863406,0.9970206453911914,0.0022747208884716192,0.8463622093358283,0.13608027232109654,-0.5814619704838347,0.8747882133338726
2022-12-17 06:00:00,-1.5170276361630635,-2.2212701431012927,-2.3690251204259014,0.43840274217605046,-2.6520566321384993,-0.20238960427700786,0.09136631835789959,-1.4114952263878786,-0.32427282911673855,-1.2817960851579424,-0.685404729285646,-0.687133631184291,-1.9557335877982231,-2.8009879117240875,-0.2561755244972466,-0.7350874184108034,-0.945942100373056,0.5839418590099467,-0.8096824654445851,4.011920864756325,0.39727549416375846,-0.6132331314313785,-0.8737633709410004,0.34703328697661057,-0.6210873119934479,-1.2306079870718194,1.4592412132101993,-0.4796421322931877,-0.9809291868314455,1.2086280836276346,-0.48413092769615046,-0.8407437598184657,1.4165685736318456,-0.528292698931272,0.9913279795604741,-0.35846654254748506,-0.8028537683744752,1.0686679561901455
2022-12-17 12:00:00,-1.531470442946564,-2.9816562315152724,-2.462870820615243,2.107528902168584,-2.7626445519799727,-0.21661093756078878,0.3297784702312155,-1.4161678793856878,-0.518769642972093,-1.557839450119255,-0.6424147759068192,-0.6429134158927716,-1.8804536608055091,-2.851216906840487,-0.08805033526497195,-0.7244388607723553,-0.7089457726653648,0.32570275936531246,-0.6366425044020383,5.551945203035598,0.32005379121705285,-0.6382072654178258,-0.8792687159622445,0.3452228829514691,-0.6014036921014777,-1.284675914803362,1.6410666634412148,-0.41126275116364924,-0.9665055573490378,1.1999215938407448,-0.27313878315213913,-0.8131871221539727,1.274997633589004,-0.28320808845007944,0.8789542449795087,-0.276688221904443,-0.787727394882346,1.075554079336976
2022-12-17 18:00:00,-1.2770373132771908,-2.010962797208564,-2.2234815772968672,0.23811991850526082,-1.446193096479188,-0.11191024642542027,-1.0074845659930285,-1.216038363448958,-0.7937200917371605,-0.0001548337248613568,5.152761545376323,6.369464085117372,-1.6946380866651327,-1.378794612283256,-0.8117575125151127,-0.7139801530882655,-0.46661416817923546,0.09850480272343336,-0.36171368081370475,0.055833089289445546,0.22755944622130247,-0.01772922157358767,-0.5754342431590881,0.187483015789005,-0.18544478143232085,-0.9349935090669445,1.0314114649113126,-0.03221927529907314,-0.7429179455087422,0.9643341720977013,-0.34749132230499263,-0.891861533283258,0.9921345526522776,-0.8309719674578069,0.7931275717752211,-0.6511345902428546,-0.6867702159681809,0.9122395862840971
2022-12-18 00:00:00,-1.137521606111751,-1.2124921305491698,-1.9150273689439097,-1.055843485130272,-1.3109406256403964,-0.19821097144901018,-0.5689550309729077,-1.0592473058788552,-0.9399973557814039,-0.24776015771206883,0.31724100991054044,0.668900329438629,-1.5790620327035167,-1.7214588629171828,-0.8788621866272827,-0.9908406956641832,-0.3038839112380569,0.00921472645778628,-0.23536151856695478,1.5266356756187196,0.04980814191901609,-0.5123615447069906,-0.31826930693259303,0.1038420883716459,-0.5389646477464,-0.6777929069967693,0.9121564790505824,-0.5264042295502277,-0.4915168530903137,0.8159720920619975,-0.5046738248860521,-0.6345293938933637,1.0154937403116366,-0.35899127966371575,0.8062981057030183,-0.5842281658199882,-0.2755602025022239,0.8285380949151475
2022-12-18 06:00:00,-1.3365780509518046,-1.4251846064235285,-2.1752304114595593,-1.1002744312068695,-2.1225049010569776,-0.11058419494403099,0.3268828525765043,-1.213227714586627,-0.539099414516314,-1.744187041058198,-0.688340948199631,-0.692475316183214,-1.8264751652328393,-2.5259194174062047,-0.3225747117907697,-1.0270136365434868,-0.22754384302504843,-0.28262182904224115,-0.10113997146354535,7.689373590603498,0.09187577830899908,-0.7687414502259425,-0.4898621244996354,0.23164158366505028,-0.6125328880895867,-0.8471158802680974,1.1861779778020163,-0.6362711878135399,-0.6125185587671529,1.0049762755055667,-0.27710629492254707,-0.7812727979925563,1.1049397670439065,-0.2835179021503107,0.8353136252824741,-0.33775163391135504,-0.3207698464834879,0.9186227964062313
2022-12-18 12:00:00,-1.4123848619171662,-1.6669174889360598,-2.237210879637834,-0.6399024048520671,-2.291925274087003,-0.24942498694142182,0.21832211043779332,-1.2893001876499366,-0.675966373543223,-1.675340416291436,-0.650868092729286,-0.652701344043581,-1.8487950546702177,-2.676952062636395,-0.20438969768353504,-0.8310310116827749,-0.33358988130136724,-0.44619547452974695,-0.13669851066574434,8.91667451625216,-0.06546599819320463,-0.6316895398516699,-0.6115577153234136,0.23416937524858603,-0.5787794060916582,-0.9666617563271224,1.1827497591823029,-0.3945931213513332,-0.7327977633170367,1.011969105901469,-0.22639298602787822,-0.9205121780528267,1.0669736560867422,0.3566641932727366,0.7988163403726881,0.06335984349263675,-0.4830893748934122,0.9442519665206253
2022-12-18 18:00:00,-1.1315310189775396,-1.334684568417169,-1.8731576278937665,-0.6631508342515227,-1.0241365683693155,-0.40102789457290045,-1.1747499256502159,-1.0850835852413745,-0.7811860751995614,0.15595830744160746,4.96703461884168,6.082527321622959,-1.5697737065090136,-1.1764087315673928,-0.732674028221604,-0.29424731021386913,-0.48634115014523227,0.2670716104208268,-0.24836877865118476,0.9126268306127463,-0.3475906203196241,-0.1672548289255229,-0.4205345586552841,0.06099541309417445,-0.2947411963374361,-0.7636464554276416,0.7325997425933077,-0.25542027679652296,-0.5776011662633014,0.7482031385200435,-0.5875506937610966,-0.736330867667173,0.7379349133440966,-1.0843747049388384,0.6982214862804401,-1.0488379996257011,-0.47136001268487293,0.7929317012498664
2022-12-19 00:00:00,-0.9974639518146501,-1.0991996830460218,-1.7264361378523951,-0.9229177992915092,-0.9482366115560021,-0.5849008167376321,-0.8360735335090909,-0.9532360636765517,-0.32124169003612707,0.4699928155946328,0.14523394694602498,0.39799559516181765,-1.3863756589576792,-1.5204861906465932,-0.700302410712391,-0.25618674564410543,-0.7414399683126508,0.8514538711519163,-0.4960355489435058,1.2928652557217082,-0.6655852411325123,-0.5791001755194497,-0.245386826491504,-0.006142820356073383,-0.6279943061647887,-0.5910339895412541,0.6490843133436102,-0.7126194010485937,-0.41549001124298246,0.6250619816610273,-0.8350312173116913,-0.5821167460064088,0.785621718277921,-0.44554350400485226,0.7944988557991488,-0.5220860275876479,-0.20800032490909756,0.7323227433467403
2022-12-19 06:00:00,-1.2351765648700999,-1.610722059547563,-2.2435328598665687,-0.79223203947984,-1.5873347971194158,-0.406498109090605,-0.5321986958469492,-1.1562931555381017,0.0033814223484220605,-0.22690827677577538,-0.6939183546958294,-0.7002426367457215,-1.6896233756882661,-2.274837842808721,-0.35768882342665553,-0.8906389379428264,-0.7973634464215819,-0.003514711339462283,-0.48671698795860907,4.8872119491684085,-0.37146101431617023,-0.7368235658291206,-0.46231432083224716,0.07922949830500026,-0.7137838297948877,-0.8435953600792815,0.854303508361804,-0.7692692782926832,-0.6520642130502489,0.7592090206700408,-0.7893116353461028,-0.8657967705109829,0.7984596606542315,-0.10127879690200994,0.7016546399848194,-0.6336752884147321,-0.518837337417929,0.7965799524233736
2022-12-19 12:00:00,-1.3492194255311853,-1.7344874216699546,-2.4425057657508664,-0.9220332217689674,-1.9495346572352046,-0.13877069830641486,-0.15465964927088294,-1.2254049486071177,-0.5660735838088258,-1.8935660132536822,-0.651901953500086,-0.6544163795718329,-1.7495140995909455,-2.4918007896324808,-0.23284240641520693,-0.40826196350579214,-0.7130372970906588,-0.2583893538299115,-0.37602660357251283,6.207311680322783,0.12860916889621518,-0.7111315985349517,-0.5551725748071091,0.17132884452066843,-0.629829119831936,-0.9228151466072433,1.0556371951071808,-0.6735613465965806,-0.725303159704553,0.9187447947026938,-0.49871034986102203,-0.9187912828924762,0.9947205068848968,-0.137197691123364,0.7677573793934819,-0.3707693448929327,-0.5890486566373757,0.886069413758631
2022-12-19 18:00:00,-1.0591777783932992,-1.4634633990476227,-2.2401410479105084,-1.147788042312357,-0.7826302248832935,0.28253146316374744,-1.248501696945928,-0.9967551979842907,-0.21052463499657695,0.578889817493868,5.0871599065393065,6.191972116255579,-1.472126212374214,-0.9997916447365944,-0.6913074498744112,-0.5731076668032722,-0.5674037513723735,0.21366629237971932,-0.11302719145097072,0.21551203024912474,0.5814135716358076,0.3644329249347425,-0.3848796565929016,0.07267914487495619,0.150214251250554,-0.7232157141868613,0.7584228107516406,0.4544875942037095,-0.5344719784680073,0.7747801569436903,0.2068513941708736,-0.694062007376977,0.8103108954992002,0.10257031081682444,0.74493244749035,-0.042273824604636336,-0.39146074906732453,0.815903168446264
2022-12-20 00:00:00,-0.9585381339913808,-0.7257002047861274,-1.7433837298569885,-1.88057361467875,-0.8611801582180754,0.5953701767789151,-0.7290357032375581,-0.8852680962760319,-0.2643081048960083,0.7283666639910735,0.31908346529381826,0.6488452034888958,-1.430007519356659,-1.3746260137307376,-0.9500392325405814,-0.4376768219006679,-0.3786672769862718,1.0900966334465518,0.08310110099238223,1.0603803302868908,0.8480998415803933,-0.7058184075726236,-0.14632943070593693,0.07588248418457619,-0.691526754971017,-0.48685450975058797,0.8295194243991715,-0.6361151387156088,-0.30112780962915564,0.7732898302361813,-0.4879352577080448,-0.4503839900566711,0.9306441154059056,-0.42235203698320317,0.8171745319582727,-0.187605362533972,0.005979726962308346,0.795700164670228
2022-12-20 06:00:00,-1.1941239159662362,-0.6554692153224781,-2.009815139744926,-2.6359777808418565,-1.7067634995744787,0.980443456469999,0.15590558939321153,-1.0701988225139125,-0.0037128517992962443,-0.049830545006108576,-0.6900460683376172,-0.6942039157377207,-1.5664944412334663,-2.172151152618468,-0.27930924246356886,-0.6483561671610638,-0.14151936536557802,-0.1055877117119253,0.3221500323794495,6.394597116809575,1.3859002274723466,-0.8781834103864468,-0.31076098151000875,0.22205183546204238,-0.7541408183185206,-0.674489778171759,1.1591997227609192,-0.550511469508736,-0.4642045390719778,0.997556892414653,-0.23167651965737165,-0.6468838578071034,1.0447476456722324,0.3514945077462302,0.794212524304979,0.07953655844136014,-0.16692143396232453,0.8853532614775961
2022-12-20 12:00:00,-1.3021613150760805,-0.8679062482861232,-2.168764850425109,-2.4597453138933307,-1.9546629350427929,1.0662434722884937,0.119664079552955,-1.1813537243084762,-0.444094579590717,-2.079097504929716,-0.6477403064341732,-0.6509507106167639,-1.5615808363490378,-2.352465200022831,-0.09149622700341468,-0.903366474207273,0.05457211029739193,1.0598193997913106,0.38680462603661087,7.66741487637017,1.5205878813337965,-0.6696159693294577,-0.4371337121920917,0.25736075968734023,-0.5539612876049032,-0.793295855049064,1.234983398730178,-0.4948198194390566,-0.5789484481698249,1.0565863518534813,-0.24674941933960268,-0.7413835385348302,1.0779028055423066,-0.16535328783014497,0.7928925128898898,-0.12004371902571176,-0.34955140856874656,0.7880773696692787
2022-12-20 18:00:00,-0.9287719313750012,-0.789654881356855,-1.7631677063283007,-1.76617425169928,-0.6761306706296183,1.015494006195485,-1.0434817385576483,-0.870084006279297,-0.5885163834524662,-0.27463400700794416,4.480525437953481,5.463906839663525,-1.0143548961147681,-0.8032036837344294,-0.27063547504395447,-0.9618010185159479,0.15778213158462817,0.4418259122983242,0.47924280470896624,0.20455737671193763,1.4475921634396418,0.29074726923013483,-0.21291577295190647,0.07273908655722032,0.027760165395839736,-0.5453431149344896,0.7524356109919174,0.14628304224113048,-0.36562109658521286,0.7698572983747997,-0.053706382577345675,-0.5143412790699544,0.7778029050898738,-0.44504865818645595,0.7104881263694831,-0.5261252506841985,-0.15566795111383486,0.8005954259195539
2022-12-21 00:00:00,-0.30320562407680307,-0.7275568841807573,-1.4671171120402255,-1.272205913043775,-0.28687104112362183,0.6099285304210915,-0.17699945517828383,-0.2578016092440974,-0.736568472733935,-0.2511489428099029,-0.11276923156580504,0.024284427261812992,0.48040277563199724,-0.21451984761317364,0.8305252624169939,-0.6884688083026194,-0.043903536354750965,3.325255000285824,0.20707866752256632,0.26360439168842137,0.8204036197190403,0.0,0.4521770661168806,-0.37241525568098804,-0.21250148620314793,0.23973399645263374,0.4421724414058766,-0.22961896512379168,0.35909148379238004,0.32575494580923914,-0.2115749302534518,0.3376490999278753,0.4616248925314848,-0.5399231736206941,0.4937306115369115,-0.2297572378631203,0.6811777937317127,0.13615947385629573
2022-12-21 06:00:00,0.2351743781185013,-1.059438642178693,-1.698513273961284,-0.9598958869838512,-0.34770213201550515,0.32020393576700235,1.1426884806642765,0.24395081402006263,-0.8443344106430716,0.39417727885336,-0.6596901503496364,-0.6722200952134565,0.5444541323634821,-0.2067078853310635,0.9356489652305348,0.6979938874103062,-0.34114878372863555,1.3626752344465933,-0.03408715251866759,1.0627694768089766,0.5428325784167894,-0.3893540562454063,-1.308585872474617,-4.6548981077884815,-0.890479776121037,0.3235707265865938,-0.7133485052093108,-0.7436619711190902,0.5182524610918395,-1.6233430725055287,0.6422287907223161,0.5573577344105862,-2.9638332989180247,-0.3141849664262955,-0.23759350206081156,-1.0644700317920843,0.182089397589715,-1.8949802602836274
2022-12-21 12:00:00,-0.07434101557498704,-0.9597859637891634,-1.459329680410717,-0.6827788139436299,-0.35945293275986734,0.04312298804515373,0.4615645635287669,-0.06619083125784063,0.4325885789059333,0.8297084421540671,-0.6264660971929384,-0.6266741758111676,0.35190687539743015,-0.31380571153372216,0.7544863634231268,0.4850740221920465,-0.6815477673453557,0.013336726206175624,-0.3239465500342242,1.1743508352824363,0.2274697421304964,0.637800081236458,-1.239106168469303,-5.035304152293697,-0.14858832433553104,-1.0928283073423486,-5.409655255257661,0.04997778744181592,0.6427259070451804,0.2628283717004581,-2.3994298890714676,-0.6591336436758546,-6.465473853265012,1.1352971322286651,0.18683875790103263,1.333214013978218,1.1479152271567021,0.25403823880785037
2022-12-21 18:00:00,-0.18108157050836443,-0.6518461512768987,-0.9960232170525266,-0.42922693598025974,-0.04734984503233337,-0.29692128974981835,-0.4662797056115302,-0.17176179184619522,4.169037817332533,0.33053185675391916,2.2987843547363833,3.070828937690059,0.41044177434115,0.08748936455640735,0.39991543957646813,-0.12065917020455107,-0.6684474814161613,-0.30480967584199936,-0.34699473644815915,-0.8814577829049747,-0.1374336772461323,0.6247366911111888,-0.755112367074618,-3.9234723164061363,1.6181227509492202,-0.22460959459123594,-3.20264897652543,1.1681407357844138,-0.6984501008326959,-5.058505301081844,0.8143197986712516,-0.5298744484822354,-6.334647218713428,1.6894678833280823,-2.1415052077996033,0.35812942135737263,-0.36391133361644545,-2.752995337195386
2022-12-22 00:00:00,-0.017760417228663603,-0.4646850967926721,-0.5745910986974845,0.030507188394027898,0.008536256531869547,-0.8881149471001901,-0.2716844301374524,-0.019009254687335737,4.833536345990243,1.2802398564260864,-0.48251318973548674,-0.4397593677382715,0.6945463780173113,0.08093607256966105,0.8665893142753773,0.21921910779168002,-0.842274915462206,0.2821891982244403,-0.7017813075924223,-0.7958413995259321,-0.8941219082090583,-0.3580011404142196,-1.593428591779668,-6.454382117784579,0.7055314436177181,-1.2737892724772026,-9.942151059041825,-0.18382509050566093,-1.6478350011393044,-9.75980927091424,-0.3141744343890912,-1.207573473906711,-11.155658778876973,-0.4560542676792426,-4.526888994429498,,,
2022-12-22 06:00:00,-0.005880005605739412,-0.15428053648856987,-0.20912463112203428,0.0641507971166594,-0.13031622693962297,-1.3106729607311371,-0.11193327149710833,-0.0806731248218511,6.2812556228510426,1.9997731672085295,-0.6631473301633452,-0.6843322372089923,0.6636431448349144,-0.010072590394830458,0.9366088077597748,0.03163567859064746,-0.9091788589168043,0.8501894103545748,-1.0737040086206238,-0.6529711199578827,-0.9502162966700711,,,,,,,,,,,,,,,,,
2022-12-22 12:00:00,-0.28051888328505536,0.0268420369121703,-0.04080428762318574,-0.014416681048428819,-0.4715989872819721,-1.4255394040817306,-0.08625146186799905,-0.36920789994305575,9.598995533906294,3.47160818813635,-0.637524994787949,-0.6513957567379113,0.38389098067225985,-0.28445624359055494,0.7904429227714382,-0.9158754737989986,-0.7064477080871218,4.762984703112337,-1.4072812118807325,-1.0365140951410603,-0.9577146947683328,,,,,,,,,,,,,,,,,
2022-12-22 18:00:00,-0.9824998664453535,0.06085385050687909,-0.10711798743898401,-0.2431814702404606,-0.7690250297838527,-0.5937443975375692,-1.1905637411314418,-0.9674997636923238,5.0858255798335845,3.0602173407552433,3.348523754294436,4.244294037054235,-0.5531263195898946,-0.5305809972958401,-0.1779684837559033,-1.0122419379540784,-0.20445837903182718,1.996080714819931,-0.9370850059308051,-1.5377828991162386,-0.29440223692249246,-0.19325754970479955,-1.5923287861996782,-6.362792845000252,1.265825058521891,-1.610679630672954,-10.208222172284739,1.0523612391366473,-1.5951963860312388,-8.690698067899794,1.752275046521631,-1.1176921028761446,-9.568210224808658,2.251718440164584,-3.5993887763601844,0.978450156438533,-0.8423044237070949,-3.5862689325128425
2022-12-23 00:00:00,-1.0161151683514638,0.2734924417959423,0.035935598930027235,-0.454652335212626,-0.49494376897405534,-0.17385946435727792,-1.5577965622938488,-0.9608917506565552,3.3224378531908356,0.825335637826881,0.23992028962423984,0.5383822060010792,-1.1623925898914513,-0.8341038854245014,-1.0481247704282461,-0.9816298300154179,0.17820443539505565,-0.0625742295589492,-0.37060237916296157,-0.37481968386021236,-0.018960003966606492,1.3373813067880629,-1.033516134986928,-3.360718636772847,2.285782959117621,-0.9938998390759627,-3.0272635724459884,2.850474675768033,-0.943503427539041,-2.901015436565939,4.932455479365519,-0.797163906562106,-2.44160229489881,5.0359784899818125,-1.4809657432666998,7.092669017665755,-0.530655128074483,-0.6778282214760997
2022-12-23 06:00:00,-1.0173083916202519,0.1268775688049824,-0.2648033772885842,-0.7505467928747248,-0.37054844956788957,0.14708463320580237,-1.7408218946667742,-0.9742615213434511,0.2777846103934765,-1.1044142593196036,-0.6775422378422661,-0.687555368984404,-0.21084077661723108,-0.7181809239044987,0.32281100850675004,-0.9474167449120476,0.43877056602206255,-0.46094753724781384,0.024496484096546783,1.6399114832610293,0.4264781806176932,2.815674866081328,-0.4097907883671439,-0.19243966482662683,1.8392507723242302,-0.7350039272644782,0.24295909306591898,2.485178924477541,-0.5630682225830749,0.3489170629633645,1.9477087202903545,-0.7639942698555473,-0.40118921022650195,4.014215674820769,0.48627794656123385,2.8070887409663343,-0.44948844388529346,0.23118183326296615
2022-12-23 12:00:00,-0.9466488367819621,0.017523883452784775,-0.5554691326567861,-1.1162686808922055,-0.8360320568553287,0.3089995857794314,-0.8884859174145527,-0.9071616948852127,-0.27383835944491947,-0.6736114900192571,-0.645292763237607,-0.6448738184312132,-0.7976370118870825,-1.2118954612049726,-0.059756477746085813,-0.6867702159681809,0.33476667149179956,-0.4852838577867164,0.09010105813080826,3.0351893076444,0.644625158050251,-0.37435574565037183,-0.15977777415162517,-0.014416253976580976,-0.4748439366705277,-0.4878613142461463,0.6454631036151599,-0.48696078143355087,-0.3116244134303619,0.6304647825389154,-0.46151607664879046,-0.4859561029736604,0.7232513459899238,-0.5125861828924062,0.6816848569290166,-0.33152782309765066,-0.07840601540420808,0.7577274987490553
2022-12-23 18:00:00,-0.6701081813347334,0.022720221054273324,-0.645053039547927,-1.3248658813165817,-0.2594558801336986,0.5182415489746897,-1.173748532666843,-0.6510610950021714,-0.6176249030282275,0.18633247187132815,4.485028723209736,5.515575415423942,-0.6738391977843446,-0.23914268375255654,-0.378618448283206,-0.6270394371313026,0.21664698456619869,-1.4055283955976807,0.285934233636607,-0.16282459728142862,0.827683062505963,1.0876928742218932,-0.07724102945619087,-0.07880871997496443,0.6109451808623568,-0.37614926570349,0.4228645789462717,1.0474270336002633,-0.21247677957637,0.5351045264405503,0.7089218547214038,-0.3088926473287846,0.5711906977690299,0.7032014967825471,0.7303093768163431,0.5017813741868031,0.010200524174711376,0.6990475655136118
2022-12-24 00:00:00,-0.22107344376189136,-0.08420136473389217,-0.701655733447927,-1.1850287092240392,-0.05239485978340416,0.574734163917081,-0.4421313082421853,-0.16662007984223173,-1.005542752964112,0.7480183944990537,0.3725298251476714,0.7138356261473257,-0.12851326185371226,-0.2697034202373136,-0.11633979226822012,-0.5700835094046419,0.22241128875899743,-0.2273343689115114,0.3571838610667443,0.559503266029553,0.6807784187334993,-0.2645929959277868,0.47528255709320616,-0.17372570122914538,-0.3925498121172385,0.21437999873845223,0.26967328730764906,-0.3871483074210794,0.34912007795934175,0.36190876565367724,-0.48677351773840827,0.2872119522997602,0.4634361978761522,-0.4922944238172047,0.6635285150006723,-0.26145414342603246,0.8367884219332287,0.6041621063155792
2022-12-24 06:00:00,0.01514361836756447,0.006542383935371961,-0.6451755754129738,-1.2852579189623612,-0.20170293096861633,0.799655994101225,0.26846538215608223,0.022754062541607584,-0.9700195324930952,0.34682089719619774,-0.6614062745400816,-0.6761224015184367,0.5116909783956886,-0.1825995680203515,0.8697867529862295,-0.6064359982778628,0.2812804076915946,1.2009514171490603,0.4673140470606402,3.145733023105535,0.9376185197458657,-0.32887491830972043,0.5300444379172883,-0.8035271309325467,-0.40958302107648953,0.5316791098821285,0.4729168567306528,-0.47692273380788064,0.5184031832180934,-0.07582356659669208,-0.45761127740439655,0.5762886264613613,0.27018280935591715,-0.5879138863656819,0.5363236267974913,-0.3757025581813345,1.0462577828508242,0.2589729986369901
2022-12-24 12:00:00,0.15886296483912926,0.03481957106324396,-0.5451311170239485,-1.1363056424098763,-0.4613202670011935,0.9522497064184768,1.2280858280012834,0.14883747761296273,-1.1059004549656086,0.2548852980011358,-0.6265130000571015,-0.6185974865344577,0.5477636334129021,-0.205667028312406,0.9199201700647727,-0.5361263687285034,0.2690242246220622,1.5591763366057625,0.47327493575688073,2.915962220135327,1.1398253611822777,-0.4169806162662587,-1.0521940200198088,-4.839529595860302,-0.5087080562503413,-0.5533576583773537,-2.1923713745329683,-0.6042575568069242,-0.05669893399225222,-3.016577664975437,-2.123417689263504,-0.0038503925382043286,-3.4734567694287937,-0.8448931530619991,-0.260770140866941,0.1594685430433176,0.5071188493206739,-1.2300028425008283
2022-12-24 18:00:00,0.35016001033481464,0.16819629380431525,-0.16385766103687244,-0.6317700781626622,0.33282648714033913,1.231607956860744,-0.13618996769946767,0.3954548003987568,2.081056118668333,1.8233764884956574,4.152720577169618,5.964728133914697,0.19783570742573695,0.46251622120015085,-1.170715696341869,-0.3523489962469578,0.34942226894096007,0.6704916780885684,0.7385196859201579,-0.35977093397906296,1.4456777047382785,2.439807742175074,0.30608861611991306,-2.2315633701449786,1.6638743581190345,0.28632038354652506,-2.846838353510015,2.3886959613934646,0.5633462655080416,-0.26000830910471373,3.2133690872979868,0.44335686528640256,-2.5206828149066793,3.8749495025097365,0.23938050377071357,2.231879980971977,1.3324305872268216,-0.092212757872549
2022-12-25 00:00:00,0.5085434510005086,0.21068140684930622,-0.11460484135803393,-0.6288451299328799,0.4377774914179075,1.2635488780669089,-0.05021921365731802,0.6114119327110019,2.2607811148990122,-0.6256161608634517,0.20246442388731475,0.49094954854360534,0.008460837781472823,0.27833365141268607,-0.40732310095988233,-0.9749421361315926,0.47619379695889763,-0.23303096966136216,0.8570158685854584,0.2955115207885122,1.4227239872083142,0.8364361861681066,1.2046092491339433,-0.36351983311396563,0.5114570229482842,1.0120773787238135,-0.05857727688987879,1.0420402831421083,1.1574959689851814,0.19528505038133004,1.1639962138038555,1.1037047950449936,0.07494750285958438,1.6164411780638792,0.13217530209112424,1.4757821735740848,1.7764854620572663,0.08569184616701334
2022-12-25 06:00:00,0.012262890157829383,0.07367470015161612,-0.3494441670785173,-0.8043959610097994,-0.17967232171132727,1.3817078876618971,0.48218610478988244,0.15671288973913738,0.1317550891184782,-1.7095922590452817,-0.6979549754450662,-0.6902477673503411,-0.7877111843037471,-0.677293249242943,-0.5691811982816296,-0.9998378431928813,0.7565095491758641,0.20287041358574145,1.013321264017891,2.265690246807728,1.5887520833135405,-1.0094852903867155,0.7964855770189094,-0.20349802391188407,-0.8556470040982145,0.5875433380988693,0.39597665415343797,-0.4227076727429108,0.8273582961172649,0.438786519317401,-0.23944454647211283,0.7415743447166369,0.5394819249807701,0.22783833365480702,0.6257808395872668,-0.04946688171735988,1.5175158760572935,0.44416321333331765
2022-12-25 12:00:00,-0.36332339842965233,0.010100427998257631,-0.6728687937099542,-1.3545525162422725,-0.7717569076444375,1.251788692404237,1.1480591996104588,-0.19423161232974445,-0.6510129993061485,-1.0235806795864293,-0.6469606758081343,-0.6470289531549037,-0.5924256026634093,-1.1064583635113547,0.13430594321146172,-0.9118002729545049,0.6878844964449191,0.15619823784281062,0.9707896535738081,3.707059339505972,1.329279855968713,-0.8692440826034388,0.49320778818254557,0.32690213789340977,-0.7643338413498251,0.7178813834430254,4.498281349209365,-0.558009676371657,0.5612925104005696,0.6857813322625339,-0.038056941876740365,-0.45819761641790674,3.0837178676199044,0.6229629002313051,0.6502829033242166,0.36643018059822496,1.268075129870792,0.7500099873816112
2022-12-25 18:00:00,0.9170017720440908,0.36066296756587324,0.11261385187190417,-0.501930413808405,0.7842038930381224,1.1593772729312977,-0.13700870395563744,1.0292957012789934,3.0683483636710016,2.491111471402231,3.41849979409063,4.374974928122826,0.42943762447815276,0.7317665710692012,-0.012171486784390746,-1.0287178944999562,0.7040267296877284,-0.9928864736737752,1.020838285946795,-0.24935699049814028,1.165006548553494,2.375688600405035,1.3191018105195953,-0.4511170219378718,2.1818091877236907,1.2416202270742698,0.4034038271761561,2.7519606249303576,1.342586000491169,0.2645316025619909,3.4648314670533256,1.2491158236960025,0.42976214068508883,5.619196658837169,0.20775077594995148,5.098222550492833,2.180934138932102,0.35871447799544376
2022-12-26 00:00:00,0.6428521116320729,0.5158708305249378,0.13041630849889002,-0.8455849070652411,0.8170095216461023,0.9904429396232818,-0.5429494075076691,0.7790004257217831,3.1314384677444567,1.4310262314023185,0.16514904268979502,0.4401815441581096,-0.4308064886361825,0.37798252981799446,-1.1152387108743755,-1.050080072422251,0.790615323572906,0.955133743367297,0.8442874780003291,0.2561323196926813,0.7348060723842594,1.7792139221850785,1.418557737172699,-0.44367596815354166,1.2955475724233056,1.2355873967325175,-0.14799455865769065,2.2556466328009885,1.3529396614137423,0.06481804952820201,2.806156753270684,1.3730245639975596,0.07665734367496913,4.543319938839393,0.45068146467096976,4.598674747714481,2.3406395627871097,0.47278535003791405
2022-12-26 06:00:00,0.22294692948790368,0.28810491473336836,-0.2019105427064102,-1.0104915947166642,0.5457301862588991,1.0030122154996506,-0.6517961027066116,0.34868328506627044,2.8083029646772504,1.6734659079444512,-0.7040260846578393,-0.6859349025986989,-0.6110550307967899,-0.02070534800635926,-0.9402370122324899,-1.033517393112206,0.8740484956017999,0.5030403582265343,0.7900233970501125,1.5132477086778422,1.0478307589046147,0.16078962282358283,0.9806153515823973,-0.3190949476342371,0.011280447956947808,0.7548299474050042,-0.07488853071028334,0.2562491671321786,0.9066506746609782,0.1232738521324588,0.6485449931272644,0.856015182998628,0.10088711451023777,0.890656412884314,-0.02779151684088929,1.431013532309213,1.7374283913579964,0.5047638632134691
2022-12-26 12:00:00,0.6102532104204186,0.48165328889653924,0.17158622444878094,-0.6712657349710219,0.4606203589977378,1.1183002079847164,0.058931510873261726,0.7172222756143046,2.166304895736631,-1.300307021296635,-0.6522532618536377,-0.6454764237706976,0.0005201634470667229,0.1757158158364769,-0.21426434942224867,-1.034124163737432,0.9929365668374115,0.781889128991964,0.8069047748863833,2.0171419702659517,1.303724365859342,-0.6985459848851303,1.0635085688005625,-0.8277286851758607,-0.5771301229774588,1.0514715101342527,-0.27011068027461044,-0.5828018234100469,0.9779646479250163,-0.7325264415372049,-0.23306904866987166,1.129348903315982,-0.43566010957904727,-0.3425324155361211,-0.5924216659427072,-0.3590871152785105,1.5911722789592448,-0.38711012604758516
2022-12-26 18:00:00,0.5585022364903915,0.2809570170298232,-0.01285218875390226,-0.5796788943184104,0.6864432690789692,1.1875389071068925,-0.4827967414760056,0.6501301001629394,0.1280237648313785,-0.3815990291237192,4.2265158404049545,5.1690984487718525,-0.4658857683165767,0.5618913936611266,-0.7817557794360672,-1.06904387000533,1.172350700143901,0.06319779305732359,1.0639709953656105,-0.3035982384548967,1.3324315081120262,0.6374420180049906,1.4702904774583314,-0.23947192552805183,0.32677556771432564,1.2001661116205797,0.08743463305686301,0.6126046649941556,1.2889579141440444,0.27099426112351377,0.2654084112339724,1.3167556977360277,0.275264249500524,0.17957006179031607,0.516548945249124,-0.0003808237551648394,2.1323035624846667,0.5582202710761488
2022-12-27 00:00:00,0.4832487461199427,0.261525308756337,-0.11799157755181565,-0.7615690207802656,0.46695240949359407,1.1231313441947983,-0.06306594096553957,0.6374185063588464,-0.8776244005295648,-0.3820856129863172,0.22125752195787052,0.4778665620216258,-0.3070023918744513,-0.057917822982614074,-0.48778363327903457,-1.0431660489495809,1.2025547604999545,-0.40464685531852085,1.1090409529830634,0.6239264760976063,1.0697060594544938,-0.6485439663208697,1.3796112077077285,-0.2326196302743703,-0.6161459778841283,1.1538965832329429,0.12471328331854399,-0.5693318122225135,1.2814902155149992,0.25746778040815593,-0.39645955988705034,1.3195126661737842,0.31608649576827874,-0.3190445566944432,0.630811000427236,-0.10818600452224356,2.228543763102238,0.5414074092369926
2022-12-27 06:00:00,0.045095698154270905,0.34524264883416006,-0.3038211520577888,-1.3740564728543354,-0.1932496157331884,0.9552347058784191,0.619220215574599,0.19657717830450616,-0.2045023902493785,-0.6379274042955981,-0.6874046072580213,-0.692985798790573,-0.5171829308166067,-0.7036925337401307,-0.13576397002629909,-1.0196816456376296,1.1263671813602194,0.4102693907562274,1.0903915805533417,3.6238404314503083,0.855093481491638,-0.9576768197845448,1.0113548920532158,-0.1321602975188122,-0.8761853710364659,0.7832742636069628,0.35117226307786104,-0.39065300090275423,0.9708679639779585,0.403477128250612,0.04762024108119894,0.9568203657953789,0.3765155524960049,0.8877484278475857,0.5331185139026444,0.6154355739188893,1.885445607444344,0.5740377098489281
2022-12-27 12:00:00,-0.15408932547190618,0.2841798568434178,-0.44885621322403557,-1.5405261884227504,-0.4672706277861302,0.5912745481078239,0.899298685848992,0.016452025175520253,-0.1960127489048584,-1.0710371726951595,-0.6528504145054018,-0.6513858363526343,-0.7537489854257617,-0.9872380939144684,-0.20850154928913628,-0.9016874779440397,1.0918731977331686,0.27357183155408205,0.9079788493778459,3.1629668660793953,0.39527525269518515,-0.85266508292946,0.8283732471582432,-0.10996207273350676,-0.8378888236320677,0.5895477617013551,0.41094480294656355,-0.4666520345308349,0.8131597133876227,0.4472634984831495,-0.15729346402583136,0.7852818711410829,0.39925078431775285,-0.020465506720542703,0.5176252168256751,-0.09206851436323317,1.6825425542070818,0.6020872384472102
2022-12-27 18:00:00,0.3928653292143249,0.036822827794933,-0.15678822395154618,-0.2925050665937824,0.6779361026067696,-0.004318214657757252,-0.5684052084457453,0.48229437595510444,-0.19536673604770857,-0.1685035321059182,3.0850741397589405,3.8424695506953497,-0.15367221895440444,0.19645444226456962,-0.16262115849738323,-1.0351970254386258,1.317823733030587,1.7990688660894205,0.6301383785459875,-0.5714689886880074,-0.36425489386116455,0.5763662038713797,1.1996541605792825,-0.2713394562848928,0.2435667612697897,0.9399023640530662,0.014225722567837553,0.6679323928342992,1.076449153481812,0.1971582480189504,0.7283485032378733,1.0812010285223816,0.09780032930431205,1.1197779543782393,0.44905063847449356,1.1127072937885367,1.8540128358149874,0.5127679286805136
2022-12-28 00:00:00,1.402369112424272,-0.33494171207965945,-0.2870823682993718,0.33907194441315525,0.7387082914888288,-0.6720518295076333,0.5914444053344747,1.4020951389714424,0.03348811216492902,0.23151910595010783,-0.1486102224443783,-0.02561868402074615,1.0976889496828401,0.7828482124110523,0.7985657970108193,-1.0551078903935311,1.2492695957850386,1.2333935823393376,0.2453103164680403,-0.21822800971805337,-1.4253875172786055,1.170680025880063,-0.3726181374210626,-4.017445109236813,0.9077766283116347,0.1165700730896841,-3.8369397904793097,0.8871205394084413,-0.5866702918241764,-5.480645443234942,1.1818534990104148,-0.18507686936707876,-6.287454238887875,4.821315106223755,-1.7298667600544064,2.2867836355165556,0.10367139587196418,-2.283696641766469
2022-12-28 06:00:00,1.774529948602506,-0.44226378227295227,-0.46594384100901526,0.2126949977538558,0.4839110339687727,-1.1991392958383005,1.6283949109979374,1.7959538358956317,-0.3624562765694039,-0.030923160506505717,-0.6555350826463988,-0.6716135146910228,1.156027190252325,0.6828808516401053,0.9936785623888773,-1.0845968379661215,0.9786832592199137,2.077809022777562,-0.11072349954836634,-0.31811177862562867,-1.659232360794574,-0.5186738007723423,-0.23835049706062755,-4.5703138904864735,-0.7557883945450349,1.3528989258234683,-3.7977582388897493,-0.5865444487073808,-0.7892675223308927,-8.031122070271174,-0.5775286719968395,-0.16884663449981102,-8.666190222043914,-0.5273034005699976,-3.7878487780849697,-0.8615488104892024,-0.8236585401147292,-3.7194062784956827
2022-12-28 12:00:00,1.7717061496701716,-0.9531463974590483,-0.824957301025615,0.6873008786886604,0.4833194800651579,-1.5899297751126218,1.5671780173561738,1.7540031906944924,-0.2894399870116195,0.09406792502397927,-0.6502761664104189,-0.6528009842401968,1.194083686246733,0.6962339453213893,1.0157848805183858,-0.8066366953004434,0.5508533090141918,0.03516582756763403,-0.5701288621678335,-0.3106192762721388,-2.0829954359068927,-0.4265973434142977,-1.3846827261312071,-6.195042918682919,-0.5613594375823759,-0.1864303661053743,-8.40412319672531,-0.5744816800378287,-1.359766255426356,-9.34287160657294,-0.5516639728290048,-0.7753029269534549,-10.131953335876915,-0.5334971929598574,-3.811279777151082,0.07517251018248447,-0.8141430961243947,-4.0088917894699705
2022-12-28 18:00:00,1.5774894098499503,-1.2684499548272294,-1.1040056572963501,0.8546026061096917,0.5587857569585287,-1.8127026593720121,0.936622864317314,1.4638151534065016,-0.41308646509547176,-0.3445936426238011,1.0415679549841832,3.23264374206266,1.2501846538467065,0.824613242354371,-1.8570942999435942,-0.0034982541403033264,0.09764820092346861,0.4658166235590097,-0.8823449190001154,-0.8572248997648753,-2.2382847369036196,0.0951764560065126,1.5572274528000447,-1.875471090312159,-0.017046534803906662,2.0440140952518613,-1.1029976758295479,0.42759084443528356,1.289021935249465,-2.626186060620372,0.7081889273642091,1.8742557975215541,-1.998063965556354,2.344468397557915,-0.7330871235523041,4.005497333648499,0.09153602571757846,-2.9601478106241355
2022-12-29 00:00:00,1.331814121382551,-1.3161741910971407,-1.241748186143913,0.6711936027880665,0.3416337035477848,-2.0665939989427784,1.1965603595224716,1.2596153664037046,-0.02007931273624188,-0.6330384399213241,-0.3967816430349416,-0.09640067946683643,1.0834455492157546,0.5422758094978213,0.6161281959856666,0.7751727018160138,-0.7186034763767666,-0.9192512058878256,-1.2202953942563681,-0.5283877950286954,-2.331059892655314,-0.4086152213867631,0.2991281000997941,-3.4926128822829576,-0.3762595359498934,1.1520290932802946,-3.1523629215140283,-0.23710560493879404,0.3079362886984455,-4.789863618058738,0.09767677057252937,0.906701584422404,-4.336251587311355,0.9119941736786413,-1.5163981334806427,1.0854556512024134,0.736843840801907,-2.3268579894607835
2022-12-29 06:00:00,0.41069771989550835,-2.0650967914178437,-1.8889978895863595,1.1025784399813423,-0.2239091042122759,-1.877226470462846,1.0044950934864063,0.341061390423257,0.417570633079891,1.0986297548688215,-0.6623178815838718,-0.6723141886334392,0.6242938884648056,-0.011060158301801666,0.8642179130738371,0.9018744439358894,-1.2164442769057222,-0.5850273734040817,-1.5154388982797282,-0.1723110504035301,-1.8343600794638832,-0.21627922623280948,-0.4136455554115336,-3.5882946149584636,-0.21902654603502017,0.05984979303181896,-3.6495967061367853,-0.20833528025815276,-0.3839193246531137,-4.812295830606519,-0.06343766425920731,0.012840010729795397,-4.889590798657828,-0.7471827734013162,-1.8043683850057732,-1.2098837864547975,-0.17840581068871633,-2.7469916406455996
2022-12-29 12:00:00,-0.28592184778857926,-1.8149809108862656,-1.8242988434555083,0.6274852267611584,-0.5892708286779492,-1.3704624287365077,0.3888849334833558,-0.29475289349188794,0.8225431306989806,0.9755958137230187,-0.6476593855920673,-0.64631095606732,-0.05412976635303439,-0.6345678453420222,0.46203527360918495,0.8576292317064175,-1.4010464097605058,0.3829922634971017,-1.4925894251490763,-0.3751693509046211,-1.1711762147012779,-0.49635421456924966,-0.1873651479976435,-2.121162575898612,-0.5214201450898622,0.08572146247472558,-0.5597566710784608,-0.5154071894290474,-0.13793362374119486,-2.014590347303776,-0.507786764164731,-0.03956833916530453,-1.378379972898137,-0.15750503932405346,-1.278919408283861,0.011797284147913869,-0.04247289758932227,-1.6191549774239553
2022-12-29 18:00:00,-0.6176337454064463,-1.1220641620843603,-0.8890297664793595,0.9636231984929602,-0.5291039978425434,-0.8833298391552095,-0.661829013177992,-0.6412450213732783,1.872766818112059,0.6990865727534188,3.273162832713706,4.463557785777553,0.004235858543023027,-0.2919146710291892,-0.10853941499076922,0.8327037242475371,-1.3001148742524682,1.6440090703544936,-1.2455364676656888,-0.8236652898921858,-0.6096461456480087,1.2254198098182811,-0.4501461272000451,-2.0311124156661498,1.2977894580424958,-0.32477360108242637,-0.47502574803568925,2.0050924091723545,-0.4751981323083116,-1.8495650181228314,2.721192936903355,-0.43226429925439946,-1.7420588832271149,3.3556781427118723,-1.5110702359402288,2.9827423777331603,-0.4330125393173619,-1.944050429637919
2022-12-30 00:00:00,-0.5364724056962207,-1.1571810849380324,-0.8495388732024661,1.136489632377592,-0.7751659462548597,-0.6982389661539458,0.08082457480005215,-0.5543255432191885,0.23542959572164068,-0.31534531721696074,-0.17240273538687323,0.016003930175012716,-0.17723446034206686,-0.7558877000572723,0.2892078032416356,0.7961189586703417,-1.0563184154667877,6.361872546479351,-0.9932516512789191,0.1114263005355965,-0.33406014970689096,-0.23536481012763097,-0.12792559762904487,-1.2323270760569283,-0.08219308941726752,-0.21935510570744013,-0.07746689128042131,-0.05769687112967088,-0.07424182546805018,-0.24754023522961371,-0.0950583757603103,-0.396600901875059,-1.1653751065542663,-0.1450255422852084,-0.8544110808447211,-0.7102402914277063,-0.04656293520807857,-1.0342144675561404
2022-12-30 06:00:00,-1.186669740421893,-1.7640006313074377,-1.7482298997626813,0.6680786215708869,-1.873775711009466,-0.45607157888377486,0.6271343169859102,-1.0588270665826074,-0.1201582291794173,-0.9596216800001861,-0.6796630836722978,-0.6951307286353477,-1.2950910304655534,-2.1785463641374023,0.13336312022115515,0.8430034661766123,-0.8418593764891913,0.6814409866305333,-0.6916616900174338,3.0013958315654525,-0.01005677257828498,-0.6827373028194123,-0.3419501495027979,0.33460394558401685,-0.6329205292814584,-0.8479003009585037,5.725174568372042,-0.22657805876350012,-0.4431326215390921,0.9505061459132573,0.021297522365366698,-0.9817582095795413,-0.27396309485788267,0.7889003015044556,0.7806546165865969,0.6170579641153741,-0.1978232575662973,0.8642864124892311
2022-12-30 12:00:00,-0.6698903109077601,-1.6206658919410748,-1.3328481107708727,1.2226143442915312,-1.2528297733277114,-0.5148330324663069,0.7979273803848664,-0.6748329201711963,-1.0724858755435047,0.1576985608566692,-0.6401963554632761,-0.6466716400961837,0.13468847877840165,-0.9367107284125672,1.022660930474531,0.4102529674472944,-0.6658580117377049,3.216867606838138,-0.6738702774242308,2.6306650520710804,-0.21313715501692493,-0.15601262543951464,-0.7406093500985289,-2.651274565427716,-0.4029646325474699,-1.024146537193839,-2.8982030415147366,-0.5406326682662305,-0.885653365592018,-4.119042339639799,-0.5650834395420368,-0.7638399052186057,-4.809374924123661,-0.6101094967367238,-1.1033212434581763,-0.5879233453234883,-0.4253679590079967,-1.5065599241553904
2022-12-30 18:00:00,-0.22796099915764664,-0.8650007258538375,-0.370718441227004,1.462792404165876,-0.7206921307247585,-0.5810857340706095,0.727453100996561,-0.2888602189526576,-0.4458853110997236,0.3697607449192638,2.00816117555382,3.5521765457007173,0.3811744824085299,-0.2613535114757409,-0.6721289456671596,0.23317646548452575,-0.3589791219370153,0.43955380103393504,-0.5333561018918707,-0.5812515500023164,-0.3880157577020864,-0.2606638478938921,-0.9917920074300328,-4.753182500512499,-0.3822151674992291,-0.8111591825392137,-6.779533585325869,-0.3860504480026741,-0.9266305221717898,-6.271995495138484,-0.4424400255848246,-0.5810432416822842,-6.546299634413554,-0.6922055594867699,-2.3619614235293245,1.7399143310014509,-0.051758751622085784,-2.3177952185955037
2022-12-31 00:00:00,0.10024755168637535,-0.8355253496648406,-0.4011812288269567,1.3235627474681058,-0.4965998189762924,-0.6524666832361994,1.0886046296529703,0.05711701386304752,-0.89638485318124,-0.6977236477122493,-0.003659582242903569,0.22148595777299618,0.4501428503365121,-0.19414355771000186,0.6713796823866822,-0.11530322059166934,-0.05361922087148166,1.3968707942194851,-0.4054983340325634,-0.129913709789521,-0.7125941221269346,-0.49113710002213695,-0.9922131159237527,-4.475678538214012,-0.49793024499495603,-0.6824021011920501,-5.898299345220459,-0.445757316621061,-0.4032078760297929,-3.84272449321281,0.5755044619559341,-0.44347254035600636,-5.916747342557998,-1.7021127358412256,-0.9890438391551242,-1.8703644948567884,-0.050441103406117606,-1.7851026390655478
2022-12-31 06:00:00,0.32814566326014355,-0.9259432584666799,-0.5517447026034844,1.217366120598702,-0.37024754875031857,-0.7868381892096203,1.2964316455944223,0.28181793947719863,-1.0805591188261954,0.5192850780049761,-0.653810024894661,-0.6662624481363608,0.6654351477392675,-0.09445992215479929,1.0063591416515747,-0.15441246223097235,0.11968112970292019,1.396324572792911,-0.27894336994465824,0.38493962402380144,-0.7191304596250431,,,,,,,-0.5760460431797754,-1.4049795517619224,-8.532072081716661,-0.5543641323148364,-1.1708410481340132,,-0.4067631912619628,-1.5354603220456617,-0.31204500196522406,-0.5394960277615647,-3.5530323975839586
2022-12-31 12:00:00,0.4881535171731743,-0.6343028055258121,-0.24119929792263478,1.1772281505016315,-0.260303857661941,-0.90793307800128,1.3475383236561478,0.44203406013500035,-0.04923719403003324,0.19441634592141044,-0.6476694117887106,-0.6594951046166712,0.7959400796552288,0.03537132920573335,1.073701398540768,-0.354714753397773,0.04924132949959983,-0.18135447422225578,-0.3100150746495796,0.10403886004439734,-0.9917010672446072,-0.3909995767766166,-0.6505246063837964,-4.396745811253784,-0.4798098788882701,0.050231423917218444,-3.3912043965078706,-0.4925254294137468,-0.7650888800719945,-6.752987188246278,-0.4664306795179606,0.016408373865298413,-3.636250496617157,-0.42998109510189014,-2.545482954274788,-0.4221752128259699,-0.41373471236004955,-3.3317424594136975
2022-12-31 18:00:00,0.9977724614581621,-0.21804718070183043,0.12843607027974513,0.9590771845572655,0.1157312390645972,-0.7437964896416395,1.3116892700838971,0.9626337277398831,-0.9399346759039261,0.3294395442063602,0.7260363647680091,1.3359701783236984,0.9439571965284003,0.41144757518838654,0.49156162805468195,-0.1670631663882689,0.0374729554369197,-1.008740075748471,-0.14223130799663283,-0.8286407981124814,-0.9096258645280795,-0.304077237403521,-0.47151501309283106,-4.423634100153412,-0.464449864981649,0.8124569061494223,-2.924288297427383,-0.49269962114158367,-0.5779784693297295,-6.624321819573332,-0.4973362796080893,0.4523725576036463,-4.351504876645016,2.248042116245632,-1.693930962863641,-0.420649633764611,-0.33904539225978947,-3.3557610431658267
2023-01-01 00:00:00,1.4655485058941944,0.09916781622448725,0.44286868908045585,0.864397728123145,0.3368457169346804,-0.7880178781944134,1.5384748093721947,1.4571661221640617,-0.7047814524669014,0.12071294802672422,-0.43723786240899454,-0.26329564516595233,1.0735833288722254,0.5728289121438087,0.7605229398914348,-0.26495633192104545,0.18759964355722292,1.0608732219755297,-0.10667412664016337,-0.4402161129425202,-1.1335116040119417,-0.28600173904725956,-1.504485623819186,-6.357482135436092,-0.43674990575992717,-1.7910248440482213,-12.620859060541905,-1.0463143255873717,-1.7039756922447074,-9.485607617055074,-0.8758126510075984,0.2971375927408768,-5.763158882820828,0.8814960297446366,-1.1939514546374619,,,
2023-01-01 06:00:00,1.7621430806860903,0.3801140169231348,0.8145317682846357,0.9841943924540342,0.5092719673042853,-0.7614238729327518,1.5268300781323356,1.7790074187560216,0.17716265905626302,-0.4818337654998165,-0.6622436008226636,-0.6707371629505842,1.1510594947220396,0.7029528658926584,0.9534042441724281,-0.1920479130748533,0.19736226343444016,2.10640618272701,-0.07888699343287957,-0.13858891552992286,-0.8480996125115223,-0.3858911129454925,-1.0757299826383344,-5.837322781357957,-2.8910019511869254,-0.5817598339034056,-3.892204299648295,-0.5707178244359199,-1.6558059404756191,-7.5875110889622155,-0.6326246759627605,-0.30727953769828203,-7.473003171678768,3.738268546540133,-3.422756834973411,,,
2023-01-01 12:00:00,1.7109955682251408,0.2540819900082731,0.6881492898910657,1.0186293370731496,0.5068565957843683,-0.8003808197645638,1.461506488019295,1.7294071203891537,-0.18914036898477532,-0.25797919831488497,-0.658497484197722,-0.6577337956231495,1.2027331014077307,0.6678289042515563,1.0455821668632637,-0.21742707408958692,0.09870454997460285,1.0034537612890053,-0.13288954814714396,0.2435170410434688,-0.8337444379697081,-0.47942648180767705,0.22720443904417018,-3.903895876232428,-0.604326945318061,0.35834377352585123,-4.763712681023613,-1.3453878979804987,0.07646913205392208,-5.145456886186269,-1.898378760407689,0.49992200499585393,-5.897733033851217,-3.1355882795180654,-2.1644562834502135,-4.930002043513157,0.9768259956936524,-2.235758588993809
2023-01-01 18:00:00,1.2890113028085493,0.35122115056124303,0.8427098311943562,1.1169949026141928,0.4780010430670575,-0.7893051035956546,0.8904972947369538,1.2734044554826722,-0.1008560627240205,-0.3674754800726635,0.6540577664557673,1.2938413154233404,0.998246678876889,0.630147591491809,0.2912413978951814,-0.1450723365142047,0.04068213133172292,-0.47829170005880034,-0.15236935645659247,-0.753414767064738,-0.8948485318832454,-0.12183520831816082,-0.19690676228099244,-4.074157615318525,-0.04998901170757765,1.0976117396345089,-3.5920410676960475,-0.30716847838669803,-0.2098060953776101,-5.291593021619649,0.2593612888724105,0.81901673146087,-4.560701632204925,0.860976070587084,-1.5858951589170178,0.24036158916779224,0.7727417170360291,-1.8744835609764774
2023-01-02 00:00:00,1.711932675395701,0.29808619531690955,0.5608948626393508,0.632046611530265,0.44049523433187326,-1.1620634127027565,1.6094332794030495,1.6972932223181618,-0.9669408264333097,-0.15412913332771094,-0.4181740662032638,-0.23767818901523854,1.2112344417320755,0.6812564797285586,0.853274331778121,0.1605387855851183,-0.1333140606888358,-1.6623341897134287,-0.3766137542629334,-0.22144200459975083,-1.3706138852034504,-0.4357963553371749,-1.0383045309923735,-4.801668816111643,-0.5090544996599299,1.192269373154271,-3.693512766239078,-0.5649414170265865,-1.1983771666978986,-6.272753705414694,-0.3666870233194181,0.7608750852217699,-5.790271642104576,0.6569687849832904,-2.9724174698395673,-1.5943380293913956,-0.3002704166874593,-3.4361755036934882
2023-01-02 06:00:00,1.6256806433432487,-0.279592224349966,-0.15730641133464268,0.486274679758254,0.427100869996954,-1.5499305649768955,1.5465181322806112,1.6307789740211132,-0.5984142877337799,-0.6676410547296744,-0.6523209031787547,-0.668328947720065,1.2308082328495922,0.6017635804338273,1.1753191662909832,0.6716884182070094,-0.5092574366999967,0.6047132356754591,-0.646059458507947,-0.08203357518091912,-1.5369309163948146,-0.4023151450644678,-1.5480009835820407,-6.274977859670858,-0.4919123794579411,-1.6991626381341303,-12.005162806584632,-0.6252182895188756,-1.6857517946966878,-9.760973859576367,-0.8509948680947818,-0.13066174028310304,-7.133709136038048,-0.9052903645179585,-1.4952174041064892,,,
2023-01-02 12:00:00,0.801680920725784,-0.387700596989349,-0.11137442641481572,0.8531305624751562,0.18541131068623098,-1.8313869627874249,0.8545985989015806,0.8238895842611198,-0.12302520107024185,-1.0514489783465544,-0.6537152952935951,-0.6618968805639249,0.9110129780107111,0.07811348408809421,1.189551980426505,0.8306134547111497,-0.9704991588981202,-0.032531532002752474,-1.1306966674773251,-0.043143466356176545,-1.6155932554862937,-1.743558989336262,0.32987842969536596,-2.4799409833135053,0.34776955638754586,0.5149407327651134,-3.4317064737754155,-0.8221190324065057,-0.6790965801393136,-3.3116939634309515,-1.9934864427210548,0.5408907626167425,-3.4801793870196516,0.020328234013288603,-0.6757410299296491,-0.16231166585066867,-0.8176724211610696,-3.5327889344542096
2023-01-02 18:00:00,0.3652352953466436,-0.41763095466559985,0.02096915153054102,1.2161460488243792,-0.0853225980891079,-1.7479752248119516,0.43760705331397454,0.22707077172933013,-0.17024392071860636,0.7259463484763048,1.3059802770928803,3.391427227339275,0.6450401764333713,0.17487288103626247,-1.8449686380678663,0.9054056447240306,-1.2902985090027035,1.579240890452834,-1.4202478947435444,-0.8457541588469389,-1.7739995123161916,0.3683092742050935,0.5684854717208607,-1.4560472377524623,0.11568505553020099,0.561180755290045,-1.0025927166043822,0.2179776873881118,0.6026564185514557,-1.0477152956519689,0.41742937989771767,0.474946970750146,-1.3374329092176487,0.760557491432107,-0.4181059128411227,1.1869229396695633,0.7769559917370186,-0.5120689748653376
2023-01-03 00:00:00,0.14422460690071456,-0.5079098603803862,-0.20233205376774052,0.9506357006891747,-0.20090018668049708,-1.7282360303109772,0.4222695194554929,0.07980225534385361,0.5378473443876679,1.4574729702334728,0.6767856333526899,0.7164006989778543,0.18965822676402713,-0.23432659156311197,0.9080054713846286,0.9709905810223475,-1.3709566560744006,0.9973591340415143,-1.5410535105105287,-0.17843531270936516,-1.7580456489985203,-0.5436115218188231,0.5626098906220807,-0.6543727990844732,-0.697335473930568,0.5409470300412274,-0.06725517173142603,-0.5538130602500154,0.6260096960173185,-0.3819431631837685,-0.3463175763647305,0.5669481237390088,-0.1892433168046923,-0.0670437484211964,0.24500228240202854,0.2832237025832469,1.10597540450878,0.0
2023-01-03 06:00:00,0.10573137982287983,-0.8745172138632055,-0.7279208948580813,0.7055693606060964,-0.5301924669322344,-1.5094872242409196,1.2005153365517838,0.06314384417969954,-1.120027805508871,-0.32397218777383296,-0.6462485277099035,-0.6688792347291815,0.5143758576145362,-0.3254798468822473,1.023434332459477,1.1787250949511654,-1.2411942298447098,2.961867582666026,-1.3721183839761342,0.024755930398329955,-1.3695357781252298,0.23150988534614597,-1.5743381976987738,-6.165103831672685,-0.7700366130476974,-1.158447691512879,-5.909490172566065,-0.5707523852866295,-0.12547544490296195,-3.1156044891445784,-0.6320177783219937,-0.9803067273495485,-9.136535310232492,-0.6666882112193473,-0.12612030557200604,0.4145582377214527,0.3800948616054697,-1.1460848214219947
2023-01-03 12:00:00,0.08520356173238874,-1.2726349483913566,-1.1562632001659456,0.7507070793526189,-0.5862813083956854,-1.4627648875322616,1.2346841937092894,0.016236301897527932,-0.8928278112568108,-0.1482751624384491,-0.6382086995365921,-0.6440617365935717,0.6009604875470719,-0.2920336290142904,1.0919929603187084,0.6428523290692827,-1.1647564599028994,2.0795181397176905,-1.3179278202402362,-0.17871744896411154,-1.206082473683898,,,,,,,,,,,,,-0.09140914536461976,-4.520359974543882,,,
2023-01-03 18:00:00,0.07772348694277727,-1.5862954554604756,-1.5148486292685048,0.7401276296688776,-0.38860945061822544,-1.3055683893229562,0.6092825267957559,-0.02781454316250309,0.6248185755269632,0.24923948904858306,0.6098639632038628,2.884235054689293,0.654960684737563,-0.08653311541422798,-2.170285489431085,0.6028411202086863,-1.2241804184164833,2.029637264304773,-1.3138785056656381,-0.7345906694415161,-1.120756838538676,-0.16911273087469306,-1.2455330412099102,-5.491287484759044,0.10482737915712922,-0.7610396658079639,-7.70691061161295,0.15342636497250983,-1.2995438486830826,-7.987010530951444,-0.015850277012581664,-0.9606198072861454,-9.899745447032071,0.9886918396034975,-2.8207157131416802,-4.815913160584362,-0.8130390376939051,-3.6383020427403183
2023-01-04 00:00:00,-0.11643303991521779,-1.586950061332794,-1.5211154591453162,0.7280447310031223,-0.4754180474763653,-1.1471953919502649,0.38072417542568565,-0.19835850132807126,1.8721446147528695,2.60667566882652,0.050852516634134017,0.36418751481597045,0.40662654552409555,-0.2606926011465834,0.5513002735782296,0.9921788146961475,-1.3652455023907322,3.6317926947278996,-1.3124419448846134,-0.35885805506507246,-0.9507443658735243,-0.11907498806643996,-0.5155096195489222,-3.37412120094908,0.11977867498387362,-0.07469489380712381,-2.31288432058389,0.012897387233918629,-0.5457275037820001,-4.420398430993204,0.18664876697973018,-0.3444060768207722,-4.240382901670686,0.3590114391962017,-2.27103787444354,0.06145558839607995,-0.4238771566200462,-2.8799996482446355
2023-01-04 06:00:00,-0.37037926546810696,-1.4202607309669395,-1.2217599685635092,0.971435215721863,-0.6389009455752406,-0.7947373684314979,0.11146382653101572,-0.43626350712095346,2.455079774279327,3.126582865064,-0.665037700961995,-0.6765559663790512,0.2669345535505994,-0.48589928060617465,0.7945783946627438,0.9302091704593247,-1.343193347717516,3.5195234749124484,-1.163635353643119,-0.22717088375827346,-0.41325950625391156,0.27310451006888187,-0.8290502013846247,-3.9708520529482083,0.708449992192178,-0.2627936203796648,-2.518125050801048,0.5712640941018914,-0.6889930794313591,-4.369976732871661,0.9663581350902118,-0.5705328939543374,-6.581243742991705,0.6039883580403587,-3.1086352369085857,0.007147670327058253,-0.7648501309419985,-3.657781516332564
2023-01-04 12:00:00,-0.5649141523273001,-1.4271137388761286,-1.1532441497244232,1.1380707280916793,-0.7553733340593966,-0.37924476685758496,-0.15317634857779522,-0.6136376418912014,2.603624650550394,3.240038338746215,-0.627687688272581,-0.6275367500140825,0.06737291420627141,-0.6427892217044533,0.6519429081763561,0.7923866422448127,-1.2703691123462075,0.9549198612373045,-0.9662601298709089,-0.013373684746043314,-0.03745728876294072,0.32291445637183663,-0.6443533841410708,-2.968751320467596,0.7603135290778021,-0.21971546497353708,-0.7190920934522893,1.0259555038162114,-0.4890809180417309,-2.3690807018367805,1.4345543955295477,-0.33242946832036185,-4.057882549192174,2.0767095582390263,-1.8841426459823851,1.292022997107427,-0.5196118584129952,-2.519244371756081
2023-01-04 18:00:00,-0.5216657113557016,-0.9643388194191098,-0.7815883892655026,0.8096728199267452,-0.5019897954336432,-0.000351069786010977,-0.6057438964140625,-0.599445119626301,4.484741088111579,3.150478816117819,3.613696704332955,4.883705272163236,-0.3030737526679691,-0.3744355938753026,-0.4600732226038299,0.7038342316165668,-0.9044488691862342,2.1492737341185184,-0.7300625595493924,-0.6115048577067238,0.37512828754002725,0.28711153580298776,-1.1403539776801677,-4.751581017981423,2.335863451528138,-0.5312562150630504,-3.175706579213059,2.323819094607871,-0.7682090241594332,-4.022686200464745,2.575453417829425,-0.6240632623663144,-4.548957260904496,2.1435883373109066,-2.7510189641318052,0.29147010158115283,-0.6644127996792241,-3.120249083392777
2023-01-05 00:00:00,-0.5877566296275769,-0.6676836896742373,-0.6286141942764661,0.4127965571937756,-0.6731135054768098,0.2662103284333485,-0.19835389327359954,-0.5735290674171819,1.60033990757405,1.1455010528327232,0.03377852621188438,0.32701540184368677,-0.9601342198839713,-0.9703229220436447,-0.7096206460088722,-0.9583212541410374,-0.28080144804223106,1.3829642861059028,-0.3460083446965925,0.1832900392147162,0.5803705325526883,-0.3671465047986198,-0.03221164386065842,-0.5886573562087736,-0.19415439423179665,-0.17325642199728042,0.48606283468666606,-0.3289599751786975,-0.22069811591432612,-0.652051096500387,0.1805697529028428,-0.20873556537944293,-0.2332804838359039,0.6317066521679886,-0.010690478904616506,1.0108259293413684,0.13599115642606538,0.09938988953652643
2023-01-05 06:00:00,-1.1378217000360056,-0.7080092827840642,-1.2091221568133672,-0.7565297436294411,-1.7230722624925638,0.5583384793969312,0.6025980228555589,-0.9917363530057255,-0.6791405718467874,-1.8033452137062769,-0.6912493080600082,-0.6954949850364543,-1.6119011220991746,-2.199096122447888,-0.31934685060062185,-0.9485423905810705,0.3413341535013009,-0.7933874922901211,0.2151258381833111,2.497197546700906,1.007091616862023,-0.7887595194610749,-0.22283839354385557,0.48463122776353595,-0.6498592661046046,-0.36861205369696376,5.273588009758677,-0.5674460858479092,-0.2296682239494229,0.9409650063175735,-0.17604001808732794,-0.510259347871277,1.2257019247867333,0.28388359689183007,0.8121438712553569,0.1864884676170725,-0.03771932479132481,0.7990702389568426
2023-01-05 12:00:00,-0.83501398156264,-0.7970380424534499,-1.122457377745457,-0.34767895804156806,-1.3956146588047549,0.6051862203054297,0.7066581860033808,-0.7758405607621468,-0.6652457156639737,-0.5908912830912552,-0.6187643848897015,-0.6281390167354675,-0.19479057518745171,-1.2833624592134238,0.8865233170568457,-0.7448238630014951,0.5675930145235606,-0.4958240059178881,0.48692071405115933,4.905764646145713,1.0039021554417675,-0.47416669590417787,-0.3878525163139933,0.6632209233249889,-0.5142830473789356,-0.18525058207351305,5.887366766772843,-0.3984172308768167,-0.16161589457235168,0.9101762915003934,-0.3963957193036758,-0.45161801997369755,0.3797573237192648,-0.09634189206742622,0.6706639819451091,-0.13317073155969475,0.061172588409143566,0.7724800505901652
2023-01-05 18:00:00,-0.2773318061274338,-0.24447102650388658,-0.4172520943946936,-0.16841468655682929,-0.3349683755977377,0.6196920148704415,-0.1543740270071781,-0.29263958361059283,-0.5121233604756685,0.08853987544706858,5.016277285932735,6.662395162452753,-0.6525829128188024,-0.21650127500296754,-1.1423227902491657,-0.44403620681468325,0.5808281554948523,-0.3518261317440002,0.6719597605329283,-0.22247440216399453,0.8928379605028034,-0.07781568541807722,0.3551997775862249,0.05825009922334534,-0.24805355169358725,0.08619710056640612,0.7726637618504509,-0.22415487478138996,0.23121569533222291,0.7006896583241831,-0.41442865368502085,0.15080900890139506,0.6398532366948863,-0.8245967177040315,0.6833644647506388,-0.746237039284362,0.5698833665127889,0.7432431464600576
2023-01-06 00:00:00,0.07737806438852869,-0.3687072822228531,-0.33336217232307025,0.3211523636091329,-0.0058846907356137025,0.21557315767909688,0.13102335708305604,0.15804386934503115,-0.5341256113588497,-0.12117104152183122,0.3128007846674822,0.6651582995325521,-0.3849041303200862,-0.45671426502432166,-0.349327028714302,-0.306651441233543,0.3574617260133855,0.08902426845082083,0.49492910988737027,1.2782170788649665,0.3319872405928794,-0.5637512716362103,0.7729415734786236,-0.11701661511394007,-0.5821292620072033,0.506769991382752,0.36426181836279486,-0.5499274397038102,0.6502811556588152,0.42771952394601215,-0.5590878096001077,0.6362333904214955,0.47430879425374955,-0.7050587425597182,0.6733569186008054,-0.8976213719046099,1.242222310888631,0.6019219091403499
2023-01-06 06:00:00,0.042757131614751684,-0.4106916788278031,-0.3165857694132243,0.4613026273193484,-0.3808570539932858,0.10074741433780578,0.8334957004162479,0.08107642547795148,-0.4248754726410751,-0.36971116152878736,-0.6660388943783616,-0.6800681071296283,0.19247693617557582,-0.45705479642106,0.6659128280758956,0.5877544547782824,0.03341250374136773,1.602726621326111,0.2179452760799791,2.5323442406510956,0.1817315290377989,-0.6347299206512689,0.3532783972020542,-1.4225214526755974,-0.6785861653263048,0.11045701230131089,-2.1429596974336693,-0.632192646306985,0.1888140126123541,-1.9079805455993422,-0.7066179460057647,0.3035307212559374,-2.0058611559025437,-0.7523871838867744,-0.2927460770982643,-0.5528884464956464,0.86801927364875,-0.4236486797154126
2023-01-06 12:00:00,0.3952740515946364,0.04405333987693222,0.525577882995079,1.1810101713631425,-0.29948416971198194,-0.25904525939916473,1.3145397127117369,0.37641556765917783,-0.8764151799288444,-0.25637113120843513,-0.6380737144084725,-0.6422289796967338,0.7446632870926677,-0.042585268152378834,1.064143866402822,0.9278027997077273,-0.23790808908547278,0.8696301747313139,-0.2608029429509489,2.73764557797522,-0.09220137094214349,,,,,,,-0.5217060057851302,-1.7016750942833332,-10.038114267821308,-0.5130510153459639,-1.228961747582633,,-0.3995643941877133,-2.52494667320701,-0.3556415128003328,-0.8585036972062743,-4.054922659635348
2023-01-06 18:00:00,0.5336734431483663,0.18808220315241603,0.6219784413973168,1.0366892810472133,-0.15138477304498518,-0.13337608953388122,0.988484798713411,0.4168007489897347,-0.4546850498040345,-0.038843002515430894,1.2312010869321641,3.881565216575709,0.8853930957706199,0.2551967890353453,-2.5113623997774877,0.9390577243976219,-0.35321577576484625,0.2479596965339239,-0.4078680459509522,-0.5654017384253495,0.07165919590702453,-0.30866514084097413,-1.316794161934601,-5.2982986057346215,-0.2267229957600609,-0.07128043357391109,-4.29507791692506,-0.2759453054696745,-0.7064209817131574,-6.243789755669366,-0.0022521409580428483,-0.264088545236452,-6.182884726825158,5.287347152174079,-2.2477410619197475,0.731925939770644,-0.21913264593939052,-2.5328371827953786
2023-01-07 00:00:00,0.6322064925452167,-0.20643908141494688,-0.08068309757445581,0.4734271259726033,5.077899760542573e-06,0.21200878265152884,0.8655012477026623,0.5492779957599819,0.9640859986682131,2.3822798190827257,-0.2241781461231688,-0.019024254930204584,0.7016532561160611,0.1673992786236867,0.6404270031874895,0.9574368402908413,-0.3492313120375964,-0.25547087254450673,-0.2184633152245474,-0.17396055214302747,0.38107681050055237,-0.44729417202873617,-0.7613835684185156,-4.243068445213865,-0.5277694190382001,-0.10521207439543621,-4.366500241220225,-0.4570412822581618,-0.4067782016251028,-5.047913535149126,-0.488205809228587,-0.10581548334326882,-5.851400141794438,-0.42369163363914514,-2.1858628375748292,-0.7265509632558236,0.06227266699032397,-2.430668064266237
2023-01-07 06:00:00,0.5351261421462659,-0.2992762393897015,-0.426897832960411,-0.054409773864617726,-0.19117979428296875,0.6192453101528348,1.3365643785075998,0.525943336817453,-0.8767351012056586,-0.13464812407552806,-0.6544762212577282,-0.6701015915579461,0.7213342436376607,-0.0010597597940513236,1.0045957802697458,0.9688127640615254,-0.3758347177778568,-0.3478004207387133,-0.01228597085330753,-0.14183333177126534,1.077952269778047,,,,-0.5314272236719915,-1.836956036627063,-12.12461832392586,0.1060213392539878,-1.180814685821463,-7.877134999331794,-0.5060488245871831,-1.226365276719523,-11.322645363638426,-2.4952740025681086,-2.879772166154551,0.8736484524967242,-0.5530435106963577,-3.1827683969969263
2023-01-07 12:00:00,-0.24872913255741222,-0.5117996269360412,-0.7935848594695019,-0.3319823250932123,-0.7739569460741339,0.808747761566633,1.1543587071513393,-0.18827179599111565,-0.6891170327060483,-1.9760704750491853,-0.6046422362919986,-0.6480674694956877,-0.006750973977455366,-0.9916043707636513,0.9457900908262847,1.062418043057832,-0.4389509903401678,0.8895572104374704,0.12834244864906988,0.47429090636603205,1.3370126590459988,,,,,,,,,,,,,-0.7333267410113694,-1.136157938688217,-0.11326446362492038,0.07789716686726468,-2.029678555563366
2023-01-07 18:00:00,-0.10509626940674274,-0.5295106367415197,-0.7500057163678465,-0.19308364350846194,-0.24565955011974722,1.0636401862423355,0.114489020276453,-0.08108391352786347,-0.8212192697515762,0.12157151061971702,5.324450001449695,7.095441639030213,-0.9673933659610762,-0.45583129762882,-1.4454338506735867,0.27335047005374774,-0.38321937925640165,-0.5806597315597332,0.3727419122504064,-0.59594503039764,1.4820865805036614,-0.4063559323017719,-0.17999430415611875,-2.76015412476862,-0.6695251681993561,-0.4004922007031057,-4.525447699097343,-0.48568216790885155,0.2576688644011879,-0.16880006094461675,-0.5451646790095638,0.5543508426735642,-0.3504227946710178,-0.5384763986992173,0.053128355034283106,-0.5713965632483892,1.0944677162055496,0.7044620834537461
2023-01-08 00:00:00,-0.4556712620111752,-0.40917327591779873,-0.8167483294386102,-0.6355644429522662,-0.6716822314399555,1.059559450335765,0.6322444873941376,-0.25729798191524184,-0.3635514569455241,0.5199423033935803,0.4009879316241543,0.8996136079286722,-1.2827352261919462,-1.2769031694983832,-1.0686308491663112,-0.23795756628397605,-0.23470734327159667,-0.14236062685306067,0.511780234412668,0.48820208650159586,1.3080103754366195,-1.1909766213608763,0.4875285542713456,0.06883186709096382,-1.0075938433103975,0.20633463486713932,0.7818920363630026,-0.6540957747095836,0.40561928964430327,0.7096340887960397,-0.6316593783818292,0.3461760546783671,0.8624334012131853,-0.43918530540762235,0.774562931793269,-0.4344115999976138,0.9528269840949473,0.6455585552731951
2023-01-08 06:00:00,-1.0421733465784724,-0.6451254686728449,-1.1310585777037854,-0.7409172967094394,-1.5276284816776375,1.1282813654406447,0.7088753853956284,-0.8665703805379995,-0.04446039538977294,-0.6484327380341264,-0.6849406309471747,-0.6928014283206527,-1.2947153830639127,-1.949297546839644,-0.09051537000042598,-0.574005371932409,-0.04954130832797898,-0.7190986017686505,0.702738216570875,3.8127639406640843,1.4136156148455932,-1.1927918727390108,-0.0758220090440782,0.2949874502307667,-0.9875206033885018,-0.41402595095862477,1.2516087040549895,-0.36972596386666395,-0.23246682898746968,1.0124955131291682,-0.11063507153232986,-0.38411434170831327,1.03723995877261,1.0420444018842743,0.7702930774938826,0.18564739670946448,0.06788769152125132,0.7562556570711167
2023-01-08 12:00:00,-0.8900747054914462,-0.525570409939678,-0.9828315259361047,-0.7116454027976109,-1.4163656581684367,1.0322839830089097,0.7913357010373776,-0.782376101227429,-0.4821187787109426,-1.2868770090380395,-0.6330457834288461,-0.6389968035789412,-0.7773077847444384,-1.5926591858714663,0.3334470143795836,-0.3557786607001874,0.04432975228067381,1.550924978500099,0.6503014473278816,3.816018817295331,1.2606620636113148,-0.7850966834456912,-0.007546603206633232,0.19195289994160564,-0.6864622775601729,-0.31448877960238053,1.0956635446331777,-0.6540170983211397,-0.14183768949229728,0.9289684209810558,-0.5793684480218939,-0.23803250812646018,0.6096587993094253,-0.4764196908100217,0.7078249382240619,-0.5167177196334619,0.11500501110193492,0.8291976683861301
2023-01-08 18:00:00,-0.4250132669468973,-0.36102989718954415,-0.5442817923281364,-0.15874407309779276,-0.40447278768106304,0.8991120047587717,-0.3483213783328104,-0.43267559467080874,-0.7467741653129442,0.09469416725364053,5.284478906150856,6.864186570036945,-1.1921597673649251,-0.5338668986898365,-1.4028070876937517,-0.4344980027655998,0.12903883270884373,2.0261949894747477,0.6355247904292004,-0.21550646876331309,1.0916840526378646,-0.19810556515676175,0.17282181255342363,-0.0411289328562156,-0.37101596721850894,-0.07817907472491452,0.6677837992037078,-0.22756491928663888,0.05691327424488274,0.7156155391165978,-0.6305517085574612,-0.03700804593809186,0.665039629477473,-0.9683708089014389,0.7338308029850118,-1.0027911309877098,0.27188210361253295,0.7443841438505617
2023-01-09 00:00:00,-0.25557169318024897,0.1491576187092525,-0.021091689608330026,-0.2728222988462857,-0.026207643021824916,0.672691801138585,-0.7845212472393179,-0.35413537585041804,-0.09124868956760306,0.6312360001964723,0.7379285276082309,1.3250300509479915,-0.6376371245789422,-0.485853787649977,-0.8871805960085072,-0.2697171827087617,-0.02055106278141951,1.2186558739681086,0.433300880101156,0.775088587692146,0.6496587212773809,-0.7854159611871548,0.352846644932395,-0.07459243073672298,-0.7684443915821477,0.08825697976906471,0.4584952290714678,-1.0774986759304295,0.23382502923686646,0.4948554166772285,-1.4977392474225042,0.16327080852718875,0.5768856760085116,-1.902896491079961,0.6757216519093446,-2.2947041138492446,0.5414228044029747,0.6286824724095397
2023-01-09 06:00:00,-0.289748693309798,0.3280847366027851,0.06623888083885562,-0.5229845860677738,-0.44566115675698836,0.7349787383382392,0.1784326096880223,-0.25439038868413294,-0.22077099534693242,0.04344244561261878,-0.6684183521265019,-0.6841984141545335,0.010281639110682582,-0.6061790379128144,0.5464325153017215,-0.05507429496660708,-0.08647765610997504,-0.12695793075272083,0.38763021086473076,2.7361419896755796,0.8073346097651743,-0.6442568696422246,0.4425904633096807,-0.01107014874286786,-0.6907617799052943,0.1477639822815204,0.6123736423083462,-0.828136949402057,0.25466011933081706,0.46093846780299375,-1.0703755785056226,0.19161060017448392,0.5656972345603074,-1.261255525187378,0.6459120617133426,-1.5085435751171394,0.5683910238158437,0.5575270784010871
2023-01-09 12:00:00,-0.19527410234441575,0.40624524266949735,0.16705857951732175,-0.4952923585107382,-0.6190014431941924,0.615000459769589,0.9231496151731537,-0.1250945181869565,-0.5427135248004922,-1.0701736619694326,-0.6379743725284497,-0.6399453293093085,-0.22507039737250806,-0.7707683654242994,0.35415796420755447,-0.4765903948888333,0.07641875073941615,-0.23398209304484582,0.3348211413923055,4.3587342845863475,0.7985519924730454,-0.7391299730898419,0.5395081188848921,0.08980016637209676,-0.6124763097842664,0.35332108279416274,0.6434081129565603,-0.6733908236240297,0.6556893892699767,0.6112954456327736,-1.0791621282097597,0.5124293496191781,0.6688437311712425,-0.473314559989871,0.6660308205899026,-0.49801253657930317,1.1669013779718258,0.6310142137333399
2023-01-09 18:00:00,0.031740886774047926,0.5386253529697486,0.379251390846664,-0.35783253613942473,-0.11073019450962604,0.6857929057352649,0.04861341199204678,0.015516168104946692,-0.6323553470369994,0.02933633822812016,3.368236494524083,4.604204455212481,0.15264587799084417,0.035609385932741905,-0.23357741122636655,-0.8869106988645074,0.36628447714590595,0.388073499461459,0.5421577603687322,-0.32816049827471366,0.8080564553150896,0.20760255179141482,0.7155263886806339,0.0,-0.03039298562689797,0.5003267997455833,0.49468841599028196,0.0422591717814439,0.6466626666612848,0.5632293908738762,-0.35957820186177974,0.5986944280882772,0.5386244135278119,-0.6887303657312145,0.71300424150577,-1.0246647535118758,1.1202599533474893,0.6766797550976219
2023-01-10 00:00:00,0.7222260827046435,0.829006358690916,0.7864076670229666,-0.18371940750318985,0.3039113721254878,0.43623785582224095,0.5346272180719956,0.7920354990473946,-0.7095823242260455,-0.6286541475336167,-0.24625405738406697,-0.08680207014663069,0.7870072743860033,0.35045293070722294,0.6577276378895132,-1.0873368120832345,0.6069099230818146,1.4583435748644384,0.48960457412539615,0.5193355149265905,0.2623227975311252,-0.36771007749293244,1.4323453317098664,-0.6036501134048584,-0.569392479861941,1.3603751337951435,-0.0510984103938835,-0.758602644525199,1.3321455206803752,-0.22910888213609049,-1.5602740939322015,1.3559634618730156,-0.3539873525559249,-1.5093256998583886,0.5801911642786329,-2.2541957579161327,2.1015649797431717,0.38765415704219475
2023-01-10 06:00:00,0.8474236697624501,0.7153061669797051,0.6534129531128456,-0.19413174952321022,0.07361845661170803,0.26697224329870733,1.2082165051451874,0.8267229299134202,-1.0015491030836587,0.3472663897555365,-0.6581799444554524,-0.6692680449004277,0.864576245532668,0.24822752017805838,0.9702522448060795,-0.9087754613626559,0.7670627277858019,0.927154872230442,0.4912360791657892,0.664273885778207,0.2126052114060655,-0.44075625774339283,0.7795299335572894,-1.8676323735841243,-0.46192922864236374,1.1518451622986816,-0.6311843896148699,-0.5735309895949746,0.7064714257697001,-2.252674789036595,-0.466809086101394,0.8849349268306967,-2.0923808279888867,-0.4042192102364867,-1.3366593572533323,-0.5186872664520947,0.4279542150928747,-1.897647440443517
2023-01-10 12:00:00,0.9908873864278378,0.45329726373540324,0.5107384726012603,0.13985755241664954,0.0734420978076581,-0.09355882713165606,1.4760574041656231,0.9753332925739805,-0.8796768828525973,-0.41397663441449956,-0.6420282045376471,-0.6475160526964295,0.9589676253077773,0.3291907480307243,1.0273166448446591,-0.3970688036523526,0.6405830666442502,1.2862957089712495,0.24541679648884895,0.3854694600618565,-0.16391400742253256,-0.3822029112827105,-0.9444286032954463,-5.211192708982867,-0.3985164412613679,-1.013783122640481,-8.872466639668954,-0.4765478233186533,-0.7458389614042389,-7.228538773413653,1.7150586208071323,-1.0205632562842784,-10.601617832129344,,,,,
2023-01-10 18:00:00,1.460495472896484,1.1322688083481525,1.096593988452127,-0.2532885223994711,0.6525108793803985,-0.10572006103473269,0.5724123418752207,1.3585492489780773,1.053833404588874,-0.7352501711347467,1.4262564144784555,2.3157813859179743,1.1187999791668535,0.7828951257825866,0.23055539145976228,-0.15230451675644743,0.2010498294186767,0.4645907725207485,0.14645187516771074,-0.886596677105587,-0.18249706768266497,0.9985377233465889,0.21928220733559461,-3.3837604567459167,0.8868679085971732,0.8372761847164437,-2.3135546329682155,0.4078911335791826,-0.163935351156557,-5.612901843667206,2.5644197218775333,0.48816086008946796,-4.390815120120239,1.3015506945299513,-2.8295434544348548,0.6522377645636844,-0.5689162594061776,-3.5579147518825605
2023-01-11 00:00:00,1.2436314490406162,1.3870343858076022,1.5043671587836598,0.00995916035546439,0.5626412957461255,-0.3200081623575231,0.5803410374624363,1.2110298013690262,0.23060756204643987,-0.4364464759155331,0.008603556914145412,0.2714032513005165,0.9498328035633892,0.6463211143216021,0.5531739916327546,0.13040149482067817,-0.2935027700085827,0.374897902644368,0.014915915980940987,0.022326410704987587,-0.40312100115325994,0.5956598353773944,1.2754209304448765,-0.6859479770311813,0.4084365769605105,1.5274290883000772,-1.0655411730325377,0.5247482872687989,1.1941804239573275,-1.5694318589893934,0.6709340068892052,1.5011764563109844,-1.6350344903463205,3.3217792844749074,-0.3337305617160807,1.5594057357255198,1.5226551960463743,-0.9616747743994115
2023-01-11 06:00:00,1.191938644204869,1.3760994474906136,1.4512914723705568,-0.07908692118944534,0.3408446509043216,-0.7214907013347432,1.0393230894239665,1.143418158645192,-0.473481381140648,-0.08878219339688674,-0.6644339731663068,-0.6733732054266347,0.9622117816825874,0.46932430997822083,0.8997227658532679,0.9156790288393475,-0.6754838449033672,1.392297136656019,-0.3022723789712893,0.22502371357319711,-0.6084849166736692,-0.26476731448941926,-0.12360655515067497,-3.2863261938809174,-0.5749711137341766,-0.23979936963460324,-6.88267262809504,-1.471942612078935,-0.19415636153911908,-5.447027313571805,-2.039787040170897,0.06507122244876638,-6.296500797786418,-3.929310317633778,-2.080563961555793,-5.255499173924631,0.4426135301651047,-2.2248287410439165
2023-01-11 12:00:00,0.46191906635210317,0.6809371494063157,0.7429339314401626,0.08623388703294313,-0.08831763785118535,-1.1301253527610093,0.8012643499827605,0.4103314337338887,0.802381493079379,-0.7711669376111252,-0.6576870424193094,-0.6550547483912803,0.7397773428378978,0.12080834056165381,0.8885753182512321,0.7279404977479894,-1.0272997233237184,0.12393959631433896,-0.9505452257789352,-0.16311919697084465,-1.0730709198935042,0.8134873025735626,-0.7796886105420625,-3.9343844464847235,0.21644340593689831,-0.45547442801764454,-5.569199543038014,-0.04969233084053202,-0.7180780871121007,-6.092711898332497,-1.9879928073667643,-0.4304928683712917,-7.426849965598505,0.20470577137461352,-3.0348729559119514,-4.708900208781487,-0.7365975422045957,-3.952973700211746
2023-01-11 18:00:00,0.30264265986182076,-1.0099045147713608,-0.7979011886524222,0.8863326893848379,-0.0658852037742604,-0.6961554945307921,0.4974521147197078,0.2787623763245789,3.4796653303548166,2.309500469564128,1.7062562524006597,2.8809829127578452,0.6852998993726285,0.1675448415531197,-0.16414853991888795,0.8649205548466834,-1.127071512803014,-0.1158550104118451,-1.0089646140273707,-0.5619079792352715,-0.833053985378873,-0.4473262574338375,-1.278414867732731,-5.521201171231347,-0.2349491180538661,-1.3797663921761767,-10.832042070024405,-0.11176387423510181,-1.4759718790995184,-9.146105904143962,-0.3941356240244304,-1.0834856157371706,-10.694746027438,-0.5223622132986814,-4.251776146019116,-7.536629424719591,-0.7312208675130476,-3.8896096605331065
2023-01-12 00:00:00,0.21898037012249452,-0.8199932312174107,-0.7882334458231806,0.43936111131432576,-0.1281811702151175,0.05402146420607443,0.4895610446013524,0.2070222415693769,2.2735438822240748,2.525539741204059,0.031910413753138286,0.3051932834080481,0.4721657886838839,0.025608156766691443,0.43811073389810484,0.7110201461701761,-0.777969805305844,-0.6103703507136804,-0.49854589516153325,-0.18462028461111793,0.044906111809690175,0.30530590113547834,-0.4421504077611673,-3.0773263648179294,0.09608725913663951,-0.2822975654871971,-5.564129618098728,0.24437618482589665,-0.6541003871536655,-5.75127937602589,0.15909487843556125,-0.5526591943487144,-7.658965594485214,-0.08347970700301877,-3.6791350866669252,-0.12031634792531126,-0.8085779785825672,-3.9262931728240114
2023-01-12 06:00:00,-0.20280879493445997,-0.4637611525440389,-0.9203713427139587,-0.7274861661669287,-0.4493811138727683,0.7775600837154516,0.47636136914984717,-0.11457718728404681,0.9961180470443232,-1.7057328671880823,-0.6862719693283985,-0.6827059445124356,-0.5243077619015871,-0.667157613621414,-0.19308453568136025,-0.4686025524319422,-0.23653535593495503,3.241125085610867,0.03423327888390285,-0.06696417286998473,1.134577381899181,-0.8906834618907906,0.053702144613858034,-0.09870241335035039,-0.7503753596673962,0.17940769278485258,0.10907605584486946,-0.6258760862021868,-0.039154435378688526,-1.853980702621444,-0.7074699364650244,0.0894328267248569,-1.3773621353304184,-0.38251538573409555,-0.9533356912145827,-0.11323407028369678,0.1259588052684292,-1.0509211581866675
2023-01-12 12:00:00,-1.068923237984909,-1.1092775858490125,-1.607503579188737,-0.6381457213025292,-1.6274230277414112,1.2435160623692887,0.8251614796002871,-0.8981739544389536,-0.329337343492282,-1.9601448784262354,-0.6490540407837331,-0.6526871288518811,-1.4843814862127906,-2.0696323504019745,-0.24153005382356277,-0.8307495584838829,0.3391316605398698,-0.8992850707740273,0.5546372623347593,1.2025103260526107,1.7974284656621975,-0.7272604730257825,0.7617225377620104,4.662780595948669,-0.6494706631681362,-0.3000598022967006,9.69605760017406,-0.40495934853654053,-0.03662746529355285,0.9660924283280101,0.32176949775293356,-0.6138285607589992,3.6984323881041816,0.33498730713396324,0.8021988796211105,-0.09823988542846683,0.08545620404371071,0.844297554442628
2023-01-12 18:00:00,-0.497479110206757,-1.1697272842620912,-1.1913148530291966,0.4204494903682536,-0.5055779840301695,1.6201301564003119,-0.2401791976543746,-0.45647367689032237,-0.8222828798729338,0.15367094033750373,5.572195755124544,7.190749266902843,-1.1992187550203839,-0.6870202281062691,-1.2192515672241186,-1.0229918836390277,0.8548521157662452,-1.2747581596360225,1.1111670163929566,-0.5023745732183085,2.090711614764841,-0.33174848720558736,0.3521178767543573,1.6878680687089955,-0.478054561700099,-0.08120147680088016,1.5345315490314164,-0.36258919683041313,0.10827893430285966,0.7929830946605857,-0.7196317121327807,-0.0015953408764203241,1.4120737541702384,-1.0748863763987546,0.7162168390151655,-0.9300826669566666,0.22930089951168162,0.7511329682909214
2023-01-13 00:00:00,-0.4242801321203538,-0.9852729713062336,-0.9547602871437598,0.48279831862598493,-0.44775537903479606,1.676935093651472,0.007923817683707483,-0.332530916621093,-0.7757605092844437,-0.17508688269390438,0.5606878747747617,1.1177500012690131,-0.8899470539453521,-0.9099396758811557,-0.8784171943201525,-0.9961307976581758,1.07941135865459,-1.287080289672187,1.3045029341100878,0.669254446279707,1.8774536233278492,-0.7761350187951584,0.1447456987644134,0.9014492124392678,-0.7596945279110957,0.09786314273320669,0.7842103553093541,-0.7924478715352962,0.2560495448812703,0.7491880501863373,-0.8272195696402637,0.20369318323189947,0.8693325125056665,-0.8867836968172246,0.8935712389862708,-0.7471211508031693,0.47092834207848755,0.7177260444464164
2023-01-13 06:00:00,-0.8064214612007572,-0.8774050298443505,-0.9661611494988513,0.19200415241240307,-1.2126384515146065,1.8418994060432239,0.9283288011544633,-0.6180522900533538,-0.6514557215453347,-2.2432061468596456,-0.6839625218569032,-0.693456795359795,-1.0485167980012038,-1.6197474772743312,-0.04080756433837292,-0.8886823828273714,1.1893623289766446,0.07063280047730425,1.4552553341384755,4.930335242180679,1.9945386341217217,-1.024687986158231,-0.06017708869847516,1.2288651127747894,-0.7421746747466506,-0.15691715272182816,1.8358396709377856,-0.3424871423684072,0.1703342012318048,0.9124246174954501,-0.38888130635679036,0.09607215993501167,0.8884959663308326,-0.5208639580506051,0.7218695724926734,-0.4873594349173618,0.4469928798066382,0.7826919525808604
2023-01-13 12:00:00,-0.7465947354764502,-0.9946319384145363,-1.1775349674791626,0.018984063824212794,-1.105201491469116,1.6491751431954755,1.0289621035894594,-0.5119091829308575,-0.8393079646680057,-2.3071036315930282,-0.6494572257464698,-0.6518057233189587,-0.8149201012830165,-1.4721960470880426,0.15729357692275037,-1.0666392714530977,1.3310270754778124,1.4870095401516685,1.4790006861182525,6.088015042193145,1.7979251544349688,-0.9284287724248854,-0.016196500033311863,2.367435464414526,-0.6870781543761889,-0.12649114472507203,13.71567705545041,-0.32878781371026783,0.33121565375509565,0.803552332219709,-0.3454488552700829,0.004852693200374858,0.8121865846364225,-0.5876633557053146,0.6176043397379387,-0.29846922755366334,0.6665952091857958,0.7352941437596584
2023-01-13 18:00:00,0.051570553886688957,-0.6735847091571152,-0.7842439642588729,0.08720679298610372,-0.0682764020825335,1.5913211835020273,0.13736500619510444,0.09758773957988238,-1.0937758068796875,0.7554261364523179,4.611133853550395,6.069474903952131,-0.5173265663406126,-0.08844955902866285,-0.9291917115264592,-1.0677844904082503,1.4514943426419098,0.2768944504318319,1.5059071491352818,0.3256804822765256,1.6364489818064174,-0.25531089633402715,0.5686258170215877,1.173211368306184,-0.4072791624452307,0.5267209869199272,3.662698996842977,-0.41662738132897315,0.6919812964625535,0.6419221353819082,-0.5626725424854386,0.6653453174362739,0.5745891663046335,-0.6850911460356027,-0.03617030456064243,-0.6070726044304678,0.9727683790535606,0.6731224840449842
2023-01-14 00:00:00,0.48936146858948393,-0.07478778206004139,-0.4947504768528497,-0.7560323070310202,0.27401533253159754,1.0622526018265026,0.41052627792696716,0.6474658776912374,-0.7339952867478486,1.0857270451471106,0.6380324986155844,1.1657674014695363,-0.5526709105672971,-0.36244656057092467,-0.8246600352493946,-1.049043328314194,1.4306054914414552,-0.151595325258987,1.3288428382636888,1.408317505712478,0.9763714104169333,-1.0765099636393205,0.9925631085742959,0.6393845535537338,-1.0783095783616863,1.0113642851464086,0.2515613785724757,-1.3746133886450005,1.164308473066498,0.3603500999557885,-1.1043530229974645,1.2197914031575496,0.3916886493133724,-0.4053140378958921,0.6622594729442345,-0.09034770574730915,1.76988561628434,0.5345068263116142
2023-01-14 06:00:00,-0.15931320403871066,-0.1532176376105516,-0.6553539794155888,-0.9137204268746658,-0.5049490659436603,0.808562517635026,1.0566054244058958,0.03890091489390235,-0.4882992810687781,-1.2003738985499468,-0.6823843456736718,-0.6940036705822511,-0.5510143431653981,-0.9712219655109278,0.07333565811101349,-1.0180910344262208,1.2382157403972605,-0.5609116767946816,1.125414857694056,4.72089923263369,0.684610951677359,-1.0799053247730508,0.7350677547185902,0.7241678618863233,-0.7613625658228708,0.7530515144622263,0.45619187842169817,-0.5938925928801853,0.9621141362289897,0.4712670289365298,-0.4098128015211214,0.9924883304256191,0.3911539566590596,-0.4245130078253684,0.5532418965114773,-0.054458503340719465,1.5677993039186662,0.5684758825864062
2023-01-14 12:00:00,-0.11473591755307469,-0.4986478680312067,-0.6846172607597562,-0.1262464329096877,-0.5409414465253478,0.3776955201589433,1.0821636437410507,0.008845993732893067,-0.4420846144552822,-0.6213678119794944,-0.6471353745457646,-0.6515172473052688,-0.4424779535057208,-0.9073657724012612,0.17129606703551206,-0.4101701422767637,0.8048148434828187,-1.3645110639392495,0.7381118872241913,2.9244126340491525,0.23600420972763764,-1.087981131753724,0.6416968834876723,0.7185129843462487,-0.7883476088031036,0.6573011785208053,0.43090825687722095,-0.6785283673660109,0.8392388064081118,0.4736208302970405,-0.3918124154302452,0.8310883677035893,0.3705770106451311,-0.1289157137287414,0.5302728257947201,-0.46585066855423646,1.3409738436747272,0.5094710816552173
2023-01-14 18:00:00,0.5205281774205298,-0.5879780126370531,-0.5203567256102362,0.4529357180438827,0.4563738839836672,0.04168265575021857,-0.23212066320864833,0.5064881242338176,-0.4482774501871909,0.2779526638384267,5.143721995739973,6.627755387336741,0.11160264908022298,0.5417618742488612,-0.4450997825880228,-0.12400185346818836,0.4723711225996149,-1.183655111521538,0.4577796813471094,-0.4795697863594876,-0.14110139278189934,0.4610217517175579,1.125939475645473,0.5856314533157817,0.16488417845105025,1.0407709128495128,0.18275334968265675,0.3566599598078221,1.1246230283795629,0.33967028336898175,-0.18577922728811838,1.1759398755067856,0.31155910813973775,-0.5819679105691506,-0.24128721932436412,-0.7373781289042458,1.59357760984217,0.5474550771763467
2023-01-15 00:00:00,0.9731917819962553,-0.21013870453022898,-0.060228527061334976,0.5272503506091409,0.7202188664178272,-0.5293801112698684,-0.04461659232696016,0.9843778743890952,0.6663542103718599,-0.4767886933559709,-0.0019736898794140796,0.2195166287183172,0.9578450925110962,0.69944939271499,0.577700636873527,0.30680439742388027,0.07063443725746474,2.7169399331584163,-0.07057389357137216,0.05797322535711686,-0.8498007852845474,1.3293515692638433,1.5712268853604792,0.3870943779758164,0.9078475051022822,1.506117004851742,-0.31239974854506675,0.9338533060069627,1.1247313660301423,-1.2889452298402226,1.129167072464542,1.4699965618022055,-0.3602606092499718,3.186498228082371,-0.6272888277965654,1.8032637448375843,1.1852048136531064,-1.0496668455285638
2023-01-15 06:00:00,1.1818517376477051,-0.05220326450057791,-0.07411290332788306,0.10762002996116277,0.21854957539102435,-0.8949450969341505,1.4198360848613156,1.1801434872116254,-0.3817498456096256,-0.566649626822752,-0.6652899034984859,-0.67346182161046,0.8124894369811241,0.3733160878487031,0.7741651264731565,-0.30989996892506794,-0.07545934790336742,0.6796208275258341,-0.3537163640366361,1.4119934847217812,-1.0729900492551943,-0.6254902956286817,0.9967459557340258,-0.5434150590670096,-0.7412426429113954,1.746015418408081,0.3261777844300692,-0.6039081623533953,0.9204157092807879,-2.7972569474857316,-0.6070330605238946,0.5521951732461581,-1.9229617324363593,-0.18870551445271758,-0.8224057876624311,-0.34081659910643186,1.3390115128282558,-1.3892160238724451
2023-01-15 12:00:00,1.0443918560668197,-0.21341172497266475,-0.286258391034757,0.0413208864685346,0.11013421531038405,-1.5824410773455397,1.4842336587353644,1.0368528649304678,-1.0227403562922475,-0.6418034292349096,-0.645630125683616,-0.6438676998416578,0.8728784007609497,0.28661591314198326,0.9312869053550358,0.57724190094813,-0.5185004833065053,0.2270038903291001,-0.8786411264458713,1.0398715173095,-1.6833104793304383,-1.1509635837968153,-0.5404535980004656,-3.637996250062615,-0.5293703134410512,-1.8206993106324179,-11.396214934765071,-0.6240820817694012,-0.6232416485775024,-6.097237545854275,-0.43298539299264527,-1.1790335467793849,-11.092690329067054,0.7925606974691708,-0.1793841351288062,-1.000568309419262,1.3015096262670902,-1.0058462685602965
2023-01-15 18:00:00,1.142401902372036,-0.29660695580750074,-0.5005066181066489,-0.22186395110002702,0.18559745617532847,-2.0870592652978472,1.2633665849440212,1.0356013593870184,-0.3359988428373112,0.2188467426052458,0.7444481386685148,2.065202418118435,1.0579667601654232,0.4874852854515916,-0.5464626051892971,0.76985195541892,-1.0455667012496073,-0.291912771344036,-1.276299387502388,-0.706461766453393,-2.255045096793285,-0.3449432135399533,-1.0919898423574093,-5.329639863491082,-0.39049582660891163,-1.694098722559835,-11.953533193545347,-0.4946439539672094,-1.5547585667278108,-9.595847817684133,-0.7133767934163607,-1.1392003992714188,-11.217237236676146,-1.5286709344902374,-2.530199637959022,-0.9359447001227723,-0.028630521019379723,-2.9876914790653886
2023-01-16 00:00:00,0.7007748891955082,-0.42641682045118623,-0.5068116049701435,0.08431671801541846,-0.021228701010463473,-2.1403259097414495,1.0374932370970171,0.6058840013545028,-0.06546554558385713,0.10105604594800416,-0.19942850851835703,0.04959716055881594,0.7782272815725011,0.2071234048833383,0.6520245612439123,0.9671003677763657,-1.2328520964031844,0.03146033344135321,-1.6279989276132294,-0.3672051854358529,-2.4790087876730347,-0.35980157388094264,-0.35378207807495965,-3.295340851346808,-0.40269502482363784,0.22187412937840698,-5.084792733987911,-0.29105554332973677,-0.5646695958374586,-6.292604061565517,-0.4005480470653652,-0.1405432843069804,-7.162773259049352,-2.5996209619097175,-1.732280666547401,-0.3794069345270302,-0.062187555665351675,-2.7752555242941566
2023-01-16 06:00:00,0.6244149160598168,-0.9499517291612737,-0.7686077704667112,0.8025805940914489,-0.1487099123538233,-1.78260135207947,1.243610390447901,0.5373572548846767,-0.2422638330876397,0.6959597175894562,-0.6509050117143843,-0.6680823328755178,0.8180208374563704,0.08273842080892108,1.0688136868782907,0.941552807021206,-1.0828434188511964,-0.8840946545856202,-1.4051643009845625,-0.05637047581852299,-1.8346582783213508,-0.40981062897583276,-0.32760903270843195,-3.4577403392303565,-0.558118668556624,-0.034139735699492905,-4.66530274288762,-0.8806560294995949,-0.666163415095133,-6.498953423732112,-0.23031991562288331,-0.656088280351911,-8.260114781157226,-0.7878194271404971,-3.2245966411623668,2.53384447253157,-0.7465025144407215,-3.7756824044825508
2023-01-16 12:00:00,0.4277263570319749,-0.48221016884455253,-0.3367896875265046,0.5934277765971374,-0.3134778977634134,-1.5911797653306627,1.2732515350518867,0.341385627988401,-0.6241616052584901,0.27432225061366683,-0.6355537425968828,-0.6372229531087489,0.6987556529086536,-0.06887044748153157,1.020207299254362,0.5447328739122106,-0.925625159964135,1.867762984317671,-1.2752235616768308,0.21111124019032218,-1.566385919764412,,,,,,,0.13612312847722163,-0.8607386069300256,-4.452222505102697,-0.6075698495754616,-1.0447291298008259,,0.03336919401018629,-1.6575300332020204,-0.20275926529112637,-0.5480195416475224,-2.743641297694593
2023-01-16 18:00:00,0.36323265185446796,0.028461219029542174,0.06786417259679363,0.21909138132472916,-0.2617570348791808,-1.3564582537901475,0.9235674720950289,0.2506474812871199,-0.6495807501122125,0.211023027246502,1.8833477332241138,3.7026917950530813,0.6060174103418214,0.07949720406114237,-1.157085671284497,0.47342056097453505,-0.8956910100846213,0.9625608430299215,-1.0772690630321686,-0.7707607620028298,-1.351533940370184,-0.6378689728461995,-0.1400753182060039,-2.8965631054898244,-0.3634925482016934,-0.14399675205737944,-6.325624556866993,-0.27363084317587005,0.48591765201104037,-1.7804757425800033,-0.3295128189930017,0.23174945103072483,-5.340168969874476,-0.4784457645447741,-0.24712634336432593,-0.2862025450049233,0.9532908889899847,-0.5689521829623457
2023-01-17 00:00:00,0.5598460141657555,0.11229745621992776,0.18702993452952496,0.27288986821492456,-0.21319360497378273,-1.482176832183164,1.2345234568898893,0.4481184971803661,-0.9589258798772962,0.09628162838932548,-0.07216999796415688,0.19364568036375102,0.7210411298015948,0.09035911466369086,0.7019190939576108,0.6201540455978891,-1.0219237956466423,-0.5022081296734215,-1.059760705698515,-0.2097940906355375,-1.5650513523733056,-0.43702228717042496,-0.18868150275867934,-3.382745299274618,-0.5005840240806044,-0.3736499535856769,-6.2774911992829425,-0.4963630542070471,-0.8679915698135692,-7.1154856529847725,-0.5396353722803485,-0.29646765109001266,-7.03980737378696,-1.0953553223320514,-2.6817310780206696,-0.32372989463893104,-0.3261190991589913,-3.0876924356903963
2023-01-17 06:00:00,0.5198779308133918,-0.08085965280143519,0.006932251675534391,0.3553807163799756,-0.2571845471978763,-1.5351868271093632,1.3415554631015492,0.44045268574157165,-0.9127455606684949,-0.48168468570598244,-0.6461942991619789,-0.667134632929126,0.8132774847777,-0.0001609818689887579,1.14608810089019,0.8436880197958768,-1.0855013255462496,-0.487204099858798,-1.0761800021934609,0.3786937661518866,-1.3330880798839007,,,,,,,-0.5214940702273441,-1.5275598036027782,-9.45541008772598,,,,-0.6339643520991382,-3.8045140471661947,,,
2023-01-17 12:00:00,0.5219295139498262,0.018117305721250303,0.17709086092182136,0.4833065807229509,-0.2546273212140732,-1.6765108926295806,1.317412836743785,0.4331697268050316,-1.046172865037198,-0.8297338426181793,-0.6388592108469662,-0.6456573022755272,0.8118812320639734,-0.009945500249083458,1.1334171410384857,1.0314540995767316,-1.0902683044200656,-0.14566778752776086,-1.1415282062000083,0.46904637155763107,-1.5203732287976446,,,,,,,,,,,,,-0.21980248672249636,-2.585260158235876,-0.03369313606351273,-0.5566186744860424,-3.2869180085975134
2023-01-17 18:00:00,0.7142179196123798,0.23975755729968365,0.3174813391721229,0.24382774454878225,-5.077899760542573e-06,-1.936306695160807,0.9500227573875173,0.5937225725601727,-0.8859436568688343,-0.9119315635916262,1.2990251448320824,3.0336338478346287,0.9505401111425207,0.26907423785948464,-0.9396419191705605,0.881861094539623,-1.1014973134838537,1.8133298131986195,-1.1956719825241757,-0.6588296901808965,-1.8612123976432746,,,,,,,-0.1720367774259327,-1.1020525719508065,-8.155444619024143,-0.11952113538462429,-0.7826838485797631,-9.646359762835512,1.7702492358338202,-2.2287047246002163,0.6381103007557221,-0.18034922345872068,-3.087988278730716
2023-01-18 00:00:00,0.9607466149728549,0.6137974196378387,0.4394034276644327,-0.4116550198070831,0.09434895819286086,-2.2859871742750304,0.8866464543434859,0.6943380805579279,0.38859069288763814,-0.5864363534608378,-0.12034784302481763,0.1325236500198581,0.8239369925745477,0.31155399162133746,0.6464080484701743,0.9214741592788918,-1.373759185478282,-0.9103823693454761,-1.542540367031572,-0.19242296143314974,-2.186673966013482,-0.38434054380094,-1.1160303758078582,-5.59677938704926,0.028030252494824368,0.2236503353040957,-4.586285670686421,0.12557308872294343,-0.7231155210696172,-6.910410036479371,-1.539481298580761,-0.3431214664232928,-6.4718455402203405,0.6442076177320174,-3.006322652113842,0.5191087339086785,-0.2900314844179676,-3.181527968704014
2023-01-18 06:00:00,-0.3177358057949739,-0.2478257880059353,-0.38212169000275253,-0.083366892777048,-0.5473194118282063,-2.1220751051446354,0.18772390573709566,-0.32607798918878017,1.5506566808722657,2.4259416324029766,-0.6785486425702223,-0.679579948791695,-0.10704482613658683,-0.5854611795332445,0.33365677151326767,0.9211223036292845,-1.6504326219812904,-0.4147731577465375,-1.8839761528924408,0.09989416935434908,-1.9189188101937722,-0.19380803944212488,0.2520831540553889,-0.7703786890588943,-0.344694895877324,-0.3440514929640901,-0.6786352359259669,-0.4498629501834761,0.00837576889773358,-0.6218641379402968,-1.2082354470364638,-0.29905790003241356,-0.5769304321310175,-1.5212848746332346,-0.03358434857318806,-2.2996096415836025,0.2018556342753548,-0.041039352859024034
2023-01-18 12:00:00,-0.3035387159326288,-0.7352889419281634,-0.8757402700099199,0.03932912850453893,-0.7784020273862856,-2.096123530476936,0.65395182430405,-0.3673603389878069,0.24130089649887262,0.9358029157045075,-0.6397666912655738,-0.6372096565881912,0.12373914356148649,-0.6494335786000573,0.7291708367281284,0.8437184521262105,-1.8260817568786807,0.8424454765667627,-1.990377375518282,-0.19394489595736383,-1.9282141660509615,-0.3975489902460423,0.02336821102835509,-1.5511778677463959,-0.5387564878372867,-0.4164943652012289,-0.8541303207688713,-0.4220363080352619,-0.12006301632774302,-1.6644635535873709,-1.1009668015368488,-0.33303573172330675,-2.2195916327571994,-0.3020938515244736,-0.5865570238992236,-0.5377644763576288,0.07767132805209843,-0.8353376853520998
2023-01-18 18:00:00,-0.20540263492266425,-1.660238147882542,-1.5972371018779623,0.7423213203821811,-0.38449770731448574,-1.624283725001404,-0.14399705734805712,-0.32776964269495457,4.239802640467917,3.5295813631965753,3.9134456444509227,5.789126031523783,0.14409212061448717,-0.1401842761074702,-0.8902587788502682,0.8125512644720941,-1.6949233735795979,1.6289373567731853,-1.7580813679292893,-0.30404730507028604,-1.5915628279381762,0.10452481827838714,-1.4289674236274061,-5.775518314220351,1.4542769597096752,-0.891414119584117,-7.1144529706187125,1.0322788657857815,-1.3930144650895548,-8.25939843145036,1.5973955847636632,-0.961779259354028,-9.653192452314302,0.7998701238874587,-4.1083472744105,,,
2023-01-19 00:00:00,-0.2433659362554857,-1.639893708196154,-1.6894119559274967,0.49072386783151933,-0.4639211664776928,-1.0257764764335497,0.14748386926999393,-0.2784533565896574,2.8565258106029447,2.3174089587419604,0.5049925415591642,1.0129873367757634,-0.20898302809823466,-0.4020939551002402,-0.3219245055096501,0.8857183479719974,-1.5146412986291382,-0.17172757391830457,-1.344037068264851,-0.09208825023596852,-1.022404541717032,0.34300499631917075,0.0,-0.33702606830829557,0.5371568129533758,0.0672014141934251,-0.33385025888668707,0.6022375833271707,-0.1266606290467492,-1.6729304266333007,1.3576957318414873,-0.08755194100711461,-1.279876677613552,1.2393316755121033,-1.2326683126555378,0.8897124336500507,-0.13954977021596446,-1.6805066520868048
2023-01-19 06:00:00,-0.6870297960728673,-1.6518362705952585,-1.7088309974467164,0.4777193055570596,-0.9609698508804994,-0.6305578847434246,0.13584255465811285,-0.6525750479280178,1.6139618027105969,0.1285200324059336,-0.697233349593834,-0.6837044931645951,-1.275660275658222,-1.2751731879812636,-0.7211431247658028,0.8854600486006216,-1.3003568067534563,0.7218424515542033,-1.0595202005305875,-0.23511572585442367,-0.2801503473878221,-1.1372259454787077,-0.24415954022378542,0.8767860644713807,-1.0544186665065378,-0.3628554450025644,0.7037664340116188,-1.121088746643944,-0.10666064851179255,0.6572688484688822,-1.002601951355208,-0.2983680157618556,0.5884813708550725,-1.0809089099663796,0.4553038956348827,-0.7942651359711084,-0.08055334022411738,0.1297488164295047
2023-01-19 12:00:00,-1.3175338326910908,-1.9911009077582582,-2.084915010016116,0.4920060976491712,-2.310598483389661,-0.3692242234108478,0.6053038269341885,-1.2412873816128556,-0.2770827366308754,-2.196311724445152,-0.6426353843651269,-0.6414775640621367,-1.855619881797106,-2.580657711729723,-0.3039659320247872,0.8521034879829882,-1.134863680883618,-1.1284721743067518,-0.7803916762214135,0.5450775221074105,0.06408816708332396,-0.8045615716834358,-0.07835398288877114,2.8009607908867826,-0.5901084929020112,-0.8719509542539696,6.635385448378166,-0.056176860363904776,-0.5863095782740761,1.1297586728608504,0.45180367522242215,-0.6702385688471628,-1.3253891309198529,1.3898318416789326,0.865137734830922,1.0700567095182452,-0.4908411195531895,0.9194103761396877
2023-01-19 18:00:00,-0.9546372652141907,-1.9894020448600054,-1.7605097428896894,1.1968188224973908,-1.0898777785204685,-0.26375784332563457,-0.61143874185642,-0.9599735174069167,-0.7397497354017012,0.01331557196677908,5.487954775407161,7.6097366238569295,-1.5172262433398407,-1.224273317331962,-2.0161492089472532,1.1271989043346127,-1.0251564800183068,-0.8833595091077182,-0.46072954119779347,-0.7002642021410693,0.1528446721227903,-0.2708382061594244,-0.35665170881473846,1.3370481630820275,-0.35344676588669394,-0.5886196872482699,2.2016502405386005,-0.29614771507266124,-0.3997459592833366,0.8100378818656712,-0.5743022888351831,-0.528956501687146,0.2398407506812811,-0.576059558233419,0.7376905463944948,-0.6621605401468426,-0.4622210395801322,0.771644067820899
2023-01-20 00:00:00,-0.7617257757025822,-1.329148455911046,-1.3141736857199275,0.5448843748617046,-0.9502489282848596,-0.5020506801355189,-0.051550898369237715,-0.7268793054449998,-0.31136122084990997,0.8809772762259732,0.8730164486247006,1.6607826968897756,-1.227332984875292,-1.3004144578218348,-1.2432855524487965,0.5100554596819793,-0.9858168848799356,-1.0837243054197863,-0.5169722408455453,0.6942441668367172,-0.16974108008123492,-0.8635652156817532,-0.32851243441977707,0.9167847906653058,-0.8660926568159618,-0.41981826514576176,0.7448885823623638,-0.9722456720703969,-0.21678261224816114,0.6971400135317387,-0.9081485014190489,-0.39153883519260313,0.7794558902039198,-0.5771600410932981,0.8079760889700586,-0.3951968241595927,-0.1620434906988309,0.6932561273024196
2023-01-20 06:00:00,-0.8337604705745355,-1.3115022673777503,-1.4184559211157495,0.27347653174536934,-1.3296557847843198,-0.4494585358602546,0.650351808115546,-0.7634571036762909,-0.6234872204504963,-0.19934383258732186,-0.6674647453807289,-0.6813113162226815,-0.4810542761189115,-1.3805413668215565,0.5576613132433472,0.42034009651004867,-1.0248174166382282,-1.0533984189579222,-0.5599468472874578,1.5296628834496535,-0.011744937330999147,-0.7331134006963849,-0.28147574690601607,0.9890178739479996,-0.769809379901587,-0.37565986948239527,0.9077304639497341,-0.8424472572478725,-0.1687401419674196,0.8180094365075705,-0.7412129576742276,-0.3518038195881785,0.6940646364089944,-0.7033125622729722,0.6223190004144823,-0.6026505731845967,-0.11964939165835568,0.7460228256238526
2023-01-20 12:00:00,-0.616519826709103,-1.206218059065427,-1.2422175505931121,0.39914359011662215,-1.0706434836811807,-0.5594891201557745,0.6785387487180422,-0.5844112611339982,-0.5773141872443431,-0.4441183994676517,-0.6361414424031111,-0.6421801370264224,-0.0403187531652676,-0.9711563555411805,0.807052125556012,0.4332815580020744,-1.12967541245114,1.284469996685119,-0.7378968375505413,0.49212643154708047,0.017353724544659048,-0.5777100600246686,-0.09040724207101941,0.9104963656232279,-0.6985957203830168,-0.2058484738237928,0.7581425415263766,-0.9295865061359321,-0.020257781201379343,0.7144931600400556,-1.0710225654029588,-0.18981819544995343,0.4801819560652049,-1.0188023932028634,0.5885872755819721,-1.470583073539459,0.04201936749125868,0.6556452501202675
2023-01-20 18:00:00,-0.1695127936519004,-0.9764089368968456,-0.8436021202731653,0.7038903334783172,-0.4097268854129332,-0.646444118038236,0.16237890060758117,-0.21742891632440806,-0.6177126977254845,-0.3415595505619548,2.2584114619062774,3.436916962689344,0.2416352493028698,-0.22079391047400104,-0.2227634831952083,0.7725977665014407,-1.2254518741131477,0.789890329436662,-0.9237969291846905,-0.6827279417390761,-0.04590466384065724,-0.17934126451298738,0.3717442065489561,0.7245983516794982,-0.348977191395447,0.2795810747305208,0.3517085258364011,-0.3831118952589939,0.2892421641429094,-0.13990406851355386,-0.4881120091911352,0.2796039343340696,0.2581673303608062,-0.45419777658370164,0.3826681957543583,-0.28588697343869923,0.48349004005974494,0.16231932309831296
2023-01-21 00:00:00,0.08569935513495998,-0.8356268856878072,-0.6451127047805817,0.7906914244730323,-0.456655278482645,-0.7206574900948306,0.9404367680062883,0.044993506500375216,-1.053109219936528,-0.9840249090930514,-0.004600752159329311,0.2956523019151398,0.2700365124565165,-0.3043589746089196,0.396785820682557,0.9029673988543342,-1.4160336691976882,-0.04404817597072039,-1.077205265391988,0.061561046930545926,-0.19068738459206866,-0.4128578472671447,0.537152079420527,-0.023846165741886974,-0.5974840410409978,0.5777086885925417,0.29724649920693097,-0.5711635356831054,0.6238393878704541,-0.4810156201702625,-0.524153822591036,0.16467403375785747,0.5703222168882466,-0.5160856474742338,0.103042296390459,-0.41197373398723675,0.7245918198838819,-0.5792997222300807
2023-01-21 06:00:00,-0.8254564129823069,-1.2109397149667733,-1.3141648433956885,0.25353814641523126,-1.0758824966920002,-0.5343531554502557,0.4810621754058672,-0.6400922696268806,0.27423843748902643,-1.3824328856624926,-0.6937719388933429,-0.6927207343959537,-1.2338352869817695,-1.4692654410856851,-0.4622384095402847,1.0223674155752183,-1.42093844340907,0.5948583822242868,-1.0916642303958544,0.7572629442498386,0.003428504023907897,-1.3646171322126575,0.01962631438132695,-0.06544981167981934,-1.1353964640669458,-0.49981707797748204,1.2251662876867615,-1.408872581785788,-0.027524312054826774,0.593720829779042,-1.3476799939917654,-0.5491515309354698,0.4974750769190799,-1.3227383092813092,0.7292866288981089,-1.3379932797603693,0.16466441223257555,0.6904952712495009
2023-01-21 12:00:00,-0.9793028885744386,-1.4799873655637246,-1.6578099198330505,0.165647887089382,-1.4486598922038045,-0.4689276452812845,0.6442056576299549,-0.8370149021078995,-0.5552510832971836,0.2582392063469317,-0.6488346528416975,-0.6421320003994294,-1.3997745708747118,-1.8839138915929416,-0.30832733372049864,0.7085659591209093,-1.427179263275403,1.2371354871523377,-1.1344845185503094,0.45978023862638495,0.05417049575143549,-1.083121716926223,0.28582799918512025,0.7051456046060788,-0.8474059708087137,-1.2247716731483451,7.581245410172391,-0.8413902048267405,-0.2123459308474477,0.9803107811654904,-0.23560893799941335,-0.6075988035357756,-5.376670006086894,-0.1906585391527412,0.7840207586640981,-0.418299114640347,-0.1842629891590059,0.8635253061492426
2023-01-21 18:00:00,-0.6689858700494729,-1.6918959652547456,-1.6024073574055293,0.8090529620225476,-0.6827759216476521,-0.24373883050411319,-0.5088975615318629,-0.6872667847599602,1.3283709997307964,1.9781148101866852,5.207149628668663,7.278602907128861,-0.7638396205043759,-0.5997169877610573,-1.5534408520215532,0.934391599231339,-1.2839986176932559,-0.059233719648958495,-0.9565201745368785,-0.4687851105533804,0.26378613193136724,0.982458864454534,-0.2711119583582149,0.5415733838201272,0.7563808543299784,-0.5448137695440541,1.8197522347566333,1.4276027639222806,-0.240610616548006,0.5147377743554796,1.3810674738960396,-0.3886729784441278,0.23273323632865098,0.39166709219077733,0.3427070655551546,0.23981215920141227,-0.2547816173650033,0.3159468908279064
2023-01-22 00:00:00,-0.515236042817395,-1.6725389872463103,-1.5349585982757015,0.9087529703903865,-0.6035306622286081,-0.28414896795144673,-0.16514826547278724,-0.5111859787598597,3.6026101455204103,0.3212221185909703,0.9563483798674016,1.6303393330637834,-0.33429884791064285,-0.47322449523870763,-0.5201898153367721,0.18103534356417914,-1.125527752203891,0.20369630995637772,-0.9390658033835231,-0.006648066291603233,0.06466138355363378,1.5317674264907226,-0.28542377435653854,-0.6460479435167202,1.5141130646810972,-0.0913755561783084,-0.5394735015294478,1.948087161546599,-0.34020730285178635,-1.8864338690583136,1.8004859272274034,-0.37058445311211397,-2.720763156451992,1.775273881193256,-1.9721634426060435,1.3736098705121518,-0.4771137187976137,-2.321499092184262
2023-01-22 06:00:00,-0.8086092191282067,-1.604504282940889,-1.6946138438250102,0.3921256952000949,-1.2437200493736056,-0.37900992145744383,0.43376825941776553,-0.7619546243918459,1.1139271384952267,-1.4111016220613986,-0.6944064625632308,-0.6829264907275878,-1.2186529166726625,-1.390653290024568,-0.5301354683741224,-0.33827504514326995,-0.8900145539077989,-0.6960625260590174,-0.8033334954337621,0.7709884388181816,0.12963395615298046,-0.47840387882082447,-0.4756817199049004,0.29362074848665326,-0.3120202592242597,-0.551261247977747,3.4346675652395326,-0.3271612078802352,-0.33656136986643687,-0.42499414073410335,-0.44300154812755327,-0.6520440232467467,0.900223007756395,0.5584958410936646,0.3349144054653625,0.4651219992027217,-0.18026945584438417,0.05112414630214583
2023-01-22 12:00:00,-1.2805634219495303,-1.6863686103056583,-2.1162690216629616,-0.32763544842208775,-2.1458630075763967,-0.5666005228227681,0.7341393467457343,-1.161771119197689,-0.4392527319851636,-0.77008201108168,-0.652252803759146,-0.6476593674918242,-1.0754843922140334,-2.3437539525192785,0.5753699270034138,-0.8389354911582536,-0.7862326893452226,-1.199637221462848,-0.672772558188239,0.6930591815539802,-0.12931114384935904,-0.7567513683656204,0.09299303773609777,1.5689399889559963,-0.6923577198834251,-0.561623534987449,6.3176204570527155,-0.2550596107762267,-1.0384295622003745,1.7627113388693016,0.20844214866730904,1.0126891482639349,9.81072765647819,0.39691294478329614,0.8143477020131861,0.5550075770211621,-0.46882179436116245,0.5007723547639513
2023-01-22 18:00:00,-0.6541194862429134,-1.2514456476026075,-1.4537418847918262,0.048327786899523335,-0.8103402258486743,-0.8759618767977921,-0.13869222228691253,-0.6389049482352976,-0.6714509921911407,0.3347800804841141,5.610617887822429,7.483102789773447,-1.1254158206248055,-0.7999560171262198,-1.402072565881103,0.4632692334369561,-0.8690047675018572,-0.9823009172693601,-0.5947683850368722,-0.7054482244154908,-0.5843069673678899,-0.03990714532468845,-0.1551888121315371,1.0449678568467766,-0.2017572297812833,-0.47748603697981706,2.558839405437121,-0.0950654649972732,-0.19059912280770505,0.7245514660342022,-0.0770064769053108,-0.07890712437555193,0.19489606971007162,-0.6274181962210962,0.6770442176240995,-0.5770786831891598,-0.10290106934988734,0.6525562683233774
2023-01-23 00:00:00,-0.3992419928978814,-1.0716580175907933,-1.247413634117677,0.056118468047885325,-0.5563318223585897,-1.3756250985790859,0.06256675220063071,-0.3911998029647798,-0.5183462816336868,0.09786588691740176,0.6441216613082866,1.179457799955241,-0.31850615962787837,-0.6048845181239749,-0.28011825739736973,1.197419520816698,-1.0520734512654248,-1.1431686770393423,-0.7923505629357407,0.6082592089235728,-1.0633480591704363,-0.44346827523911464,0.09728225917905758,0.735772170420712,-0.5166297317566918,0.010895998165300331,0.42859642451399843,-0.4887655317082043,0.1734097372912192,0.48273780919276166,-0.5117329264747775,0.052280389933301225,0.5342559781574729,-0.5337064236863435,0.6755311291465169,-0.3505424718566288,0.3315622592386531,0.6144212018354706
2023-01-23 06:00:00,-0.3233615971376177,-0.8214811505191688,-1.1154812550520412,-0.27218404035401644,-0.7466682064990545,-1.2178440759492866,0.7796301265924452,-0.295774481492918,-0.6445537180585541,-0.19772735138856554,-0.668223884626437,-0.680945024675578,-0.0915937933509438,-0.8201947883245246,0.5937114073267467,1.0064767496872145,-1.1055958116833409,-0.15828709775064592,-0.8792308793643645,0.9603687136745706,-0.6868435713785122,-0.7035220004011429,0.25704859767717153,0.7723936184638187,-0.6974216723608285,0.19876004076389384,0.49411947293279096,-0.7540609894422274,0.3984514536148388,0.5189026004475971,-0.7227885031593857,0.2775859005578359,0.4465708365018957,-0.8488139143103232,0.5325394110133181,-0.7864275635344532,0.6917369154347242,0.6116004082050406
2023-01-23 12:00:00,-0.7276492430651925,-1.0224868334435926,-1.3558865092320382,-0.30215222787035506,-1.2214144704125365,-0.8629043557393585,0.876074187459809,-0.6362681107174315,-0.2322172417427118,-0.7910216107421766,-0.6559257630874277,-0.6576287229676536,-0.8090312642491625,-1.4685975706522008,0.15874574518136783,0.525848333320255,-1.1140826686641956,0.3190790243625239,-0.8905515530471256,0.616884547755142,-0.2069859687934718,-0.982387196565406,-0.13280243150952337,0.9138678817427295,-0.8759431602354701,-0.13422329563716423,0.7516172284524508,-0.688800096709265,0.1042613670353332,0.6966628662298414,-0.24765550190438482,-0.04824884481211043,0.6529613199779295,0.5520177819116959,0.617362362749401,-0.07181517568297537,0.41172651815566275,0.6715863808690801
2023-01-23 18:00:00,-0.32181997014236513,-1.4171032601372335,-1.3417812160004645,0.7013415195786533,-0.24075280148525707,-0.49012477109346736,-0.3421661170474668,-0.3030027694447798,-0.5444561102558227,-0.4550824031348116,4.131233605397667,5.830683274960986,-0.4346646778049,-0.24133159843706273,-1.248822842617809,0.7465615093284843,-0.9937354752779585,0.003125952399133636,-0.7593076482839635,-0.7755013404209723,0.18641609211524254,0.18383835990753827,0.24609688942081379,0.6867702159681809,-0.04415715383666101,0.1262250305562646,0.38409818152802244,0.11990608583705874,0.2199869916980955,0.15365442005201585,-0.10724203782274112,0.14394354914585858,0.21873476276809284,0.015043284101467016,0.5184671043318768,-0.0156131578289065,0.37005688809886267,0.2682539343670013
2023-01-24 00:00:00,-0.39226378828965275,-1.402767943168417,-1.3771874464089795,0.5886255924981918,-0.2816528370078099,-0.5591859222674297,-0.36673800396855755,-0.3424805104411034,-0.4719640899431109,-0.8014248293991315,1.0623379049000659,1.8866853947123667,-0.9231047761976554,-0.6175514963160408,-1.4215064749139965,1.0778594491695983,-0.9587519499182112,2.4240148432786106,-0.7643100011804683,0.16063545401884977,-0.08495648894203053,-0.5240297739091095,0.11683234747169481,0.6991884541109632,-0.526314617621647,0.04238426456681049,0.35322904646225833,-0.47441349086346385,0.21994893805253612,0.41319158673437667,-0.38413659243797077,0.1027651255763444,0.5262903738859678,-0.35728598844025616,0.7105205574775824,-0.1492390753615572,0.4606557772074935,0.577530417245903
2023-01-24 06:00:00,-1.0110731465825018,-1.3539279122855428,-1.6563366441383305,-0.14184851059940048,-1.5273746237443595,-0.4418117181361343,0.6835661327093157,-0.8722243435938213,-0.3671276953417145,-0.056719885597056846,-0.6881712028079362,-0.6912817997631008,-1.3613410189424717,-1.908846630319905,-0.23107924022353976,0.40067763790198624,-0.9301405257775547,1.8816523255447186,-0.755222492470657,1.8995726456670268,-0.014280914994904874,-0.9973642564379542,-0.470339606738944,1.056864395741665,-0.8652551514139873,-0.486356201233695,1.8249882085133666,-0.5860363744766568,-0.19655103663062382,0.8622949656119101,-0.29042719012780605,-0.37400822372277187,0.8597315823991841,-0.19480037764323777,0.6984801087051637,-0.3798711018479168,-0.05965837504705306,0.7526771745480562
2023-01-24 12:00:00,-0.8994041776038357,-1.4687199409830822,-1.6603262303659931,0.13237600270438582,-1.4923375180384664,-0.42875362984308474,0.8039282294668715,-0.8275837631777712,-0.8561675416979335,-1.4350704921661162,-0.6123576975714818,-0.6118394915657455,-0.6062641260261831,-1.515454983632463,0.5031423195986783,-0.3039492325284824,-1.0041182620502613,1.6694769229436068,-0.879443905348422,1.3106618001313943,-0.09475252788429399,-0.476455465404164,-0.565093881624777,1.2733835135565468,-0.6565391996268926,-0.2543697987123373,6.323261660733464,-0.7186773629374852,-0.12607287535150094,0.7437660303749835,-0.42877749480062544,-0.7306906676621582,1.650249292949698,-0.6083191228820929,0.45811723927761777,-0.392436623015049,-0.09789193980597248,0.46422795938062417
2023-01-24 18:00:00,-0.6797528916376643,-1.3639668272023855,-1.3430784912339537,0.5675335051296654,-0.5884346296169574,-0.39240551369958077,-0.5155080531922087,-0.6535931305705895,1.2920688380251057,0.7705038198524659,4.082239814010867,5.6418937448569215,-0.6873300779743688,-0.5818803560353308,-1.090794123196576,1.077171561067466,-1.056145954866782,1.3715268926833,-0.9053080934939817,-0.36357225902019247,0.0860266299624132,1.3063945795008929,-0.23967295879210665,0.7584855166665908,0.9935757664347973,-0.28757120959261767,1.084899565942583,1.5047106525614264,-0.14370284534233424,0.2732708643405224,1.7358624659112427,-0.3067506466341124,0.5535798920015533,2.5792203510548393,0.571819386303627,2.031593866198229,-0.0799582860607683,0.5348374516441953
2023-01-25 00:00:00,-0.519493625460773,-1.2631122483554356,-1.1940006815482953,0.6447584413797316,-0.5828006404478479,-0.40111785719713744,-0.22587489046788517,-0.518982672728418,2.1298443426059777,2.0263096791997994,0.8059245499517889,1.3857548050244775,-0.6696596093314103,-0.6049664830146881,-0.7839594482723801,1.0442487743511417,-1.2336022280457704,-0.5020722448727462,-1.001671541746553,0.0015139280495809068,-0.06576011262146769,0.4532517078549776,-0.1072006036652635,0.7184298117265889,0.29513254223467783,-0.18066663788929807,0.44462705249164397,0.7391677537978736,-0.013743432235317895,0.35927678404034025,0.7897281688756952,-0.18815962991768329,0.45338739588698757,1.2546832469717109,0.4281764217279518,1.0102992644847808,-0.015427400615813798,-0.006585830943880616
2023-01-25 06:00:00,-0.7776938931766527,-0.9536015512694747,-0.9051766553484247,0.5131002852356897,-1.082898799142469,-0.3192981096905597,0.10415074270428232,-0.7521580955992536,1.1664228108190988,-0.7326753347706149,-0.6786618464059282,-0.677624407316453,-0.6965361796108662,-1.1590712037634214,0.020436252498867408,0.9602105056243944,-1.4055425375015085,1.177692432188025,-1.1161322275711438,0.24482703462803368,0.1979539701901515,-0.7366868953922558,-0.3935886977908721,0.3361828456433565,-0.7613970360959862,-0.44679660549731537,-0.02583931192470324,-0.7995390019003907,-0.575859516322462,-1.782146760925447,-0.6663705036845342,-0.6007063400684107,-1.6828677328566528,-0.565596574553525,-1.4783350978654382,-0.2550421886442409,-0.5957979528865849,-1.8282710756422107
2023-01-25 12:00:00,-0.712536300296182,-1.0368055767659707,-0.9610408928659777,0.5960914066746896,-1.1280511613610624,-0.37215508335675385,0.3751068258525487,-0.7068179664138031,1.1843191566910634,1.5728611592526922,-0.6253108444694383,-0.6213534653476399,-0.06082065866984335,-0.9063985439943992,0.7069058262241513,0.8087406048615136,-1.5563898665301947,-0.9649997748244756,-1.3449636448770181,0.25639931728675097,0.37722298245686225,-0.23632305788533484,-0.5937990919274253,-1.024744510088581,-0.35998650752504896,-0.7462161124798545,-3.555755548973107,-0.40378131444789916,-1.1189304922568653,-5.898021409257837,-0.4045908327031352,-0.9779560122416004,-7.59662574698685,-0.3947409373161132,-3.0792804486825016,-0.3180068145569859,-0.8507077441187255,-3.7820736800256807
2023-01-25 18:00:00,-0.9083392384199284,-1.6501251328289899,-1.703442253829752,0.48527893167196284,-0.8729019350679127,-0.005619848972511521,-0.8531688822200765,-0.9161832292925332,2.631996561375636,2.931404760577669,4.704668804756817,6.7085875577505725,-0.4231109780324359,-0.5566773145095595,-1.2016856704350163,1.0239380070595796,-1.5403410421221282,-0.9979737889106526,-1.2234549246153472,-0.5631100525008416,0.7138960167960106,2.052754425725338,-0.5604786964910481,0.4305335784036291,1.5258495300115829,-0.6180515563384552,0.06882148397160787,2.1482505345110856,-0.6344992548880176,-0.841680619517946,2.457706932934124,-0.7219585628995558,-1.2767847933376641,2.597708186491804,-1.2882916769462127,1.6821666472965204,-0.7436523363144524,-1.7547751637235955
2023-01-26 00:00:00,-0.8502149662795337,-1.504438119215032,-1.601393964103047,0.34921430053117475,-1.001498066813926,0.09243997530024813,-0.35665757865268244,-0.8345525297117219,1.7436575107567138,0.8265120491840119,0.4506516627500592,0.9087413583714637,-0.7955409586817128,-0.9960647999332259,-0.5503560072418437,0.7962705277548017,-1.527734537762081,0.23937544491031823,-1.1168124943081854,0.005332303730571815,0.7464971500136206,0.13806564859843265,-0.5170636060297896,0.06407079771135296,0.165123268331869,-0.5129961815954787,0.2721693591934551,0.317537721168136,-0.545034750950303,-0.9800662832374063,0.13212823431049592,-0.6651336043531109,-1.0655488436412914,0.3571142046303298,-0.9082305014039594,0.5028386663278013,-0.5832142652893136,-1.137420049173644
2023-01-26 06:00:00,-1.209133380614514,-1.6356776119664442,-2.0153880101202737,-0.23210129626058557,-1.9023176827453654,0.41164294888884834,0.29650077330324087,-1.1172968048430663,-0.04779729213798378,-1.852418789960766,-0.6923609531762565,-0.6858665283471556,-1.6702888330381347,-2.1083198264163783,-0.5029554197235417,0.807831451161036,-1.4341501983775329,0.33355446592058896,-1.0120871033327103,0.9359591875905807,1.2294428749786845,-0.9140033751006578,-0.6867702159681809,1.1579058316316295,-0.8616135201472496,-0.7436158009941689,1.3115095587545869,-0.865065487858819,-0.5483019957681328,0.8841092492661006,-0.5612593371019211,-0.7758749900863816,0.44748720150608784,0.31815578374819825,0.5952835179521768,-0.27168422702090844,-0.6728578767491845,-0.12843058647046562
2023-01-26 12:00:00,-1.4373426931270976,-1.7869506446414567,-2.259692230292033,-0.39317381569670246,-2.540600711150989,0.5730458659054166,0.5170574589452356,-1.3322840033981347,-0.42324264774727943,-1.6170738276174181,-0.6258170959250563,-0.6263767865496808,-1.74462411481543,-2.64353421472045,-0.07938773817345395,0.6955177220489398,-1.2685303929311549,0.4264718909841028,-0.8751824644032321,1.8085285209040536,1.4540818786039438,-0.7060871517937668,-1.0375636806320654,1.637904441405097,-0.6685956746416625,-0.9991732307184744,3.4012624556814974,-0.22763263878555803,-0.8338365991653733,1.2585122513888987,-0.2287068684437578,-0.868951433886641,1.6386969080608405,0.25120146257541054,0.9056913125939684,-0.23686791582987182,-0.8776696518425549,-1.6140371468140584
2023-01-26 18:00:00,-1.112720441760382,-1.338729192350061,-1.851461095007174,-0.6057628816474817,-1.3241005364074516,0.6150021209616919,-0.5989697930085729,-1.0687929860615388,1.25391447211685,1.529621867462208,6.293679067419555,8.320587866587635,-1.696090852196449,-1.2510853843564549,-1.7717684362545827,0.24072682088845226,-0.9016265138104234,0.5003582013018772,-0.5860058010138403,-0.47866843744244514,1.3396418616145396,0.2586026289171943,-0.7333317870484326,1.1618635796802004,-0.0018099368834999473,-0.7961692646088552,1.4493640554908684,0.2901602235397624,-0.6247735426699906,1.108674613851987,0.14227286725861876,-0.8509630775575029,1.1285670093833657,-0.162537422119252,0.8035782430964943,0.4181603578214977,-0.8214806077533368,-1.207532387800995
2023-01-27 00:00:00,-0.7670592998073074,-1.0838393260568493,-1.2500339681115271,0.0804165958244245,-0.7604260795877704,0.3877508220811262,-0.4142394505941628,-0.7093728379547917,1.942517212936493,-0.3685313636117122,1.0784497348061832,1.9004468319992152,-0.8779135400579166,-0.7590166361893965,-1.217765874374436,-0.27801713063138145,-0.6226905961043528,-0.5781724599032316,-0.27247421487489004,0.21636282842656138,0.7274584968393527,0.41394273125920944,-0.33663792051694724,0.7927989771157709,0.21635361714873136,-0.4495554467801791,0.6861253792455284,0.6809650184365448,-0.2745146451375307,0.7307243778970643,0.791501344339014,-0.47966883388061604,0.8114672328055264,1.1179346114593747,0.6840087047807868,0.8849063790114123,-0.3516868843923677,0.42134997692741705
2023-01-27 06:00:00,-0.7770484867406933,-0.9741692155504601,-1.1915867196241456,-0.06216390331916959,-1.3659925274672418,0.4445044679689521,0.8066740086901324,-0.7507266550187494,-1.0239883549634068,-0.44173391665539896,-0.6598460368719702,-0.6716605895075293,-0.1581875361825006,-1.1469129762516745,0.800847613177842,-0.32445489302640224,-0.501256242255312,0.2326874171143159,-0.11692955566944117,1.266550677848003,0.8816134716123345,-0.5916668617281632,-0.2808598489596057,1.52676873550569,-0.5530154254560798,-0.4051776485046201,3.651625226781317,-0.5185429194383833,-0.16895476414610006,0.5205339221061203,0.07811898027850307,-0.528638338115882,3.74131508177481,-0.5938585335552018,0.6710928643549371,-0.18337523709954012,-0.15119269564699764,0.5387339704715601
2023-01-27 12:00:00,-0.678186944057478,-1.0272751246683625,-1.0646260849610707,0.3462109647652897,-1.2475037317797606,0.13112588829662536,0.8271655659874078,-0.6682850259458407,-1.0183018938702444,0.733228773242861,-0.6175710788581596,-0.6123672749790549,-0.05331141096435829,-1.0073839493730332,0.8112872542842539,0.32271371114089975,-0.6008868763933346,-0.33097881208434315,-0.21398483671229387,2.541190836277632,0.5075742912088543,-0.48244886059397163,-0.5608174629759932,0.0626577858610067,-0.22604528084831144,-0.8493846626865967,5.577955533898723,-0.5466760239496594,-0.09408253849110937,0.33136559896656964,-4.069761087127105,-0.37687069509100474,2.9579323118245693,-0.5729511092823503,0.7328721324981471,-0.32064699951142284,-0.0022789484950106968,0.5082117671924312
2023-01-27 18:00:00,-0.05539374594194159,-0.6123701197231995,-0.39016038040645135,0.7976074470448226,-0.5408310143983638,-0.3078602268472158,0.7137387840305148,-0.12100772527261947,-0.10512215292011584,0.5955114954410601,2.6707297363427434,4.026455622930468,0.4817801037482962,-0.13928387477075171,-0.07619629674625984,-0.021570252516368363,-0.529101810901929,1.69683921535804,-0.31777644833574925,-0.6863804016605003,0.026953135298318182,-0.3603403775129887,-1.108479390591387,-4.783015954880974,-0.1639990430741352,-0.8649752956822907,-4.909753332412984,-0.5859955310982878,-1.1080109101835027,-6.633264718599399,-0.6425541214312892,-0.7353355616181261,-7.394405437721193,-0.7233836131097285,-1.9915794391646524,-0.4063497549544581,-0.5859077754847892,-2.969773869125511
2023-01-28 00:00:00,0.15168199922384148,-0.41838686235112316,-0.27167083379373574,0.5784333321353232,-0.14170056755909463,-0.8062234475922827,0.33628618240489155,0.10800468331098945,2.3514422334674805,0.968692716865103,0.06345729528560737,0.36183824379855967,0.6422279412924005,0.02865475569012886,0.6488694066282721,0.19604304153174554,-0.6048990538588952,1.6497640233982744,-0.649727034716474,-0.30255700473628794,-0.7452697743913205,-0.0009269073654950642,-0.31290217239101925,-2.6755608668894912,0.037618819623834746,0.16588224928616482,-3.4758985686717883,-0.08656925954502236,-0.5685125887606477,-5.4513989346294,-0.15859831158727758,-0.5295356386005285,-7.792943328405119,-0.1673876036570106,-3.391613400488326,-0.3662081609828955,-0.7119205420814078,-3.7319851183650243
2023-01-28 06:00:00,0.10376273403910079,-0.13806884986590368,-0.01689010973072334,0.4443275110747868,-0.024153753614085446,-0.9519090879115479,0.029497749621219885,0.09789154781138695,2.572185526468709,0.8203852468751904,-0.6617612285840159,-0.6790002988179167,0.6659610932293094,0.0507524004700703,0.8784051881168905,0.2265772883812388,-0.6893619908405715,3.6318460074277596,-0.731500815997737,0.37615326416554895,-0.7242765150298576,0.426711391197395,0.16904917388654223,-1.2503131766161546,0.6287096231039951,0.5768291774852994,-1.2531651241755888,0.7040246384970216,-0.08065554913344662,-3.4802802525603105,-0.15639551582381483,-0.22509655442911408,-5.643421196257227,0.18523723729327418,-2.794278408338817,0.1660325363874779,-0.5465184447486149,-3.353608519893174
2023-01-28 12:00:00,0.1027603940806964,-0.06020203448646744,-0.03125189221435943,0.22101009587494908,-0.30180991033745125,-1.174111804638288,0.6219088015090722,0.0657769071718434,0.5233838175034266,0.5629792184034516,-0.6421705458142714,-0.6420612774277381,0.3776189765742549,-0.21526232966024683,0.6935846664957791,0.4754547043507472,-0.7322229127646895,2.6103797720310133,-0.9192639235375599,0.7710150763324211,-0.8086981219718604,-0.541585556176708,0.3219916607107068,-0.4313792552351525,-0.6144369474622163,0.18402026183260606,-1.539808925758317,-0.5042581107565516,0.2642706661908832,-1.766802091346633,-0.5855323693536532,0.34350992487689397,-1.5144969112847462,0.1662057653620592,-0.0867420872177955,-0.7885458500042344,0.7532319282035855,-0.06553422472562126
2023-01-28 18:00:00,0.09929688609620639,-0.2384432370661792,-0.1550374682079254,0.38980789975591207,-0.2808413448427896,-1.1284353164426022,0.455828321918645,0.015452515958083547,0.7228080361238638,-0.0030998233723220237,2.390962457360406,3.7831129528092546,0.5310583783464634,0.007859557318934863,-0.31100436412961546,0.47159012870073913,-0.8359863301948801,3.3998731709142644,-1.0574657945547152,-0.8698036625655111,-0.8906937209694404,0.39244514098370015,-1.0622138423407335,-4.48543043042668,0.48524527743670015,-1.263179409651804,-9.001603399999855,0.19192375332505915,-1.241141701464562,-7.552370870500712,0.0022521409580428483,-0.8871846037410307,-8.605858947481398,0.7810681320482127,-1.2801403701894913,-0.30406955454478035,-0.37525136730491765,-2.8564881507967175
2023-01-29 00:00:00,-0.29443971202498903,-0.1959089292712218,-0.18124344560257594,0.22769349675279985,-0.2857751193596602,-1.0777248297812698,-0.3040272785290842,-0.30791110029202284,2.211614325985393,-0.3127586865480429,0.28343954544363476,0.7042710771823586,0.41885710886269606,-0.16001405647025463,0.3970494497449398,0.33079905018953887,-0.8459032944763268,1.1466215058444769,-1.0744341560538753,-0.35775425491510954,-0.909285128987765,0.648565501893104,-0.061725381715501154,-0.5426441299754734,0.6136489469904034,0.13036065878343397,-0.7934466360453638,0.5043096576171591,-0.21471391375393342,-2.240691974858892,0.46347955400686325,-0.22522231704928433,-3.542683218894109,0.7697628033555293,-1.3502655100772945,0.533086251447329,-0.3258857529378434,-2.0511712918863036
2023-01-29 06:00:00,-0.1968530594461882,-0.2501992458067673,-0.21610783214692977,0.2853129506356944,-0.6485012938607092,-0.9952153242559265,0.7105682077215512,-0.23726558173139092,-0.646183797543245,-0.2713101584517623,-0.6630248993107448,-0.67356442114647,0.23481049555889155,-0.509255965356192,0.7696093188043834,0.634183087556453,-0.7932020660472932,1.1336102553091185,-0.9076186284483656,0.5887111133269166,-0.49392566232878915,-0.5085264354572041,0.33255353665423054,0.6465471568728753,-0.5973457949049585,0.2828049246218307,0.17290945698646465,-0.6285393827126335,0.3800003604641432,0.010812078396487006,-0.6293012464752771,0.24726576573024603,-0.24167897343782166,-0.6709562876955886,-0.03467349328687413,-0.7474612302484807,0.47981744992211006,-0.04325441401703198
2023-01-29 12:00:00,-0.08558653213672848,-0.1369497206000612,-0.03150861339810585,0.4096197370109481,-0.7194836550509325,-1.1205498848553888,1.1536256120327115,-0.1457533925231358,-0.7179394097785446,-0.1349440426560495,-0.6158584858652612,-0.6056772267040557,0.398659350832251,-0.4185232369469035,0.9044996507987236,0.7068490097281168,-0.874930002547073,-0.6844790042114406,-0.9976329160623856,0.305247363047272,-0.5095827810413787,-1.215504545650226,0.23410991029191391,0.6903719011800202,-0.619153060050016,0.1805324892790544,0.5086155693935281,-0.6429488934567582,-0.15597646567204823,-2.950138165213279,-0.5630248202376563,-0.5722298990717145,-2.5617299344448123,-0.7518532352660364,-1.465904785984952,-0.3958536041840942,-0.28470676402058276,-2.464028854323038
2023-01-29 18:00:00,-0.1800797071905163,-0.21749630105140086,-0.04076497299233626,0.5879239875261646,-0.386300541338618,-1.124695630773098,0.06854342961116311,-0.25688967150086134,-0.5675093367851642,0.4018120773575936,4.142349702245668,6.23273191264652,0.037672930388153676,-0.08579826842017642,-1.343165305394773,0.8514251384578586,-0.8604791087423742,-0.5010498490676382,-0.8973126083827252,-0.9282733495858785,-0.6852848631383236,-0.0570410406036389,0.14737188383182132,0.7488540424576918,-0.20847462414589696,0.0788341069061444,0.3843421432367257,-0.2061237355612712,0.30734670965148336,0.38683968372986594,-0.461498231548189,0.0930481708473119,0.44576884706495795,-0.5840636467351206,0.5054645160237321,-0.5847824208702039,0.4746597039546745,0.5840400151162319
2023-01-30 00:00:00,-0.393465858684258,0.22767898205112946,0.3633225352236759,0.373787183369474,0.05681163547483068,-1.30344960153452,-1.0382640429042937,-0.3718446272051797,1.0945063800909036,-1.0286335968843678,0.4246249928271885,0.8813326116041741,0.14776521550420949,-0.08870142576421346,-0.053905461053333506,1.0026701642556999,-0.8069729868145471,0.784080426745603,-0.9198971328207636,-0.2499490945651052,-1.017885936659113,1.5347786357302122,-0.11714522529443001,0.07846279113883715,1.3678114978029274,-0.15592198891392317,-0.29919041154701237,2.0791046082490907,-0.00934444132118338,-0.19431786887457253,2.461396924282217,-0.059658544631267595,-0.09910161785110136,3.8925178368958817,0.44721153771567845,3.6598788471488466,0.1437060113255711,0.32665486043874825
2023-01-30 06:00:00,0.02040763910665944,0.5166486696350163,0.7734976491379969,0.557976770073936,-0.06915501299007076,-1.1145002277946918,-0.06823538674151167,-0.008640178282557908,1.9591023396736862,-1.3189652086928927,-0.6666822452094691,-0.683733145772236,0.5154552316874592,-0.06086044470887496,0.7648645519989147,0.677757245825368,-0.67058405407645,-0.39726222473718215,-0.858013163436712,1.0493694273840994,-0.6104308221401644,0.43767311903635525,-0.9407827744246208,-3.7703660485554464,0.6361324521286366,-0.8100264239093516,-6.546599781177055,0.5542396872171179,-0.9882316954308972,-6.124803446798243,0.43935164742305177,-0.7979046268743382,-7.552533588200042,0.5744745588690375,-3.2143183092560625,0.700260505552866,-0.6391678324374997,-3.038856119754024
2023-01-30 12:00:00,0.07516233083095342,0.8589077641794779,1.2120450978597936,0.6728253562056141,-0.21836199240725743,-1.1444817055974885,0.26930004226366416,-0.0004263541363979866,1.9150991080292292,-0.6585575396406038,-0.643395949143999,-0.6539735934775478,0.6128306552201777,-0.07009116790477415,0.9105372440219193,0.48315651134421467,-0.7029340883940586,0.6241968058563521,-0.9376126157800694,0.8143574457102029,-0.611264229273405,0.3165211553155949,-0.8558424542419827,-3.840352569119213,0.5807961357807473,-0.5092430101565129,-5.865734580699295,0.3892806885003101,-1.0219322514595435,-6.845808323819598,1.1017645547779926,-0.6723703873920116,-7.5673980707708095,1.3459107231037253,-3.426267872323799,1.9892892210235962,-0.7005112375525884,-3.54745718780077
2023-01-30 18:00:00,0.16311592459251545,0.6403096289868542,1.069778357077742,0.9007052205706603,-0.19951425202499248,-0.9538383864100152,0.40433426567182384,0.0809876680333126,0.9610436448090756,-0.6699612033327339,2.460195674087334,3.869659485182754,0.6213832043856331,0.07317069587300445,-0.24293400757673778,0.7935504592491958,-0.7263684233503666,0.8362910170964877,-0.875388389826619,-0.9292721885379053,-0.5574957605755749,-0.09306103178232718,-0.7715305924966637,-4.005759775262947,-0.023349185722622692,0.025697379399204436,-3.936412018246378,-0.29695312063204354,-0.946781994156628,-6.952576575638129,-0.18605907176940542,-0.5605006534230085,-8.0626145502675,-2.0214708589647072,-3.1151359178974416,1.6355465611055429,-0.6384537040320555,-3.503541919864771
2023-01-31 00:00:00,0.18053784987020985,0.7270862940133199,1.0795508879239126,0.7081729246340567,-0.25380223376148053,-1.0296354042225546,0.5788264251970444,0.10084544180616259,1.0048293927476633,-0.4574970174561403,0.03012842520389349,0.33826530383148157,0.632995858622901,-0.025618068044315913,0.6566810730834624,0.9104622391802434,-0.7076711000405266,-0.07763235852993552,-0.9165690042098719,-0.5287358873614716,-0.6537947373532046,-0.11137585701980354,-1.3092182652242261,-5.308823598364006,1.2381449666365598,-0.8349781059980544,-7.687858276834938,-0.24547345257380435,-1.4880632668902671,-9.022540216762163,-0.1376538943414026,-1.0751584934310738,-10.565472555136038,0.17713493301794045,-3.3801359656831313,-0.27672785356437696,-0.7933708968563966,-3.8638433318433476
2023-01-31 06:00:00,-0.012904147316299203,0.2992481022094336,0.6301565222534191,0.7805567102890966,-0.5102604447751061,-0.8820319880827877,0.7280851876586094,-0.07928035196444534,1.5691800547546906,0.6042968450870061,-0.6632364571386042,-0.6740461167425595,0.4815953303238767,-0.2478058638817157,0.8801108861789176,0.9799927356277889,-0.6635613842649641,-0.012645713255911241,-0.9133953658292193,-0.23095276193390557,-0.2847746768207356,-0.26505478677804206,-0.9602234599746563,-4.163774731561948,-0.18097902244140815,-0.5078800012951536,-5.735571783636787,-0.24111328132970625,-1.1582791436244524,-7.368291425558713,-0.20580926839858696,-0.9997940984498359,-10.058166772609232,-0.020355614829396282,-3.608968919694517,0.9823001639671507,-0.8218363191916146,-3.927395396813177
2023-01-31 12:00:00,-0.8386773670671882,-0.4395575321623111,-0.23686468269243108,0.7066858093949359,-1.1800409968960373,-0.584833682255704,0.03313413495765792,-0.8182913063439181,1.2692650267694134,-0.11634357703927897,-0.6272384809431846,-0.611463424391664,-0.7540410284474686,-1.3114539629346693,0.07640460619828565,0.8675370789685741,-0.723825781767066,2.805140518557286,-0.9574214570745713,-0.21562094345542307,-0.12645009022774747,-0.4725425316007851,-0.4698532198888296,0.4754425210793137,-0.46382903526346525,-0.5288940459380627,-0.13671039069809834,-0.517765846313538,-0.5056617074045696,-0.6802984125891103,-0.5630037198156542,-0.6600757192253622,-1.3327509372842248,-0.5185021663371762,-0.6065128357856161,-0.25829599279219145,-0.6245292311110102,-0.7941230740215041
2023-01-31 18:00:00,-1.0832081180991817,-1.0075389637791894,-0.6206620383832964,1.2678649444897478,-1.0203197101699395,-0.17737994446528563,-1.1065451571623284,-1.0733363206168665,-0.6290143158282181,0.34246461726540034,6.515749560007838,9.189434774936924,-1.8697722114784985,-1.2073235581430803,-3.00497228840331,0.7515248087902223,-0.5831782119487419,2.2366590427072874,-0.7189135177786052,-0.7935655064578904,0.16228776511400458,-0.25601750287358505,-0.6420327522774573,0.9361651320635488,-0.39707197433877445,-0.7206333559761441,0.806700893997007,-0.3533483689579649,-0.5534234323796937,0.7996679005760315,-0.5179053658351733,-0.7376540343673454,0.7828693345794624,-0.713451441806331,0.7026280297693072,-0.4983724846383022,-0.7664796415085713,0.6217890808373809
2023-02-01 00:00:00,-0.9712323243930806,-0.3350088012904295,0.036521797302152575,1.046486619375701,-1.176469168388872,-0.10712351376017976,-0.29828520358057753,-0.9314031083352737,-0.5644974831187155,0.6215727227325121,1.33758538971042,2.3890672190297964,-1.62350837922336,-1.5858506328717343,-1.780015696919753,0.6458081454704682,-0.5135581476344954,-0.33633827511902953,-0.584070775370163,0.1255025284813759,0.09759848752382622,-0.6916118254316788,-0.5181524504530219,0.9749258372803858,-0.7104466609761473,-0.5831099810224113,0.8678744522894603,-0.7523527048470977,-0.4015279251271869,0.7771662419400643,-0.7977428455632374,-0.5561076467132141,0.9870805441114794,-1.0594029979783677,0.9176432889569188,-0.6538376765245457,-0.496908431250357,0.7444464610294241
2023-02-01 06:00:00,-1.3493393910448954,-0.5833625723356473,-0.43606821573005605,0.625775169216089,-2.211651404492927,0.2153436578041221,0.5322795352662592,-1.216273430239423,-0.4274603112729744,-2.416660054003636,-0.6863544321622886,-0.6919296494546803,-1.7458039884456669,-2.5190734854940664,-0.2114413137905141,0.726243247443676,-0.38086558150154026,-0.18922211648482914,-0.3437591134211657,2.661044706533023,0.5976875786592338,-0.8050143137159982,-0.8230967995035596,1.2566751611193894,-0.7239005506787795,-0.9127449629035872,1.4550695916830416,-0.6908501940752995,-0.6606065925981646,1.06696479639617,-0.6128555984154098,-0.8637952276331923,1.2182395189138757,-0.6995220980221064,0.820029195938543,-0.44747567431151086,-0.7469372416654195,0.8140962689136823
2023-02-01 12:00:00,-1.4318841703410894,-0.9894721094200783,-0.8070490753441669,0.8159770360005562,-2.4537213621747576,0.2621537088177094,0.6440532679831643,-1.2890384956872867,-0.7473783812599794,-2.533619944302788,-0.6186427763100562,-0.619322860144167,-1.5655372760048805,-2.620415166557635,0.156274828288186,0.8734492462863347,-0.3522316108491497,-0.3596960574253345,-0.26741330424856646,3.8157618689352053,0.7082363485186847,-0.6534088232964331,-0.80595349597341,2.711515897465055,-0.5888942099252189,-0.9233870603217413,6.717482625904511,-0.3302769655994816,-0.6707462907623102,1.117514759029264,-0.23017607088865413,-0.6397781021651384,-4.609483475804097,-0.07225418911235017,0.8137943520629684,-0.2231078338686214,-0.7754051253990469,0.9440632423255424
2023-02-01 18:00:00,-0.891039283731471,-0.7441991157817677,-0.46325151100894624,0.962801272973459,-0.949823604378522,0.3578207499451243,-0.6757262299496372,-0.903178591742645,-0.7843295942780628,0.5924125248088987,6.654095570213566,8.776689306481115,-1.3723840984377376,-0.8218295010599677,-1.7160082108950683,0.791435661173277,-0.3407778993340144,-0.7522681572353775,-0.06582212095227484,-0.29885028028972954,0.6795681464977065,0.12787221980314645,-0.5221718968744065,1.303105913006562,-0.06895295604675263,-0.6127888569144363,2.0770757585330375,0.15463809125661038,-0.4412924857499636,0.8985219795566013,-0.42153863632485084,-0.5911325346267458,0.2022418343574823,-0.6837545899369739,0.8029625818973246,-0.4615176321418658,-0.6470467117388631,0.7999111473345027
2023-02-02 00:00:00,-0.7269364642686343,-0.6217024873394417,-0.23043937380538,1.1696866173721838,-0.8148965706052357,0.29900632574158453,-0.2534647723332871,-0.6795153611854274,-0.3523929258834206,0.9036493475610713,1.3446312403405307,2.3162719044058897,-1.2293989598354282,-1.1156597028005102,-1.5218453129906782,0.4059189171747397,-0.38492762053930873,-0.7598679248662226,-0.03332529492920879,0.6619522176680909,0.4038213828663384,-0.7144257597769638,-0.2025537774814294,0.9330534040504,-0.7102379912965394,-0.2638904000857613,0.8158733755414519,-0.8225346916252289,-0.10992110098245719,0.76494369960042,-0.671398591473259,-0.2335537852581114,0.9011046808738634,-1.4903423046891817,0.8318008734021736,-1.0258607060439011,-0.11777969118186687,0.7480128826433141
2023-02-02 06:00:00,-0.9863018269993442,-0.35322220589625675,-0.565170720639344,-0.22364233136570097,-1.6038701437246858,0.6333191950246724,0.7270073228080626,-0.9041264979506113,-0.47148915795458196,-1.094115603639818,-0.6886026347568865,-0.6930286799101134,-1.3756650149291942,-1.9506121803075527,-0.2111346930994778,-0.3932687726051916,-0.301874364199144,-0.9978913579226187,0.14673276288774303,3.6802544550824066,0.8489941069904321,-0.8443330546232878,-0.37512018465771774,1.2873429355470976,-0.6491018041611527,-0.5372890952886327,4.660726713905624,-0.5067979640985901,-0.14668676658507032,0.9252929392319937,-0.5087543478097515,-0.3967208736094202,-2.5118728566038198,-0.2908919541607899,0.787960195223464,-0.18015161991340012,-0.03506164743924594,0.7982639928841871
2023-02-02 12:00:00,-1.0065605752277074,-0.39892829188053,-0.8428758545046882,-0.7179193902857482,-1.5953069424683284,0.8153951544839618,0.9771479520579698,-0.8490519752524988,-0.9056354587526888,-1.1216253805187328,-0.6282562235220192,-0.6293611730300002,-0.7937143539824635,-2.0637697349252293,0.7364254565462783,0.07198743907273172,-0.2617924759548621,-0.13347230995202325,0.25063456250023225,4.070936422732777,1.1726807006383202,-0.8671369745947052,0.19654192283750957,2.484368798256317,-0.5703193365720096,-1.620143770602185,-3.931591632384943,-0.3542822890238883,-0.10361692868317841,0.9834606474869982,-0.18557222018892597,0.3739138708302052,1.9417714275703866,0.07284090840734243,0.7166464528911083,0.1448203590394892,-0.06406656992500179,0.7680172821054433
2023-02-02 18:00:00,-0.47944145143836664,-0.18066006405463325,-0.3804208607923863,-0.24520238326956956,-0.621803874186881,1.284539817529376,-0.02925000524292821,-0.48038322233435343,-0.8038680747112728,0.5749178304306498,6.699116324772814,8.614610179096028,-1.097228364937019,-0.48454950199666863,-1.2860250558703892,0.30493924934869077,-0.12350670334368637,0.09693086003221785,0.5291950703610514,-0.2689772244415913,1.6155460965520507,0.15558040889931954,-0.01251205014309784,1.1806694891548406,-0.00704949934724148,-0.47946880555513255,-0.9277541958757645,0.16466989787937947,0.05784231774105803,0.8357039437048531,0.033064873042681964,0.2038118740915047,2.713200076084327,-0.6242949460186898,0.8149247854562015,-0.6016995880603904,0.045182938696577156,0.7075460897205356
2023-02-03 00:00:00,-0.3830982021220199,-0.04567684399440939,-0.1583258890253991,-0.09251725692856021,-0.007936773634506455,1.394758211721449,-0.8119467936166558,-0.31495483123232204,0.6873037605691497,-1.4662165693291747,1.3706310734493534,2.321860357017189,-1.1039424567896214,-0.43744913810568925,-1.9232148391258164,0.5232718372052848,0.011042251001980275,-0.4724707615302107,0.7398312511972303,0.8381537903169136,1.577363827825504,-0.6473249338244799,0.13166645346586967,0.8526113767123082,-0.6802398534297516,0.0923361158269834,0.635789188954423,-0.6997036699537599,0.23773628649145126,0.6329728877307255,-0.6761944281820144,0.15427169460017043,0.8119316873779261,-0.7646842537952719,0.8811414019755861,-0.4049712672217788,0.352646162623038,0.6676377507865002
2023-02-03 06:00:00,-1.096827543478283,0.04471106366141707,-0.3084026529676785,-0.6433074480720508,-1.5072405878814643,1.757510707009401,0.23689808124311984,-0.9558141482079286,-0.2915908359401677,-1.7870981986534507,-0.6923876181738584,-0.6955399495773821,-1.5396809994625371,-2.0079849803851424,-0.39451066904165716,0.01516658751723498,0.32835004205103435,-1.411501170536913,1.0430907148446578,5.372401217559736,2.0773458807193443,-1.15740666328244,-0.5230998020422786,1.1503523259682376,-1.0043800500197915,-0.58206500254547,1.1913431645918926,-0.8785362057199654,-0.38291820270057275,1.0098758044180822,-0.6043231246302665,-0.5516234419050033,1.0627118084184024,-0.5735195711171373,0.7567262672163884,-0.47347028687270026,-0.4127989552087263,0.7792774041843316
2023-02-03 12:00:00,-1.2526256237199127,-0.08421217818637218,-0.47062705152834433,-0.6800800138751099,-1.848234919995259,1.7328935253463988,0.41983416940040136,-1.0865657982571162,-0.686236671367212,-1.7331638525622781,-0.6271054961535367,-0.6186595772977078,-1.6595740797614922,-2.310501672878476,-0.2793379726042752,-0.8377582364045203,0.6853776249673735,-1.6619301082374018,1.141050401785142,6.690347357489066,2.045626824835656,-0.9211758743432225,-0.6922983232434043,1.2156556292492675,-0.8048710439088838,-0.7682167121652934,1.2811884548247763,-0.8213806098525561,-0.5740335961367511,1.0826564996512191,-0.6147934135249422,-0.764593704213523,1.0939618309509738,-0.4336118605610991,0.7538855810703707,-0.2527156849136356,-0.7196131201602396,0.8471169546443684
2023-02-03 18:00:00,-0.8115580072688199,-0.30203682349217115,-0.307818155573427,0.21264782282042458,-0.4173667165447202,1.6298041812886608,-1.3106813723516098,-0.8451914623714659,-0.8798947873024251,0.4971381188862698,6.06506739017738,8.084830207379497,-1.3098300820125168,-0.5607238853348575,-1.9380029999479655,-0.8242463257613843,0.8757252556853943,-1.3653761890644174,1.2321136570626754,-0.15112691363329855,1.9152386587247594,0.2332684622463714,-0.4351337567697064,0.8969432487610337,-0.009360376455216216,-0.5709625208344601,0.7432433869743036,0.11760398072089857,-0.44409570226993356,0.7669929494960859,-0.5159628421875652,-0.5628143428696945,0.7252531380197027,-0.8771099290774143,0.7397127336216738,-1.1578620955546501,-0.6838802123229969,0.7237690004773155
2023-02-04 00:00:00,-0.5669126927629773,0.17757721960309286,0.07218628191834829,-0.13900946580845172,0.005693946314307794,1.1874742126618134,-1.3994513500293007,-0.6309705725531681,-0.5280034313637475,1.2443842521392312,1.388190648830083,2.2760073963925387,-1.1837505780270154,-0.7391748471440552,-1.6511128073112953,-0.6256768363020071,0.7209957535813477,-1.1452060371467074,0.9746176196596092,0.9581732711016127,1.2229903243318578,-0.5052092582208051,-0.2002159899830051,0.7371529900901063,-0.5969429111688143,-0.28255616326195704,0.43670873043018926,-0.6738903731893034,-0.158306607253554,0.4687769099354433,-1.3187371283684908,-0.2385622051487604,0.6604638274651,-1.2927453791920573,0.8202486074473753,-2.195534090950048,-0.20853962405361834,0.5906839899594603
2023-02-04 06:00:00,-1.0122431295088656,0.222765098842242,-0.1588506556084006,-0.7553304126132664,-1.1699090715818332,1.0480999303421572,-0.3619251924998879,-0.9251565449322788,0.04031559161438338,-0.6301598791573505,-0.692150534618137,-0.6973630526390824,-1.340982679589854,-1.8057275838944082,-0.29500854983059127,-0.1352646847640081,0.4403788607797574,-0.7118687961750163,0.7649809356796091,5.065334863547533,1.098347014025127,-0.932098302137873,-0.571311666699654,0.9562246550100783,-0.9395742163117594,-0.64014184106273,0.8077195959741403,-1.1538655711620835,-0.4793956145871031,0.7022475156273134,-1.1144578973890218,-0.6553924077799459,0.7328562771523535,-0.424766722840867,0.6463348241344706,-0.9844802680587209,-0.6602701016497405,0.6867702159681809
2023-02-04 12:00:00,-1.0161714783240074,-0.25290966690499556,-0.3895657033686016,-0.08710512473684441,-1.175137298578051,0.7230516172361268,-0.42449277751376274,-0.946400771110732,-0.35387137503115534,-0.727041082416878,-0.6256861456975464,-0.6215670092348632,-1.0864893516639351,-1.6906299515654193,-0.02816024643705902,0.48872835519338265,0.07017812818207925,-0.035979573393843424,0.4869232431132424,5.468077114575554,0.7874833187495167,-0.7153864187300311,-0.5695975159361194,0.9614491772791114,-0.7346211421392229,-0.6416112435095117,0.8438496969363863,-0.8244089194353897,-0.4784954645290612,0.7393962821380927,-0.9516145048972884,-0.6547266637391186,0.7314260040957351,-0.7056610423394369,0.6145251956385391,-1.355447860625177,-0.6545080744465553,0.7222654558881785
2023-02-04 18:00:00,-0.44781844161241235,-0.25718157022743376,-0.1351139910222308,0.4795384035388042,0.2309890059235346,0.7322368840460068,-1.5070131578331432,-0.49651494004210817,0.8246186676600423,1.012543902499048,6.458463096846023,8.50225634085886,-0.9448241108044707,0.026947140394674295,-1.8413357163038477,0.605365596673696,-0.0027215852862225,-0.21894907084772117,0.4872621750559653,-0.403821714897788,0.8119531636737717,3.580792352198806,-0.21468675642738183,0.7309326987831949,2.766922673991792,-0.3416720579464018,0.47226349813492174,3.673245249839076,-0.2191236114867629,0.5439159463413009,3.0572224283149048,-0.3065706655288514,0.2910689400481182,3.436117773650829,0.6477892403653667,2.7070518266184886,-0.32955573255783904,0.6269231184855595
2023-02-05 00:00:00,-0.3329023329820644,-0.18240340654059536,-0.19712723896342985,0.15968991379918837,0.42056251881774365,0.8452767895609214,-1.4364919598942962,-0.3337380478281466,1.0273269317968219,1.4968069349328146,1.4495899054769457,2.3285444921829073,-0.8700679516880827,-0.17450477606988926,-1.685756493983146,-0.4281229059387916,0.2383780248847565,-1.2178524027846203,0.6129228578372607,0.6465974655251022,0.702683473329221,1.8238100815104563,0.03998383107754838,0.578540291596544,1.4387012818775275,-0.055930059653555145,0.1535004629450273,2.4178795045340644,0.0689972411685827,0.25133260232646454,2.3024041465000664,-0.00045197143276960706,0.26608394446063993,3.4072506047129747,0.620543330597623,3.0681193047824897,0.18742540158267482,0.49116787732879047
2023-02-05 06:00:00,-0.6697793534356771,-0.06520015356650301,-0.3136526524377088,-0.3838680323001134,-0.8104553988824267,0.9380909831985732,-0.009305022363154952,-0.6047620592466264,-0.3398630646504009,-0.011240149697579275,-0.679847540805099,-0.6925238942697041,-0.6333400643602449,-1.2273188138301088,0.19430454467369687,-0.998306746711691,0.6182849573493177,-0.6729811497880355,0.7961825892905741,4.003478068545201,0.942365690104542,-0.8015162260117701,-0.143281958317706,0.8838019162171081,-0.795501257961071,-0.1868583034187268,0.7241062639767085,-0.8203549400245511,-0.017431268669973222,0.6632391187610436,-0.938940261495068,-0.15098492124028431,0.6855196101414969,-0.80362172326429,0.6101955560643012,-0.9880708087493626,0.029048335828231533,0.6360657124081758
2023-02-05 12:00:00,-0.8238829715913426,-0.39300656443944465,-0.46003591206791933,0.10419587522101209,-1.0226808747281575,0.6699027015773695,-0.0020995618808166486,-0.7427884842173504,-0.1120288952358005,-0.786093387786046,-0.6262210801860385,-0.6184634548575,-0.9597257578366113,-1.4409982073544312,-0.08351941576625593,-1.0329193425772596,0.799594522268708,0.2359652958488962,0.735851920320777,3.7473253330223946,0.7374700986377897,-0.8245224948388652,-0.28966060708195246,0.8853449661282973,-0.7534146752998482,-0.3389234707498146,0.7154074443625397,-0.6614418395891618,-0.16959596751629002,0.6557027009708178,-0.5272544777063491,-0.3166936174590928,0.6462022054724279,0.1769392241897098,0.5915475089507594,-0.3365052889073816,-0.2017949947055541,0.6656675021747566
2023-02-05 18:00:00,-0.3832519385517174,-0.6292712997583045,-0.27665663356061454,1.0873329307393482,0.30756709178216457,0.356851445619578,-1.5440853346821617,-0.4833646501486058,-0.37707091162995326,0.5084455091591928,6.7670931603477955,8.887615188571296,-0.5390994734951233,0.2682231127453013,-1.4873619986945326,-0.7858784153170537,0.773787264811606,-0.4094768202106017,0.5915177619192483,-0.6389903368671852,0.4185191829810707,1.24102060906728,0.035127233331762125,0.6656136339923774,0.706086502452141,-0.13834465539797386,0.3423866697520942,0.7149903260883105,-0.08035503826322991,0.44464645676357234,0.09172633059758911,-0.1312332101204648,0.4356634437923383,-0.21401615794358753,-0.7395766092773237,0.010605272724636905,-0.20694263031473703,0.571662163541247
2023-02-06 00:00:00,-0.35036090802528275,-0.5587897355667224,-0.07305967234939303,1.3585761639574405,1.0986451794672814,-0.40580395672237496,-2.165432433408384,-0.31996035208639456,2.477075441365351,-0.6426413817128521,1.600062448049158,2.507885377733223,-0.5545385516808374,0.4643108750656361,-1.8106685983067536,-0.31322595054470714,0.4854030363024729,-0.9184863611047482,0.12815740089249897,-0.11065896319810484,-0.5439970440907196,5.399641121150053,-0.2237382526886235,-0.7930878892636809,5.307421709425551,-0.2042852887620101,-1.3380803734857363,6.858868384192197,-0.30453153150297435,-1.915946541045613,8.891401204596622,0.00045197143276960706,-0.4856862253386916,13.622562412847227,0.3244201360977184,9.175420194887634,-0.15494375913903127,-0.9475836098512948
2023-02-06 06:00:00,0.3448068608526645,0.5360717611436654,1.0702271620775465,1.158615697312975,0.500160788406217,-0.901996271280383,-0.4811937429767743,0.3290826802790147,1.6490668259396601,-0.6993392171187973,-0.6779920599212591,-0.6887564849103385,0.5520122710820912,0.3067891744925133,0.46454913140775556,0.592508978526591,0.20868387687442427,-0.653324141256298,-0.3955656946004776,1.0791632957516646,-0.9251076063463171,1.6062322551934451,-0.5141613891467284,-2.6832392556566473,1.3733638294509445,-0.11184863080741322,-3.9411447308205427,2.045112787303463,-0.5050661155280064,-4.477922917792494,2.4967224058697117,-0.3418699867074806,-5.419030786915117,3.21542479055468,-1.8858882007228064,2.9941659627773682,-0.17880046522809634,-2.0029476729383444
2023-02-06 12:00:00,0.29993120528352935,-0.2415340837350028,0.01175622701356899,0.7619603559259839,-0.22202066775675697,-1.0779321016758623,0.7897318578274037,0.2496842925740274,2.853874024730023,1.4846856263218606,-0.6029812475193402,-0.596144409627115,0.5864960290109364,-0.01359875367237463,0.8097724551732084,0.7468819965313781,-0.2374281331736999,0.7687203832973775,-0.9708484135459302,-0.014613324739355957,-0.9318268443487691,-0.19301313270089213,-0.5085816039875518,-3.446003284946057,-0.23188574909533416,-0.6328911333673499,-7.215203488986098,-0.11005732326284084,-1.070326474661118,-7.399454590724818,-0.14177887172561743,-0.727815466956414,-8.441822670139906,0.22217190682399723,-3.6852266781525045,0.5002306256872876,-0.6631007755580814,-3.6105046905779443
2023-02-06 18:00:00,-0.4734615388987326,-0.8971609651802969,-0.7057150955595496,0.8099141951361818,-0.2311022789928525,-0.642641023825491,-0.813268506218621,-0.4940448625625877,3.935985103367131,2.232301525882632,6.6802115843622705,9.17625242842697,-0.7203415875154753,-0.04719962196725578,-2.0904146853431436,0.7771917863440441,-0.46473001372782013,-0.3869246643781116,-1.0293353760784438,-0.639451628354546,-0.6138330765064407,2.7280310267034897,-0.3494735431390918,-1.2280048937558776,2.7247507216269007,-0.1872740893692849,-1.034487685997229,3.0847648206842786,-0.4015690157693551,-2.168873610763956,3.567398192541771,-0.36542904121138653,-2.1743363396895026,3.915103427431007,-1.5064805260049263,3.878735632734406,-0.405459159380691,-1.527245205774878
2023-02-07 00:00:00,-0.5313057874522817,-1.0308036012242372,-0.8208359631921238,0.8877207505385589,-0.45757416467797096,-0.287524218852994,-0.41369145647843086,-0.5039526462284252,1.4488219433030904,-0.20874440287715554,1.5702058255744182,2.680811770214882,-1.1341206450963965,-0.7360254947819486,-1.8675661837133204,0.7526780692595125,-0.6142831852870999,0.25951333894976353,-0.8382150568724948,-0.04414461353828973,-0.21024630680406825,0.005883302701924645,-0.062447455395679675,0.7011644859240533,-0.1437543689090785,-0.08443432776429652,0.3571709870444617,0.2266686664648129,0.0004743358009575383,0.13226080511690716,0.328280084980142,-0.1211905319965916,0.17125793560719574,0.5547366878400319,0.38517291401541964,0.7070434443104381,0.08469328972036488,0.2631466424921289
2023-02-07 06:00:00,-0.961030893834053,-1.1652181073174066,-1.1468775856638243,0.5064544452370031,-1.3160095240853111,0.09240199740411621,0.3024601276863826,-0.8347877464579273,0.053824224061330715,0.6456084796254101,-0.6969906631317677,-0.6965083935765131,-1.4835900836252298,-1.8412197599218536,-0.47571109390159866,0.7319997012897654,-0.5510578738713778,0.6339027275854284,-0.5769399992288703,1.5594548435176656,0.5682484171870693,-1.2648926779750245,-0.3288246615704014,0.991552488218121,-1.1733371097375733,-0.35765973922405014,0.9354576832035718,-1.3963705069429992,-0.19749882104152208,0.8018948384845295,-1.1059986947947784,-0.36510253428663386,0.8899638262818591,-0.6602238215605555,0.6337475336274233,-0.8080291871489738,-0.19806419336496622,0.7404757243889813
2023-02-07 12:00:00,-1.1465051184294772,-1.2724576037935793,-1.4070548461350272,0.20215519584925387,-1.726099411964267,0.3307734445544971,0.5218495502588473,-1.0055911119309537,0.16030324135194354,0.030161935389386857,-0.6249394499580738,-0.6148841855258302,-1.634720130819551,-2.0235809266148626,-0.5092765545284302,0.6865583647469572,-0.4565094299102468,-0.7392955815003146,-0.3844518655218504,2.409743247219362,0.9140754581501814,-0.7181667370099785,-0.4646999204665349,1.47781276002799,-0.5571850650407154,-0.5384061210658031,4.551645893522479,-0.3011767518692773,-0.4207671325164005,0.6833518760576063,0.7566917156810088,-0.36132095411727155,-4.168141495862638,1.7524403316262998,0.7729382922338849,2.6228715951998818,-0.4590853231299275,0.8480653348224886
2023-02-07 18:00:00,-0.8037372326456811,-1.1543363694081783,-1.2085862749251544,0.3447660033941398,-0.6497664450735948,0.6251218908801178,-0.8541711072710942,-0.8036322879106381,-0.6633073095369453,0.43575440790198894,6.927488158478267,9.199143205576195,-1.463206022661473,-0.6519198922002515,-2.1304795974585655,0.657359242646562,-0.27491385878271,-1.2605319046051884,-0.06730796287336475,-0.5607904620707014,1.083968810394684,0.2518882932425066,-0.30481855404443026,1.0304211129529603,0.03448089566125893,-0.39677277237773456,1.561506967196386,0.17126090305681052,-0.24123988823434483,0.8092593716354395,-0.23520351236754708,-0.3433926093236466,-0.008907444539899141,-0.6166887043872609,0.853732441912666,-0.4359689150750343,-0.4195472086010069,0.7510371991894894
2023-02-08 00:00:00,-0.6770850688140025,-0.9079229809382348,-0.7938346816782009,0.6438521008847276,-0.7328394847971611,0.5087472755117843,-0.30251906444270155,-0.6518789740542439,-0.7678010194111791,0.7370266465700515,1.5806767201220036,2.6444758705455373,-1.336725708308095,-1.0399852249242776,-1.7969683159779009,0.46435488770974215,-0.24707046455754322,-1.5843428978040897,-0.020554464095817647,0.7691480917660106,0.7011483509375784,-0.3528875148538148,-0.16056737287977793,0.9007505803704201,-0.4478390614283298,-0.1967933952850082,0.7799014007052211,-0.3405488699931505,-0.08184797686535936,0.7199987289906871,-0.3914433584979768,-0.17762669432425138,0.9483133596217528,-0.48914733853015513,0.8866258132700204,-0.21851748078068792,-0.13702403521557985,0.7145648259399655
2023-02-08 06:00:00,-1.162884333755214,-0.9095727195479537,-1.0289848029151636,0.13398883592294045,-1.788897753928667,0.5428081111342573,0.42620224649648814,-1.054818305268077,-0.41201053509673247,-2.8547051922321156,-0.6899493625977218,-0.694023846526328,-1.596471928594673,-2.211238273728414,-0.2860353488947159,0.30740692808381676,-0.2622866788509826,-1.1460425492954371,-0.009756662529025814,3.4833812962067365,0.8484586837884631,-0.7956233964517719,-0.5097251529310333,1.165661106695742,-0.6382349762960503,-0.47625619528548313,2.000928329503648,-0.2541829720675335,-0.3101597008821001,1.0045591817404351,-0.40368975323244544,-0.44216810737082585,1.0619997998909962,-0.5539291781523279,0.7566091176695648,-0.4383408142597905,-0.33111048453882547,0.6709845738192771
2023-02-08 12:00:00,-1.0288136898578637,-1.160267852580777,-1.1317501004183568,0.5273145616632268,-1.6790982232672707,0.35139093315111564,0.7457133711693752,-0.9373426699172438,-0.9342405956409763,-1.1425018667297198,-0.6290206170551577,-0.6285597099657835,-0.8493953502454478,-1.837653413470675,0.447186341833816,0.25252881554690115,-0.3329644946743186,1.029901245236886,-0.15959112076762516,3.4844438753913183,0.6527603048956331,-0.45146137193508634,-0.058433326387443946,2.531765757080559,-0.22381592821764174,-0.5747450380005819,7.090048208800826,-0.36204685934408976,-0.41719792976724357,0.2582098915382993,0.023987566041149704,-0.6865457428962155,2.2046557444603425,-0.11381628052315144,0.6416853522512542,5.858802024971926,-0.3089065854026109,0.16498480066525886
2023-02-08 18:00:00,-0.2994472692339591,-0.8173541265165671,-0.5776107218386354,0.8931801807537701,-0.26943489239673907,0.2964445169964484,-0.31295321865501374,-0.3238911351010263,1.0292903749112807,1.2404580761461799,6.084662763974105,8.407222288492049,-0.26298391487391487,0.05254849806074621,-1.4926972816983697,0.6837358142717987,-0.34725837342019555,-1.059637229153686,-0.12415578560591715,-0.39903474736999456,0.416770809790182,1.5695467574776174,-0.17648692674235814,-0.8430677040641215,3.0507917595717413,-0.13123923292016082,1.0520746216485128,2.402070669751243,-0.09753039692339925,-1.0823736776478388,3.6768724153790475,0.07774254554555948,-1.787225038981413,1.652167765146813,0.30929349349211677,1.9405913704183113,0.05227725438376569,-0.1434911832679905
2023-02-09 00:00:00,0.004838637817585949,-0.7862045372343869,-0.3598112585333361,1.2924105254547067,0.07660235557453114,-0.18378037799852537,-0.40325612853339976,-0.035470904508118274,2.3458368164518717,-0.020997764844514738,1.2305193314670526,1.9868321750710303,0.2537403365080267,0.14491264666821477,-0.27693554981202095,0.4128227753802874,-0.5884099873134807,-0.24805852354626395,-0.3478247659596635,-0.18558558150712706,-0.19077048830870125,1.469890380633866,-0.01986306389849652,-1.1426345860282114,1.4700095501159414,0.12762904730784524,-1.8566605682685737,2.0929162795183003,-0.1292079854116355,-2.5577097877414863,1.7489413844809911,0.025385312063888523,-3.1261742613661303,2.8481672222421306,-1.5920821892353578,2.1422324172218876,-0.0764731489904534,-1.689397477705361
2023-02-09 06:00:00,-0.5428536595154768,-1.113841040257169,-0.8160736967150979,1.1028028119980005,-0.7848463298034043,-0.22499199510818838,0.07952591085959526,-0.5372502556288653,3.142217186930191,0.9126848037614633,-0.670193011471865,-0.6796021697873293,-0.02466366869068699,-0.625315610290823,0.5040144012843624,0.4533933246939559,-0.817008179332856,0.14393920068151653,-0.8013723107753828,0.0512517987652818,0.13362975987489184,-0.13419335535146787,-0.9988291640398471,-3.126933084210163,0.04286340829665089,-0.9623352245425885,-4.958614131861891,0.24166232675510846,-0.9450643461573119,-4.4316549937502625,0.38872221591855893,-0.846632019948852,-5.363372684105403,0.3194158038154376,-2.421357894983246,0.6546697387398535,-0.7206509454901913,-2.3225607096820537
2023-02-09 12:00:00,-0.9164155697096755,-1.388270545106003,-1.2348863319303724,0.8638963770765484,-1.1847326908871072,0.07270882972618421,-0.16395201905705314,-0.8834254027433472,0.9781747750695856,-1.604054392215613,-0.6215728334599702,-0.6081013848129623,-0.5300165288104572,-1.1703721970602967,0.26999474881565855,0.6939829310372867,-0.9670148495483395,2.0290057364827865,-1.1111938662683527,0.2792334033523634,0.650415739698047,-0.2541515671269813,-0.8422984931539317,-1.753315759078273,0.11360879433490931,-0.7280826537352512,-1.240782522919645,-0.16573140704212638,-1.0503347098016793,-4.3394873801465215,0.09680520296479621,-0.835917488771506,-4.184561925889309,0.26570762150516036,-2.0525319406558533,-0.07522538368297209,-0.8113983310239617,-2.63281208204114
2023-02-09 18:00:00,-1.066933027505583,-1.577207317175255,-1.8119205003470764,0.06846486508323016,-0.6870971628573924,0.6501699719052927,-1.5601153184298302,-1.054120922519723,3.5627470105565586,2.5034339578316978,6.869738504582663,9.47754100510822,-1.4600873461937909,-0.6164914890759604,-2.7197453895510084,0.8554824214314755,-0.9300833181544144,1.6258003633684261,-0.753870951414889,-0.498997736310545,1.391571127266282,2.1375122450030757,-1.1032549816238113,-2.71815198978312,2.5528039100613893,-1.0897259637739614,-3.6758731379429754,3.761173300299273,-1.0275816871418244,-3.146603969781258,4.179512107810815,-0.9099583212905092,-2.607493308056405,5.3045161176420805,-1.076838881009133,3.874511161560289,-0.8631027750800467,-0.8988904527291
2023-02-10 00:00:00,-1.0822801645151636,-1.2482413805587476,-1.6843888708395667,-0.46365804749403294,-0.8580011329897128,0.8473131373048544,-1.250913243890802,-1.0361133642547191,2.054444171451084,1.1365680721860965,1.6221443438291379,2.7939120454939674,-1.545814620229691,-1.1336359678756944,-2.1634855003453684,0.2882041338997555,-0.7698575331804519,3.272405192471309,-0.5530129879871104,-0.042565422550838436,1.4643370375452938,0.8022338987237101,-0.7154955205371238,0.4440020342795011,0.8931335647894567,-0.7235659198107317,0.6333016726757849,1.512147180756106,-0.5907480262520901,0.7471814223709474,1.5604002593234159,-0.8319886642358271,0.9059942899357099,1.840210286992378,0.6570496130404828,0.7732206792242462,-0.8225063991267801,0.5421158490522562
2023-02-10 06:00:00,-1.3515541147349683,-1.0369429917617727,-1.604549735742867,-0.8099831355394832,-1.9472113963953444,1.035547536959526,-0.4698880850736041,-1.2697621348250705,-0.5959151570538709,-1.0092135362359642,-0.6967095768541945,-0.6975302939519932,-1.898920976577477,-2.435192390426166,-0.517380765470957,-0.35811803394404407,-0.41260578537432896,-0.9055297785452442,-0.12347755263892586,1.6443485381784058,1.9408967217731548,-0.7399980142709887,-0.8393861336748762,1.2154213710290496,-0.6554948032875625,-0.8931659329933228,1.327292000230654,-0.2951845714680906,-0.7249532236935806,1.0997072543651454,-0.034396281858920415,-0.9295690715526627,1.3357655856474127,0.8553969853197223,0.8985685938209274,-0.32821488570906293,-0.87743437507663,-2.601590917940281
2023-02-10 12:00:00,-1.4856821810333714,-0.5210245523147533,-1.4299593436851274,-1.7000651999308891,-2.596445876611058,1.159835466333009,0.34581952699714275,-1.36881586589667,-0.4700339267624102,-2.1008352149976917,-0.6127078853320164,-0.6032964609999915,-1.8928262195612424,-2.776481097073508,-0.17825722646600362,-0.8765907796004424,-0.07675434098112857,-1.1531792769576958,0.3625783167521901,3.571252304273154,1.8582493392765922,-0.6673127619672592,-1.0779593608044054,1.337029988797078,-0.6513497371414887,-1.1234779267599486,1.5688481054446601,-0.5206016503602281,-0.9271348880347752,1.2765141240234024,-0.41445086724239966,-0.872297659266695,1.3930363523540557,-0.0865169165348364,0.8660546834236815,,,
2023-02-10 18:00:00,-1.165462202103643,-0.7969184495586407,-1.2555953905832813,-0.6389519668524161,-0.8613170313555716,1.3229135954399132,-1.607665646237967,-1.1623836210388176,-0.6052166841836604,0.3651736741855762,6.994262162647599,9.463998753645006,-1.3526212737294734,-0.7043492456808771,-2.2159258256823815,-1.0362061231150206,0.3272303835419993,-1.0786207035586266,0.786062735784896,-0.413555618196264,1.738663184054548,0.9545594394215889,-0.8058613506263619,1.0203639624287104,0.6268650381849611,-0.8965013461258213,1.009769219654121,1.0780296398927987,-0.7548091207275776,0.9600010031309915,0.6454891445989952,-0.9262424667875312,1.0409770467963524,0.4732597572231837,0.8694623457838963,0.11719666865237507,-0.8721165636600517,-2.7668039133542166
2023-02-11 00:00:00,-0.818531398668598,-0.5747394926053252,-0.9043454995019472,-0.41891729417376783,-0.36455291197406153,1.1444333819091252,-1.3996125605681464,-0.857032562004462,-0.8730762798110232,0.561131574730292,1.6592136855405653,2.860917599577287,-1.062528046310619,-0.809559170414705,-1.809155639974705,-1.0363703566668327,0.5278953612422888,-0.9486571934146677,0.9580433465100445,0.9144135651318185,1.2373864012977738,-0.2247219431760504,-0.4508831558975372,0.8684903950323266,-0.40790426518511813,-0.5299867786282149,0.7060342771246214,-0.5125865744685747,-0.39805780568655347,0.6877590996738279,-0.9095443399208276,-0.5243252764479234,0.8132697192229923,-0.9411910781208326,0.7899257113219602,-0.5132211804830826,-0.6011799612093702,0.5337715986837116
2023-02-11 06:00:00,-0.8904420649854585,-0.6283229661561716,-1.1452981368432338,-0.8134538681754195,-1.140341075336351,1.1347540799037008,0.3873639809346604,-0.7105863132899869,-0.7611657117385593,-2.1739127773583093,-0.6895404518610814,-0.7005129600701508,-1.241386182244917,-1.7590340616579017,-0.18632052791559803,-0.927669961161445,0.5408258940843833,-0.9982250147833335,1.0114555900048032,6.856987659289,1.2486119467882364,-0.7908947756675078,-0.30720110301097636,0.9777939060458652,-0.7704981532427431,-0.32548035180402135,0.8982629087347281,-0.7842227423288067,-0.14419729744301105,0.7760363573567584,-0.6913191087968725,-0.2535305544700568,0.7838195987578214,-0.7167122422545624,0.6474673569520885,-0.43065626625542563,-0.1929730475464629,0.6974807981483379
2023-02-11 12:00:00,-1.0178222912217438,-1.1097659282348475,-1.5500868354685369,-0.5114555410377234,-1.434889249203499,0.9080362826542725,0.5741935183766149,-0.8456050367924409,-0.7379660213113083,-3.0378133426336875,-0.6128913689195068,-0.6056913006710527,-1.3307467813673945,-1.9243191883491697,-0.15984249943983433,-0.939231334420337,0.40310631892067095,-1.0339505272821887,0.8751303794673868,7.897342939928443,1.0580785005872881,-0.7385968739792391,-0.366101308846719,0.9987547065804653,-0.6397594428374778,-0.38923159570585764,0.9233899944744638,-0.45857981255535424,-0.2018367439061507,0.7916979129398088,-0.4273247089656565,-0.31997845595505287,0.7503712691456043,-0.14497795189652482,0.6018091787587794,-0.09465647467603619,-0.2204381321856019,0.7059780550445679
2023-02-11 18:00:00,-0.4346560971340948,-1.410030447464924,-1.4561853194770762,0.4338736183616154,0.29771866608809944,0.706472685044009,-1.5244028223481987,-0.510036441335585,-0.9200184964730937,0.10404518226040685,6.652489917035018,8.876710648546206,-0.7605630428176672,0.11392688295302578,-1.8712071548579639,-0.9793144170934966,0.3607873701608445,-1.1522631890165465,0.8386015443229586,-0.17615984125429546,0.7538237520536671,0.25437904924048654,-0.026161090965255193,0.6632649448303348,-0.1532758627581497,-0.2593623433773189,0.3100716242239185,-0.295254116628716,-0.18752537482842555,0.4335189716541411,-0.5469525213078495,-0.17615291884269055,0.4408509145976799,-0.9136154918599996,-2.507070681079552,-0.863106326615895,-0.43542149040362393,-0.326671948551361
2023-02-12 00:00:00,-0.4165198255677944,-1.7340913149418904,-1.420557794781987,1.3104969106105464,0.7615184298887117,0.1919257156348633,-1.9191490437573129,-0.4790581815186237,-0.9448328251805306,-0.47308282569153953,1.1317601292713526,1.8041727379913362,-0.1491312517525414,0.10241075294764188,-0.713716976724601,-0.5587619397577852,0.17492473183187535,-1.2039841794900943,0.546273088668488,0.757791375032489,0.09297085453312719,-0.28649806044653087,-0.12812051303965813,0.47743504909998935,-0.5662002597925863,-0.27145123149395445,0.017930769535881307,-0.7866049522840947,-0.1681476735766432,0.13659031141527733,-1.2555460759617485,-0.17130315465126908,0.3286321521698233,-0.7304285471584598,-0.6237895438903068,-0.7847593977531332,-0.3174345953753352,0.3641764241843781
2023-02-12 06:00:00,-0.5502293254439014,-1.058677674912645,-0.8207328539534501,0.9566512128133915,-0.05091319223831564,0.2547577414869886,-1.1828354805754064,-0.5354679793239523,-0.22107176574881984,-0.2840773023763265,-0.6888666931614875,-0.7028417198639043,-0.4975648987727202,-0.8004940780868606,-0.0064020052847524175,-0.31292960662713526,0.05727828080385297,0.5521256382542093,0.3383087873741642,3.4358911283534663,0.24414504687794464,-0.5383935408814042,-0.19665767054473487,0.6584383614478403,-0.658017858850021,-0.2531763967330793,0.3139095642204565,-0.9322137355873803,-0.12411284421797937,0.3469086950841819,-0.9981741669383224,-0.2239356856288368,0.3879053081187482,-0.9296882459299032,0.556413993458574,-1.23389886927716,-0.13617000126811452,0.5150449321666731
2023-02-12 12:00:00,-0.08864506168734333,-0.5385997373392122,-0.3077987152284731,0.7957798842208416,-0.26748528601381055,0.2127645728919538,0.1627256453735833,-0.08967580047135598,-0.6439748975372794,-0.8307588244159242,-0.6138392877487879,-0.6136611537665516,0.02415709643483756,-0.5387721020876104,0.5005910669535929,-0.4868663297537079,-0.18302305781923836,3.7039351213489997,0.1171734184540292,4.546450018725316,0.2128046787552757,-0.5882569157961047,0.3384067640336095,0.6982366686362929,-0.6949034319021135,0.32084738855558387,0.37620685637495627,-0.9783866970551531,0.45346387013708006,0.4103392310201402,-0.9915287807501659,0.401799575204633,0.40421615902475,-1.3464996468616846,0.536054902142577,-1.7193683557201493,0.7014546569089688,0.5456927752442143
2023-02-12 18:00:00,0.2521296542261752,-0.3525618393357374,0.11137494762573197,1.2533464677754746,0.6247020793400235,0.2958160684660839,-1.0060251233153978,0.15248224753722922,-0.4322285328323478,0.9330772071754706,5.970825754498028,8.006059401979792,-0.12103785924500021,0.6618131718372127,-1.4363236546514668,0.29454860105623415,-0.351361298569719,1.0801679699139222,0.1685263664663352,-0.5563858820632827,0.2828892594293727,0.25345228126210123,0.847819264374561,0.6421698653384508,0.001853599879679291,0.7382623877407316,0.29069104392254486,0.0666960432570756,0.7716593418788498,0.40448384049815334,-0.31778559127006023,0.7788706518574408,0.45308070718203913,-0.8179493288906841,0.18242203387011421,-0.8761600571436217,1.0193696660235227,0.5551493810809225
2023-02-13 00:00:00,-0.04738449693036092,-0.622183101180491,-0.1260938293568909,1.3989224412478072,0.24343983100270863,0.17222606640005694,-0.6972175216433655,-0.02639086515037665,-0.7253654130002898,0.43367067201424686,1.5774429300798585,2.6028902075491174,-0.8438439110965861,-0.22638837235472592,-1.7846392509642441,0.48438403355968185,-0.31439301012449117,0.9307027241757214,0.17348085540465719,0.48599843586197633,0.027786787452153704,-0.3851719694702662,0.5297309601370785,0.6671386820828871,-0.4134297113239295,0.5044524478247965,0.33631592511487124,-0.28045357973787804,0.6014059952861431,0.3880739436928003,-0.24125506037673314,0.5829339463136906,0.5375066807874207,-0.07423626096931399,0.5897369853567113,-0.17083021871610296,0.8711434104297798,0.5187034856039637
2023-02-13 06:00:00,-0.769358206131992,-0.7371168935852644,-0.4654979222576547,0.940435115257368,-0.8331586927230109,0.23530784992040993,-0.15439042874052913,-0.6646667075288288,-0.38207704813422677,-0.6203139814940939,-0.6949351797881117,-0.7014623653398809,-1.179641686953093,-1.493893614662968,-0.3514010797581085,0.3595777056222043,-0.15973694165312177,-0.30647062896337723,0.22422350984019665,4.524986208416109,0.23305917608616308,-1.0265627397412005,-0.2446655002721566,0.8765127724125547,-0.9256191104866514,-0.25968127691270637,0.7095177746692054,-0.9042528635543028,-0.0827991698737002,0.6279296210145956,-0.5545919286443793,-0.20605819244573018,0.6470993954025951,-0.5148374379449191,0.5923137621942209,-0.2479226894777322,0.0,0.5985672816807635
2023-02-13 12:00:00,-0.8812423168225886,-0.9435657126870263,-0.6825813872098365,0.9748540483726916,-1.202089856896356,-0.02314898607240615,0.2501160732895041,-0.7849525262133571,-0.5590202494119866,-0.6251622732905704,-0.615060917223316,-0.6081331523656069,-1.2245727345391375,-1.7038875045854855,-0.2120860589509377,0.10302695172122488,-0.1697894656165787,-0.8727016422487145,0.05660450288245585,4.773020212799755,-0.07539014052639892,-1.049921375366991,-0.35538154597291827,0.9336049085737234,-0.9131018601914495,-0.3721564114235167,0.8126907378666454,-0.8824460843959936,-0.18567992353865023,0.7130692212704728,-0.5640969416353666,-0.3316561841876054,0.6975366129658152,0.0,0.5900811443291845,-0.10180325348055867,-0.15775460959417845,0.5145949755629277
2023-02-13 18:00:00,-0.3380498226301368,-0.689567531099097,-0.2550746711282325,1.2831216594692403,0.36190187047038025,-0.6525557843353605,-1.287359634203259,-0.2753889071652588,-0.4499715331524494,0.6892975155273662,4.6178069680684635,6.117904982700743,-0.06780954844342436,0.20724371275199804,-0.6281092879660132,0.3665581931291028,-0.3677158367137046,-0.8648815533304323,-0.2467878349331632,-0.6560582131838572,-0.8018172208234732,0.5473692458489204,0.22302290947060646,0.3350158989172724,0.15769095913078884,0.02084936949606953,-0.2530702368423371,-0.07749118106013818,-0.12528238815575427,-0.7634077566701711,-0.48302292218544995,-0.10966219683149481,-0.8905600960977816,-1.364077126328021,-0.22929552218531454,-1.0988863541954734,-0.11405828020924566,-0.2104355876056137
2023-02-14 00:00:00,1.1056828512760295,0.3275902392759945,0.710909942038163,0.8871875911943095,0.2771977981431047,-1.5817790089550228,1.13522688212471,1.1141998806264213,-0.4582802181797919,1.6931770100687893,0.33631178923959204,0.7751925606650425,0.6340435200176846,0.3011317044350129,0.27154172731605497,0.961169070791042,-0.940240142616731,-0.08027422127237704,-0.9169981798289139,-0.015061861531788253,-2.035604365862701,-0.5707573020911376,0.834033396786808,-2.4769075730507693,-0.4725086022639317,-0.994761236096296,-9.882045483409325,-0.5095307722812854,-1.4709637797864392,-9.473126568562623,-2.594549732067407,-0.7330074595641654,-10.384504358024369,-0.6315025149537036,-0.7447699053891701,,,
2023-02-14 06:00:00,0.14741903838949738,0.19153221737893272,0.28163686843424146,0.28435599396221817,-0.4088268998529245,-2.277487008652136,1.0177980107204676,0.13302045161509962,-0.4827533819002525,-0.9472347425542363,-0.6745750468108133,-0.6866403510182338,-0.06748278116409455,-0.5950035241078692,0.41761890468023716,0.5629847799695098,-1.299830887610195,-0.5654673310353915,-1.5339232061432695,1.1982559515563433,-2.8266762391921536,-0.7561975203078022,1.0863048479926407,-0.765381624743848,-0.513729882197139,-1.8134313702720404,-12.560596216593046,-0.6205003764480175,-1.3986747772399297,-6.789323992156018,-0.17790851616194875,-1.2023279865153853,,-1.1078799504170354,0.3829859752928295,-0.1711494187837027,-0.8692963451629218,-3.7089334077179696
2023-02-14 12:00:00,0.32058756668812655,0.275109267695873,0.5073714193912084,0.5717035090888533,0.01087009862837574,-2.6083605971981254,0.24902846549222074,0.25203656772205885,2.734216888926329,3.033374409264277,-0.6160426158741181,-0.6058912432572793,0.36825543253757564,-0.028798218769011112,0.5038062143263093,0.8551125923157984,-1.6542305695950081,-0.7891409398710212,-1.945672331104026,-0.14913225259991564,-3.2800747610587275,0.11399597959130921,-0.07997788297759005,-2.1070958638846506,-1.825530966838558,-0.3858259236507104,-4.373076865447766,-0.10303200221697867,-0.2199750297509963,-3.723810027166243,-6.680164368250132,-0.17894838307670266,-5.779587339062143,0.9341282240934728,-1.4224494054993813,0.40822021990073737,-0.15249551422794147,-1.971036202863217
2023-02-14 18:00:00,0.045600857678908535,0.31633801319663507,0.5044570086407816,0.46371171926932975,-0.022093266411506666,-2.708728406433726,-0.19996397730496368,-0.01889689235212369,2.218508232863577,-0.38963213853692225,2.563216606713933,3.856165130756256,0.5481237907459335,0.14081732619535275,-0.1816123127574002,1.2854582577716058,-1.8492468265001236,-0.8399398962292879,-1.957710040886387,-0.9023725867609169,-3.0197993383718726,0.8944093446721503,-0.1136540644660195,-1.7289346471077869,0.9395263012448128,0.009849574071875103,-2.9117233457577627,1.4031957778823396,-0.3288865702723193,-3.7186659837310305,1.0309699810187891,-0.17358021155555792,-4.044810957467607,2.1080491562153045,-2.079324356428393,0.8336987478804447,-0.35830311861536795,-2.4393848838349856
2023-02-15 00:00:00,0.30098361216425484,-0.0064671706662402855,0.10439193640196048,0.38501707820079817,-0.25718296074893315,-2.773026162303673,0.7846540036527462,0.19273075258608513,-0.2614998131704834,-0.49734134024506327,0.3370852184253444,0.7724012139767551,0.5166009989563018,-0.025713002698608302,0.41059395417070693,0.9063888287871064,-2.0506325456953456,-0.6014177543694007,-1.9637860262692626,-0.3634083770917535,-2.7861055649048985,-0.4276272286908856,0.10774412536059942,-1.6877338621867044,-0.4491364298515594,-0.1103498871991135,-4.65666033951899,-0.6329774503801371,-0.5041316421679611,-5.390133403132496,-0.23471224733784005,-0.05857885631664957,-4.953539092072451,-0.8931368035404386,-2.033125718084097,0.8218619234650625,-0.2062742160548665,-2.538518761722384
2023-02-15 06:00:00,0.36716365608026963,-0.10925522793160498,-0.033431218064182526,0.33715533608114173,-0.3795415895115656,-2.74641213328781,1.2687362343266668,0.2593989778290243,-0.8165153042050897,-0.3857976938267123,-0.649743960399167,-0.6681663569101811,0.7004790732992555,-0.13025452228063247,1.100009407106117,0.9369141325820806,-2.092281219151807,-0.9873130129815458,-1.9231982173370608,-0.08263219020530449,-2.294890860334365,,,,,,,,,,,,,-0.48735796198794556,-2.2632808445847195,-1.423811608056552,-0.23180169463517958,-3.2353314935788666
2023-02-15 12:00:00,-0.18958541190314848,-0.3967363755800768,-0.4873299177569001,0.05373716452970078,-0.7272345507979695,-2.8464351065163394,0.8680113430438013,-0.24450700935146183,0.15628985381455093,0.3624374218291845,-0.639375056838879,-0.6414025439927616,0.46887928689360187,-0.43001281803168684,1.0247859212214652,0.8816110903859741,-2.1627884500943337,0.4044001461467294,-2.1313294298236665,-0.1406128877440938,-2.1103045019300826,-0.08099840540869034,-1.2854289105665204,-5.179334812080244,-0.14071368001038873,-1.3204902841575656,-9.438234297858042,-0.36762507550473666,-1.5685047361942988,-9.158956137751439,-0.33966680172572167,-1.152933180757223,-10.699896380013453,-0.4605894574313284,-4.11440234924148,-0.4312277834910453,-0.885542720319507,-3.9310167174154813
2023-02-15 18:00:00,-0.5790740281991962,-1.494128179290648,-2.063541660159374,-0.6862395532477014,-0.9296514864575892,-2.3551638137691016,0.4067427200389509,-0.5629618055036332,-0.5149127178321621,-0.16858182517866435,1.3839772735201783,3.1038750496993033,0.32645672410927407,-0.5537900376799254,-1.01170256023496,1.0544328637879565,-2.132957667854664,-0.14458949075646824,-2.2566186315463517,-0.7116220706671116,-1.5605613518031225,0.5174345346710992,-1.1028654660288595,-3.7835302153689416,0.54237133197462,-1.1154095038768421,-6.882816955372846,0.2342322900471849,-1.425234801044379,-7.788474673954045,0.07695263915973886,-1.1222986512633613,-9.509522845946599,0.13036826914360305,-3.891471263733563,-0.03771792241860528,-0.8845699608585097,-3.7929568757027745
2023-02-16 00:00:00,-0.6928151085954589,-1.6421103991296935,-1.9495002598569113,-0.07224530514396495,-1.005763590990999,-1.7088753047425749,0.0020995618808166486,-0.7312909732387924,0.5177745698748824,0.669446611729975,1.0876419172998402,1.8717937060026812,-0.2935917236662446,-0.7668322099972521,-0.31714105390747616,0.9264658927888697,-2.0352129751874313,0.335097339543566,-2.119934335210254,-0.5392550455210223,-0.7916845299131425,0.25136607150990203,-0.35141864140011353,0.7781419578420009,0.04774760138508297,-0.42767909976769636,0.5179503568780807,0.32058930093637766,-0.3633578245179158,0.09243089663467158,0.3850133597379444,-0.5057383653580245,0.11146319354198897,1.011624659104852,0.14004718879204475,0.7900645552694883,-0.6643957761804925,-0.4268582206822867
2023-02-16 06:00:00,-1.0784795137619072,-1.7498267770750446,-2.1374833434044946,-0.21758597675529098,-1.693521939290103,-1.0529738160093673,0.19121952541581771,-1.0490655630618395,0.26367882462258074,-0.6370006361402211,-0.6849990214195483,-0.6845007428858536,-1.285381931942881,-1.9050157309751738,-0.13108722000435297,0.9102293650600034,-1.8812092116735417,2.300727680037107,-1.836802157618759,-0.33874812785281255,-0.10456965812566621,-0.6211656298015138,-0.6227066844594933,1.084018315837172,-0.6762903680842023,-0.6560779449966164,0.9959558818496418,-0.6716515095802271,-0.49761658536044934,0.8891460274882246,-0.5121187054837095,-0.7166524653149948,1.0842371225279483,-0.5463829155886344,0.7135077384579239,-0.25999593402345356,-0.8123340321962148,-1.4859159207807693
2023-02-16 12:00:00,-1.3221905441955917,-2.3331782120760867,-2.6033597771246835,0.20209077523674868,-2.449035504829399,-0.5798760594837205,0.5270087682506136,-1.2984000306253465,-0.6369069849370201,-0.8907142841229588,-0.5966696675669066,-0.5913583799518977,-1.6581766468415993,-2.619906820982324,0.02373330905044541,0.871513804327056,-1.6999739575207782,1.7431725508553657,-1.5346527285004816,-0.07080751631316819,0.335003701040662,-0.5994018937321074,-0.9296554975631138,2.299220145022305,-0.6232347606755406,-1.3059894197210251,5.087044689952038,-0.6085584794503874,-0.7985765935602418,1.2218101715810172,-0.48553792608937313,-0.6083421982766506,-5.001167970071752,-0.6345867054244473,0.9180184644253484,-0.39312226116313903,-0.8746302417631708,-3.5485532066093786
2023-02-16 18:00:00,-1.1123842709915854,-2.526411004492532,-2.354755307334088,1.221713161765013,-1.5772787476389636,-0.0872647484038072,-0.28215387215804305,-1.1015231571605602,-0.5023473540489327,0.48847241659719426,7.687130718117723,10.173733049959313,-1.9069503162753594,-1.2594949049754367,-2.2428725599383363,0.7142843086513172,-1.4468928336076055,2.4876039856613854,-1.104779514904251,-0.5700974607607519,0.7511524072464211,0.08287295989159313,-0.688874914518697,1.4259818517067944,-0.1200919014598002,-0.8642839464663867,2.849620464756442,0.08415462840527337,-0.6096215452910204,1.1315730662990624,-0.11471469539247969,-0.7231081873537301,-0.5967701501102582,-0.3327412645538347,0.8117033237105206,-0.2690959458195825,-0.884505562664737,-3.0865524025770688
2023-02-17 00:00:00,-1.045219743929983,-2.040993313200427,-1.8927452232202715,1.0349772975817546,-1.2487414246784847,0.11734395689969739,-0.5467719569145943,-1.0174557447183394,-0.43881083258252657,0.34958735701813176,1.937660046186439,3.2086806342522216,-1.696755773789941,-1.4513204296398197,-2.119297059174522,0.07180849423598568,-1.1190151637558983,-0.9573576972225343,-0.7371410123932512,0.12913730467090645,0.8150395942698295,-0.5340446710965763,-0.5604980757803975,1.1072843428127075,-0.5453122856336103,-0.6106606590164693,1.134016179009633,-0.6885511170747217,-0.4718164739353213,0.977118003543297,-0.6672974997641627,-0.6751750060115298,1.2013783567737089,-0.24398025048607003,0.9153845432555634,-0.38138230237795456,-0.842980690109091,0.40444733396417143
2023-02-17 06:00:00,-1.4039821765520424,-1.6190502142635919,-1.8553273724827264,0.07673350019394953,-2.4225263591017203,0.7108898607952496,0.552644199331263,-1.2886183056058165,-0.5717951405139661,-1.7105034150208143,-0.686007716702183,-0.6926495872938916,-1.820953835418225,-2.715866923042195,-0.13555418568888492,-0.3164460541804512,-0.6665365797203611,-0.8458277291338856,-0.0992638349792695,2.7655297402824712,1.3508546384829931,-0.7187515543175171,-0.8845540703336726,1.7784895306385273,-0.6259441498456975,-1.008187492785667,4.7248659161576345,-0.3881647761879259,-0.7228038150274457,1.227299515740647,-0.18981157720399985,-0.7027681917406882,-3.4122712212156174,-0.09946430370536312,0.8966697711032334,-0.3591214033264801,-0.8969321780658643,-3.841722240632488
2023-02-17 12:00:00,-1.4787085580527766,-0.8934433164759077,-1.9039055923530046,-1.817940480712952,-2.5714738940349577,0.9021264708397785,0.6084639902858404,-1.3311617214001545,-0.8237865602504001,-2.139835780234972,-0.575799546799997,-0.5775417605090871,-1.0681642164833252,-2.614723118030974,0.8750228960326011,-0.2908190666624153,-0.31026255104260947,-1.0714820751687109,0.2694860701824662,5.60644594497453,1.4736549493584912,-0.7296348765352597,-0.9199346174781151,2.4660959430772174,-0.6767869878764368,-0.9365738780090297,12.069180260908135,-0.5421772207421204,-0.7942997967231312,1.3759686672518423,-0.36094773023831084,-0.15093495742153112,-10.246270788732378,-0.33713027876015655,0.8337273668664885,,,
2023-02-17 18:00:00,-0.8358367631737929,-1.1817059488005233,-1.5944890957764342,-0.43117779131031025,-0.7277290663254938,0.9953954346516745,-0.8593297493270894,-0.8402632712291879,-0.84499978228275,0.7256261712140241,7.871882504791179,10.1133128284356,-1.3896456797805263,-0.5493823117786225,-1.6948245849336052,-0.6645855658360467,0.043994679785448416,-0.5922158698631993,0.5308850101590213,-0.5195024085693728,1.4276822929127018,0.4550448797502474,-0.44829784583339793,1.1392482535031303,0.17937761171917782,-0.5240018458945477,2.408990304069307,0.5730939135306214,-0.3940032005036495,0.8769075235007437,-0.1830686724890591,-0.4707821829827043,-0.6625944406416449,-0.70409249425077,0.8376220273691357,-0.32693055848381986,-0.8332510869196613,-1.0900648437120837
2023-02-18 00:00:00,-0.4771561182359446,-1.1812104667129282,-1.2898044840832477,0.23350082535242012,-0.3418776260501076,0.7008215215605144,-0.5109025096752895,-0.47576957902703154,-0.7592850381635814,1.1738930830276735,1.9177998825033507,3.098765188436693,-1.1608992479007907,-0.7853003289727607,-1.8345086070582926,-1.0617980474327213,0.19404008308912687,-0.1171652387264724,0.4737302966969443,0.6219668802690725,0.9757378519598042,-0.4034783984774691,-0.09293214155527559,0.8878938828604699,-0.4484690503734174,-0.12773194834877633,0.7282824701270065,-0.3918066993869699,-0.007328120545785584,0.6893143397692914,-0.48432172849400523,-0.0944848843089267,0.9203391440688377,-0.28333113129725807,0.904900192835028,-0.23742284298100355,-0.22032317955617914,0.6565962927894091
2023-02-18 06:00:00,-0.9857730100307118,-1.1952531201369385,-1.446404745290849,-0.07414216509769933,-1.376269451512644,0.5904052478712262,0.4826456231487709,-0.8298544543594627,-0.5142382916046756,-0.834002634573536,-0.6871132770740036,-0.6983964925210743,-1.3007908858372164,-1.9319002204931424,-0.11045112402059581,-0.8260170471981491,0.21746267525656107,0.03381545317581077,0.4269105907098908,6.055617381882706,0.8262131566762599,-1.002669113856472,-0.3934415176154956,1.0166887091325016,-0.8959237121922268,-0.4289187700984219,0.9697716147835256,-0.8036180042116641,-0.24945569595467362,0.8300344365642717,-0.6261716236784848,-0.3933571835406104,0.8338262662789749,-0.5746309905802442,0.627923492118828,-0.4866734286966278,-0.4565455347013104,0.6660379002186287
2023-02-18 12:00:00,-1.0614317175978385,-1.5557198612717609,-1.6153154557397027,0.4451896014820412,-1.6393132155899777,0.16163531877521242,0.5091594384669282,-0.9700628876229211,-0.37050647156416383,-0.892560059176467,-0.6062592196071411,-0.5986572376103533,-1.322834256424354,-2.0598512918717042,-0.02219004222233893,-0.08785972253741894,0.008385857430849766,-0.7250681868603133,0.10035573615458478,5.737599272809084,0.34877198116101843,-0.9076614337296588,-0.5037865492828143,1.0222907746633052,-0.7555558111173646,-0.5467716951603567,0.9932126258465798,-0.44969674391699066,-0.36333539467250275,0.8416931911232504,-0.2693980017795107,-0.5455615530322158,0.8242293532969428,0.18042279051997837,0.6154728574770666,-0.098849698030901,-0.6641448218555038,0.6307457146509885
2023-02-18 18:00:00,-0.7432569587541572,-1.5379855017231088,-1.2072572666545947,1.293304071705832,-0.3422347884478863,-0.06841058923453838,-1.1653917862142271,-0.7643021524822323,0.2549438498403399,0.1884344350459861,6.872968003423245,9.020687610191032,-1.2091625153412784,-0.3502547823605646,-1.8709278729277765,0.309259788522417,-0.3243092502476617,-0.276754255151248,-0.09640721821370611,-0.6700995042550884,0.06661792861804654,0.9553617043663306,-0.2920756200457427,0.7752129212318405,0.5869028370184515,-0.3864508511941771,0.5314432304887367,0.9359637048999718,-0.25282854453679776,0.5920229542364522,0.33636999368890613,-0.3965819794481628,0.6060728863909568,0.3983349316473154,0.6857943268689498,-2.1376594848269432,-0.6345773070147748,0.6156951118288129
2023-02-19 00:00:00,-0.9414054455909379,-0.8748693673340835,-0.3355291802313353,1.5640244988628709,0.23302923117705537,-0.3034826970828271,-2.2331440537119898,-0.928196020674198,1.3863606220294287,-0.674707386765352,1.5377048994127214,2.4993540389533244,-0.9497360838594219,-0.3567796442286382,-1.7286662558340928,0.6168690005932087,-0.5107052912236613,-0.6248816566433273,-0.2754210708844474,-0.04490318402527529,-0.4003929266164891,1.7622759207757777,-0.6621408974782454,0.4976598807755616,1.370214485374464,-0.7825409412064527,0.016680670994481422,2.0709919253282107,-0.639016938580625,0.18182303025803653,2.09283676618665,-0.7595439964008822,0.24232006365024092,2.827916399115153,0.5432773419076367,-0.08042989120447522,-0.8753315401791617,-1.8364725534329391
2023-02-19 06:00:00,-0.6823930371176166,-0.6684900525435157,-0.05206116491213869,1.6748628627040087,-0.21487534728734634,-0.1839715565721056,-1.2156791727763023,-0.6637589868698174,0.7417372594599585,-0.22495320864812923,-0.6747949551981537,-0.69215107630475,-0.09582601160269592,-0.6623824802576629,0.44752227153632756,0.5658857069359072,-0.4402062259429819,-0.373639769121349,-0.22098297970562172,1.759154043890791,0.04044521030582675,0.4748092462887195,-0.44070441445430536,-0.1137587529494743,0.7140760241266418,-0.45561452616237963,-0.46372927516604884,0.7935880400415494,-0.3551991474392058,-0.24728987940285238,1.1344422330655282,-0.4230781754901511,-0.18188064274144022,1.2279329982403837,0.05894400217776265,0.12242763043613869,-0.6433260632157025,0.05346450043407828
2023-02-19 12:00:00,-0.19849132720782878,0.0047894430570071655,0.7676521386436146,1.806851935241653,0.05580765145347798,-0.331707660274706,-0.7170134304117485,-0.2044061168141334,4.295817926864635,-1.1190286640372273,-0.6235991238228596,-0.6232069760818595,0.541840739654379,0.0001609818689887579,0.7357395463218958,0.541056519104227,-0.42720577702152124,0.39273520399235423,-0.34073398331880655,1.0626318954763596,-0.05954317782177647,2.3889696594588017,-0.28751767831307656,-1.4650529563951507,2.757711620686017,-0.08786992521361468,-2.0493465794893466,3.365288878554802,-0.23172132890675268,-2.4141153734462035,3.809721224283509,-0.06650150705345786,-2.6113270052450193,4.558384292117866,-1.453394317748253,3.431580399808299,-0.3195046680542427,-1.7059225207616817
2023-02-19 18:00:00,-6.508278942283382e-05,-0.26505453853539385,0.424062620931269,1.7210459295957519,-0.03930598923686849,-0.18353646447756256,-0.24528437222914903,-0.057096488007266494,3.372350650645352,0.11935910626558807,2.592798709735032,3.9885065385548635,0.6448736066303268,0.1475066665036748,-0.2029799891066999,0.7437877775084152,-0.20663598170192127,0.8233141338692258,-0.31138934489404885,-1.086113918375772,-0.060355719561032445,0.840968565004141,-0.7406110220242195,-3.625806828892279,1.0265253111726038,-0.4905658836129391,-5.998764649909171,1.3319543864476777,-0.8296987601742126,-5.915729170810247,0.8567024197545887,-0.8236420182087596,-8.343359455044967,0.13818534397227797,-3.8963031589336325,0.17683434167877438,-0.7509522557610194,-3.5468119295981313
2023-02-20 00:00:00,-0.23382415576294022,-0.3997565460355551,0.17805269230114895,1.5154006043581947,0.2457837726791649,-0.1980020639995941,-1.0974210596451852,-0.24529028503913786,5.588656670627465,-0.9280093558579142,2.1794252431587777,3.385415728171653,-0.4925572817921686,0.050361367052995175,-1.5888425268197133,0.6187038765133689,0.018000862234613654,0.22864178965384196,-0.24276142102725612,-0.4186243626740855,-0.3233737966175027,0.2768131500614705,-0.8360717042421227,-3.4706848934895853,1.565498066603837,-0.5176735177789408,-4.26124541896661,1.862889496017127,-0.6282314692071558,-4.197463254890781,3.6594550427731525,-0.2671672012328166,-3.138638978066236,4.4335651189319725,-1.2264061812616036,4.550929437560807,-0.21667259788978374,-1.0161658805743328
2023-02-20 06:00:00,-0.44814495165673246,-0.4412248425519561,0.1502307649950974,1.5568074036951896,0.2531367815171978,0.017545670176141108,-1.352762472862616,-0.38808438536417306,2.9739889880331836,-1.8349977096095473,-0.7058199003543179,-0.6899486656253697,-0.9152491567236893,-0.45172833917408367,-0.9730777195649756,0.7097112190803034,0.2167870098769102,0.8333102937685971,0.022114762673512894,1.1520926413111068,-0.03174396745442217,-0.25697653977236684,-0.2540807427946993,-0.185033212549121,-0.14560009252201717,-0.1875228067637488,-0.4211233602810721,-0.14960660037049234,-0.11004495412260978,-0.5515526074523082,0.33171562956856315,-0.10703137901515496,-0.5107869810623153,1.025809791315992,0.0606747509776473,0.9538232607462901,-0.2042910331909995,-0.009682190643525664
2023-02-20 12:00:00,-0.2039800764795937,-0.344664346121751,0.266923516975102,1.5738377779151125,0.3565453804035421,-0.02906457496596634,-1.1524639261757417,-0.17738405046740055,3.6844025736102353,-1.197494181830616,-0.5986037215592654,-0.5794417747407365,0.09755746997062158,0.008902044449470266,0.07758727689286483,0.7514890405679853,0.22025517343391876,1.0821688757676817,0.10504481397371862,1.6529513351039893,-0.23308782811526207,1.1575906215677643,-0.145240897365627,-0.9076732065540922,1.6281844132449035,0.05360585026312846,-0.754567435050977,2.209834515387508,0.12670789546221778,-0.4495368823450746,2.1754391766522416,0.11044830786128426,-0.7963444277081523,3.3565555868713775,-0.14843916289638162,2.915737025787261,0.0345741048417988,-0.27063981972288065
2023-02-20 18:00:00,0.37914558235914814,-0.3540011047429812,0.08338910809185227,1.1957299004833501,0.3323385007604508,0.09547204461357393,-0.2627385382919205,0.32465604569217704,2.4473043979672946,-0.7644827165572892,2.272196557699277,3.5044425967899224,0.815896935582753,0.42610725851089376,-0.08268165364589625,0.6369660012633189,0.3628180566838674,1.5422024678635702,0.1993967431532089,-0.9666910030775104,-0.21150231637011277,1.6617857714670083,-0.4577489490737461,-2.891892390142142,1.47862753539871,-0.37120147528891184,-4.958106424205305,2.110545964539995,-0.6623608905061584,-4.716377473938712,1.6444724796813184,-0.49367899637226803,-6.288963400234383,3.111387471044719,-1.4133092215378156,1.5380124191732356,-0.48718692922937284,-2.60118890719461
2023-02-21 00:00:00,0.37206922131448616,-0.417775761976129,0.13191604728551873,1.4589816699314555,0.5049503046374284,0.06332384329095603,-0.552910181037134,0.3596104939482453,1.1685947601571771,0.32015008874249373,0.4680116932244808,0.9204005283970249,0.8242418740237003,0.4645741101093872,0.42175599194882574,0.5624211834466736,0.4358869156640029,0.8589705849829574,0.1998074753491194,-0.13961944824904224,-0.34578163141758445,1.7239089246440935,0.8045273954001666,0.05011228978144049,1.7017592475899286,0.8179015740068146,-0.2665918422573102,2.4771421009620895,0.7687676407177592,-0.3924758570325955,2.4922131796840836,0.8574934158448254,-0.6369962792128244,4.414827737007014,-0.07891288381404893,0.8461186088834222,0.7924703088910812,-0.5196819072638497
2023-02-21 06:00:00,0.5655152583696995,-0.5674859461923569,-0.053010763330259184,1.4238285852511086,0.42989568020843133,-0.1896983879894445,-0.06171042306612844,0.5914289560675062,1.5937048050204805,-0.3171265422365119,-0.6766980640953094,-0.684677050079286,0.3275733578888455,0.18244466776570306,0.2569980844686779,0.11222305175856982,0.4779483956427991,0.15895886258978167,0.11716751003924943,1.7309516936383365,-0.29706344775538285,-0.30743975901962517,1.115197167463641,0.45639597048176167,-0.3941418641485726,1.0635372807312806,-0.06119799462295314,-0.37753476263628544,1.1963426693377184,0.141447294108613,-0.20791328203206544,1.1709408722332635,0.08657240487895992,-0.2721471416690218,0.2650320240185065,0.21289783097761833,1.5814176350149103,0.36888667296130334
2023-02-21 12:00:00,0.49947321269015216,-0.4428802741435223,-0.14912227772121928,0.9066402245994221,0.07042159758995802,-0.7986866175768799,0.5963407404572937,0.49790608832204575,-0.07906141819993565,0.16357848798411603,-0.6080242351994042,-0.5932492527303276,0.13296532450964552,-0.1496135251289136,0.27649945220842254,-0.5838403984746289,0.43273348509672327,-0.8749664597242554,-0.1623121426549829,2.1778898513516007,-1.179299773505653,-0.8261957420899018,1.0768575844801274,0.5193963617923812,-0.7775004245331698,1.0866784351282714,0.01917519753779411,-0.7241208010313267,1.2603343891441383,0.1867520288340425,-0.5049216844666458,1.238059571242344,0.13585405642374654,-0.7331098320550136,0.3794645524565809,-0.4165630471604542,1.6742898477089945,0.43580097538561924
2023-02-21 18:00:00,0.30775798943203414,0.012803041757508337,0.3107785284987208,0.7885849105904789,0.9421548142539145,-1.6002879915353332,-1.2926787717667876,0.2711570097417285,1.7197045987710475,0.3628158932753182,7.655466230353333,10.214343871531929,-0.41340645952366534,0.8284152288720419,-2.1701958763793137,-0.6508915598499959,0.18804497104586543,-0.00916107228574538,-0.6438719926406592,-1.195035164933271,-2.1173002005846824,3.9572410403637814,0.711592716455685,0.02839588705513031,3.8537898403653537,0.6727143756293796,-0.36360082943772826,5.578596135484882,0.7696672141812801,-0.019532713906330778,4.951773761792726,0.7899297662754989,-0.12881638111867463,5.66473646314331,0.34497035001208176,4.609792233295852,0.9298403768384369,0.28631211419886515
2023-02-22 00:00:00,0.3627035516621329,0.5475509726182749,0.8116540823169704,0.5651999059531125,0.7778709074803787,-2.552562458915032,-1.0199427285701206,0.3439275400211546,1.2435763561963644,-0.48846704414128345,1.046792304024283,1.6866215868492738,0.24250709167163467,0.5276085044457359,-0.5307530091073076,-0.5760029494497401,-0.3552730694526794,0.926623523244171,-1.3569069372952398,-0.5209022720848173,-3.3019019132471454,2.5707277924330243,0.6887124001263671,-0.2579213617009947,2.2659650837876075,0.7386003599894088,-0.6295815963685287,3.224899167691092,0.7249063742738173,-0.6183282903839159,3.1807914112178186,0.746629194008514,-0.5054539805505882,4.9679280434144815,0.16177292373759697,3.7273450484974315,0.8078500649121003,-0.20975929999690673
2023-02-22 06:00:00,1.2549083532947747,0.5208379866316983,0.5718187119477434,0.10687372722275054,0.29301160720663155,-3.07956341628623,1.1697515275121688,1.1507119131278143,1.458803469815578,-1.2585339337762727,-0.6628894839514285,-0.6769240766121636,1.008382388459666,0.49606173240479273,0.9495632923228244,-0.4234156173340265,-0.7244268764694162,0.7225561155229675,-1.696548588407026,0.008806502500532262,-3.410983099916095,-0.39166378909418065,-1.125427181570929,-5.529188755669407,-0.3801316045135112,-0.6123954148613762,-9.058369882472064,-0.46125936602867856,-1.2220965614557702,-8.785310670267,-0.4302332621843375,-0.9180334497529385,-10.291703903830848,-0.4489524961415128,-4.258799538691866,-0.7077858151761816,-0.8196720069772395,-3.997209157216174
2023-02-22 12:00:00,1.2019163658576428,0.5581677406062064,0.6174790883266206,0.1146543846778652,0.19698058447414848,-3.593490784639644,1.3721039103538464,1.1154035090697325,1.4322774750287577,-1.3611501142360551,-0.5772534191834685,-0.5558392870605531,0.9619537952120204,0.43425463724117225,0.9180019447897956,0.5031181045084905,-1.0825003148252126,-0.2750185657220388,-2.0534122814171263,-0.04326743568284908,-3.735084783212084,-0.36234779417264323,-1.1049334960735242,-5.423818737329272,-0.46237323896524807,-0.7896271418381353,-9.463727205681948,-0.41830087240186486,-1.3515143452435836,-9.072171257396157,-0.3714666321429954,-0.9198150306544135,-10.290656701083416,-0.34296908705590334,-4.065386476654501,-0.20817999398270523,-0.7752512158248293,-3.9376654505855937
2023-02-22 18:00:00,0.6313107090510375,0.21735560520466024,0.34158136606344214,0.35171648987496484,0.0080430788102317,-3.989994102286,0.7604054469684132,0.525366642869062,2.2326086535170626,-0.9694696733472897,1.01279398136489,1.7910208516710409,0.7556388795642598,0.2511841492009406,0.21667516520791508,0.6947324431288104,-1.4210212300876945,-1.918872848654202,-2.372857776593427,-1.3624798940204745,-4.024469973141578,0.03806796880069227,-0.7308185890551988,-4.523120154936762,0.20676892256350407,-0.6898586769174067,-8.050282602659314,0.14711286460298717,-0.8636997171696995,-7.376376501583113,0.09760091686252523,-0.6869946890401465,-9.26250079035373,0.514501570683283,-3.79911245982991,-0.01222250395813934,-0.6188210517554891,-3.6930128394573916
2023-02-23 00:00:00,-0.4834857173469196,-0.021676908291916874,-0.18405164635952617,-0.20789787131009677,-0.6786758934889059,-3.3752527244058896,-0.07299143657285172,-0.5477190391280535,2.3889509453786077,-0.7971758091488014,0.6540313536300265,1.206442872983473,0.23970386202306276,-0.41408692767434485,0.3130300216543234,0.6322318504324437,-1.6266690176917162,-0.22268497631599418,-2.667223062591703,-1.164539475156083,-3.0643758373187637,-0.18197200576920386,-1.5354203453723945,-6.097075292811334,0.31254658896403137,-1.610499159261775,-11.017940721778835,0.1717039975006439,-1.591295477214777,-9.036227333339323,0.4918696496428085,-1.1657876122355941,-10.400037244575712,0.49137104349909555,-4.042546967081579,-0.19134962205789477,-0.8787066272510932,-3.7405927793051177
2023-02-23 06:00:00,-0.7265981651819942,-0.20929397840874076,-0.51169733299057,-0.4615341481338913,-1.0887690772128782,-2.409159971495346,0.12371305894119836,-0.7492983549402161,1.7630566940879726,-1.111400558925772,-0.6598462548092723,-0.6761759802942661,0.1283253009011516,-0.7922742221624843,0.889006855660113,0.8194627224189431,-1.558598800940138,-1.1056641268951195,-2.3761825540135693,-0.4438409089115679,-1.7168317375769717,-0.10795786805224189,-1.2095020370769431,-4.2313583263995165,-0.17333289519025732,-1.3198486478984144,-8.476627132251819,-0.3160642784106606,-1.4853456144486747,-8.24281416081362,-0.24087585403528422,-1.1400299466435262,-10.341208232617985,-0.42304989208306315,-4.103662803789838,-0.3873149438868018,-0.8956001344949482,-4.055527455856815
2023-02-23 12:00:00,-0.9601388832704764,-0.16700682743195522,-0.32417712499349877,-0.15593257690090875,-1.2418759572310734,-1.8204584417910674,-0.2796982325288225,-0.9424118527723014,2.273863952986225,-1.313976372428379,-0.6065882313632445,-0.5935101235746804,-0.15735398194970932,-1.0164745852173822,0.6640509589437512,0.9504826374382892,-1.3520399684619038,1.7442434902041442,-2.039319369998947,-0.0844672236209827,-0.9366530590780915,-0.15764356019165632,-1.3834893994453308,-4.775558641165109,-0.01483473695565807,-1.4194631466314709,-8.139835903481071,-0.023192065479906192,-1.4803432401457768,-7.603467580616733,0.11786069463553804,-1.1073879671231641,-8.015207377366433,0.26252088304087723,-3.8137248451002876,0.8213115504754739,-0.8796530968243207,-3.587457815329882
2023-02-23 18:00:00,-0.6689307261755059,0.154551900334102,0.42801941075390004,0.6954311923203861,-1.0631912364047778,-1.3913667294274041,0.20307834254507412,-0.7077292364929059,1.3798171828970762,-0.5421344371654431,3.3179549275122655,5.151592544949206,0.04272977708185053,-0.6500130389420787,-0.7363590079695765,0.8571478039637289,-1.079002953862073,0.20936964592445748,-1.5966558272764038,-1.1118752798084999,-0.6518225332860365,0.07680804882957566,-0.8601876464137833,-2.5621851156959865,0.03212185652370659,-0.7010913892442823,-3.172279761361173,-0.20662462064719608,-1.2787298998572878,-6.8513486324089365,-0.07749207402662232,-0.860807981511311,-7.084278558977676,-0.33606278904236975,-3.4698158807461508,-0.2908381057825851,-0.8649427960112998,-3.65558845750991
2023-02-24 00:00:00,-0.4521877589979566,0.17758379576700656,0.5141739054697089,0.8269552219874733,-0.6729151736623687,-1.1806668879481423,0.0755340650212474,-0.47586096558006274,1.5731977312149272,-1.4662427749463607,0.7059461013957069,1.3291814351080202,0.18955969377827894,-0.44997701608316043,0.18265210807546822,0.8162233626326703,-0.9275771046237765,-0.7475413519548674,-1.2676232887686745,-0.7830935390477964,-0.5785581441435811,0.3262433426815542,-0.24910971840826865,-0.4785514396494748,0.3380954794449099,-0.11484762806673021,-0.43805419684360336,0.21763659115497094,-0.6734083045404261,-3.7673766823411112,0.5559635715943122,-0.4895963878949179,-4.600256609613791,0.5463771294361063,-2.3493184299615035,0.3903936055365424,-0.6826352973254904,-2.749460132412918
2023-02-24 06:00:00,-0.6196295150543566,-0.0993220744644978,0.31997506280781507,1.0850546851243057,-0.9431244983999292,-0.7308790851098039,0.2188534269192548,-0.6310944189533324,0.9179376638263412,-0.7909744797326175,-0.6746361964820259,-0.6809128215832351,-0.35936742564398094,-0.9410852038297248,0.3120673626381939,0.9293258239084303,-0.74877823819064,-0.9837313903263655,-0.9571419445841102,0.26384556110179747,0.07032259066755144,-0.7360535679763666,-0.1939320242952451,0.8259859199134303,-0.771415988190668,-0.23347218918528218,0.6495889624429206,-0.8546135110951485,-0.0645167401771044,0.6126335309824159,-0.6431974432110626,-0.1711548856200588,0.14847816994382534,-0.7016550620740827,0.5619404448931881,-0.513326939822916,-0.2512635370728274,0.5873549565706492
2023-02-24 12:00:00,-0.528399040848294,-0.17210392807835348,0.26366250390064194,1.1413770038300985,-0.9089468140209966,-0.7647442871957131,0.39787273195367234,-0.5377348947494504,0.6449743219216963,-0.33060895987505257,-0.6259437449668701,-0.6268120131157183,0.1113196095209504,-0.7791436686707917,0.8415429729698622,0.8461799671895098,-0.703848946767837,-0.37865126755249356,-0.8462384987965476,-0.011362805318265848,0.011104089213909709,-0.3029071734140309,-0.3299787768919934,-0.46374524222999214,-0.4186384103045839,-0.420916583641191,-1.5477439445867456,-0.5230634798642597,-0.4795817670131267,-2.107294422100535,-0.6096417411974376,-0.4319375833583357,-2.947119908039682,-0.5921789141707585,-1.336605836927434,-0.4528026096480041,-0.5291911366535957,-1.192625769690707
2023-02-24 18:00:00,-0.18510081905474765,-0.2918688986324287,0.37419557094572625,1.6781526693034756,-0.4276914964013608,-0.11389189725860584,0.17763598019105376,-0.23703381792915812,2.439734139273259,-0.9873195748404799,2.6933188118950753,4.324148806368372,0.4814680541926233,-0.15574458894081517,-0.4923560739542669,0.45982804918500364,-0.3611254330337843,2.3366802677475422,-0.41539221418594335,-1.359286753453285,0.33666586415894206,0.36328135530920813,-0.6766464846588949,-3.2484507046545277,-0.03978805677186918,-0.9008928352810095,-7.183391955236565,0.3583124320995747,-0.99008755409249,-6.447065880699767,0.060363685195253904,-0.6727724945188339,-7.667450460296993,1.581770501620455,-3.09760735551235,-0.12338149473027898,-0.6981062127761057,-3.400456271206369
2023-02-25 00:00:00,-0.47249786007411776,-0.2032905601164689,0.4318947344040524,1.5859250307631534,-0.3841106829979798,0.24773962559745377,-0.493597682275706,-0.48474507168737646,-0.39217581739647345,-0.2836693612595175,1.5191945623901364,2.516335429387178,-0.22130000846203318,-0.48862034631866025,-0.6389212579412495,0.29429918191147975,0.0446143878033047,-0.2112226038171995,-0.016060650723626158,-0.3530681620297452,0.5631719825257081,0.08980753317019191,-0.03706080180229811,0.7217179189503801,-0.07141623285204658,-0.11984729664992971,0.43196098530404053,-0.04972492963177678,0.017605761781380864,0.47993102702939744,-0.2388741317029588,-0.10115997210090112,0.5539474267514588,0.09626589193468625,0.6037567947650884,-0.8096624611643057,-0.11653507309597029,0.5868133936351523
2023-02-25 06:00:00,-0.4502108926799171,-0.13460623874154246,0.27105067850062314,1.065098363263629,-0.8960889478053665,0.5237878087724445,0.6229239798503299,-0.46617135345376554,-0.4546064977556031,-0.042138499489340175,-0.6615141949195561,-0.6753683179984841,-0.0019147373889452745,-0.8503417946882827,0.752813313612689,-0.1653467173012019,0.34881412238480736,0.906044030686048,0.29555773961908854,1.4532500111276232,0.8693463671893222,-0.44200963138211824,0.07093669289190833,0.8650866160215234,-0.5289604356613085,0.019166874149748655,0.39731562113263663,-0.6263119968525388,-0.003931133041119847,-0.17052363206138121,-0.6391440879636002,-0.030474684689768328,0.2730294776432299,-0.5095334273291354,0.5416650206375135,-0.5771744577745436,-0.04036074893883786,0.2961282290166554
2023-02-25 12:00:00,-0.15469870076279443,-0.22055580341928704,0.1906519941745495,1.1012358235097643,-0.6265814881085073,0.3886623959813326,0.9514047406524029,-0.12645267731198642,0.0719978573212942,-0.4631769031425874,-0.5728332193710443,-0.5410366411178135,-0.23196239963009335,-0.6979220612330881,0.24961389086262026,-0.22705493620870237,0.42378537205313727,-0.008493180403345067,0.39806529260142387,1.5998097949530816,0.659814411708596,-0.8610157535174306,0.24030341830305618,0.9501098359531538,-0.8786035477366846,0.37468393715919124,0.7226660240537793,-0.9208373312736692,0.592236973291046,0.6084895619492151,-0.626976473429032,0.5008835933533533,0.5531121969487665,-0.8121992929055699,0.526829504877968,-0.7882425875011142,0.7103517474964853,0.6354918781546807
2023-02-25 18:00:00,0.2183642996191683,-0.3813813776961947,0.041913769653850526,1.1725719317792385,0.4074442871874567,0.5235968441269461,-0.5840579565574494,0.219945352743585,0.07914880077849527,-0.11398473946908108,6.374058326055713,8.976875591620818,-0.17361444629695336,0.430730052689237,-2.0466769481166946,-0.1786839880885635,0.5064605727480286,-1.1506315073645754,0.5939922615073466,-0.9462519176303142,0.6753765175614993,0.7047009647263183,0.8431930552708469,0.6641528943794879,0.4504866257913186,0.7023682157571609,0.3191802423213928,0.5590045855878817,0.7494186465462122,0.43931080717584725,-0.012103699680348598,0.7316656750378197,0.3903558691890008,-0.3853133845427218,0.5711854501150581,-0.7732643259441409,0.8402212925506434,0.5541349938967437
2023-02-26 00:00:00,0.369092058404323,-0.4608443983680436,0.01844375890475832,1.3171409019875548,0.4527332850260185,0.18579966538950424,-0.3814924400383809,0.3541553754333766,-0.5971794038734614,0.6842429164089956,1.7071505561387528,2.7711940660574967,-0.49524879395753757,-0.13060576145586714,-1.3879798614326342,-0.01652114246931508,0.4715697903392342,0.1837158867667494,0.4777049987323585,0.46358222372975766,0.09347269475121052,-0.7454936561270172,0.8146558194707458,0.59429098787522,-0.7688937071555878,0.7636889435993803,0.1607214789265408,-0.9965748676781975,0.8738968119734886,0.2603730255273071,-1.0021084591756648,0.9466080722828388,0.37212873208611635,-0.34759060574920075,0.6456255885913376,-0.2693135879825396,1.1583378768310169,0.4471953728423575
2023-02-26 06:00:00,-0.2926226539303077,-0.5431024406587275,-0.22357518054897144,0.9909520886031471,-0.648033127488396,0.004801400782633726,0.8967504812353402,-0.16251078251200923,-0.3177079622815825,-0.7511201676016461,-0.6873044262854652,-0.6991856412862414,-0.8301541666323965,-1.264291730496963,-0.054975751680578624,0.3239661105432113,0.3996716505502176,-0.2747553576598558,0.35009103932372737,2.7442136813727775,-0.08086895414642331,-1.3977037916281039,0.2845816853158316,0.8262978215487565,-1.2161112942092793,0.34788932149002205,0.5859102304865543,-1.191295705022976,0.5536195441221792,0.5533199646429691,-1.0881225012547733,0.5167382224429197,0.5360278996140627,-1.1035415022061914,0.5180772712155864,-1.2155822070513387,0.7939404135951499,0.5199334189528213
2023-02-26 12:00:00,-0.24489174582557063,-0.3029253221170593,-0.10289950256835408,0.6626954018549579,-0.6072670536257447,-0.803292081031735,0.5707699248594251,-0.2487773460818895,-0.5735853790844296,-0.1033113278148276,-0.5843320326173459,-0.5700714908790162,-0.40635115475207656,-1.0775573745358933,0.3737582581025437,0.49331777588105225,0.011075528740513941,-0.22022404657306383,-0.20832794041329664,0.7089215688794901,-0.9156813568231621,-0.9930540613523977,0.19350273781765784,0.7080403191015336,-1.0038269974572893,0.20458920811005404,0.3563649062022704,-1.3380939635851232,0.37381895819928745,0.38464696628573064,-1.269160237191,0.275927438281379,0.28225880499178174,-0.7865927686668966,0.3812604783863234,-1.0827586910278355,0.36749423503209006,0.4876864084465531
2023-02-26 18:00:00,0.36584587575321653,0.09079413722122213,0.4405122141938528,0.8798873352455614,0.5658439260453624,-1.6009658278090668,-0.672756019187029,0.33692738566806546,0.9045010398720609,-1.0104370882885019,3.0330098774503274,4.55560327765308,0.7100119943494557,0.5032927650043076,-0.4649097731192834,0.8993656642806231,-0.4623901389377158,1.033849932001153,-0.9695646523915954,-0.9881609954418884,-1.9417405114613169,2.1247762787230884,0.5445201090968829,-0.645572168055089,1.8418574954154872,0.5525888726320536,-1.7681874746975534,2.394029562050603,0.3745493139134239,-1.7392541244388893,2.406219545153783,0.449814580303119,-2.3626009309891267,4.350654617893161,-0.46020563168611844,2.753563752848511,0.3399492696472604,-0.8865573345065757
2023-02-27 00:00:00,0.2865839357996215,0.10626890958850821,0.37240832122140816,0.6929008385306329,0.0868017867446927,-1.6437059377470375,0.05130961516190783,0.2413899880232122,2.9391023938364556,0.2885345655917627,0.6204192361207241,1.2040842186770264,0.6746779445502142,0.22027452763974043,0.2846997570193978,-0.10467352333426815,-0.271321743748148,-0.3351418036067821,-1.380910699285893,-0.27018406761399577,-2.166633070349438,0.4143472638732954,-0.711400106903728,-4.023807518002155,0.9046769160882869,-0.41056351769974014,-6.334614318529184,1.088299126328854,-0.9718066534863355,-6.865693476504949,0.7472684072238227,-0.5442475719081183,-7.842814158202141,0.22327460822907097,-3.765055347544853,-0.2565604797346609,-0.7587730868058247,-3.6843629132239504
2023-02-27 06:00:00,-0.23403890536507727,-0.13830709194552127,0.014184661195134653,0.5128298427809989,-0.31552336818788734,-1.1201689778671413,-0.15354151248342787,-0.26842057894030885,1.86410262330372,1.8996712001074227,-0.675769656591538,-0.684229481592079,-0.03438089709082357,-0.4456349237409777,0.3215002351436234,-0.6332656583310752,0.2585487109617165,0.377962498226779,-0.7987977375374715,-0.18857511849343722,-1.0781693797129117,0.15080253222903292,-0.43297932356766367,-2.002111515322765,0.3707680054033584,-0.1678888491764208,-2.5957084307050837,0.5079476102277928,-0.28235480152766856,-2.8040274100564115,0.3224315333096305,-0.3194960789513824,-4.519106576892215,0.5930855213980362,-2.159439250677483,-0.14801583504630766,-0.4523475967731096,-2.3759347064410243
2023-02-27 12:00:00,-0.9338333632055887,-0.37470017960381746,-0.41191582295757345,0.1642418775750454,-1.550041897647273,-0.9014427940681725,0.7113549181362856,-0.874373016819422,0.13597582240848755,-0.9206108875772457,-0.5953047679722903,-0.5656872446233264,-1.2616371181355315,-1.9334664173069638,-0.08248181205335002,-0.725102886209089,0.26001117734187856,-0.6015098329276944,-0.6790934580318785,0.506394106689359,-0.7326882583169516,-0.8356699323986977,-0.3857868630621839,2.2135839818952063,-0.7780138636753273,-0.3665437869087588,3.156536885150696,-0.41228068887892705,-0.12264406524482473,0.7757596184646767,-0.2371674938662156,-0.48332296036016226,1.0203093860781622,0.23739492535104534,0.6402612310474582,0.5785825621506618,-0.2919633503408566,0.6960555045206857
2023-02-27 18:00:00,-0.40323962758927845,-0.34947199246738414,0.03392870224350695,1.0764687531389505,-0.2363241612510506,-0.8439646687935477,-0.6748402402933209,-0.4511859117113181,0.5267618760904621,-0.1635647196128732,7.181992759043997,10.061222843977106,-0.13870845007409352,0.12598834162419584,-1.8371909372434014,-0.6967550580168229,0.17463663038548186,2.5528300237529287,-0.6674402221619853,-1.3080051023945147,-0.6956068821118635,2.813992527966499,-0.04662522607104974,0.54410552840188,2.334356388978563,-0.08555752222661515,0.27187171530669385,3.151713451157827,0.026727198800499976,0.2788715583589017,2.326412036535659,-0.052820002216597835,0.05070673313758119,2.9129148494022896,0.12369716327793255,1.7540954883579354,-0.24785145597122651,-0.016617149480958562
2023-02-28 00:00:00,-0.4760600071264324,-0.3026410365813653,-0.10500541043938125,0.6573921412937839,-0.38361896317526534,-0.98865201232819,-0.5804158286797559,-0.517878451183994,0.38424525323783615,1.5755739698272344,2.3824798482610956,3.737683237536452,-1.1552594590099337,-0.776878530913265,-1.9277946540257351,-0.6239766323796969,-0.14065877732711657,-0.2753518645236619,-0.8224438303032203,-0.5142815106405857,-0.9733839746300893,0.10830026400952793,-0.033158048601230616,0.6228547102609763,0.017685981124691018,-0.07843616752988827,0.2390841291050529,0.4384610079314438,0.05085897443736737,0.3075209406046105,0.7032037637058122,-0.04838962894740757,0.385174659741631,1.2992431672184066,0.42921737798719123,0.6388034948249917,-0.1099993786204386,0.503953564724377
2023-02-28 06:00:00,-0.20856937247430957,0.018453809472593185,0.2678054497540783,0.6807373649133788,-0.6277528577808565,-1.2554699478174802,0.5937215034525739,-0.2509030404390003,-0.034989462279739716,0.026199454521180443,-0.6625624105761696,-0.6756496919145445,0.23047902488279526,-0.5176100696970661,0.7752539284504548,0.414601818698417,-0.6175920722406736,0.4869406707720189,-1.022505682841009,0.8469303980122336,-0.8966585362553412,-0.4344333862067055,-0.6177626556733853,-2.4722203114808625,-0.5262306369485517,-0.4846001529409681,-4.032168233860552,-0.6087287714699317,-0.8078373413903545,-4.9578860601409565,-0.6376253720290819,-0.7298759609569975,-6.54803731657944,-0.7541796289597003,-2.707951329001609,-0.9059395316286839,-0.590223869335759,-2.368280227796905
2023-02-28 12:00:00,0.0041280619776624655,0.4357157370407853,0.5726324980660603,0.31846495653070134,-0.35022292586817694,-1.9029030989681497,0.41009475278326546,-0.06404671509529693,1.8494042431409543,-1.1128603230317757,-0.62641641709835,-0.6253245740823055,0.5878285429675694,-0.16386861922496934,0.9493116480287983,0.6817374626762793,-1.0981002414279337,-0.613115121201432,-1.5389083084827724,-0.048755982976175984,-1.5357305300303443,-0.34245400494810907,-1.4043153400660118,-5.861071158133161,-0.2510430434961796,-1.5522545389342006,-11.25158618987782,-0.2535919649717496,-1.6220092768121608,-9.609834713589336,-0.42205934236948617,-1.205533980668633,-11.191466823629119,-0.36715176172470454,-4.528153271125827,,,
2023-02-28 18:00:00,-0.030070626594513573,0.31179465341792495,0.44725530164285776,0.3498938473914035,-0.37767976024617506,-1.765092105893177,0.3756935701225087,-0.1063743182633115,1.5093086819716424,-1.2156430374872542,1.6565024098140115,2.8383892224617493,0.5605657804718811,-0.12560269649660363,-0.10321731176579368,0.34737562218747553,-1.0115800018822256,1.230243100842122,-1.4567918469483276,-1.224215153487198,-1.5612158768879012,-0.2518216703576374,-1.4414323273885559,-5.887708352850368,-0.14229694200871493,-1.40494940164891,-10.56067458615689,0.13448152436033867,-1.4764252862714597,-8.871913657060176,-0.41808960015156005,-1.2143183581386876,-11.365389568282785,,,-0.4409035636970279,-0.8767355009539431,-4.057042130359084
2023-03-01 00:00:00,-0.35769835406163,-0.2796376652876835,-0.253478728670359,0.2761983976051913,-0.6039011527710912,-1.4261245589338751,0.12000987197504909,-0.4023221742356259,2.844000511543506,-0.7723373286246394,0.2460919123958946,0.7005838247857916,0.31623977105071477,-0.3720047958223262,0.3774930757899891,0.6130816178436707,-0.9804722949328615,0.3874914792290946,-1.3645414497782355,-0.9137876940594931,-1.387414564432661,0.03805878508632979,-0.49936451863479187,-1.9674950058293235,-0.09391210084440889,-0.548157193174163,-4.187370796780255,0.1957107644412532,-0.725636078531714,-4.392727531186264,-0.12683581818728099,-0.6594423417300657,-5.753707362962946,0.8005854145661987,-2.638348760836073,0.2795044923323475,-0.7780626926924751,-3.081657846362372
2023-03-01 06:00:00,-1.0709814163154878,-0.45845133398689847,-0.7369820703353579,-0.33976972988596527,-1.6776430569076848,-1.260208672759842,0.4615005127862359,-0.9955408172620688,-0.06448645325157469,-1.1154088717349444,-0.6802009990352427,-0.6871442935028171,-1.1214997115323821,-1.8700235196355983,0.08245414361417759,0.4780980133042876,-0.9706795814995988,0.00530350872907286,-1.261810219957896,0.46815788034145206,-0.9018488794691404,-0.7398942686906358,-0.589973673079033,1.1648391988901408,-0.7853573000880126,-0.7113833317678846,1.1461403867929243,-0.8994548713016293,-0.4054479630243513,0.6547623292480232,-0.7297610245154783,-0.5912467975341621,0.8320636270579438,-0.7775071493686809,0.5318147247064454,-0.6947422695788106,-0.7204070776131394,0.3816622402635449
2023-03-01 12:00:00,-0.5741560919687443,-0.7407251490155875,-0.6773227796962433,0.4863775378981079,-1.2055371060055171,-1.6028566456248283,0.9331445331185312,-0.6094915783885655,-1.0302836251864218,0.09220785939468425,-0.6097805071014918,-0.6001496178128043,0.17938185312230176,-0.8579045011440244,1.0001054446373572,0.7484153373405497,-1.122609764071241,0.8859720902827801,-1.318637730175364,-0.10558704832599682,-1.204550966090715,-0.3997958757977853,-0.12823806509412722,0.5638816097671936,-0.5114729512080082,-0.1348974493895713,1.0068117007905195,-0.5349442343464706,-0.5440284183035224,-2.95230545733838,-0.5929417005282842,-0.27318928000415127,-1.4454720277337654,-0.48487725859819214,-1.0713518904218844,-0.3338680916159106,-0.6978451258623205,-2.716592119522719
2023-03-01 18:00:00,0.05585304205560533,-0.7107671322613577,-0.6390657575140419,0.49614802873533825,-0.5043993833520966,-1.7549995692146414,0.7927699296353269,-0.05071911578980376,-0.5973057806901828,0.3126812097531833,2.9545083734553583,4.831365480738899,0.5186523227216006,-0.13204483921650145,-0.7510390501010916,1.1293982332208685,-1.2976180900787522,-0.24257880749615127,-1.4289734865842922,-1.0110715314203091,-1.4726924814654443,-0.1906918725534667,-1.024103268511437,-4.3738283276727365,0.05392087887664756,-0.31730229237924884,-1.019327889033334,-0.38347413939141295,-0.2662796425537544,-3.4417959633823956,0.6015945082628296,-0.5834695336888942,-9.085077933203618,0.8183778301798933,-1.9865127616700842,-1.455019274064776,-0.6999461906662321,-3.4900330079463684
2023-03-02 00:00:00,0.5308743889024223,-0.8795728009684942,-0.8654394952833605,0.41747839686983124,-0.19710445424255676,-1.708949008235885,1.161907837717778,0.4359493301629818,-0.6119653591902107,0.2642528440599303,0.6249832175055365,1.351858510773428,0.6298524113437789,0.03810829312077344,0.1606887755538064,0.934822665141585,-1.4235817280571321,-0.2624718437898465,-1.3544028043479195,-0.41857127770654506,-1.623828298803164,-1.6087867776299987,0.24530541789723043,-2.1498290111060054,-0.5365890823415472,0.7976852658240668,-1.545132595291708,-0.5555283717814166,0.037646658228066815,-4.038476139092303,-0.502021821431086,0.45512426310236503,-3.2751313997529836,-0.5051237942645765,-1.8665857980192477,-0.26610825747201594,0.04436144165249725,-2.282858179552437
2023-03-02 06:00:00,0.22016222156359117,-1.0290241251617638,-0.9876950640047898,0.5186576657864851,-0.48540435956464956,-1.418986529216518,1.3077719953717435,0.1788413503684275,-0.8466506762678894,-0.33431682993019146,-0.6470731435739722,-0.6811715250448178,0.6625942548434223,-0.49024701138798105,1.4026772414765674,0.9096236716909679,-1.3906825004327907,-0.867167318116685,-1.21132116850572,1.128868907237692,-1.3194992518265731,-0.38855859992821845,-1.5047846469333572,-6.006231688276668,-0.596797024452159,-1.713842295551613,-11.367964114280237,-0.6825827520635739,-0.6178092327195702,-0.2508702147482327,-1.8946039221407593,-0.6591977977847261,-10.102269975810184,0.15020391759738924,-0.6574825326767257,-0.6320298850933106,-0.2825147988718432,-1.8908788671511596
2023-03-02 12:00:00,-1.0585231714796681,-1.205949277670636,-1.5166699523158653,-0.20134515924813204,-1.744717847139168,-1.5788110256530665,0.8568618591928533,-0.9490269242146498,-0.4283632944239289,-1.4234557542046593,-0.538727162153391,-0.5206471967959043,-0.16527286537155741,-2.2095187859672882,1.7669324400846798,0.9183063231775492,-1.3623916697911413,-1.4175910984938502,-1.3255981213026629,2.0587681851430335,-1.524137828950404,,,,,,,-0.4790283645041936,-1.4402697891575242,-1.5875229276731948,,,,-0.4016784043148564,0.5124451004335703,-0.34860951970383297,-0.3508066845127832,0.5287397244945169
2023-03-02 18:00:00,-0.20288570666968586,-1.0413527226036055,-0.9621079636371674,0.6049672664872867,0.05094712566687395,-1.3446857019556626,-0.9051463339223902,-0.31996282979037594,1.8229882181159665,1.644002290245598,7.777055786203011,11.649667114523773,-0.8582329273257581,0.04156197907920423,-4.133016711238467,-0.07449712611906588,-1.0747093264160001,2.065802095803349,-1.2462110967188775,-0.5986962004754492,-1.556060041542316,2.037968335015,-0.5692175708230182,-1.725248231923917,1.964557300593612,-0.7375518134489306,-3.713324792669686,2.9204855958443536,0.08201012734985973,0.4163022731726522,3.5111776538216013,0.05748421350900174,-3.419235425992636,3.227461964892825,0.4295288609187203,3.032145806591486,-0.13576308338304197,0.49232553192875533
2023-03-03 00:00:00,-0.14143061565294632,-1.0175475751346192,-0.8844639783111748,0.7159853095622155,0.054524977706311824,-1.1960302447986806,-0.7632728398821585,-0.24280849515447128,1.640564534004146,1.626644801024453,2.669020240809081,4.186012260375472,-0.5802689693975137,-0.11842101338823716,-1.861183214756176,-0.7170123119149465,-0.5018978952366776,0.6878006385282492,-1.0448975769693731,-0.035608997145834646,-1.5778714752554124,1.5185722476261128,0.2962446680178344,0.47733425063176427,1.498916554884889,0.20929911589804562,0.03895516373410639,2.5486803507070834,0.3061899479541169,0.19995785656782616,2.626913468833409,0.24435676014782906,0.03770447430288443,5.522775530696555,0.37711709607775223,4.231132516954789,0.11916552047597001,0.18984252101237045
2023-03-03 06:00:00,-0.54661861321235,-0.9345935804566851,-1.0884146661084297,0.06577499339349356,-0.9070098575226762,-1.0084610704415322,0.4093018398662316,-0.5252798641063997,0.38427877627527424,-1.5438538255793788,-0.6954984201615876,-0.6924010777815491,-1.133632111467656,-1.3634190250495364,-0.4215863466922185,-0.202019790496784,-0.3613860410956594,0.5615594889871474,-0.7925970196555999,0.8287196311230399,-1.1987017991994986,-0.8425106992666823,-0.12317852792084674,0.8930635666650374,-0.8540876075841741,-0.03442831957450802,0.5576966749238109,-0.6058149279962208,0.13298097466305145,0.5306492566759927,-0.3821652602935315,-0.004264542755112199,0.623778648946112,0.23101010598653213,0.4543284364177881,0.3883476598455165,-0.0962934210052239,0.39054973601668497
2023-03-03 12:00:00,-0.8755500412657103,-0.9999719607685956,-1.264544677460271,-0.1580166961584978,-1.4835858478105006,-1.0928281173557506,0.6947445869434336,-0.8356113448523236,-0.5149857603065439,-1.534034547208173,-0.5838229523822028,-0.5644301564060433,-0.6158852751292114,-1.5401313699003234,0.49291397034213597,0.38591216456667066,-0.6867702159681809,-0.08248579971949302,-0.876398919352779,2.0248736811634176,-1.1156942338147713,-0.6431488002414557,-0.5029380150083473,1.18823911677835,-0.6586961244315418,-0.35831552422836893,0.8771487176081015,-0.30636538526179163,-0.14539951135374912,0.587643272937856,-0.15324849742741672,-0.2940641361860302,0.7192073094871827,-0.16139941491298507,0.5029055909583227,-0.07748263228193358,-0.446977804937289,0.5981222804632695
2023-03-03 18:00:00,-0.2563748074265406,-0.8008481750425963,-0.8228177786148431,0.3165862386307551,-0.2058278647756637,-1.3024162309805496,-0.13512204138479095,-0.15707460831930675,-0.3271596798816803,0.8549771664692721,5.77561171483631,8.25313635227241,0.2195667984238489,0.22687488056426355,-1.3406450355301787,0.6679924549331095,-0.8369114932960824,-0.7339922659017871,-0.8948501928011499,-1.0119786185386668,-1.3733606352209726,0.6655886183862944,0.21819490583062226,-0.1000675939595868,0.6709815824739442,0.2955343649120776,-0.2079657923023175,0.7065944002655972,0.17898895825539016,-0.7803930622271835,0.292215511314919,0.13707367804817067,-1.2347992092547107,2.766119859794487,-0.26634196152897194,-0.655155286674302,-0.020485462031043615,-0.2983788703384115
2023-03-04 00:00:00,0.07400692082910672,-0.40182177187688234,-0.2853858222579997,0.5076284125312029,-0.21019057348339598,-1.3001872360477191,0.23642023842630566,0.0004263541363979866,2.7169807637437073,1.794306900996773,0.8093975884549321,1.479877591483253,0.5657589944716072,0.028583125339050906,0.24240550274019673,0.9027725004017266,-0.9700649608910242,1.1169752254392091,-1.0431725080158725,-0.5356195970605923,-1.6111886257660868,0.48690823681048256,-0.397075287838294,-2.7134299973581837,0.6221379135594403,-0.24587348687782895,-4.175093465154221,0.48376978433896534,-0.6740492020925278,-5.359261686798296,0.20056847205774875,-0.5420822047329831,-6.829791387291991,0.12859114144379383,-2.9798856722218945,0.11671134026431286,-0.7213714816462311,-3.5495660322075393
2023-03-04 06:00:00,-0.03381939006298305,-0.25012076171008885,-0.06541441495806474,0.6144657407674812,-0.5790361955940725,-0.8776862017550215,0.8286650840281373,-0.12706986359655986,-0.29279101187178275,0.4024399822258284,-0.6627737330226526,-0.6714307573709127,0.2960238771443002,-0.4189695483159265,0.7707784802288967,0.2653504704330416,-0.879925257965673,-0.23831427416860457,-0.9094766879387439,-0.0053803537092899706,-0.7105552823389862,-0.44116524970484405,-0.8932110342284871,-4.112015928828098,-0.6128473869899173,-0.957533795990817,-7.362492192382221,-0.6012136433802036,-0.20364949336691274,-3.3023980685209717,-0.6074154563812213,-0.13153527599837564,-5.9610849797855145,-0.6005436182210683,-0.4742173233202131,0.01608208488013861,-0.18265616404937834,-1.7163352752947232
2023-03-04 12:00:00,-0.8319940712939936,-0.8367378115811283,-0.700397339977648,0.67260298848186,-1.5550690957212419,-0.6550451641975676,0.8102354487782844,-0.8517745631117671,-0.4830488979819869,-1.8791034842288605,-0.5638527431761301,-0.5232544788080535,-0.9793528686314172,-1.7667835563647671,0.15989554547958862,-0.8499186643377774,-0.4563586135566499,-0.031013721702891312,-0.6934735121192325,-0.28753911261601467,-0.2607644016890363,-0.6049943354438233,-0.7737968116977936,-2.7108068554527676,,,,-0.6606409040553725,0.014787780300395884,0.8791419669160053,,,,-0.24464160091410322,0.5470486445656386,-0.04039026882077143,-0.26035094241553214,0.6376945035528082
2023-03-04 18:00:00,-0.40125242906673364,-0.6271407775207646,-0.21972605955582242,1.2065054879310424,-0.33373421704466505,-0.7193852773362469,-0.6106960693580793,-0.5047067039157043,-0.4038506682306063,0.9641175105659446,6.2173978035804165,9.0132258017887,-0.27678265388725953,-0.13809712277432554,-2.0422624038190715,-0.9935714520172648,-0.06510728445159784,-0.5865763836588591,-0.44554074067196014,-1.0639640771121845,-0.5115558049977545,0.3988327162350646,-0.19001058490487108,-0.23259541801526987,0.17940457831061243,-1.1024113725374984,-6.093891618768317,0.4290761409012675,0.046311102676720055,0.502218240582915,0.12011221695579903,-0.5297588917616207,-4.711446832854395,-0.04039410801274434,0.2522839309333399,-0.2770302611388193,-0.25969805764545295,0.5759042675726269
2023-03-05 00:00:00,-0.5807117835376182,-0.14755055055103897,0.13554131974562367,0.8008431131365147,0.2830252283328965,-1.1288138306018167,-1.7353272757824827,-0.6012529364179782,0.5998439014952968,-0.48779082249092787,0.9565772041107827,1.6746680496370998,0.26509940210415434,0.013764542324357405,-0.18806680596247818,-1.000818428832542,-0.09822363316586068,0.9131987720505593,-0.578436112844915,-0.2678614018077941,-1.1521736106488836,1.005620399545418,-0.07473377551677139,0.4826241627294025,0.7231033311364904,-0.23448300028242758,-0.03922179153690315,0.9907270099031361,-0.15903327196635705,0.15094424461834752,0.3379964316566267,-0.30615869298176557,0.21328556291460996,1.0160233029396568,0.5234997678190075,-0.6053590219627012,-0.523065896758774,0.35042692730003105
2023-03-05 06:00:00,-0.2210168602489863,0.5012751264766959,0.6327924594600124,0.28835349722486797,0.4552760088360874,-1.282835024712022,-1.3363010073059225,-0.2098986466244475,3.050357540377724,-0.562317092121616,-0.6769131704565959,-0.6922210739308384,0.4363214087940234,0.16922069322893382,0.43480705180978146,-0.16512713669789875,-0.34809694800723623,1.9267509686098345,-0.6644646289324273,0.711611822664148,-1.1882044319103553,1.033107693712357,-1.061350001361174,-4.334627745432418,2.6525737877206845,-0.8031945019582393,-5.911527027136622,2.856106739106649,-0.9002076609496158,-5.607766189994611,4.902630329086692,-0.5268692473029115,-5.432786845761878,5.842421182132948,-2.2877811737972378,5.824012625091138,-0.5172479831879995,-2.0119184302158453
2023-03-05 12:00:00,-0.2877261871491136,0.6782947848480019,0.8169504220274441,0.25451276907232767,0.10813629749458252,-1.215676882194322,-0.9477138677272519,-0.28389203560450305,1.0978377344778592,-0.45615328122812926,-0.5725302650387766,-0.5394556121506567,0.16946597454707713,-0.13695789787705095,0.30165941843580657,-0.33589158886703196,-0.4623328481924058,-0.6773462189691077,-0.7330772850229603,1.1883845683459793,-1.0860343136488506,1.091257616563045,-0.12174890450338594,-0.5628933256787079,1.5330574323578956,-0.005818571682471236,-0.3586546764722034,2.2020134159286044,-0.00846728973906246,-0.8040405742062746,2.8662154973686684,-0.017278062469357737,-0.6126544573863111,3.6496170377060175,-0.16326892523338973,3.9983283757074126,-0.10178867062455672,-0.12253268277532141
2023-03-05 18:00:00,-0.343074656416529,0.6525988451161463,0.8894811060179526,0.47636772258570553,0.349072893558258,-1.0174911585199797,-1.4325035572068332,-0.36221982202191544,1.7403211150843096,-0.8504135183969074,5.87958860236546,8.437100887081819,0.40318077135298974,0.45764055266368714,-1.3787421727759257,-0.6345093402074391,-0.24054986046386556,0.4976283113971413,-0.6823066330732092,-1.6047888629470253,-0.9943434693201612,4.545770741922528,-0.45222723548897414,-1.759058346772995,5.457338024802609,-0.33343519597010907,-2.254948746359288,7.328946745685768,-0.3359342404995188,-2.046612340631014,7.994159036228855,-0.24103375470970081,-1.9455551062034717,9.899179569037443,-0.8501465184277507,9.354265310861932,-0.3481421813362151,-0.5935104597755216
2023-03-06 00:00:00,-0.3418734213337743,0.6660804666735822,0.9159441134155897,0.5009736088088347,0.4579928804438678,-0.9185821647175566,-1.508314001076179,-0.3163139739636962,1.460631635370493,-1.0053866606073527,0.6519413127563821,1.2199394114337903,0.4362773019158006,0.21454345572345207,-0.010422326314740344,-1.0436234327675777,0.09943388235142624,0.1559001867451848,-0.4391227202548074,-0.6502787108490861,-1.0583812923951406,3.2371392987288137,-0.2594871468732293,-0.8794469674290825,3.715690705806966,-0.1786832838638255,-1.0146874504334296,4.587468493563248,-0.1914792475150533,-1.1144179362055093,6.005873099634163,-0.11692454743851625,-0.8110188092377572,7.924072315001465,-0.04894146298846398,7.927403606364494,-0.2838817957527271,-0.24915340331284452
2023-03-06 06:00:00,-0.6673794964688681,0.2647548403362498,0.5897670175545795,0.7773042476876874,0.38062051458157586,-0.6970602740241415,-1.8867889486675333,-0.6294749652416674,1.6609111590420016,-0.8804050163335233,-0.6926245871704417,-0.6969939304091491,-0.26635787215811424,-0.25323787994498226,-0.1974321156121917,-0.9425199520467324,0.3547732372740505,1.3029143556893108,-0.2571964854916143,1.0277360418944743,-0.5155741671961533,2.3823634393419253,-0.45933148988423,-0.32691097496269006,2.3188515354711936,-0.5764317508133572,-0.9421920673013198,3.141871853867622,-0.4652121093263345,-0.8228312931447599,3.699953594516685,-0.493372491399912,-0.361519458216021,4.719962333103123,-0.2133466050294014,4.652144806424052,-0.6743375129642238,0.06365834215260704
2023-03-06 12:00:00,-0.699836118259986,0.22190798536890374,0.4682073852310868,0.6172416239122207,-0.40268771629102806,-0.607468851214914,-1.0589533964864621,-0.7270028277692708,0.8754130503301529,0.241336074181321,-0.5408694422066928,-0.4911407060102222,-1.0857859500872777,-1.0865424913053157,-0.6206418774085782,-0.9532412054784636,0.4937087960791217,0.4478362637672983,-0.14708234928931804,2.5577863217000045,-0.274040492330433,1.5322544100756414,-0.6011437156385232,0.17559941516377617,0.9317655053912425,-0.7526746346862178,-0.1410093407356809,0.742072821201009,-0.5527094369775991,0.14393714048389863,-1.6141645251915122,-0.8488797259898387,0.8117314203338291,3.0636157099824772,0.3440813487567723,2.606090548223503,-0.7683856483141345,-0.4781020731063064
2023-03-06 18:00:00,-1.1362854329572094,-0.26427240518708994,0.3452149879863512,1.5467935717558352,1.0092511766505499,-0.4100665468643869,-2.987312502643312,-1.1140624953815306,2.0123501653393294,-0.5968405893676649,8.950719820569388,11.815059574726778,-1.0864007971076985,0.5120911440239586,-2.806485305032012,-0.9601753713201037,0.7078988285188282,-0.5284479821234884,0.06992918404852594,-1.3393162537339873,-0.17743971794391436,8.46955604882229,-0.8385717591890552,-0.8279742984437256,7.819501054829482,-1.0977268945114582,-1.5626645604440632,11.417237177216656,-0.9388422149757458,-0.7282862118905342,12.29648241699341,-1.0359984608589752,0.22361875856804125,15.41690995697279,-0.050631604588620996,0.5431301020254385,-0.8687924462600689,-2.7375805607779227
2023-03-07 00:00:00,-0.8264575589207654,0.16651448453208437,0.7597972154665864,1.391058456805684,0.944381833865816,-0.3076996119496014,-2.6111118300800222,-0.8043637980000852,1.7296869983995715,-0.651126399897739,2.0836917509812034,3.1289584157387083,-0.1223450650150644,0.35896545166818883,-1.128599395890214,-0.8619838192173367,0.7107029210649148,-0.7410166477304204,0.15689851126784948,-0.30265879269427837,-0.3872995358989836,6.7887485599577015,-0.6118887973806667,-0.28858696652816446,6.903490424540527,-0.7583602852388592,-0.3960970816333768,8.996030814020349,-0.6761720788095801,-0.2735821508479215,8.8496942557966,-0.7256635271534294,-0.3465606589194046,11.691366448879153,0.38636750648430584,3.8909532470038193,-0.8571163711168476,-0.8239078767647591
2023-03-07 06:00:00,-0.8585925996576662,-0.10584635895928694,0.4833447900337418,1.4581868005522198,0.8685073148827249,-0.3468671541506554,-2.6070685211426503,-0.8378613803191876,2.3307384437033125,-1.3671518077342404,-0.6920830815997877,-0.7018235218297422,0.05341085837580143,0.094114149336227,-0.053953917757546335,-1.0488658304827767,0.673244507746164,-0.700270531606647,0.17517701284610424,1.5969987550528244,-0.10569083970304949,3.7703370045249835,-0.5770863374373046,0.07551967799482075,3.477560306118443,-0.7320093581673865,-0.163945503507671,4.499651526284199,-0.6360496812380956,-0.13573512221588788,4.205948844544957,-0.7200151933453705,-0.08133023690714507,4.60424746823727,0.3059400362700396,0.0,-0.828194467670812,-1.1983093919044083
2023-03-07 12:00:00,-0.9415371425309422,0.029106475646314998,0.5898495051272057,1.3583198844908588,0.6824197268020427,-0.4103403212249072,-2.5837491709091513,-0.9148397214486087,1.6500543675071386,-0.9544453669186067,-0.5705377582209196,-0.5335298057880543,-0.17459171553647687,-0.10974993807692372,-0.21674779033043406,-0.9940961758653087,0.4673419166854804,-0.4930887947361875,0.03489144338263473,1.5199370550241287,-0.18963734715721256,4.351093014125805,-0.7873640957183149,-0.28949448904750963,4.3230709312332785,-0.9159664307151909,-0.63845730147418,5.379409720363051,-0.8351963439553963,-0.856762679333024,6.398167543602451,-0.845692537423835,-0.17533003574132242,8.33983001895614,0.22426265875300444,-0.9028044208390124,-0.8897279129950353,-3.001281891235308
2023-03-07 18:00:00,-1.0182621154799296,-0.24993356840068806,0.39669330641879036,1.6239584815176635,1.0041552342322637,-0.2870389358932894,-2.883463398212766,-1.0168126551377703,2.2859898069259366,-0.5831261042658974,7.1307437259428745,9.711620700323534,-0.24063688044530013,0.6083675847517718,-1.9678417186127606,-0.7770622210202721,0.29805764669643625,-1.1471181594050153,0.04879844938693927,-1.4266388403402668,-0.1864784959000475,9.768964987340553,-0.7991341093420874,-0.6229917348494645,10.489065353282596,-0.9938769919436238,-0.8249601692906408,13.453821377331508,-0.9322883315356006,-0.7871754183946563,15.048111155707842,-0.9072405875186372,-0.3587485930670256,15.254177979252601,-0.07330022768154212,2.0164551556964376,-0.8825670925216629,-2.8694394101011422
2023-03-08 00:00:00,-0.6048793549367976,0.11477240890368531,0.7298535303162493,1.4531512878367063,0.6296537692517431,-0.2362083229371053,-2.1544849027160393,-0.665041747387679,0.6709152293765327,0.6323315258043949,2.6079135814812746,3.958782819158534,-0.8188593303736504,-0.011485431297050453,-2.0561824836374223,-0.02951728431957649,0.04995664925630054,-0.7849674849936682,0.02896265272012483,-0.37301368509781785,-0.2962623242203313,2.433376291370192,-0.30996134725009594,0.42679903534010566,2.2344675883008147,-0.5123954850801635,-0.09361224407081577,3.2788075961699823,-0.4322052098855484,0.0837891258416859,3.407082339436366,-0.5116901362704298,0.16953290738331947,5.0012467806975955,0.49790932582489295,1.417815401890348,-0.7596882870123954,0.31935670892377216
2023-03-08 06:00:00,-0.8131509414832643,-0.10401384551132968,0.3316130566795796,1.1220544287271337,-0.7642397501288402,-0.1003103737077993,-0.5995910598140971,-0.7712208867508372,-0.33499104427914533,-0.3369667272098319,-0.6951153458420688,-0.7001749439529079,-1.1914799176286748,-1.5431320734837533,-0.3254908289260641,-0.106775358225914,-0.04409980765498934,-0.9356823226036586,0.05422109624846711,2.1883703977193325,0.1722326657663357,-0.7349393675964373,-0.4044992935469825,0.8027573797719865,-0.7822519520002947,-0.47046964158157684,0.5199947229054733,-0.8732304949336718,-0.3162975861886739,0.48864883434291917,-0.944630036612649,-0.4646704307904097,0.5530182417641158,-0.23329104754133914,0.5186117680015976,-0.7648225280573226,-0.6846713849963991,0.5137287489976086
2023-03-08 12:00:00,-0.7607297420229159,-0.20760563289058642,0.24971662733500377,1.1984037541739037,-0.760430597776913,-0.23891029949417278,-0.5236601121993084,-0.7391419023762906,-0.4428124113278222,-0.2868431644506708,-0.5619114868744649,-0.5344937481741275,-0.6009280505422393,-1.2079931501283798,0.2054417062330819,-0.3170944889811441,-0.08794706302752363,-0.6321234930734799,-0.05295856505874411,1.0047577609784528,0.141730906386084,-0.5376932483298352,-0.3428151179714998,0.809201652153167,-0.6422315969478604,-0.4320638390488425,0.5252934131501957,-0.8162751724392563,-0.28892511998229475,0.5050183588234994,-0.8659800592167911,-0.45230943474672347,0.4587013177356752,-0.5705023942460333,0.4167263344246697,-1.1755938389043536,-0.6868719551813157,0.541879728137871
2023-03-08 18:00:00,-0.7435939873380204,-0.49670259606067163,0.11254452661664788,1.6111864335573836,0.579459695745236,-0.28602110732799974,-2.237437344471266,-0.7852986296899824,1.1189608834874016,-0.44568477384664384,4.7901516853803665,6.848718355747546,0.10012993379270059,0.23077377016452563,-1.2362728484370242,-0.5149854429951257,0.02919517431683217,-0.43145354467218355,0.0011279986276185035,-1.1999860500935902,-0.03708031616770344,3.654010625693223,-0.36887466199091373,0.3777987330952967,3.34608075316154,-0.6237778696528532,0.03170127468742723,3.820924060184655,-0.5580241074560104,0.04649460646704732,3.0883621927046874,-0.6654459746203126,0.1286654390066206,5.2465745373035055,0.37687465921530183,-0.2129571369784701,-0.7753240943984587,-1.322714074745276
2023-03-09 00:00:00,-0.8157622202833161,-0.9183681490659273,-0.5555714188914527,1.1903312578650649,0.779951857063804,-0.5018166906577974,-2.477330633351275,-0.7826128971308043,2.7166828148984177,-1.1678043894730312,0.5263185312421079,1.0206530525155517,0.5084049352559209,0.29561515081193823,0.08507204367115712,-0.5549254569715062,0.0,-1.060405876627551,-0.10189676598065674,-0.5216411422983217,-0.5484313049952786,7.638963217744659,-0.6865335388768159,-0.6658935693749478,8.424439691355463,-0.7633500122283853,-0.4896695644596137,10.996999588618214,-0.6446508347220142,-0.2860209541948948,10.369372905225358,-0.6931629157945529,-1.0983355394666687,13.201425986933845,-0.1611290019535265,4.976808607611666,-0.8105983216860819,-1.388929770178905
2023-03-09 06:00:00,-0.5043983666213835,-0.16850195123380285,0.2787057658137567,1.1653763353088797,0.40984863301864805,-0.48233126080251065,-1.6863688791525129,-0.48686163122925913,2.9939696827785296,-1.3109691521341207,-0.6790903233290505,-0.6938866102909885,0.41306408248620224,0.12787383389921247,0.4380344545236171,0.36586330797796207,-0.1596579885075987,1.1987597818835596,-0.26596179634692996,0.2797997219518864,-0.3932064676056435,3.73957000117805,-0.6991030251697451,-1.8070717222231347,4.955121643952889,-0.5930470599561044,-2.3091496486614,5.578412284806735,-0.665124283458383,-2.5303000610788615,6.963598774782974,-0.48578084746188704,-2.080327127393704,7.385523972437648,-1.1318046072764298,6.58355315901141,-0.6627563280852267,-0.9342186747624054
2023-03-09 12:00:00,-0.5434089159849367,0.15605457905066994,0.7454213417946682,1.385421420133678,-0.24837552627601345,-0.06341544097046814,-0.9216774334524382,-0.5482412572126535,2.8707457977688216,0.035208535897043036,-0.5079009118218487,-0.46413695563905694,-0.07647677234076951,-0.3938188835238453,0.1978616278312764,-0.31332248678731145,-0.1857584457805712,1.6503926900907218,-0.3548707387633523,0.1292329152039158,0.13777473366351745,0.8893739820188561,-0.34833211078591486,-0.869525225503095,1.1625877201303245,-0.30791903015201616,-0.9386669451054169,1.6539095496501093,-0.3660546431022435,-1.4311714419324337,2.3415457682263288,-0.3470618038518474,-0.805411846194908,2.8219838338852092,-0.6135966568902121,2.919399282952895,-0.5259406760522418,-0.5209871812262767
2023-03-09 18:00:00,-0.8929172403806753,-0.21243435868827995,0.08070371896902011,0.8409215962749897,0.28678108545940967,0.41534450559917857,-2.2542630604035865,-0.912663768480431,2.3793757795752857,-0.7401199448524791,8.963542338980382,11.978659535891047,-1.168960691638012,0.2945276473578794,-2.959973514176887,0.12826734257355657,0.14013976151628427,-0.17039795219707224,0.18900417453383103,-1.1857431931791678,0.47452343455754326,6.296962002646674,-0.5156800149295974,0.10750396188965623,5.84818999525636,-0.6275481006852905,0.08997202438081427,8.49099952886742,-0.5763263286798873,-0.10248673003135458,8.321534586248381,-0.665303031702755,0.16038970986099307,11.746276173835398,0.2563526187215139,5.229356794399783,-0.8156307895812562,-0.01814674006368939
2023-03-10 00:00:00,-0.7157718869163168,-0.8867548232132232,-0.7887065103918459,0.602883808165615,0.2659254919893505,0.41046211407066513,-1.9188788528819805,-0.738467578717061,0.14121361104082267,0.8664810375652148,2.6491220051493944,4.119689898461594,-1.0297882042867563,-0.2883530176878134,-2.276473090541993,-0.3896258623118637,0.19004007911875298,0.10391420399267019,0.33015754906904704,-0.05492635356718099,0.332755534509071,2.083202599033492,-0.27673218031967683,0.6381273821439198,1.9145986217163777,-0.45981566521706935,0.23754809079890418,3.0599505361678414,-0.3801531277488622,0.30669597493831435,2.9219607224796835,-0.5062809727479215,0.4209412263448201,4.061803026924537,0.5741369775374915,3.0810478526330503,-0.7699464538235316,0.46660502173171237
2023-03-10 06:00:00,-0.858094457618773,-1.068925169574893,-0.9028766854550075,0.8023811475546145,-0.87854778753819,0.349816871321313,-0.4863811923383059,-0.8008638550274357,-0.17362679628289987,-0.6329944461326825,-0.6868697414181887,-0.6931457697472199,-0.9687034428919603,-1.4123618877242827,-0.12439995025124144,-0.47453430506761796,0.3860302295395778,0.3629893122673531,0.41594857126700374,1.8887227311364907,0.5444996526160463,-0.5965347340840418,-0.39806052142882686,0.9164757398643911,-0.6327793405939345,-0.46992732825541433,0.7457671368757878,-0.5693662112488681,-0.31736338133999614,0.6567049919391047,-0.5295974596033535,-0.49127124279458545,0.710327678177913,0.04574477180755087,0.5432047801358204,-0.2548036544202092,-0.7049629557618294,0.587015786743851
2023-03-10 12:00:00,-0.033319241708265813,-0.7774560005898119,-0.3631391947116555,1.2635734561537937,-0.17677173126810422,0.012048153057612043,0.0024960899489873704,-0.05170585992764014,0.03663869197576327,-0.26212611093858296,-0.6013786513178014,-0.588512363760644,0.6820038142104123,-0.13847239342664994,1.050712330073988,-0.0462096145337346,0.4740279920180191,0.9665057951969943,0.322550075434163,0.7718045017004206,0.04816004574306565,0.27237715939822627,-0.8961054594538884,-2.9551814780203354,0.2569226189655184,-0.8521715229051068,-4.205134029986066,-0.4621292719179339,-0.9810465934218647,-5.087250021754622,0.34131748182883387,-0.7633793945771217,-6.16889737534315,-0.25177004323351504,-2.2265363524537434,0.7854108787036227,-0.7872211402890656,-1.9873045047128368
2023-03-10 18:00:00,1.039653845289085,0.002254135751332575,0.12429373177300918,0.4070165959584586,0.1627355830858575,-0.10808187334526116,1.1926804371585213,0.9607191734105938,-0.6602641163507963,0.32294761357043883,1.6497750414941759,2.918316798720397,0.9534745588802928,0.4567210886442159,-0.2221994813306494,-0.9440979346130706,0.620108020484045,0.6867702159681809,0.38022876175903897,-0.8832318663902025,-0.2981869975966148,-0.45235893788527676,-1.0818403062142266,-4.803585796158109,-0.790358442739902,-1.5635175485011525,-8.835327725636393,-0.5038265277604944,-0.7700948434368631,-6.492213744170072,-0.03415901812034657,-0.9851343870252616,-11.111046539056508,-4.01805825038123,-1.9343517264178838,-0.006708401786466431,-0.7037408532596318,-3.907889785266299
2023-03-11 00:00:00,1.4158641719443334,-0.13778611300629495,-0.1691723140066754,0.11081201423097474,0.26502494467662213,-0.5500977053174008,1.498799901692329,1.304954723345841,-1.2424004668385618,0.5551611865241207,-0.017611896675402198,0.41835527206131984,1.0732867238589865,0.5328778189396428,0.544790717149035,-0.2701050528434169,0.5705975940311941,-0.7841813222209765,0.15760050356421448,-0.5800074592009697,-0.9570455869194823,-0.40661179812025083,-1.4421075046138223,-5.991039093279707,,,,,,,,,,-2.86083929288562,-1.9305953813255106,,,
2023-03-11 06:00:00,1.6862550571074317,0.21804719725644556,-0.05270489871956235,-0.5117159219488852,0.3324512752916654,-0.9394022209618901,1.6219057992305,1.5001060407853077,-0.29511927979246333,1.9327313953145528,-0.6530357214475269,-0.6637772938917762,1.1207712076899918,0.5740517907223999,1.0360385363811646,-0.4498498536217023,0.46752093082525986,0.6334682477995329,-0.07094760341203243,-0.38159870359262044,-1.1596337318417267,,,,-0.5197343997014101,-1.8699661910430183,-12.968544693624192,,,,0.24347123383112837,-1.2398788493032504,,-0.6423111313501546,-4.547255760307965,,,
2023-03-11 12:00:00,1.466565770372395,0.9077105899452876,0.5624364811963269,-0.8672103056723763,,,,,,,,,,,,-0.4605913557961254,0.23296165049887918,0.0,-0.4201886669415005,-0.5488499416132103,-1.3499157665265171,,,,-0.4625511338139463,-1.8626018175452894,-13.033041856311579,,,,,,,,,,,
2023-03-11 18:00:00,0.6351535698366751,-0.007741281617323613,-0.02409636605803197,0.10734144574164083,0.7601263031557473,-0.6495276517808948,-1.116604211160537,0.24990078737606192,3.694822465984026,2.8009393237434903,8.305924520534054,12.067070008854259,0.5361533720630234,0.864710745840864,-2.523030763073309,-0.07503428329158959,0.05403825204990996,-0.6097641125174026,-0.3283712723484025,-0.9861313765009296,-1.0688883410638768,1.0679031282232632,-0.7338288839681294,-4.426066075761531,2.4629787852388936,-0.6805915160071109,-7.5805208855029225,3.810016936564351,-0.7412793713952811,-6.106622788535733,4.33864934543407,-0.3932471613323245,-6.847335262410014,3.528577189640513,-3.2994886940669326,3.9647694959657422,-0.4755419059798935,-2.993078739753676
2023-03-12 00:00:00,0.5525036737483285,0.20943011408548534,0.2657360970100076,0.20548880867757963,0.4227027176623215,-0.5944052366926282,-0.19631554485045305,0.4892621014626972,0.7994901756203963,2.013560953458942,1.2562820660343372,2.1492982978305384,0.2584753833837765,0.22421941659229694,-0.5508412476967598,0.22204424190115912,-0.1125567720318914,-1.2604011564128714,-0.35401194948334763,-0.4406354348935964,-0.877623766330437,0.000846632933733554,0.7927325330957194,-0.5707358245482185,0.44072681198543157,1.026597930904546,-0.5588940519054608,0.14088851854539106,0.9287881006407291,-0.7248462290475479,-0.18688538093699156,0.9239047199590213,-1.0580899219543698,-0.5100900750048936,-0.28874177499028,-1.7918831112728069,0.8390735947477503,-0.7395270455564407
2023-03-12 06:00:00,0.6287786608140375,0.14384336922696206,0.15188486365112686,0.118323361313576,-0.007716716321333928,-0.45656430535366127,0.988506467748486,0.6033780143566224,-0.5899171419446282,-0.4326195244464108,-0.669474306131482,-0.6782798247298685,0.42773144751125375,-0.05161119828442259,0.618026158682737,0.5783328735089162,-0.2916891066190168,-0.7368299170464262,-0.3528350415398864,-0.011947274759160862,-0.435387346821214,-0.6428518685529572,1.679946123923988,-0.47770973639477227,-0.672155334161581,1.1932671001455497,0.3580747585915516,-0.622972659266166,1.2573276064065009,-0.7234825856219591,-0.4541405531733917,0.872348643466216,-0.8429984888644727,2.00485566062759,0.10797640190003056,-1.2261559805613342,1.1699422393681946,-0.5883165878965233
2023-03-12 12:00:00,0.45874425461128243,0.10495565944868195,0.17303981300566026,0.2604102706719045,-0.09814616014801818,-0.3666060294013714,0.7864368655368401,0.37597818255953736,-0.41284596699658477,0.298243194754399,-0.5311352744434485,-0.4781647126425886,0.4558623853356105,-0.09243402013631792,0.6515216352190593,0.7874079142807997,-0.48724243097972997,0.18117801198603836,-0.4251753471318703,0.26699526718175465,-0.21496844825300906,-0.551392622148563,0.0021896575008705033,-2.6484066794743635,-0.7490061998648746,-0.4787965081914124,-3.0908650372779154,-0.934339466779578,0.15994370197201274,-3.612561303106078,-0.5406478924911012,-0.18830426558673066,-5.774297790446517,1.2394054417281735,-0.03918910020626847,-0.28372645807581254,0.8731398310587818,-0.3496224302387472
2023-03-12 18:00:00,1.1359742063938376,0.4601844643083044,0.45325656081257953,-0.0027472124791252384,0.3750975518979892,-0.20810376888636462,0.6964579922625985,0.9953310197798435,-0.2223376329291992,0.9718689135175912,5.174624652027406,7.7933024525761985,0.9308032723638879,0.7856207150704304,-1.3106395251286815,0.7663713690194084,-0.5665142403067247,-0.41381877157819913,-0.2645877576230873,-0.9496229484236759,-0.19136052661163758,0.1070756324412998,0.48601791372357606,-2.484092481174164,-1.9318710110592405,-0.3797744286398441,-4.38014385158533,0.005839020560992997,-0.44252724682858896,-5.015207673044948,-0.7454263617587646,0.23591607244783136,-6.281702121070259,1.3213916104943815,-1.1029448716510895,3.9295298199887054,0.2714512759045713,-2.4147826242465906
2023-03-13 00:00:00,1.2748348812965493,0.42588473355480205,0.32409431434107344,-0.2004929288679475,0.34971652004741943,-0.2187078698407011,1.0557313911626656,1.1756555427549762,0.07092927662876301,0.7201580849603959,1.0701919628768741,1.9032380433016503,0.8879895179498196,0.5837751247904519,0.03356658401903429,0.6937264454044834,-0.5816772817921358,-0.32920096934848664,-0.220285964837141,-0.5261206788449512,-0.22769710355460449,-0.3123127635104061,1.4037387627026636,-1.4627652781938583,-0.4668214379403558,1.0877218831016702,-0.36027105331115167,-0.46552652329259214,0.7665624820512501,-2.7305927637643954,-0.36568084775056203,0.7321781375003222,-1.9177536216456084,-1.0934566494376579,-0.8699923088129639,-1.2822675955349534,0.07626137291474223,-1.6071618540501176
2023-03-13 06:00:00,0.9516520358487106,0.19843560439306482,0.03130591832621922,-0.27976763494869783,0.05996999652296266,-0.0133500916428122,1.4572328518646525,0.9605929765744475,-0.8810763571642863,-0.34961561469140284,-0.6492536608622375,-0.6759925390225477,0.7379304793805115,0.05940462494953142,0.9927033756966902,0.6712452648329437,-0.5587699789761311,-0.18034727090187477,-0.11808972295396099,0.018998432928829568,0.2732186376024851,-0.40655510277710066,-1.3499456441504385,-6.035028687560936,-0.605918802840087,-1.5326901285371808,-11.090093456538565,-0.5390772679155141,-0.799641536084363,-7.081501303901165,-0.47381661079106696,-1.0202012963335627,-10.598864717314239,-0.11470597771044053,-0.645761579638902,0.06317173557166887,2.407593610339,-0.4096244645550443
2023-03-13 12:00:00,0.20994326928186624,-0.3011134271746422,-0.27920573892315725,0.2729053328440845,-0.30269334208838855,0.06464178604831985,0.9795144781749324,0.23368577352120481,-0.4304690261787165,-0.6164878582635351,-0.5079904133075368,-0.4375936262149563,0.21689198958145117,-0.45913856925003316,0.6308171205978075,0.8021450279933285,-0.6390876263239809,-0.2992749064320558,-0.1972733829277702,0.662499520859052,0.3675990513973024,,,,-0.7421982774864172,-0.6490243022725466,4.36916090975132,-0.7212764973515141,0.7782274017394702,-0.08290201097596415,1.6200089798781618,-0.028455568489694983,-4.71962398693353,-0.6605254704394476,0.2783092303657272,-0.541159547487459,1.0620097573220866,0.268944933114427
2023-03-13 18:00:00,0.5362592272829757,-0.2594605850496087,-0.064952050569537,0.6384974197566728,0.5525441278791835,0.14697077729004587,-0.613880405518829,0.35863232084615093,0.2650594984948752,0.7547558706053746,7.423377457497803,11.1110047319529,-0.210804824146134,0.5021818431597513,-3.4834514841651942,0.6697408460353884,-0.6299155602072299,-0.6685354970137961,-0.07118845025736151,-0.8353325786993863,0.1732021172654612,1.5363835517178916,1.152175065750004,0.15234164750221446,1.7364943531673218,0.8626894106011282,0.29689435388570173,2.8648667625677686,1.0160929768097524,0.42022287633314226,1.924201579037265,0.9548554344819379,0.4095214601243746,3.3426197864441325,-0.6424455005019044,2.755977716379339,1.0157221731224364,0.43324020465724067
2023-03-14 00:00:00,0.655599089477771,-0.002254135751332575,0.22386092416045272,0.6357366772108793,0.6729096454402362,0.007063624169051298,-0.6317624346644972,0.5048302579959827,1.9043752695156109,0.9743105572591008,3.330262043681891,4.904924893179089,-0.20204713409340427,0.6891986044771656,-1.8940406718008123,0.6236964330424168,-0.6653240890305082,-0.8250878198454695,-0.08660688094030226,-0.22056004861918804,-0.10000676017222883,2.590457445728165,1.0836373657971887,0.23637643675072714,2.730441348669621,0.9328693713745443,0.05075940851573544,3.4199881291414735,0.912269857448156,0.19741192988045428,2.9544665151906044,0.9664478170923686,0.17136764595392584,5.648216193554341,0.44018261989113716,4.370038251948243,1.1202543610272113,0.4079602158613809
2023-03-14 06:00:00,-0.07718343131061853,0.07342844017965196,-0.0039255221645712966,-0.048644724174703474,-0.45362701868805616,0.22422781474538503,0.5630742186254302,-0.1030523979531942,-0.4159702781939533,-0.7360594060206075,-0.6841031205858771,-0.6843247379661624,-0.5307093956994858,-0.7564170693679171,-0.11428038436652077,0.5707008555254991,-0.5737289349972676,-1.152394671309821,0.009622670609352228,1.4640304957359538,0.25152142284230766,-0.7300650686470006,0.46168068917045435,0.5524571211056676,-0.8003925867839948,0.5468676200744842,0.5648271325503752,-0.76419166153199,0.6889384494897328,0.5486442449164189,-0.6660689877779836,0.6527512053831256,0.5617022658936462,-0.5261640576506763,0.501699689923332,-0.20383164503996798,0.8413633577622208,0.5414410932517071
2023-03-14 12:00:00,-0.02372981226002112,0.05973595419659808,-0.003939846356075385,-0.014926252284610947,-0.5247715284594333,0.2419373426845172,0.8393782416860401,-0.06400790826991316,-0.39465621399979045,-0.6533775979131874,-0.5265954426107501,-0.4853776200059663,-0.14076316838185682,-0.6349787980130385,0.32445274467869617,0.005045097626037093,-0.39990845064044034,-0.0014118063898307916,0.05240741145754997,1.8228382094140512,0.39959943967784006,-0.6368836461685735,0.46276928383238464,0.6081883692933231,-0.6976142632525261,0.544232768010315,0.6893060057261605,-0.5387281217714124,0.6943488604619705,0.651916480993062,-0.4317133681222417,0.6652336840635484,0.5896564520640686,-0.10178471575732614,0.467935277386409,0.02028875736315925,0.8571102690234277,0.5889314866949477
2023-03-14 18:00:00,0.5733743239463663,0.3901631554729423,0.37577129232921724,0.000497038351816666,0.4985359851331675,0.3846325664338736,-0.33910338726334793,0.4993920269800403,-0.12937177429348476,0.07528759774034677,8.63790220976213,11.180977305772346,-0.6080318231801638,0.6377498571000783,-1.8544244978923756,-0.8689206876749457,0.17878739260275164,-1.007864650006675,0.4309373361396615,-0.9700468100134562,0.33651596104554216,0.890687155158816,1.2162856795015395,0.43349105437218916,0.8331483402411419,1.1232259872082617,0.4333764997471441,1.2248598201958476,1.1397006183062894,0.5261133584241926,0.6613979225791734,1.1761346001285033,0.48211517578067375,-0.053821808885435425,0.47725729982517623,-0.2515461849101737,1.2143325292832545,0.47749835414272085
2023-03-15 00:00:00,0.9253292092457888,0.37764215873392437,0.5605111612298282,0.43511534991941525,0.743045460310204,0.11889478134985297,-0.33158296153293665,0.8329161058424868,-0.5666115054401507,0.09990021664701351,2.3846735736455704,3.3717056251629147,0.10985512353444425,0.8495787717061414,-1.0361818331809483,-1.0677420840674856,0.538676446611647,0.8028879888857035,0.4371302317737171,-0.2637430689256697,-0.15476484404929802,0.41863175978715644,1.6208659895158941,0.28301516330311366,0.3720685929136379,1.466266492198982,0.1058118909122741,0.369962799550111,1.3955268833306556,0.2511116023715534,-0.28113874596794763,1.4319032002833614,0.2587293287490294,-0.6316039421333107,0.49730105593252066,-0.8813539111803196,1.5949566135445645,0.425125790322955
2023-03-15 06:00:00,1.3162801084762097,0.817156659055339,0.8269111016412816,-0.06598999255574793,0.46150580099889865,0.051978414580160184,0.8994884825866793,1.2593019574009767,-0.6455666229622107,0.12991162305807552,-0.6624807147969503,-0.6714770931368532,1.0065521396329116,0.5945854778446146,0.8485629918980969,-0.9699724551009828,0.6184545424685534,0.6385925760601382,0.401309953536076,0.49537433290609095,-0.07726915428936248,-0.2656303695160519,1.23146872871788,-1.1912130751573529,-0.33868174219986674,1.344236821951622,-1.6713264163103878,-0.2440947488776786,1.3041419701783625,-1.4041096592791433,-0.16735466804747837,1.4022540755699697,-1.7150193641562834,2.3234677447158254,0.07563729357588074,3.607466948127138,0.9149856832190119,-1.274114081161754
2023-03-15 12:00:00,1.5511996865934234,0.6866655754223622,0.6833530740951103,-0.05810201074848441,0.37182377784223714,-0.2941229860364711,1.572668254485969,1.5423448353127585,-1.0813522871143841,0.10458093743751337,-0.58607575465904,-0.528922650713277,1.070009595834394,0.581193271568678,0.8756556635946968,-0.9541709847256309,0.5898388517549921,-0.13585911555593314,0.24375646546351598,0.7096852729806934,-0.6022055930696962,-0.4478738549735508,1.1379202269837643,-2.342721282544006,-0.6425073163307817,-0.15426123446259968,-3.5785392529457942,-0.5906048486377149,0.785303575168179,-3.5759375640993927,-0.3005550246850011,0.0690341341567332,-3.3848564625501902,0.4234993692156928,-0.6850439842631406,-0.4330373013627569,0.4127805163576071,-2.112276830639752
2023-03-15 18:00:00,1.7801491926070434,0.7072168012632702,0.61442029637232,-0.25941270903706687,0.6297468051027967,-0.5629873523672201,1.3223729455533964,1.8848744076921127,-0.6025489119545497,0.3805937905366233,3.1531154726570727,5.436955518007131,1.295206498897227,1.0131626729383685,-1.2731454107041313,-0.8456713220620125,0.5197927748865436,0.18579310586486897,0.161499432083626,-1.0717935724617456,-0.9989793470389977,-0.27432175252582164,0.24948736462354634,-3.397355689383254,1.1821877518220791,-1.1192605433319378,-8.348232049570736,-0.3236010925931206,-0.6875919308541882,-6.971695661682956,0.16528059469958464,-0.7461209964267606,-9.066634337367027,-5.3892220254358065,-2.5466547479945914,,,
2023-03-16 00:00:00,2.337817263023731,0.38577012150367845,0.03544314106894274,-0.7324750614366414,0.7599666787180844,-1.0033056979400157,1.6108595985339242,2.3847535622457823,-0.4904514652837962,-0.07379607065262626,0.28144745258636467,0.980525313234181,1.390164028747677,1.033500929092686,0.2326973198205843,-0.7882816920591557,0.1651272641570722,1.28797975383996,-0.18891893845985128,-0.4392055531678826,-1.5568045619469975,-0.39122066120849897,-1.229950629140806,-5.75536681262845,-0.5171525817873097,-1.6045325188440227,-12.276505587461719,-0.5657244106481868,-1.4608181978096992,-9.577119091481569,-0.0857302812871374,-1.189159940885742,,-0.8759354840071032,-4.112801394854808,,,
2023-03-16 06:00:00,2.019293886265598,-0.020096045417898264,-0.41865370452864586,-0.724526237017219,0.6034898284477774,-1.194966496732228,1.6106974926319013,2.0387226507295355,-0.07346663459943237,-0.09526312437091457,-0.6595729471843186,-0.6666059277996018,1.3491971924577075,0.8310372685741126,1.1155389858312597,0.5091421322680519,-0.3335245180301239,0.6973622830413458,-0.41498104647398343,-0.18044639914519275,-1.4786955607363212,-0.40250670122494453,-1.1152424576235695,-5.768004773702635,-0.39353523457903483,-1.6865560946912492,-12.16588895366634,-0.37405500037540673,-1.690612362267007,-9.725537756779751,,,,-0.060333849684032284,-2.8973038160264544,-0.35889471940807377,-0.8464586391602305,-4.055779986999586
2023-03-16 12:00:00,0.5278958697707964,-1.3541769111182869,-1.6068084534459883,-0.03298900882518169,0.11390584976188291,-1.1595606335631188,0.5656696159460604,0.5548174186642026,2.8270362232023616,-3.3842928385266426,-0.5671827629623994,-0.44341192064353646,0.9197487201644867,0.004404022745023802,1.0931384822016048,0.3040099836790035,-0.7096577686886475,-0.3413554804258433,-0.6731793595957706,-0.24889763706852686,-1.2885910646511647,-0.6910488855434913,-0.7020622693365911,-3.1522157669579793,0.2564451558950141,0.007384228276658386,-0.03899226480492215,0.7490561855149408,0.12985382065162038,-2.0602670763752853,3.1541449394284014,0.12354154775491351,-1.747992277802529,3.1323104396659947,-0.7028187258179569,3.612391565523779,0.8816587824223995,-0.5307083370755928
2023-03-16 18:00:00,0.19688364673077244,-1.1606764493695518,-1.162910114145471,0.4602202824288747,0.33450773475176543,-0.8011058766921084,-0.688644003362886,0.08508403934713565,2.6231497336220824,2.3840787267300683,8.953551771215023,12.30753008158318,-0.423847480127998,0.6092615554170533,-2.7391252479982375,0.573381022396315,-0.8294153852899548,-0.2785569150172889,-0.6691952415396341,-0.6739462417958699,-0.746345916716549,4.812453997014515,0.6590274970559137,0.21154616745430016,5.524411223844358,0.4104313154043554,0.0630037996084271,8.878475358221952,0.48591296120755073,0.2670175302377562,8.844364558243525,0.3685252383846492,0.09262067046697589,12.601060263813194,0.35642952648997683,12.292537482892905,0.35043892078419997,0.4359091513448904
2023-03-17 00:00:00,-0.08799592439612533,-1.0822853609219025,-1.1087052027127025,0.38546575673831585,-0.01023111823144508,-0.5777342330015475,-0.39987977215812337,-0.09787543100950727,2.5014766470011045,0.11001366960267674,2.9780992259437573,4.183899025875927,-1.070706182965054,-0.003230287213191935,-2.040492300549325,0.6228259140689794,-0.8678537379374501,-0.8643576778561599,-0.6336922279669948,-0.1737599070056771,-0.20319724631106542,1.610729511511231,-0.08503962308864574,-1.047904550870599,2.5156055017914896,0.3250003831195052,-0.11919884912620128,3.8153375878617557,0.32518510104069687,0.1659221661197116,4.4216160571772525,0.3117648234520515,0.25897978038980374,5.714359547730493,-0.07799960254911971,6.505376491241705,0.18808459447326806,0.1417223293308111
2023-03-17 06:00:00,-0.8506383364366444,-1.2643638330913376,-1.478321540154535,0.026449259374647028,-1.3352374016871766,-0.27064321761440124,0.6369889510410084,-0.7655565224228487,0.031415312009964794,1.277996473349271,-0.683356490676844,-0.6853449202201696,-1.0451689013965397,-1.548101200868145,-0.11408266290790699,0.7386823668126148,-0.929216997632457,-0.8119753626023615,-0.5703343794327174,0.3078779393896926,0.4984273342162841,-0.8837841542676725,-0.48650338472700416,0.7534636364674924,-1.050339768016046,-0.2677951862393822,1.014890192299862,-1.0648350368434418,-0.111475539283581,0.7270914945216853,-1.1338556275289022,-0.20772895530270674,0.9341911720186404,-1.3959000558758217,0.606302951664583,-1.4165461808408255,-0.26834668268138484,0.5426752681939933
2023-03-17 12:00:00,-0.5666279506883657,-1.3264659693378906,-1.4109965159194349,0.3266624688894415,-1.034456827041731,-0.3516419467961074,0.6249458727962686,-0.5679324018138612,-0.5198365130146958,0.0001548337248607086,-0.44194704524576667,-0.3881623206863655,-0.0810252646093299,-0.8996080891674015,0.665391944283371,0.6528161215979137,-1.0320143573550122,-0.9415785561518596,-0.742528264090853,-0.12191820903551062,0.5226314230636805,-0.42983712565082655,-0.17906752598018683,0.6256706396278432,-0.539060238706722,-0.0733752940237347,0.8970054143962174,-0.5206480531073332,0.0612150627910169,0.8136175344612248,-0.49204790108186525,-0.06718462161439118,0.7582865415258702,-0.577367003597918,0.5362798821246559,-0.24264894314666377,-0.17568960415543347,0.6110770264047869
2023-03-17 18:00:00,-0.3491430568572594,-1.286174935236651,-1.1218970744877066,0.8591894566998498,0.059961326071373756,-0.22605867955209108,-1.1266403173702688,-0.42863730075084033,1.5244506112188838,2.4096817180519525,10.17053480687272,13.186389608852737,-1.0393213342627208,0.4716543724990462,-2.4587333317477613,0.6489626547490546,-1.0396971939993862,-0.4667376841589428,-0.6788684551233471,-0.7738530040109486,0.3122225140280491,2.7950634257074114,0.17994968190464902,0.39298024381351854,3.5739499898582228,0.06628153945830935,0.3730769659620639,5.575456532683781,0.08709917766659064,0.5046269013660648,6.176758522015416,0.008175709379563354,0.49505934163969684,8.878993964048265,0.6150302938183375,7.4729726321670675,-0.2771347560783091,0.5405546133624081
2023-03-18 00:00:00,-0.7926944512050241,-1.0621571884708676,-0.9878896635890485,0.5999000384614463,-0.30762377870526186,-0.0880606804557439,-1.4205404552045517,-0.8170640463733262,1.8601877872918633,2.084982960771888,2.937587253778801,4.098673332996548,-1.4181340374887896,-0.45464263173002006,-2.0636224602350297,0.6503523119852053,-1.0920043670937516,0.16875363379670227,-0.6815798541572728,-0.1221056907776026,0.22098267789470397,1.5253390697787022,-0.478256828703171,0.4830794563341295,1.9608729624068022,-0.5419774828541634,0.4769974669022576,3.5750302535750604,-0.487885491062629,0.4793665659815455,4.055494046813853,-0.6217353523612067,0.5741892213946872,5.497354239035362,0.6291843464201696,1.6504934637320885,-0.8337799472048331,0.019006730794770436
2023-03-18 06:00:00,-1.2113816227119014,-0.9053391548067868,-1.1189600827084698,-0.07309064457346656,-1.8013121295036494,0.261410427323345,-0.00247017827628347,-1.1340065436412643,-0.4286733433965822,-1.2893881425298586,-0.6989029454141676,-0.691760994684781,-1.9246066976769274,-2.207946280754026,-0.7758177026932754,0.704542847211223,-1.0916789042829107,-0.46374409072428197,-0.6003275112949417,1.691709120256922,0.8056530874498091,-0.7763203149492948,-0.9129792809803671,0.9456208117156834,-1.0228598499989439,-0.8657881440682832,1.2727943118514415,-0.9994360861530337,-0.6884409285363967,1.003839219678428,-0.5708941833263939,-0.8700104483176432,1.1991527359259069,0.25683180476752165,0.8143968568693339,-0.12329848255768301,-0.8719908464379449,-2.993572299027017
2023-03-18 12:00:00,-1.391124085796141,-1.5114036148935486,-1.4695144468382748,0.6546108694389596,-2.2176462650635638,0.47856573794966,-0.1743549578761352,-1.3199598426301997,-0.5796898768237851,-0.7041069840224748,-0.436106145778788,-0.3736540798945857,-2.039548776520147,-2.652761144876785,-0.514227653038364,0.9906499266949192,-1.1556791898456846,-0.4670920271370964,-0.5771270695213401,2.7289473298202696,1.1875063715128842,-0.6242805775673166,-1.1487011147514565,1.045906898936415,-0.8283195448565299,-1.1313693479481737,1.4268789014061476,-1.1109983869919362,-0.9574752674997704,1.1679752672112187,-1.06805020264464,-0.9077252628853548,1.2535631091700434,-0.33985120814623654,0.7500318943336117,,,
2023-03-18 18:00:00,-1.165075833809178,-1.711840966219883,-1.6418376280755107,0.7720378165165207,-0.255666313210364,0.6877475262010969,-2.3647566758538034,-1.210544948315271,0.2055150040887966,1.1828244843700575,10.02138691125214,12.784454773577123,-1.6651813834969307,-0.10437320584830861,-2.472449777807986,0.8303565327978191,-1.0826667226213649,-0.6099145072718741,-0.3627370038212188,-0.686770215968181,1.3039382979081626,1.939001501231932,-0.5833523360560566,0.5871871224377283,2.3450409940162835,-0.8028016238461049,0.727698420623811,4.2224100925031145,-0.7640215848192368,0.7635516296013563,3.142625191334481,-0.8444070361445956,0.808089639926632,4.883180932631755,0.7465872504462565,0.17975550674693344,-0.8578204874393379,-2.34265946204562
2023-03-19 00:00:00,-1.114633285628355,-0.8985024523249097,-0.8214854048058915,0.5602002959422598,-0.2945424068177507,0.5326959777892983,-2.2469529315915606,-1.185002605177282,0.45546266583194644,1.9099793109970413,2.976397560227353,4.142686067841159,-1.6228614627058044,-0.7066591797847593,-2.115610971375301,0.8197835910703984,-1.064363812619101,-0.2877006999489844,-0.29697438508825896,0.09819822694955647,0.9393519735937458,0.4244551289344658,-0.5998032800429375,0.5932415238109998,0.6508797573840388,-0.7684743934303633,0.6584879697711744,0.6292498976834133,-0.7805557751508727,0.6107188444395788,0.5170909903235515,-0.8753208312488929,0.8115053205014522,0.9637106937531197,0.8091601759859764,0.2978201368910136,-0.8551974246596054,-3.14196090594247
2023-03-19 06:00:00,-1.270178593251249,-0.4289281818623307,-0.9531664236048801,-0.8850187488850344,-1.8299424703163818,0.7240960760423516,-0.33486634440750884,-1.213510398122399,-0.21102182168898867,0.40642397591469265,-0.6950408236097122,-0.6951831862802932,-1.8009299003497268,-2.2709606081597227,-0.5294970625367743,0.7696168484679398,-0.9878281596804397,-0.6043165680687338,-0.209383146337183,4.728828761336019,1.3082484064599038,-0.7257376051603553,-0.9671053401321419,1.0111530199259393,-0.8888842195209188,-0.9462519514733381,1.3852958329719234,-0.910915020083623,-0.777621506023255,1.127671357291739,-0.7724612377655607,-0.9763279195057464,1.2557651709220043,-0.7585113709016296,0.7723954010827587,,,
2023-03-19 12:00:00,-1.3742339999120847,-0.9185005123205817,-1.0664798203871015,0.07404761243217618,-2.2589009724023397,0.523485685967298,0.11984391985152439,-1.2918848532521585,-0.24792927753321592,-1.0985718435240839,-0.4293223668613646,-0.36472255309152946,-1.801727922074054,-2.4591158417060006,-0.35547775204165577,0.11351891246154575,-0.9474267665714644,0.09427690308672286,-0.2130549755944666,4.645494964871908,1.2046977491424897,-0.7113328359109169,-1.077745870577807,1.0526766683114566,-0.8154622261601258,-1.0496903266478177,1.4648967908250303,-0.7906059209399701,-0.8662725177588116,1.1998719071963,-0.5644233484517124,-1.0042294615929566,1.2747361830614914,-0.3001667064004911,0.7513197012451382,,,
2023-03-19 18:00:00,-0.6546916318518615,-0.6011591661655474,-0.34956407845040083,0.8586990221813537,-0.17531079091639748,0.35979983054788317,-1.5571232167876448,-0.7628260694091433,-0.050209946785514104,0.20691958580608424,9.451558835958329,12.197652389200714,-0.8785448976847074,0.1544329993399823,-1.794743563711442,-0.18349905009125542,-0.7368572853471949,-0.4417045922370292,-0.16218707931584248,-0.9515663073102559,0.7629594021231844,2.09620960352858,-0.25227957002262363,0.5400031828586489,2.5584916583178963,-0.4331725406521155,0.6584741291569514,3.815252351375554,-0.3792709183815454,0.7028334477347935,2.9092878110821716,-0.5149662665692581,0.757177105486505,2.6382130934210797,0.7234353865140659,1.5468254542226476,-0.7176432429789619,-1.768282112054868
2023-03-20 00:00:00,-0.2360296733136655,-0.20068143041752207,0.12250456144585453,0.9033098603134544,0.11164890967085433,-0.20812890732644682,-1.0273301626917082,-0.3309886954277648,0.8587529387928966,2.477700068957848,2.8560532437499426,4.006363204599446,-0.8207545439009827,-0.009361399904664789,-1.640643018542005,-0.3582446482441918,-0.6467584222184123,-0.43604151085705956,-0.3194240090611537,-0.13132169711892783,-0.2114509030111987,0.13581850986565314,0.20469540358020996,0.41044139762261495,0.21843749898522727,0.136659407140628,0.366320320579275,0.4830535580664508,0.17660953424823703,0.41020751957023005,-0.1400825648421318,0.12241055326933535,0.5224489798869177,-0.32054295480843586,0.6625350557188016,-0.9066409942226393,-0.07860911714496811,0.48639082279849966
2023-03-20 06:00:00,-0.49636880569520364,-0.4038309213817546,-0.34842909314762993,0.3747971576532701,-0.7755182885270455,-0.5079072631913734,0.2450541432131543,-0.4976622156472924,-0.3668241752181162,-0.22081594506000116,-0.6717977854660425,-0.6822006507810693,-0.3093975904260537,-0.9421657922823758,0.39145246279081986,0.07160619158176484,-0.7050489158190894,1.0672233426313689,-0.467506903925985,2.413588999447568,-0.28280965651306905,-0.52957544846345,-0.0671921710165955,0.6316423357596308,-0.6350575223261234,-0.006727740840374332,0.7226496871170733,-0.6378419890746586,0.1279282959923941,0.6586250480248427,-0.5528050933471215,0.030893875931595486,0.684249569466739,-0.5972293793664258,0.5742314866251677,-0.45930978723395866,-0.08285371966178719,0.5762999373857305
2023-03-20 12:00:00,6.50827894226004e-05,0.13665026938709077,-0.0019617633062503485,-0.20018450496770396,-0.5770670632343606,-0.94457767628516,0.971637454863952,-0.06407611746134544,-1.113399690672272,0.4143773408587458,-0.5404117429283022,-0.4842163801997377,0.5249679607403323,-0.35166590249501006,0.9786919802773208,0.4329943979885746,-0.9168648844415418,1.450879963144476,-0.7918568690740996,0.4852647791394675,-0.8279214762364445,-0.3722286808392866,-0.9850081076203662,-3.975467193408985,-0.5210641619365354,-0.833389816687448,-6.320789308730397,-0.5563071936834926,-1.0272918361026282,-6.355613957230302,-0.4209941003562212,-0.7101367727728652,-7.202834758357828,-0.7965892367772573,-2.0178628061738904,-0.5239787012848673,-0.5738482270813936,-2.5539434953307807
2023-03-20 18:00:00,0.6781818895533984,0.5470592803418165,0.3551474067638785,-0.43130099337674843,-0.017990351015324608,-1.0415746692780856,0.7935753774717984,0.4955313091880034,-0.48894547369909197,0.41299062519249036,4.747828734587766,7.451792819847914,0.752093765058326,0.45159704510643733,-1.5642399291475146,0.19944278899715903,-0.846647772427232,0.0058537685468609685,-0.7786084299834892,-1.0731647814746117,-1.1840513477269943,-0.10797930590156904,-0.5490061076417008,-3.1036393818929513,-0.0034754080262872477,0.6342612933716618,-2.4509106394857483,-0.16843987749283423,-0.42743839738068484,-4.629265724733651,-0.2905547060135117,0.30382150145051423,-6.1656002026176004,0.2798974178847636,-1.3089498679222948,2.8337737446778735,-0.4007445845434241,-2.4310151515005507
2023-03-21 00:00:00,1.2705718178498253,0.6353155607510689,0.4160827494980939,-0.5156620165476234,0.2552843270223951,-1.4234548779138692,1.2702690750851313,1.152619717863831,0.10131424108157859,-0.3126635306033655,1.0926259717509224,1.865200062336163,0.9626338944078331,0.563306073678212,0.26387062501904257,0.36831807616929546,-0.880705718213015,0.29041757327029305,-0.8621616889076587,-0.5235010961044523,-1.6065378652079645,-0.7915856045616266,-0.5449276823345328,-1.5425219514873787,-1.64715380361398,-0.19962194135726355,-4.487222621338003,-0.4514608481695078,-1.0978828737231772,-7.716512932395684,-1.087884800082747,-0.5694835203498851,-7.574474232806167,0.7023760235971016,-2.9234470681188034,,,
2023-03-21 06:00:00,1.0876484773623842,0.2650724563840114,0.04177010543097563,-0.4211468863699671,0.19660776395410254,-1.4144284770208615,1.2623029197251068,1.0511262649170117,0.9249465153580427,-0.9437015450209104,-0.6547555338311136,-0.6722400228860682,0.9558846613421262,0.40754088934431065,0.9652762071172641,0.6074918996777211,-0.8776348772549146,-0.3038766685840595,-0.8947164440539628,-0.13018186703138518,-1.3685683640157442,-0.7681149585708046,-1.2570826692394854,-4.069361125226794,0.029645489893820615,-0.907178322317917,-6.527667934921614,0.252439772864051,-1.1776859836059599,-7.947649370525855,1.7449568476564234,-1.1431948784391142,-10.365991817619937,-0.4982491154919598,-3.987476316248969,-0.1891347270083973,-0.8104795816354039,-3.9378186497935506
2023-03-21 12:00:00,-0.17680284983709954,-0.15952895606568865,-0.4140235786882379,-0.37072719758390565,-0.5242676206336352,-1.1457946831639179,0.4268732317592471,-0.19386888639965033,1.3132442493506304,0.9490557691719818,-0.4853984236703581,-0.39436422773418023,-0.7554136988498453,-0.7538020106119648,-0.5015447071476913,0.25778655316910665,-0.6576814777585669,-1.2520779177269439,-0.8773085168987892,-0.030378911541227616,-1.1649651581476064,-0.2480036206740613,-0.21382314333222247,0.7721966625409198,-0.19425072347907926,0.5050647777565624,0.34055526220052235,-0.7717558198722599,0.22566982606050298,0.0931412764925262,-2.784808647201766,0.2466780531697258,-0.1896784597590445,-0.17742402608271252,0.2054986550988748,0.6413585589711204,0.057698394818720695,-0.08464738859902703
2023-03-21 18:00:00,0.21265451124651372,-0.20282530894822925,-0.4406930184358479,-0.3222957272753161,-0.11915971754086443,-0.9278226836933198,0.13545892405802937,0.051268226540751534,-0.26378311204993277,0.7237947169608452,4.766621401689825,7.149602825084049,0.45014208478090734,0.2108183422209665,-1.2502061122730832,0.08281113292549751,-0.2651678940018232,0.17655904488324148,-0.6281453459234176,-0.987587521069525,-1.0547482641326191,0.1227599121376348,0.40238874275934816,0.5115212344073109,0.04947397114293971,0.19471161285353258,-0.10886504752059006,0.18443770559607722,0.4185914621997742,-0.8229665297647764,-0.042083691571592655,0.4236891836675581,-0.13545690475433692,0.5595601809600425,-0.11014266629107014,-0.45871658266378107,0.30881245289964665,-0.2002738394137401
2023-03-22 00:00:00,0.8873021373257926,0.24215689206882596,-0.08646951910426166,-0.6449363183064971,0.05290436781384855,-1.0213935818661009,1.1814972599795448,0.7895514040819372,-0.7145158536610391,1.612952165366848,0.6152942018378285,1.2059933947810475,0.8494217450331355,0.3670199153240787,0.3841738712149823,-0.2508209643597216,-0.1727225725425643,-0.4693152559588239,-0.4481733221571089,-0.6166879912743036,-1.1693446478780483,-0.22955992129143163,-0.32395705974272293,-1.9372354043180338,-0.4071806549233608,0.32799321338465104,-4.097189582503119,-0.31012352644820107,0.04380440418955144,-4.310933917139367,-0.3423871858146847,0.038356465980748024,-5.994104891109706,0.1200477269093597,-1.3810876609846392,-0.16722287551186996,-0.06587753334724282,-2.4819991842126243
2023-03-22 06:00:00,1.0888160726496983,0.568945893600723,0.2130488006399717,-0.79580993022538,0.3169112780850281,-0.9542919333040721,0.9954876635499148,1.0526855185894586,0.983748175094973,-0.5852929057754985,-0.6550397618489846,-0.6698748007997578,0.9726591385728068,0.43630458359539837,0.9582850144333442,-0.28756995503643057,-0.14918646502170832,-0.9122367697813712,-0.27681290011968407,-0.008639432391559428,-0.8543365722403006,-0.14388265566492534,-1.1250223644086423,-5.569679187849738,0.08852888646155677,-1.1087849143420374,-9.819795142679212,0.15587839243972465,-0.7953237637647078,-7.28134999161663,1.1798173413744746,-0.5333535833509819,-8.419590251072862,2.299817642554781,-3.994308654637955,0.006224419086262343,-0.7236272721995755,-3.8160533293363015
2023-03-22 12:00:00,1.4649606184248318,1.4355980200410627,0.9775370819667671,-1.2611497266885803,0.5651845861330719,-1.2727218983637334,0.8785496711638624,1.4306965932625733,3.558028630243711,-1.282760161168468,-0.5378360369368413,-0.5018279654630027,1.1149383635836778,0.6831467804475849,0.8988504867873661,-0.39020127272014377,-0.2262429871859044,0.3859771831386496,-0.43585532726900067,-0.14045087661477193,-1.1323918183328174,-0.3752945599282644,-0.09260828053314561,-3.3750873371758,-0.10650364924329533,0.404758362231075,-5.893033679041107,-0.14841696016607234,-0.23606176839939974,-6.324513258931944,-0.3414010708517816,0.042029662248118584,-7.0776092700528945,-0.010490716037851526,-3.183756821880481,-0.15767725256818949,-0.32774907289906263,-3.443602151053989
2023-03-22 18:00:00,1.7122699679297009,1.4218366150906476,1.018767038810453,-1.1371204231178278,0.6884897941504151,-1.2957262687180138,0.9121521961337488,1.689481948901981,2.599251753279752,-1.242252261874738,2.4866936618557736,3.9758078627489146,1.2129681800768661,0.8927970998582191,-0.27314714268633805,-0.3204250221034679,-0.059434965120379844,-0.7289272841310324,-0.4132638264052196,-0.9412144236626762,-1.3756291230433417,-0.3402778739570252,-1.246951602538541,-5.827113862274632,0.021791675120230145,-0.40578858507110044,-8.099418158219741,-0.1382566030318687,-1.245722260719001,-8.859953966291501,0.1547894817293489,-0.8131859950020562,-10.29254347748411,-0.6584899927856284,-4.46281858446724,-0.024237531849507006,-0.7476024303082874,-3.7336062960114793
2023-03-23 00:00:00,0.6113676630771488,1.3942196071303155,1.3607364076464112,-0.32166176912978894,0.11829103979684095,-0.7986291093853523,0.5529279565612806,0.5496695622203155,1.8371665935015817,-0.9451888883913169,0.8531175539096687,1.5593347191907814,0.8536976923763573,0.3591360223639017,0.3075329066766613,0.029376188799562636,-0.1076529668601112,0.6001773604868244,-0.4959626819063185,-1.016617981505764,-0.9560559225019247,-0.3088492833953261,-1.315114226314905,-5.529516789612706,0.02805139589066519,-0.18916290930944937,-5.616071175065142,-0.2503765421137432,-0.9692597606269897,-7.409228948652504,-0.08300141595758817,-0.7013104785003675,-8.915968437432223,-0.3804470663079964,-3.8321694146695866,1.3202780050953895,-0.6871985850478218,-3.5355276147595314
2023-03-23 06:00:00,-0.11944776296741391,1.0810734989286506,1.1210218531919114,-0.07371227534521962,-0.14462455398606375,-0.4214631158023328,-0.18480079878403624,-0.1257868645429613,1.906077548689894,-1.346733820075951,-0.672922808729131,-0.6782910627050721,0.2276077370340725,-0.16459908015768943,0.4312130924574404,-0.08735657348066908,-0.12034692400615385,1.472507455336847,-0.4846770473043648,-0.19127542413040513,-0.15481846295505292,-0.10057255500730533,0.8136778987320323,-0.9341638842492974,-0.021181920412395704,0.3636696027122716,-0.7966667378340221,0.0831264849985771,0.11189791069796846,-0.8697590759283902,0.3353674168590034,0.03705237526770402,-1.6101515511444597,1.7521212367330956,-0.3175403590487085,-0.4770941854688576,-0.15162838939987727,-0.6878862341131377
2023-03-23 12:00:00,-0.08259144019001709,0.8591090942607864,0.8442607503481306,-0.1314776823575891,-0.5511724979460082,-0.3517381829280145,0.6797824322642408,-0.1563778588141037,-0.5980466155879083,-1.0446788292923814,-0.3968992265356808,-0.32131637057587553,0.20935356223716073,-0.424824974739163,0.6246566898235908,0.2428557434524944,-0.21417444741927189,2.2153409875159995,-0.5541089987653502,0.37414992912754685,-0.026798841634974545,-0.3854293081932957,0.6581530905269142,-0.09085268650320891,-0.511033391766247,0.3296640815711368,0.4342590156062792,-0.5045131032558111,0.43737614076549547,0.22742557666444152,-0.5534145708775926,0.4553102253711619,0.4731825612780312,-0.21615015106271368,0.38674708741152086,-0.3213102232596028,0.27162429774080266,0.28139283272625387
2023-03-23 18:00:00,0.019770997356430387,0.6261845336497847,0.8365008214974966,0.4256843132583164,0.08935547123325033,-0.33374640711496845,-0.5768290308169887,-0.11446849774869029,-0.19673256568991587,-0.06939581752788991,8.19880052085653,11.255979938632443,-0.3101369340660602,0.35475993222954516,-2.170171210666327,0.8617406868715791,-0.46578234963529863,1.5238380390072028,-0.578189047044926,-1.0868482324733708,-0.25479649465702486,0.8775606537544745,0.932644815344152,-0.09849591497930052,0.9256119503142339,0.517973219829627,0.11282795464142029,1.6207426115307706,0.5749999683940484,0.30643162274012076,1.5903111016516587,0.4630067788141655,-0.5741689616970594,1.6754142097029365,0.11196911551865919,1.5370270532920274,0.25305718709142205,-0.12234725253705792
2023-03-24 00:00:00,0.233283031170044,1.025539089271237,1.1384165782739974,0.10118796025597462,0.03582224295558256,-0.5295060480721084,0.018751808566223084,0.135544231949935,1.1776105893029178,1.801922182395957,2.704034618513353,4.1702631973325754,0.10909981214588478,0.2412297041196961,-1.1186841606161055,0.6795717236179243,-0.7224289456941407,0.13699630004683522,-0.7204168049587615,-0.48929938335667683,-0.575195533514048,0.305171707621213,0.7704301316040072,-0.8924138661593481,0.34944355751405265,0.7171779977662337,0.21565165758531868,0.5927655605202101,0.6725839543626115,-0.14305696690807287,0.7353658687763812,0.6796239867633873,-0.21464761716386832,1.6520900627317265,0.15627937328225425,1.3514481897829993,0.47255193949333957,-0.1194783965645703
2023-03-24 06:00:00,-0.3446000230362935,0.6547983234525,0.5923062654218328,-0.17854064586380555,-0.7442829614223986,-0.4369049169700174,0.4021607625850939,-0.413172376953272,-0.05821401454239257,-1.0151167387237865,-0.674549953245399,-0.6792546444103399,-0.3594326913794002,-0.8824062902892139,0.2554561523747754,0.5028775587276143,-0.888164866223847,-0.4822018391767796,-0.7960452585117318,0.8377041777206246,-0.21923178145889388,-0.5399071589393148,0.36036573461961613,-0.45383328765142084,-0.6906063794000362,0.15268370991341154,0.3875461715358417,-0.794081212156109,0.22012320020757561,-0.059800499722179164,-0.7522418234478606,0.17011740577291964,-0.08366298642970267,-0.8698568087050871,0.30805447653678747,-0.7486041244355064,0.05379804030509133,0.09883871711040287
2023-03-24 12:00:00,-0.3189875291851911,0.6497048122184168,0.40788122215172823,-0.5690539619363628,-0.9128195197471886,-0.7689082539141475,0.9135979184056032,-0.39210005619637606,-0.8217135006146485,0.01183066035553034,-0.454770711511525,-0.3797638233282761,0.021157219622363756,-0.7920821694618194,0.6726024302241778,0.7762016690940253,-1.330663373965568,-0.5582941932410912,-1.0487298049485323,1.2470143642786973,-0.40926261566982663,-0.49491224328342265,0.1529179515466883,-0.9647966863719946,-0.5953224781048229,0.13248341190362994,0.5797951335560686,-0.6103090660917941,0.16235635184021713,-0.368363627117361,-0.6070864127880782,0.13579095132515134,0.029399905070539682,-0.47585086846809266,0.5099140094033451,-0.1838471807874292,0.024491563633897317,0.03007353763320026
2023-03-24 18:00:00,-0.23409092304077175,0.28445233254727376,0.076260131095041,-0.39353589389498755,0.06426274510611925,-0.9264857359091125,-0.874522621787594,-0.30988641603894346,1.466725095333947,0.9115957508751343,8.416833766730123,11.601183145654778,-0.35704871481130074,0.27050276519317,-2.27554593684299,1.0527835221139346,-1.6207153611536567,-0.5737941845066443,-1.0995721786284112,-0.8851490157691229,-0.8730493488555005,2.5758420812309493,0.43171685062276066,-0.49870225828285913,2.9724455805644108,0.14682743112838625,0.20496333320849508,4.893042262984706,0.19603788343528755,0.39164894742582385,4.288003668578233,0.14481380421814793,0.4450549826260595,6.222383496088213,0.2982733616377927,5.624243688350366,-0.11163339017217966,0.4872139923297185
2023-03-25 00:00:00,0.20598300035596795,0.6169555719117427,0.4119927389702979,-0.47934646879911047,-0.04816716538565267,-1.299623980695476,0.07351697731626015,0.06086560278710435,0.24364683088578415,0.4526463884296725,1.6780710087141042,2.6614332516198003,0.43560400562617657,0.20601764060296027,-0.2597966743564137,1.0169540254159257,-1.7464281109478044,-0.8986904204710927,-1.198500022626005,-0.4848845918906428,-1.2850453160432824,1.212727637593589,-0.16125425789396303,-2.6991720121190776,1.0988033361688907,-0.17940803588414503,-3.4454771716931782,2.1487492389029312,-0.4010784262148457,-3.6863952158066637,1.8499330624297898,-0.17917532765786978,-3.9242379875396574,1.5952229007890757,-1.2774793314547488,3.490003918470207,-0.20338879550982422,-1.37616866353103
2023-03-25 06:00:00,-0.3406109343932183,0.16786154149246413,-0.2141696422523384,-0.7409037313961175,-0.8177990573588948,-1.0270281630906053,0.6251320162147825,-0.3847550987699587,2.0754941776183182,0.400369969821208,-0.6588466574432865,-0.6722478090982935,0.3324568813925242,-0.49518416245557517,0.9015486151883179,0.8645292669406155,-1.7754043106035373,-0.597763817462801,-1.3796206086949847,-0.3470387219235902,-0.9434804086341139,-0.33914140384327535,-1.4428504528364803,-5.81144679392129,-0.3779488326181619,-1.3988258030282708,-9.59300487811588,-0.3771588027500053,-1.5702121169884211,-8.808207745361129,-0.4221165259281777,-1.1341842150648136,-10.126067027356187,-0.003447463401537311,-4.016088111520795,-0.2723220987267253,-0.8898064198046566,-3.9220041809244095
2023-03-25 12:00:00,-0.973158002137679,-0.1030162567200452,-0.7491181315433126,-1.242383914225564,-1.4158773717777227,-1.0636160360277132,-0.12560989746916704,-0.9933845783376886,2.206355361406691,3.228468697816954,-0.37512713636443357,-0.2683091750837277,-0.4527056660857011,-1.1990927869749775,0.3554221839836538,0.9189821207499193,-1.762308166256013,2.46368409018933,-1.7808368399246903,-0.36227994655237494,-0.5290510202032973,-0.23099350904534102,-0.9890747015838377,-3.3116654224894893,0.06468261003678752,-0.8024905998569838,-0.9012806606149198,0.25435311658178805,-0.7905213916245074,-1.0533624000638926,0.38603239357656766,-0.8849151472897243,-1.4249516267635545,0.8595303699194838,-1.7100127985761953,0.22506422549431102,-0.8498675212749253,-2.713656629457471
2023-03-25 18:00:00,-0.9212309552496736,0.052954962816977674,-0.48120699478499407,-1.0412978492567846,-0.9648809147825427,-1.0288443461660273,-0.8561965081205712,-0.9589432986453797,3.265413706685167,2.7990905075490518,8.129111389479698,11.593086163319926,-0.6193636690292122,-0.5286067826172741,-2.4771110481620813,1.1348131064491151,-1.6334359297395207,3.326669278018029,-1.6218725312832083,-1.0818179348494559,-0.6009537802312729,-0.19912773652792695,-1.5098658380966312,-5.900820975266987,0.5693729405955956,-1.5362980565257187,-8.875473995024628,1.0729249377636123,-1.4692295926033558,-7.1089604042812296,1.713697914601743,-1.1218855679084478,-7.021893936610225,1.3986960619420936,-3.4675211665732304,-2.5734951055771793,-0.887839243654016,-3.8560667149268375
2023-03-26 00:00:00,-0.8039340767589671,0.5883849508052188,0.11805614113959195,-1.051334182273968,-0.9786642495716451,-1.0250633004562446,-0.38329545597387854,-0.8325334584445915,1.5301937970713761,-0.16062771006792623,2.0764171320930798,3.2890915535479808,-0.1023095551083753,-0.6657766007061608,-0.43019804825133656,0.7478800073870925,-1.7133552214158843,3.5595520395977984,-1.528745039789944,-0.6928007787221875,-0.7457853285138886,0.1552864456200705,-0.43404821078670847,-1.8976068882050467,0.5463046151673289,-0.50918076578982,-0.6054744302458503,0.8960814480372158,-0.5669310807803026,-1.4986782693251077,0.9644548162341178,-0.5290337860536464,-1.0785439627068036,1.8456001584670154,-0.7708183967961592,-1.8984976441069836,-0.7530993413290644,-1.0884007579208301
2023-03-26 06:00:00,-0.9809086285975949,0.2654073028782432,-0.17043466009036523,-0.8857538801107121,-1.8654477018459334,-0.8148877458662067,0.6672064610575099,-1.033077595535196,-0.5994234282516618,-2.2163277448434275,-0.6716158682375218,-0.6760476579112377,-0.7948226891380817,-1.678736387735782,0.3700782299829535,0.785836515396018,-1.7546345428121601,-0.07083149043778413,-1.393743441061978,0.8403131416684975,-0.2776105611972061,-0.4546968468776611,-0.5585924833268778,-0.309774314405394,-0.5586565080119559,-1.1605127378449838,-3.353768959845369,-0.6590502584453429,-0.6716137850233318,0.13686846796151222,-1.021469083358036,-0.957487839905759,-8.378178550710329,-0.43713602647746347,0.23807363208633145,-0.3083937981147938,-0.7270298099591337,-0.4434661644253696
2023-03-26 12:00:00,-1.3352032323399974,0.031218550792447102,-0.6101911736266385,-1.2696209541166483,-2.5731926948565746,-0.9042819399270303,0.5851783393589349,-1.3261439114032576,-0.5849691134386419,-0.6304399850470124,-0.35113786942297087,-0.2619314334274896,-1.1621676788633737,-2.4120431673071456,0.4998943346434526,0.7294572736955893,-1.8388624995911667,-0.23729285064376499,-1.4825204677499022,0.7448680567000439,-0.20049422882581608,-0.45715561689067713,-1.553531648449459,-2.483032589920078,,,,-0.5298167816294614,-1.585268392971268,-3.6310831371461387,,,,0.3917636540909748,0.02390775168430927,-0.3142960581557285,-0.8674595564130834,-3.2888093633963207
2023-03-26 18:00:00,-0.5418691465963885,0.6148404246583049,0.4042921559546977,-0.4909628900819908,-1.0568215765324915,-0.8501139529025816,0.3631792539506486,-0.6508647412690153,-0.42376966000197275,0.8818649642522185,5.638878170318401,8.259321869459788,-0.2192371537241753,-0.5544938208650226,-1.529102896512362,0.7356550045943554,-1.7836918178129137,-0.06676762075257363,-1.4074259539184208,-1.1378231511405652,-0.40313751801845643,-1.391077082741883,-1.3107381814128665,-5.046684083085993,-0.2601872432244645,-1.350405204245669,-7.2670744485391054,-0.028310266734219654,-1.1133659527271433,-4.266570729983656,,,,-1.210985571426175,-0.21708967376186108,-1.012966730799662,-0.7041948726717531,-1.5356437744635645
2023-03-27 00:00:00,-0.21036227340342198,0.9003204609089591,0.6979942737455237,-0.5527280721055433,-0.771355237612428,-0.9113158732739863,0.7240681405543015,-0.3409004249043325,-0.6150879692337915,0.44859480653384953,1.3235333077561402,2.231684527352922,0.19392650564911354,-0.4143152387521409,-0.05396227201275856,0.6488073886093586,-1.5479981664859945,-1.3316443947314174,-1.2835702336614179,-0.5067390218964426,-0.5223245648487873,0.21845211197022454,-1.0236868876163194,-3.993302877529026,-0.3018557661418314,-0.22765384747572198,-0.6479065278349286,-0.2853627896516785,-0.6155321849809178,-4.03124302580023,-0.9862418717921201,-0.8796316138267535,-7.785894836322954,-0.7086368813316742,-1.858426275181861,0.023082419736723456,-0.5443272199817385,-2.1477406155054477
2023-03-27 06:00:00,-0.31184374617618277,0.5441273922888226,0.34085600086513107,-0.4553087759173319,-0.9768095608281946,-0.8779267230635475,1.0598406606952782,-0.4036297638343483,-0.5745038632885846,-0.3231380835455842,-0.6560619186612058,-0.6695458730771987,0.2112157332709,-0.6900786562822117,0.9096476194092189,0.6615956173119583,-1.4039414130021297,-1.3248381759767138,-1.2385555212059614,0.1875995038101252,-0.14541629176531537,-0.5202683542044072,-0.46200914185607034,-2.719198371910807,-0.7720857679537169,-0.5890605162342736,-0.8451128778782345,-0.6486505201784301,-0.6023290977881126,-3.6956193627184524,0.542456844812567,-0.7516052742567733,-5.848132326214347,-0.4189406814384992,-1.871107916486651,-0.4033122964837808,-0.6072811321897535,-2.5970933916862395
2023-03-27 12:00:00,-0.8025842332656791,-0.8155659850307672,-1.0586203191778514,-0.16249221749679474,-1.266460098336804,-0.5897613262998046,0.17279369248079646,-0.8420524415652586,2.1542579426169346,3.034166087457466,-0.4764855951762621,-0.2904865051542815,-0.14767785126984637,-1.0058633834924657,0.4436508025538476,0.9523209806792656,-1.45706946779778,-0.7055616658907002,-1.3732239723962136,-0.09012357308377615,0.040111453682212785,-0.08144954263740765,-1.0576209403236752,-4.034163561181719,0.0007130461460731628,-0.9587819228989615,-3.8375810112290476,0.177903968255975,-1.1318156273916062,-4.920669582864463,1.5083322189115071,-0.9573633693408571,-5.917391049257472,0.47183044141169117,-2.6437005968130918,1.9814368295043814,-0.8733698390436898,-3.384125098660016
2023-03-27 18:00:00,-1.04328153335065,-1.61061466915983,-1.4098841652753167,1.029474444412507,-0.8827553894851713,0.01734346292748464,-1.2571682084102227,-1.0391639468392444,3.2851664544010934,2.870970969369925,8.208795951915835,11.759686540906845,-0.4825812000810095,-0.4301522553496359,-2.4808891547334486,0.8424537146535993,-1.266959493741504,-0.06860774966149438,-1.201383054887423,-0.930142690730565,0.5873583755589143,0.16783677057141244,-1.3444597768646043,-4.974738333903128,2.57630534329093,-0.9537015355148998,-1.9077564566378167,3.8815120926775246,-1.0365377629050765,-2.443052231299136,2.8917602098319954,-1.0157700062300914,-3.5188014087003583,5.02468320756413,-1.5148107403757642,-1.720334785534209,-0.8398636674165951,-3.4526627840440756
2023-03-28 00:00:00,-1.0938931680498933,-1.304401255157726,-1.2379624910504274,0.6504489890389425,-1.021463115901358,0.4833102062623882,-1.26606537657477,-1.1129048726348383,1.6484096807311388,2.8138333810859777,2.2494910060618114,3.475842866541667,-1.2248903194358562,-1.1542094285415323,-1.5262671360202749,0.5975512736781622,-1.016394098295539,1.801393046237453,-0.7299294034297212,-0.4517851762227732,1.148390560547522,0.2565849445665257,-0.7261566587817988,-1.3121775492185277,0.8494651901911182,-0.9000267128246437,0.10430134272526673,1.8916537813126002,-0.7662125976470802,0.5067936766874769,1.1702053227776317,-0.9529273681141197,0.4062933926516447,2.8398810016830796,0.4077754169037207,-0.12314059318104897,-0.8877346598158284,-3.9207034656020405
2023-03-28 06:00:00,-1.3850641534182253,-0.7647763186838588,-1.2409802901707387,-0.6862352928519323,-2.5566660601133395,0.9129069121625306,0.3160153198744352,-1.353087659164857,-0.0007189573245414267,-0.5327225880991416,-0.6884923035360901,-0.6902589082527353,-1.9994666494769173,-2.7802769946778696,-0.3383781089078551,-0.7284503532398798,-0.5109497277751511,0.3407127772407717,-0.1123958244046033,1.979424924879093,1.7531457660757457,-0.8115214444718949,-0.49869406002533906,0.6736587249171847,-0.8149285314184229,-1.0548453678045004,1.840889332935126,-0.5715613130767906,-0.8582733217868203,1.3637159156030656,-0.38017342864193243,-0.9783868428317428,1.690387106910332,-0.022798316046541596,1.0099625770282812,,,
2023-03-28 12:00:00,-1.503363131326584,-0.8729091537047865,-1.0865516957397103,-0.08219561447116382,-3.031297853130737,0.9092321819653585,0.4378472677287846,-1.4711125469885968,-0.4330828549575984,-0.9903398852528815,-0.2892196193554793,-0.22960737488858632,-1.939782781298946,-3.055449324030416,0.059895113297029505,-0.8554534721004878,-0.3055531865100444,-0.800114519827245,0.20115146374213688,1.4764161911231388,1.714304189282058,-0.6744674114501503,-0.29521114232545786,1.0262873392455019,-0.6906653198421134,-1.1126888108725068,2.4930246439054433,-0.3687629553867157,-0.9867684493759372,1.446600962142386,-0.22095711825056516,-1.000777047460318,1.559958861302495,0.2591902682824571,0.8427177119106062,,,
2023-03-28 18:00:00,-0.8922254223437652,-1.1467099111341423,-0.8225828707298034,1.16959324825869,-0.26237927129155375,0.7060132393014353,-1.9246692902623566,-1.0289059349835643,-0.4495261558683443,0.5936543102671552,10.549718614054502,14.130408700256842,-1.2700410482494628,0.02590645165220555,-3.129222096048627,-0.5929033113526977,-0.14171223700544094,-0.7888282893312261,0.42785596761097333,-1.0925598791822269,1.1157195448398367,1.668542051213001,-0.3906067256770067,0.7872338344608918,1.9788340958868098,-0.7408554483158045,0.8358740815431231,3.0824108103226866,-0.6979822112629106,0.8437405350089828,2.0629785622332593,-0.8144323697258442,0.9221024956599412,1.3933560848863906,0.7309604649688859,0.11752239887862079,-0.8698489460655842,-2.7441172959128353
2023-03-29 00:00:00,-0.268598112489575,-0.5090470099600066,-0.1367796120204079,1.0967059664012602,0.4383332305326427,0.23181324694929178,-1.524374766185971,-0.3645557723841052,-0.13595427292958503,0.1210842657970808,3.3383703640034383,4.892959529740519,-0.2990875531446833,0.156596587396522,-1.508266556641455,-0.8485591186740391,-0.05192243341761016,0.24393075158293534,0.28151116648259644,0.02775023749546964,0.2130706054829824,0.5038842205493971,0.2426424701869971,1.032682773194228,0.9753025960109862,-0.01507747047773545,0.3823489116605821,1.193346659868716,-0.04305053870987745,0.4179678982686005,-0.6782104150048301,-0.14830433959611883,0.5637662858591921,-1.3205673604101849,0.6959570404752624,-2.031102580907047,-0.5780824440630714,0.4795807417965895
2023-03-29 06:00:00,-0.5510700577394917,0.4585750786698484,0.26189470564857675,-0.41700900669621044,-0.7116461244819864,0.23765273688433103,-0.14239935882088994,-0.5804846099732808,0.042621809644995276,-0.4719724380396312,-0.6849851631563822,-0.6953330567307315,-0.7806619412620923,-1.236723224948949,-0.011575488181400485,-0.9066187899978847,0.2117026408547006,-0.09190742303745834,0.28040352306240623,3.5839484764014045,0.27651718852895796,-0.5913798285706204,-0.21773395949768604,1.2540340449875795,-0.8222388555277274,-0.25594172798677634,0.5577369245094667,-1.2548767759473003,-0.12892662162079038,0.49269276393202094,-1.8186341325736184,-0.23844295488615694,0.5644002630832547,-1.8865120773338295,0.5640230972088298,-2.1410715619926233,-0.5719412487063203,0.4856559700213062
2023-03-29 12:00:00,-0.4621418684606733,0.367337386239776,0.26354713560087706,-0.18851130511278882,-0.8048651717273103,0.012384971529379245,0.3178132739886585,-0.49493074333238823,-0.20745109043731033,-0.5663925256778635,-0.290221489402575,-0.18024453651840106,-0.5454314456708438,-1.1715644786535224,0.2271287253273532,-0.9569757262693398,0.35863698082729123,0.9536697140292845,0.22960177529999184,3.788032636295502,0.06585345016941241,-0.5568591313087675,-0.0817127975732194,1.2893016536719526,-0.7817746750887633,-0.058269278158393875,0.6126678999352677,-0.9791407012793738,0.08914180516879162,0.5523738701490647,-1.271825575652041,-0.00383438070624959,0.5196491218117435,-1.1687164135544499,0.47320044879162343,-1.5726669527408221,-0.23103614919311466,0.5281745223171788
2023-03-29 18:00:00,0.3346031112228563,0.13749756679601813,0.48868349355269025,0.8700510631560423,1.0023246521799922,-0.1605383957812758,-1.624057653944926,0.06651762057646757,0.0007189573245414267,0.679190454056109,9.32211205191686,12.532588756332284,-0.2244010957626135,0.9697950278163997,-2.4107107006314537,-0.9402771373942899,0.4638745154329808,-0.7119607638079737,0.31361689548539307,-1.162047524990371,-0.232146383206923,1.6062591337774628,0.9965839440132465,0.883773256104442,2.196951342685323,0.5718498547408332,0.22332663157718552,2.019415894429797,0.3697640317481109,0.29068066960174915,0.642667003257356,0.4043803159845826,0.41808509103422403,-0.5093730671114242,-1.760627697745076,-0.3986584158872795,-0.046051611748175035,0.036650783795171116
2023-03-30 00:00:00,0.30099065207653414,0.06756471854595252,0.2217657517628947,0.4590653396451822,0.9698086176659245,-0.5432795746061243,-1.382194198054425,0.211998461855173,-0.7876465281377693,0.18749266618770638,1.5586788804855898,2.446655044200714,0.1647221594590088,0.4640558982887742,-0.775078787205405,-0.9649628490490608,0.39473143505907154,-1.3719961491171953,0.20705229339405182,-0.10308887259663188,-0.8626449897958571,-0.10545913466764278,0.829838658204768,0.8186492277091765,-0.058677447405176913,0.468569444746216,-0.017176144421967562,-0.3776084713419639,0.396977246370617,0.050514803387724266,-0.6096006605652032,0.43891933203571437,0.16475797115593824,-0.8511793802147255,-0.5810746087241637,-0.7245782179988375,0.16377801038041392,0.30969270729786524
2023-03-30 06:00:00,0.23611634260189163,0.44547113929628274,0.3332505517577554,-0.22875896412664665,0.05545448319316697,-0.8192073302375584,-0.051423715655553495,0.14481362733284128,-0.783881898354179,-0.3157238164935481,-0.6738306521680592,-0.6911717490078743,0.16334638438846683,-0.2836133950632975,0.4679010944144734,-0.9002722218338935,0.2360599179533488,-1.0596844434880888,0.022607948948989563,1.104849230841794,-0.9815866456410354,-0.4243391510549114,0.509569586444015,0.9406665444096531,-0.6102122890375382,0.45467471987796454,0.10954502391781666,-0.9012447780317275,0.5240872153680136,0.1664216213239009,-1.3704203216789679,0.45604466074786465,0.15487502552286078,-0.7870561774323439,0.4405762952872918,-0.8579690879939003,0.358546275606182,0.342775578834502
2023-03-30 12:00:00,0.09107569236431814,0.5829478011103929,0.4561338681592159,-0.2990506476398532,0.1401394174244332,-1.2820918545141213,-0.3894089639838307,0.027839284281013794,-0.4808984093607557,-0.27410236769234103,-0.3600769658718009,-0.2755193067126355,0.13873771864521897,-0.25929255640784254,0.37292778890845757,-0.42203984614648565,-0.1367884557673473,-0.9753437669689532,-0.3927732560739807,1.5216825966244591,-1.4393757817978423,-0.38314434892504223,0.38000438293332417,0.9045636757357662,-0.46382207704946266,0.3322392590467977,0.0277987644344651,-0.5866006124963095,0.40804073496815085,0.11715726001824849,-0.7039397145076755,0.3440386962952757,0.057138639466454734,-0.6330575171958741,0.3707384816209253,-0.3407798032330366,0.3020834169396385,0.33456886364367
2023-03-30 18:00:00,0.13763948880154092,1.1370276848692413,0.8030633848759844,-0.9065407764262952,0.9080111788273906,-1.720492634658835,-1.5041237854250948,0.0911971737335574,1.3867450885792159,-0.9928140892160279,3.948894666668483,5.776181034836601,0.709473021991653,0.6966866990048468,-0.7655067111354542,-0.2500352612466765,-0.37880768077977306,-0.4874434958389592,-0.7555443530156013,-1.829636799073458,-1.995324053276334,2.143898385893626,-0.4266358986138054,-2.9159488898604784,7.521199785777268,0.28643966339347127,-1.6338310422061602,11.873133724925319,0.2612471096496626,-0.9044131907378511,12.862343910709185,0.3541134310616182,-2.2073569178563512,14.209599138813994,-0.6782049543754824,12.014853654799149,-0.06453459806217612,-1.003452695261589
2023-03-31 00:00:00,0.3953685010944482,1.2261483769661488,0.9877279456228772,-0.7226174858024388,0.02070170054206165,-1.683605617133988,0.30987992761044647,0.29129996361083027,2.12828237599617,-0.573271261805606,0.5643692838876203,1.1555574211274877,0.7299404324132795,0.19768811163763444,0.3493346881198193,0.8225264028019598,-0.8173791932037452,-1.7498789715565046,-1.0627062662715676,-0.9871692484724918,-2.0935048982190407,-0.08470855160440727,-0.8468308510094152,-3.904981114560523,0.04793962183939043,-0.3086030642847189,-5.576154255706529,0.15371050245672963,-0.8608250972230819,-6.560077505111453,0.0619974297884441,-0.6038037233254039,-7.9926760788843625,0.4834413610679777,-3.075016624396486,0.03811854310811487,-0.7253544211173681,-3.6231667438015793
2023-03-31 06:00:00,0.10876704757161569,1.146363808818864,1.0591043752547211,-0.3699654208856239,-0.17129339374751296,-1.61098091378588,0.4417583513650828,0.13374077130678488,1.463488367500856,-0.3231118568461762,-0.6610494865172235,-0.6723101608974523,0.5589876408208153,-0.139647480299049,0.8921307729025079,1.045298473664817,-1.2094753802839864,-0.664695003880332,-1.4269737732555525,-0.4073859595687876,-1.3918236232287475,-0.3120435077461401,-1.0637436974381485,-4.401462226184175,-0.11239926151731673,-0.5347597346735021,-6.387531828351825,-0.31301173266088284,-1.0186613852458517,-6.95073098432593,0.03626379971572559,-0.7330787866053091,-8.515526724349533,0.3312674490958683,-3.066249061603683,-0.30910963547845044,-0.8123022751030642,-3.8678330220917587
2023-03-31 12:00:00,-0.32226699780533097,0.20205222271604828,0.08311546145614719,-0.1754502751510074,-0.5221203435500978,-1.0423317996335462,0.5467574859341762,-0.1767174093285587,3.9858405159592367,0.4981995031839471,-0.5465340997806527,-0.5011500410769808,0.2591985190769346,-0.4380216324881401,0.6959468056175315,0.7906222240350634,-1.5119538643841393,-0.44253526058519405,-1.576958174362093,-0.5008352602585463,-1.1970003055810363,-0.23727706944180918,-1.3018585040225614,-5.242676525706297,0.2841121530637422,-1.0726751951744922,-7.571422606100103,0.7287517432160554,-1.116312053892885,-6.466852397371216,0.43923733866825265,-0.9654770752209411,-8.33233260644477,0.08289207579891536,-3.7619167097573207,0.47276190947725855,-0.8293608783075486,-3.6085608706928776
2023-03-31 18:00:00,0.10497509394465916,-0.3388882231792625,-0.30109650742120864,0.3181710218330276,-0.34205951049159905,-0.6536543376373993,0.5542513396566608,0.006384723568723994,3.6342376000361667,0.9543035366199533,2.5822037686355643,4.1819753558985955,0.5971707984445481,-0.06744071145047154,-0.4041541109629028,0.9793153677810289,-1.156051844518849,0.06835401644486062,-1.030653080682875,-1.1475017791234357,-0.6996238509565245,,,,-0.36946637350051864,-1.5344224546168221,-11.305946256030733,-0.538301319654531,-1.6482661934941758,-9.743850958593518,-0.6091720084055763,-1.199020870424023,-11.220591650746984,-0.4229356411570612,-4.457135805894106,,,
2023-04-01 00:00:00,0.25773116369935567,-0.18344018164991704,0.052592151353428394,0.7080166995897748,-0.09164529993844318,-0.044824284229584656,0.4286408774193231,0.21947334661047788,2.7346213214494473,1.840924683775251,0.7683872823134884,1.4426299178602102,0.6240775389167974,0.08210951654162259,0.25367562101247354,0.9625821583485823,-0.6446359604495558,0.9604600428565232,-0.45014176535188594,-0.5449379704750759,-0.11662795808023521,-0.2809415695898257,-1.091566564536792,-5.298746552361375,0.2913562463738073,-0.45854588771211463,-6.345955709139642,0.3706349212393911,-0.85207188111029,-6.478735266931185,0.2581848735722103,-0.8191973547625719,-9.00645850945211,0.858518740660568,-3.475582154759995,-0.11567382704843861,-0.7113999276508381,-3.6746491273950146
2023-04-01 06:00:00,0.11245822917511941,0.3667169406230343,0.3085711402566573,-0.08858031796926057,-0.06813683379913325,0.4210480919671974,0.13183919382664452,0.09955010429751736,1.6931120248966114,0.38552102199216365,-0.6631430259758497,-0.6763240718572561,0.5443640949125371,-0.02339062197040498,0.7669084283793436,0.500160819905319,-0.1696101334522362,0.38511920718037007,0.016347171329011357,0.3877265504282009,0.6767659073848302,-0.16510858463232164,0.37686310338213547,-1.542649224945947,0.10074960117767515,0.6348363321812869,0.1836496001345994,0.0848047480057452,0.4282117745322323,-0.7868552419155653,0.0852918822340259,0.49949701097383253,-0.6283558837328717,1.7364351868257917,-0.6577767086867673,1.0770011462377256,0.2980442346580012,-0.6041650105327601
2023-04-01 12:00:00,-0.06295252708737599,0.3992449060131916,0.16924574423593078,-0.4732575210576161,-0.6763956272420416,0.5868381186247593,0.9457580039889764,-0.1439781813396651,-0.6237694713758154,-0.3548955310256493,-0.28827468415084573,-0.14051180950405898,-0.062487976801279814,-0.589749668759478,0.31869908327001756,0.017507407619878863,0.13727416288765718,0.31577722539905656,0.31546346337963793,1.4161061595618758,0.82922055753227,-0.5678800176575085,0.360057174833353,0.04482401954366726,-0.7223050351456097,0.6013985346820269,0.7653670048103627,-0.7627186650254135,0.7414942181591199,0.6534842120914148,-0.4975672714668181,0.6508628997095,0.7503276217494442,-0.28507306283680584,0.5705352900413901,-0.28462503190950633,0.7368448554923864,0.5832653502158742
2023-04-01 18:00:00,0.2971351777499833,0.3532253402886091,0.3514609666617822,0.03841166913848217,0.4419173840713621,0.6096502158581456,-0.5493212551143699,0.28276207244685075,-0.2472719225663074,0.5663702553265678,10.733777385796667,14.616696881437594,-0.8608948939611438,0.7459847675403372,-3.6205366646914494,-0.239193710325762,0.3270265006359142,-0.2962151413463105,0.5545324783958276,-1.229425060204971,0.47200424036054456,0.7302624284139125,1.2200001919017596,0.6237998489626165,1.229699468956928,0.8996677712739052,0.4693718635507744,1.9908672783262373,0.8580311941381427,0.5425076728871656,1.2601024563231005,0.8933168076106229,0.6299587485242313,0.2590890253508115,-0.4235350442920812,-0.37297265344051117,0.6264548343055953,0.5291290507475945
2023-04-02 00:00:00,0.5610619387813627,0.3155633228159293,0.48260946079824574,0.41787255314710475,0.6998139164454565,0.20089128960993508,-0.671880256274894,0.48821406611007423,-0.1460821048732363,0.29416227281811014,3.369396781245317,4.844270033398861,-0.5874096704307844,0.6515583085987906,-2.231113743387265,-0.6154744888681741,0.14186549174467913,-0.23361429856680488,0.3927595531486472,-0.37547970524586843,-0.19712872147637092,0.37323993179354187,1.0783602028340913,0.8694714166503329,0.7755752862148523,0.791266728635763,0.13072584789936542,0.9401303802214913,0.6947474991184646,0.19440186606842522,-0.2884182936491517,0.7320302172294366,0.3462390934635837,-0.28268088360321564,0.4197411245018666,-2.0021322142122484,0.5539928866745998,0.37777542551530324
2023-04-02 06:00:00,-0.19136796787075902,0.16137581051168653,0.27817703856523845,0.35112510079547365,-0.1947952000122054,0.06099838759508939,-0.35354273968212613,-0.24663082788225033,-0.03175430122877098,-0.8388433831039511,-0.6937070642740559,-0.6922560805029591,-0.8960822065752768,-0.9067083307319359,-0.5005325042445112,-0.6757609603447646,0.15350845576007727,-0.47335461352289143,0.31341895524282976,1.5034774201852528,-0.14856919685234823,-0.6420340623253729,0.15361395193686073,1.0148989939213904,-0.9668235069746633,0.1365657253078733,0.2484476066279104,-1.0340184585593204,0.24097111236199859,0.2531490013422906,-1.429413455091563,0.18463595522001577,0.28062734095243946,-0.43577136660079174,0.4548233907121512,-1.210060765586824,0.07881856704449954,0.3896428434042712
2023-04-02 12:00:00,-0.3900022988842012,0.1803062903465903,0.34191251432828346,0.4437608354704875,-0.01786944264198677,-0.27619053010952815,-0.9150549771597651,-0.37599559567657437,0.45897079035986366,-0.43577175382272726,-0.31102502682230826,-0.18718174992885608,-0.9017266178873616,-0.8304176167534635,-0.6215689260053752,-0.9185563255005526,0.12122400997639222,-0.6491687118089309,0.11912453495428006,1.0528203761805501,-0.6332764683236448,-0.6025282255666171,-0.036839679354252544,1.0138283202010394,-0.869895926159898,-0.07320434298378685,0.2111852579624644,-1.0483619983872794,0.04336599643915881,0.2575785826446496,-1.4966194500102017,-0.025198411735793937,0.21708176961979725,-0.7367358689394339,0.315216546187344,-1.9129203375719022,-0.19634926635792546,0.38703015672840635
2023-04-02 18:00:00,-0.05872249544861043,0.34418162492851695,0.44028386839047623,0.2548288316156381,1.1930328941209103,-0.35943914597443755,-1.7819279446984753,0.12200821134647236,3.8674445746593578,0.07110418095892031,10.747041384701522,13.72515958706863,-0.5177669873640685,1.088961800288717,-1.9960455793225504,-0.911950968874878,0.21317304710817184,0.35445420971154185,0.14582256896647477,-1.3187754733472088,-0.7732512749655894,4.678970157783808,-0.010520289112257145,-0.6563533201425514,8.111790660911572,0.1463608871125623,-0.785922588361389,11.836036481905612,0.04660065506543928,-0.6156869873389325,11.249435705510141,0.12354406925123418,-1.2348248599333471,12.22016184820289,-0.6293397738053815,10.230549361432814,-0.2587861502596335,-0.46964263584407134
2023-04-03 00:00:00,0.2185665985667106,0.5045135734127829,0.48165871686574085,-0.04993734302282787,1.2954517194446806,-0.6947031954231214,-1.7179609369321984,0.28217353095296827,2.2657352163329416,-0.5079167232576486,2.983220209581165,4.045328288528086,-0.2780054998162144,0.954880179435083,-1.5637057014159654,-0.6116631959061839,0.1521889804045633,-0.3644257200417756,0.051411022067266984,-0.4840642997477149,-1.2719241747647896,5.361271812571668,0.5310853591628035,0.14299026734301684,7.190589327928193,0.4180199919664594,-0.5100916124280909,7.9545300197643005,0.15877216543825645,-1.2234927895615209,9.291409325416907,0.35508042736893364,-1.109915259548346,10.50156576524716,-0.4738979175609492,11.281776800931933,0.1343476197264101,-0.2898746646909405
2023-04-03 06:00:00,0.003236643460702788,0.697626288657905,0.5190536345086234,-0.4442011322249199,1.1341876193992202,-0.9257243688944549,-1.8356641763467152,0.018591165321469868,2.173136524188413,-1.36813928480729,-0.690019741969126,-0.6987307700991663,0.32512880814481254,0.48786381493061215,-0.03135291696720562,-0.7990566644710257,0.10737783534868846,-0.4624495534328854,-0.08054631443387361,1.6342842304450051,-1.2301360290073122,4.1160690800496225,0.36989651154958614,0.5972147453540262,4.74065352751911,0.18383969589579624,-0.3081380120252496,7.238220135342737,0.19995631467252695,-0.10137115474647984,7.49451178217977,0.21895700837846374,-0.1934607377547331,10.011926465807305,0.3473763886622665,10.256418248413413,0.010958250284838161,0.18470002119700046
2023-04-03 12:00:00,0.2910544694232442,0.8022394619498816,0.7112717325390214,-0.28195577321694937,0.9077392126716035,-1.3964003382201144,-1.2381292201009955,0.3199269185407099,0.6539720037915531,-0.5850459298188924,-0.5290725008993163,-0.49177871558284064,0.6477951677326234,0.5068709399506308,0.3996427275068827,-0.9028848994461378,-0.032416660671238474,0.1309868097664267,-0.39689600984384676,0.5727920680953041,-1.5715361976982563,3.0425227789470815,0.7361100333264576,0.626817308004867,3.2226012313103753,0.5959396473966166,-0.2961904712650665,4.608757434466385,0.5931989177165531,-0.08770343016090348,4.73158740962181,0.5973781214078233,-0.11865412214471435,6.822281068417944,0.2184420446380263,6.663205180563359,0.5019593540072975,0.18803602435671762
2023-04-03 18:00:00,0.272661183335679,0.7056178972884876,0.3482674912975342,-0.8371588273701953,1.1982363400479452,-1.7864583333979156,-1.6237891275679677,0.27490782408492054,4.151632624192673,-1.4479181672108878,3.8202502646887204,5.297100971376056,0.78357598910022,0.9263303353732466,-0.36156229842796045,-0.8711331814754091,-0.08092190451639084,-0.5391032774134283,-0.5313333106476272,-1.5948405537373354,-2.0775914566469864,2.964938001526536,1.1979437796037882,0.6073559825585741,3.93202593849026,0.9116961357623371,-0.3169740683332854,5.459548115243794,0.731735492878462,-0.09508435404895046,5.070001771317577,0.6851196833299238,-0.1321357390835056,7.373643565234629,0.31529361339053663,7.0046245833147855,0.5148875500892094,0.24250855878093633
2023-04-04 00:00:00,0.5643335367633197,0.9711060433442001,0.48484077507986983,-1.193058303196362,1.3277477058484481,-2.4275533192245478,-1.462270457404098,0.5653503708268713,2.707988825143045,-1.356993852156955,1.3092980900404294,1.9535618564637052,0.8807752162311173,0.9767407977403012,0.06031719271378737,-0.4867133818721464,-0.3259342801310276,-1.6602641540989487,-0.7973177124314362,-0.5784648709500144,-2.876655611471555,5.843429005332186,1.0139371007349758,-0.015325908154323966,7.793407627462407,0.9898705315530946,-0.6507484351611951,11.165204244654076,0.827034517587497,-0.5370631223315582,10.09477925155703,0.8370758465495572,-1.6923083047113745,13.694524191450553,-0.3805307068070551,11.761360776281741,0.36364315643944983,-0.958339897543461
2023-04-04 06:00:00,0.6788723790466884,1.9264676497658295,1.4320692783390776,-1.477666953498451,0.6035674769854488,-2.7342170381558857,-0.22282121794316564,0.6389189189525238,3.0533423227504035,-0.9205560681613026,-0.6693957532772045,-0.6904049774006004,0.9903627631265536,0.5832220492632982,0.8525932744682968,0.630352149647563,-0.7167718031548759,-0.9083478593699417,-1.3652199254624158,-0.4901918655727637,-3.1269435585558396,2.438553426152378,-0.2937189166602586,-2.8871243583798814,2.62310464010077,-0.12546179950225927,-5.102716191258709,3.7708180662959943,-0.14602921468957716,-4.019006543984977,3.4034061696263764,-0.31138012995205583,-6.577208233505126,5.967137390470917,-2.771719131932093,5.489318592279535,-0.40989532447291344,-2.812793377405094
2023-04-04 12:00:00,-0.3613918955093603,1.9206736887822131,1.181120792333454,-2.011843308073708,-0.42623570622483925,-2.902905554012967,-0.323830973238856,-0.41672894974484126,1.9329307872454025,-0.6240267571687813,-0.3179945632320353,-0.20962458803627318,0.06393586661423173,-0.3667709646016908,0.34449416019743667,0.7454352775298341,-1.1555024774592146,-0.3768483763236348,-2.102049270862663,-0.7619549361468917,-2.9432070648976825,-0.23027043099515543,-1.039894051031916,-3.3879716479402884,0.7592455951020681,-0.6550543719247779,-3.4835676986345754,1.0700061939526955,-0.7735323167965718,-4.212614326963427,1.1809530248914692,-0.5689159611435594,-3.7375126512048125,2.3978319096613787,-1.9917364877720276,0.5044570911065352,-0.7712293671335685,-2.7500805488736586
2023-04-04 18:00:00,-0.32089745722987906,-0.1984532711145586,-0.7664712549845376,-1.0450729243204169,-0.5440438343109566,-2.6073782789745787,-0.045704106910776185,-0.423146016016725,1.010384682768975,-0.39550674999665886,4.03118354628168,6.083100704160506,0.3002121551159499,-0.13862221407390324,-0.9055201691140389,0.9672270660027733,-1.425002609957341,-0.36453016719208925,-2.3289628349449676,-1.284765487620475,-2.529603605745925,0.38185462903325906,-1.1509518547182873,-3.8988736614526425,1.092600833082429,-0.8518536839393179,-5.121043368451511,1.318493820669979,-0.9528454716923971,-5.193671571789197,0.8144663383731937,-0.867950640418375,-7.43727692093653,0.8935394128375913,-3.4163902238921873,5.850988207086287,-0.8241763374116309,-3.0331530963886326
2023-04-05 00:00:00,-0.2414070055672984,-1.5277077895678377,-2.06415333422092,-0.6048080463043145,-0.6655311633307578,-2.0521061952582884,0.34153915855988015,-0.38037093656142823,1.1102813994935605,0.3052584619138684,1.2637090535462143,2.1486657120909647,0.33604620038025657,-0.28996389238474957,0.047027896100511384,0.9781684610722701,-1.6136524436413553,-0.9994804278081125,-2.082680618209945,-0.6108480445490282,-1.866801443675417,-0.053542389318346824,-0.8716520910890212,-3.2321563233826023,0.09029716020623411,-0.6546542917712743,-5.0395179740715585,0.003134414228144412,-1.119432298326884,-6.611258323842304,0.16192640158777472,-0.7148132336622979,-6.480974091306929,-0.06316884744612936,-3.037764663069126,-0.2357717756842318,-0.7998712051944347,-3.3526467712074988
2023-04-05 06:00:00,-0.6681227490694329,-1.8828333868336864,-2.0790761211824984,0.23790516945231371,-1.045752623952469,-1.3972423459674828,0.11322785739163005,-0.7237350235418148,1.530785354955577,2.643649538313247,-0.6805688044027108,-0.6787989988978907,-0.6127057359196473,-1.0648065835802136,0.05125036968562284,0.8660824944613756,-1.7054626561433084,0.4132234276249322,-1.7946100647725027,-0.3581235279081578,-0.9705823105468149,-0.485731148384411,-0.36862575786566715,0.7660229314134337,-0.4863261842530809,-0.386462567975808,0.2959371700332564,-0.45951470835070307,-0.3604458772436987,-0.1398572740732327,-0.23304797573490843,-0.5079804207220919,0.18572864892733484,-0.045262054340623886,-0.2542295308257574,0.20100086480393278,-0.8000892949005758,-1.6321116273968823
2023-04-05 12:00:00,-0.8907257986798212,-2.195904933603479,-2.399890777359872,0.3084234996111353,-1.4195892415587767,-0.8970630789971004,0.21221818674446147,-0.916769228474994,0.28727184289502333,-1.3753051466651998,-0.24353448707681766,-0.08495989870065798,-0.9168167628689526,-1.4971316477054506,-0.059639905896057645,0.8786761606747857,-1.6716548277608103,-0.04755220307501846,-1.5874930409056358,-0.2775590180066142,-0.22109966874911616,-0.5492506285118489,-0.5295537118167355,1.4866966895759492,-0.6810141939981265,-0.5306611753740583,0.9705428370685364,-0.6592776322787043,-0.39726316716953813,0.6827438660017624,-0.6526898093093392,-0.599403747946503,0.9451741509417944,-0.7735518826849558,0.37981650096000347,-0.512729882268316,-0.8729440479529322,-1.9795595810735107
2023-04-05 18:00:00,-0.8009531320107015,-2.680678615188661,-2.458928586346032,1.3742833405038302,-0.38733549627835756,-0.49187740967184557,-1.3165414327266005,-0.8120577196273379,1.8074812597635457,1.5777418219224235,11.867599694598413,16.08122221294494,-0.8837034981735452,0.20660594111091599,-3.2345486975331403,0.7804281466308295,-1.3749104984350558,-1.0251262813946713,-1.1900022408162294,-1.0229170620205663,-0.05187356325900018,3.1804620323734833,-0.5239904314545243,0.8005325199570075,3.78642350888034,-0.6783678769836187,0.535613309886176,5.639052442332065,-0.5753331549713171,0.6255419239700231,5.651796718264327,-0.7468299104753542,0.6546620258523195,9.932764937520565,0.3942713994098203,0.4499886512159664,-0.8688895458548721,-1.7097437839299607
2023-04-06 00:00:00,-0.7340234429465272,-2.1614104692497143,-1.8809853651818096,1.357487860285503,-0.5747042819027026,-0.21382331440716382,-1.0516456889784827,-0.8144447232650158,1.5731245891070005,2.4130820807780275,2.6413503110157146,3.9085170411045986,-0.762112903700206,-0.5013648921383077,-1.378428055259393,0.7002288739887175,-1.1280482963828302,-0.7516379099513878,-0.8649364643995368,-0.4683815094829786,0.10894194021412366,0.4873508876509634,-0.5552001816348249,0.5842021280699795,0.9364280457777779,-0.5498961335114678,0.34051498369993655,1.7841432456441615,-0.4849434234144795,0.312723226393022,1.619394142172136,-0.645792507866266,0.4429611663094475,2.566779144178955,0.23704783500411128,-0.04846161172543454,-0.869144665098099,-2.2272709275750935
2023-04-06 06:00:00,-1.095855767943038,-2.2302862504536773,-2.18343517987339,0.8662399287272478,-1.7127560652360756,0.26146400964537486,0.1327250249747382,-1.0770689619911098,-0.3037039189102248,-1.4874409518260954,-0.6857001218459347,-0.6820773390145476,-1.4306288953390451,-1.9250180750543584,-0.3240502928768972,0.6582197113548279,-0.8606693384932032,1.827342934849691,-0.6085384180026626,0.8108953195300284,0.8307429587691277,-0.7311425134373897,-0.7664167126006939,1.7097765793875261,-0.8397771738803773,-0.7419799952217586,1.4659395468130045,-0.8214331589776002,-0.5551471099330366,1.1432933536860954,-0.7157203497738663,-0.7859802056443748,1.3450946903329788,-0.8779124667577294,0.8195893698625617,-0.35889471940807377,-0.8964636135603693,-4.053655271869191
2023-04-06 12:00:00,-1.3510064086498295,-2.5068858518350114,-2.390804229288034,1.0948004965559257,-2.398540887746721,0.48722356040097503,0.4974743304887434,-1.2871926259784683,-0.4370622676378947,-1.1815580189941965,-0.18769257211724022,-0.096478116229645,-1.863230492717317,-2.586414722869376,-0.2720912370902169,0.43060777893682384,-0.621933854969504,1.3582481749178177,-0.22466825627617606,0.7383698406367313,1.236182897621748,-0.6867702159681809,-0.5541990455250784,3.4866555058596487,-0.7201200683626766,-0.943205573875889,5.179522392401693,-0.47805154388609206,-0.7252679557420237,1.2696653965126168,-0.010378944997619178,-1.0326541916758356,1.3424753537962075,0.1495498446216646,0.7740217418423775,,,
2023-04-06 18:00:00,-0.6969007903255497,-1.7013157823181673,-1.7892056479978116,0.4240164716940581,-0.301451065082124,0.798779450588807,-1.2659372796397423,-0.7425830736074107,-0.18065627850270208,0.5527199031393755,11.215551609316677,14.711971313722152,-1.4373509713146597,0.14612648054205707,-3.076601564127817,0.17757855969930245,-0.31345676387148846,-0.502240584460285,0.2755470011646082,-0.9945752831115588,1.109701414884789,1.9031681762734642,-0.11934687432101293,1.2174704345626224,2.1373578167070675,-0.2883920442952454,0.7633512645658717,3.1720703322875465,-0.21505369357804974,0.782116908340403,2.507015939169117,-0.36842481716601305,0.8973340257582405,2.3215991390301327,0.6589914439662685,1.647216018009277,-0.7755211396707896,-0.8318325991235063
2023-04-07 00:00:00,-0.4256661491681449,-1.391003611449538,-1.376882589012986,0.560294682527786,0.1908605346670663,0.748558289126481,-1.6106118105622875,-0.5983023589427044,-0.6985707907150148,1.2750804134808267,3.435042766530905,4.877388959264165,-1.1668392900807363,-0.10084462648824755,-2.2839419256119724,0.3672015380183148,-0.12960147005902292,-0.9693868610171168,0.5025186200148775,0.05300397186946536,0.7357492447409498,0.2797790235553516,0.09241589472223574,1.075123526214025,0.4120496182015705,-0.176970731396204,0.5019833738790291,0.8990413594793675,-0.2389814793117728,0.4907044281223794,0.6466703130096902,-0.3074480550845023,0.746008551482398,0.04938813132388738,0.6093200277816654,-0.09392961860854725,-0.7453524650303716,-0.2655720789769869
2023-04-07 06:00:00,-0.9375597307449386,-0.9496713414458633,-1.5570023578654204,-0.9211771142181808,-1.2167254599026933,0.9757896936564663,-0.35061455831474053,-0.9481788422013877,-0.34807681883732716,0.2957965984946557,-0.6919270643604036,-0.6953294504428944,-1.4030925308662647,-1.7867017832880927,-0.403357716361329,0.7260804038429507,0.0010908588838333855,-0.9410382546498306,0.6633474083256539,5.307686408521596,1.0962227632260724,-0.7448656568129677,-0.5384251845399813,1.4990332814078762,-0.855658409872649,-0.5495399239036372,1.086733389497382,-1.0025955960629331,-0.40240475607815596,0.8619030363933091,-0.6650075683984658,-0.5984020698347716,0.97188387748594,-0.4125078197830016,0.6651615022712961,-0.22228112013303747,-0.8679736227077547,-1.1559663179107809
2023-04-07 12:00:00,-0.9540817603046295,-0.9473358954802572,-1.4848352632653128,-0.7692096611647943,-1.3311302324932095,0.9148445932629359,-0.06565616877563428,-0.9380212124808383,-0.3695968231037973,-0.9638908609262617,-0.24474649451971056,-0.12030747450852923,-1.2514765692888465,-1.8130538350579104,-0.1902259591782374,0.6071450309389459,-0.07038236233772961,-0.613963897030086,0.6323320326631611,2.8385628633002096,1.1139752397904212,-0.6342394088433195,-0.5484561960677977,1.52329537578448,-0.7517261806238247,-0.5707520215558866,1.0647292192463331,-0.7958491017599358,-0.40277278903378316,0.8690209143163417,-0.6868098729850631,-0.5806199113885504,0.9039798734228337,-0.3984272533640017,0.5969427813517936,-0.33679174325448075,-0.8859512264871576,-0.485879531685275
2023-04-07 18:00:00,-0.26676484826479346,-0.7475113758249012,-0.838444081370091,0.1509677144669599,1.1004408019085898,0.8045128297728102,-2.1841168819056263,-0.3479454407218677,-0.29602130728450393,0.10743899214450413,10.625616203342036,13.37197622744447,-0.4570043658929478,0.9543390288004954,-1.4643354161774873,0.0,0.01118148560111643,-0.4187000294463412,0.6963637440465588,-1.0271216341679572,0.7999961966271909,1.592788785303651,0.5603686122497912,0.9353856280484235,1.96912610982828,0.02335032659658868,0.3075995774340233,2.0989318353452426,-0.17169013333038027,0.3788345771494765,1.1782462851706412,-0.13105745910753416,0.5290158214259674,-0.6150422149966732,-3.5928895099834732,0.5578363341444276,-0.7096192457802208,-1.7185196600018873
2023-04-08 00:00:00,0.2468251790828546,0.13199137095023628,0.15983713491748403,0.16491662653171504,1.392799163647111,0.5004604545390154,-1.8240399089989567,0.20827293195622723,0.3738292565956219,-0.44151655455585537,3.160301321029226,3.6670797212418376,0.26889335223348704,1.1228459973865135,0.017978954606617605,-1.0173623161776193,0.19178928009649776,-0.746779392883978,0.6329530222574956,0.13313193132323678,0.2730316826277702,1.9442188509758311,0.9757950645225215,0.766757808573621,2.484739091663278,0.6080468080447327,0.02493720780536792,3.1290318433327,0.4518275124083583,0.08903616493291965,3.451810341278124,0.49052859131730137,0.26642575622367254,2.908022608509165,-0.33684356819782324,4.286925029765345,0.17428084737242266,0.33282000553956337
2023-04-08 06:00:00,0.23111189761084797,-0.06085807843838352,-0.16850267671976732,-0.07733971289353542,0.12299266012425927,0.568514601426598,-0.06579928478385604,0.20998237934408565,-0.46070031951295104,-1.1821138039092096,-0.6883118518877974,-0.6788234832643533,-0.3005800466560224,-0.10886055049638589,-0.39939312987292497,-1.0363310849424987,0.33773125293094525,-0.6881273239555742,0.6610158769350373,4.089430885180355,0.5150827489090696,-0.47526155904330986,0.6336618916943576,1.069202441447404,-0.5665127726659862,0.6587624094889386,0.4318560530150041,-0.6209419291321304,0.7262898809700201,0.38836752848856987,-0.6056770922356666,0.6892576501573352,0.45963513580654786,-0.4529908012188906,0.5521496143246851,-0.17859556512203104,0.7075616398846492,0.44400538016483404
2023-04-08 12:00:00,0.17704828096978814,0.08122822962689324,-0.02771822239196844,-0.1198698105145354,-0.007421750191403479,0.5235170494322644,0.12003128077499729,0.16119307643653777,-0.8540925470864432,-0.7327647234028082,-0.20966183227490534,-0.16722722575873705,-0.0005201634470673205,-0.23096673572270313,0.27677025848872683,-0.6053510903605959,0.2320457225370115,-0.7464857010255969,0.5948926017880736,1.2196231565644502,0.5511834525674765,-0.4318324025117122,0.6178081198541294,1.0879255008105737,-0.5382020145178759,0.6123038146216637,0.40311870024228075,-0.5476924541100782,0.6886906603836958,0.42465336085662564,-0.5205542827044434,0.6510412466037562,0.40371564674331595,-0.4563953933193523,0.48642073574489714,-0.40740581969564604,0.5984869583125787,0.3954379206451354
2023-04-08 18:00:00,0.5964584043606829,0.94551987742901,0.6961959592225782,-0.6680676569190063,1.2272291071063033,0.6430115550889094,-1.3069158685357118,0.6021994607308493,1.0126567304843297,0.3939809304274132,5.8073543861058825,6.4779919743776055,0.7698897248982582,1.1619696009034761,1.4844932869568166,0.016559756484496087,0.26297444873189435,-0.2665831186087857,0.6606051825846541,-1.1301550175471047,0.47907532806888403,3.9102133107940635,1.3051727188296443,0.6453599869862903,3.960061454602485,1.0727541993243837,-0.00206678795094546,5.3125909808382525,0.9902915984694812,0.1781541555359342,5.3625369805803,1.1030799062055123,0.211383666057496,6.634631307722922,-0.2894891834005813,6.360310973232971,0.9018241695479614,0.24750449634787888
2023-04-09 00:00:00,0.6659085784640373,0.4119529820065269,0.13368951909193189,-0.5822903798294793,1.222195944290347,0.653308835463595,-1.120495004584363,0.743489234820687,0.5329663429691864,-0.3193202640101819,2.5154095404491588,2.668928877938749,0.5414404265616851,1.095352326618311,0.737852714984191,0.40025875123607113,0.34835723015425074,1.427448641176429,0.6699428207841757,-0.2930716452400017,0.3428247595301641,3.9556960495264293,1.3475819144576886,0.7158411264580115,4.433401141216408,1.1452951279525216,-0.04513878905396142,6.289323671493503,1.0282140353262759,-0.0851091918113743,6.537863505623954,1.1422608546160369,0.15598250656166168,7.977998957192777,0.029498612126050597,8.678058682618648,1.1367628525463493,0.32145598850670637
2023-04-09 06:00:00,0.6052405788823298,0.5886529318760979,0.06782069636969494,-1.1617862031177586,0.2137223778184329,0.9678011414123573,0.4325684331870332,0.6193587965219047,-0.4005124178569634,-0.5415994961231336,-0.6927180850626964,-0.6810065361345057,-0.41415555893011363,-0.12044520687824252,-0.554680376307917,0.25111314013616354,0.39939312190177667,2.1313730906027035,0.8038926410781074,2.4818557749151307,0.8500427246214404,-0.7016233904050097,1.0752735475878425,1.031760699864281,-0.7443711911024451,1.1732524646781255,0.35786351573504305,-0.6271311843763157,1.2766523963506016,0.34956628692796343,-0.42230373265608556,1.3039484950436442,0.42297041784140954,-0.2546894856991347,0.5398243619725092,-0.30298954479207635,1.5599611120993697,0.42507411697744824
2023-04-09 12:00:00,-0.03893571744197236,0.49909308026559746,-0.15634452062387674,-1.4309572347748145,-0.3228466024525885,1.137964862726754,0.3138118005470547,-0.07641300013462007,-0.7630946602195149,-1.3321629365434573,-0.24176365354180168,-0.21170549983773884,-0.7440823129587918,-0.7176671826518483,-0.3241971250414459,-0.21405941905946524,0.5704755707697969,0.14848680623383492,0.8918546215794747,3.537616028770312,1.1861996834474984,-0.7302770770638831,0.48948182189806144,1.1782332036645728,-0.7934502989002876,0.5803204909452925,0.5293698627843266,-0.5792248195589824,0.7183206581970057,0.4977603180508061,-0.4093540986263178,0.6956135576839122,0.49501842856624545,-0.245935395617678,0.48500838464732965,-0.30947472472957127,0.731841209094666,0.48810270731016625
2023-04-09 18:00:00,0.5186540939725538,0.7942106595503727,0.23737155677315566,-1.297893068668296,1.4692605402620353,1.409808477188135,-1.6278357229526306,0.5283604350998079,2.0162837774734124,2.3386614195379565,10.768307564920946,10.285723538732423,-0.04808034251769148,1.2914722523055682,4.029101237949357,-0.56691696240734,0.8857810863582084,0.4391638108091911,1.1922116710062018,-0.730471578053345,1.2758542983743315,5.144169698042732,1.5709229455782348,0.8290184540576666,4.89586088379933,1.2323910032394396,0.12919360387487958,6.7323348319274,1.0056338628020054,0.25091948415667176,5.968255767696792,1.087698307871674,0.31134311807055565,1.6729161429952284,-3.144170565565727,6.170987080056021,0.7560300539419613,0.33036685637676483
2023-04-10 00:00:00,0.8036425546805854,0.8631311150812432,0.3059746412343712,-1.317836246700562,1.2834930609303925,1.5347950488401627,-1.077254370631549,0.8914885739384489,1.2181986832156162,0.38103591271633386,3.436753098493141,3.3258381100133243,-0.32359485290969503,1.0177868839612547,0.3738130931135118,-0.9048263822493603,1.148420868435095,1.6112286521042827,1.359937975638016,0.20936979900176847,1.13316426706008,6.782078785825104,1.4950467713126974,0.8166886866369681,6.33091508688514,1.2354268790224392,0.12357546145896316,6.867713193901086,1.024328485904737,0.17427417124876193,5.7579626190520585,1.0917859724272916,0.2568660685948469,6.969833729087174,0.5932027417888015,6.311901435708489,0.8924047996832788,0.2974184467675122
2023-04-10 06:00:00,0.17357909444521058,0.40564289382173596,0.001961763306250944,-0.8546330869873942,0.13427176113680755,1.8301977507721512,-0.06507038081099567,0.2341781850609284,-0.3132654283962282,0.3119477672792711,-0.7016801570697093,-0.6828957578966334,-0.750006744400388,-0.25875689433146837,-0.9190483957285149,-0.8655092443196145,1.4093740782489697,-0.6405781891367556,1.599168190587436,3.881441655288127,1.6823753442928826,-0.4376409211956639,0.6492054175694991,1.118242063821512,-0.46526628534780096,0.6803350437908023,0.5489225094218153,-0.2704502798747555,0.7486199548245659,0.48260958261175635,-0.058293318092547515,0.7118650360595636,0.5587018381509978,0.44336264975340217,0.589098522076038,0.40064173132967446,0.7073285294702127,0.47575649733902065
2023-04-10 12:00:00,-0.4152319435397929,0.11825540439072832,-0.30289304477122514,-0.8125409715603518,-0.4071560719382046,1.831978053200648,-0.1343885531472179,-0.34414075139544514,-0.6454423775646476,-0.2932925180013162,-0.22612067521085852,-0.21697581307244054,-0.9203578002504317,-0.8323211105436652,-0.42929689152207046,-0.8799834997394332,1.546988422599083,-0.3958232526509308,1.7342092127613706,4.403999523312696,1.8241638080280644,-0.5105072576976021,0.05747258647512618,1.2448953770871396,-0.5918427644650454,0.027011880886068665,0.6708456592066238,-0.5682005168130099,0.11796046281545994,0.6039046787680683,-0.4466481033855937,0.03634739414065608,0.6046136552232393,-0.3078659572235349,0.5376653489266425,-0.15058374766438343,-0.2308426419688763,0.5157462857270478
2023-04-10 18:00:00,0.33609170611155254,0.3551890586717283,0.06869617803724201,-0.5844218678439204,1.4714661031072218,1.8963617007579876,-1.9972879048668588,0.1374088339657777,-0.49857048827510414,0.28828264895974626,11.064980845567753,9.813782863815968,-0.2957345525363488,1.3487240482738883,4.973598556622689,-0.9133211038495869,1.7221057359402618,0.1057130572282241,1.9267239591217082,-0.7756734225692775,1.7300994029563812,1.8314820182880411,1.4900517358657772,0.8406223038370938,1.570294330226408,0.883948407508471,0.3633081075149885,1.221529733482362,0.5419639694064795,0.4255896977176036,0.16536426508255345,0.6357054208440321,0.561057895029596,-0.5467352196826748,-4.525550811330022,-0.4337849603267765,-0.527834788319629,-1.8848403576554322
2023-04-11 00:00:00,0.9358804177081392,0.28098307391303795,-0.013970037616175383,-0.5821862218955303,1.6022263004312487,1.7277260343952767,-1.4775389508599082,0.7789255586069868,-0.768699227284115,-0.02951027316160195,3.493823395104059,3.369738275679384,-0.12212145011529181,1.1664752761220287,0.5668756561894867,-0.9061130206838611,1.86752932217582,-0.03792620937434571,1.9860307954673517,0.47006432660163666,1.270179847062879,0.4763425693508208,1.5158524065218284,0.29249352718090377,0.39464783947245624,1.2632522079150466,0.2638735141385932,0.30792880690021623,1.0527622683016877,0.24485740297821013,-0.4593353009469141,1.2613834434370803,0.4839040334339311,-0.5709552248424387,-2.7941764196352206,-0.6008557627984242,0.246404117206354,-1.4831117265557185
2023-04-11 06:00:00,0.5304007092729415,0.24452633931177742,-0.13789648808410432,-0.763172237462939,0.40030973273794185,1.766053830094092,0.06051759235153855,0.6369907446919023,-0.30555032706220653,-0.09774079905021342,-0.6990154522343034,-0.688270075507445,-0.5035671925016917,-0.08529203753424569,-0.7148678543426834,-0.9246916341247908,1.9027815533008836,0.6909245881365492,1.9892498291679614,5.363086222679263,1.4925149994025833,-0.5499047257096195,0.6449397845650519,0.44426531478735753,-0.6325153622878544,1.0942350253963278,0.47370564644337565,-0.74468816470671,1.1486943571599169,0.4210578604048708,-0.4613763255289806,1.172978052434227,0.4962032044355747,-0.34567900638434107,0.6176712164018207,0.08910488406460522,1.2345800504703706,0.4603469951060766
2023-04-11 12:00:00,0.11979667512740347,0.4089068603770293,-0.1229134492450352,-1.1355978048407394,0.06577513017689585,1.5720452867752241,0.12578297777420425,0.24517626121225777,-0.3571519579353445,-0.07253402823729317,-0.2138631504309764,-0.20930015203106042,-0.6411525380367072,-0.5279217798498259,-0.3004948482949092,-0.8940522980078375,1.8423172785184714,0.025792964502274137,1.8673307225582259,4.171040098421699,1.309710321417537,-0.5936509027383755,0.28097751371326896,0.49753342307299836,-0.7235606548640799,0.6900118896055993,0.47638063429146155,-0.8452669011251239,0.7710883173887121,0.45940838040076265,-0.8254612975510355,0.7715573669557713,0.42757594121852704,-0.3996503567467141,0.24314042454937676,-0.8124282809026763,0.7367910829492352,0.473437993149863
2023-04-11 18:00:00,0.8083437270447335,0.8636813645015775,0.33702652307846787,-1.251327444819594,1.9010925964587007,1.4356737289550816,-1.9001218972081213,0.6406436369447306,0.2736813302685505,0.2836713037637447,11.098067603946614,10.033168506277885,-0.07226650959450827,1.4671292864698813,4.897072554420728,-0.9061998317693878,1.8399848456294061,-0.24169801505589197,1.8442979220600937,-0.9332731976257579,0.954839240494772,1.3415516100526057,1.6148784056378125,0.27186725731871764,1.500997735796805,1.3603418976365402,0.19308237068613987,1.7444835877266653,1.011895935737265,0.26371765808993086,1.0488188983315152,1.2161721621397164,0.3667580295224116,,,-0.3055260519410381,-0.7561549600355362,-3.677217902237032
2023-04-12 00:00:00,1.0618380583532472,1.0720385546904685,0.6125884845915412,-1.1626432097573813,1.9022172318304118,1.0392522598165121,-1.6123700632602709,0.9794841205661611,0.18285756037755668,-0.44494224028789175,3.525152386421682,3.468797864167108,0.047141849992051635,1.2930275725819862,0.5947874924780825,-0.7790144221303796,1.735927924265909,-1.010594425973067,1.6778177422678056,0.43500811933064276,0.33557136352247685,1.2071603984401154,1.493331623824232,0.1535424593126856,1.2634596449948954,1.4986820313612446,0.06865150914892315,1.3026334051088349,1.2423521485716458,0.0711845802331682,-0.4145214944479103,1.4391314412634018,0.26800776142682203,-0.14758382773925235,-3.1167479559118925,-0.7323205002744977,-0.058465600684551505,-2.383696553538914
2023-04-12 06:00:00,0.8226318745724637,0.9462431237737323,0.5125929988130616,-1.0711216522274896,0.6719485823031636,0.934479571863714,-0.061832185875397225,0.9320238304181923,0.32268883637895207,-0.9815609096310087,-0.6982121203260852,-0.6858957763981475,-0.30227430540955186,0.1924287043398806,-0.6865459852431423,-0.6902773342001037,1.6218019062286233,-0.6196007161463299,1.5419408027241708,5.54399975400953,0.39974964863923074,-0.45429796961613433,0.9204082103179618,0.33942790750958174,-0.6542762595848055,1.3651454872572863,0.276620947945469,-1.3202567061866073,1.3926461231302338,0.29271416646757786,-1.5747044611737477,1.4519541040109119,0.3344997998084567,-1.1518743018561608,0.551684235254776,-1.0704298151668237,1.4729265913489697,0.4092457173246853
2023-04-12 12:00:00,0.5881838124191191,0.6330429444830654,0.4745334620444183,-0.3823141093330914,0.3847946916779502,0.5902822879465478,0.23134576961976358,0.7086351998513765,-0.316537393660987,-0.8307904771065228,-0.20520337374926015,-0.19660451900151055,-0.1507638687579817,-0.05491912212038324,-0.042226938664667264,-0.874173277773665,1.4044111390714593,-0.4300116867901878,1.2706099150977854,2.129965936692609,0.08349799361817783,-0.46095768376396956,0.7584351304470364,0.3797071778849577,-0.6077729063084677,1.164944437922651,0.29261405076662994,-0.7300906328720581,1.2156408531081377,0.3420489410903393,-0.7636895396514756,1.2645426959600825,0.30594531330724944,-0.31987726935544764,-0.13164370617642518,-0.13104237819583825,1.2061043578566526,0.24916370645244632
2023-04-12 18:00:00,1.1034732828555298,1.38999201942539,1.1398687565764845,-0.7939561641211066,2.106746560782363,0.35654234192472717,-1.801810836722929,1.0648626486526762,1.0941219666787663,-0.4313692588168229,8.468471478343822,8.129370209807812,0.7232204554417627,1.4947626563012597,3.789859976682391,-0.9234674841409604,1.2873309840333655,-1.1208073114297645,1.1503896794768493,-1.1784054023922244,-0.2829573913653929,2.525932866874545,1.7685433837921094,0.10510558232166059,2.588876764499391,1.7625363764292623,-0.05363842655112684,2.078193289112634,1.410018810911873,-0.2629131464704983,1.5201051123299392,1.703579409391457,-0.17438718181852708,,,0.14059674299144231,-0.29904505746877597,-3.016128266982928
2023-04-13 00:00:00,1.4740750426666,1.4212435566523753,1.3415285049137506,-0.43025107057990475,2.066132031557072,-0.0934355818276783,-1.466585547864207,1.4543726030277124,0.9241434380115662,-0.6431506908739544,2.151343489684272,2.1481889070315967,1.296133871961175,1.411806772853512,1.6230169337010147,-1.0420974299042653,1.1571419589368956,-1.839269091725014,0.8980130376684156,0.18117655978021383,-0.967561560750838,2.833604458604081,1.9285965881445732,-0.007223564265248634,2.8094443722769995,2.1755891412118005,-0.27683167675873893,3.5308925434229836,1.9654233570781101,-0.17097133814769647,3.467325371359386,2.230054238998306,-0.05997135494152206,0.1508342321923961,-2.9063001327665976,3.8113086937384795,1.6251049935024533,-0.5521404596884305
2023-04-13 06:00:00,1.9211191276593,1.425704220462185,1.2908699101758936,-0.5519621912101718,0.9091910035966245,-0.3175848719195916,0.8265658071585609,2.0594256857685926,-0.49741696896181375,-1.2821339458143965,-0.6907526208591226,-0.6804583853275743,0.22127379613329834,0.7391655585431799,-0.4397165266458695,-0.9586690070724266,1.0401746634245008,-0.5692337596661996,0.6473570256210869,1.3975324385670294,-0.8442920939060136,-0.5976716995813252,2.1702839873544457,0.15574192721294394,-0.6378479415259238,2.7351006245979206,-0.07695266491300438,-0.6238307360197213,2.727173792306512,0.02373514576402938,-0.3883956125924222,2.956967616912679,0.03906917985427837,-0.26313161696482273,0.43623357263348206,-0.15240356498207816,3.406805884551008,0.31785774487017765
2023-04-13 12:00:00,1.6724133811336013,1.8209784744094117,1.6020851414525767,-0.8460768981125598,1.1326742185492944,-0.7245098813878006,0.026281167978064943,1.7073551409094219,0.4344429043794421,-0.4357163356905223,-0.08108135340614636,-0.09522580712254358,0.4646974738539839,0.7723911684322857,0.15710917098170105,-1.0035946322330904,0.8004428977309205,-0.6270756969320432,0.295431982370188,0.23308016301568268,-1.1802164188984499,-0.21850220064912546,2.0363475898133494,0.11559527668855948,-0.2753588003963463,2.5444351314707494,-0.17769222130830808,-0.5207533443113438,2.5221139877657994,-0.0001115323994999292,0.019518723062168914,2.7023315124128655,-0.07294438517873862,0.37614519508712724,0.27591313398958894,1.1473486926673604,3.0701600686058113,0.30443487345114306
2023-04-13 18:00:00,0.8225768329546413,1.538795155240741,1.1578338694158357,-1.1214685426356774,1.8826776964221734,-1.0447002853365854,-1.7515626085005767,0.8611513631185203,2.802037430250911,-1.06703228821932,8.301428464030595,7.915878859976129,0.6437370282938414,1.4470796322933992,3.728526805825185,-0.9582984324796578,0.5994857381023108,-0.6887357851929524,0.09315496096160868,-1.6162723636448952,-1.6481318391274882,9.175679833471028,1.3871167071980228,-0.008510794472973739,9.281238241202862,1.5742888303275242,-0.34219473243200355,12.237404619494772,1.3515684718596053,-0.273878829353836,12.959546313446694,1.5144874960718961,-0.13770036163468105,1.667469272319773,-3.4925140574027984,16.363710468548952,1.10483046306055,0.1286386049672706
2023-04-14 00:00:00,0.5505004517284322,0.9556221119628592,0.5898854355818705,-0.9253137672463331,1.5362138376554042,-1.1718874154335979,-1.6858724969993024,0.5427399145907187,2.3910291665145604,-0.6666337473012852,2.0768834414763173,2.0428674558125595,0.972989915745208,1.25886967767184,1.3249581111328186,-0.6701531978421755,0.3444869837721075,-0.6661381069298532,-0.14861264079033593,-0.5140461430146658,-2.033413940848327,11.53604348952713,0.7927675079647123,-0.0311883819767615,11.100490650229615,0.9571320495482935,-0.33820000603464223,14.179704106062154,0.7228108800624055,-0.45418436752153557,13.839061831804962,0.8069814549256287,-0.25703638395907197,10.806995775864577,-0.5165701594326592,15.470122170214898,0.43238672529745603,0.12274213586432735
2023-04-14 06:00:00,1.4313437282032795,1.384333832761692,0.8993441977096268,-1.3056852881670025,0.9858763864972246,-1.1605624931721348,-0.0234895424223602,1.4586409859883749,0.8984390467133735,0.056160728483058996,-0.6791461453079707,-0.6808362763921112,0.7529291549384345,0.8995884442182452,0.19050100945815693,-0.11794981889801438,0.060807819348970345,0.36881150509400573,-0.3024350585775588,0.5188018550366743,-1.6484637193928047,1.4851972216061449,1.5558024775614014,-0.14776280732133626,1.55076613318268,2.127728790429579,-0.21683063503176225,1.9308863088980044,1.8778357170448066,-0.3928105206095528,1.2966710146815392,2.1602642544915014,-0.21425854259267677,1.6681288750932883,0.2939152615334766,1.6867238260310908,2.2066338627926845,0.11918336803630816
2023-04-14 12:00:00,1.282689757629356,1.2016267405428096,0.7578262895797,-1.1646344756032925,0.7337061786930485,-1.2945511321583993,0.31230175418828987,1.316510815238395,0.6875187198537548,-0.6335825274293962,-0.3495930292635137,-0.31523685596396933,0.9491307182026247,0.7980478611679993,0.6359728306035548,0.09625498454863562,-0.3562589911908718,0.20956269246633655,-0.593516311185082,-0.5128599617331152,-1.477705861437304,1.515778661205058,1.4719262615114268,0.06437263950571194,1.341382748705332,1.8769483309615465,-0.23577152844822008,2.434892672365933,1.70469662000131,-0.3372336914801096,2.4297985785599967,1.8552009113391423,-0.14160090645217396,4.734445500948326,0.09687936946349694,4.88447551573215,1.9231667597958793,0.18106345608195254
2023-04-14 18:00:00,1.0169438028229691,1.5025050467213463,1.077233058102685,-1.2081754192542744,0.7961697254422327,-1.1531924441965304,-0.258413290878032,0.9561669838328234,1.107849767607025,0.006496280071634962,4.870825945407636,6.118376752414686,0.8588020391587441,1.035081346475558,0.43137081798544824,0.6705867483795744,-0.5936990924852327,-0.1169478060099694,-0.5772144826770448,-1.1584944596396773,-1.5602916498693018,4.342867011869756,0.5924929689273352,-1.1983390608623303,4.791006204123281,1.0392160862884665,-1.9185890376114956,6.984004977376558,0.7916250341534598,-1.8375598462589906,6.61562615969534,0.968981626767081,-1.9705719040261496,10.715011296218782,-0.5403608915345104,3.422561936607367,0.915265541324728,-0.9661029436381307
2023-04-15 00:00:00,0.9186294763333119,0.8216512704918842,0.4647163131708314,-0.8686590842657778,0.4236145466749201,-0.8853407020290612,0.34496063980916913,0.8392638470612074,0.6705869264094884,0.8354814725740317,1.6175906714937216,2.35949495782333,0.6449591566905499,0.617433549503835,0.022656354097692007,0.8979111322290341,-0.6579864583958861,0.148134589237955,-0.5471104324614013,-0.7402286544553482,-1.2139365705988878,0.7290501090078171,0.30302120923306736,-1.6802657832510017,0.7906850792878262,0.7155260854351512,-2.817331243475514,0.6936156851400073,-0.01367604872372839,-4.389213602744083,0.4657221661714437,0.35933931980862194,-4.341119300366879,3.152187308121246,-1.6202353735815966,0.0654294580602488,-0.06837074308326983,-2.317129397028812
2023-04-15 06:00:00,0.5949723320028364,0.8740681362231724,0.8858419469059502,-0.07747201801597686,0.011682065379079825,-0.43536122504402175,0.830857767822498,0.5499382257714834,1.5084735467191224,0.3625770728119459,-0.6623572617264236,-0.6707899256381527,0.6952551853015188,0.19864419476457806,0.7697532728825242,0.8919284897639114,-0.658965743752362,1.6674419075081772,-0.46964502127714275,-0.47222393213403424,-0.3815666315261185,-0.11564051854681041,-0.6948722032889914,-3.609945367435117,-0.16148179247693392,-0.27550845400809465,-6.175926002700184,-0.04615966231964796,-0.7381751840037201,-6.378840952212495,0.7280410550252852,-0.2673951607349866,-6.56661406402295,2.137139558560281,-2.2599869843557836,0.3560213185103184,-0.37862088832120155,-2.8004874577545134
2023-04-15 12:00:00,-0.3020344787299756,0.4033198061305379,0.3479727959695756,-0.09268667120651823,-0.4380025736572156,0.03499698384111701,0.013730067393271192,-0.30523285421876684,2.1842024523292913,3.0037073181416223,-0.07045312995738484,0.16572581014918453,-0.26787713511264094,-0.5053543836824592,-0.10487017193216881,0.9450212415244573,-0.6509995377472724,3.0580495488865447,-0.5316636696755893,-0.4591363979698642,0.298286811878075,0.05476498817416147,-0.6897883825883463,-1.4273024313307328,0.1897290889363256,-0.33301672305664015,-2.662720684878139,0.13483911210358324,-0.5676993722726098,-3.4059999305239455,0.4396302019944705,-0.39175412446689245,-3.430520915811316,1.2649338663420524,-1.5148864446193164,0.9984685540499432,-0.6123323042314004,-1.8419764610058833
2023-04-15 18:00:00,-0.32336299865394286,0.534077324739117,0.31754662458293287,-0.4814805097052108,0.20870726303778908,0.6419048266257114,-1.2882588482728765,-0.39302865008568216,3.910330442964466,3.1617955859037936,11.63106771302636,15.576375972513013,-0.6343473561284866,0.6136692953280104,-2.9197963048112467,0.5370563125818076,-0.26788241432284915,3.237124409086003,-0.10635177831157017,-0.9442513156111111,0.6534217519409766,6.073021706584318,-0.46780400248859644,-0.7330217102160141,7.835419502597961,0.005818571682470995,-0.13681394149592835,9.774902884547762,-0.2102573493990737,-0.7410062939418058,11.585342774388568,-0.17489760804039645,0.46225687726182424,14.586952293815504,0.08388014689920525,14.399508233197643,-0.5964612093576561,0.08503387194228243
2023-04-16 00:00:00,-0.4179692967262732,1.058806273937486,0.7089826779085704,-0.919354558520638,0.40921976215582323,0.9155526750514964,-1.6153837897840637,-0.43787325524443277,2.1020390181856436,2.2928858741475766,3.759887114399076,5.189409366811145,-1.030982826060468,0.04615336787214738,-2.0759146633720214,-0.7967506614499222,0.2400692489309595,-1.1963810970457396,0.46437096565362895,-0.40263859831111043,0.836043273707437,3.580161959468492,-0.18309511458687122,0.29197822290820435,3.5152461190107354,0.07804036723990161,0.2830668574027414,5.10532064986589,0.11044515531839849,0.3632016377926309,4.556784884580432,0.06727248035971749,0.1675348941286005,7.489599265661011,0.4250971210048285,6.769753229741767,-0.27982182151107937,0.4917030476583753
2023-04-16 06:00:00,-0.5816329918679598,0.990343632032386,0.453354788495559,-1.3092896992319807,-0.6505459109925004,1.2313142677795883,-0.25983859764708445,-0.5744110936049829,-0.17093625782527921,-0.006877853253824377,-0.7002573680751446,-0.6919523674999754,-1.2771059825151028,-1.2786907925743654,-0.713034290623795,-0.773660935745216,0.5101141598862994,-0.14841894810488046,0.7550221744031113,2.595653480186322,1.3788875866735135,-0.7721499866819691,-0.612885312326256,0.7049205904708216,-0.7790292421899,-0.20437781734825386,0.9243786313476269,-0.8437662101101691,-0.07765020628930745,0.7674318865143276,-0.9137900357572377,-0.20533977862229524,0.8796093987866815,-0.6503810060667694,0.6085191240386119,-0.7637030320435841,-0.557461375069448,0.6440621906516245
2023-04-16 12:00:00,-0.7189936753219198,0.8093446240092819,0.22768570377198494,-1.3563646625545993,-0.9965578837676344,1.1570789603959204,0.11286510229428545,-0.698316709604735,-0.6273488432435171,-0.9237945306460783,-0.14365880595230446,0.012656962130005977,-1.2437902036658532,-1.4891883700744035,-0.4872606020499067,-0.7774796601461054,0.6129555363217731,1.2027498314476173,0.7826921023646198,3.308998501983691,1.3903545726584436,-0.6914331729676083,-0.7145928873348416,0.7629181192175816,-0.7343843156539919,-0.3359827969881517,1.0090379835076047,-0.8818811506418178,-0.19621816479113752,0.8646655251617227,-0.8460437547622326,-0.33180221770196766,0.8899338103279906,-0.6867702159681809,0.5584659075353015,-0.8285136809356672,-0.7564599849093551,0.6902262957213855
2023-04-16 18:00:00,0.025379486561424688,0.897037036453693,0.6604339653308586,-0.6267244524696426,0.9626629385604327,1.1480593986781942,-1.7698313042930907,-0.08725129800544451,0.418278859279522,0.4282235262071103,11.436943224745278,14.292168024169364,-0.6393203865033569,1.0759454362087557,-1.6847856331000852,-0.5699162480725266,0.6960949546037746,-0.19618885285525875,0.9640925629334659,-0.8787842155726283,1.078911298068146,3.525631094204877,0.2752224274437945,0.3897272675618668,2.9195962659107595,0.4107832652712997,0.42663464595857253,3.9505605483367443,0.32587932084353616,0.5024270245313937,2.499078840905163,0.36051416738318703,0.6059880340103009,0.9486817132945267,-1.8398096077980168,0.9865415735014781,-0.3449460667445721,0.538999802683792
2023-04-17 00:00:00,0.4795501658216075,0.8690185411537111,0.5458194152374368,-0.8081578568477322,1.252298856427967,0.88394724592107,-1.4837068738742873,0.43450208400493945,0.7188150892399694,0.32169570791289337,3.740952966967738,4.549947911792851,-0.46066834410161744,0.9839996461149022,-1.1415546067820779,-0.348741332340533,0.659195529480617,-0.4539290505179003,0.9354696940481412,0.03669252373692549,0.5414534879824893,2.8326674103358447,0.7241120870743714,0.237241496841744,2.4479367324788774,0.8729908273322817,0.1761042999754379,2.9031181930389693,0.7144824277534212,0.20736019699034058,1.8407211854975627,0.7926566212327898,0.3603153117726095,0.4993804278235048,-1.1020605724399164,1.2196043727454444,0.3036196909158148,0.2755157936770403
2023-04-17 06:00:00,0.1677011453143013,0.6368620032160035,0.3058272542598107,-0.7604413607704927,0.1662399100668246,0.6762553877276112,-0.14747250787164126,0.2186826127486863,-0.19672862443551525,0.329878188365323,-0.7005668246148237,-0.6850058502241754,-0.7162301672214347,-0.3108933044749823,-0.8177086471277935,-0.9718292857880241,0.6185915175157122,0.18795305447128974,0.8163183318106824,4.74506980278316,0.49992733060486055,-0.27745656969953575,0.22672545752550818,0.4257522048053126,-0.39416536500369004,0.642643604759416,0.4901613721162461,-0.4407096041595196,0.6859485010821735,0.43641518456205514,-0.33598438045325907,0.6329237360124091,0.47573557509018216,-0.1516247415848391,0.5046736895177214,0.0909193638109012,0.4551025147142484,0.47050793316498984
2023-04-17 12:00:00,-0.15655411012464712,0.6763782011497718,0.39882734863173935,-0.6545871677077651,-0.22627746350827027,0.3887457938183604,0.0884530014929158,-0.09045749087620054,-0.40465373993438136,-1.1985506518357412,-0.1567418645399288,-0.06088529532422668,-0.8826893995253549,-0.7120663808032676,-0.5971062163318992,-0.574015578338207,0.4465672616911412,1.1620770197264334,0.6050928542259029,3.2460262671041114,0.16380850413745554,-0.603704587391115,-0.08095525679374414,0.46078540695019515,-0.6504991030428153,0.30559893998226406,0.4566294641548743,-0.6891769096341513,0.3991663925931603,0.45247295551539185,-0.6601320330952943,0.3499325243749925,0.4203728835780539,-0.41249381432908144,0.3578073037336054,-0.6867702159681809,0.035164510610057785,0.42007399562115705
2023-04-17 18:00:00,0.226479498039036,0.7247851784846605,0.8253464727793116,0.15827130924720278,1.5064308500426506,0.16242913736293504,-2.080436624296153,0.06963418489258097,-0.2178376384491857,0.3324432628538213,11.380879698762781,12.359285506861875,-0.3717229164862967,1.3682884487426814,1.406345020406062,-0.603580129094193,0.37255920332817166,-0.5963211767956789,0.6096426350229274,-1.0149582416764922,-0.29648283290216515,1.9669538046940915,0.8099664225806857,0.23674772990729182,1.3236599474243802,0.7754215155766162,0.15138716371921715,1.2485651815947973,0.5520263608991923,0.2377261284605063,0.0520274055946887,0.6646724226747323,0.3146812895682117,-0.5625858211646858,-4.314666491195983,-0.10757227939751016,-0.5279317698239206,-1.9125006256870922
2023-04-18 00:00:00,0.40187690110892815,0.7393622932815384,0.881217313157237,0.24444892711784572,1.8062628450991778,-0.2996416580960046,-2.0857528561244947,0.3132632254034985,0.5288405716010147,0.027656207691650767,3.713174287779195,3.8350168175654398,-0.13666692583524145,1.213276098914612,0.19694134141330694,-0.5708261225273167,0.3359626304835091,-0.2024426754077038,0.5294875449424391,-0.059164655970627894,-0.9464776486689483,4.338252583734809,0.663311209994297,0.27129873574570673,4.021583590255923,0.5599668618789083,-0.21253002720472977,4.6406259494448285,0.39649139381087134,-0.12177272233134862,3.024816825976358,0.5155570566319427,-0.009655384906443392,1.554387427391015,-3.049892212960324,4.530569604173819,-0.19291036206828205,0.0688573988825453
2023-04-18 06:00:00,0.35599523745426753,0.49030681982686514,0.5192445165948353,0.0672252282895762,0.5957537012700144,-0.42806473462784794,-0.5600892656859202,0.4092771780462661,-0.4113329909964223,-0.6754313562003224,-0.7054893439345464,-0.6868586986098306,-0.42817751672288124,0.14929300906028287,-0.8386581027000155,-1.0294356880703859,0.45772605012553474,0.0019044140271179905,0.41447311436719364,3.23771109760264,-0.9386686828798089,0.3645599825591947,0.4504864191017283,0.4874475486243014,0.12590135957176252,0.6020244296336006,0.06909365380308034,-0.1700632066299461,0.5873757271868433,0.10751421526973891,-0.3847443273155111,0.5649804382247524,0.1851332387760447,0.6921778357167897,0.46459843394253086,0.507465878205016,0.22164661574449016,0.3446749701522648
2023-04-18 12:00:00,0.24717453820242177,1.0589945321428782,0.9188498764447548,-0.46114577608447915,0.7649018977670667,-0.7492629990387821,-0.9707391316926797,0.31546440158927547,0.5432732731897613,-0.2709129667782772,-0.1936984740004718,-0.16027232827407742,-0.23261949718570224,0.17172880048201922,-0.4013923932579783,-1.0464580244184456,0.4497338541605419,-0.5307632856931244,0.13025411711828921,1.7657430624387624,-1.183864819483342,2.2977412425481343,0.44527245386902287,0.4340250917140791,2.096315746973104,0.6251991025824023,-0.08789696675925147,2.869352963623683,0.651023839664636,0.06341967831720131,1.5965889120366745,0.6496460599103571,0.006772476800452988,3.6909834183804087,0.12155666348946895,2.297419489404567,0.4484569212753466,0.34251101831206066
2023-04-18 18:00:00,0.17349167367577786,1.111317646482545,0.8194555867274751,-0.8073438770463182,1.7021531937683205,-0.8794375379812689,-2.1222765213579806,0.19911830429317365,2.0864486495114267,-1.0228294701743235,7.409146815810369,7.248122367265164,0.5782697469640201,1.3433151601507058,3.0149610609363773,-0.1749283837488504,0.28677882164400814,-0.34323841764190993,0.05263645002157677,-1.471212227143007,-1.436565046547691,12.58084755660335,0.6293917987850408,0.256221167519383,11.645408469961627,0.6151609946887345,-0.35135803187908304,13.754680309871981,0.3867738201767187,-0.6691119454808354,15.216187979070211,0.5607879977203587,-0.43975303716439146,10.65872783054244,-1.9643445697032322,18.586132238254805,0.013083292650783378,-0.036804673148827696
2023-04-19 00:00:00,-0.2710025611597218,1.171249947906268,0.7848580097189025,-1.0306817016758696,1.8315152144013858,-1.2168663546573084,-2.554675634864157,-0.20362158170915293,3.1235529398299264,-0.6590248133418053,2.1164696395542064,2.097867088347217,0.7367568582761715,1.242039740319048,0.9963059059672309,-0.21004097178197056,-0.0741708357866428,-1.3420688528027778,-0.005838206785836007,-0.623430402949866,-1.8877000241276496,21.898449338084596,-0.09190678207964588,-0.05076068990652019,20.836409225958377,-0.08522168060932075,-0.5121503556023389,23.970885641823653,-0.26007892915086495,-1.1959933168566863,28.215272100928892,-0.03303266954622461,-0.7224661320646776,13.772025529690064,-2.472260098712837,19.818864602042364,-0.6312680584733414,-0.6233912952418539
2023-04-19 06:00:00,-0.3549866885106882,0.9804259634735092,0.597325881349147,-0.9701898964655267,1.4075387311827965,-1.0888939867285745,-2.3547887176707256,-0.2989506184680915,1.1078703426839571,-0.7962379995987509,-0.6824930639341816,-0.7005752225774295,0.9026622088637293,0.9090061626838967,0.4192540660535403,-0.3817212713604773,-0.14066415854527153,-1.3039433661094488,-0.09504034833832915,0.6385367673902346,-1.488404458296436,9.28336256106169,-0.21185755370598042,0.21471682650908075,8.859948200340353,-0.2079061851935678,-0.2894876301456037,11.295477565799654,-0.2674833234356346,-0.42242403569439435,11.966529999116858,-0.22150626440730511,-0.30711490712424794,13.540940196013208,0.00871734989341439,8.582521834349214,-0.6877998171724321,-0.22661101931606506
2023-04-19 12:00:00,-0.05719324414010014,1.2831418342240506,0.9019334786678621,-1.0506042976067829,0.8681146713020297,-1.1080596787290355,-1.5355993496465967,0.03947988970893935,2.1898040944918664,-1.3756570847313163,-0.3930225473403085,-0.39234056623776037,0.7390634166735184,0.6453007191656707,0.5148217258757157,-0.25818498524349387,-0.18433325767391517,0.15549613380733834,-0.3406544031045898,0.04643825235910147,-1.3035142124689114,7.222226750423878,0.10677413831367735,0.30576300585261224,6.361141232913245,0.22013505393201666,-0.24746590933848195,8.718355613771713,0.24195136605273967,-0.04126443935675235,9.034222786510865,0.21938757374222212,-0.17141448830306072,12.4271451727701,0.12342169213942485,13.011505018950636,-0.14850790056962795,0.18294907426358956
2023-04-19 18:00:00,0.9531486843771929,2.031991500210704,1.7198881652787459,-1.1087270778775575,0.6506097282344648,-1.080266462506824,-0.02456616137521231,0.9122714099977729,1.922618772128124,-1.2121695654085214,3.805814530116569,5.058422627837656,1.0027089194439196,0.8870665405809206,0.3386635710422493,-0.16338918456759915,-0.21566654891316658,-0.5582167425648656,-0.4312876548461684,-1.3058763311930495,-1.486971532821273,2.665464743490583,-0.4867974315088227,-3.4086218748144512,4.274885563479,0.3940736246223234,-4.286610342874956,3.8050093682200243,-0.5067200036415186,-5.7120255874930494,4.808829562242775,-0.04154401128583468,-5.890913592848855,8.596029219142327,-2.5411512919218184,4.1509468258603,-0.5028063067699945,-3.127626712016419
2023-04-20 00:00:00,-0.005650083360862927,1.1342031488336943,1.0835591434027276,-0.28654451451214996,0.21543911677394023,-0.6927411100391091,-0.6760591657473133,-0.024879201558251105,4.17540147594579,-0.7320210515940827,1.608898988700479,2.280958814734744,0.4301040807495994,0.3777513576215674,0.046469218762163325,0.3300786616282446,-0.3643313616671391,-0.09769262019385394,-0.5173258210435329,-0.8598131220398613,-1.156216365134185,0.7920887944097049,-0.9976545358076014,-3.8454281891853666,2.361174056237516,-0.37147366412453003,-4.253911548004632,2.8847555071328967,-0.6730576952518188,-4.6243308469230335,2.8162736445462766,-0.5704367022928575,-5.9106375292672855,3.68094868695707,-2.4373556354195514,3.1458321037344703,-0.6572004200175893,-2.4772468444304154
2023-04-20 06:00:00,-0.20863666567669828,0.5037331119541585,0.6238662746730825,0.26278643887057934,-0.33941512911526994,-0.25324320981752046,-0.014836019465916355,-0.23392015700099686,1.3021410453530124,2.331534123936165,-0.671348106267422,-0.6700259486180233,0.07273057530153111,-0.23139271380108428,0.26246055291265796,0.7902276538859055,-0.48629874655718275,1.5774517087392586,-0.5694271221876562,-0.12523802653923988,-0.07571570989936346,0.29036978403443764,-0.13655735054842155,0.2049089851620371,0.24411708454014996,0.13177452378674198,-0.4075898483395625,0.39957886647933166,-0.07271093197411956,-1.517970088705213,0.7649466599065328,0.028562538411722946,-0.8988556803617805,0.9429128144493684,-0.6867702159681809,0.9295729298230986,-0.3924989410732211,-1.02872014232342
2023-04-20 12:00:00,-0.7063334835413029,0.23791901456751277,0.2986135005643711,0.20712307231650473,-0.754492814821548,-0.025218854952701042,-0.3864021452804847,-0.6895211464905996,1.6043402309298123,1.6869030036549992,-0.07545102537585024,0.08143011576676092,-0.7330310699983127,-0.7911199305692229,-0.3768559204336934,0.790420157654445,-0.6989179627842531,2.6835833215814957,-0.6355000638849017,-0.31391766417727623,0.4152693330932993,0.33565042169510995,-0.830535348877503,-0.44628433676944546,0.39038371019331736,-0.652128067749916,-1.23716294206571,0.7759003230711179,-0.6467045562532089,-1.5025788143388044,0.8241576298635058,-0.6742652383095036,-1.3565538056264224,1.0822484289521608,-0.638279094505925,0.6068968512941625,-0.8381065524006917,-2.8743691295895473
2023-04-20 18:00:00,-0.6865106358634945,0.43855135046767807,0.5320832967409828,0.2228537908911291,-0.10483100781439822,0.22289307500256328,-1.6028696799079565,-0.7731063263151723,2.335269620726176,1.8655637335822448,10.45462781603682,12.931781884666563,-0.5731020769439515,0.5169041642889235,-0.8647868556723645,0.5372636545433984,-0.7523920822957185,1.1649922366608259,-0.48955508695095074,-1.138611727410836,0.3420645540772775,5.502143227811189,-0.8286669825256711,-0.48033495304537693,6.637325288576785,-0.5483906689448385,-0.5175185059397972,8.593117690691455,-0.8054144072739695,-1.7554436755912477,7.791867805026776,-0.8343779624344929,-1.6231242225185578,11.546403428562419,-0.6094648480751095,0.047708233801238065,-0.8552336368678156,-2.9544888252105896
2023-04-21 00:00:00,-0.12910504825193037,1.0874520619821892,1.147734964114928,-0.03105188032342184,-0.25393187160063385,0.30581113030375967,-0.09731918620600102,-0.19327829821880554,2.2267314952423156,2.33966018503678,1.5518649467204144,2.428917245402354,0.24559001838436123,0.007585184406454622,-0.22643272652612328,0.8632497267812175,-0.7805166255089552,-0.5372711885250518,-0.39256530083467567,-0.7167128871756705,0.33805717974343263,0.5561420057356284,-0.718715567875296,-2.03568301377948,1.4488704674112782,-0.18933713239044994,-2.285815931273515,1.2650097496702835,-0.6194060386126613,-4.1913548202145945,2.1091126849035375,-0.3176652491403806,-4.020952012746211,1.5163256347893133,-2.1233974208918673,1.386457835012957,-0.6305134578380182,-2.115230320545626
2023-04-21 06:00:00,-0.6528727801034737,0.7319358163939352,0.4462308816008617,-0.6879255240294216,-0.7878606159773552,0.6773409015115982,-0.06862642851198421,-0.6035151947458196,1.502141753980891,0.256296704303355,-0.7017768384980595,-0.6806730273915216,-1.4246286177416647,-1.2186488234316475,-0.9982222292177901,0.8893251290090957,-0.6322756668570129,0.6865341804703015,-0.2562479919777263,0.6281647157159082,1.090227176581103,-0.7588678432668932,-0.5362193928236135,0.9480750973019865,-0.7773825146083254,-0.2744897653241539,0.8888987244024195,-0.8379416064356374,-0.1464160650144491,0.742232835038655,-0.7438169991244855,-0.322592057994612,0.8736222390176689,-0.6236888664686632,0.5865230848712298,-0.44400991120807304,-0.6809924668401675,-0.28154847722201787
2023-04-21 12:00:00,-0.9923769776552416,0.09977669212697451,-0.0330365689225751,-0.17721224062007288,-1.4600249603015185,0.630229783627944,0.08418388284629591,-0.9672569365673276,-0.7485957005517277,-0.6944790863543059,-0.11964299262604065,0.06148126334244154,-1.1861852390054255,-1.64330349900865,-0.2945467888455029,0.01805252624806122,-0.31031618123619903,0.9770274030659564,-0.048374130231135855,0.45865803188319026,1.1476575916913392,-0.31856315912918426,-0.7695761554500755,1.1241996903180151,-0.3954294969797029,-0.5846399637451363,1.2079630403349921,-0.2828242473946795,-0.4665825701733072,1.0103753520779812,-0.28349309108861026,-0.6739757496942504,1.101150062724155,-0.3162163747405938,0.6402805474179993,,,
2023-04-21 18:00:00,-0.19877640243073633,0.2921098927046792,0.2726077064947878,0.016714604627136764,0.07181714730851808,0.4983710469450255,-0.9572398826973407,-0.3088565019113597,0.8261635578402056,1.1095896517442987,5.876520777917687,8.168557337841479,0.48753844706714394,0.4069774264130297,-0.7891278559285851,-0.6353139836791838,0.12647314513928226,2.415701185558227,0.1566301338635052,-1.3419510443535803,0.4229919931320148,3.004171603530717,-0.5745713140485957,-1.2175465758139237,2.980878245980422,-0.1912038123649776,-1.9723109447847142,2.953827071950633,-0.5240378862732517,-2.8178104577254195,2.8894207875401787,-0.5006668553523749,-3.5311885199123125,2.631670423789973,-2.0558463885734284,0.18559251456354578,-0.8447818532253849,-2.1030926773342378
2023-04-22 00:00:00,0.9140614594728096,0.7461608085858698,0.5667598799580167,-0.4595670972698685,0.2054944739264779,0.2514475992918102,0.842822799254714,0.8259201721922707,0.5341737090680969,0.6673976794721227,0.8321628059429178,1.491112373444248,0.9305047274839577,0.4503716919892674,0.4001494602799958,-1.0146831475934852,0.3760768051995474,2.0278251055521848,0.16170750343750212,-0.733044968527664,0.008126059850483936,-0.10899196548399066,-1.2509130222994644,-5.531331356925366,0.05746287257143617,-0.8700237861617612,-8.790089016214981,-0.11547916775869381,-1.4164495218163924,-9.173114408604246,-0.5652680085312022,-1.0742121076961735,-10.901413775521453,-0.23828180505121727,-4.0076327431311185,0.7790840360038326,-0.7831040711902174,-3.7518725381311184
2023-04-22 06:00:00,1.0930134155580875,0.4585033215914416,0.20838586843820742,-0.5337777522679799,0.3784688723786901,0.10194730271080384,0.8461310974425837,1.0910776225333656,1.3163707637025917,-0.28459045843935965,-0.6606610799766548,-0.6712964400591832,1.012302359939273,0.523070833342373,0.9258258959556815,-0.7021063212607276,0.3740540556936602,2.261399566006431,0.13464625768383842,-0.16068403182404384,0.26061259384915175,0.38034066439042613,-0.26511548135358587,-2.5558672113359493,0.3862154332468149,1.0129639327514615,-2.953235061777573,-0.22567560800000946,-0.13997016833048356,-5.2168030458035695,0.46502820815943907,-0.2512627407420034,-7.233233319226858,0.07134579649436976,-2.828043150785286,-0.23574769759256312,-0.4699494425412656,-3.2954640740339425
2023-04-22 12:00:00,0.5519078270822345,-0.2613157135226827,-0.31624790707115336,0.09385328436285095,0.10429277836101056,-0.05314482032605126,0.5524716475375099,0.5216745270242785,0.4104561682431464,-1.4740393653472053,-0.20342775648223485,-0.03107652315821804,0.677066402573485,0.21033046691445595,0.6272725924444663,-0.4800157055267101,0.15564004268219142,2.888325991213198,-0.07991566229613242,-0.3542127142490103,0.24695969096575154,0.030491946222734746,0.8340560559541719,0.6213913578143716,-0.07039745649739194,1.0720568064711022,-0.05948198014033752,0.12450052447657028,1.0469883288194148,-0.1592093745733776,0.07745769849840288,1.0062326001341932,-0.4305141437034937,0.2339994461290137,-0.00014807606744875716,0.1767075370315205,0.748988726094642,-0.25070095520014596
2023-04-22 18:00:00,0.33106048614226674,-0.2323429567600775,-0.23493013817773875,0.20016319565377327,0.5893645438852784,-0.0682200396365254,-0.8872665864527602,0.23345583209115314,2.5021849674742724,2.707327359343718,8.300107580225328,11.404894499819344,0.5561312653508487,0.8834064633649575,-1.4631513368399,0.2811837168726826,-0.04013771423736859,5.531338316537388,-0.1143732442397432,-0.9505240075274016,-0.04651411411259377,4.316508540568069,0.557900001040928,0.11383046014435147,4.1329606457766115,0.7587717321416947,-0.4205202751141657,5.739809738567977,0.5677826742528154,-0.6273593399986072,6.149393843033717,0.6017955311262335,-0.916195340941415,9.238613495415084,-0.2394570344543403,8.125399464017491,0.16787433004826116,-0.5147149164044045
2023-04-23 00:00:00,0.7336730554144477,0.10590030749844084,0.12152184558353547,0.14548737201799108,0.48075570050505584,-0.07458213395753627,-0.014686361342097066,0.6844231320455267,2.145617674001068,2.0019927845642895,2.4709502167792246,3.3990023640013183,0.8510055043739013,0.8176705967183665,0.1732622510101287,0.21700150222331238,-0.06298072901015511,5.364296693638998,-0.07240305516158461,-0.46392886391459287,-0.23372689989574588,3.033578511331281,0.5761359786123635,-0.7033754399448034,3.102305859464904,1.1262038861439512,-1.090568945618396,3.719912817035309,0.4544409111450915,-2.448872073787654,3.705044922864799,0.5836833537445817,-2.861556440119715,5.387047365435129,-1.3440680292909108,3.4832034667277427,0.11154578693126563,-1.7938104140471933
2023-04-23 06:00:00,0.76979980449203,-0.10997128228844888,0.010661437624722355,0.43528648453261715,0.25007934304207524,-0.022646509914086167,0.5537010961685873,0.7155537600909334,-0.5109765227062572,0.02253934256766408,-0.6672248864850164,-0.6636059724340514,0.6439804999672805,0.4637162031967874,0.4325516365978266,0.49126225139111535,-0.19674613988553846,3.1957168068722566,-0.0767794669156295,1.0441281290846889,0.25633470967660077,0.72173263954869,0.7045427224132662,0.1508687284624588,0.016417181560679815,1.212228598339714,0.3736414914604696,0.04322815408322241,0.7524927841249933,-1.9731273249447276,-0.12881238155904173,0.9604427013384085,-0.8705661633890996,-0.22397911779671809,0.18480476890963887,0.4500292563198133,0.9615370915991037,-0.3910417240699939
2023-04-23 12:00:00,0.6780443895329729,-0.40093693335238306,-0.1889680258643001,0.7161722183927193,0.008051229009917926,-0.1280883916463822,0.9199881184987846,0.5897191105414455,-0.8873650739061743,0.012131551921960396,-0.23124316422163205,-0.09250465363284036,0.6062938271053062,0.24062170827762897,0.5416996114683971,-0.221324923372751,-0.1879608508283581,-0.9239393943242189,-0.0918667670625003,1.2196958312629478,0.19721257545297474,-0.8206799429488548,-0.26137034162151546,-1.5015367400073198,-0.967219550153116,-0.03144244176248302,2.8647677993845546,-0.4153027719140593,0.8917141704051195,-1.0848773568190793,-0.6987409581532447,0.9669691685081021,0.2336937682770994,-0.5954219798575943,0.1997110919220525,-0.5450870036094676,0.9876022474253552,-0.0522927644095522
2023-04-23 18:00:00,0.5609889103296285,-0.4072641758939646,-0.19890050820696448,0.71006003368278,0.8401014593934427,-0.06009924933481222,-0.8815935904797969,0.4910795394918314,0.655375515421961,1.1821905775909027,10.780055580571878,12.849807850029709,-0.17367343207196054,1.102772198493891,-0.05477073461666292,-0.5194032386679686,0.017469037603565246,-0.23983408374270584,0.14055862015313195,-1.1101880247109956,-0.2512651171557367,2.431034393758372,1.1840232016750099,0.5053911056969889,2.1281305866289113,1.2125572499215775,0.16069397761322737,2.9401660040604694,1.11113452976609,0.24925774220035418,2.13773346023856,1.2065576043485213,0.36019641560130783,2.3816063961478804,0.0,2.311071921365065,0.7230847265809136,0.10370089165385533
2023-04-24 00:00:00,0.5433798243000535,-0.06381317102964668,0.11317916939244632,0.5455705898461628,1.1384822727901744,-0.17960590158558173,-1.2896746178544523,0.5037474068371625,1.3366052972951916,2.0734855351094597,4.067077205499068,4.547157089988025,-0.4643920984668198,0.9303939958417113,-0.44084798482892956,-0.553771083274622,-0.013438621550377753,1.1488212919497482,0.19203650820226176,-0.3567497544463052,-0.6163531250876044,2.8532629591187018,0.9557156364022444,0.4162081648082261,2.695410099115994,1.018245098323861,-0.037685586166701465,3.6959696877024792,0.9092109805105404,0.05430714677798196,3.6135980845739777,0.9628332147196149,0.1333558201205548,4.386496222373802,0.46294344603733245,3.8781727040088336,0.6431769597221292,0.33702931889203236
2023-04-24 06:00:00,0.5937797404139461,-0.2544809600744431,-0.0531253643622694,0.6520711204139336,0.3740110544187065,-0.13907257300316422,0.014236295629738726,0.5675143268972157,-0.3363810551038305,-0.1383388505771165,-0.686670690518173,-0.675276470527543,-0.08731506206179375,0.18151579174279633,-0.36583162182649864,-0.23700927935775615,-0.10223961327774575,0.8537415924709675,0.19876479976006106,1.8660616181619198,-0.3302546772391031,-0.12642780223816963,0.8254577422115361,0.5909470919088283,-0.2628896395602882,1.0742424284359036,0.2542091606821102,-0.27756000726468943,1.0807066334467996,0.2740746220903556,-0.36270292084254235,1.0358712711174993,0.2876664249291531,-0.3343329623255227,0.43452573088631746,-0.24017535908955845,0.9230675008491792,0.4312629626274635
2023-04-24 12:00:00,0.4624068233014259,-0.2910220498459808,-0.15379642152454542,0.5221185804641677,0.32545814854625177,-0.2470437303589524,-0.005574400091129803,0.4827146891863572,-0.5414792066969022,0.011441832178385843,-0.0850066735643077,0.0016419855687324566,-0.25755804009554434,0.009925845977325551,-0.3298106718220972,0.4598930737598563,-0.20154124312921742,1.6254172223814212,0.04102894077276759,2.11370555209659,-0.4300149858517136,-0.197562029302209,0.6845933456824804,0.5743149928247497,-0.31455467567080353,0.9348711130870511,0.1578278909780816,-0.3976921137920397,0.9659558469461315,0.24160301666687267,-0.47400966773728126,0.9435000522748169,0.20854000525735403,-0.5491483564500347,0.3824230396374679,-0.4365398692036053,0.790003043480076,0.42077965646141646
2023-04-24 18:00:00,0.668842555227994,-0.03104190055719639,0.07670368002600228,0.3850760930586515,1.380924216168085,-0.3340062344136027,-1.5345585524221104,0.5527914781418785,0.26217557669591157,0.7213068491656772,10.209952298872128,10.58638910147241,0.4798516812924273,1.3973787810996532,3.0832418477594046,0.05978633715651593,-0.22988524726378975,0.0759918067884921,0.07253439090783385,-1.0200010370910446,-0.7016089984593764,3.2253176093268223,1.4256835348475636,0.4332884623168949,2.653522031267129,1.4069506208494342,-0.0020021084603353747,2.797350159156675,1.1894921530237088,0.11138480226417011,1.461562198473648,1.2622958422969972,0.2023334569318718,1.3415121312358746,-1.75374845388321,2.265734866120907,0.7352689157080408,0.28369645761936285
2023-04-25 00:00:00,1.2467224321435106,0.6626725779741868,0.5305708168438275,-0.3328746078849462,1.3613212536272499,-0.537432201190167,-0.8624708870788345,1.1531752990675435,0.3622584881610777,1.17612237994428,2.997451757617707,2.9844624579369134,0.700867149715963,1.25506778272641,1.2758532597525634,-0.28767712861231204,-0.13514504499984215,0.13823388268065218,0.07892433821173071,-0.428969409925447,-0.9593214783664897,2.381225206356443,1.1450345856904345,-0.7321316255591787,2.0385342463024823,1.3246289138694218,-1.7974307327627552,2.668294073622023,0.8829254714300725,-2.0594185416160435,2.4820159622744566,1.2954005595380298,-1.8910377997846348,2.042317416917572,-1.3632393162768623,2.2635695998730685,1.024290786124439,-0.6360419584339919
2023-04-25 06:00:00,1.7039135308696403,0.5173246127434245,0.3521320040453642,-0.36460009350322037,0.45710366179624895,-0.44775415822824094,1.589617028730312,1.7644162731342794,0.31835221554494103,-0.6585376150202917,-0.6572345852618441,-0.6790206839097196,1.2670656306577777,0.4213401792487606,1.3993211554699991,0.3981887765505843,-0.19524536742498236,0.6557265287256339,0.0,-0.14622727711565864,-0.7427563102993641,-0.5722688541577828,-0.6364741492632663,-5.107488757594264,-0.5973753603931513,-1.3822494858348962,-6.283368914258189,,,,-1.3293931806979447,0.6350927373939358,-5.208372135494944,-0.14422477792454816,-1.264667834086983,-7.896694015723307,-0.8125583795816496,-3.8610108074876677
2023-04-25 12:00:00,0.6703877081949706,0.22985766094222584,0.14865199232485093,-0.10075361197461308,-0.046858729781272306,-0.5928911701209929,1.1934381077991143,0.6653471482482375,-0.4095111053404581,-0.8534597726975465,-0.3023134017589976,0.10085426975898766,0.8839238330887035,-0.026886543009628696,0.7302793698228998,0.2730771478367734,-0.3776263900604295,0.1480211994778846,-0.18424705757349094,-0.059960725303573895,-0.7847721477890273,-0.30106572794324354,-1.3095078010550696,-5.800208073425357,-0.2773347393960343,-0.8370226937269136,-5.402864753702009,-0.5617336364367703,-1.588609942473722,-9.007739682199926,-0.25818000325103385,1.3166704547156172,1.8332910922077557,0.8748330673961217,0.7972819094134136,-0.30810865978531043,1.677994907716196,1.2299480512382017
2023-04-25 18:00:00,1.554688005694331,1.1618559542798228,1.005499433459917,-0.5253067257996501,0.7340904262144751,-0.7277493263309921,0.46358524267714496,1.4405677505916241,-0.056192312363163736,0.45887968644366867,6.072489012763433,8.672773994228143,0.8328313821575394,1.1181172434843558,-1.3679481572778094,0.24803714614589817,-0.35384591607512245,-1.1832350229776083,-0.14817041147861004,-0.9234679164355252,-1.079110664557291,0.7565489168920139,1.3237060764272954,-0.36393323514709935,0.19110519516394187,2.1159684052579038,-0.12209350371438403,0.8002769184676256,1.2626251991746045,-1.563867028302146,0.41507986064343466,1.9228731226273634,-0.6883245458619717,-0.13522960695883274,-1.2785939991705848,0.6721963098119892,1.7509258923483486,-0.4685298398387421
2023-04-26 00:00:00,1.191895473619563,0.4814726898903856,0.32641054637587275,-0.3324460959345466,0.7211146608558109,-0.6386727396794765,0.216154193752418,1.186236869132693,3.0134669634176605,2.735612789319138,2.159738276622578,3.0490454555435798,0.8802740929801018,0.9767444903432423,0.0064020052847524175,0.3876271183547946,-0.3161602387059406,0.8439312949840561,-0.24665804932487842,-0.21050218181382857,-0.8911853495184746,3.3178111608152654,0.3633445947441189,-2.0007470366431135,2.9345220247429418,0.652618716985181,-3.869683805090859,3.7409536240724544,0.16216221788064922,-4.256099490731131,3.7912702185863263,0.7422124265935045,-4.863802739722146,0.6855805741763735,-1.688793144874239,2.8407000935922504,0.5377835058433148,-1.8535787245668467
2023-04-26 06:00:00,1.3945791536474808,-0.3204835721919874,-0.40647511977196166,0.042497516760859354,0.33940556223875207,-0.24914106883702367,1.4902139655705648,1.4283320618081863,-0.19449977056926554,0.7170289062668591,-0.65420892046839,-0.6734326613009394,1.071350536137946,0.4157952607894116,1.1242529953827483,0.45890097763584625,-0.3112830122079468,1.296168331629787,-0.2526967126330814,-0.007007426383604218,-0.3037967049283549,-0.42620815837609205,-1.2449822106403738,-5.641854371427143,-0.5068027836924383,-1.607787839513647,-12.033280493083202,-0.5614999153678997,-1.4596788438513277,-9.324993562946782,0.17463734759869814,-0.7251299182959223,-9.554092956843949,-0.8575315049703672,-1.660897933130891,,,
2023-04-26 12:00:00,1.3284994145364484,-0.2324666628544349,-0.35456526491951834,-0.06099904497922173,0.5124644781856723,0.055591152163951545,0.911418010116529,1.349833905759218,-0.2156363329874363,-0.62079488073013,0.002395164589064391,0.3201202092754654,0.7973423819124373,0.5031213787835617,0.37869576269781646,0.49252682368837525,-0.26996062518349884,0.4661531524614628,-0.09016085847695081,0.04521722560393428,0.04983454302004718,0.09595100521391269,1.2193145449213683,0.06257047237418586,-0.002280249700693544,1.6298181063810238,0.8760794948188322,0.2949062222349072,1.7183892697095449,0.16979025206877074,0.362667146150707,1.839842122819667,0.04472651495961264,1.5581252182791938,0.060191693421459386,0.7518084760701153,1.0608278357714471,-0.520482887910181
2023-04-26 18:00:00,0.9276141210723401,0.11606451945263248,-0.056330019680381066,-0.2682678476898986,1.3016052754448948,0.3743200712182937,-1.1348757373102187,0.8698487169137876,0.33411837630351365,1.5644663603140863,10.031734901746908,12.416332104278984,0.4826679787566825,1.4187238222288696,-0.21597507460671847,0.0035793863561119996,-0.04339490389196051,0.27989330772660265,0.27459606002209724,-0.5878973394423722,0.22776503301477471,5.095998016113352,1.2988594823437156,0.4213211699545499,4.573978846446663,1.434021161737637,-0.011243587458603415,6.2291473246383315,1.2797289677316699,0.028098298827255404,5.4756280152870564,1.609910231029558,0.118512132864008,6.4661589580260435,-1.6782367208813673,7.329459416330887,1.1392027208488298,0.31675763686071884
2023-04-27 00:00:00,1.059147218472274,0.5334066650814346,0.24426622022937766,-0.6399845746746052,1.3928631213470954,0.4312223754439089,-1.066898085572328,1.034628151282717,1.7627135874420543,2.366170276619884,4.185864309317467,4.76898962993702,-0.11690235651405217,1.1714903080045695,-0.28679456115894425,-0.8525007449646129,0.2596719174780109,1.2217887663441378,0.4961014350664844,-0.056917994999892724,0.15855923702108193,2.8198122374757584,1.6428533072638805,0.43643327070199217,2.561975312121114,1.71435714453195,-0.013208122570901022,3.6008489975430207,1.4985020790367989,0.08660477427015044,3.568065520864956,1.7134096159906507,0.1406570241455188,3.2870574550780134,-0.8219481131467695,4.250576007390392,1.3734730831651347,0.33653872514323235
2023-04-27 06:00:00,1.0401556088759178,0.5392709020266819,0.22152956402829804,-0.7041308103765834,0.6333192542910372,0.5198131786077258,0.24501983581174494,1.112415353050947,-0.10614688776127111,-1.980863402911102,-0.7043405822322854,-0.6795475632055085,-0.5053362579256869,0.2559228245461993,-1.0550776541911917,-0.9991026282338938,0.5070322321116865,0.5758306516041622,0.6043538098625753,1.4847754262095696,0.2982820728467578,-0.5986547506122036,1.3028983894298964,0.5932717636963966,-0.6345399432452761,1.6603204552384425,0.20131778353265575,-0.6988827312733261,1.678955987964431,0.2582020565099145,-0.7600672921483296,1.7765945407421513,0.24944274398669325,-0.6373821177992106,0.3703414721389046,-0.3890851118867396,1.8410144063450944,0.4010043643517944
2023-04-27 12:00:00,0.6264064543196302,0.1630628713420882,0.043482874242558665,-0.16596632734111444,0.21008129619281288,0.2872256040595345,0.5750077895843471,0.6712477534097534,-0.596298243263459,-0.9949678488425344,-0.20213746690860462,-0.11838318885727912,-0.06842152623965754,0.03820012815847586,-0.13010632011605,-0.5042012769848142,0.46276703236992933,1.626397492758266,0.4698548831122204,1.1179705080865203,0.08527800009289825,0.14649467781028044,0.9984880665046619,0.6617817193257063,0.021314442100955285,1.2913798750919343,0.3087040957172216,0.24803436951446647,1.3035607947576173,0.3714509601926715,0.29714489298058133,1.3678971787836627,0.2833281313825847,0.7255776529680752,0.3301576829879121,0.7841512787548778,1.2573376235329072,0.45263467296866794
2023-04-27 18:00:00,0.9489191148313406,0.4680413035531728,0.35298771972939263,-0.24125445532322023,1.6457106084314777,0.1586796208421205,-1.4768813459126506,0.9185947521081106,3.4039865965964635,3.0434013267504954,10.6388087813218,11.135668141081078,0.1802550332570453,1.4270789834113438,2.609715762466782,-0.6816578292881829,0.43139060602212903,0.7641906529344492,0.48982238179761284,-0.7928625633653594,-0.3813524247035977,10.124110333918944,1.6986168750978874,0.3763482395847886,9.148797460865962,1.7368164951952818,-0.1513558488476201,12.551166196801907,1.5517085489579405,0.0460209226981208,11.469565122496924,1.654285910973657,-0.3857618240754719,8.612182030536136,-1.8658002017458883,13.608720724341302,1.1771774911169623,-0.054471902958418396
2023-04-28 00:00:00,0.6773626643915166,0.22430753091299457,0.18193599985646547,-0.01432995863657313,1.6229008872506359,-0.14366405562183782,-1.5097980719082258,0.7529450694161175,2.909581148396587,2.4400039691145237,3.1750240915427512,3.1767738023244227,0.8006594932320708,1.3075948507375394,1.4164780008681808,-0.0776129031726161,0.37795600744648034,0.5504770943893593,0.37454220087611706,-0.6298308950446956,-0.8444851103832821,9.771259281133835,0.8511170317286798,-0.378980489328392,10.024586558978783,0.8784579141665635,-1.1702362568154179,12.929662416347407,0.7036627526267771,-1.9139237808949277,12.43190284919557,0.9815959162169698,-2.0623093440704143,16.168645950300455,-1.6510429401543156,21.810222100984035,0.25686296332730685,-0.32950538113177513
2023-04-28 06:00:00,,,,,0.8112259575677419,-0.09371439212180162,0.5927115603286357,1.6635386167193489,1.0435731058901734,-0.20076207745232455,-0.6882511705099577,-0.6684755450820127,0.820875233039553,0.8134983495638977,0.32804545121952877,0.9365483893185281,0.024855972491789172,0.8661863721623818,0.14441342467809878,-0.037624122895513375,-0.18852516162454383,0.7407095485088513,2.0350912639465437,-1.23569610351699,0.8990170739931712,1.8882020587541617,-1.5361926540577386,0.8366997499006367,0.8965111294058768,-2.8667906528639766,2.672853678539271,2.1659531422790885,-2.890957385625486,-6.506891676546034,-0.9853374686941339,-3.851623062136875,1.5076108963721888,-0.46797441180607935
2023-04-28 12:00:00,,,,,0.39587637259966635,0.3176796227993187,-0.3680222567228399,0.362312421327226,0.8468917319630923,-0.920677543374996,0.0019736898794140796,0.19199058683151515,-0.3445283482408859,0.06429900898254853,-0.6333017549229063,0.3684057083473028,-0.0701915682588387,2.7346509851701777,-0.017427346980328502,-0.08855880602344166,0.5026201930938823,1.2726204736239708,-0.11067273490329449,-1.2421407691167095,1.442938639855705,0.38107459351396394,-2.379376118828018,1.5147466166888006,-0.11251659343300081,-2.993804172341101,2.155104730282879,0.3716830190716911,-2.9003234023285542,4.287023881896011,-1.241215900760587,2.6414237175869233,-0.1530404551586107,-1.2120002912149501
2023-04-28 18:00:00,-0.41735245396582377,0.03519022187330815,-0.2350953694301691,-0.45962422403266495,1.0604929583966336,0.76028499993442,-2.223451666841266,-0.4102782125871701,4.937235843352146,2.9963712075353985,11.951814395516172,14.36635813425172,-0.7649186717274578,1.0720911534977557,-0.9490660256692658,-0.27610080084320876,0.2426677717563354,0.6622481081614565,0.32425116749434363,-0.6830365638857581,0.7143383249204313,10.856231717952543,-0.17771929955561194,-0.8709818294227493,12.27514721728005,0.08703306224456264,-0.7625209787126436,16.331867545743247,-0.03197640700575035,-0.4793734954181431,20.532155014601614,0.35931576169368634,0.09566101503621233,13.39103404301594,-1.5925260592025923,21.47791069459767,-0.5774560851574037,0.29649582005930125
2023-04-29 00:00:00,-0.25109519855270773,0.28931444465734857,-0.01877557552779816,-0.613224399517919,1.3838267056016222,0.901577592715039,-1.9588146839098548,0.10850820522874483,4.037159877313839,2.731565258802313,4.178951341767388,4.788857376186844,-0.4254714265283102,0.9935136832403576,-0.6068950674328597,-0.9368469654866179,0.7219076911053631,-1.161584564384677,0.7920432477498981,-0.14408271145720958,0.6078148217317085,10.573253451165344,0.6843988765938221,0.420076559117641,9.673425562897354,0.6836817550189551,-0.06749746922514069,13.237241441531069,0.52540048425047,-0.03482552768760851,15.093377225823783,0.9511130409989429,0.02499811417687869,14.79498658265568,-0.4784937074959156,21.038555946430325,0.006963026052197027,0.35337598468384246
2023-04-29 06:00:00,,,,,0.482084945752415,1.229792947322289,-0.5538518674157188,0.31302957307514173,-0.46532059514997476,-0.6974631409181045,-0.7062374873153681,-0.6855819663262003,-0.6038641493633565,0.018399714744202666,-0.9710099890900673,-0.7603430457748378,1.012737332557188,-0.40903535986798917,1.1288304753288338,1.3912744502611574,1.0848855453367827,0.9002495243540105,0.41219168211073204,0.5490199823307946,0.803269769001409,0.6170964602373992,0.13749786960055693,1.0029159440532394,0.6622793437943552,0.2617208258380133,0.5909686565903126,0.8650751754758377,0.2441070171865108,1.12143439528413,0.380789667472374,0.7985707106774762,0.3303473344087678,0.41831918982740196
2023-04-29 12:00:00,,,,,0.041300339115389585,1.2292042866211397,0.013430142114540166,0.15158179250312062,-0.7305956788440041,-1.3361146035599962,0.0056323510412594775,0.08707748948731026,-0.6774855016145257,-0.34555555939658317,-0.5547758609930192,-0.5193565876366169,1.0585681170739656,-0.2635073766202367,1.2081191176975843,1.8286486167964666,1.1690444123962704,-0.3168585257224632,0.25240150276105816,0.7120248629239949,-0.45433698096877884,0.4840030739333656,0.39907286830860045,-0.4939545553595446,0.5784441474524631,0.4666396896212487,-0.6111975909655881,0.7590462330139324,0.37649321996216034,-0.4494962909654108,0.14481718762940818,-0.6333525444728931,0.1736994797751368,0.49082198383634107
2023-04-29 18:00:00,0.725184199763924,0.8375289356971339,0.2277915060692067,-1.4256032274804185,1.7569801132258736,1.2386591025443334,-2.006741310251944,0.4089525998262926,-0.11149397043130842,0.8587624024290931,11.702949861622354,11.427119725132208,-0.08413007234740903,1.4910182720252727,3.836541202329405,-0.8634038437321853,1.2730038040365392,-1.087478405306026,1.375195192673981,-0.6858418237090026,0.8866114207596293,3.6583337614891676,1.024936366393872,0.49197300076523487,2.7893304013490066,0.8898789303423205,0.0985167595339352,3.4728141744739607,0.7475707120772721,0.2270280384663694,1.5571305640650062,1.56307647781039,0.23361441935693647,,,1.082776163415166,-0.5140334442125496,-2.75569143866401
2023-04-30 00:00:00,0.8078757758223523,0.816211158465323,0.2617745134457386,-1.2987871662345472,2.0548054030161453,1.0591045502936687,-1.8588571560468488,0.8929281759489921,1.4574326518873983,2.01482882368518,4.126640475794742,3.927824317442998,0.06871648469769477,1.3424041236101296,1.048083592705769,-0.9114755634427554,1.3212271711510293,-0.7341819437276756,1.4179047507552265,0.19604967734344642,0.4030949207440501,8.722105041564395,1.4410667411471787,0.3347753078089976,7.679417506590311,1.4724942076732217,-0.1539254546188344,9.77775945339125,1.2602747673593426,-0.047313643114888546,7.6789276627410805,1.6199290591009097,-0.21957283401680983,0.21107268369735063,-3.3332352748262726,7.194791807560461,0.7169192512033581,-0.22510639746904762
2023-04-30 06:00:00,,,,,0.7415853351499948,0.9639351254384012,0.08241500257661065,1.1535464165205398,-0.782791519562501,-0.9056781963961856,-0.7014076323175794,-0.6837285137044532,-0.3094230595475478,0.3676032399467678,-0.8672661251886095,-0.863602050314233,1.2888258200684688,0.0038004544076778502,1.322129992233358,3.6239715450138936,0.5340264562941585,-0.15736667031743592,1.2966892903139313,0.5428518028282124,-0.2474977524673418,1.5907727491821813,0.16165531879036926,-0.2926556414028619,1.6159438767637213,0.23395995003492712,-0.3233085406077612,1.683848498844522,0.2466690213231741,-0.3074101605145222,0.4232913061197543,-0.1510894611849611,1.6440949495814623,0.3937944560220167
2023-04-30 12:00:00,,,,,0.5066879261350097,0.705056372884684,0.08490041061802978,0.759139561737365,-0.6484266007678584,-1.1771245252561149,0.01757704626094942,0.0075218294332261276,-0.4557938133987258,0.04092669171923576,-0.44417489602459864,-0.8337813141266724,1.2087769201200873,1.1842219991284286,1.1261944764977045,2.9736932200238164,0.3746212416511104,-0.38213733752840584,0.947921036961813,0.5657020425897332,-0.46216652468590746,1.2333989508356442,0.12526375615988875,-0.48087121980110975,1.3139806254762423,0.2507146971394658,-0.4230090434160853,1.366490196439042,0.14074577581496858,-0.3178307300133572,-0.3529115810336407,-0.21490971798637806,1.2842841829470417,0.4099823786689712
2023-04-30 18:00:00,0.7219020249667564,0.8678909936154723,0.6484602576440298,-0.581053137022647,2.189632449092211,0.6987662065164896,-2.2362093990649576,0.5521476089779702,3.8739179689882004,2.5451693744605013,11.487345450788034,10.329871652068023,0.11008784916061154,1.553230264473725,5.379943838931483,-0.8683526409681712,1.1862281955018552,2.7518461604553472,1.1424876180951116,-0.7342328989476107,0.14335214453545014,11.646073406344156,1.3501461194432027,0.3253897003904443,10.354907948554803,1.3172723915792426,-0.23293279533895778,13.212041104028952,1.0501045769118327,-0.17724128582955986,13.667456421774567,1.2784993314379691,-0.10253976486391223,,,15.446756649836807,0.266483492844501,-0.34480458004008696
2023-05-01 00:00:00,0.943319041955436,0.9315590652809486,0.7319405088684097,-0.5555354143853173,2.193986656428239,0.54051551499702,-1.9498426025375986,0.9036993661925633,1.1719985637603694,2.088640669446912,4.603976834314223,4.260493182509279,0.3515774119149162,1.4439289569282026,1.778080430434461,-0.9448344329682906,1.1965099945855713,2.593122202132861,1.1300676647091528,-0.5057271870593628,-0.170205557496906,6.239934942205002,1.5779251652721664,0.3155154361538074,5.3018110115927355,1.5761108769565244,-0.2144968208945107,6.575110375810949,1.3513123396538476,-0.0867983575523649,6.235771011953583,1.58457351999725,-0.049180415991600154,-0.1969163094266126,-3.669763634447389,3.518372377714776,0.38918230547335775,-1.2716426685366853
2023-05-01 06:00:00,1.2728277564855162,0.87388152612507,0.5405987090336593,-0.8315543870295365,0.8980187238003388,0.5047398429672989,0.0525413004325823,1.380728796522995,-0.24070212862657514,0.19411242189914765,-0.6992367528689392,-0.6814280464003186,-0.16853117732241593,0.526319708649527,-0.8124651150137099,,1.2177995924289675,,1.1409393205403437,,0.02502669186102179,-0.1696626255290264,1.523749946731957,0.5198292315925048,-0.28905080446614884,1.8145857683382616,0.1395969844457288,-0.3508441826160303,1.8302227172993872,0.21459399066158175,-0.34575710692745243,1.8647051305555626,0.1989215042485385,0.07919275664273198,0.3935602077363478,-0.10853342468124631,1.8616778970895287,0.3628993446005706
2023-05-01 12:00:00,0.9775916111891013,0.786771529445193,0.5251752228743771,-0.6505508616173102,0.5807577636351254,0.3778719111931675,0.40801434572170475,1.1100464898457207,-0.42354049637457136,0.18717545287755577,0.022137134379997186,-0.0016419855687323241,-0.3052520351010858,0.1967984469762285,-0.3501041114338652,,1.1343021223335774,,1.078965552564392,,-0.10276651733757072,-0.622732160767821,1.2270575413896634,0.5447089981349028,-0.7240141224143741,1.5149300385924418,0.10656153944507674,-0.8130604511740073,1.5978002247671084,0.23770317810958927,-0.8691761543245226,1.6321012576804812,0.1064092573094311,-0.702319473276326,-0.1620552513295493,-0.6937356013126983,1.5031819006885692,0.13416587239566055
2023-05-01 18:00:00,1.0902908594206504,0.9114790370904171,0.7802586826396826,-0.4004401498925996,2.3680938438273453,0.320308494132807,-2.1278729676925163,0.8540253071761921,-0.36717222719110987,0.7047158121568504,11.450092842275241,10.30949283117233,0.27695358077210525,1.6667727179809353,5.470378335337215,,1.149541026305645,,1.1469909830395133,,-0.3683738973127994,1.363993441323852,1.4110382447515935,0.3240537438520413,0.6955551494489645,1.3335605003368347,-0.22485937679383258,0.448133020930998,1.223715732845051,-0.05457967300880848,-0.316227447187448,1.6584334546314146,-0.04446976446770362,,,,,
2023-05-02 00:00:00,0.37686260642741537,0.6868748565139996,0.6875948228335999,-0.04934735051820095,2.346112202812453,0.06242427514996684,-2.095282795212033,0.814000301878227,-0.007050997217049793,0.7177719890133943,3.5050784878644516,3.2098553336856996,0.7141710908088261,1.502261438800485,1.7232841814297146,,1.1495586626563863,,1.0625169452466992,,-0.6435004842248963,3.976344703785465,1.3598803979707637,0.27659932510640683,3.1392163815579437,1.3315443041504669,-0.22227403808671614,3.736687577954835,1.0983148648685241,-0.1626805268424441,2.474901064171869,1.2836326836171723,-0.0881641395575202,-0.19694661515312314,-3.6062980553204174,0.46455681940835186,-0.05269691211634598,-2.476157459953879
2023-05-02 06:00:00,,,,,1.0217536937768705,0.19423020767633242,-0.2102195999404171,1.3446537672754575,0.008706179296661622,-0.5304104391736749,-0.697423236360022,-0.6775578258012758,-0.03858097127895102,0.6997432360567932,-0.789901312851195,,1.1420073114480838,,1.0709237852094218,,-0.28883321280281754,0.2899882567074323,1.5517142480044221,0.5165240711015311,0.05105902061892611,1.8280098282790371,0.1466336516704705,-0.1513412990821761,1.797175885661723,0.20304505214490154,-0.5003948228125387,1.7956985637575975,0.16757822818905252,-0.589684401309068,0.40779054775517287,-0.1563957187647067,1.7624518806956477,0.36968348207975954
2023-05-02 12:00:00,,,,,0.8235560640751579,0.26658960348621147,0.29570644757765274,1.4429795636798366,-0.3654143650379207,1.1129288641090032,-0.04434278325580575,-0.06739544151548198,0.1286148494061345,0.5118065862109085,-0.05169000655123771,,1.0467480773976439,,1.0468425302918056,,-0.05792632680394857,-0.33472367377832635,1.564543660735242,0.5259158613642233,-0.5127823571200474,1.8402698414371839,0.08199941292772718,-0.6735180410319659,1.852924966988974,0.21105213348433588,-0.7998661877766463,1.8983980527155586,0.09239923049895882,-0.6530733640983377,-0.33822512607155214,-0.6219094773326143,1.805733387898664,0.08286418786400525
2023-05-02 18:00:00,1.1378316395534853,1.5663360755439517,1.1399620352566275,-1.2284120649071364,2.2791853362205865,0.40854103533323055,-1.813003824664131,1.2679777015319322,0.8043600859524053,-0.7494564160767635,10.126447210240933,9.078945976467676,0.9675904950525628,1.6282663645936073,5.808469237051095,,1.0667611432737065,,1.0903086455800637,,-0.019543010648736224,2.809233635726542,2.081444213736847,0.35884417149097037,1.9850297538051829,2.10482242315615,-0.1876054134587287,1.840991497147643,1.8712364095838945,-0.040887222448635734,1.1891943392514843,2.1000272494481687,-0.1157309704860139,,,0.20817003460615474,-0.13466630074187252,-2.888184556407844
2023-05-03 00:00:00,1.1390849372091547,1.3386511313219194,0.980464990454494,-1.0157921663153755,2.254608989574767,0.2668744381752401,-1.6637358640279718,1.4869530466401442,0.9225979369787549,1.1042946406673586,2.484485380570953,2.2675786840651733,1.057261907169323,1.4860710948931006,1.69154605533926,,1.0611968336087523,,1.0607616430823272,,-0.08557138152477195,2.018906646777552,2.056888933811099,0.2484883093613027,1.447525702520876,2.1238983633112385,-0.3312415537015624,1.6003435223947098,1.9090562540288822,-0.19487510652409207,1.5371036673088758,2.1434198424606854,-0.22208499635141893,,,0.9250263123391586,0.9235630813595139,-1.47178675180076
2023-05-03 06:00:00,,,,,1.071704553164303,0.5663116009034751,0.253821616915311,1.8334277247859438,-0.24609412894997815,0.6495428417422795,-0.6983853885210005,-0.675767713435114,0.012556352185786797,0.8259680063941129,-0.8379567958759064,,1.0322377460466439,,1.1208104583828629,,0.2288252713670688,0.04140429375876918,2.0613259010799485,0.47086836330341536,-0.0798162740233406,2.3688627520522103,0.062375172918053376,-0.057898000554077136,2.3316812696589073,0.1413296620032027,-0.11051713696641155,2.4117904596406397,0.11813339301497786,-0.21215652205553293,0.2624890845701921,0.22987991420945392,2.6533799553956063,0.3550278606766261
2023-05-03 12:00:00,,,,,0.6629848626205157,0.6373435536263342,0.4994319112942767,1.3162497658007368,-0.5335635451784877,0.25075610518276076,0.05818290205671367,-0.0021538091670730594,-0.340266539665096,0.3449384375072344,-0.46291229425249,,0.9288796689600434,,1.0848828895698037,,0.3138765777214492,-0.6329622296647454,1.4265186077005065,0.5149469422502586,-0.6712361489490305,1.7321484830605873,0.07088909439174068,-0.6269410725768433,1.785600146987895,0.20345981792278253,-0.5483715628114932,1.8141201737799746,0.07582069716638548,-0.25460248773651867,-0.49733243899463814,-0.19035043450477251,1.7791309805821258,0.0217954125063347
2023-05-03 18:00:00,0.7542675049433603,1.2379033445203536,0.9121682763149961,-0.9167301463526768,2.1633397550605573,0.5565459418160543,-2.0418767451591497,0.7606266435280472,-0.3095237368137748,0.4750398373020929,11.358131895953111,9.849077592803626,0.1763652631226805,1.6589129014073176,5.888060936105485,,1.0667457553314554,,1.136952674528875,,-0.04208805997715901,0.48110377383035524,1.4067104051067252,0.336570067600055,0.0671786807754905,1.37228574538912,-0.20828334251352318,-0.014177404265179681,1.2427137736826412,-0.038315351267882956,-0.18125772037730378,1.5361854624065774,-0.08903120908858048,,,,,
2023-05-04 00:00:00,0.858737428270963,1.0891233590880351,0.9097645808996238,-0.5552647554111272,2.2687611788103137,0.10100324969542546,-2.033684234160883,0.8756890010087198,-0.24762476486634863,1.5249102184587695,4.494069884512851,3.985649828945867,0.49837945383601584,1.543292506598476,2.1149462819367595,,1.1224115046521135,,1.024321101373228,,-0.613663068772398,1.6343981254017326,1.466946808385422,0.26843320220502,1.0031096484512951,1.3969898582569371,-0.25720519102266387,0.6670183789504834,1.1523447261003499,-0.17132932426905262,0.1694490946996064,1.3813503829908556,-0.14037354906370705,-0.3227822222873753,-4.1692684294962,-0.7700637084025583,-0.14762379807732529,-2.6648857048261085
2023-05-04 06:00:00,,,,,1.1238837107676982,0.10543207531985065,-0.08597220962217998,1.6115703685042726,-0.18502187230253642,-0.5084546023923585,-0.6904420726630368,-0.6773249586276817,0.29932945828581387,0.8794236673458203,-0.46202603148729465,,1.0666916141369214,,0.9146587488366723,,-0.3894883190508477,0.6914480265930537,1.8518494463327955,0.4721077760671747,0.3074038040939397,2.108805378116882,0.08970504638606357,-0.0349133018894056,2.0262728135481742,0.14737056608376908,-0.35140041418077733,2.0486770964164376,0.11245609280114355,0.49086090013210026,0.39959428665728,0.5439392902404384,2.06048516931317,0.3651178197026603
2023-05-04 12:00:00,,,,,0.9516781648936026,0.09822142122691922,1.0397698394299475,2.3329113633238228,-0.37742243488887406,-0.2578461359741113,-0.32825642566103214,-0.23676455547678785,1.1554762769141738,0.9946103407380396,0.6650561248984288,,0.830882177299865,,0.6691306471317527,,-0.29260498638536875,-0.3212180602802675,0.7117245032470301,-2.1705938473872686,-0.36358057762104184,0.2206053806640346,-6.356163856088124,-0.4762168857429351,-0.052053082575963895,-5.6531155357833125,0.2612147550788264,1.4875605115206405,-2.191796926427323,3.0092002639844218,-2.312658816225395,-3.4623012604563432,0.7137894585529557,-2.078747157200904
2023-05-04 18:00:00,2.3832573708564397,1.9275421446225376,1.8671229666918976,-0.529488894918484,1.616300794610222,0.000351069786010977,-0.021795021743027644,2.5401185097881718,1.1233668401316956,2.237102971804202,8.878131023632966,8.26653591029755,0.9103669807026579,1.5089840146732945,4.640996509517108,,0.8800432507021315,,0.6691019531158304,,-0.5803001411939839,-0.22998234743830745,2.747372633799354,0.14347620267489125,-0.692522840349012,3.5966076024203626,0.7154033898464903,-0.18368398556396437,0.8041422274408786,-4.617537272796618,0.38492417748738555,3.623884222817048,0.42129961008523925,0.1877009997151102,-4.290802144277703,0.3201074559665586,1.5706885658085816,-0.9759974364112209
2023-05-05 00:00:00,1.7187353428734182,1.5628499250494414,1.5624903815958264,-0.29636736349059334,2.063020755834033,-0.2802858231385355,-1.342347424843543,1.6800846914248107,0.9092592054963989,1.2730475498948064,4.414651099729862,3.850265877448024,0.4891782136639009,1.4843418007720959,2.213630000249272,,1.0465470531538028,,0.6867702159681809,,-1.0260288888291655,2.2610405753985385,2.020775146650893,0.19443726847081635,1.7775680104722884,2.3573184805419016,-0.48453274321824347,2.2959304508300717,2.1464293807440877,-0.22440800971630132,2.1974535754757025,2.626118498305202,-0.2631694671126624,0.9755795298422356,-3.8526426430250384,3.754080032200676,1.3854507046816789,-0.7052237853509358
2023-05-05 06:00:00,1.675823169690617,1.46474106747565,1.4024604387951534,-0.40429636834593563,1.1781652572354813,-0.02577749696306685,-0.5125845527330378,1.304080196042161,0.13093872262793413,-0.44985095790029933,-0.6981038140784354,-0.6803245129603827,0.1093209544854259,0.8212313436598059,-0.688257344317105,,1.1996666588353722,,0.7040419742760141,,-0.5005219881152435,0.33656208957466366,1.387680355643539,0.3963689908384039,0.020476281424266114,1.7606772517412603,-0.11933242326198724,-0.32889573104574615,1.681925405147209,0.05054353340556788,-0.8714071618198281,1.6860634644416037,0.009572498238684418,-0.2324835083013708,0.25706145770670874,-0.7441937231034411,1.5532788536265536,0.31991242247356433
2023-05-05 12:00:00,,,,,0.5385970312348026,0.006423817428236032,-0.08374859855394783,0.7084808639558298,-0.3110105496423737,0.5994052053533168,0.10438751001233043,0.0299290293549737,-0.5613067937327045,0.21367704839486343,-0.6149591124842578,,1.0706913986558233,,0.5592467969623497,,-0.29415837633660225,-0.13022559770019965,0.6801939851402731,0.5198649316967424,-0.3937643677231914,1.056537784621865,0.10025173899931716,-0.6132234414063481,1.0870446241296752,0.23505638698874617,-0.8582275496619407,0.9817411533659827,0.17700915358893465,-1.0026937608007347,-0.32225751404136377,-0.6329100719701397,0.8317595365355952,0.28277615971497777
2023-05-05 18:00:00,0.460494897590261,1.4213642635335098,1.4136561027604482,-0.2729109631969942,1.634085670213734,-0.054842446426949146,-2.008346877903351,0.24739033081926584,1.2156488241034076,-0.12839996351333333,6.208134910154681,5.4525598428199915,0.6758516096305355,1.3998041935168684,3.576509828478212,,0.9514175166882237,,0.5235886500343239,,-0.5362365524121115,11.809094913292578,0.7608644228959122,0.3104947994221076,9.797129087658218,0.9101314964600862,-0.2462906747693753,12.141171100438223,0.7162743338001022,-0.15322641177230542,11.673924316195981,0.7230277322184361,-0.05130819307828677,6.0065691592831785,-2.553299917701136,12.487995110473728,0.045171217962380036,0.1196409311316757
2023-05-06 00:00:00,1.0423633665163148,1.6584446698254123,1.5962328676807267,-0.45824755302085146,1.2694101916002465,-0.015914158675841113,-0.9278691579742661,1.0215121348258092,1.246277466792549,1.6372229269707905,3.066129844702287,2.7686973605513656,-0.0630873795552361,1.134144655539462,0.787022946494531,,0.8775287603873376,,0.4914046726018103,,-0.6261840862272915,3.5838873798492785,1.3249853150346513,0.24248643888054217,3.073674511889612,1.6731811796234064,-0.20119193289654333,4.243436147544735,1.5228388722530113,-0.14635696470082998,3.6102974539505084,1.5251848757890347,-0.14487773645952345,3.897308068595857,-0.3332116889796302,3.0891700448516937,1.2160177930629765,-0.05203425404763253
2023-05-06 06:00:00,1.0475348189043043,1.3730318993984927,1.3087581265223942,-0.38303800005850897,0.7881140660435758,0.025680789601354753,-0.2545209392948285,0.9673405388104027,0.2541433223748238,0.0745597440619709,-0.6849863290605241,-0.6777159016289556,0.24741475576862923,0.5844219941825369,-0.2538636306601669,,0.8679432241896557,,0.5022110049772817,,-0.2925136529285666,0.5259275574919696,0.9038477051466707,0.4312586216510429,0.25676972955113575,1.2865242608639327,-0.05096922811502555,0.6108772962400925,1.3101146054066863,0.13036026666768138,0.2403631770507183,1.1590246015726575,0.042428864392390506,1.7165859563588444,0.22965881424524795,1.0221734402326,1.174324659385372,0.37692980610500904
2023-05-06 12:00:00,,,,,0.7139160628456706,0.10863275155329581,0.838408335469981,1.6455643162661882,0.321431496216642,-0.420953149763483,-0.049346089732424464,0.09728045480088406,0.9461741339158452,0.7952487064648913,0.5744224460304344,,0.7392298855475862,,0.3624108880802851,,-0.04396501683180067,0.5298572194292103,0.9188512328336315,-0.8871517294326627,0.3514231092069996,1.391177548263366,-1.7285955463260403,0.962748937663989,0.9897594224333718,-2.4856816582451966,2.0425019336660766,1.2194358616284113,-2.154636396216356,2.099984780342859,-0.8928037594123752,6.062100240745616,0.6779929363732462,-1.6378670414038807
2023-05-06 18:00:00,0.37251449324195657,1.4439475187612076,1.2731971482940247,-0.6355534890070532,1.4710219824790371,0.25011786997766405,-1.6390001194685542,0.5186184548187014,0.6354787864180254,-0.5803836905165902,11.530744724801957,11.454581069979234,-0.04330580464292088,1.4452186098693753,3.547812552683817,,0.6179015900455103,,0.6455105940334347,,-0.05705778072556699,6.8992791365364985,0.8047941925112745,0.3592996513571114,5.513763332577598,1.0271802003330561,-0.15974224261911968,7.749654298092893,0.9652994769101259,0.06419043649211738,7.285075342152278,0.9713244074859654,0.0025058353636038745,2.744610633052825,-2.531588140595316,7.894131769691368,0.5959380157882675,0.29531140742455797
2023-05-07 00:00:00,0.4223055189409832,1.2353971480593833,1.022125407391643,-0.6702372490488985,1.6886917375432728,0.18521823142341873,-1.894544328331955,0.4575477992192861,0.8412985741362417,-0.5421645135692229,2.780970428444592,2.3866671926905334,0.7375737398548319,1.344136006077832,1.7703591033817667,,0.5679997354739086,,0.7572319475256258,,-0.3886633588351631,10.24469764065707,0.5949178478768915,0.26336026050900674,8.6070722716362,0.7813531950389313,-0.3082969188544355,12.660291361278933,0.717246504017937,-0.09284884146642602,13.29714373307427,0.7022607465608457,-0.09249309998495511,9.1324271613279,-1.5543176067908242,19.14150152776747,0.30686937742868003,0.2906074268871882
2023-05-07 06:00:00,1.564235539949099,1.7573868667611605,1.3565900734805472,-1.2258726858825293,1.113786856051418,0.3010128656568644,-0.05784819575901677,1.626813648562257,0.20508539661771696,-0.76974021854923,-0.6731726702625316,-0.6771564920236668,1.0240721036002807,1.0664184406749573,0.4280026492630626,,0.5850572413355273,,0.7694958738637623,,-0.07210319546903325,1.7387137757756095,1.8438154787762742,0.3401645351821243,1.246944981143637,2.211650686127376,-0.17042631650090645,1.5114593140142543,2.0990406937880217,-0.12709426886798414,1.2241061917118756,2.0506255829578643,-0.028451700337981542,2.139341186817837,0.09237634909314585,0.4671598793047297,2.1875104459343593,0.09542230847343622
2023-05-07 12:00:00,1.998406576275334,1.4817029333758043,1.028899191504768,-1.2625370707183812,0.8112683225416925,0.3565770264421576,1.142943362366835,2.122600267643921,-0.15934490228536102,-0.6929407383333558,-0.3113626356962116,-0.14227234044025447,1.2189224046544287,0.9912916851821519,0.6408516249158706,,0.5881500782742557,,0.6667358482798067,,0.07910337191258966,0.39735653695120704,1.4743594984320936,-0.42205145956510715,0.26045437341768857,2.3674447238628185,-0.7988372179446888,0.5177812133296054,1.8780432273601324,-1.5207244816727392,0.38455498008798306,1.7771343038536607,-1.9060663684986505,1.3459276831791327,-0.6567355541485591,4.140000952761863,1.6074318745155354,-0.053795627611185524
2023-05-07 18:00:00,1.7765848274423464,1.190978882631956,0.5725894155869098,-1.5432315067111069,1.1313474160389487,0.5333979781249496,0.07134159517432723,1.7680831722573032,0.3893325298115782,0.1615236264408345,5.209169673407941,5.857628353092565,1.2320750231281705,1.3217785551211396,1.7897368022259292,,0.7327980636758119,,0.8016423424318259,,0.04362440052809478,1.929918694105381,2.002535271013217,0.29312049344630053,1.3389072598442624,2.3351631557581833,-0.41008565035266836,1.5056529195085424,1.732953034278262,-1.3654116836296954,1.250206537185332,1.7030739270416722,-1.8590119473295257,1.3141959305825752,-2.2610908716940314,1.6276826865339842,1.5337112137026894,-0.8190852297031614
2023-05-08 00:00:00,1.4245979776036892,1.1434883973860086,0.5618107484418917,-1.4497322812312599,1.5598367025989626,0.4826981339184322,-0.9188658414495124,1.4494523873000782,0.48254454971752647,-0.30561103681433577,3.133340167340273,2.700846025791892,0.4193347806948105,1.3155067015190625,1.5475437725762677,,0.9196120163770509,,0.9340202518778518,,-0.06346056235967248,2.3884350354043264,1.6968070403983462,0.3058350303817486,1.6999175917952187,1.9907184716820625,-0.26895687809582314,2.198289635430991,1.9098252702463467,-0.042530632097996936,1.5837942149510444,1.925708421329041,-0.05670697801995735,0.40196886357568085,-2.0784307930905737,1.6052250499317744,1.8947102017445534,0.30189212533469234
2023-05-08 06:00:00,1.2843565770853282,1.1753051031175648,0.4806464383149459,-1.7055430604355482,0.7067939972197873,0.6236838767631618,0.49739238098465455,1.4162838199121606,-0.2539429977194607,0.8232017473963423,-0.6882869880957275,-0.6716424278961389,0.07731492213633483,0.577758440680935,-0.5050395106586358,,1.10206519340841,,0.9993648139082725,,0.310654125904507,0.03415454562332426,1.418810203255413,0.5075517432664807,-0.118793352821623,1.8654594169747278,0.09849438901470606,-0.07614920803560034,1.880587597220249,0.23982667230749663,-0.22816131314709323,1.6592186594966472,0.1941801886746976,-0.2776719640047552,0.3038309112126442,-0.030176873622740078,2.015028458093171,0.4216201041580626
2023-05-08 12:00:00,0.9064619000837971,1.0692650920435887,0.4292693903483115,-1.5564579788322712,0.5004443790561497,0.6328593317968246,0.48570447440378955,1.050777754550556,-0.4565683015548679,0.5029673799966069,-0.03790873491599088,-0.09248595525471623,-0.25864077049909456,0.27586066637698786,-0.3312400527396038,,1.0993175900759817,,0.95807053696849,,0.4306876097407485,-0.34156376081374906,1.0307405787392245,0.571629163605865,-0.45150872527183633,1.4651430474720246,0.19864708473285056,-0.3583017491883731,1.5198675166295388,0.3185628069893533,-0.4015347413584855,1.2732862947111707,0.21364410466192188,-0.4501576612896641,0.26310222812631184,-0.49544403002751736,1.5356672874075905,0.44993838757796606
2023-05-08 18:00:00,0.7859228627291469,1.0876907225188166,0.5868531558280043,-1.2574688363011346,2.07709104548198,0.5892317422136732,-1.945458638174556,0.7964316705058022,1.1700917616714661,-0.31054760650215285,11.240010154236469,9.097796016007829,0.21232935263935548,1.6038623880695955,6.955461479588848,,1.2294172389821663,,1.1361505023279608,,0.1994399057200576,5.979304163158003,1.163305412172941,0.3101020103187232,4.595514760891507,1.299892909169945,-0.255406136067478,5.283449784234628,1.1650977130978537,-0.03371490233897132,5.29916657654435,1.2141462349481162,-0.06836465709673617,-0.5601456628576192,-4.397841439778468,1.0760868768141318,-0.24958476496109439,-2.582914639941668
2023-05-09 00:00:00,1.385441877397321,1.3851546000445691,0.9246909437277551,-1.2523120624341204,2.0149053415042664,0.4658469009856978,-1.533186327702612,1.3282405257826306,0.8005957954876483,0.5250382672044174,3.07589053598559,2.5770952060704646,0.8411504720529906,1.459086143290317,2.097450838689279,,1.2688851260181107,,1.1764172551982444,,-0.14979041648997457,4.54556354706896,1.405377314515377,0.21542671014701228,3.5611489383340627,1.638444645618542,-0.32463402262424684,4.08346828454099,1.5019744809634765,-0.14628640203219934,3.8008070226129766,1.5489417091427637,-0.08656298338309082,-0.8143469996905897,-3.9718910960419764,1.6784089596033689,0.8163325386301582,-0.4844523541700614
2023-05-09 06:00:00,1.1600054705876008,1.2305173435282122,0.7075415665399521,-1.3457443601829044,1.1608694681631728,0.5129683661984483,-0.5610933811486793,1.1990745594315166,0.2769374984070494,-0.7254213270798401,-0.6991697739319694,-0.6791286529296332,0.06689137191931513,0.8026146587579086,-0.7356162592670119,,1.3173902643330788,,1.168955638125408,,0.03406629372132193,0.894452958855357,1.166237754047768,0.43271039312180454,0.532566065725878,1.5327435728889671,0.01034644706930172,1.0429592306293987,1.4884222941403147,0.13200183668556847,-0.013563987299436923,1.3332262588579278,0.16386969656396166,1.1086977113817853,0.012319500595848434,1.0688255140845608,1.280573031777796,0.36028623840720597
2023-05-09 12:00:00,0.7060781508192265,0.9748197819399881,0.5329524081862709,-1.0970622534002092,0.6325072226412036,0.5002584580323045,-0.0971153605985259,0.8303387841291506,-0.3613060059396093,-0.13918794360338377,0.18238163074440075,0.06254860520574052,-0.43849423977761887,0.24793204734483063,-0.36861986724711276,,1.381333805726347,,1.0926430859693035,,0.1307844528163657,-0.30308624772189247,0.7078955431579341,0.5426006793268675,-0.4982489851036517,1.0932998726814112,0.15536013644923297,-0.7087556659613785,1.1338719883558948,0.27567421958856797,-0.8567138182867692,0.9172288993903187,0.18022200419425796,-0.5453513843641435,-0.6681677613541726,-0.40401123344793055,0.8517869881410527,0.2415773744412191
2023-05-09 18:00:00,0.5322485626552614,1.1158711932997534,0.7271104421825224,-1.020391492223096,2.2885741020071535,0.5646742350987579,-2.3386504887489403,0.46914341725557585,0.08142955137321102,0.030598901039849753,11.509999445292818,9.173979699288736,0.1557222266691698,1.710369093306992,7.195174604975237,,1.4015564423214182,,1.254940662582358,,0.04933582631543523,6.656851768749819,0.8254709048144616,0.28426416680502165,5.37035218659672,0.9308111002912869,-0.2770245843354468,6.144235401138191,0.7723345659185592,-0.07009005403059758,6.121836145726025,0.836685439826085,-0.06099501466161191,,,,,
2023-05-10 00:00:00,0.9435534990533875,1.1780489773754725,0.8346382867433406,-0.9386435129069188,2.3075848099434397,0.38031030713833636,-2.1149508550324696,0.7737868960192663,0.8811496820698751,1.9443566447819052,4.513365070865529,3.682374282512526,0.19174678281916263,1.541687892776419,2.2062038029761877,,1.2887349296980148,,1.3004284344460304,,-0.29236977884621074,5.273033209468112,1.1911234978425436,0.24867163370816778,4.338964561621324,1.3417119223036764,-0.2954653522331018,4.022893537290575,1.1037828970655637,-0.15284317339002737,3.553734719714828,1.1181652283697179,-0.08716640903669337,-0.15601180646608764,-3.6163317443024576,-1.1641380524497675,-0.2153653141120542,-2.417633401554706
2023-05-10 06:00:00,1.076717558867078,1.0988096187164742,0.6044095824633507,-1.246504885420525,0.9081478935682704,0.41896154883095965,-0.2117293632793902,1.1712085328930582,-0.14657020063795886,0.48479530000500104,-0.7035126934848646,-0.6802401809558793,-0.26435241072670407,0.5246022287142436,-0.9572980264689994,,1.2359911581659544,,1.2169322346962876,,-0.22673397697799832,0.4417223498523977,1.1364470280914638,0.503739265323228,0.20763372754194145,1.5555069511228885,0.1452331858432023,0.18962855028098585,1.5432855956740688,0.23108044316181506,0.15093424280816758,1.329519520506817,0.2383929415374053,0.056836719093448354,0.3417642423899685,0.4275670883343452,1.347215209706319,0.3367054259832966
2023-05-10 12:00:00,0.6954343179973141,0.8388762329757465,0.5888284930907401,-0.6398639215831254,0.6136603542752804,0.14460193036255764,-0.07687460318877508,0.7985566408525214,-0.39715005878894816,-0.1746402565731553,0.1988392138495318,0.06985143922261834,-0.43475556042487995,0.2082370589980064,-0.3056352427869047,,1.039679882814142,,1.0085958444638932,,-0.29214537158404347,0.002606573886158796,0.7008315891657916,0.526754524073817,-0.23794679275463282,1.0813185833097114,0.12917628061770825,-0.3683304016868278,1.1116008943867206,0.25367110819435035,-0.4593721700207313,0.8576067557615978,0.14751885384504648,-0.1339496945042874,-0.4246482724026258,0.015731049301631207,0.6994737734515164,0.21338034559191396
2023-05-10 18:00:00,0.2709322477357634,0.6869824273498716,0.7768796562284123,0.14552293120087284,2.4054990587008063,-0.20296761383620543,-2.575761118928231,0.20683606348581363,0.20549807722278152,-0.7022011383722926,8.231874193677625,6.603725747464865,0.6238265616248023,1.6656988363285399,5.461651683784101,,0.9289536357501194,,0.8734874914742996,,-0.7105147487775897,19.454454190959684,0.33186090812450314,0.17963698657585028,15.793408019687506,0.4511756752698089,-0.4495420319474606,21.2740701959712,0.31492158637085677,-0.34613247253999757,20.093119987049324,0.2809740609969652,-0.5942971574170948,,,-0.12992191861336977,-0.8955432545640428,-4.061369466508509
2023-05-11 00:00:00,1.6480801128760598,1.660802811323225,1.7199386625720616,-0.19369623533850308,1.7280067114093367,-0.29802525079323533,-0.836299748725237,1.634492449007884,1.879819521636734,0.595750351145215,0.8012248351513032,0.6401966107653911,1.3602512206529818,1.3766681640607734,1.4600551472672338,,0.7726718453267064,,0.4948884588833344,,-1.0933674801581947,6.8197371301666365,1.7293442937759833,0.20173302283090358,5.470571853011368,2.17571972524192,-0.3359191479893721,7.3936054325088065,2.037473835866904,-0.1844505431789329,7.273834343053988,2.0332078876116375,-0.1340388625026161,-1.6255793870932518,-1.7507828536525658,2.7534020121801834,1.707596931663381,-0.5339271161856605
2023-05-11 06:00:00,2.232921686374326,1.737703703120812,1.722760673893861,-0.3770769639204093,1.2116651891318506,-0.2607683220175274,0.5063960906442295,2.340057403044586,0.9699534801503105,-1.470521236451301,-0.6773380292446849,-0.6742197238465495,0.9325754553587219,1.1531670738312978,0.2057629223120869,,0.6134681928333721,,0.3161651030383341,,-0.6374378412138882,0.6335722044935618,2.2281593508049786,0.27542190462509997,0.27150487752450136,2.3220632832192303,-1.7093787305624661,0.17913773599621766,2.204358341368686,-1.5619422356394905,-2.9906425683425915,2.585989568929856,-0.017876491683193593,2.503062442857462,-0.212373233573221,-0.26813071404421357,1.6301094793068889,-1.3284231701666733
2023-05-11 12:00:00,2.2337158857607418,1.69631676779838,1.702731045988816,-0.31884033775813425,0.8837970956199004,-0.5076888601927482,1.2689996220372781,2.3579770521707872,-0.08728520078246117,0.2925723295435383,-0.4260980580253244,-0.34797794836239815,0.9321347336957507,1.0093500542482565,0.3168429891699748,,0.4882694205639576,,-0.07056995430540568,,-0.8779655837520758,-0.48532031390528285,1.326864769661303,-0.19731643531217977,-0.13836255269099249,2.5952177243621897,1.9706762712192136,-0.0540003449548938,1.5110441098499554,-0.47009376603268715,3.2192895866462496,2.1149066860141303,-1.5038669492237438,10.526934475505923,-0.3051456923950815,-2.6106748376825952,3.6128828886789526,-0.14713551339797545
2023-05-11 18:00:00,2.7522941810576835,1.0364810222469971,0.995802231445781,-0.2374712692724796,1.1165412893384123,-0.310767529113965,1.2499772262933089,2.8570701624057624,2.7162006081260586,2.1944818891205036,3.387819424436018,3.7991839965031606,1.6677627783159683,1.2700789040511675,2.1081579178864436,,0.6029278903182809,,0.12374661423279901,,-0.799845337792426,0.22161475255953653,-0.41576512826685197,-5.473748427113788,,,,-0.6064336256234789,-1.6372158614456491,-10.052201160498745,0.580653622044098,-0.6105700784484098,-9.938914309151423,,,,,
2023-05-12 00:00:00,2.8417298228234595,1.3277066636238632,1.203262466525426,-0.5018833859395698,1.2611217539398327,-0.10801431270123157,1.037199880115231,2.9798261934125727,3.092434523915322,1.8898959628697776,1.6848119042442813,1.558910679035166,1.6419341817095476,1.2868775000533654,2.238146137534869,,0.8586410481967264,,0.39182993801645544,,-0.7394407418587082,0.7507608049919517,4.599348267430892,-0.7168860219436742,-0.5354176114714694,1.3894030519157148,-3.744402744950421,1.8010807186519673,2.347070762179639,-1.545378703528709,6.997011266604378,3.170574826609481,1.2942754522690938,,,2.819767103486239,-0.7386630462855904,-2.9895417185217408
2023-05-12 06:00:00,2.3592197660654035,1.7143020945732501,1.3592540863931555,-1.1138533425640071,1.3218537907149952,0.21759279174044505,0.43954447451735384,2.5076221985400955,2.104864622804238,-3.2342507445388287,-0.6434851478782027,-0.631905404169165,1.3399477960169919,1.2299635855498066,0.7129840602762963,,1.0262053951598207,,0.6553408081606412,,-0.22875192581753706,1.883681010053446,2.843839575631246,0.26137548130805893,1.4483423025719075,3.5816029285148927,0.03142504070159395,2.8829140497142816,2.9287535399115248,-0.09641761036597016,2.8567149595824826,3.8733759422928067,0.07936407409312685,3.887921569786592,-0.07122049789794029,4.501039355088283,3.8074488436178795,0.49155690142416975
2023-05-12 12:00:00,2.0154428735904624,1.5776693177522922,1.109424813124244,-1.3230869557858058,1.2809456412183786,0.3914808718614186,0.1179910113229849,2.1001387067835093,0.8918158367365817,-1.585438977918939,0.04580057782828516,-0.06567464325401343,0.18362991873305623,1.0908406538869035,-0.32804498686328654,,1.1068854461645241,,0.8166078556564522,,0.06088760233799913,1.684390532513692,2.3396512580308118,0.3372296175402996,1.2403053468031038,2.7848102315246885,-0.20346404578120134,1.876871352672733,2.6525255975148245,0.00011153239950161366,2.7752814178905676,3.2173311239577154,-0.07437659716742202,2.4531523624376415,-0.17274803626856788,3.9233199166472303,3.0641611574988503,0.3445956909787845
2023-05-12 18:00:00,1.706691607937333,1.4133963895980923,0.743775177582192,-1.7173218792240814,1.9021314555435556,0.6721596844375095,-1.1526555049794973,1.706137277914162,2.2675334860357723,2.809082472871668,7.998377374144457,6.38518254277207,0.8398986529621165,1.5848806142248104,5.724717591395454,,1.2869832938094627,,1.0858217790341353,,0.17723926430581022,7.123426188843451,2.2610216750637404,0.3080501821828756,5.882591226902055,2.535872629543144,-0.2638409430738284,7.797130266480512,2.3700776592476474,-0.02798864161911591,8.229225329895819,2.9538264454678385,-0.06484213975820866,-0.400398383439727,-4.465355880462867,9.82824061956035,2.1537576598267276,0.04834818849504611
2023-05-13 00:00:00,2.144572438472076,1.6875202391459054,0.9227112157787438,-2.0019215526979646,1.9534428308611569,0.8019929199612397,-0.841166322663317,2.199389299346636,2.7363464548263434,1.122680809524218,4.136315990359635,3.286716359867754,0.3662950929709423,1.484475948343565,2.384999456734864,,1.405672409956456,,1.256505408990446,,0.23105713561259683,4.863959093903562,2.7107786850936315,0.27441247641690586,3.738959917997752,3.0007132546143254,-0.3065749029169996,4.632339338828453,2.853687337984418,-0.10028807408612883,4.356894924367153,3.3492226330307964,-0.07508937430464005,0.9110529022108343,-3.1140055278256638,5.782291456071731,3.0501262353211813,0.2051096036227223
2023-05-13 06:00:00,2.0779043253476948,1.6468856918590222,0.7354395733472676,-2.311053276927147,1.2967932125859458,0.9202091524857156,0.2414353012727403,2.2306362988854618,0.4434434808326688,-0.6782861428127878,-0.6948343637864709,-0.6802790911193818,0.36546040359059906,1.0906582194655907,-0.5660860951574485,,1.568950188706312,,1.3013752779316978,,0.80713217663596,0.5401525644033266,2.5178898811074606,0.4205482764949596,0.395681769225029,2.891639341675537,-0.06812483972234207,1.0496722001496905,2.853629710388405,0.09659932375798828,1.6426602783860142,3.143857692796893,0.11713154360255117,2.937768298805586,0.2612513156060227,2.8926419938306647,3.311825590115679,0.3510178076268079
2023-05-13 12:00:00,1.8252520513047958,1.6649967680893678,0.6439695606407586,-2.5556053896172406,0.8804292639902376,0.9954649886949557,0.9342677927813945,2.0826411846379393,-0.2575493440314659,0.4707981927914253,-0.15493606069368557,-0.22705014398555098,0.5859793521315396,0.8086991365606448,0.358354283294469,,1.549792977608685,,1.260356731540758,,1.0910081161918594,-0.04559171549450019,2.287481723843928,0.5616671081563743,-0.16839719389974434,2.660918455396367,0.17333301576474172,0.02699163082019502,2.6381799736256055,0.3039802734982441,-0.26840924757310836,2.814096707301123,0.24040278924074251,-0.5262678462624145,-0.009734339390481671,-0.4429361903300096,3.0474150261210546,0.4359613484304079
2023-05-13 18:00:00,2.124572770672504,1.7891556654696619,0.9618433072527333,-2.166911862465663,2.098615649001673,0.9916380376336027,-1.0544186437676368,2.1129780887730867,-0.35823180520661935,1.2127150647263594,8.777727544755352,6.9657664704357085,0.9988530243735418,1.74205228297858,6.435049406622906,,1.601237456495212,,1.3829427079851422,,0.9486696123957578,4.605358942817352,2.4753754741524276,-0.1047921319571741,3.815252649242199,2.7620823790326194,-0.8677893267290006,4.768770679651091,2.501809135267262,-0.7559089327922315,3.913171758461263,3.202563140428814,-0.545794163850451,17.032473716708825,-4.188409892992434,0.7679067189270362,-0.18788263102946773,-3.31781233878804
2023-05-14 00:00:00,2.935286724562476,1.862727763396584,1.056185573985735,-2.142066621929357,1.4314184091597817,1.2214116292179513,0.8198090647815989,3.13067074210256,-1.0451771968515933,0.25025784307369014,1.4718949844769649,1.2224767934757081,1.142596025926983,1.328954849175102,1.6041453011023619,,1.6220454951023304,,1.444019427741346,,1.1000308590605485,0.5699222367682342,3.2197870461248037,-0.17043811312281335,0.6532229601286539,3.6112116635144824,0.15120292740940414,0.68533203629276,2.795599243643336,-1.8337474684285309,2.5089130052340227,4.523368472744761,-0.2537790771765329,-1.7457989371415965,-3.0092477467835574,-0.45856890600134864,2.4053453746788738,-1.2372397646046536
2023-05-14 06:00:00,2.96215875673294,1.7380898792315957,0.996268910499872,-1.9658044284240035,1.2476172294267818,1.4421089660767954,1.3929196390231238,3.302774620101183,-0.047529977898465886,-1.2053423011358815,-0.6703731964786653,-0.6770284028362387,1.0953571925982415,1.1901897177664358,0.42116541194342155,,1.6571206991094956,,1.5488163047696337,,1.6029657741789503,-0.9220575428555495,2.869435576264238,0.48343875977452777,-0.8339968394766782,4.605139936880843,0.3298038711437514,-0.7856706366149354,3.4965582051926525,-0.5874776989931128,-0.28768381136359455,5.186527049293624,1.3873616980861907,0.2942247448188037,-0.01766664952461996,1.054949065108498,4.905999394978744,0.4308250222660968
2023-05-14 12:00:00,2.5879554708630907,1.4884731189605938,0.7853551873969389,-1.8114992488141113,1.1286894348890304,1.575869581423803,1.2975114010943378,2.911303135994344,-0.7078542196350978,0.23224729188291957,0.10798559857541501,-0.05328613436480464,1.0001964963135181,1.1693479183014523,0.8627974068288294,,1.6601980986408378,,1.5626257157590084,,1.7604610998436994,-0.05022537596409152,2.93675584980294,0.4936852812430057,-0.19766069926022675,3.6389442490667316,0.022946064529888673,0.12414744722722877,3.594648668921093,0.32210590402131745,0.30594651776287535,4.023743631464952,2.204680977358038,0.21877087463508868,-0.5166299113833145,0.39900990166464895,3.8995850600347417,0.09845857557553431
2023-05-14 18:00:00,2.4194875758483514,1.2989583506852593,0.8449295780739478,-1.2141736796901548,2.2098654024709665,1.7588651778274804,-0.9906323535827326,2.468315010095802,-0.30755425463635583,0.06309670941659418,10.978810503219682,8.671901624452723,0.9748818701657812,1.8428431787225579,7.977438887909608,,1.826040888491872,,1.801892138690929,,1.7631520558882814,8.79492405485595,3.134855072311886,0.3445058092780496,7.88833935527237,3.511638139528493,-0.13763580667834313,11.743605128167754,3.229041056205809,0.026297242717238847,14.658779569318552,5.720107434632087,0.2552750436082739,,,5.039386069728382,-0.2538642936410119,-3.4459682043550264
2023-05-15 00:00:00,2.665064063321691,1.559356821459377,1.1207253363118843,-1.2532518680286215,1.9564598069412626,1.813068484653694,-0.40053790136770046,2.7805936451756383,1.408779188428542,2.5236609617375603,3.2866164430191356,2.6150604837696854,1.071332784821366,1.527396144329196,2.721383939470562,,1.9267893234584277,,1.9040564135631457,,1.7143852919335194,5.022153735816572,3.2501752269701476,0.33909783503859064,3.986911524321739,3.6379541378989644,-0.15180109382506415,6.336782103797647,3.4270948502698406,-0.007108442699742373,6.025779237476736,5.619191737268608,0.05880154152171753,-0.2502795627696768,-3.2260334222284386,6.228317198944781,3.2688509202857894,-0.3591704006810469
2023-05-15 06:00:00,2.494175167891893,1.3279483369004057,0.8176285279456319,-1.3452968296259773,1.1856134039510424,2.0982164732656736,0.9955821033175491,2.7710658021168273,-0.306498415671414,0.2515009712242301,-0.6663471436468631,-0.672074323539385,1.1436247868101992,1.1568245279070761,0.5198557943744635,,1.9696096288217155,,2.0232003815934028,,2.264997985565013,0.029494748958055823,2.9751550357440233,0.6133253331762677,-0.08066419518185929,3.6208860269746213,0.8628047329674704,0.11305260232940183,3.3164391941493405,0.5174768576064249,-0.20131814361668843,4.533265556286587,0.7033966280679975,0.520361930613971,0.5396937461178511,1.0416708931967547,4.571077349374228,0.8548644488136788
2023-05-15 12:00:00,2.9201804221804823,1.4676392456074803,0.8878934381083151,-1.5360458201779903,1.202194496230765,2.116010315147883,1.5090877608067048,3.2965069843193575,-0.48656552654448676,0.28303368826375436,0.027293331210391267,-0.11389704457530127,1.1717443527612985,1.2087036665926636,1.005528751451088,,1.9258199673391438,,2.0019084851246123,,2.2296810017112123,0.13479396286955259,2.7510497681860038,0.5958555716753706,0.04562056849568808,4.469141725533661,2.3937119430322173,0.41992084642961913,3.2816052826567024,0.8477329975886454,1.4411967585111956,5.274853338198448,2.83439142875924,-2.7461592281268503,-0.1295168193222588,-0.37714780500639256,6.205981561040168,1.0602281583024804
2023-05-15 18:00:00,2.4473147795255747,1.3725372357467158,1.0013560419402945,-1.053657775220084,2.269511712994266,2.0834101080968006,-1.0035141632793563,2.515030635968312,1.1482454177653323,1.623654577951109,10.534576961945636,8.149278314767125,0.9307406078524156,1.8436713455970606,7.861427042654079,,2.0328123837874053,,2.1057514327465996,,1.9704722828768149,17.699776542531627,3.3948059112350326,0.31107507615987556,13.925249815909424,3.866031705390681,-0.19640679112471676,21.172067241517126,3.495236913363786,0.01837499067300724,22.47786013055413,5.233507959023433,0.06071908909567619,-0.2979261729014382,-4.526726655605918,4.618976039877043,0.24970581132013128,-3.1358080336991216
2023-05-16 00:00:00,2.4429519565702895,1.6783279439470415,1.2604037049002732,-1.241224139936428,2.180450771904354,1.870723235611065,-0.8975098360475554,2.553428564420208,2.365046567640684,2.3521857192138045,2.7792146538859734,2.1321815632113235,0.8260691993663067,1.5572859207702916,2.1047853489686337,,2.126303451227484,,2.0740387335966135,,1.6408040693322126,8.728260657588809,3.2170351406316358,0.28969548580829363,7.213844550187165,3.583572083404075,-0.2437182192709513,11.219524637234722,3.326001009215599,-0.06643698212217286,11.903207907591273,4.190060537021528,-0.08114145616088057,0.3958171493777472,-3.6399626069036954,13.072266339699958,3.112008050242644,-0.15170801154561164
2023-05-16 06:00:00,2.2180389871710138,1.4677790155442756,0.9111332653226228,-1.4855987972282618,1.154577851009769,1.8694635331084022,0.7517434840111018,2.467623765566362,-0.4112437097648373,0.12325494926868528,-0.6962638412016937,-0.6729704271981882,0.09769499197109585,0.96253957715252,-0.842816160340086,,2.1532971749178955,,2.0137204691653854,,1.720167318004528,-0.19891178309705346,2.7161851488364412,0.6005102461211455,-0.2755871226347226,3.160717842707653,0.271155688414527,-0.13593433353441126,3.075182083737499,0.3383506867897953,-0.2773500987913231,3.487702564334074,0.32989693844580553,-0.5469956059588774,0.36688645942778647,-0.6512228225382757,3.618554277997397,0.4335714124097327
2023-05-16 12:00:00,1.9629790429751979,1.5785877694468173,0.8834222477797767,-1.8192880630948776,0.9035805964721049,1.741307653226254,1.1934908027130968,2.334002345706002,-0.6352571003950509,-0.9796885393103173,0.11631527405308956,-0.04463111892133519,-0.03581601236945031,0.6771068663932075,-0.1522111776084767,,2.010673010283199,,1.8534174929481972,,1.5733963568973153,0.3308244909589422,2.513728125270425,0.6413233727509233,0.03970208728622091,2.9737370651858814,0.3228282272770799,0.8358161050307507,2.950818233748745,0.40157367389067467,0.16784781513741726,3.321718090818025,0.28985753867795444,-0.455654544040509,-0.6319160591109921,-0.12802322052733583,3.022510890362175,0.027750991537440463
2023-05-16 18:00:00,1.852932465698706,1.94515644629343,1.4458039087477799,-1.4937142728462265,2.4847000299771884,1.6253208109869888,-1.6374861376839918,1.8738882692699088,2.1441304862376307,2.2708775590740644,12.034880278949842,9.047537645803944,0.7008359269517128,1.934795165241996,9.01424934187748,,1.9862967715969506,,1.875717799755411,,1.1459573606998816,24.18688263201529,2.6994206912707823,0.23441246708879868,19.75463925192499,2.969908954706426,-0.3556457757740439,29.489892014430872,2.7367650789982267,-0.11457461419180627,34.9014221857276,3.504524872613487,-0.11497282394529167,,,,,
2023-05-17 00:00:00,1.8351386131124088,2.1221779193435832,1.3950080883210887,-2.0410599747024927,2.531926066388443,1.2529257933647653,-1.7072681934309002,1.8213719536475852,1.4384732867295855,1.8114576239457065,4.637797261586814,3.532352457828531,0.5029326646432702,1.759828254867482,2.9362515531879683,,1.952504065761289,,1.7524132924316909,,0.5533928689820445,15.07410832130697,2.5236377587718697,0.19892775865459728,12.684783474751514,2.7961693934422134,-0.3826724761776969,18.0705425122507,2.5666905627182524,-0.20285055141760516,23.142383584965255,3.207909323449605,-0.13945807050497733,,,3.7927291287701075,0.7447182788828821,-2.312536473020769
2023-05-17 06:00:00,2.0449081073811928,1.90694516501574,1.0357077750680337,-2.2958104271058604,1.1513955060999965,1.2821716710276276,0.5629856018082329,2.275724149697513,-0.38948079819845177,0.7140044864055043,-0.7001153267069714,-0.6752296575049906,0.023810073494540136,0.9163675407450322,-0.9093578172888256,,1.907914323776516,,1.6807021223807717,,0.8333810918425512,0.5041263295291862,2.558169325485624,0.5297639876724302,0.40770575210518817,2.963021742870916,0.19427631321639469,0.9807949585764215,2.841318797772749,0.23718077255448133,0.8022707843675069,3.134114040716937,0.24347678124434732,0.25368122420249783,0.21589412655474471,0.7391643132671512,3.1552588699838577,0.37569954957878654
2023-05-17 12:00:00,1.5564731210465632,1.9538597551494488,0.9638068585943327,-2.568589563580242,0.8589445596877249,1.1136022482139598,0.7529904830100388,1.8514324243815452,-0.5837979527056524,0.328140067658282,0.2492100510990899,0.034710286058982534,-0.1552127359172369,0.6000417938764234,-0.11217010142578422,,1.748196502396959,,1.52949777544932,,0.7801327851232984,1.553800802204395,1.9972822455657346,0.6039161705874895,1.0315696781904042,2.396287065680874,0.2649465279967503,1.0276468672591368,2.346918125504729,0.3515426888396056,1.6974555786809955,2.5627459200372895,0.2756875071226756,-0.09960800594640463,-0.6326251430290319,0.3012686092989482,2.2085839936097766,-0.054673341423955114
2023-05-17 18:00:00,1.4177881982903904,2.1798615746605736,1.4280749506045651,-2.110972021658614,2.5799257394430577,0.9601029086409889,-1.9944741986818748,1.4074031654117805,1.3369970192519758,2.6774059042531637,10.809094981374695,7.9355610037456605,0.803094991679101,2.0450768577568565,8.386756571666822,,1.711016332144215,,1.5255343433089765,,0.3777307814749006,25.27591077758991,1.960992660921575,0.17991385209438704,20.068782636576124,2.1918652203569624,-0.4426101170966203,31.156158356872446,2.019925073320932,-0.2011704747836718,34.41019221169437,2.6081621146334397,-0.1884205588343652,,,,,
2023-05-18 00:00:00,1.9135991043007132,1.8450918962671479,1.3287775634063335,-1.5028367990337124,2.419205889457896,0.6127311496101863,-1.5477493025057252,1.919313967207605,2.305099711852769,1.5568219925651945,2.5882665660428006,1.8434492638738333,1.161389886123926,1.7069073867866549,2.5229514934818025,,1.727022097133668,,1.374663381457544,,-0.028650076009563093,12.866820391369755,2.496570796657047,0.16826635678172683,10.612923907643427,2.7758800959157894,-0.43475866884785785,16.185474727510726,2.4983942414764058,-0.3868341719474148,19.706306959642546,3.0079247338173363,-0.2042323784388132,-0.5699091566740442,-4.528173079028266,9.325893087632496,1.1898767172523368,-1.6015997403946476
2023-05-18 06:00:00,2.2546866916484536,1.6265312760125745,0.9077602866793422,-1.884269386507563,1.3441589491255612,0.6714121592727387,0.2805480619652692,2.3655423259370307,-0.46899064788406136,-0.29594070759920765,-0.6839508685361255,-0.6776969311775346,0.6430856761366431,1.1536718908412906,-0.212908109864653,,1.6824388205984258,,1.3399649355127976,,0.2053179105587329,0.9746174051914778,2.739521905188275,0.5120095393982793,0.6584025842036293,3.120306737264243,0.14322028247483887,1.1306769848728682,2.962232798326031,0.19722770121911487,0.6962514325098442,3.1923726196351905,0.17629431700591952,0.2886520011456981,0.2576920198203744,-0.1691124224519413,3.062412970804773,0.3409935044032476
2023-05-18 12:00:00,2.433462938336612,1.7877755877009482,1.0157214541904338,-2.0457574366954767,1.2492105087274898,0.6333756418076124,0.7162034187451914,2.619540748484848,-0.5257556320341972,0.2363588694680264,-0.12738172239851492,-0.25966695061373,1.1689832791196106,1.1768120134307523,0.9545959110269345,,1.558018668171343,,1.2323638354561555,,0.3167166278949333,2.0335778282834807,2.9658315209185746,0.5502576859736223,1.4207307472717132,3.5031243563475427,0.28853826617593814,2.1968924614491634,3.2293918343314876,0.2852459833587304,1.658345965865042,3.688411503327952,0.34202572445306884,-0.40430149538723437,-0.2874593965903749,1.8743131710304068,3.4842183950670433,0.26689075385228905
2023-05-18 18:00:00,2.968437972693898,2.407219564890187,1.7497422921278731,-1.9683566301322013,1.9296994422734006,0.800085248211404,-0.20577806057968592,2.9911427353560143,3.895743263896133,2.8964332614283665,8.026195594797086,5.832517589044996,1.2754650720896659,1.766631578015124,7.113702298799036,,1.6279432030209275,,1.344210905211433,,0.29205360078287607,24.157519181713827,3.683744043560263,0.15045636293959416,20.106288280721873,4.207035739377348,-0.3980196740300954,29.01376269611713,3.546970848483375,-0.477981060337572,37.14915011614395,4.509952748538406,-0.18889944827394584,-2.2230318893722103,-4.2451196360884795,40.66650244662178,2.712064019475923,-0.865211193713203
2023-05-19 00:00:00,2.409827243768525,2.1764937388456045,1.6120785884281377,-1.7005238423650808,2.193251333625321,0.6717543461632435,-0.9639003354807014,2.4756954692080253,2.5170240460026503,2.494529089877162,3.601181036621208,2.5035402606840957,0.6357055226851638,1.7049161382310742,2.7491759103721556,,1.736690633185783,,1.3217543331786485,,0.3113661940363402,13.471523338606904,3.1770657052187836,0.16725269285101918,10.992255774072042,3.5009798876970093,-0.5052987375182793,16.904361187786357,3.2836810691222453,-0.23806637493968394,20.635208157713052,3.9045672603407313,-0.24137639826830673,2.8438517856059957,-3.4675369622424035,27.069598615771486,3.2879992865650056,0.084793993762605
2023-05-19 06:00:00,2.274738302619193,2.0588345220863165,1.1501908272059758,-2.419986188333209,1.290064716506705,0.9771271918728471,0.49112201960680635,2.4661822088900722,-0.1547149555709959,0.22070837416605787,-0.6939031120854621,-0.6756612379752638,0.2938109012232395,1.0822228645637801,-0.6655078494695171,,1.7513354681632192,,1.3864422609442488,,0.836907256385554,1.448005552519103,2.699083496939595,0.42490893557502246,1.0903537674107056,3.0754593816513323,-0.06649987514852762,1.802997033219759,2.9967302175390045,0.0939162591819888,2.3750338822023616,3.2918403641461174,0.0823397349245181,3.2460632220033334,0.21857368187930828,3.5850373725668496,3.329161310434734,0.3307302426103974
2023-05-19 12:00:00,1.93465823136466,2.0486855297511157,1.0440099312802944,-2.6270329718765484,0.918164396911711,1.1260508974176677,1.0033104033682856,2.214050794181902,-0.25072681328552926,0.7374760761242272,-0.029133944098581336,-0.19136371771729802,0.08512662634109368,0.7458580466622133,-0.09960517406467222,,1.6279165085814504,,1.3805772158838114,,1.175028540912232,1.0849065005368768,2.4314618619553383,0.5838980425154466,0.7481794219648237,2.822328911861406,0.21011545366178025,1.370550057950981,2.8268789006794064,0.33093150757556744,1.4336879979598074,3.022248685455261,0.23803273402249045,0.6869848469125637,-0.430485886856482,2.175027426414085,3.229770818277481,0.43138201976715107
2023-05-19 18:00:00,2.4376334417001013,2.1651509279533796,1.4390962943583125,-2.050625071773121,2.3183021363686396,1.30235523321312,-1.0547523082432806,2.541746070816551,-0.03250393612986376,0.3159064886951767,9.65064296610303,6.5336650535515695,0.9547502978136111,2.147097820913419,8.433839191254215,,1.6774508295047528,,1.6041885590958092,,1.4007848643005383,25.89131968946843,3.140078247389022,0.21221270564683167,20.44522672266415,3.499548059441967,-0.3900014669416667,29.136923907313772,3.2285423799927893,-0.12433923108117861,27.890472870460847,3.8534980407514725,-0.07640130019696419,,,-3.5599792620404096,0.1832320296452444,-3.124230795802133
2023-05-20 00:00:00,2.641742974027229,2.034176090562638,1.3634269874063967,-1.8931713129803591,2.1928373327775934,1.354609391297112,-0.7286369514895442,2.7325181841954245,1.0833725052214214,1.1280205110476549,2.605970782547125,1.631454458552643,1.3735339392798835,1.806244169308133,3.1071920057330917,,1.7773400998593931,,1.6962996730608522,,1.537001305030158,12.75146354937257,3.4939645224982234,0.21295892060823832,9.969589744435657,3.805586139462119,-0.40314251329535145,14.177869935277322,3.5933830264274804,-0.1666359952865762,14.984296239872506,4.096456986897442,-0.13983443489441913,1.165227852116138,-4.187607751255479,8.911167303439399,2.3897337589733914,-1.3870894914167635
2023-05-20 06:00:00,2.8840298128806507,1.6304082284340786,0.88767769820961,-1.9377167183746855,1.348055069430943,1.647627696402238,1.0841476701025963,3.221164910931123,-1.0740244542304616,-0.19751143245147382,-0.6589680412159322,-0.6772461663916258,1.4747504676245358,1.299454981903327,0.8819592197112676,,1.840783028354625,,1.786352310779693,,1.7808733510825898,0.6328690686479493,3.7992540184654295,0.6218722106241608,0.3274272696426093,4.165101147945954,0.29979529586525755,0.6016432692116758,4.019287280041365,0.383025930917117,0.528546761584095,4.395108126049273,0.3269281495753032,-0.15752297180044242,-0.6128992647665383,0.20370947992384797,4.665081343500116,0.4157408300177028
2023-05-20 12:00:00,2.889746582029792,1.6957241902344034,0.8969007407261756,-2.0785527567878237,1.2750815507683462,1.6326317845172902,1.2526477714140003,3.216164019714891,-0.8003623590454131,0.5555761545951023,0.03606765384654051,-0.2127287393694414,1.1309492856396406,1.2814029233115027,1.0566113246809639,,1.76578554615824,,1.695079065693076,,1.7368207984512989,2.3308744898712246,3.697604343993647,0.672027054239995,1.6003640384726245,4.0615116492857215,0.39457128563877136,2.57311743165723,3.9492600825750825,0.49267386977885436,2.07080354759959,4.267344948244104,0.4036309148763958,0.18675898183834538,-0.3827438783371832,1.6447397944365307,4.28458739055771,0.24542550687334053
2023-05-20 18:00:00,2.6315796292846265,1.7676778862454676,1.2166683641527487,-1.5570426557453054,2.273447902508621,1.553594948973518,-0.8750830407802374,2.705899284620447,1.5600344249408944,2.195075417657261,9.025856899233126,5.542936806195308,1.2232504236620454,2.3166528090407805,8.996945493944724,,1.8374398056077221,,1.7848231016452365,,1.4548426889998016,30.023162654044484,3.530961173599003,0.19273695356421547,23.12725323696072,3.9092218812782566,-0.4753637539550583,33.25477980267082,3.600187920098246,-0.11569399912588135,34.18742305571511,4.277965714892282,-0.24430047118754716,19.965523475953447,-4.104637070000695,20.68091275093138,0.9906015072103806,-2.7583791821879533
2023-05-21 00:00:00,2.578683328541917,1.9360759660446047,1.3011763238152205,-1.787421479865786,2.1444032790536807,1.4068491246080772,-0.7242154178445082,2.647119850684637,2.5760735444261273,0.5679599506048384,2.8422074614069306,1.4838837154325735,1.192378470667209,1.9145038611403553,3.459547205786358,,1.8948048615034456,,1.7174952133879509,,1.1892323385678505,15.540594404340782,3.118484505058717,0.22801950455308645,11.724335813693092,3.5093116168811354,-0.3986729233916405,15.825065721047581,3.157871403594603,-0.27507142972409976,17.583998432697825,4.19937944090036,-0.18445517495021566,-0.4321690747468366,-3.919901332164246,9.270023536381055,2.3779335977201006,-0.9647088729726369
2023-05-21 06:00:00,2.2927365548974104,1.6975547466764478,0.8854507578186044,-2.1080891609341434,1.021379640509781,1.5050590416851606,1.2457428754709419,2.649500840552475,-0.1962695923852801,-0.40327590897765436,-0.6943927985206721,-0.6677855609112767,0.023403067779983754,0.915103061009341,-0.9092086310652537,,1.8702405746517383,,1.7091411494934305,,1.3674589519484777,-0.290548943675267,2.575965900500935,0.6145905121022165,-0.34724484885329004,3.014449952582044,0.2818466536884883,-0.4615670374717712,3.1226992079194362,0.38806718494365466,-0.29287156820314947,3.4770420779779254,0.35937630893311634,-0.5595030881166404,0.30460781653553876,-0.3688500206606931,3.8405248761019224,0.44238190174077496
2023-05-21 12:00:00,2.3302676677669583,1.772212050453594,0.8982058946048639,-2.2642305789891792,0.9548554534290715,1.3969352059401363,1.3966963113359645,2.625738017521894,-0.6419065031321729,0.7148561967731981,0.012867903681501277,-0.27643334278036763,0.7461648060235365,0.9965561411777657,0.827476493992579,,1.6651298035146687,,1.587293588079573,,1.2157209964215356,1.87467597684862,2.7297994567614046,0.583608995845402,1.223729396241521,3.164324660062308,0.2238193837882688,1.92846530870089,3.1769300107488987,0.3839019724341028,1.5905936446256244,3.466173288382728,0.2532545398128196,1.2895802095596902,-0.5610102832564889,3.038701359670666,3.7255282930531024,0.45488071623849435
2023-05-21 18:00:00,1.9646562316870215,2.0041777368518816,1.2572461788908031,-2.051292418915946,2.512095195136344,1.1851522333180482,-1.5515793797341701,2.052350154716505,2.3435574076165944,2.694993698980539,9.046885088343608,4.495843929791704,1.0615697113688696,2.7262635510657973,10.111026453247552,,1.638857401113109,,1.5724432452439292,,0.9026293755004937,25.407632611456982,2.6091763277099314,0.150480056081238,19.622708234450755,2.8316241903420534,-0.5428068084905256,28.09277224568625,2.658938857674681,-0.23149699167534996,29.590636081012974,3.1885428335760335,-0.25633190620096125,,,0.3241860319963202,-0.618761157316275,-3.8752178508268145
2023-05-22 00:00:00,2.9582092227633345,2.262541340640213,1.539751521044595,-2.070690934186883,2.211201805228702,1.086269440475218,-0.5951244990910267,2.9792761395594205,0.6314349786613067,-0.6828124676233165,2.8333726705485787,1.08283736162973,1.5210113004530266,2.314492681580943,4.182632659607359,,1.6503746990594577,,1.4983238588129146,,0.7790428707137672,18.02110434449348,3.457881530392786,0.21324097040277928,13.69372779439101,4.2145305075157395,0.5692965650283424,18.41388601101039,3.471395045310605,-0.2586729500130546,14.908887312072642,4.292011473533881,0.3412706630639241,-8.20096464452604,-3.438217817576969,-1.817901508681323,2.2838034237253884,-0.5378161616459528
2023-05-22 06:00:00,2.565956513966222,2.055048174674912,1.0667989716622752,-2.5929095478379898,1.1665413393221526,1.165227143890155,1.1219889753499244,2.8445841153897855,-0.3456277300054984,-0.3659666834800498,-0.6888397344454135,-0.6696279005584985,0.31878749257387623,1.0726129422075426,-0.6210329034890867,,1.6334361874365064,,1.4916382098368357,,0.8874347996762927,-0.12760734883228753,3.101841159350452,0.5793125089961885,-0.26841450727788574,3.5620354043522937,0.16591900224895506,-0.10127903354081008,3.4566776135237323,0.28448347270688434,-0.05808798390383932,4.2330588661535735,0.18404944002489812,-0.5273882414345475,0.20159909094070239,-0.4101539134762619,4.043672081234131,0.40190834836792927
2023-05-22 12:00:00,2.420827055650935,2.037927267886271,0.9901417270948384,-2.7182466104656116,1.028487780852019,1.0642459967271745,1.3911254950937275,2.7751306598578203,-0.8410499621417339,0.05171457597696717,0.30336865813833647,-0.23519041707574237,0.29781011904174753,1.017300374185088,0.6869944466932195,,1.497115664979682,,1.3888564918809776,,0.7976903098699939,3.075913689101262,2.993811374679816,0.566528412046043,2.3034000170322715,3.456603645120556,0.19050526309639917,3.602386498058813,3.4123955668751447,0.3220122037196958,3.784542243603386,3.9020760146122537,0.1419845338026156,0.2396693183175239,-1.0027201177521339,3.1120353442813173,3.582941642686761,0.11095580571593147
2023-05-22 18:00:00,2.302040525045802,2.0767315370488126,1.4174815353335204,-1.8799253641986644,2.6387006482049307,0.8425922563189517,-1.4811887773861423,2.4235864520356456,2.0557431303877824,2.9125243201434956,9.150806634744864,3.3820732022161777,0.9479639668367545,3.457741830288416,11.267930763209586,,1.5121139076524612,,1.427512940339938,,0.4172542101554352,31.25815094883622,3.0108144147818887,0.08386667280112749,23.76568687457763,3.257848907261439,-0.6324938408738102,32.92658088370194,3.0278860962966427,-0.3131899641307306,31.73539942919385,3.8335655146597514,-0.39137323541412805,,,,,
2023-05-23 00:00:00,3.235530603806754,2.0159177271666393,1.2791666401838173,-2.0323216001815423,1.5469256929934214,1.0046018503465617,0.9593771556340214,3.433838563413367,2.4148044726078997,0.12580066660508024,0.5201925317454738,-0.17175830753405805,1.6093369031879292,1.6468414955087052,2.3042493037197436,,1.6201158104714544,,1.42537135453578,,0.39789273443400985,10.443835734472765,2.283817977458593,-1.5759538435654568,10.74943826848035,2.0208772291732733,-3.4082776005583555,8.67575581021388,1.4391949014132437,-4.421284289409593,8.304382983057376,4.532247453306692,-1.5063089056134362,-16.480783487876224,-3.124688168879247,-3.538923608452059,0.6168555862859378,-1.4986639628304248
2023-05-23 06:00:00,2.5863793814599436,1.97004727186342,1.0116760550039292,-2.5038692273641106,0.9826243393672182,1.0260538807897108,1.6650764080589022,2.940546289541712,-0.28933005337947126,0.14903160977663205,-0.6941441256453682,-0.634747868689497,-0.0007378851351411699,1.0130717162232161,-1.0856041706060022,,1.6578867125818462,,1.4590430021701233,,0.5938186022172752,-0.8018416061976602,1.68566323802311,0.05806788037246128,-0.7868664924148645,5.835219651487318,5.221082447762641,-1.0556796659374321,3.477658964304013,0.3100728626888897,2.264776407286202,4.546233514400086,0.3911107645370051,-0.4563836043541366,0.0653541229962351,-0.3031070149533177,4.237551554184123,0.4383555242928734
2023-05-23 12:00:00,2.31037484912217,1.9866495289166317,1.032029858199499,-2.500307106250974,0.8479854772706463,0.9660279699124331,1.6318955350563207,2.590043461111869,-0.5704640864198637,0.33596026163792236,0.20264105135958418,-0.28916985603697115,-0.13550767133044886,0.9120241203036661,0.054026566963476075,,1.5863324178197418,,1.3942843056021046,,0.6633272554597675,2.6338873729461234,1.6825284585636708,-0.31655094613380835,2.0147427375568485,4.950343972909071,6.87392623377906,2.9511031703381847,3.172827023073783,0.3178502532370883,2.796720673095498,1.2704846431614283,-5.730045450161424,1.6683997234501948,-0.3979611227684146,5.902905918376977,3.7419629942972366,0.44646466181517985
2023-05-23 18:00:00,2.761298801160466,2.152103882806967,1.4691603405784104,-1.9527600761086767,2.5870885667309356,0.9510168886078839,-1.1542079287549063,2.8452081804997955,0.5613253945605224,1.9466780766528193,10.841541564479341,3.293236629290612,0.6603160607951051,4.056917645355023,13.831569692526255,,1.6883770010677268,,1.5187574532717805,,0.43137439197610655,42.63449781039406,3.8782708822687284,-0.5731083948379594,32.010559012128944,3.8456556624203397,-0.560760986270425,45.90696010913446,3.39888723946281,-0.3969460572082757,44.52165017181131,5.762954108982946,-0.39004941615535366,,,4.403038054602402,-0.49574633599283496,-3.754324715134367
2023-05-24 00:00:00,2.625978910689225,1.9989574385302946,1.364521796037112,-1.8039702481072326,2.601852157503498,0.7914254494292613,-1.3164264271855604,2.635343209935372,1.4381411369927393,2.1429102988949253,2.7997197174544786,0.44211869333388915,1.066595609716431,3.2127822544214117,3.672908913014698,,1.7838061153425777,,1.5335144143104968,,0.36833951361707795,20.431137360595255,3.850296749648926,-0.6498590193254445,15.281882255342126,3.6556752518317914,-0.5491514674934658,20.219542554975895,3.289413630780052,-0.41977605924399386,20.675962721499634,4.385569414489758,-0.4741465640220016,,,1.1828141562119856,0.1470733563091393,-3.097236308173653
2023-05-24 06:00:00,2.717512197580729,2.035408931508616,1.0485382128536853,-2.5844115573840107,1.306702481776955,1.035338558632001,0.9425225460628348,2.9728838386939334,-0.3705256703634911,-0.5537881303843155,-0.6901461457442871,-0.6682745157601914,0.4277624423079186,1.2824654772066,-0.6634228238558915,,1.7669042975407765,,1.5593535670287497,,0.5486743540057509,0.13153226114330993,4.0200661393362855,-0.13418238591565188,-0.1922314702508153,3.7517690151146224,0.28210270826440187,0.10135102966410163,3.6480492138681075,0.3524638297756396,0.04749025139338017,4.022846256870562,0.270235996083597,-0.4149185155781934,-1.0195312784997226,-0.044313009005510856,4.165991151712124,0.346906841788129
2023-05-24 12:00:00,2.664032352711042,2.1334363142377155,1.1223139365114514,-2.664793633032482,1.089997318494358,0.9868605172974478,1.408017947962599,2.9540960705097095,-0.6045196403939496,0.6596084766722764,-0.24412840325440988,-0.5440305875556322,0.7181806807511468,1.149326712328951,0.5620636136699196,,1.6219436679137493,,1.4912898134236843,,0.6654068216312125,0.9165795645284098,3.389147036101767,-0.6550170669656048,0.3359486117574884,3.4857008104520637,0.3978033903370723,1.1240256530532424,3.145963054300908,-0.06745041518831418,0.6689956673118541,3.96157373861572,0.2265385786915339,2.962549887790364,0.23702797045053625,1.8674239671910282,3.754835410336409,0.2870170752594122
2023-05-24 18:00:00,2.9794856908149474,2.7552570327394843,2.149950811408533,-1.9515420059787019,2.4425682892123564,0.9081979234624887,-0.7783528959047018,3.098835038365481,0.31023213726581517,1.2093779452223672,8.721290668162418,2.0224882920343754,0.9510572349936756,4.277291044295574,11.837097872895031,,1.618448674899189,,1.5371437108152204,,0.3624934196976841,32.26199025970981,3.564792018157825,-1.223189018680011,24.577952623257627,3.786752333726912,0.1373377997485413,34.231659405884706,2.9042196851646684,-1.3197089816168952,30.116132718265405,4.294113173642375,-1.0297797569620335,2.4750367507806295,-3.5766649633991165,6.990443375772334,0.5435118849650907,-2.7754868028029938
2023-05-25 00:00:00,3.1566773727989847,2.4407989324407695,1.8844750350854913,-1.756660800547761,1.9782947033631768,0.7459658958484303,-0.08369984028081512,3.2817521307327686,-0.28535451198894196,0.7080411932358844,2.4621963446345574,0.24054173073245483,0.8515965890322993,2.7613000429982524,3.429302919310074,,1.7115674932266967,,1.4138039600935046,,0.13451474159993312,14.627419589950568,4.478245730261161,-0.5824948835489427,11.576939851188815,4.510955396870139,-0.04304567245084153,15.633463357561395,4.038142293581787,-0.10422782268965253,19.966566242568327,5.250614900766644,0.07713006816756494,17.22658273673307,-3.0441913993320076,23.254924056388152,3.987615659062453,0.3668253277447083
2023-05-25 06:00:00,2.3938061330614224,2.259541388789326,1.36093220620657,-2.4541130033535286,1.022960405666022,0.7963111056165271,1.251930617885627,2.6583633326727596,-0.21464531213444615,0.47404741313896354,-0.6962948501584497,-0.6642386340933149,-0.02584685139354405,0.9920296018323578,-1.0590974784655751,,1.723097406702627,,1.451792322070605,,0.31916690742336007,-0.6091613719542771,3.4350503111358766,-0.1384192656632891,-0.5369240839666124,3.2761163133899873,0.25622147290074726,-0.35843253462599267,3.21889935748167,0.37427053206197336,-0.12169617073483334,3.587866901761246,0.31006152414588745,-0.22891227951346219,0.21227430236466074,-0.32361557906076915,3.725174501512335,0.3763839577851127
2023-05-25 12:00:00,2.081380542947804,2.1021501743312387,1.3354724531205102,-2.1218122144437794,0.906844287661975,0.7155334044375236,1.2289495202621032,2.3531281912529507,-0.36515876733258573,0.3426307241735968,0.2820171326467839,-0.4107631869378848,-0.13901380179777942,0.9275593308742768,0.387727661746096,,1.6299528530151006,,1.381518236204498,,0.3542062795869771,2.987919363844116,3.1189142933791865,-0.17736886754760806,2.1967729910959175,2.9223726763395725,0.15851756030314168,2.965460252983868,2.8831450136761876,0.3082849495130198,2.6226475639291906,3.0889815786733914,0.14252941120644466,0.5883050056337294,-0.5900892371103217,1.5345956529006928,3.001172024055094,0.18481233189973081
2023-05-25 18:00:00,1.9060815598986636,2.2900075149906147,1.9507522174314857,-1.2401328613037044,3.0442388555014643,0.572081521655971,-2.0427112233919544,1.960881463813503,0.6758373367805208,-0.35095077925615387,10.219036059025946,2.1953010827094968,0.9295277352759627,5.378025462545176,13.514762730120232,,1.655969508970805,,1.462017554386466,,0.0700806413541821,61.272222119373374,3.154716014813791,-0.5918219048544068,47.13459523002701,2.8262369852748748,-0.6206315573976731,66.05787635193755,2.4988664548679753,-0.30731541631241693,64.48522114740751,3.3308394060155964,-0.33165740841963853,,,,,
2023-05-26 00:00:00,2.386401417450379,2.4081532919701183,2.0674532286278273,-1.2762886846704993,2.5680952388118783,0.5475595840361238,-1.3986203192914928,2.407296981592732,1.854194806100253,1.1318329838606669,3.7761723106344838,0.5370860745656978,1.3081751525426182,3.874735133650754,5.206927964678424,,1.752979575255904,,1.4434517448457425,,-0.18421253300053358,25.9018059485937,3.539210166245706,-0.5310576870149869,19.237970993330865,3.279893469650813,-0.4302927415022302,28.34466683571563,2.9178537054040925,-0.23050730787225035,25.320783986372863,3.3793287595468207,-0.3965766461692738,-0.4866242089006736,-4.391325607943644,6.394272076583496,0.5969993524673382,-2.553580628458061
2023-05-26 06:00:00,2.181306231839952,2.1387642249447176,1.4696905447733122,-1.9187211811814477,1.3027892638932637,0.6500487265477763,0.2388821142716791,2.2515310139012015,0.08635391604270538,0.17705539452839092,-0.6959833163500238,-0.6691604566385226,0.16229730105551127,1.1990644852092889,-0.9738081987297648,,1.7121122742595336,,1.470096653261847,,0.19255632549082513,1.5454917228565497,3.2443889255099405,-0.19535931593112296,0.822976703382243,2.9871740036096868,0.16822078506684227,1.645434605831367,2.8404548505237104,0.261823126890909,1.0184736163283945,2.979739266162536,0.25952411949895615,0.6571147807350699,0.15559579737047752,1.6208358188415497,2.8288696287471273,0.27209482464837886
2023-05-26 12:00:00,2.1712902825699336,2.1784519542127,1.42403485306934,-2.116327321799759,1.1297751923235844,0.6928539815186736,0.7208681680349698,2.354516727188979,-0.4668330614387254,0.6108627724881911,0.25142471281885215,-0.42804376933182875,0.29042381783491095,1.1803678639538162,0.7313964182837426,,1.6759470574055886,,1.4281494929554333,,0.3555552748579569,3.385097781148932,3.2088437538464927,-0.1642148330100728,2.60160265415365,2.945246370549835,0.2042366270680272,3.7163148613554164,2.859962793646645,0.33018770853613594,3.866413515258672,2.9468017475635113,0.2067468599932675,0.6184845712027013,-0.8294865762651391,2.178486446255215,2.4584866695482255,-0.1310622136170081
2023-05-26 18:00:00,1.3390176732227892,2.2734112763507173,1.817570102711708,-1.4903004174883983,3.0083641363063895,0.6282636973661454,-2.2501908548305574,1.5023855927273613,1.2044845749605155,-0.7082682472338149,8.723399493456615,1.7453683151910369,1.154900549695255,5.237578686411892,11.692670265533101,,1.707331891372658,,1.4820999169646272,,0.26182880968166944,45.87730127566003,2.4396133930019817,-0.6560948617357317,37.85728247202125,2.1711423038334967,-0.7204750689583332,50.11016788935191,1.7979549795408787,-0.5661493222262576,49.99702324010801,2.6387522064529247,-0.4423789885660846,,,2.0779858846956087,-0.8471041419930521,-4.002194461459595
2023-05-27 00:00:00,1.4044103999319464,1.7053716146323998,1.4154455146108176,-0.9690326236437555,2.784159498276512,0.4125944588411721,-2.1800942162422063,1.3103404820354307,1.5249153593246223,2.385869368539586,3.965299446525942,0.6131687142555096,1.083341095009431,4.090509051027809,4.948066985842835,,1.7948703808683446,,1.406221739545035,,-0.08069389944342441,22.5367492600262,2.3074186106865366,-0.6455072111118061,17.83534644623716,2.0891916649096505,-0.5172564434835247,25.400377460252212,1.791364754240067,-0.27141225810976805,26.666549457141556,2.671122871728297,-0.21923709346786005,-0.3157333984198434,-4.321380848599441,0.9602327774956022,-0.3360881270196997,-3.150208753116326
2023-05-27 06:00:00,1.911803236039552,1.7186940017916335,1.0565362166434409,-1.786280198681249,1.2173136962282534,0.5766179360877136,0.1417524827603802,1.9845703463848408,-0.37638568161914554,0.2752361627871679,-0.6935868743798272,-0.6713158892097949,0.20703668220793825,1.0965776611878129,-0.8082036140948573,,1.7471091894229158,,1.396475753479212,,0.2569062399703013,1.266989124751906,2.8286406673180284,-0.12370809778214088,0.580901592391988,2.5808984982464365,0.3437520521282666,0.8373039568600953,2.4361755991978047,0.37020039720698644,0.07153429809803315,2.4895398038939045,0.3717550993412981,0.1903571737915391,0.28612548065426935,-1.42702687221005,2.18505498342909,0.3992150933124052
2023-05-27 12:00:00,1.9071882803311158,2.0066954481536303,1.2668534998736014,-2.0365010044004555,0.9608770794979665,0.5320855678596838,0.8771775680788348,2.1566432469879366,-0.4000947842472798,-0.31613903598953974,0.28501953494686166,-0.41910894700161605,-0.16260128475441601,0.922902865937808,0.37798828263922785,,1.6196000348994968,,1.208748047696283,,0.3112746627693034,3.790778487088848,2.9020188854933884,-0.1387670536642657,2.829379186807191,2.6811229064463684,0.2814383395050343,3.411198647646554,2.6115983880372022,0.37105096836241025,3.696903190754396,2.6774030733825347,0.2841438111796366,-0.5008076164488768,-0.889170793825376,3.6652155444967707,2.530294659756301,0.16982260903675642
2023-05-27 18:00:00,0.8865464188292851,1.7723852736875976,1.482635424686524,-0.9873644015311406,2.6916673670600146,0.4631449789789772,-2.2697524774803166,1.0332634463978412,1.0915316865848421,-0.043409217203633776,7.820015360091617,1.5174709639570478,0.9976078445722574,4.767594337582574,10.457946790478536,,1.5355490851164517,,1.2597959446781086,,0.03922255201958401,44.568051368173954,1.9262742472308287,-0.5686555570539736,33.97833226773656,1.592790641418769,-0.574758698533838,47.59108615400855,1.3817170718457525,-0.25471243680632255,46.7587072387785,1.7097426141086494,-0.24591719505825008,,,9.622099674517374,-0.3115657204265838,-3.0959607621496423
2023-05-28 00:00:00,0.5534491208158467,1.662281115888508,1.4738119563201906,-0.7352593715301827,2.6562145257663103,0.4302958142134809,-2.4851193115791927,0.5656791901459445,2.3045868384171757,0.6706434795791986,4.657743663013164,0.8110600415255363,0.5781393129135085,4.14154212227835,5.25342120185886,,1.466923662413989,,1.2328401011293215,,-0.3007583740888975,30.173989223543302,1.432376022352146,-0.5538828901381878,21.862606074439423,1.1008967065179536,-0.5041293373399421,28.51274928601006,0.8468600958007916,-0.5355520784340203,30.69190073066457,1.179434229281622,-0.18348079731284167,-0.469008189310093,-4.3231898026238325,2.6300387802075766,-0.3926487309435666,-2.7312470210022926
2023-05-28 06:00:00,1.5801331003731591,2.0215653544639625,1.2805317684133872,-2.043258553973828,1.2384972545184783,0.656503019885839,-0.312121016499427,1.5680075470164143,-0.04924642877056151,0.010625425455776298,-0.7044013009804194,-0.6739312957580207,-0.1359780922003913,0.9905042440598196,-1.214655032851482,,1.436586725575313,,1.2139589117483516,,0.1564251316273593,0.9157280349885897,2.350802574790543,-0.17925168069721173,0.3371150643624772,2.0909184689338587,0.2253448585058481,0.46916545770608614,1.9829557424283326,0.264575748976076,0.2896778698533143,1.9475943533563385,0.284621150009178,0.4505087844642087,0.2749333642876679,0.21408804657935154,1.8298425640633627,0.406840493876115
2023-05-28 12:00:00,1.3932926553129172,2.0110149328148452,1.1713233167677313,-2.2559327178583497,0.821990657233237,0.7024215218125178,0.43499898859615,1.5067993203081034,-0.48386647337116734,0.8907633836904973,0.3019225568130646,-0.41109773955549384,-0.2984676637391828,0.7569699350373463,0.35855242095996326,,1.4902581335700014,,1.1441848511602561,,0.3723974762761155,3.712842039544774,2.1356764398384827,-0.1450520294209114,2.7771490078238505,1.8851566306404604,0.25760925471108337,4.320544629358124,1.8448377780740073,0.3475195997148051,4.264573566473973,1.7658169024084256,0.2584297824913488,1.5540418463634766,-0.8376903869597646,2.6513301810506795,1.3059206196329838,-0.11693568260507774
2023-05-28 18:00:00,0.9471038079796792,2.3154004327342395,1.733580828013313,-1.7773587215091777,2.779564083566022,0.741349953616318,-2.3327422177306145,1.0414556035131046,1.3240442374922816,1.1860444157629604,11.303423324618228,2.4431648749212584,0.7735810171175627,5.958384396056791,14.529268729667121,,1.5434105303293586,,1.3138980297728564,,0.15852750248874364,42.54596230639831,1.894740644812306,-0.6357483030525676,33.576124055800356,1.6015800505157736,-0.5339267115279441,46.653324983389155,1.4061359214705826,-0.23214187496310443,45.706210205488624,1.6988478342730586,-0.20784916697578068,,,,,
2023-05-29 00:00:00,0.8765874398931172,1.8636685127032326,1.4600768361157146,-1.2616655793283915,2.8539914134362165,0.6050601350065739,-2.4930127720959536,0.7661846776666278,1.347887926076538,1.6882572272693572,5.042260989162291,0.9452327480757634,0.4750767391505405,4.502225648733299,5.33029305350085,,1.6106250704220655,,1.4310788915770971,,-0.21477096485560068,29.440960753353064,1.9386661053408383,-0.5329233951581258,21.899249399672037,1.5862791461359895,-0.43570834766900396,31.6508769963811,1.3454457372908228,-0.23765207855230996,33.55692750807044,1.5953420423667715,-0.1386327656777475,-0.2603761711873526,-4.106987448911563,0.5001755505441979,-0.3715983689107029,-3.0811999959982352
2023-05-29 06:00:00,1.7517699932666004,2.0296716929043934,1.1661427697346651,-2.3132409180365383,1.286750180682399,0.7873126930218101,-0.17746061143692787,1.7843885685612713,-0.2869922655746655,1.9659792640366625,-0.7010941444861744,-0.6752783762442327,0.06340646657796678,1.0700539527130197,-0.9962631618702368,,1.6499007790985234,,1.4859541158602863,,0.22574861081788022,1.5880031883165775,2.606576063954352,-0.13449321654785173,0.7101552711078294,2.335789995966061,0.33609628086416576,0.9908008320434005,2.2045841959909014,0.3474080673153035,0.8429894674879106,2.159990469674601,0.36442061745741494,1.393583932898348,0.30944839102260324,0.9966102220000527,1.9010367026119548,0.4101245740817926
2023-05-29 12:00:00,1.6608496274155053,2.1398068896068008,1.1228241610994625,-2.6793809623501623,0.9811656426884054,0.8696848807376247,0.47041453976629183,1.8220379163982776,-0.4526386868827282,0.9018057224156538,0.3071725197894364,-0.40952775354622145,-0.17803801812390518,0.9142648786548649,0.39298494288564706,,1.56624072427923,,1.4732833212136611,,0.49243173545062996,3.8808785843007128,2.476269563264195,-0.14813919162320177,2.750581869501856,2.223034135551694,0.24612363641869503,4.5043908895328455,2.131153848466913,0.3285204121255029,3.8725818818795044,2.0879913398760603,0.22809239171531445,-1.0313460753173835,-0.9722421441455703,-0.714418825522825,1.387354563378184,-0.3838036572701919
2023-05-29 18:00:00,0.8404316111709739,2.4361849249531295,1.7147950837617447,-2.1161300525403814,3.017843027070226,0.8953465179160174,-2.518673648052038,0.9437420197735233,2.108458507232046,0.544364093207556,11.954631597427452,2.5892279930985462,0.47434981412918936,6.165456862475756,14.983453089881621,,1.6496835128771152,,1.6259356575026618,,0.22746783009942156,54.458642347550985,1.9720971594528944,-0.5841537397692762,44.714804865851214,1.6234579028362381,-0.5823445599173631,63.95408784259928,1.4104167789984965,-0.28083813625915827,66.08643702654295,1.7017220112572347,-0.2536327761822544,,,,,
2023-05-30 00:00:00,0.4455376039013873,1.902633442698973,1.3858381435448577,-1.5199593801344413,3.0863413124755703,0.7532256910794375,-2.795005104251277,0.36355172924744605,1.426204034380974,1.5630650429066768,5.008496372041835,0.9315004821832602,0.5505413828572256,4.605261526340316,5.29679155135345,,1.7153225690168976,,1.6522572249479646,,-0.02202353843408854,31.850686073475686,1.5166454210299647,-0.563069427221873,25.108892097840165,1.1418808385080153,-0.47292479548593475,37.54278965665925,0.8965917268073644,-0.2764841031215555,39.261925232422975,1.0817988920474089,-0.17673066241952148,,,-0.2531914575059933,-0.6125398048264856,-3.5114798889921754
2023-05-30 06:00:00,1.5083828402793642,2.0393798151464804,1.127309721166642,-2.4220409960437186,1.3847068109591956,0.8535748997929878,-0.61897240361367,1.497171665280909,-0.003923397714768262,0.8879469056075304,-0.7059544100962094,-0.67569711099923,-0.07027740644983697,1.0924889061059555,-1.2153525900226918,,1.7285442229842443,,1.6362857570915823,,0.194274546520003,1.4642443506111713,2.266018639655688,-0.15230042164271101,0.6413880143487359,1.9799927008184308,0.32170929008101173,0.30765060969206304,1.8478710331899129,0.3140044064412077,-0.28455076731289514,1.802375556033935,0.36822206517096767,-0.4693909152563507,-0.14955002498897008,0.23018210895256017,1.3664914190714896,0.4027454767089915
2023-05-30 12:00:00,1.3625081720962102,2.0975684013871287,1.0994541999186895,-2.6263458215580107,1.0143577452854262,0.8977059438915733,0.07807140536953434,1.5375280581640771,-0.28912758288629953,1.6058495340981913,0.3108031261743834,-0.4047161837977662,-0.2185596301138869,0.9014947484710271,0.34676877719926563,,1.5173108699873021,,1.5465673324231979,,0.3736843858236321,4.936118428651348,2.1614651212890985,-0.15191411892058185,3.604090125725244,1.8850864144995365,0.25205655642509744,5.1354365748143485,1.8015301172315912,0.33500938737389196,4.816610675250609,1.7020722603879916,0.26370681374719396,-0.5398029978429463,-1.0215128285353974,1.909273077571361,0.9519928091229903,-0.2577611562139761
2023-05-30 18:00:00,0.6831821852561866,2.108820270954801,1.4976193615979414,-1.7838746457727492,3.0658610117213088,0.8217059853057563,-2.5892771026933477,0.8579152630212942,1.3459479054769528,-0.6511685372382869,9.535925463808336,1.9582983454121992,1.1060635581294598,5.567617885777054,12.605566997176844,,1.5365732198652615,,1.5783357030838185,,0.24156320348483148,49.4538854672342,1.7411704350787978,-0.5837169895230399,40.91879176405115,1.3901243044585356,-0.5473111894832386,57.221530449812846,1.1838103858390046,-0.28054875227134546,57.32521319659672,1.4054522192389909,-0.21357796136886006,,,,,
2023-05-31 00:00:00,0.803401656038399,1.7596489075381543,1.420632053006989,-1.0914820513419996,2.83637379818054,0.5621076273260058,-2.5069002137177145,0.7192255386664973,1.1269025558537256,0.9806636035603643,3.4638320395582856,0.5066985514259553,0.7248533175411004,3.9003345330892074,3.7815763985882214,,1.6474068783616893,,1.4801904620306556,,-0.1985842827623522,26.980291351439433,1.7114063028176023,-0.5634909781918475,20.709020120630573,1.3716085056031617,-0.4705116452002083,30.179332301904502,1.1192391152704348,-0.41734784763510147,31.090146748732387,1.3304896635840235,-0.1667479474836755,,,2.2776556330319706,-0.5487739799416802,-3.0935338148762925
2023-05-31 06:00:00,1.2410311196890302,1.5815555024390904,0.9831004588427912,-1.6087524961718338,1.3262217045312386,0.596816069595715,-0.8474580895002598,1.1814626546835956,-0.18063019064534794,1.3153330392605398,-0.7009794939013774,-0.6797440922201217,0.07753729158766004,0.9878967185247814,-0.8934847321033226,,1.6572426299479384,,1.4295115891682733,,0.024708155041146113,2.609886651799578,1.9183454727705436,-0.17987218990027692,1.38348064112477,1.6322907531397817,0.271868454344895,1.945400127472157,1.506010073977384,0.2827995224159525,1.8746841818647721,1.3892936143317913,0.3138824977623338,3.357333714123029,0.2931277024649393,3.3886771264873072,0.7108149028381057,0.20257550247135872
2023-05-31 12:00:00,1.577343814421651,1.720410414214701,1.1040744818631425,-1.6866141782813568,1.2357890907647913,0.5147977638231886,-0.1915628226849223,1.6510796737161855,-0.5308057668839941,1.277678938898346,0.2689545399566701,-0.40751570947366167,0.398593052629146,1.245810552959095,0.8267306965390336,,1.4917240284864837,,1.3395431319180562,,0.09626982603653954,4.566889870734914,2.283074794224969,-0.17225711966582344,2.8990167514738308,1.997856859593016,0.2090930634244018,4.199555190406127,1.8911145375386926,0.31066163010467324,3.4209231851593467,1.8220314500103512,0.25257193128020017,1.4720369961053996,-0.942627852069764,3.72471489578892,1.127241951248464,-0.07908605617447467
2023-05-31 18:00:00,1.318067572763278,2.150546084694315,1.9234054283679778,-0.9561502990297545,2.9430514740574965,0.27652835194097886,-2.2427823954679043,1.4562280019889478,0.5084293809377317,-0.0727880683083778,6.409609463068386,1.186773160493775,1.4505736146843473,4.7543350825391055,8.824396016250724,,1.5755316552606418,,1.284326119008755,,-0.21987560667171513,32.12260968888721,2.437034871904144,-0.6309336886905254,25.289019457659233,2.140812919969977,-0.6784030618713025,35.58868754081611,1.8771876901085216,-0.37149643654651876,33.015573097711794,2.195601301869106,-0.30010129707269934,,,,,
2023-06-01 00:00:00,3.510782217832636,2.627136854106607,2.4152882480542317,-1.0558412101036623,1.9239249215003258,0.32655812705825094,0.2739459049459221,3.4478340871223225,1.7803364342873624,-0.6672744568462607,0.619165004256541,-0.31703137799698766,1.801282146347323,2.5805092655602135,2.150119676597922,,1.587952081788868,,1.0708693279342767,,-0.4782317833007719,6.316047718410214,-0.20628414566384473,-5.058510177224473,5.144328915981976,-0.23437563438506406,-9.265805892173425,6.9941689207596855,-0.5080052933545014,-7.837173239530764,6.942708573574253,-0.25124175185198466,-9.343333529161816,0.3232996703560481,-4.490008581231772,,,
