time,H2O_ppm,d18O,dD,d_excess,met_temp,met_pressure,met_rh,met_vapor_pressure,met_wspd,met_wdir,rad_sw_down,rad_sw_up,rad_lw_down,rad_lw_up,rad_net,isen_225_ipv,isen_225_gph,isen_500_ipv,isen_500_gph,isen_825_ipv,isen_825_gph,flux_2m_h2o,flux_2m_h2o_density,flux_2m_co2_density,flux_3m_h2o,flux_3m_h2o_density,flux_3m_co2_density,flux_5m_h2o,flux_5m_h2o_density,flux_5m_co2_density,flux_10m_h2o,flux_10m_h2o_density,flux_10m_co2_density,flux_15m_h2o,flux_15m_h2o_density,flux_20m_h2o,flux_20m_h2o_density,flux_20m_co2_density
2022-11-21 00:00:00,,,,,-2.7009656711280954,71.88249973458133,31.3506376238711,0.15006907155771287,2.2198436190481794,64.25548588710167,-3.8090971206168636,-1.2686805825933558,195.62722703620983,266.5132359501996,-73.43472131888898,7.439929251852132e-07,11142.41146237775,3.8952535210012824e-07,5703.670769151907,1.1690877161144958e-05,1775.9472385616177,,,,0.08540276928,39.36145508,27.35845284,0.06535561728,48.5895372,22.544826529999995,0.049810092864,21.749494910240173,22.505514370000004,,,,,
2022-11-21 06:00:00,,,,,-10.545745428500979,71.93663967060337,57.564723815280615,0.14211413507441542,1.1344672289579523,118.40661211975596,-3.980215339378762,-2.4203518528528933,180.58362416198565,235.8303927656909,-56.807568360109606,8.681983065503292e-07,11163.112655323172,3.3887201322118387e-07,5716.349899442911,4.427619591639747e-05,1788.8493656532924,0.0089980067437,89.82508019999999,37.05793639000001,0.007010067887500001,89.1916936,43.7318054,-0.0017109543515000008,96.9411326,46.65150801,-0.008252518184000001,46.937616884708405,45.549986170000004,0.0054527201205,30.943653150000003,-0.003339136287,45.97476758999999,53.79305395
2022-11-21 12:00:00,,,,,-12.878462221243161,71.94090933559877,63.236135578151966,0.1277629753615727,1.030198929423443,102.45018837609402,1.6903356577781286,1.9082837394710117,176.40461194927374,227.79197991354633,-51.60812656408383,7.732747016150292e-07,11172.886966074504,3.5215599268902866e-07,5720.648466683153,6.263487779778326e-05,1795.0084547325125,0.0096353284907,85.2026856,38.41283989,0.006496505603699999,81.7287237,43.726958659999994,0.0058089931300000005,89.2977876,47.032447340000004,-0.000990392788000001,40.02622109651566,45.75095145,0.0121241139304,31.77054441,0.012051363152,40.24242412999999,55.338512550000004
2022-11-21 18:00:00,2172.0963499009645,-30.51612468452188,-263.69361249129986,-19.56461501512481,-1.5469169112172112,71.97364023956536,29.13034932977427,0.14778305517344256,0.9322338822827375,188.83999341832958,444.25965796807895,386.3236650399346,194.46008739421308,290.5638287487864,-38.154126068095636,7.105460527101495e-07,11192.282230234981,1.2361117296910696e-07,5733.2044501286855,4.865960494562917e-06,1792.3948745692082,0.7857686901000001,80.63548109999999,36.477211569999994,0.7675190303999999,78.2054861,41.27795441000001,0.7559500146,87.14343110000002,44.987475290000006,0.6629741339999999,45.5235712826252,43.768068230000004,0.50998652448,31.11528488,0.63111095792,40.613060739999995,54.109647839999994
2022-11-22 00:00:00,2990.5871624413476,-27.381723561371366,-233.91488742554242,-14.86109893457149,-2.314140085852067,71.87338053042384,41.239878617732174,0.19768734141870337,0.9233409619994042,196.0498670112102,72.07799891119636,71.38838451314317,203.82367684716513,272.7518469697553,-68.24903623341197,2.19942820611497e-06,11191.53144528438,1.9472781700631043e-08,5731.556518136294,8.468245590857424e-06,1775.9931140730023,0.14634556746299998,102.0952312,36.613813140000005,0.10171701159299999,101.9048522,41.61484858,0.066101123839,109.3965867,44.90842513,0.05846079273499999,62.43199729919434,44.26306091000001,0.059073847578766,31.77582521,0.054931381545000005,55.15614565,53.43425908
2022-11-22 06:00:00,2265.7859989283015,-25.74384833623742,-237.27517636678704,-31.32438967688771,-9.42335621641866,71.95217277491606,57.08622055312327,0.1565125545034038,1.4135871416369836,173.32602281623798,-4.038952361940794,-2.563593179228819,184.73060704960585,239.08034967656727,-55.82498553158832,4.556657863663033e-06,11184.693455367043,3.491132627198118e-07,5730.46138881643,4.47001673202837e-05,1786.343220220157,0.032772363791100004,98.89198660000001,37.94708555,0.022298934983727,96.56660690000001,43.19420803,0.012317393040000003,103.8977138,46.44733032,0.011481524084000001,53.45197415351868,45.26939702,0.014071878057265001,31.63750098,-0.006307632183999999,50.50494877,54.84917917
2022-11-22 12:00:00,1754.1068089745572,-26.42115768659267,-243.76666186784323,-32.397400375101874,-12.129510770940207,71.91917480685174,57.133880132364,0.12323977741799669,1.0197961482781146,101.7585189776089,1.2889785548764334,1.5872441691664259,174.24407008040927,228.4771926778495,-54.53334297341062,3.95805206634508e-06,11169.19946358243,4.845447224241915e-07,5716.530672010353,6.015703662529553e-05,1790.9206498068481,0.0141235586575,80.0962498,38.30968091,0.004410110850100001,76.59033713,43.58915047000001,0.0014805463570000009,83.173172,46.80576093,0.0006581293868000004,33.62370282411575,45.43960252,0.014996442242999999,31.57909635,0.0047134017235,31.73505122,55.636613
2022-11-22 18:00:00,1920.0861785716274,-31.152143921380713,-250.99557204026644,-1.778420669220755,-1.4283822427948327,71.8795148892512,25.983629512368083,0.13345104975920458,0.9195382886154814,179.92640256818606,432.60656172024824,373.78976471159666,192.71170005197985,289.3912971364347,-37.85241778730706,3.135752494752502e-06,11171.210428732282,4.6589093401887475e-07,5714.988118128455,4.957349568917099e-06,1784.0860585168825,0.8784083673,72.5044063,36.40344837,0.8174771054,70.06475004999999,41.20139946,0.8585086576,78.46421365,44.87037358,0.6772731726584,36.57277074456215,43.69346288,0.53112146474,31.03748703,0.6581338712833,31.12078395,53.984688469999995
2022-11-23 00:00:00,2577.5465091272763,-31.04971571316665,-229.08619957696553,19.311526128367678,-1.664407007567271,71.70080311612395,31.719696517705582,0.15849114341010162,0.8613785097177684,192.9954694935955,60.18687604114485,57.591224917782945,206.96848431903922,271.38357987601995,-61.822281511369546,4.466875769917143e-06,11160.0695974486,1.737979860222841e-07,5703.227337894041,7.968733418741565e-06,1759.6715381347424,0.19620734189,87.81376467000001,36.37562524,0.16701443177,86.56577064,41.344808109999995,0.133516730358,92.34720053999999,44.638562730000004,0.1096403692077,45.9730313718319,44.09234886,0.099259501776,31.60311846,0.1239253779392,38.498254579999994,53.309117060000005
2022-11-23 06:00:00,2058.564932013795,-31.430619720470535,-235.02883200676928,16.416125756995015,-9.729382971098719,71.64138467250078,51.97359752921891,0.13820847397232522,1.487133174082325,185.05678497170487,-4.074171513236229,-2.5524595567021797,183.31992328777702,237.99090996678925,-56.19391435477702,3.823924140856961e-06,11141.726429692255,1.74326076105876e-07,5691.424776717374,4.6877212895397e-05,1754.705907594307,0.03577510061,88.9450583,37.746130539999996,0.0235051924025,86.04977170000001,42.981618229999995,0.004340380422800001,92.48136579999999,46.18318735,-0.009060670183,42.03763347864151,45.10798957,0.018668309778,31.45624746,0.0260101357327,38.45709255,54.67089137
2022-11-23 12:00:00,1778.7833871258604,-33.9412404429791,-249.90639952760677,21.623524016226025,-12.65517560714344,71.42685052974011,58.74423321079669,0.12095848030480083,1.3850251225303625,121.3110937177216,1.0773876107088334,1.4408661296074108,176.08496808930815,228.1321045800893,-52.41338453909004,1.311429090493061e-06,11117.86025778686,7.280738953913393e-07,5657.045229930897,5.079945433057556e-05,1735.3907183919332,0.0185601868598,80.235215,37.95220822,0.011804727288999999,76.5988336,43.19325064,0.0156594902176,83.4059866,46.42156546,-0.0182608522265,34.311625719070435,45.24680427,0.02027557443137,31.50589035,-0.0024780721320000008,33.64754279,55.60023789
2022-11-23 18:00:00,2072.8556209112558,-34.244107734963336,-248.31735310715504,25.635508772551713,-2.3511837959773105,71.19369673321353,29.50145081459838,0.14176419137136864,4.640160426949796,243.61271405282292,408.746406321689,349.6982462144773,210.69017661194303,286.2777013733173,-16.54129196090188,6.816528158352996e-06,11062.710923497087,2.9064364598373025e-07,5621.878489413075,1.922698691817281e-06,1708.3829815462084,0.9921322408,79.54624619,36.109667400000006,0.9150556412,78.10894732999999,40.78708453,0.71289238172,87.2786275,44.44478418,0.49577150066000003,41.19026862084867,41.08127404,0.376622878022,30.64796666,0.29727349185,34.26046615999999,42.542072280000006
2022-11-24 00:00:00,3528.7843280965894,-30.224930146199483,-219.24007665524144,22.559364514354435,-5.474941528963424,71.22214288865393,62.50145960673852,0.2383835725847837,3.506481293572628,182.50823105301814,51.50295335565949,48.189344213815744,232.2797545627841,277.58609231024803,-41.993309998602015,7.5878125593801695e-06,10990.427801156928,6.881597047249984e-07,5575.660686776989,3.988187499742621e-06,1705.7464732382336,0.26046336212,117.52211519999999,31.689963669999997,0.26177411917,132.1738685,39.441073919999994,0.24701974138300004,133.148351,40.82828419,0.26697151575000005,84.22726273536685,38.03464927,0.21271741711199998,25.779093490000005,0.16180446079,60.938409,34.28216637
2022-11-24 06:00:00,3184.4687392002584,-32.41248045194467,-246.81481080733346,12.485032808223862,-6.209059525403097,71.43187718643662,59.52648697538031,0.21386246380615437,2.6226789767308682,167.63423900090748,-2.5266406750969317,-1.4355907334662779,239.769636379539,272.15390863368424,-33.4657784515677,7.832732865408154e-06,10981.96152974297,5.586545231719868e-07,5571.897102206149,8.22914205551899e-06,1756.1044718654716,0.18325139938999996,108.49989650000002,32.051464519999996,0.23846889993000003,124.6637993,41.1811198,0.215154633548,123.20206900000001,41.26663014,0.23566932489000003,78.53572660440064,41.121958,0.13807108051599998,23.94398648,0.13709287107,62.861312,39.24683549
2022-11-24 12:00:00,2624.8190925607687,-33.755934242610806,-275.9443293945493,-5.896855453662803,-6.975954528490638,71.69126443315496,52.761877577983185,0.1774627366617212,2.3099835419150994,162.76614599086113,1.9830995029355392,2.277617881074027,225.47303829110933,264.08154979040023,-38.89441512370589,7.858492290182618e-06,11000.570463896627,9.172822571995454e-07,5591.083526487833,1.0173796933058396e-05,1786.9830642505347,0.24554554779999999,96.9802071,32.756460249999996,0.28187591232,109.84567559999999,40.76873888,0.2905562021700001,115.43568180000003,44.04732529,0.29107095101999997,60.98156570962355,38.39340533000001,0.15545420932,21.92800454,0.09188015864999999,38.46268421,29.614826220000005
2022-11-24 18:00:00,2813.152835173715,-32.655405378619676,-277.9960870618113,-16.752844032854007,-3.5184553124102,71.98122153173159,42.900733048911356,0.1939696257640371,4.738792978888986,94.0713000272933,425.11345536155943,374.2434900123444,195.60034117824034,287.1097301708688,-40.63407861793309,4.176829611757491e-06,11065.517299706531,2.956201873097531e-07,5642.769975829393,-5.769617010416784e-07,1815.9467426931487,0.9715992785000002,108.74932590000002,34.53728227,1.0617615674,115.3220696,41.0197116,1.0386139403,122.1664853,43.75915549999999,1.0736761404,72.4184938722403,40.114720729999995,0.7546524445,25.58870696,0.8245695016,67.40496669000001,45.20294571
2022-11-25 00:00:00,2873.6917072600645,-30.25165917050249,-255.12266820998173,-13.109394845961823,-4.643566072327312,72.09781891611425,48.301761814018775,0.19722985773126034,1.9226861935319857,197.794651922856,66.61669488904344,66.89048533895874,194.8083983786171,266.2331202142873,-71.70571991432364,1.6686084877027256e-06,11135.619800430306,5.713803463621929e-07,5691.5411152598235,7.984192289205126e-06,1819.1503934406742,0.31638508964620005,113.24291570000001,36.650492709999995,0.3342143430367,113.0912096,41.51345352,0.30835766132400005,119.4742781,43.722647169999995,0.34773623774179996,76.00856655836104,44.00417341,0.2230478922832,29.50115787,0.266894365157,75.59527637,52.62174841000001
2022-11-25 06:00:00,2360.079858622937,-32.70363513645337,-264.9640295920929,-3.334948500465942,-11.544989968548904,72.30354780478248,73.48347121944457,0.1667822523252493,0.994407012324933,147.58851999150693,-3.63702289232765,-2.207405236270191,182.31428876429462,234.09082659955666,-53.20865744997858,7.647111700734214e-07,11199.192322846635,2.536600835195798e-07,5732.789305378591,4.3958810393727705e-05,1845.7346130984338,-0.016991215991,109.65690479999999,38.548771130000006,-0.01223197602663,107.0582456,43.85271993,-0.0035945099419999998,117.4459763,47.14676791,0.011532445928500003,69.19760185480116,46.18205528,0.011875993026999999,32.25987811,0.0018406671820999994,74.51542839,56.28474949
2022-11-25 12:00:00,2211.6708008743853,-32.86748469444727,-266.5336013420565,-3.5937237864783147,-12.753310181001645,72.31016995345101,76.56779686943376,0.1564889219731555,1.1345017248457079,146.0889784653554,1.5334427148814285,1.6452982613989566,188.11723156942543,230.88957678311138,-42.88785169582014,3.3020403206287075e-07,11238.231400994404,6.586507765007656e-08,5748.809352708491,6.437074035804906e-05,1839.0645799744775,-0.0080216560279,104.6176631,38.680363119999996,-0.00016366614050000044,101.70255470000001,43.99728639,0.015816527449,111.9579511,47.3332965,0.0219360692986,63.047158002853394,46.09147134,0.019130195428999998,31.94894873,0.007557126420000001,66.96324686,56.70663139
2022-11-25 18:00:00,3080.0656950190487,-32.91543407697198,-245.42237744867202,17.901095167103726,-0.7075274980244943,72.1914011489308,40.282454661421426,0.22101899170529454,0.9427877548181078,190.4894736184957,420.95659439332695,369.34158697202463,213.2527597025976,296.9241926171466,-32.04407715554357,3.9502114673350345e-07,11264.464356158469,2.4367670121017536e-07,5756.326148788453,4.97780469600216e-06,1822.2732935168438,0.7252961771,116.76825550000001,36.63684003,0.6775522741,115.8986259,41.43152002,0.6947997661,125.55989070000001,45.099592169999994,0.5338197866,82.46953630447386,43.97180338,0.334708333784,29.09055293,0.33488484324,75.86899052000001,54.27271204
2022-11-26 00:00:00,3871.225028668704,-31.04953263766232,-228.0836825315601,20.312578569738474,-1.0509898447133288,71.94060667892424,48.91235291409211,0.26304767813272545,0.9899763550177009,185.4090256731719,65.76945522014476,65.1602567967503,218.29145697438116,280.88122266231517,-61.98962330272775,1.329427691151509e-06,11245.930903808308,3.4194181109638346e-07,5738.330630165736,8.930755240447515e-06,1785.0032130712152,0.0781497636005,134.48417129999999,36.44324822,0.05934207715418001,135.5502909,41.37214372,0.060616764956,145.272168,44.62343576000001,0.04115602381,99.00391829013827,44.00011957,0.025634056533219998,31.592375750000002,0.0381242428308,93.5542666,53.30309984
2022-11-26 06:00:00,3425.9128980510145,-30.054228684197973,-235.54789092593114,4.885938547652641,-6.483509860944915,71.80309477865939,70.58405273371896,0.24820223588838974,1.1415361406901203,140.35380791025509,-3.587652780285066,-2.617284135744297,206.55593339888605,252.99334444969932,-47.40821845005306,1.360744655478938e-06,11234.092771014792,2.592079580408662e-07,5720.901881370019,3.4523722707768204e-05,1765.4576917162904,-0.02648076775435,139.8992105,37.257406100000004,-0.021471938774899998,139.6357351,42.29575675,-0.0210310302346,150.4916655,45.52181215,-0.010398878799500001,102.23526179790501,44.350494,0.009959919689199999,31.07890192,0.006598693411340001,101.2295456,53.869908280000004
2022-11-26 12:00:00,3126.146202244603,-33.36393767947281,-245.35480333471787,21.55669810106465,-8.198926976270663,71.48581451768138,74.98136992447783,0.2276410165931354,0.9665919334530364,104.367498506278,0.7592433603710568,1.1539798519793405,199.22885831787826,246.50097635661103,-47.66894581409707,3.682305888706397e-07,11213.497360733265,2.1634230356414796e-07,5685.210754890935,4.391577732922399e-05,1730.4144671277654,-0.013601946112999998,133.7930778,37.215033219999995,-0.0073058194069999995,133.3216896,42.22786435,-0.0078505001147,144.89863130000003,45.47189806,0.0052806655774,96.98716366291048,44.3342705,0.0109843652878,30.969024740000002,-0.0010349761186000004,97.26217399999999,54.33905419999999
2022-11-26 18:00:00,3886.373569040584,-32.10415057165143,-234.13948656569815,22.693718007513233,0.5243515887769576,71.29586477614082,45.036686176963215,0.2748767650517464,1.360154712795886,201.3783356283063,403.6021019384336,349.65835685998996,216.01163566548536,301.6291178385245,-31.665378783726577,1.7710761145177214e-06,11196.832720774355,3.681338217920709e-07,5667.120550446158,2.2919583425000295e-06,1702.9112414749216,0.7158449718,146.910298,35.77173906,0.6878499631999999,146.72113180000002,40.48843912000001,0.6678464137000001,156.53075959999998,44.062141489999995,0.5580086112,112.61534357070924,42.971549780000004,0.36100996087,25.949761619999997,0.441576913146,105.1288496,52.89587743
2022-11-27 00:00:00,4102.307364237555,-30.593789940142337,-228.23167991857292,16.518639602565734,1.1213603213878272,71.0529164003321,43.29373018146356,0.284433855194394,3.1160474187035696,176.1248179189356,50.368794202763276,46.07208516285517,259.9929438378561,299.10501877264323,-34.82212419235253,4.393345091235882e-06,11138.158159534125,5.74463660990652e-07,5627.94518964505,4.294393812657527e-06,1681.6821193200592,0.40586772429999995,152.0743842,35.26171282,0.3633572706,152.8558535,40.06541549,0.32418747025,162.4396175,43.363723050000004,0.3391482851,116.39144849777225,42.69578681,0.24928200812,30.640581000000005,0.28104972060000005,114.7693256,52.11852915
2022-11-27 06:00:00,5360.13163980812,-30.266066325810588,-221.94928059552944,20.179250010955272,-3.639419611171551,71.02097728226622,81.83779637657354,0.3622246131732688,1.5859419305336875,177.8312795032394,-1.65598434817587,-1.2360372255844936,281.75013795118923,291.9111851723338,-10.581921305195053,5.917302330281415e-06,11064.244092325787,8.488871402763202e-07,5591.220261578663,5.0171198313621695e-06,1701.0334386941342,0.07563189773861001,182.2109873,33.46338168,0.07206466231820001,189.58590870000003,39.85732379000001,0.0667447939743,189.5040099,40.430046530000006,0.06954018828679999,146.42273252388,41.12147609000001,0.030166364379999998,27.30496786,0.036933969263,127.7540412,43.51008907000001
2022-11-27 12:00:00,4750.179627740343,-34.453256661477354,-258.0643938367998,17.56165945501907,-5.317458523859767,71.00848459246336,84.0766231138397,0.3263236101041437,2.1703402242861003,123.09785117547736,1.6157437592752446,2.1386475058948013,250.94572896783794,279.03008232575763,-28.595177952822734,6.60297709288114e-06,11017.876054505341,7.661528086246199e-07,5564.415499892788,2.4240478628553082e-06,1711.0740778614436,,,,-0.03274822559,25.56154863,12.30732078,0.0421953861349,187.08185130000007,42.81409571,0.1798965928497,120.23704266548157,43.28194944,-0.031830380221,29.91160653,0.04471030776899999,92.97068172999998,39.56167053
2022-11-27 18:00:00,3751.121688239924,-36.07422639597096,-269.1714165521424,19.42239461562528,-3.7386156959916197,71.17053406068015,56.97168608102888,0.2519031554832871,4.4164160857868,292.9356720215098,302.42170850442756,279.1391857264337,213.47427401910224,287.5472626442565,-50.77818992785836,3.4461565958564498e-06,11037.720970956576,3.6986658077469765e-07,5589.722960828587,-1.915452932771417e-06,1710.6253065975347,1.1577174732,139.227736664,35.91273692,1.1247472047999998,144.1264381,40.74648551,1.1889367997000002,153.48919049999998,43.65769361999999,1.1742780384,102.59987151622772,43.77511903,0.8688445336,29.570913790000002,1.0231084549,102.57292029999998,51.9082476
2022-11-28 00:00:00,3545.360432597582,-34.469439930469804,-255.642012856206,20.113506587552415,-4.007116566586171,71.12965114907084,54.76689814485099,0.23666346936708033,2.222913715518579,198.6854693806353,48.3371459931248,47.63120885163462,243.9176810718808,280.338262838,-35.732081271275064,3.908586554841005e-06,11052.095392737529,5.822466236382843e-07,5602.8994897057,3.2162048516868613e-06,1696.5364670979266,0.37590384406,129.6368469,36.02884651,0.36265188224,129.89482040000001,40.79020982,0.31821790792494,139.5265508,44.22999396,0.29489199206,89.9178972244263,43.362170070000005,0.15126216698,30.565424319999998,0.22714125121,91.652996,53.28956923
2022-11-28 06:00:00,3609.318411381929,-34.22537106659489,-251.93630349236102,21.866665040398118,-6.518783631237897,71.04146270389704,69.86060767408219,0.24527668760850913,0.9422817019652079,148.28532714974875,-2.6243733740798136,-1.6437759804304428,237.61300152079897,267.8804698142809,-31.238497654299636,3.497330554025056e-06,11057.557694695935,3.166750816577798e-07,5607.551301464327,1.7551421179128105e-05,1696.6430806825783,0.051685920476299996,146.12450439999998,36.74183995,0.049132311962,144.861492,41.63830876,0.0562861919816,154.1700841,44.98375734,0.0455620811684,103.8768346309662,43.9980511,0.038921579284999994,30.797127800000002,0.041610814846700005,102.6373806,53.969875189999996
2022-11-28 12:00:00,2704.5948959876364,-36.33546191301741,-254.72109099815717,35.96260430598203,-9.561276764984202,70.73619289814543,67.74826889333552,0.18333645762046474,1.4122218915592368,146.02451853850877,-1.148248723270707,-0.2712544800385254,215.13953915475776,250.71272744674897,-36.464694245130616,1.8606723981454737e-06,11055.07346010724,3.6169661632025275e-07,5581.892666534785,2.4559509495822285e-05,1667.0713393824344,0.049047452327999994,121.41769010000002,37.21604638,0.0466137154613,118.96208279999999,42.26330509,0.038847338501,127.83268899999999,45.565838400000004,0.035169303944,77.31497144699097,44.5389306,0.037704726545999996,31.05080954,0.029127459456000003,77.49539604,54.76375989
2022-11-28 18:00:00,3055.7027230527697,-35.5419880972394,-248.7216930687759,35.61421170913924,-4.121184121891867,70.4470236759202,49.0405678363542,0.20255309924839804,1.5030613369669619,185.15382643117954,137.9522342439634,130.62339085803512,264.30044501375824,285.43867447025724,-13.806785389443341,1.5862576592547795e-06,11038.630579928196,4.5102785721503635e-07,5556.064846421451,-1.930579616313401e-06,1638.7293224742684,0.480060692,114.08431920000001,35.92945427,0.48862941680000005,112.6221099,40.66741204,0.45832488537,122.1127109,44.14709877,0.39111379126,73.94558441638945,43.003009899999995,0.293913341104,30.066106830000003,0.24172532969,72.40631157,53.21850555
2022-11-29 00:00:00,3946.268138164386,-29.26930866096112,-211.07241090532239,23.082058382366526,-3.800270905157861,70.16177860007738,60.909957277283425,0.25883137870651796,2.8123095662236786,144.82851728128412,18.499007269212743,17.762274088292177,277.72960972739344,289.0240017869039,-10.562937214384464,2.732326231925835e-06,10979.879761368684,2.8694212470598595e-07,5510.132859318207,-9.438327794204877e-07,1599.526683338923,0.23550178277,67.1872302,21.58721362,0.20909590879,78.1702072,26.76129254,0.21467434477000003,89.1560073,30.096510350000003,0.26891179928,60.49390613852631,28.04053574,0.18501616222,22.33897593,0.29840742566,49.91514717999999,33.73402632
2022-11-29 06:00:00,5038.00115878251,-29.8341127097834,-209.76148282734724,28.911418850919976,-5.460433981788793,69.8947769476066,86.22297102802543,0.3302948630891941,3.08718235852761,121.32152780617531,-1.5569306469955366,-1.2402159954850633,285.20242412604796,286.928821011966,-2.0421921868529274,9.11028993446107e-06,10893.099540677133,3.06000875448085e-07,5463.00246127211,1.0965876758709655e-06,1596.2439508782056,0.0044222137,4.4821567,0.97956121,0.014761771239999999,24.249321600000002,5.59767738,0.0292875143,12.813144,3.72249989,0.0102635232,4.920102318763741,1.23825195,-0.007199181999999998,0.82428872,0.028756568,1.7256333,0.72238904
2022-11-29 12:00:00,3492.510752680454,-32.01284636154131,-240.90146449510218,15.201306397228274,-9.17928225072174,69.89482791924097,79.41495576188842,0.22358177125924128,5.1451021549881695,266.09706507091244,-0.32777916507923094,-0.40956072982500097,268.5797824027124,271.96876049487435,-3.3063983720270285,8.307746478554638e-06,10839.295173621034,-1.2936918798214565e-07,5425.377182904294,-3.768139589281962e-07,1604.442818595517,0.0034283587999999997,3.7475096999999997,1.00373102,0.02875361074,30.596621100000004,7.31755601,0.0030997751400000002,11.4752212,3.0281216300000002,-0.005702007400000001,6.06277801543243,1.7769291400000002,0.020876430613,2.4747419500000003,0.00036966027,1.5616103,0.7291222
2022-11-29 18:00:00,2588.4334656612673,-36.84477638774841,-269.4405816716505,25.317629430336773,-11.879134998697747,70.36478222304781,73.74043496404946,0.16238172183861674,4.626926257619132,301.6244039639491,118.81103888918746,126.59952339267647,253.7897187018219,261.5627669622989,-15.559040581439762,7.267662487562155e-06,10853.793693951517,4.487424415632554e-07,5426.428698606285,-2.3742347021514605e-06,1651.2548650502104,0.00823859157,10.9737108,3.58613684,0.02424648608,21.192871900000004,8.103527220000002,0.011489899121200001,14.942748100000001,5.6678107099999995,0.013109299959999998,9.003986408684543,5.599785229999999,0.007294994642000001,2.58329758,0.0043564039,1.9339491,1.52400615
2022-11-30 00:00:00,1972.4563214929017,-35.698552734501504,-258.25553113764806,27.33289073836402,-12.681000494356528,70.88784004973661,60.58312738800842,0.12426829364519773,3.01439499245215,257.90738566617904,41.05840585572247,44.826033973970816,209.76108877627982,244.93188998407612,-38.9338482877684,3.89745471447701e-06,10946.293639639547,5.946514799650845e-07,5509.470844905815,2.6086009758876386e-06,1716.4105319066828,0.023229078222,51.75619450999999,23.71886035,0.0835987100686,70.74706111,37.23515125,0.047070745389999995,52.34573838,29.087394249999992,0.09728010835930001,28.35609552504039,34.84946651,0.0749794376615,23.06163407,0.033833507725999995,19.021638300000003,30.642327340000005
2022-11-30 06:00:00,1301.5900195481381,-39.20317468030155,-286.2544944454116,27.370902997000776,-19.316883714851606,71.4064298923562,79.27398465532187,0.08981245919657407,1.3003218082114438,147.36600379516022,-2.887003255477641,-2.0362057628504964,167.95024308708713,205.0332342290434,-37.93831285053179,1.166531341731468e-06,11071.479373143475,2.454000246909591e-07,5607.054820239333,1.5032408812834343e-05,1762.7027429489228,-0.0357775589792,70.00888142,39.36730284,-0.021126685623,57.81702464,45.73371416,-0.004165906644599999,73.74801519,48.13564264,0.008882240764599997,22.34608882665635,47.62060955,0.013516354541399999,33.28234088,0.0075488570549999984,29.7441669,58.526571340000004
2022-11-30 12:00:00,1403.3361506331375,-39.72405019113731,-288.8671731177519,28.92522841134651,-18.39761725075747,71.57984756369531,80.89163404150503,0.09977030686266969,0.9505579148861536,154.11993949177045,2.373186978211737,1.706834454448441,183.98438438535257,212.28478327911012,-27.63351025224142,3.244542107783574e-07,11151.689340589468,1.5591363209885985e-07,5650.340160206562,2.5067072272730243e-05,1776.8301898328777,-0.029672922036,85.5099522,39.359291750000004,-0.021314670846,51.34446749,50.37548324,-0.009949451182999999,78.9571691,48.24334688,0.0076144559487,28.92198383709122,37.94654662,0.017468137078,32.68347602,0.0008044796234999976,33.1269493,58.67691732
2022-11-30 18:00:00,2408.1648446456747,-36.51728488259575,-261.73308142998457,30.405197630781444,-9.628884873537931,71.60783669672463,59.10585047636236,0.15908591337521663,0.7810381386364676,196.66376969647234,429.6300605014839,402.4539639536062,187.95711859737668,261.14839487348036,-45.98208811288029,1.402802620901578e-07,11178.710288926672,2.456011069524937e-07,5683.188603156679,5.700518268158107e-07,1766.4440660069938,0.028190686840800002,94.3038832,38.12481574,0.029530617985,89.9498032,43.376803589999994,0.0306566489926,101.43665430000001,46.7195313,0.0009129098458999997,55.27878022193907,45.480882030000004,-0.0011981594358999995,32.05328507,-0.014045678919000002,50.81153714,56.3050396
2022-12-01 00:00:00,3455.162660209441,-34.195900924835954,-251.56121661546106,22.005990783226533,-8.267422229841491,71.35463432720805,81.84973611695841,0.24481795770280396,1.3739789929666602,202.18391287811136,64.98495818767664,70.62391616462789,196.0297264948421,249.9235647364548,-59.54859359837275,4.388458791907567e-07,11146.908736926845,6.614878832443916e-07,5662.757343792866,7.211660988440045e-06,1729.7690377302333,-0.077083893817,133.77402610000001,37.19066134,-0.051976959095799996,133.2807933,42.36511553,-0.037280643805699995,147.72614869999998,45.45027035,-0.027875570161300003,100.89536523818967,44.78252411,-0.029544114697999998,31.87012571,-0.02314830569249999,101.3936311,54.37321248
2022-12-01 06:00:00,3128.0367186338167,-34.715125542690885,-256.1871593523563,21.5338449891708,-9.709713190790769,71.40420930425492,84.53513017571859,0.22598729516188162,1.9889457131349695,158.05629109811719,-3.2695908169503647,-1.934164209289219,210.54879751602166,246.6712888890699,-37.464321427227,2.0690219148070916e-06,11141.177869274701,4.607884583816884e-07,5656.871250257519,1.8971598508824273e-05,1736.1173432190942,-0.09830096726836,130.9681076,37.27329277,-0.06943613726197,124.6690268,43.96037517,-0.084103922586,146.3599521,45.59261023,-0.05402951314,97.54032540321352,44.47518622,-0.03703294556499999,30.903165780000002,-0.0733449733617,99.4086683,54.655847359999996
2022-12-01 12:00:00,2842.638382816169,-34.54287126728872,-256.57268178634695,19.770288351962854,-10.777355974881505,71.3847509145111,87.68383893284164,0.21361962243510224,1.4748499965875963,155.01535933377386,1.8049394678894919,1.0982170131764493,196.5694737484967,238.0532886839124,-40.77807552470181,3.473070426922278e-06,11156.979282366723,3.143274454746102e-07,5660.988321717425,2.345534519271237e-05,1728.1029041552606,-0.050830330470999996,122.0030583,42.869767,-0.018440630121299997,112.41091215,63.084153900000004,-0.005272014821000004,146.0981327,45.90892062,0.059713647851,54.48212891072035,49.39775993000001,0.036731255179,31.284701239999997,0.016325632426999998,100.8885863,55.16296851
2022-12-01 18:00:00,3983.226821777756,-33.21471302355761,-235.1662840880362,30.551420100424643,-3.7054432122991976,71.32859219948628,60.93363930048062,0.26790491888499557,1.1860763024902439,168.641526584524,422.42496802352747,375.10747013582585,202.82405682211683,283.64962525411573,-33.47750129314374,1.865503770726009e-06,11186.76078027286,3.245796330234203e-07,5668.108134387854,-5.990807366533963e-07,1722.54027672596,0.054480607102,154.5387374,37.482233820000005,0.058419460564000006,154.3794621,43.4755839,0.047515485897,168.04954249999997,45.12951368,0.0026860146850000003,118.88014861941338,44.20278687999999,-0.029770805657999996,31.47511508,-0.03867692893500001,113.259976,54.18891581
2022-12-02 00:00:00,4785.544134936549,-32.92081970392921,-233.14483103208318,30.22172659935056,-1.111011114929854,71.14972999369147,58.38649092634505,0.32088720310498464,1.8918918015198454,147.4476448212347,44.048382493971566,43.55363182038837,267.87149135012237,292.3135481111836,-23.960663710135236,2.462741910425017e-06,11187.890726598544,4.6925899052958686e-07,5656.773420689538,1.618379500290589e-06,1690.6261260431243,0.126268082424,164.19806280000006,35.188948780000004,0.10753038951999999,166.02891320000003,40.35877043,-0.04633824882499999,170.9986249,42.56932892,-0.241472193123,125.65339493751526,42.89237312,-0.21249567721100004,29.855693810000005,-0.32885788037,117.1531479,51.83694824999999
2022-12-02 06:00:00,4898.383482005029,-31.932331828383624,-224.33766650881216,31.120988118256808,-0.8083473953800742,71.03911007828722,59.86887755288579,0.33471445898987673,2.462941784575219,151.49354830834739,-1.9334321449278653,-1.8414648545654002,283.91497112122454,296.38228248452924,-12.560107131690286,1.1262594938238215e-06,11193.217651233084,6.013769926673363e-07,5643.566516782494,4.728716532493692e-06,1695.8777844427843,0.248551304795,135.88724960000002,27.53157207,0.306704137866,176.53213549999998,38.822624469999994,0.27638341372400005,169.45249320000002,39.786029850000006,0.22186274442999995,121.62190826470032,38.4474867,0.21935649253000003,23.55135069,0.184946141198,96.8556457,40.54585602
2022-12-02 12:00:00,5710.509887769691,-32.001637500048034,-212.20046318993477,43.812636810449526,-2.7874785519026015,70.78721845587054,80.60733494046195,0.38580479384546007,3.0838239490760717,141.12205049548214,-0.7956244946251277,-0.7524593480847662,292.42100606594784,296.5789826974004,-4.203350126521845,3.3304134237037455e-06,11148.385042177859,5.284307375097937e-07,5603.813547820054,1.2664530789025097e-06,1673.595377616504,0.0245047078525,55.15303720000001,8.858770680000001,0.06722056795399999,137.04891859999998,24.235700870000002,0.046783872160000003,75.4198027,14.48204425,0.01991204345,61.90028667235901,15.511695159999999,0.06509591914299999,7.966037999999999,0.0368066957,22.6682378,7.24900975
2022-12-02 18:00:00,5626.571227190103,-29.462786372354564,-196.85385099027738,38.848439988559086,-2.4067617780245794,70.92075221939704,77.48658950328986,0.38393800919099086,4.4930640241949735,118.10238123037328,86.5086098120265,92.98896080106229,295.4695518310013,299.3643552230928,-10.372886771979408,3.52313298528076e-06,11122.433860408397,4.2527924611565756e-07,5596.5628010222845,-3.878463129344482e-06,1691.9277641792537,,,,0.0325374474,21.1791067,3.37750337,0.013104498999999999,9.5054558,1.8121336,-0.0027177925999999995,2.73820563756714,0.58744377,0.012295422999999998,0.82692873,,,
2022-12-03 00:00:00,3725.243191174667,-29.19956756755147,-200.54807080794964,33.04846973246208,-3.1749719647620007,71.49028400258021,54.652475787562224,0.25499090123360335,5.576998489351743,188.52874729127817,15.147584690872971,16.743708658671196,262.9536424528591,286.99462168703894,-25.627513974905433,3.3336479439879785e-06,11167.989040192972,3.385187336230249e-07,5646.580550045442,-7.098424587038177e-08,1748.9885293189695,0.10173623905,76.0373354,21.09443115,0.24582605118999998,100.2046437,29.793932920000003,0.18848598704400002,103.2074677,31.967226919999998,0.24578736510599997,66.6607111692429,30.40228507,0.14288843626,18.70379645,0.100925288283,52.1182268,30.36359784
2022-12-03 06:00:00,2684.4744945691173,-29.345828779656145,-219.81838800049246,14.948242236756688,-10.794334946680662,71.916749041781,78.81517053874643,0.19050035033374985,1.5964758617779888,167.93096879752773,-3.537722188027096,-2.3141825799762077,191.8920319785402,237.3038585119498,-46.6452995883499,2.5591389324859487e-06,11230.07275983984,1.8993201694098355e-07,5702.353660529056,1.9449728600476897e-05,1805.7621286464666,-0.07876832172199999,122.73785620000001,37.908447210000006,-0.066667505884,120.94205559999999,43.094086000000004,-0.063019617366,132.65473179999998,46.31678929,-0.018123447158700002,84.32115453481676,45.57689275,0.011171687235,32.019107149999996,0.026003708496,85.7185198,55.43341786
2022-12-03 12:00:00,2960.225088507733,-30.077401046298466,-224.0645099981569,16.554698372230852,-10.659672154299571,72.06306937572421,83.74528980758427,0.2062358935822285,1.1391835409571671,149.4055300584314,-0.014991463367258897,0.14695317277441527,239.16278365036172,252.3752604792511,-13.379983874546463,1.015794940452255e-06,11273.852463045527,5.312265017236793e-07,5724.498206691802,1.4731659968007568e-05,1826.2439724002763,-0.030792819442599997,129.4130692,38.192866050000006,-0.0162234643405,126.3143226,43.39553029,-0.013198749163299998,137.1256463,46.70705986,-0.0003462361894999988,87.93402636051178,45.50839366,0.0017180918310000007,31.47669002,0.0009226027758000013,87.912836,55.960479019999994
2022-12-03 18:00:00,4653.826951073335,-27.075922505108394,-189.64117937362352,26.966200667243623,-6.24527992445179,72.15771535469952,87.27878242198196,0.3148668484440316,0.7573323669290674,219.94268929744868,85.38305679980913,103.25147052460763,281.0184692020795,284.8957668977284,-21.73818663881771,4.996501662473143e-07,11303.000644489914,8.797091705533079e-07,5749.512921024321,-8.216241934408844e-08,1821.678317235185,0.0020660936779999996,35.246348,8.94992761,5.405237999999996e-05,46.436597580000004,14.69747124,-0.016318850372400003,58.325130556000005,20.664813289999998,0.011534149298,24.622588752666314,9.34836603,0.030503617207000018,22.32097961,0.0386265728439,72.94626267,34.319091879999995
2022-12-04 00:00:00,5662.05830250629,-27.24061285246239,-187.67918990286555,30.245712916833586,-4.265544001556678,72.00754287576251,91.50662971822405,0.3883667902046288,1.0820786403134182,168.8233168633478,17.354399933226325,18.744223706496545,290.3918048996957,292.83432995832067,-3.835023572124184,1.5158544074537732e-07,11323.368622345204,4.5819821863526614e-07,5745.44395162053,4.485992364630035e-06,1796.315637791323,-0.15509212204669998,89.49297558,21.075827250000003,-0.0011198832000000004,171.12706664399997,42.78449159,-0.002092161047,213.14596470000004,42.460233280000004,0.010286557613800002,130.2725519310937,40.626600460000006,-0.016099649205300007,30.19807522,-0.004645272207,162.70439130000003,51.05295437
2022-12-04 06:00:00,5965.341344236477,-28.70685571560302,-201.12506607246502,28.529779652359135,-3.8177224168105734,72.06392319535291,95.01953920645873,0.4189715572632834,0.9783572984453826,147.9597883625807,-1.112914751898733,-0.9564612233595603,290.56251506937565,293.5227409129842,-3.1160117218899503,1.0214343444803267e-06,11349.539483566456,5.255614169039355e-07,5753.571759088451,1.3442710091148628e-05,1801.7899410089838,-0.006164165962399999,216.98087329999998,37.10715742,-0.0055052407058,217.7638436,41.923938140000004,0.0006551564588000002,231.45434699999998,45.33142579,0.0046502163975,181.48378992080688,44.17371705000001,0.004000289351999999,30.735451230000002,0.005489111747400002,180.9071136,54.357462549999994
2022-12-04 12:00:00,5323.976931694633,-29.238239669218906,-210.2640632385988,23.641854115152448,-5.078102626177588,71.97430106443502,95.90459042720198,0.3817076918184349,1.0268036317890066,157.17073533858058,0.7568033607709825,0.9450012990309171,256.5182293291625,277.5584963468404,-21.21775700971728,1.6276014104825715e-06,11346.195204150263,6.753057212372636e-07,5744.672754132707,1.938803793119281e-05,1794.6772373962476,-0.020223917582,188.78362120000003,37.33777895,0.006624947777400001,191.7506935,44.62947271,-0.0241665152128,219.96841899999998,45.70233058,0.0332864147708,153.79788357019424,45.46142659,0.01709924577,31.10126329,0.031747757851,174.1353038,54.70298973
2022-12-04 18:00:00,5704.677144590687,-28.39824731322223,-197.43915777413187,29.746820731645975,-2.2155790303228877,71.8261780704475,80.15952358650983,0.4050401855769613,1.0817017032443337,168.4810811471687,188.3454044087456,182.56341863165008,272.91455099602223,296.85507909106326,-18.155632234870293,1.242070286057236e-06,11331.612059932533,7.324811979126364e-07,5733.294495956474,-5.0997293088686e-07,1773.037834741703,0.030905149992,214.71134490000003,36.67370233,0.03795237641,208.7887222,44.23060983,0.048742999432,227.74078079999998,44.91597469,0.028447073573,171.70141279697418,44.896252790000005,0.011114926865900002,30.63362279,0.015989171317,176.0326164,53.6580228
2022-12-05 00:00:00,6402.669939346431,-29.931220753004617,-197.2263917880985,42.22337423593844,-0.1814536802994316,71.47656953637147,76.2046229288968,0.454528215972139,1.851256161234009,169.85809976021713,40.86545801335271,41.457574406070776,280.3711068290302,302.46733346790626,-22.69722895034501,1.0419718436609874e-06,11282.099325060559,4.038639598622558e-07,5700.2669435433645,2.551809331899096e-06,1727.1182882252233,-0.019794784030799997,232.216338,35.987892949999996,-0.019518525927500002,232.572078,40.58395696,-0.011364363719260001,244.9964907,44.08419583,-0.036859707278,196.991548538208,43.08447064,-0.035635874321,30.510339529999996,-0.063928631794,193.68651210000002,52.826057920000004
2022-12-05 06:00:00,6581.274729842862,-29.342146447527774,-194.72123730474695,40.01593427547526,-0.7758858485981953,71.35871117514641,81.97868171242787,0.46049795932167525,1.817478117133858,164.32595482566524,-1.8856602662404032,-1.555229982098735,286.8648576269995,301.675300922145,-15.14387580858209,1.3271139819217247e-06,11228.955106838543,2.3658868313606048e-07,5683.800996003479,4.0744748223377485e-06,1721.1113839858235,-0.05728534257,209.32725490000004,31.458654619999997,-0.057088491122,234.16436900000002,39.05152189999999,-0.020617043373400007,222.1613004,38.527772459999994,-0.028721136412000005,191.78190284605836,40.85183891,0.02156411433899999,26.421456159999995,0.027160212144000006,154.7351818,40.222291889999994
2022-12-05 12:00:00,6963.777904468148,-27.018634940386793,-174.96663371038125,41.1824458127131,-1.4638695347087887,71.12237490375449,90.85755879193042,0.4874154995740607,1.866738286502434,166.90077664480094,-0.20813438272344056,-0.06376802030351288,295.19971171170545,302.39579026597454,-7.3421745084316985,2.098251501707318e-06,11182.74388520784,3.6452298908213734e-07,5654.049697439438,5.8657857751506325e-06,1697.1751129782879,0.0033753285300000013,186.2915112,26.188160200000002,0.023703673284999997,243.47944079999996,37.3048841,0.003337650444,192.87412700000002,31.506650110000002,-0.010546220806000001,178.25154191203436,35.63259016,0.0436984796604,19.004756599999993,-0.024565209303999986,103.61992700000002,24.967949540000003
2022-12-05 18:00:00,5660.014427281005,-26.692680638547067,-176.86480008524,36.67664502313656,0.27618487267486536,71.10463966007458,64.09487377405964,0.39777819973486506,4.0309905607078855,175.71394075564658,146.90730202493017,154.17689919780034,293.69619288216285,307.7330905555239,-21.30180303228407,5.420353404191868e-07,11175.38487382277,2.6222828463086385e-07,5640.107836121101,-2.6439226684258465e-06,1694.701863264864,0.12327125432,196.75484,29.99862187,0.246185300448,226.2097265,39.01697894,0.287376505743,220.4735814,40.07274647,0.29395923423000003,176.89774250984192,39.675600859999996,0.19467571875,22.12314796,0.5901890481300001,90.51273092999998,27.947358620000003
2022-12-06 00:00:00,5078.596679679036,-27.407126756074796,-175.96349897479578,43.293515073802595,-0.14514123854235467,70.93737757537716,58.883415698975654,0.3540398720978111,2.1950658637210787,138.9557598009394,27.09585972540964,28.403263799444066,285.2123562795712,301.1296999557979,-17.227554826077323,1.6853204692711295e-06,11141.567267455259,2.44692406981096e-07,5613.895585414415,1.4103789260890376e-06,1680.600350638684,0.20236306295499998,182.55922679999998,34.73290042,0.205292076378,184.6474624,39.64277208,0.18592868332700005,189.2647016,42.018910549999994,0.216701498718,146.23318109769139,41.60907683000001,0.180816269824,29.464339799999994,0.186321699606,137.25035989999998,49.768144809999995
2022-12-06 06:00:00,4735.32805130804,-26.604736387954524,-166.5701668778994,46.2677242257368,-1.216711296996782,70.88967954112154,59.87827774365381,0.328213740999484,3.1537648522973307,147.90836739812744,-1.7499206718791729,-1.798748329509242,288.3872600684316,297.40584338663734,-8.973232816005495,2.0920063596589975e-06,11110.229171958088,3.5604582497051723e-07,5597.787212800203,6.3986037908968745e-06,1690.0911709305253,0.21347481380000002,125.32258519999998,25.505007509999995,0.323172552,174.65668669999997,39.13360339,0.31205993934000004,155.17654159999998,36.11019476,0.43369165912999996,126.00429155562071,38.31737657,0.31080813630000004,20.68473041,0.40040813879399995,87.0381673,34.71631151
2022-12-06 12:00:00,5861.5261591768,-25.827022859672695,-154.80932432107497,51.806858556306594,-3.518678555187821,70.87314618171519,88.12500035587601,0.395815176873198,1.7733577456342873,180.111035116425,-0.7504777617358224,-0.29092063258018863,294.3061275543699,295.54435893461505,-1.6998664426881065,2.8754169004888866e-06,11086.053951889735,2.0250573306029452e-07,5585.765887145987,3.847042996468548e-06,1690.3025644913348,0.021877186923000003,35.4166907,6.02970798,0.10379893703719999,96.1314873,20.46135258,0.06920926813000002,56.9506983,12.090172680000002,0.0922595661127,34.7782905252823,9.47840854,0.029260288429999996,8.3395139,0.006201723679999998,19.293496599999997,5.91843791
2022-12-06 18:00:00,5458.023364873547,-27.86082262239502,-187.8845471278192,35.002033851341,-3.921966309070536,71.10179987250629,83.90539584361733,0.3653976193589836,3.3033886475015484,234.72992686165583,116.67239895210253,142.0780462969794,290.0927604870381,295.14612867033304,-30.45692083912115,3.4114538183226974e-06,11093.593027537258,2.4743266017411525e-07,5602.741914776443,-2.0425150477170185e-06,1707.2829535480346,0.025995459650000004,37.829425900000004,6.989772759999999,0.072847329074,91.4503507,17.963598209999997,0.08255081151000002,68.6566689,14.681103830000001,0.09493923547000001,50.73640701879241,13.619477240000004,0.13269892954,12.09209293,0.10326884831,33.7832872,11.78707636
2022-12-07 00:00:00,4844.726114385944,-26.59714582925715,-177.69030698847826,35.08685964557891,-4.125101502188732,71.23246742857631,76.46964299177544,0.3264512353314192,2.9897577268870412,189.58074392892604,29.40593555579384,31.956000258095337,283.2475030214549,290.81020877131505,-10.117790932395947,3.586381877914953e-06,11100.739940093177,2.306807240853692e-07,5615.211957641859,7.217194977015761e-07,1720.7947275007139,0.10349112961699998,104.307902796,23.516059650000003,0.12228597644400004,122.1718285,26.605209459999998,0.11379719659399999,126.48103520000001,31.77038651,0.153910983233,87.01417440892337,25.85710369,0.105620710581,22.175369329999995,0.10917896178,67.640431238,32.14867409
2022-12-07 06:00:00,5230.253431177933,-28.987871688510793,-192.51785116790828,39.385122340178086,-5.80195790463973,71.43032220052578,95.03328224267126,0.3540768058216109,0.5415855867621517,196.3244259031748,-1.1404919504482018,-0.8394205214218692,284.0499827437113,284.79822886147423,-1.051251142885089,3.6750455878631315e-06,11139.136417791153,1.8253193577699866e-07,5636.785954218706,1.0853485160474332e-05,1750.4382587478008,-0.035356738,2.1668656,0.6717857,-0.013623389525999997,6.61544954,7.1995055,0.04294984046548,70.2941768,16.58042135,-0.00901025491,14.702651162528307,6.8914518,-0.03995090820399999,11.50468536,0.0004340724223999992,27.18095379,11.59338915
2022-12-07 12:00:00,5050.993281638892,-30.86519765119128,-209.35010833324375,37.57147287628648,-6.125470647809624,71.51114059389263,94.21064149348915,0.3414190580989125,0.6980631934237266,177.6357131515693,1.0601147424908919,1.311925242546483,287.3876499114233,283.32891022921007,3.808610210757401,3.5181897251065156e-06,11166.225818332927,3.1896473984955904e-07,5652.809441113589,7.91498783424858e-06,1761.2551185945747,,,,,,,,,,,,,,,,,
2022-12-07 18:00:00,5608.791712416051,-29.299732314473374,-195.68681399795113,38.71104451783586,-3.1983338996683903,71.58917907510894,80.892146161091,0.3751058669998982,1.112642736006596,241.41341795115713,200.39470398663994,234.9107544687195,284.1761299427179,300.1548754421108,-50.49381915601554,3.947439251714306e-06,11192.266189392403,2.974914306621751e-07,5666.707858509381,-1.5703806583286773e-06,1763.1825113913515,0.015505210888,53.521852599999995,11.90485639,0.031857511639799996,122.90533508000001,33.87000469,0.03403868894960001,173.2638393,36.038682460000004,-0.033521193019999986,51.704450518491846,13.94857895,0.027299995093699996,28.200136689999997,-0.098204903318,121.5057226,42.18917081
2022-12-08 00:00:00,6438.197841240917,-28.74312669949196,-184.99800306195021,44.94701053398548,-2.1117313571942953,71.45023942183249,88.2613303120641,0.44792141849880673,0.875791548747116,163.02179353084196,47.03074544818544,50.04415596095413,283.14338485058033,299.7212177829527,-19.602613667837716,6.416898104547e-06,11149.337904008124,2.3486615926459827e-07,5652.37960394474,3.65279608646413e-06,1748.1857500589417,-0.003449388724,216.76127350000002,33.57608464,0.13153751737093,219.06089559999998,41.00021921,0.0007601176407899997,235.31377460000002,42.15353725000001,0.012887095642599999,212.1285605898346,42.237640840000005,0.00019298887999999958,29.896784580000002,0.011137838864599998,176.8745147,49.22286214
2022-12-08 06:00:00,5866.650694629523,-28.485770385313717,-188.84119138825173,39.044971694257995,-3.5639489257424612,71.37416781365903,89.63351543172486,0.4044882769088566,1.7681179274230132,143.4136260973307,-1.4304500005739875,-1.199588683519933,286.1877860969512,293.2204963149593,-7.264715607315608,7.430277458981618e-06,11120.772358137458,3.0746580176188226e-07,5637.80334185739,5.546628029827641e-06,1754.0471315935347,-0.014825551816000001,157.50312340000002,25.73949538,-0.007890575764000006,157.6552881,31.38275599,0.004959538040000001,168.1452311,32.10167371000001,0.006012765311200001,119.09531509876248,31.35305799,0.013446024742,20.74710306,0.01808043591,117.39152510000001,34.75370457000001
2022-12-08 12:00:00,3895.763855436472,-28.387957664512445,-190.17218757547215,36.93147374062738,-7.3454196335830595,71.48879729800657,79.74675311428447,0.26038513724378953,3.705032770890714,163.79517355574018,0.7429947300395973,0.8950493812243514,274.06894143244443,277.83538844248193,-3.9178564730792087,6.844919408426776e-06,11120.025794038635,9.900396096490873e-07,5608.256992114708,2.7377448055126174e-06,1761.1401853690147,0.022279981336,31.3441587,7.65545546,0.056474839961,68.88753679,21.955979620000004,0.04947356118,55.556748899999995,16.55644233,0.01628676183,28.535661531515494,12.53536553,0.02602768768,9.93960802,0.005625568209999999,6.644549559999999,3.79456683
2022-12-08 18:00:00,3222.3543440816065,-29.86838619793278,-209.15553939447125,29.791550188990975,-6.288456134776709,71.66170636024256,59.07836192217347,0.21005093800434782,4.629724756467995,277.5701558249093,268.25831430939286,281.8201000514606,236.92266818021605,278.6897031645077,-55.30473574369111,6.4438667705794415e-06,11150.308781482725,6.039864396505747e-07,5628.346529567755,-1.994974780182398e-06,1780.433026219464,0.13652390089,75.2356988,23.555897510000005,0.25439419559,109.2022072,37.888541339999996,0.21380877658999997,103.1942629,37.041986779999995,0.24823465170999998,63.53542416747407,34.70248418,0.19660425152,20.41349984,0.20166930873000002,43.66011516,31.69589257
2022-12-09 00:00:00,2482.92500134888,-29.20387521920059,-217.35853066925176,16.272471084352922,-10.78814146273633,71.80770538101424,71.0847974662403,0.17197038967729322,2.0636993612245096,169.0047808301524,46.34059983130005,52.642491096511826,176.97106491024323,236.16233775251567,-65.50858418824531,3.831725481249857e-06,11164.76159011965,7.125947286640763e-07,5653.950100424963,4.30013101837514e-06,1784.7358210437,-0.057859686843000004,102.0367062,36.055335590000006,-0.038403418191,104.57013710000001,43.15317529000001,-0.017170161729,113.97002479999999,45.94036567,0.0209273130466,71.14793246984485,44.64318249,0.0639826608411,31.45002165,0.067689749741,67.64551976,55.05686914000001
2022-12-09 06:00:00,1357.3974108727075,-26.7356687502078,-239.8944314224873,-26.009081420824913,-17.973283932230142,71.80492052769543,81.00138471607887,0.10410019072497678,1.3748485659164165,117.03293834011961,-3.3632844165147695,-2.392879109466102,162.73736126161694,205.85151570240672,-44.0854340367147,2.2904353504114812e-06,11200.847883061253,5.110754773957435e-07,5675.973149505229,2.6880897988093376e-05,1791.718717205141,-0.05468348200300001,106.66765840000001,40.793216199999996,-0.023155393198,73.24272097,59.46871933,-0.0011722833840000016,82.23757404,48.262796570000006,0.014238605852800002,31.663966849446297,47.85715261,0.026018883721999998,32.82292681,0.011697373074000001,41.995714050000004,57.6311825
2022-12-09 12:00:00,1296.6331989781088,-29.058210626973953,-244.5210087970304,-12.055323781238775,-18.466890205375613,71.57985999667517,80.49507605261087,0.0989313825451467,1.29657018243734,121.4318239445561,-1.3464880551750154,-0.3493133340772884,173.1568718279963,207.72630036919278,-35.57273558114955,1.51770022825236e-06,11186.46066226771,3.5117689936155763e-07,5661.924700750076,2.276611850974676e-05,1772.217467631082,-0.051363957763,131.95252319999997,41.72465172999999,-0.0166704007737,51.4113289,43.62495398,0.009683982836599998,80.54812066,47.995954129999994,0.026692212295,18.803977712988857,48.3084967,0.0189230900972,32.18961386000001,0.011604916803,36.99026762,57.57923365
2022-12-09 18:00:00,2849.460819302335,-27.377297901434112,-205.69231450489622,13.326068706576695,-9.825258423013576,71.42781348412962,67.50905348270012,0.1793075080726282,0.8605528544317325,189.98168954201125,162.92406328316312,173.9218550121018,250.78742754321115,264.7633172949006,-24.970108085414314,2.343876516715403e-06,11142.174816808221,4.710500291360735e-07,5640.856792702574,5.657550136616831e-07,1748.3873989720948,0.021670078121700003,106.047679,35.59714696,0.020316536209,107.82117622,45.31491541,0.0081594440756,113.3963219,44.926673,-0.013857158445499998,67.63474899991793,43.75790421999999,-0.026851347768,30.564848679999997,-0.0424006817019,54.97026571,50.84919018000001
2022-12-10 00:00:00,3179.034027995674,-29.478822637591513,-209.63343102303642,26.197150077695685,-7.496124349213368,71.32206200908415,67.94968447981523,0.21967790344642868,1.8884098763576804,191.74752246598163,52.78556717695553,60.211894469292474,192.46323824879482,252.87061169255676,-67.84284771470143,6.022315115248814e-06,11086.257517466727,3.0814694836372903e-07,5618.171355848995,4.986267534141189e-06,1732.1765755983752,-0.08656405511600002,110.84310932,38.41619856999999,-0.074851917814,128.1540253,42.43029984,-0.05885443110000001,148.95711119999999,45.42159013,-0.048976580676,100.27535724639894,44.60052467,0.027079895974999997,31.46417997,-0.0030471267129999827,97.29874446000001,54.516818650000005
2022-12-10 06:00:00,2208.204938093375,-25.82064333831055,-216.12466271663945,-9.559516010155077,-12.996477729412906,71.59824111986129,79.01428873899674,0.15919959569302,1.412447531069226,186.60803743147454,-3.5885352231484156,-2.629827668238588,178.8385061807384,223.32368585694914,-45.44692543455584,4.756865024412391e-06,11078.547067882419,1.6504040011180506e-07,5647.6344524955675,2.4040288341339636e-05,1762.873872908794,-0.0737734517758,54.561303769999995,43.30910987,-0.055130084940000004,99.4334781,43.77931791,-0.0256147163139,114.2690941,46.82643667,0.005375099855999998,66.16252774000168,45.87534624999999,0.0004592476769999989,31.90799535,-0.024825726319999998,66.70643909,56.10853958
2022-12-10 12:00:00,1477.0006989693757,-28.630132201687584,-246.36515271618305,-17.324095102682392,-16.926726285680378,71.64804083976318,81.10854032850091,0.11448225399348266,1.3211662878116712,142.82855411793213,0.06588116448485402,0.29968277223147377,171.74316524133232,211.38266512859332,-39.87455007923933,3.140864069952009e-06,11089.03942346244,1.2276263568567108e-07,5668.540432021285,3.503684743098003e-05,1772.9341321451773,-0.068438906214,146.778591,45.929341140000005,-0.0236581739913,68.93722552,46.96965817,-0.002233568275999997,91.12608130000001,47.81106966,0.03171332645660001,44.13087961077691,46.62848817,0.02385702781,32.082404960000005,0.014279094950499999,47.086094689999996,56.88225816
2022-12-10 18:00:00,2401.515235419756,-27.637020050652282,-227.80489275496302,-6.7087323497447295,-8.034485344427209,71.69545493429587,52.81367079390624,0.15991347654830135,0.8554009220048866,187.3816741137565,395.9730549527022,380.1316095729066,187.12016609755946,262.2359647213392,-59.253259398940315,2.7113517499999387e-06,11109.832813081332,3.0874773611784113e-07,5682.955483186864,2.02596663040885e-06,1773.0135055660546,0.002417907901,97.44298688999999,38.51481985,-0.0011058824562999998,96.0731087,42.79455573,0.0005168041040000005,105.0945237,46.37347012,-0.030414106846500002,60.751421332359314,45.106593149999995,-0.0323129907877,31.79114807,-0.034050826383267396,49.8164754,55.54439753
2022-12-11 00:00:00,3007.6286271534136,-27.276621435328018,-215.65387686217926,2.5590946204449008,-8.595944766153833,71.57802982079983,71.23087974559725,0.205558942080743,1.2094674473074227,248.1752198097568,63.99599073743952,69.24769919735516,202.70419824581998,249.78813729226255,-52.35428938877763,2.1055278061233617e-06,11143.301393070014,3.0356503107620945e-07,5682.274063390101,1.0640473685702092e-05,1753.8096927891945,-0.0658751280805,116.5903879,37.52443570999999,-0.06150524686599999,115.32482159999999,42.498798230000006,-0.06676683698239999,126.3033886,45.83068104,-0.0339310651985,79.82963824272159,45.296752,-0.017276744636300002,31.599447020000007,-0.041700982369,69.49068050999999,54.464105419999996
2022-12-11 06:00:00,2541.4481342714294,-27.115232675820337,-222.18321968730942,-5.261358280746712,-11.733532488415783,71.58498934134731,79.54150341592796,0.17822825864695654,1.72223123297401,155.05384837627983,-3.0894258498213256,-2.3691187718564057,193.31180630165065,232.2127322196847,-39.619835107843514,1.9046191398473986e-07,11196.748364603694,2.119335481886685e-07,5688.761851290799,2.3708394864063404e-05,1755.0104123695335,-0.087661052391,110.37612229999999,37.996847990000006,-0.063679267953,107.4428629,43.095430019999995,-0.0367556049844,119.2263596,46.36681478,-0.029803224586719995,71.30218797922134,45.28506034,0.0014154058510000012,31.36223124,-0.005139716046999999,68.43449709999999,55.21184179
2022-12-11 12:00:00,2321.660808394945,-28.908476798080187,-229.99933336752113,1.268481017120361,-12.814097640810061,71.45505299076441,80.60694211075497,0.16400640964227264,1.3368114239939641,130.03750172576167,0.1988196565938144,0.5431717437157998,195.33344773246853,230.72668725218202,-35.739945902347614,2.8007757050076146e-07,11197.427895813928,1.5619880118906847e-07,5675.837471714164,2.6676889399461207e-05,1744.8628094510627,-0.058779963086,106.3296288,38.02152001,-0.034449103843,102.8277531,43.14178792,-0.010632725964,114.1851703,46.41554405,0.0011972618938299981,66.49283403158188,45.228513340000006,0.022661676970999998,31.21674764,0.033490595954,63.48804378,55.425997609999996
2022-12-11 18:00:00,2933.0504943407896,-30.84877268956912,-226.67619982787323,20.113981688679694,-3.9706832997030093,71.28624923770357,46.24686947460674,0.1947271061417642,0.9682928023113141,173.71722600793765,395.6984881713431,372.49653242864485,193.70563767828878,275.368848102704,-58.441823867734385,1.6027650572132555e-06,11174.091423349513,1.4825238133060376e-07,5662.867450185911,7.247199710414817e-08,1729.3155312370345,0.009625133843639999,118.99244049999999,37.037900279999995,-0.0018567475600800003,116.709878,41.71154289,-0.004598670244,124.6539153,45.30180416,-0.044068573476999995,80.08129221200949,44.09122691,-0.017610650749999998,29.758030290000004,-0.038853820748,64.46252331,54.13031446
2022-12-12 00:00:00,3579.155965698783,-29.93935113434899,-202.5191935972099,36.99561547758201,-4.935930756766241,70.97044478859516,60.29278203876661,0.23272505828672896,1.0769659784997827,160.78422072138386,53.94610846749772,56.20827393983862,218.33068024327397,264.2337902991256,-48.185655416981724,2.8190375341596607e-06,11112.943996677319,1.76014583293866e-07,5633.578028246976,8.069264624753695e-06,1689.8588178871205,-0.037759742294000004,119.1646528,36.314866120000005,-0.0502931125291,118.5545955,41.063865660000005,-0.112839686163,127.7772666,44.368728950000005,-0.186793431633,80.89671617746353,43.86869414,-0.10952363039296999,31.187750389999998,-0.148866982705,66.68184317999999,52.789926730000005
2022-12-12 06:00:00,3898.083876613371,-30.05607722541065,-197.11473669534556,43.333881107939646,-5.707061913984196,70.79637816337821,67.93609485904955,0.25298167331560095,1.0054996347770944,152.8835306653495,-1.8076206898887746,-1.8340152606243134,258.8987914346587,272.17814189287316,-13.251887214827038,4.014268751233318e-06,11064.240847098876,1.5607979284643853e-07,5602.0785376019285,6.223660515394508e-06,1677.6744172044457,0.006682988683399998,131.9639114,36.26363797,-0.010216469938000001,129.9213586,40.96848959,-0.005887220506300001,137.34499399999999,44.236559369999995,-0.003961861884,87.61585527658468,43.06433548,0.017208870467769997,30.048107029999997,-0.002701583310440001,76.64986246,51.890420139999996
2022-12-12 12:00:00,3722.790218802848,-29.1531495791262,-188.09253118132796,45.13266545168165,-2.7419028628561617,70.45544846964344,52.0795319853841,0.250701379661064,2.1106033793663266,132.0374713796812,-0.7765156707466124,-0.6364252286846245,271.8028231510742,286.03861897862555,-14.380913102525186,7.006115331308509e-06,10980.756808511765,6.615048151118841e-07,5543.698510128874,5.676921149154527e-06,1647.0673557808907,0.156001925105,133.66281329999998,35.46719964,0.14274929815999998,132.015604,40.00480895,0.115093453662,141.05458700000003,43.397342890000004,0.0833384347896,92.53979623317719,42.38531768,0.07862623542,29.332382900000002,0.06266138526000001,87.76784556,52.019505710000004
2022-12-12 18:00:00,4295.290951757503,-28.797804221134577,-188.08356698700885,42.29886678206775,-2.677629328441733,70.10239736117525,59.093729035605335,0.28594134002784655,1.6395593201223515,151.27776663257384,149.13075735366806,152.92915888527102,274.9342022458456,294.15999094982243,-23.020677873254105,7.581829022617437e-06,10903.3964751424,6.629082625180604e-07,5489.655884596434,-2.3155288030733595e-06,1611.0801078156476,0.33085850903999997,141.6181165,31.84529895,0.3712947206,149.75146850000004,38.06558576,0.31193276872,150.8049768,39.63096522,0.27417207324,103.25936734676363,38.0030652,0.1964883226,27.18340387,0.2057373121,92.6175716,44.65467179
2022-12-13 00:00:00,3841.813722109956,-32.78947163128099,-235.32771062739374,26.988062422854163,-5.56010856351623,69.90306862658522,65.48060121149535,0.24948278371116106,3.175195384029629,219.99890820314067,21.94740569020396,23.08805666710344,268.59194319494856,282.21640849342293,-14.771131244591654,7.864361339305661e-06,10827.713243050748,3.117822594133427e-07,5435.671850618859,-2.1563482360534054e-07,1593.4577531987077,0.17192654769,75.4912774,18.158359169999997,0.250855200174,88.6551493,24.41879681,0.236079843787,86.7936291,24.68050906,0.20984603652,57.6384848822296,22.934757270000006,0.175539570202,16.572980610000002,0.21419341438399997,53.853304599999994,28.081318990000003
2022-12-13 06:00:00,2572.484102302977,-34.07735229132116,-252.94647316408845,19.672345166480874,-10.115499033275368,70.05173054411661,63.917703011870664,0.16451032595052223,3.661556672732648,320.8046752181334,-1.6348958536967677,-1.3478766054703681,249.99553766063732,262.89814539185744,-13.188578344243885,7.152486415005766e-06,10785.790004915007,2.0519776170131495e-07,5390.804530582909,1.3982212918364449e-06,1611.8393369769744,0.1061167709,66.1031146,23.42386264,0.1922695911,86.5661737,34.61165776,0.13272918475,74.8505174,31.23027499,0.13551323967999998,37.03415314680748,30.507620890000002,0.09671913814399999,19.990115279999998,0.09213956303,25.650550089999996,26.39301484
2022-12-13 12:00:00,2654.6484456951157,-35.0891472993874,-262.60718354594957,18.105994849149624,-10.907476617087905,70.0424348277376,69.9631285238532,0.16813609006032215,3.260669689333045,321.7677480856403,0.5871222550977242,0.7671853134839025,250.1859939827853,260.87622652531775,-10.866030425022268,7.1913351620733695e-06,10757.407640204323,3.303700561441452e-07,5385.171587300935,1.4499149070901657e-06,1620.4470248772295,0.0423376924855,77.7036132,26.100557919999996,0.068340313394,98.4770143,37.25560852,0.0465144833342,72.57464970000001,28.886090959999997,0.06415598897300001,43.172379087076806,28.313883690000004,0.05275264174,14.481656339999999,0.01973268165,15.4852189,15.16469061
2022-12-13 18:00:00,2317.56395485663,-37.98077005571051,-291.9075713224511,11.938589123232985,-10.050870165345936,70.11379719508788,56.822310185060616,0.14688527845251112,5.2720693763290125,300.6285781927966,191.1773202831294,195.4710832560885,240.53460414686342,265.3509517503927,-29.106959026687687,7.356550490099568e-06,10757.843611419386,4.937908938135503e-07,5395.46137990193,-1.3045038194904672e-06,1620.5192433313525,0.07017791629,29.962344300000005,11.27159199,0.28137437134,71.45431570000001,29.099703650000002,0.187352982774,50.5792962,22.617232409999996,0.18929244563000003,24.094750816290976,20.201380529999994,0.0921157424,10.59664454,0.043827138499999994,5.25925657,6.0669561000000005
2022-12-14 00:00:00,2558.290909330205,-41.64380473856189,-320.152780073507,12.997657834988175,-11.032003420940931,70.23519353952884,70.23238050753845,0.1666793361338481,6.016528457561333,321.00158873288467,34.73200066102765,35.79989692115162,250.4621273610008,262.5069104496843,-13.117723412258378,7.027539329441574e-06,10769.967627903094,5.131073644752593e-07,5413.176051181271,-3.556364324800921e-07,1633.1577832753921,,,,0.0632128729,14.255603699999998,5.0574331,0.0285961634,7.4664776,3.1564191299999997,0.0046475087,1.05737018585205,0.47778004,,,,,
2022-12-14 06:00:00,2635.5412989480424,-42.10486803854442,-323.0139791174481,13.824965190907214,-11.032886607452928,70.3554659534794,71.4344813698573,0.16976455456822656,6.045871267061212,322.8911347214678,-1.4337811626269816,-1.4015352989430314,250.57680255339557,260.7034106875819,-10.158143761732957,7.225919046538724e-06,10785.774656751651,4.242194548369485e-07,5438.133997464778,6.567323630672017e-07,1654.107936152968,0.0113413807,4.254141199999999,1.54352245,0.12729650960000002,41.91220789999999,15.371135160000001,0.059224689299999994,19.848391000000003,8.21884206,0.016689871100000003,4.09653658949738,0.9489777399999999,0.0030497222,0.4274536,,,
2022-12-14 12:00:00,2611.9112445998544,-41.51864237014411,-315.3971600130227,16.75197894813022,-10.83034225186194,70.48099235885618,69.84517281236094,0.1689118945778662,6.272183339569704,313.26308377966535,0.2449886283965936,0.9519105552359063,230.93672249978977,258.18486777011947,-27.948594646414968,8.82065144711124e-06,10794.589579677993,4.4365110506628394e-07,5454.830546905072,1.7451667802475274e-06,1667.113118665697,0.0149357983,7.1185231,2.58215394,0.1476967863,54.5050979,20.142722109999998,0.06994632890000001,29.825146400000005,12.661385759999998,0.014212197999999999,2.35881949771149,0.47799224,0.008533288899999998,1.71576619,,,
2022-12-14 18:00:00,2482.9501907991626,-41.0319349631174,-309.3449356484983,18.910544056440898,-9.196869320180008,70.70281065706472,57.162528479792165,0.1591175897812807,6.946907589767635,322.2644870320116,354.11329200029536,343.8074471170004,201.05793107007077,268.2530929093283,-56.88139172409888,7.009869967097268e-06,10833.08160743578,1.5892135297824354e-07,5487.367935040469,-6.291306878226268e-07,1681.9224588983625,0.10981415489999999,18.444242599999995,6.68810075,0.4766935007999999,81.5667433,31.63679457,0.40604994089999996,72.1153455,30.958718719999997,0.4799617760999999,38.111626461106255,22.16702421,0.1113754475,8.524484039999999,0.1567736624,15.70374527,16.76163498
2022-12-15 00:00:00,2466.1457845425152,-40.34796776588285,-308.68917908933116,14.09456303773164,-10.55558180453654,70.83429714806519,65.64563449884669,0.16254264585898245,3.823192843097286,209.0993315509621,46.13043431140248,50.281727103811185,194.6559209731748,251.12266208513395,-60.627139901573344,3.530357731230758e-06,10894.195117995621,3.432288505702084e-07,5502.779670336887,1.7196182719292294e-06,1689.8471347501413,0.048246843190600006,93.36575520000002,34.29370113,0.05015924581,98.4607957,42.09538783000001,0.04377333758100001,102.6570641,43.89541490999999,0.0739069896511,53.869365095397946,44.2575453,0.051285362015999994,26.97764964,0.07317172197699999,41.42655924999999,42.212047950000006
2022-12-15 06:00:00,1840.9286989496686,-38.97361587293184,-319.39463639691894,-7.605709413464263,-13.733152071731432,70.91563518054566,70.29614134539631,0.13195980605016192,3.056685238625268,219.9751195593007,-3.610946965407862,-1.8674404961721573,169.3440881720412,225.06476558677068,-57.466410593110425,3.584277569538379e-06,10944.885875941563,1.0777942998079693e-06,5513.769686916546,7.2845151760297125e-06,1710.6385815829499,-0.05054185185,86.2737879,38.68187803,-0.045820181833999996,80.596848,44.071409509999995,-0.03451497094,89.2425848,47.24555032,-0.044688259285999996,39.38349163532257,46.41691597,-0.011510189584600001,32.442865080000004,-0.008376427219,36.46685196,57.00545332
2022-12-15 12:00:00,1721.3797661463473,-39.093525020515486,-322.7834327418568,-10.035232577732984,-14.832019855211357,70.88900280857713,68.78107652246236,0.11733463932796204,2.0969672866050235,145.88113027918916,-1.0672216014087854,0.18127444351675787,180.30824966776447,224.5894614350402,-45.539030138901175,6.491024698463589e-06,10929.34075245751,2.4311747140800725e-07,5509.531461958473,8.570979721007717e-06,1718.6917854742987,-0.0308535961613,81.82317800000001,39.031220340000004,-0.024770381747399997,67.16403389,46.89040328,-0.019828835597,81.3730117,47.55448836000001,-0.014745963713999999,28.443984806537628,47.38219378,0.009773654820200005,31.741472879999996,0.0013707508534999968,27.93871859,57.496168139999995
2022-12-15 18:00:00,2138.139470029131,-39.20895403624163,-320.5154578588426,-6.843825568909571,-11.390149121379515,70.83082343833263,60.869600192558615,0.13855274500895648,3.7841801458615603,288.76872423396037,218.44429710440826,221.08938257195578,230.2001101186933,258.3027794641247,-30.73875776279345,7.127632303022768e-06,10919.810259999495,5.239140841534992e-07,5494.288383505996,-1.2021851510421097e-06,1708.2018804734703,0.12438103352959998,67.83484539999999,27.474646739999997,0.239836457079,87.16870529999998,40.09495401999999,0.18537302089207,81.6076634,39.3737911,0.169458986101,39.11435279859719,37.15680375,0.06223479879,21.69992297,0.0522420981996,21.92401627,31.34149044
2022-12-16 00:00:00,2164.9954734233997,-40.69127531522223,-334.0595856798287,-8.529383158050825,-12.002149441080817,70.81302183645008,63.62174538832066,0.13889611568060214,3.8397796908733417,290.8464634257225,44.94384801631706,46.5932676561257,229.3013214945427,255.1639977610667,-27.514150459102684,7.197492359083024e-06,10899.774344611726,1.063598949822549e-06,5464.033431899749,1.2847080292157045e-06,1703.5198984436956,0.08959604815,52.3427348,21.973944539999998,0.18176221446,80.87964050000001,37.19503607000001,0.12825218023999999,57.8719152,28.82628622,0.17235922708999998,29.385485785297014,27.203826359999997,0.08927828116000003,16.22677036,0.037888268879,8.51339997,12.411802810000001
2022-12-16 06:00:00,1654.303961218158,-41.85650959945194,-347.26983510132436,-12.417758305708892,-15.036058035091779,70.89982139594842,63.32479625517346,0.10569443141337424,4.163870676655044,234.14879765939503,-2.504158784859934,-1.2928800871712114,204.06616967591685,238.39104170325078,-35.53188542955439,7.138662264323512e-06,10875.869305986895,2.0314162248090674e-06,5445.954448596716,4.551728156116148e-06,1726.3067507804344,0.048062990745000006,46.352033580000004,23.94176884,0.09595912812899998,70.22718081,41.60689835,0.08051098857499998,61.195342100000005,37.80871556,0.095027860024,19.177942503056823,35.666667520000004,0.051181630126,20.991349919999994,0.0351106036946,9.556146220000002,25.342436210000002
2022-12-16 12:00:00,1352.0964826088207,-41.34114718508345,-337.4715445265368,-6.742367045869189,-17.3086004434979,71.02392502448298,63.798567477524784,0.08682550598911494,3.385769004847055,163.33660575798342,-0.5784975516653411,1.1223306394734291,166.9090639708345,221.93066852614086,-56.71298855394468,7.967198823998364e-06,10876.20476843172,5.912258429727828e-07,5458.676200366079,4.828729140493268e-06,1743.4420251969134,-0.018203188162,48.760087479999996,31.1161981,-0.016526189807,54.94721928999999,41.23420098,-0.015281124731999999,50.05232571,38.09270926,0.0008401644236000004,16.396538846986083,36.600238149999996,0.0055020557749999996,21.045968249999998,0.010000511374000001,4.089587766499999,32.05777249
2022-12-16 18:00:00,1017.2074325340939,-43.98341820694179,-340.85783610481417,11.009509550720178,-13.056922313226462,71.14000509698991,33.608588389462696,0.06653345290255536,2.8561286660352074,184.72230240028256,388.7321874335667,382.33559826247904,155.4766943266558,243.44319705416902,-81.55289570434448,7.2569172809875235e-06,10906.020647197622,7.267426726497064e-07,5498.707629040579,-2.1098241483653683e-07,1754.5529354105197,0.1515136186435,57.22968535,37.43313803999999,0.15139685752600002,52.98762299,43.6288615,0.171370758728,59.98249213,47.18835536,0.148723349294,17.392926086878205,45.512621769999996,0.096035535068,31.340189910000003,0.07539532492199999,5.494069953999999,49.92718092
2022-12-17 00:00:00,1360.9783047379287,-40.865277574852236,-327.66016533184666,-0.7379447330287798,-15.028140964005182,71.16776055854288,52.22233098932219,0.08679812938161457,2.822240958182786,118.55579175701057,62.84699818510741,71.07729816296161,156.28225123363737,227.21543104810462,-79.18176964175362,8.776952677815056e-06,10903.262115766036,6.597160114385857e-07,5511.490001357269,4.668838943851839e-06,1745.7965316231491,0.013707053322999999,65.09746444999999,38.460199579999994,0.016789592249,59.617449539999996,43.77056121,0.017777696352,66.55923449,47.04539319,0.0292628588412,17.285190403461463,46.703795920000005,0.024342056547,32.66579369,0.026580290212,13.55870822,57.04166239
2022-12-17 06:00:00,855.1137108169526,-44.63622579028265,-336.4978648598561,20.59194146240506,-22.76554881792196,71.2200525177544,71.05579028416142,0.058146054760854306,1.3289789032669075,123.88067859462626,-2.8906921619904975,-1.8657160847966643,153.1037933326548,195.05246105507626,-42.97685719871213,1.2677937661367528e-06,10936.582461730379,4.445392562666666e-07,5539.425192470297,2.233474936795065e-05,1752.0056199475032,-0.020983204648,45.35142612,39.937793150000005,-0.014067038151299999,40.67860834,45.504260880000004,0.0039044235509999997,50.402621769999996,48.719457909999996,0.004211456958999999,23.36294138431549,48.27039387000001,0.001625456731355001,33.53582679,2.2993212599999903e-05,4.047957248,59.25535781
2022-12-17 12:00:00,826.9780812129013,-49.75119671026302,-340.9758555550945,57.033718127009635,-23.494289908581862,71.21134881473489,75.39155658970985,0.05749569224204224,1.1536518546756422,111.77746510509161,-0.008619897673395157,0.5073746557229668,156.68362965030747,193.50644384735557,-37.338377758247034,1.3078305853222913e-06,10976.643225003934,3.926839670257101e-07,5558.554809716771,3.0130521206670594e-05,1747.5951609185051,-0.0235153000062,45.01924676,39.92729588,-0.011487894513999999,37.48117168,46.07020689000001,0.0103388084586,51.30817215,48.682731880000006,0.023028549021400002,24.93085740506649,47.74176596,0.012118918654000001,32.861399520000006,0.004414511030799999,4.69776981,59.333982729999995
2022-12-17 18:00:00,1322.6321741247457,-43.22152873717994,-329.55303275173725,16.219197145702275,-14.819271236943273,71.27542745654681,51.07207468176851,0.08535068942121966,0.9058007473219056,180.07466711980945,388.50347722461436,376.82865683335183,165.5198409388437,238.82668565473773,-61.60962502628343,1.3471536000140106e-06,11017.605838791746,3.4706184484192195e-07,5588.948269895459,2.3085998423214167e-06,1742.3124165156873,0.039394171671,63.35189264,39.01267243,0.0430151787885,58.16047992,44.172607150000005,0.046006162859,65.34554374999999,47.6889685,0.0163975032195,20.45444518327713,46.68555118,-0.0113339590917,32.34629829,-0.015693359681,9.03478047,57.46927763
2022-12-18 00:00:00,1594.4188371740918,-37.85037018674025,-314.83466982061884,-12.031708326696895,-13.92799818239267,71.22260991363541,59.047178161134696,0.10717362966016072,0.7739406902211484,169.21832903038435,64.32727968387502,70.90624159496535,171.01590571933724,228.27969329060429,-63.86014041346817,3.062036555163998e-07,11045.113008897799,3.2913209393482146e-07,5602.916537615136,9.753963592633087e-06,1732.1602855076824,-0.0107559640695,78.86861023,38.52769704,-0.003306509949,73.37065476000001,43.80141662999999,-0.0004958112547,81.12911299999999,47.06314221000001,0.0023793622689999997,35.09611478447914,46.77277472,0.0088742105109,32.42534316,-0.012100466690599998,26.69991564,56.513584140000006
2022-12-18 06:00:00,1206.642521512438,-39.2811115503351,-327.2506547928331,-13.001762390152285,-19.27596237283485,71.27623902308929,75.33889685167888,0.08574188916887027,1.1353258020646533,103.60699277111394,-3.0875380394304974,-2.1523791669673136,159.25050486582143,203.51889811064098,-45.20371240183627,1.7019936812213788e-07,11058.017181002695,2.705303213242313e-07,5617.754768084262,4.095041776083837e-05,1734.562946672418,-0.036749993294,68.51510975,39.268717159999994,-0.012946152455299998,63.357334390000005,44.65433009,-0.010834107484000002,73.53233296,47.86040649,0.0226747110413,26.74671682715416,47.10676746,0.0121056537727,32.59948401,0.0011353893789999986,24.75775848,57.54216035
2022-12-18 12:00:00,1058.965384598696,-40.907202142068094,-330.208147349539,-2.9505302129942645,-20.39239161392096,71.19126604647559,73.36460986935901,0.07515375321764228,1.0119485626117974,106.62559601739297,-0.5753353286214165,-0.017897360942493418,158.18911235382214,198.87020729147685,-41.24009591308947,9.070616908394069e-07,11040.091649090125,2.376841771476729e-07,5613.823761392608,4.716314944045402e-05,1725.576490374094,-0.022854476185,61.17228867,39.28337406,-0.0085234355562,56.28770212,44.643659490000005,0.011907392624,65.98091329000002,47.88990390000001,0.027197519245000003,18.82428240776062,46.965001459999996,0.039515479419,32.38044026,0.02267518362096,17.78468799,57.83479111
2022-12-18 18:00:00,1606.088933108043,-38.672335206694754,-312.8367912768358,-3.45810962327777,-12.038045809646903,71.0984824333932,48.03018480833441,0.10357761092501856,0.9170994009243532,186.91949991020977,376.05223265159776,361.43011179972206,171.4575996578091,245.0559971004742,-58.957371653035224,2.9252798126870185e-06,11014.271280985364,3.8091063296735197e-07,5601.478581287953,6.645783582977619e-06,1709.4631564345552,0.024233962451599998,72.69816937,38.27925906,0.028694075524500002,68.29349914,43.24253217,0.025003323528300002,75.72453139999999,46.77727676000001,-0.005011916088,29.303820252418518,45.736366100000005,-0.022183567199000002,31.77670565,-0.037050139753400005,18.28856864,56.10703465
2022-12-19 00:00:00,1867.2612523351966,-37.088273689629546,-305.8357516354758,-9.12956211843948,-11.537887949833086,70.98594901082896,54.189357811858436,0.12192878878141605,1.3317112907972681,200.68844775574036,52.79582299518659,56.368060081441044,180.17884870039126,234.4655070599603,-57.871712207155724,3.0683812536067888e-06,10971.150556437373,4.982565778656863e-07,5574.098948908137,8.570592128390439e-06,1691.3011347098472,-0.017522508101999998,83.2661649,37.88997128,-0.0149720612196,78.50135155000001,42.98258383,-0.0180183461075,85.9022622,46.25783828,-0.027083182320999998,38.07828667759895,45.91442931,0.005168418994,32.35452825,-0.008763417150299997,29.60221454,55.41500891
2022-12-19 06:00:00,1404.1799321045712,-40.52918630046122,-330.5098102769042,-6.276319873214405,-15.749352542474613,71.09513456708102,59.715629320617786,0.09366631737862899,1.6243392833628478,170.13258671111393,-3.4614507168383444,-2.5692146885498937,165.7583088172631,211.2470327064011,-46.381347933033226,6.829457263371565e-07,10961.697510309506,3.2657597954409037e-07,5575.129118493561,2.6765568684849624e-05,1708.0998169754337,-0.033513880003,70.17727837999999,38.384985799999995,-0.0262130578062,63.565528799999996,43.62134471,-0.023349004401500003,71.04956103999999,46.823702170000004,-0.0230057339176,21.937476590275757,45.96236637,0.019908343252,31.79731022,-0.014755790476000003,16.24899438,56.14868994
2022-12-19 12:00:00,1182.0162118080225,-41.3617320792475,-340.0041059063977,-9.110249272417619,-18.136140552195855,71.25898839338186,66.58155903230124,0.08404700264649348,1.1110102289891253,97.05742186734454,-0.6446459749119776,-0.10993524237128435,162.91028548511943,204.56904823846568,-42.19432540089947,2.4966035343271384e-06,10975.951612635865,2.7539628473910095e-07,5587.3659721857,3.344805807974697e-05,1736.660946431539,-0.030909004448,64.57443328,38.91900566,-0.015212476753999997,58.88067661,44.248011639999994,-0.014343048789289999,66.45144264999999,47.49666174,0.002911207939370001,18.922197803854942,46.69520717,0.01837045171293,32.1940354,-0.0006376705830000015,13.23279243,57.17046977
2022-12-19 18:00:00,1747.0382657582988,-39.53860562355334,-330.3479647970517,-14.03911980862495,-10.446591730344428,71.51683263496885,46.68893419486577,0.11587158448694532,1.4315159822162098,205.46307315759134,384.1055040023631,367.30349859869034,176.1010957369879,250.4921611086361,-57.57004472957943,1.8768108975662388e-06,11000.568833738567,3.7018666352260935e-07,5616.440632510525,3.116912126892826e-06,1762.522526663863,0.07814110070480002,74.84950094000001,38.34700487,0.0869965634727,70.68446804999999,43.3229085,0.0918044617588,78.43228623,46.889384899999996,0.065835921662,31.70883148908615,46.00661905,0.028636279476200004,32.05704826,0.017002627226999998,21.72095415,56.369320079999994
2022-12-20 00:00:00,1943.091553794428,-34.57581455993662,-306.64443183233243,-30.037915352839526,-10.96421213745316,71.70829536226574,56.13594910036342,0.13138890030646688,1.3830334551580687,212.01693539279353,64.45079899806441,69.82997741629696,178.10399389244043,238.95499252369535,-66.2472325074477,2.386008521658784e-06,11032.47197457876,5.461768559377458e-07,5638.122671405133,7.393727977881806e-06,1777.7541108209575,-0.0303703068427,89.24305140000001,38.3655788,-0.02329671451,84.66225510000001,43.544202299999995,-0.010819423526,93.08219810000001,46.88309835,0.0038721721566000004,45.57360962033272,46.45594501,0.006161377204,32.490619609999996,0.0091982845437,38.79456496,56.13864463
2022-12-20 06:00:00,1484.1534539510155,-34.10338420611821,-319.3576128517109,-46.53053920276523,-16.536351728352773,71.94396689884388,72.22950225538784,0.10564934443142075,1.6179442266852522,177.89661897521563,-3.2018503163877168,-2.2451449658179796,171.61354073529924,214.40766511941507,-43.752701637789116,1.5938889559194155e-06,11072.558360895988,3.060793740134402e-07,5664.549599226094,3.43961174676898e-05,1808.4701722032453,-0.047846173024,79.32164464,39.2131129,-0.031501031804000004,73.56599320999999,44.570358150000004,-0.00276426204192,82.8438462,47.829109779999996,0.026726313367,34.393171191215515,46.88200922,0.039294135867,32.35280979,0.0235438775655,31.36691904,57.162292830000005
2022-12-20 12:00:00,1273.6888060259205,-35.532407254399395,-326.9421406883685,-42.68288265317332,-18.169934358680923,71.99647799902355,71.57041371483777,0.0901782658079249,1.2209668826521887,88.92273167799127,-0.3656466590287779,0.07605089208694865,171.8472006486195,208.85771096574555,-37.45394396108672,6.350922906514479e-07,11105.704757139669,5.400970844749073e-07,5671.697183069942,4.0839260344828994e-05,1816.1627554589884,-0.026699788141999997,71.69661611999999,39.417844720000005,-0.005271518849,66.54011073999999,44.806240800000005,0.0024762286845000005,75.63994578,48.07810998,0.025382054121800005,29.016333669424057,47.00581106,0.017164950962100002,32.344887549999996,0.012826362975250001,23.52133386,56.05160848
2022-12-20 18:00:00,2001.0782640016391,-35.00602536447454,-307.5884544393843,-27.540251523587983,-9.744791737787644,71.96541844416622,50.41742966189711,0.13350229563472593,1.0907794100587398,168.04003613658796,343.43636530655203,328.2316633535593,197.8697988772532,256.543016194145,-43.46180614800439,4.1538804862071885e-07,11123.150901855237,4.160018909620913e-07,5681.916250193568,3.0614584711125817e-06,1811.993660362929,0.070670206744,85.22539066,38.34735243,0.0709514113042,81.20339107,43.30427287,0.0628029311096,89.0331534,46.86861912,0.0425983756233,41.934571385383606,45.88523375,0.005189606149499999,31.850325670000004,-0.0089803245172,31.850356429999998,56.19453813
2022-12-21 00:00:00,3219.7265626843555,-34.58830408500285,-293.461948868356,-16.75551618833316,-7.1796879962333655,71.71720532759923,66.175287049247,0.2187227308236432,0.9573194559496981,169.06974661647635,35.49913513088138,36.31274134710734,268.9510022361105,274.66233827975316,-6.531752970529445,1.4430720457831316e-06,11089.058889218848,9.950042557052185e-07,5651.8284268883335,3.360360926789663e-06,1776.1722621033523,0.04119171466789999,125.3555029,35.766212939999996,0.039469940243,127.6308101,42.33855436,0.027431183618300006,134.5323638,44.99529052,0.028519050528999997,90.41107207536696,44.70462054,0.0011274901595000005,30.549424000000002,0.006934717499,67.80033992999999,48.60808890999999
2022-12-21 06:00:00,4268.529648889178,-36.8208088176607,-304.50336960373085,-9.936899062445272,-7.580546567279184,71.53988884263984,90.1751479670132,0.2885590679039126,0.8601750171398678,197.36429023747547,-1.1667713638682444,-1.0653768307365166,271.9968789018051,274.902785616719,-3.006178725965706,6.655942947221274e-06,11038.813927179091,6.009115658062486e-07,5625.167476420444,7.405822099196968e-06,1760.3190024809273,0.0017156071459999995,19.115275667000006,10.935082349999998,-0.049365517984000004,132.58869633,38.741904559999995,-0.020939399809,144.52487529999996,36.77353478999999,0.10466455469239998,102.91204160934754,31.91391078,0.010792622853999994,26.160276239999998,-0.037889584086,46.360044969,25.41678145
2022-12-21 12:00:00,3665.5713316969454,-36.15046442311269,-293.09035969265176,-3.886644307750256,-7.657980805691924,71.3703104892456,77.78822009184125,0.24539204871673473,2.0112434310546528,216.46029948773446,1.0605890909648397,1.3788582072316031,262.8405514332863,271.60638118268463,-9.081898910054237,5.8553993962361755e-06,10981.274457124317,3.2995980549940645e-07,5593.123437018453,7.970659154360294e-06,1742.3072931345375,0.105857445461,23.307514939999997,8.72937307,0.047844478345000004,48.826540348,24.124280549999998,0.053740768396699994,152.33961959999996,44.729851370000006,-0.16660228097000002,33.696183563471216,18.838734989999995,0.07285317075999999,28.70756802,0.090866694187,87.8508727,49.95401437
2022-12-21 18:00:00,3457.6330297896425,-34.079012551353955,-270.9829852708517,1.6491151399798925,-5.601315440479147,71.16219748406166,60.91443288206702,0.2306981701270251,5.37942517243582,194.57373545848617,197.17113425473013,199.80644034012676,265.6241003215462,283.9579938631931,-20.973281001134197,3.5779425685529773e-06,10983.488868877028,2.6607492624649604e-07,5590.575453410114,-2.436069189537389e-06,1721.4661109371878,0.10453296511999999,52.5105441,15.176110269999999,0.27933653386,100.1707375,30.993761120000002,0.15895802366,68.13734269999999,22.28320928,0.12001229357000001,41.050765985353394,19.32724351,0.09658036303,14.73367394,0.03850438925,22.90444709,15.62006923
2022-12-22 00:00:00,3775.7944193357253,-32.820016147255515,-250.87370907747317,11.686420100570935,-5.233042860029057,70.80037669567878,64.45334493831047,0.2519590094977524,5.97843018189288,236.2139997494323,10.711278364688603,11.409695854212972,279.13431504785274,283.75628761453635,-5.3222589270019895,4.855828797209435e-06,10954.105883270782,3.8394629599925033e-07,5551.353696370363,-2.002669681562632e-06,1678.2484362027901,0.004894439,1.9285468,0.5011299,0.1597597448,38.1249794,10.016530990000001,0.0317403103,8.532660100000001,2.4519989,0.0193688316,2.4910849332809404,1.32551756,0.0047183936,0.4174471,,,
2022-12-22 06:00:00,3798.9383183005802,-30.731984391313695,-233.4349192562815,12.42095587422807,-6.148038913765326,70.541763850753,67.35858146028596,0.24337633282152882,7.283461061161944,267.7621779657503,-1.3985427725516935,-1.7153784607144953,277.6647530955684,280.9550976112584,-2.9739881161474035,4.150546063892741e-06,10942.796750058778,4.980026698383185e-07,5510.237535264691,-1.2794446815661257e-06,1675.0446477259322,,,,,,,,,,,,,,,,,
2022-12-22 12:00:00,3263.921970502795,-29.513607687672042,-225.40325738486447,10.705604116511836,-8.396989534699538,70.47146359198818,67.82563116383702,0.20321666267254063,10.274201809395286,332.2952758076772,0.31919396192985844,0.05216736229776303,264.361512813357,272.5097395391963,-7.876009884375763,5.880605167858853e-07,10977.06548628823,1.2837052684216417e-06,5473.360479918231,-3.2209812213150583e-06,1674.6163824024088,,,,,,,,,,,,,,,,,
2022-12-22 18:00:00,1896.4123702325091,-29.284816761426146,-228.56751669714887,5.711017394260319,-10.356937591541385,70.98053658575068,47.742594566868476,0.11994349779700386,6.205853582226832,314.25770676778404,267.5462933428817,262.7807868752088,219.80290740886477,264.93417280542843,-40.35399745155993,2.2573851676251798e-07,11061.919441080046,7.281015398913712e-07,5525.340805135451,-5.758458797821952e-06,1712.5009706349697,0.021597579999999998,1.9949064399999998,1.0321922,0.2331749865,18.20215959,9.188363729999999,0.1480633675,11.8374398,6.961762430000002,0.203662755,7.605150129539453,7.253073110000001,0.12065349759999999,5.98397421,0.07181577959999999,2.35319998,6.10585225
2022-12-23 00:00:00,1830.927336912037,-27.854437869069294,-221.74149667291272,1.0940062796415924,-8.55082461628795,71.2375134590045,41.06409399642139,0.12086323311745253,4.616266794114917,216.26857242221593,59.14365221095196,63.90194846437428,190.83006419984565,255.5919272180629,-69.5367650951106,3.4083499011052336e-07,11126.602993650766,3.1471662747882433e-07,5587.965621747504,1.2858834656937062e-07,1728.2326449823495,0.17678708710000002,35.71232617,18.43912628,0.36682001439999995,54.676912730000005,31.53966198,0.3172628216,52.752301550000006,31.384011030000003,0.48728349409999994,25.842545425075055,33.863928800000004,0.23986345842999998,18.69799736,0.40015097726999993,15.741314939999999,39.31407600000001
2022-12-23 06:00:00,1828.6028518982303,-28.840687911267707,-236.09171553733972,-5.366212247198062,-7.731096920288384,71.43393682208244,37.73559306671207,0.11900236355492647,1.8716970684613357,131.658043964686,-2.3635860188943734,-1.888348766744892,236.0798389454695,259.15996382450004,-23.559162101643942,4.694705432597396e-07,11170.64788741397,2.34721912795765e-07,5631.643914224773,1.032737813503757e-05,1753.673509248399,0.32666937177,73.34642278999999,36.80976584,0.3083109264,69.98734378,41.71848715,0.28288910499,76.63694479,45.0929938,0.221092282717,27.72982954978943,41.48286037000001,0.196115998425,30.504695750000003,0.17001416352200002,19.228147459999995,49.6930427
2022-12-23 12:00:00,1966.2527625228329,-29.57628911319902,-249.9612753076558,-13.350962402063635,-10.798493722264734,71.53303158580798,53.23618555807364,0.1283416430108785,1.3744425103026598,150.546735201498,-0.2015618948425492,0.40216908218612857,208.17552822152058,243.96373764877123,-36.38947572494563,1.4494584726094571e-06,11153.067550036576,2.2983509688623763e-07,5638.896518671354,1.7390427270138833e-05,1766.1328085069256,0.00323626658745,88.4316105,37.84199941,0.0050952233144,84.6027153,42.97131253,0.00321575096001,92.4231959,46.280628570000005,0.0062283364739,43.54962953925133,45.68153745,0.0022979417465,31.67745867,0.0014696096940000007,35.1694452,55.705077329999995
2022-12-23 18:00:00,2504.973910618047,-29.54133434991889,-254.23590803661688,-17.90523323726574,-6.999030340776491,71.66109130218823,48.04839615335942,0.16398696725971668,1.0645398500118861,188.25126528957566,343.73826825166566,331.00447252928484,214.06256781726685,273.90446270835946,-47.08327284975268,1.6740363425238673e-06,11133.101144389526,4.504686479332326e-08,5660.545932304003,1.2017306890757653e-06,1776.5880219602388,0.151471497721,93.4116804,37.46863242,0.1473661119672,91.20907538,42.27845712,0.147599067047,98.6479244,45.87837649,0.11061249900049999,53.62417608499527,45.113740820000004,0.0543527064159,31.96928578,0.046218537761599995,38.97588582,55.03507696
2022-12-24 00:00:00,3379.725975440704,-30.26057528601411,-256.9367918927577,-14.85218960464476,-5.634560568494583,71.69566576391009,61.35359593153538,0.23141381855447557,0.7148555010656444,212.87857207734206,68.03387502529655,73.3177073881308,239.99481388056816,272.9638222600176,-38.28713220975498,1.8881812302505827e-06,11134.075515713917,2.816322312999944e-07,5668.422599020065,4.858233430723566e-06,1768.1976745863255,0.014364970759,126.749633,36.91827506,0.015878217951244,126.13144059999999,41.80163718,0.012607937109799999,133.90633480000002,45.147795869999996,0.0039757806014,87.5413020849228,44.71138398,0.0031667470165700007,31.568490750000002,0.005232585143299999,74.48520336000001,53.951686280000004
2022-12-24 06:00:00,3839.893854569574,-29.650159547633855,-254.24175502227956,-17.040478641208708,-6.61845579679629,71.83332183127469,74.27651602119661,0.2577718306508955,0.746877523833956,195.28793387452197,-1.281821359103684,-1.2747952358250103,270.43887090232727,275.6448246187969,-5.2150251893591495,1.7515018720334289e-06,11144.02647934484,5.684368734197913e-07,5680.597522619523,1.795001166274803e-05,1782.8669022683484,0.0078475092379,130.053834,33.26649592,0.013646357513419999,144.895685,42.434248769999996,0.0041603143807,144.534338,43.301337520000004,0.0065765815094,103.98917044106142,43.98977307,-0.0009272643835999999,30.805052160000006,-0.0009025854637000003,83.48377940000002,50.01035886
2022-12-24 12:00:00,4119.869510262738,-29.459944350299573,-249.46798112670052,-13.788426324303943,-8.329255863257483,71.92671183403681,91.72818516858905,0.2753207321945537,0.6243891363651428,191.2569868365373,1.0574446948141791,1.8122960910197954,272.15425780111207,274.93482254793554,-3.533681407571076,2.015854474596809e-06,11141.95475083607,6.403696552383002e-07,5681.256500571904,1.678688669736168e-05,1794.4157927422336,-0.0010854142800000004,34.58534723,9.86453315,0.0006580095790000003,80.72943180999998,34.138329590000005,-0.0078216785795,108.42803470000001,30.896542259999997,-0.1419864499619,70.980453150264,30.010969469999996,-0.011930003987251997,26.021178279999997,0.0278362466416,60.32295688999999,33.00941305999999
2022-12-24 18:00:00,4492.529956192446,-28.562744797838217,-231.27493674846266,-2.7729783657568916,-3.0960678931182626,72.09768393625674,66.91744888691781,0.3096461279183227,3.49723666002337,260.0280067002828,321.4601307884936,355.10838406166596,255.5139029541822,295.5010870981864,-73.64814435069955,2.7068270628345297e-06,11155.544864456264,4.619187542135324e-07,5710.579383660237,2.0476676636141588e-07,1811.884317505379,0.28856068699,116.54087500000001,24.98630997,0.2853313644438,130.3858079,32.10124966,0.27381022022600005,147.355973518,42.52440278,0.333968748792,96.42562656642454,33.56864101,0.19015322388199996,29.022904930000006,0.13912529837,95.77745199,46.000562429999995
2022-12-25 00:00:00,4801.072325330552,-28.27695561643634,-228.92476334903034,-2.7091184175395955,-2.4044723785925965,72.11723233490548,68.48091406983605,0.3397040895499423,3.6592478134329856,152.65110643083224,56.63258850206354,61.356461078830996,246.5084341249033,289.8320622332899,-48.04595187900585,3.6597961531574183e-07,11176.973737312122,2.804883345005544e-07,5723.679170587478,3.5218783082427493e-06,1810.5733333277965,0.125996904933,170.7554624,35.81779128999999,0.13433018408,173.3051895,40.779931489999996,0.147092182877,184.6581304,44.44493769,0.15119778300999998,133.9980659526831,43.26076165,0.093453675681,28.379497360000002,0.0985226427104,114.8535667,48.031855650000004
2022-12-25 06:00:00,3834.2819881841815,-29.19857337257213,-240.1304798957732,-6.5418929151961684,-6.473280715819335,72.1895477014096,78.16324369305404,0.27641687027060247,1.7400603363995883,105.12381253740291,-3.7320681934479434,-2.0328371096865587,208.6475376865274,260.4184610025535,-53.47424943625418,2.7237586577974263e-07,11224.35701577905,3.680188143539807e-07,5740.9587768135,1.3495138761195719e-05,1820.0559021859324,-0.06115870194099999,146.13025550000003,36.74564612999999,-0.044801381772,148.1993502,42.19476634,0.009261860561999999,163.931288,45.472084390000006,0.026033530818,113.39358794689181,44.99533981,0.033999713864,31.3419426,0.016616358125,103.72851480000003,52.1248383
2022-12-25 12:00:00,3102.612800991995,-29.62622526978347,-255.5631791643008,-18.553377006033053,-10.374939843998309,72.1100348969846,90.27281992735774,0.2275707114747803,1.0344425118475584,135.2022192531268,-0.3133797541563973,0.2865131491779677,217.93408252520226,247.20902589291606,-29.881129321098374,6.033825993528842e-07,11212.756954214043,3.5864688277590094e-07,5736.256895099186,2.0791506943670905e-05,1805.2363426036084,-0.046939826065300005,127.8311986,39.82106666,-0.032836623053999994,155.9072033,54.963512249999994,-0.0034698307129999995,147.22703380000002,46.51396684,0.043994053017000004,45.12903034687044,54.495553120000004,0.050917237106000005,31.48899529,0.03895014225427,93.0128115,55.61695972
2022-12-25 18:00:00,5596.778603330723,-27.26805851365183,-218.0826769027145,0.06179120650014247,-0.12162671053055751,72.05347750291658,66.90255933936439,0.3978671802874696,4.387220572778334,289.30506993881306,272.2375290296524,269.7938149781543,266.5274225871445,303.7884452887638,-34.793599494635174,1.6379163949208183e-07,11215.485562673513,1.2790676572913777e-07,5741.78978574038,7.636942389962667e-07,1795.8539971713553,0.28205972958599995,177.66366990000003,35.3098763,0.353196336824,186.8797567,42.217884,0.30799281488999997,196.2785307,44.737036,0.35639513229700004,142.2716544866562,44.58564457,0.26483433536699996,28.833074529999998,0.29304866544499997,132.22824219999998,51.14919499
2022-12-26 00:00:00,5062.715286064671,-26.224005081212262,-217.2332055367682,-7.441164887070102,0.09455250330973375,71.95008675624248,59.52011674706414,0.36302986924929326,4.444092464524288,242.82527869796323,54.13094296097395,58.63198132839013,225.6196634912613,292.8991926902632,-71.78759125091815,8.347337631283785e-08,11230.12209816491,5.190758487258792e-07,5722.27204336328,3.322536480127759e-06,1771.283423071101,0.22158392830999998,183.66460279999998,35.35302177999999,0.23706952587000002,186.5229908,40.50161317,0.2612905018881,196.9285586,43.89459707,0.29765198451200003,149.3218070268631,43.26714622,0.218769952244,30.291058299999996,0.2662228140495,139.0890136,52.45164239
2022-12-26 06:00:00,4244.709696796066,-27.75614257503014,-233.09068802635178,-11.041547426110615,-1.6930966271464039,71.95777937142948,57.54062941889873,0.30313624145028095,4.1528054612834,253.45512725068755,-4.139078997148674,-1.8013859659107332,217.04818496826877,280.6278279496844,-65.91849165707028,1.457463168630273e-07,11244.225255737603,4.2829395983818483e-07,5716.273133674702,9.686192237946561e-06,1789.1615907659495,0.057493967943999996,157.240206,36.07538021,0.06879207483,158.0922453,40.72916143,0.073150558752,168.90945549999998,44.14117745,0.10522785794900001,119.90503633022308,43.35762053,0.062378714333999996,27.41943329,0.096118554631,113.1757174,52.81676918
2022-12-26 12:00:00,4999.210274626177,-26.454179900359122,-215.26872021484724,-3.6352810119742123,-2.2539447598636455,72.02833762558765,70.46593047913953,0.35443128653187617,3.5740832478061133,123.0690604200357,-0.6681978976850178,0.3698300910281131,246.13082596952196,286.67354912244184,-41.57126592434559,1.4346495945913133e-07,11264.321545515113,4.842877411146252e-07,5718.139374828799,1.2236960168387416e-05,1803.776760157322,-0.02963296525,162.24178459999996,33.126167990000006,-0.00830733008,175.634856,40.12151714,-0.005802730106,173.38671939999998,40.53120971,0.0266021222665,135.45716298351442,41.35414554,0.0095789078139,24.03072354,-1.0331710000000558e-05,106.89271379999998,42.63346
2022-12-26 18:00:00,4898.39564378811,-27.804225107640498,-224.06948036155393,-1.6356795004299136,-0.765839783981169,72.07071291224968,60.614053866123314,0.3450930719801881,1.736696774490134,163.35011903330434,326.4074095057878,312.4106851416623,223.9515152289878,298.55979305654466,-60.60344531034087,1.2172627358491178e-08,11294.648880929299,3.3997207725448524e-07,5746.558119118486,4.89119102222275e-07,1805.4163468267907,0.10582114189,186.7860327,36.537058570000006,0.11013138310699999,184.4282681,41.23440504,0.1066830125313,192.91162959999997,44.76429702,0.0710582619693,146.1202242374421,44.008747240000005,0.031933075441099995,30.686371540000003,0.019252292642500002,130.13912549999998,53.42712797
2022-12-27 00:00:00,4751.796415313089,-27.934938470573975,-229.08636663114538,-5.6068588665536,-2.212218453852296,72.03129436487365,68.24728333011959,0.3433238106700883,0.8301661159206808,163.32878460141023,57.89248907074888,60.654358794412516,231.50700185045932,279.4824511305415,-50.74438784402736,1.0946896341661528e-07,11299.754435616696,2.460272811537097e-07,5751.540615839718,5.184350774667382e-06,1790.410981975165,-0.024563324830200003,181.31466229999998,36.57679025,-0.013419575413359999,181.6920085,41.35043777,-0.0045352246788,192.4427894,44.70723913,0.012030327196399999,146.2770900726319,44.16117809,0.010584556238400001,31.37213184,0.013463125433999999,134.2734999,53.235160750000006
2022-12-27 06:00:00,3898.2426669148645,-27.37178803092122,-237.9535081609004,-18.979203913530633,-6.562750994922918,71.92853870556104,80.65534770529783,0.28196537539909794,1.4369446695889798,152.11131585263166,-3.024765180991273,-2.1797743648589067,221.51214722418206,259.60590745634806,-38.93856836537801,1.9776644378954156e-07,11286.876039559578,4.096652341418974e-07,5749.478922377017,2.037024371831549e-05,1778.153547263241,-0.05590590767,159.0949564,37.15928384,-0.047492522868,159.77436820000003,42.05530915,0.012278151339999998,172.9411724,45.323141039999996,0.051635074169000005,125.64064395427707,44.38682105,0.062254207004899996,30.78581621,0.052321798862,119.5343761,53.607729570000004
2022-12-27 12:00:00,3510.2158705014053,-27.782545684282457,-244.8740772767515,-22.61371180249186,-8.36846694901125,71.70578876637069,85.74885818613325,0.2568946825089346,1.4445975649296718,133.12147347015863,-0.7082313696929311,0.05269974266471332,210.26256466420395,250.8785515897522,-41.37799666934316,6.414050394843556e-07,11281.045336080706,3.822158994721492e-07,5729.313142708277,1.8037251263051137e-05,1751.8913776722281,-0.045258902589000005,148.05428129999999,37.287995859999995,-0.04247452835730001,148.3178866,42.24135588,0.005126769930999996,163.0398666,45.50784229,0.033360080746,115.88045632839207,44.47171473,0.023368418454999998,30.69283094,0.0143286389914,110.8178815,53.92799569
2022-12-27 18:00:00,4575.72299838487,-29.446468827688136,-230.93760777734525,4.634142844159865,-0.821899449288765,71.34127564905342,59.057177240328315,0.3217328814431139,1.4451799062305444,172.69336223868407,249.8844731402168,241.21675871284015,238.79841330021105,287.3118711364105,-39.839288273646424,1.394311765375191e-07,11319.23896968522,6.885408908112176e-07,5698.597799093013,-8.668719682937653e-07,1708.5113890829118,0.09962874356500001,170.4564842,36.35228099,0.099228537752,169.0369468,41.00653655,0.11188925878720002,179.5698151,44.45283928,0.11234504233470001,132.7176479101181,43.34609443,0.07218870675499998,30.281270659999997,0.07902542399300001,118.1840584,52.90815863
2022-12-28 00:00:00,6542.309199671659,-31.947257360661855,-237.15479156793378,18.42326731736103,-0.4214290247506558,70.93261107704575,80.15021648106212,0.44975521507692595,1.65147863317403,190.23248834561832,33.09633360126508,33.63467633708751,298.3052212494467,305.36070641662644,-7.603589912060027,6.456961057773757e-08,11307.650895345925,5.749513704957947e-07,5656.054946627602,9.212725484433792e-07,1647.9056036452896,0.159885458406,75.5893317,14.631227599999999,0.18625992028300004,120.34721592,29.01948109,0.13251449520999997,75.15514974,20.50252247,0.15279036448,60.66903925921516,19.50346277,0.23067250172640003,17.2041818,0.14207363938899997,42.99129286,20.978464889999998
2022-12-28 06:00:00,7267.305358438166,-32.669192278297956,-245.68943949441788,15.664098731965762,-2.100466225273903,70.61002439120539,99.0082110406937,0.5045743797586923,1.294558847666952,178.72561956053846,-0.8882131324057553,-1.0328245102270484,301.0794183115508,302.2837732706586,-1.0600177014939791,-4.6303965170471304e-08,11261.912232308227,7.445128620116425e-07,5616.695306310063,4.1564997259180244e-07,1634.5497326645443,-0.011395955602,83.69072019999999,11.425527220000001,-0.0317169136268,193.46048959999996,29.14143675,-0.00615490486,62.4356051,9.74400975,-0.0041181135883999985,61.592506250318,10.621228669999999,0.001667814204,4.85290417,-0.026992659913,3.15420687,4.58570616
2022-12-28 12:00:00,7261.804394392366,-36.10580133784944,-262.82031421937677,26.02609648341879,-2.1043643873654077,70.37085382916439,97.89491986532049,0.49873548538934886,1.3603785919264755,184.20589543196238,-0.5356522331062041,-0.023244581131575816,302.88914411663256,302.6947731833531,-0.31862956776578644,9.987802941766163e-07,11189.593835975656,3.343431632733697e-07,5565.907911913185,4.5357783996183504e-07,1610.346825846043,-0.00206044189,14.523773400000001,2.004857,-0.0062408980357,102.42855780000001,14.80376364,-0.005019818590000001,26.618313399999998,4.21074043,-0.0018114001016999999,27.08639021394348,5.14804829,0.0014026228299999994,4.71227963,0.023309527,3.56298,1.28039566
2022-12-28 18:00:00,6883.456173274387,-38.22678770448397,-276.1355320757174,29.67876956015437,-1.6070643476309383,70.23451295403675,86.42763615157529,0.4583457061893458,1.248918811987517,164.9726325580689,112.886592607495,208.49027897374958,305.55695065275313,306.6462080441965,-96.66748881928278,4.018448275648909e-06,11112.986140298693,4.208193073534552e-07,5531.392337421484,-2.3133996814920437e-06,1601.4775951304177,0.05084153326,192.031602,27.051040690000004,0.06508039182898,234.3312437,37.52909088,0.08927352278399998,192.91564899999997,32.54330624,0.110547133716,177.84083357543523,35.52010725,0.12462464921300001,23.186499390000005,0.23436902734,42.46997054999999,13.254827380000002
2022-12-29 00:00:00,6404.862986866625,-38.54781945982293,-282.70812689118065,25.67442878740279,-3.0380309890907693,70.07912704367567,91.15486261383231,0.4299241889317426,1.6031908575421827,152.3256741277268,16.458772686102325,29.836139923791634,297.6278953763241,297.9560375845173,-13.722070237616292,6.946122551091634e-06,10975.010731429495,1.4269297786599162e-07,5494.031815603482,-6.487902484405825e-07,1596.1788124341315,-0.0002372576410000003,116.12089409999997,17.674363560000003,0.018012731946,181.58157,31.15028042,0.026726703387000002,131.32071679999999,23.416403340000002,0.056099308256,122.78898834912107,26.789281309999996,0.063292304869,18.48534473,0.077562003455,70.19169280000001,20.485653850000002
2022-12-29 06:00:00,4610.461781966305,-43.585677700952274,-313.5926335192237,35.09278808839444,-6.764787791576232,70.19502326075589,87.661961340126,0.30207538916776083,1.9977056662687387,228.25124421893184,-1.3429360421951413,-1.0704263815411106,275.7935517985749,280.924700885733,-5.401789525486591,7.422500189451819e-06,10890.858024715379,2.09806259814834e-07,5461.403616713851,1.1537092245700503e-06,1624.5474457612634,0.019263441795,73.11383536,17.11957194,0.0386149620103,116.99292604,29.60260117,0.029433942613999998,87.88434634,23.321778969999997,0.041730502444,71.93010277716354,24.7231048,-0.007746468569000001,16.75704949,-0.045698341829999996,30.873562700000004,15.68861871
2022-12-29 12:00:00,3253.3966058480073,-41.9031962944174,-310.50541986979476,24.720150485544366,-9.172411535238005,70.5051716576844,76.46646745224399,0.21357967177175108,2.3627637428549813,222.8567799964167,-0.36022167722933335,0.3250446721258383,243.53202159668422,261.7335223428126,-18.88994412200259,7.256145494102175e-06,10859.653733848854,4.0418789424398573e-07,5463.9296325118175,1.2681829370074149e-07,1662.42468949735,-0.009133001432999999,86.7670543,25.626447159999998,-0.0010076547260000008,118.52290930000002,39.21997121999999,0.0005389917489999998,103.3279242,35.12316139000001,0.0021017383549999987,68.94817543094268,37.834016120000015,0.017500978984,19.910607749999997,0.019906260313000003,36.71309288,28.566121120000002
2022-12-29 18:00:00,2607.197897623567,-37.242078641039875,-265.87762961628863,32.05899951203035,-8.775930237937214,70.80330526486694,57.35817078654047,0.16535321602099312,3.309476523516305,210.73314001777317,262.49405195086916,274.5476398495026,246.30752088383977,272.28017378467655,-38.02552794267508,7.16242969998976e-06,10876.714733864901,6.57404356612705e-07,5491.241407709829,-2.1435172614153173e-06,1694.4960537460654,0.16543545477000005,70.91147810000001,26.14858522,0.23736328002,94.24729859999998,39.483702879999996,0.23771377030000002,82.1536418,35.8192772,0.29007458414,46.60458276901055,36.476033879999996,0.16792027245,18.51732088,0.17944681107,19.93593441,24.8565042
2022-12-30 00:00:00,2765.3060428397844,-37.47830342464998,-263.99326142164796,35.833165975551935,-10.397404381884744,70.9165840945011,70.8640780070786,0.1774510907770745,1.8335165987237936,166.25503514963268,31.501269260401127,35.868366057795846,237.67794240160063,257.9993727227914,-24.686125782019708,7.0248770197027265e-06,10917.924959849459,1.6047673837083671e-06,5519.13156640785,2.5900187653112947e-06,1710.235939007373,0.017328378965,90.3534947,30.780184170000002,0.05654424234299999,100.48147431000002,40.72113608,0.043608763886000004,107.3266495,42.57699606,0.0389104456088,48.63375674829929,38.629379330000006,0.018035297017,22.45835606,-0.018867351735000006,36.53738931,35.24490101
2022-12-30 06:00:00,1498.674725699857,-41.56026176219565,-306.8756742195857,25.606419877979548,-17.63691190969195,71.06479474238833,80.79927365021396,0.10723212060467116,1.512975801067052,138.00652294170794,-2.505768795641411,-2.294882650066083,184.51976720780655,214.21082448917005,-29.912749140062544,7.20115502967978e-06,10954.176124057169,4.6411741259722947e-07,5552.472422991219,1.7219360993716818e-05,1728.7411462943573,-0.028030143286300005,77.43976479,39.86572407,-0.015617543965000001,63.310945790000005,58.78231386,0.027717327799000005,84.1667922,47.63063862,0.049287512735000004,15.339509148870231,41.9579245,0.0580219581996,32.271440039999995,0.052408921652,30.03941029,56.9217541
2022-12-30 12:00:00,2505.3983379282563,-40.596076547798674,-287.05509871826894,37.713513664120434,-13.54506516444435,71.02883171200494,83.90531838697754,0.1606782892772224,0.6545103474732733,186.99580190214982,0.14010433969873134,0.3056884586043262,252.51102089117586,252.43375245223623,-0.08802482325143984,5.5740845795448605e-06,10983.92658085677,9.732396985756534e-07,5554.4392687483005,1.5342681191527342e-05,1717.1423641882825,0.025373795019099997,53.38562148000001,22.55269754,0.0145135646002,52.88820164999999,31.94137303,-0.0018346834384,56.384268500000005,26.24608591,-0.0030081998267,27.738612580224604,25.022632020000003,-0.0018775843233999993,20.964485609999997,-0.012298898824,20.26433727,29.851717800000003
2022-12-30 18:00:00,3366.3085206206524,-35.51286236401418,-241.14561432913206,42.95728458298139,-10.038438341120818,70.98828390769594,82.62367228136299,0.2143998428089906,1.2193526471072968,196.293739156053,177.68758197662376,225.63810000100668,264.23233336898426,273.2208272548094,-56.92684782276695,4.9083061584849846e-06,11035.799969262687,4.155456432948532e-07,5569.973151092258,-9.163923648933754e-07,1707.1543053556038,0.01476334203,38.229860300000006,10.36519972,0.017232365870000002,65.48371999999999,19.860426539999995,0.012711243837000001,53.811623399999995,17.16442107,0.007929612177000002,38.139366866286466,18.53693037,-0.005392582294,13.410573979999999,0.11270661061999997,36.314182685,20.589131469999998
2022-12-31 00:00:00,4005.682456577416,-35.31458717939492,-242.5991926939201,39.917504741239284,-8.561737487120023,70.94459752679266,89.19157839202893,0.26255463296591997,0.8132547088469354,149.48952959797802,42.81391147669098,46.895618951553054,267.512031930617,275.28950780099893,-11.869079787167726,3.598080055102663e-06,11087.416594837201,6.077781504761141e-07,5584.107863943562,1.3683292054234776e-06,1688.6162581050405,-0.008604044892,38.20445162,11.97425161,0.0020702255980000004,73.09807900000001,22.603337399999997,0.007092927789499999,86.67336438500001,27.411659840000002,0.09871382207194,45.966856896877275,20.887687609999997,-0.0486324351745,21.65033803,-0.081166333551,36.37078742,26.671350820000004
2022-12-31 06:00:00,4449.644419845345,-35.922811055677954,-249.78355844806498,37.59892999735865,-7.729114074510188,70.86235983086507,92.97112304200311,0.29382959817954446,0.6472328096604119,202.84968345658092,-0.7725642258619849,-0.7456579641336434,277.7499693987001,278.3577080614135,-0.6347442145620071,3.451035761484648e-06,11116.710484690837,6.076684673564642e-07,5598.098551464855,3.974573159527224e-06,1688.2429401434435,,,,,,,-0.005167022533999999,23.77971319,7.6308843,-0.002052210724,4.58108443,,0.006828824085600002,18.37094024,0.002515842429999999,15.3615195,6.48534298
2022-12-31 12:00:00,4761.351263184075,-33.96100183979144,-234.9654108951757,36.72260382315588,-7.004618257338013,70.78824765529116,93.90054971336794,0.31612925531953734,1.5769068009086546,188.60570544597778,-0.3608938394670498,-0.3824865019727361,283.95595701809253,282.3538331727789,1.6237390780256789,2.6979322064135916e-06,11104.80366660519,2.9086515048868866e-07,5594.663565611763,2.552622732592839e-06,1672.6752765004278,0.0015487699334999997,58.8211196,12.43192743,0.004444536177359999,116.4241207,30.406867550000005,0.0026921269320000006,63.95359880000001,15.135484519999999,0.005790033261999999,72.13313530225355,29.403095370000003,0.0058347339655,12.30914289,-0.00339817952,20.7640889,9.01200469
2022-12-31 18:00:00,5754.125733586201,-31.16093033835999,-217.3276956231738,31.959747083706112,-4.526660204526094,70.88870209871149,93.24859838730065,0.3885888433255326,0.773997192318568,194.5258426501868,91.73316551106575,106.70473943657538,290.9947131883543,293.9292259584957,-17.899707362995507,3.4034712018407528e-06,11102.814395075122,1.247233085291023e-07,5613.212109063258,-2.1687038288629724e-06,1677.3629394897791,0.010361714245,69.62213059999999,12.276021,0.006457157959000001,161.5001538,31.86018062,0.002675735783,75.7008434,15.67822543,0.0030337528165999992,96.9386009210782,26.732325310000004,0.12049609332649998,17.4198557,-0.0033162555139999994,23.9726609,8.73776341
2023-01-01 00:00:00,6665.38721628745,-29.02708608557507,-202.32406372071904,29.89262496388156,-3.069582379075321,70.86163784071309,97.3729229743893,0.45742026175584716,0.9859735214660331,185.37415536054635,13.74656346945981,20.879672952092612,297.15891066859615,298.89644306805303,-8.879447912302044,3.035409056617958e-06,11128.191116191443,5.40308695552573e-07,5617.142965644678,-2.024555385956762e-07,1664.5758751867297,0.012194365799999999,7.2951529,1.0629853,0.0100866821,7.5370126,1.67884172,-0.049418478,5.00801159,3.6086462299999997,-0.030720227643000003,88.10605061677629,21.46118911,0.06198650638799998,20.42055525,,,
2023-01-01 06:00:00,7243.174846074827,-27.137215046968983,-184.58959312609318,32.508127249658685,-1.9333453114745698,70.87791383391836,97.16115174985131,0.5022156951867962,1.7809924990560622,158.95529355507864,-1.3379562154024964,-0.9857948386851283,300.84318618985816,302.9015773767561,-2.410713074859275,3.3095326780095524e-06,11129.84134430938,7.502552689619811e-07,5620.214841178107,1.324414363998509e-06,1680.8769647362064,0.002066710518,33.1652435,4.07902653,-0.31149382910850004,79.04980099999997,28.84746596,-0.0046656460999999995,8.03222523,11.61526563,-0.009031787418000009,53.71595870607141,15.07660614,0.18430113710999999,7.044056430000001,,,
2023-01-01 12:00:00,7143.535801715814,-27.985008243712386,-190.6201258105501,33.25994013914898,-1.9492618824553456,70.85407150570589,95.97317614229891,0.4953120849690398,1.4507925974564366,168.7702717836853,-1.0868143095599319,-0.28796534154497133,303.30045549480104,301.820483698202,0.6806935390479518,3.2141112214022473e-06,11113.164700657333,5.287786726162445e-07,5614.244843289806,3.258676558185862e-06,1681.6968496488,-0.007416720357,111.7811923,15.28962039,-0.011870928222999995,134.64508391,26.134827600000005,-0.077560798809,116.78864829999999,21.916426960000006,-0.12191661157499999,99.6440667058304,20.958687310000006,-0.110007651697,14.595929730000002,-0.245469693005,80.5010653,21.525815769999998
2023-01-01 18:00:00,6321.480008235125,-27.33157180005505,-183.24503388400763,35.407540516432775,-2.1394112856537335,70.86085003640613,85.58879597988377,0.4318434212628671,1.5303755301883673,163.96937075637618,86.90767710003841,104.44388173160094,293.5763769643632,300.6606763438826,-24.61792433227492,3.4861530926002006e-06,11103.356859327916,2.3123914593186406e-07,5612.09134490279,-1.7879014221711876e-06,1678.2069356424267,0.028838999429999998,86.19133609999999,14.302391340000002,0.060763940882999995,178.3634692,29.78174762,0.020133904679999995,98.81559642,21.29999023,0.0705189563073,117.79990051447814,25.951181639999998,0.0611079305784,18.068248250000003,0.032180224980000005,71.73382654,25.65081028
2023-01-02 00:00:00,7145.361354092538,-27.689000420923314,-196.69226486445834,24.81973850292818,-2.386563271177468,70.63271547575832,98.66337457694237,0.4908423167991978,0.7496527901030665,173.32361255178517,15.024611803519889,22.254441202001733,303.70472537201226,302.23377611421205,-5.768808640365945,4.635200470848077e-06,11073.94534765406,-6.520611824086559e-09,5587.301062508733,9.050029544079222e-07,1651.0339581223154,-0.0029931178900000003,35.4234058,10.0840614,0.0006126151179999995,183.96127552,29.465908980000002,-0.0041220958654,36.75071113,17.161222759999998,0.014685556673,114.4917603951709,21.35994968,0.052373221862,9.74683346,-0.0663436381,25.638391700000003,7.81960084
2023-01-02 06:00:00,6977.336172920906,-31.574932005836246,-230.96233387854343,21.637122168146533,-2.4748280987293145,70.39533404062482,97.51919894302989,0.4815845409533044,1.0818570513296546,150.8085109299072,-0.6727326126990919,-0.8565572665238865,304.63553084852947,299.7870341494074,5.031733423560398,6.557038724711319e-06,11010.397617879868,4.487102193253406e-07,5557.5137627436425,1.6107036898637164e-06,1641.5348869557504,0.000401499003,4.6695401,1.5413700399999999,0.0028587461900000002,12.9695046,3.59524472,-0.00979404832,6.152152,2.44708639,-0.02850688217999999,63.76514821491453,16.343534910000002,-0.014515951091000002,18.61246395,,,
2023-01-02 12:00:00,5372.125265032077,-32.30215622874416,-228.7706191737692,29.646630656184083,-4.067489515145192,70.22307783576696,84.93594185901308,0.36927776016451525,1.510391400273802,133.9803243905888,-0.7662134965779517,-0.511378508120973,289.42809490619624,283.66941009782107,5.509064811257618,7.1545706315300825e-06,10932.431450118584,3.2074930329553437e-07,5503.936980507172,1.807569679345048e-06,1637.0421470853598,-0.135585491142,117.97629549,23.546141460000005,0.11288222429400001,143.90582089999998,30.28080165,-0.028322077492,69.35240358600001,29.65167202,-0.13039868098,101.97510477390443,29.985867119999995,0.025115029816,23.53067029,0.01055656286,3.411364033,6.71648039
2023-01-02 18:00:00,4521.897699016014,-32.50349198629064,-222.45564353377534,37.572292356549724,-5.851544448472252,70.27412726841807,77.35252851849677,0.28620962170557473,1.4678265963055326,211.9108158510636,130.61295330339846,217.0114409846825,276.78011379581943,286.6476041139244,-96.2608258111962,7.4357769215936605e-06,10878.374046852074,6.443986858717806e-07,5471.927009414496,-2.255333534876973e-06,1627.994893800006,0.078534118777,132.3732741,29.48298702,0.08247220484700002,146.6403356,37.84160921,0.0695492767926,149.82396010000002,39.20166869,0.084616077446,98.22303861127781,37.986913040000005,0.05680844178299999,25.076904820000003,0.083010824142,71.9148672,41.206694999999996
2023-01-03 00:00:00,4091.3529329006933,-33.11078081555099,-233.1108010694296,31.775445454978296,-6.613165953666194,70.28620799835755,77.0735999404386,0.2657120749579177,2.1061278064048694,243.9848447908497,88.43136693132287,73.45536276910886,255.12503379039404,274.0526990284689,-3.9332692614441513,7.682365457339565e-06,10864.739966665362,5.275548507427584e-07,5458.571913996514,1.122707538148582e-06,1628.9060866102109,-0.013924359099,132.01875558,34.13133783999999,-0.024057830637400003,145.44376570000003,40.752920859999996,-0.003074936185,151.2901354,42.01005277,0.016502182403000002,103.45771504223694,42.274269360000005,0.021374139806699995,29.056644849999998,0.034481932001,86.04918350999999,47.05343653
2023-01-03 06:00:00,4016.365349423232,-35.57687794789972,-258.190074122698,26.424949460499654,-8.783102921469991,70.42008606772794,91.22678787438707,0.2633934764552671,0.611654189061551,165.87678713011937,-0.26563691843124637,-0.8860885792358167,270.566546745279,271.2470585625077,-0.0620869420139765,8.463412943314009e-06,10886.674407123872,9.220348267026789e-07,5477.247740612616,2.151283860950965e-06,1651.0955333908723,0.0646642045,3.0804155499999997,2.17845288,-0.0335838569175,44.94598059,22.56850507,-0.004668898218000001,104.11007883,30.478823730000002,-0.008977661948999998,15.422095503197982,8.864953400000001,-0.004300039919,26.8292988,0.041534631869,54.866144459999994,33.96757886
2023-01-03 12:00:00,3976.3756787843363,-38.25493935100536,-278.6290804242718,27.41043438377104,-9.152711496805509,70.44868094944366,91.84818312793661,0.25686465709628203,0.8164611658061192,173.58028185968246,0.27335798542432166,0.44574969066454717,274.68396310267013,272.27651233193325,2.2371902538422073,6.448619788924491e-06,10899.595094277194,7.448560585043462e-07,5483.238522952099,1.1212793335320943e-06,1660.431044974842,,,,,,,,,,,,,0.020330919,0.45663196,,,
2023-01-03 18:00:00,3961.8039534371874,-40.36487323439773,-295.7395310014383,27.179454873743442,-7.850113478540846,70.54488793713028,80.47462077580293,0.25073344671912073,2.184527081774704,191.00944445824666,83.94489801803707,189.792825230667,277.2518703096157,278.60169023933287,-107.17110276864942,6.298184247423306e-06,10889.550343129293,7.348398091227134e-07,5483.686175837917,-1.692611778694257e-06,1665.3043539484988,0.02404559216,22.919732800000002,6.08544382,0.08104952410600001,68.44765790000001,16.97389263,0.06347510578,30.399221899999997,9.93008264,0.045974528916,16.542240774274614,6.01511586,0.06657616686,10.65729356,-0.2393430893,3.61040915,5.5117445
2023-01-04 00:00:00,3583.5730315137453,-40.36927664215594,-296.03856234565956,26.91565079158798,-8.42215599135545,70.64181496274279,76.3180558065449,0.22699631103779772,3.3089156450297748,294.3720207542001,46.4684352873774,54.553739597142986,265.4426722141469,273.2411696633977,-15.896229323066594,7.762029718853813e-06,10865.705353673478,1.0565580670003473e-06,5483.844988043646,2.0938785938764684e-07,1675.0144874536586,0.029118854615,66.96760119999999,18.361414160000006,0.08300859158,109.0363031,33.76322357,0.050251565021,77.7256371,24.974894749999997,0.064034173561,51.60353497013076,27.147256349999996,0.039615978327,13.956264849999998,0.02257292461,20.32838052,14.16994939
2023-01-04 06:00:00,3088.867462948964,-39.24798958748253,-281.75435860814946,32.22955809171074,-9.499459060583957,70.8575253959585,71.42128381323616,0.19388353787060547,3.8343962378165575,317.16752533620485,-1.52527436493224,-1.2980626204217574,258.7998062320855,266.309448235738,-7.737316965472731,7.529034084558367e-06,10869.432947921796,1.034014025937634e-06,5500.295599318936,8.76002740774064e-07,1705.7125277920736,0.06888143006,48.049311900000006,14.901388229999998,0.16014216206,97.9126335,33.124395660000005,0.10279293425000001,68.7310774,25.18758538,0.13357165797,38.73738404047697,18.406448570000002,0.05010482935999999,8.929302769999998,0.019656574800000003,5.6805522,5.28933023
2023-01-04 12:00:00,2709.899468446052,-39.29408845318247,-278.485021828531,35.86768579692864,-10.266977027622122,71.11181408596661,66.60853435682037,0.1691957450652389,3.968300409425915,322.14201845515583,0.9786928921494845,1.3325679112560216,249.3099191841839,261.4804734952692,-12.52093839487746,7.010844125958265e-06,10881.742819901694,5.190329004669614e-07,5522.115486829031,1.9582675737565283e-06,1727.176186582329,0.07393159652,59.1934764,20.71187131,0.16693783846,100.4601636,38.724027189999994,0.14557863216,81.28204689999998,33.62783736,0.17532720368,52.284979367327736,27.82871527,0.11316037498,16.278272690000005,0.08865472549999999,16.2157218,18.28900944
2023-01-04 18:00:00,2794.1505516579155,-36.18109060697491,-260.75090045899594,28.69782439680333,-8.59725580890229,71.34370361063128,58.37813540494217,0.1711711291848867,5.664012470289776,318.21525128745304,285.3236469915034,297.0949771480996,231.6938230373566,269.7402311395682,-49.81505309298583,6.677901677493165e-06,10943.596285649543,7.58863219034287e-07,5548.227195867656,-1.069537921341964e-06,1750.7406990289871,0.07030158440300001,29.265986100000003,10.374485600000002,0.37338205858,82.0364537,31.07762145,0.267705416035,63.7577086,26.65253886,0.27707697252999997,35.69161614775658,25.995035289999997,0.116023834747,11.07558871,0.0349247658456,9.99523077,11.426810439999999
2023-01-05 00:00:00,2665.400674673242,-34.18554862504177,-253.4515034659488,20.032885534385343,-9.724909527982897,71.50684381698673,65.78693497725703,0.17477825109192538,3.0639002323952216,230.30633192541666,45.323784726732285,52.55888732158218,200.4481906702936,251.39919005212326,-58.184221465170815,4.2847138833834845e-07,11049.014761734235,6.049856763637358e-07,5590.684499300722,2.9538008798496794e-06,1762.4629542772643,0.003967202255000001,96.12864590000001,34.51237585,0.0418739587,103.2076306,42.47516666,0.018083361434999997,98.13176899999999,40.87067372,0.063492023673,59.32290810346604,42.10983395,0.0512916067077,27.522067649999997,0.07355436731448,44.37971464000001,48.188258250000004
2023-01-05 06:00:00,1593.8342325590875,-34.456811131327164,-281.1513261483657,-5.496837097748413,-16.643821564961293,71.68563132016158,80.3530563055128,0.11657013168557473,1.0090872158926618,101.0131829423184,-3.282516229203888,-2.3144305759850896,169.4542867120739,213.57831571831193,-45.095458373749025,4.6523830133103634e-07,11154.1776868249,1.6796683950248023e-07,5652.718043909336,1.466705406415897e-05,1786.8348055488534,-0.0387795996146,84.62668345,40.735627619999995,-0.017837025723999998,91.65480649999999,57.37671519,-0.0043577809943999984,97.5686039,47.59039184,0.0316881908546,42.16682487726212,47.55769508,0.036399329386850005,32.460427370000005,0.029287223860000003,36.9173012,56.17712372999999
2023-01-05 12:00:00,2183.725514491024,-35.05569046866573,-277.0159840550359,3.4295396942899137,-14.485974563241694,71.71430295142609,82.24549570334156,0.14661955570877772,1.0216125836703807,154.1736302891173,1.5769165040538946,1.3002470921369924,236.84308482361078,241.76402793032753,-4.653724572556154,1.2311863414673261e-06,11192.423438384125,2.277185993042039e-07,5682.76504527006,2.685948446853755e-05,1786.6526418774783,-0.006883437422,74.67012568999999,41.77114468,-7.248120350000016e-05,102.49832716,59.287149830000004,0.011547550341,101.8410939,47.460517769999996,0.0120360207455,45.50339585548416,44.39892587000001,0.0201197201426,31.61131529,0.012121438870800005,41.165590290000004,55.87352017999999
2023-01-05 18:00:00,3270.1306267405016,-31.338678465174716,-243.36603855187155,7.3433891695261755,-7.496634946973968,71.72318074969131,66.58675336227711,0.21387381249610488,1.1596430741259953,183.96351625280892,379.3534905942041,392.5488884661532,215.0733820400993,274.60135117791344,-72.69592048710237,2.3620982839929454e-06,11194.66064540953,2.5663386204189665e-07,5703.221164848002,8.997768448863761e-07,1780.309294571281,0.0333020823007,119.5041251,38.2633409,0.034811555047300005,118.5510373,43.36723458,0.0279453453415,126.5040122,46.57685368,0.0104277742056,79.78025507926941,45.37012772,-0.011060998499,31.68753908,-0.0208003867786,63.01925232,55.53969675
2023-01-06 00:00:00,3961.131045380678,-32.17439185458616,-239.3631029916586,18.032031845030744,-5.328072559973855,71.47585298882748,71.77699367472403,0.2766021224708798,1.139809383109434,174.76867108956293,64.0296043198761,70.70542446953264,227.8024887931744,267.2077448509217,-46.10091519248857,2.8786423273439057e-06,11156.903817102246,3.451581213254535e-07,5683.650375723107,8.496441453112172e-06,1748.2767308339346,-0.015966302457499998,144.7096666,37.24709149,-0.0089623669935,143.42262449999998,42.096051419999995,-0.00270930581827,152.8139564,45.42540119,-0.0024734864570000008,107.39990425109866,44.75198241,-0.005942899945100001,31.62747734,-0.028929766165100002,91.9022025,53.92610798
2023-01-06 06:00:00,3893.6869705778126,-32.45681281283274,-238.56259134351393,21.09191115914799,-7.799027519244523,71.40557763917539,84.55216428944216,0.2658894201402361,1.238291738680661,163.87134655658477,-1.5923949721843536,-1.4865426773290047,255.25907374929767,267.197263506473,-12.052423792763475,6.2414608754457815e-06,11102.128035097596,6.491147004843817e-07,5653.029733576212,1.4844970477627566e-05,1739.6949897637592,-0.023162736488,119.3881936,29.67737966,-0.021601109756999998,119.98570539999999,34.29212732,-0.01045032357895,123.8419319,35.57286671,-0.015630792217,88.46980648363952,35.49099243,-0.007969298893399998,25.82927006,-0.010417515332,75.82684680000001,42.21626722
2023-01-06 12:00:00,4580.415363361244,-29.39783056404876,-198.3774684050776,36.80517610731244,-7.262804715467178,71.18537827261022,93.30043657174123,0.3069961551155986,0.8312561547486572,168.84077802279592,0.2824074693914402,0.5441051236455302,281.517557678439,279.9543776254063,1.3032044293661007,7.519986527701726e-06,11056.2652567769,5.019064414252252e-07,5600.103980863859,1.5884228328416618e-05,1724.0495198252113,,,,,,,-5.3716290000000005e-05,5.1524487,1.2780427,0.0016322521599999998,1.27413614,,0.007137045409,12.432394360000002,0.00017469807,1.6572968,0.75482076
2023-01-06 18:00:00,4850.0273630613465,-28.428976111663196,-193.7775687541607,33.65424013914482,-6.28687428827503,71.26228998766459,87.37079792386047,0.31261716062684397,1.211420217856561,178.37837144374043,125.59971153476604,243.31483901578528,288.2097756468545,289.1199240094385,-118.60993091443427,7.562303186920358e-06,11036.774178647702,3.770728956769207e-07,5583.845891612373,-8.361588830778896e-07,1733.4082918928957,0.009896552610000001,18.6200071,7.2044517,0.037606496623999994,109.23822539999999,27.593490149999994,0.023071952806000003,67.6369115,17.283399539999998,0.047187263061,56.173437367203455,19.893926819999997,0.25062597624000005,14.09608405,0.058577362846,29.123982129999995,18.133808369999997
2023-01-07 00:00:00,5041.976852045338,-31.082844887832483,-227.30613561517947,21.356623487480434,-5.289260758239726,71.47367152939108,85.13421756325687,0.33105598669314523,2.490356029835293,284.5333098111013,28.030214664417386,33.9885682960165,279.4722731376035,286.41757128315146,-12.907151750618976,7.63140562922203e-06,11037.447693970464,2.759823257042656e-07,5604.784638833755,1.1453592661381847e-06,1751.0804444088392,-0.004158866751999999,52.1321548,13.32299527,-0.0018395997439999998,107.23159638999999,27.37118255,0.0060311255767,86.4492107,22.327887850000003,0.0038480433299999998,65.17884914555667,21.13169499,0.006104021474999999,14.467455189999999,-0.019743239200000002,41.21284847,19.30036299
2023-01-07 06:00:00,4852.857325515582,-31.70734258784296,-243.8262996768761,9.83244102586752,-6.54911149484672,71.72290735864408,93.70097741287843,0.32780815562745325,0.8309677651748977,174.17776390588062,-0.8172264296951791,-0.9516867146774718,280.4081761958505,281.2325069276659,-0.6938827466460751,7.674177225013639e-06,11032.950777288508,2.574422384994777e-07,5627.577603296724,1.3079907737092775e-06,1790.881958027087,,,,-0.0023188816849999995,4.8207613,3.2234300300000003,0.05901437248599999,37.8533262,10.39356358,0.0022567345,1.42186999320984,0.70198727,-0.08259216660999999,10.30285769,0.06618789990500001,14.77953436,10.71297249
2023-01-07 12:00:00,3325.8506984215173,-33.13694652678748,-261.3233303288869,3.7722418854129716,-10.389437434757308,71.83888615090368,90.38738284842819,0.22840022763347329,1.0000940431862888,93.43998619708282,2.52367381796273,0.23078086709960755,245.7850567470642,250.74416030585598,-2.6660718779917647,8.02611762457119e-06,11022.28189444849,5.05907857948438e-07,5643.124115344283,4.426879135038865e-06,1805.6779957898275,,,,,,,,,,,,,-0.007153213252000001,20.767411420000002,0.013190410814,41.88406,23.87881263
2023-01-07 18:00:00,3605.657878366157,-33.256085082185656,-259.2438850594505,6.804795598034753,-6.908116680442857,71.9948847427396,71.4763000236355,0.24331915725602737,0.8810119108140804,185.41179932405396,400.0135743161874,415.78845383248705,200.102991680336,267.23492203780626,-82.86147325278266,5.059353784981314e-06,11031.70250826169,2.1068329714748916e-07,5670.142546033757,-9.907723716448506e-07,1813.9637828464363,-8.19122340000046e-06,87.2117934,21.92138093,-0.020413847799300004,89.76949749999999,26.87644609,0.003336066345,128.1648062,42.90914071000001,-0.001231768047599998,102.74095565232545,41.67242288999999,0.0011894347978000013,27.90508564,-0.011411406180600001,85.55482573,55.09689927000001
2023-01-08 00:00:00,2922.712500212272,-32.44659880859486,-262.4286106217701,-2.855820153011253,-9.715477863076408,71.99238726147514,80.89220727166534,0.21879282811918188,1.2935716091656415,202.8784997231488,69.94172355558246,83.28753692087594,185.10733096669207,241.96284084756715,-70.22448538198205,3.1369199592909343e-06,11056.806296047798,2.9869524762242973e-07,5685.513272365012,4.4972990522106694e-06,1804.0215523454913,-0.079559874809,127.48852720000001,38.324697189999995,-0.064710967799,125.6556587,43.39595831,-0.012511371171000001,137.4534921,46.6145834,-0.008945698462,90.89623826742172,46.20124523,0.00544064953,32.234879910000004,-0.0040552768029,79.47009384999998,54.42434592
2023-01-08 06:00:00,1780.1641257342048,-34.033803812522535,-277.4264034275119,-5.155972927331695,-15.355905902943846,72.03444626734112,82.28581771856626,0.13399133911566588,1.5812127943627914,151.6507059878228,-2.8595787309654215,-2.1698800698603717,184.5376306179445,221.2669604037074,-37.42104858074162,1.8734356744461223e-06,11088.105906315719,1.8288430130699305e-07,5706.6237319769825,2.132659520977732e-05,1810.0531155445346,-0.079743920814,93.49730070000001,39.636015650000004,-0.0620807722705,88.96914670000001,44.857988369999994,0.014247350374,97.39290070000001,47.89212441000001,0.037521255887999996,49.34421634674073,46.853975410000004,0.068860492586,32.209253759999996,0.029242058126000003,41.45406382,55.68827202000001
2023-01-08 12:00:00,2076.463251870328,-33.229579934581515,-270.3535236124634,-4.516884135811214,-14.62271740034587,71.97569420164777,83.785442025864,0.14570990747237073,1.1866903797386052,123.6579037909156,0.619482978536298,0.717560796945545,209.14225744858388,232.24406718659986,-23.202458262579203,2.6939320905534732e-06,11103.973436305125,6.387127544754463e-07,5700.8268321209225,2.13430717517057e-05,1801.3172894060706,-0.038408229377,97.61687549999999,39.038590170000006,-0.022633116312,94.85551620000001,44.3725968,-0.012503967855,103.08281749999999,47.53978741,-0.004282191899999999,57.65597230196,45.25738126,0.003846434354,31.83434216,-0.008475137569,43.478172650000005,56.52111507
2023-01-08 18:00:00,2982.436486447189,-32.1227475625808,-249.4274543036558,7.554526196990597,-7.954648092893385,71.89419063752476,63.05962446250999,0.19438292093616744,0.9481196447896132,184.23335323158315,397.3338881085745,403.37808316132936,189.41452585847787,264.8330348056293,-81.43188303032456,2.397960356945352e-06,11118.292267533341,7.341485886328517e-07,5699.193268469202,9.350492867750561e-07,1791.6662383963003,0.02110604594203999,108.49987460000001,37.687111220000006,0.018699796469930002,108.8302577,43.040787449999996,0.027624465881400002,115.5608842,46.63981457,-0.008846912201,69.09385085105896,45.46417407,-0.0172167826116,31.990420130000004,-0.034577410520200004,50.21744201,55.55272452
2023-01-09 00:00:00,3312.520896665301,-28.690814302199247,-224.46264070971154,5.063873707882452,-5.4619946957343695,71.75561753958789,55.12688831953675,0.20531452971688124,1.5390359927781674,207.75820901315012,92.53042324201797,106.11763431272553,215.78410902502551,266.31084848061545,-64.13911812339721,3.0175090434303594e-06,11093.006283360866,5.719919885455378e-07,5676.837357271847,5.949549936368198e-06,1766.4202966551532,-0.038440600537,119.36214269999999,37.49307974,-0.033375228226,118.67285319999999,42.38936032,-0.052352872987,126.6678325,45.70859624,-0.08618603679,80.48930585384366,45.13500595,-0.057229126277,31.64166963,-0.10395348524499999,61.796617510000004,54.23165685
2023-01-09 06:00:00,3245.941634681327,-27.48720600535328,-220.2955293654161,-0.39788132258984704,-8.226067042141363,71.79373822718887,72.63917892157785,0.2191975210545125,1.4222795115336289,181.98620438663835,-1.7519152470634451,-1.7081968074975118,246.59501989864037,262.6073121666089,-16.05948121345004,3.824530874721958e-06,11081.862356894526,3.0178816136970035e-07,5671.788451709112,1.587661699979537e-05,1775.425835506274,-0.024128661606000003,124.7770702,37.86140114,-0.023196479869,122.19194259999999,42.86831898,-0.028888353372999998,127.9759099,45.565526540000015,-0.048072098854,82.10178172588351,45.09322815,-0.0297568381134,31.46276305,-0.061736452825399996,62.95514289999999,53.41921318
2023-01-09 12:00:00,3429.9849538395424,-26.961435318969386,-215.4847636972179,0.20671885453721484,-9.368327332185935,71.72030943646894,86.18261147809912,0.23719354773313972,1.1320679014499957,133.15933438619783,0.2890674086236533,0.6666578872007662,235.4031683481256,257.5413551043532,-22.507867134796548,2.239699909874109e-06,11109.397612212722,2.8029734569126003e-07,5665.950393956074,2.4090356876480006e-05,1774.9242229769436,-0.0337477236719,130.62484989,38.446277730000006,-0.01293873900305,134.34805504,42.96491621,-0.014327002864,153.15349840000002,46.19976778,-0.048855717197000006,100.35570889711384,45.47837864,0.003979382612,31.583508700000003,-0.007470664207000001,88.6664971,54.25828038999999
2023-01-09 18:00:00,3872.226530850843,-26.070939786651163,-205.3596601196202,3.2078581735890643,-6.01897285795022,71.76363564319053,70.27828540687719,0.2567644253804999,1.0512612506286718,181.36771739925933,268.86784727360856,282.09548435276,253.36496101093064,282.36116041067237,-42.218975541281715,6.969632899290714e-07,11158.395174153893,4.052082237022122e-07,5688.871516558626,3.647822533562361e-07,1775.4670631676915,0.06224027066695,141.24537157999998,37.92558921,0.063331607108,143.0415909,42.50201446,0.053014459628,152.5867789,45.99701381,0.015319548749399997,105.26401448249817,44.992137850000006,-0.005243789543299998,31.865426499999998,-0.035752029934099996,86.6628322,54.77968401
2023-01-10 00:00:00,5217.341508223356,-24.11760262989642,-185.93157750585274,7.009243533318627,-3.2866097939215795,71.61090361742905,79.11693841963347,0.36484415400891895,0.9816458275593254,152.51790489109402,26.55023233008212,30.351252090240408,283.5311694020739,292.05184876374676,-12.326933679074756,-5.6605815620509366e-08,11199.069386790308,6.201220938416871e-07,5683.06174676984,4.654899876123338e-06,1744.297898974789,0.003910062343600001,184.4965133,34.42544331,-0.007293467126000002,193.9026131,40.803210050000004,-0.0223452920807,195.62305210000005,42.654743859999996,-0.0917631352475,148.35106539726257,41.65911278,-0.040378128968600005,31.06832955,-0.101778175634,128.8186294,51.47962474
2023-01-10 06:00:00,5461.2354403088775,-24.882441943845585,-192.27762309136,6.781912459404623,-4.8041707595617105,71.50731012212015,91.36684142047632,0.36967211896153257,0.71845553354313,195.30746664450697,-1.065526254745147,-0.9069541903849605,287.21985815519474,288.9054142516058,-1.84567516697896,6.147553916957574e-07,11226.140876289317,5.134575962713376e-07,5683.242110119268,5.388593780660891e-06,1741.4583167296707,-0.003495996022499999,145.10719250000002,27.096491940000003,0.006787436800599999,181.57069280000005,38.99764683,-0.0049303602162,156.34171760000004,34.118864990000006,0.005756285505499999,121.55051028907044,35.16792674,0.006937746338900003,19.56407307,-0.008580902762999998,56.92213026,25.386327910000002
2023-01-10 12:00:00,5740.713110696957,-26.64492542597489,-199.08555350148876,14.073849906310373,-4.805332910973863,71.28665884395136,96.23779928103738,0.3903564303852165,0.8283159279363643,161.93051212056756,0.01729607882121005,0.2603728103287418,291.70851406774614,291.3974120143077,0.068115668702906,2.5386879679549306e-06,11204.761339260538,5.855742973946823e-07,5656.0667180243945,3.977255247570861e-06,1719.9537069515109,0.0024406525459999993,41.08765489999999,7.709518030000001,0.015096410861000002,53.50106704,13.346007850000001,0.004195592828000001,65.1621553,13.129495629999997,0.20034365082,13.1315817828714,3.39431436,,,,,
2023-01-10 18:00:00,6655.543543452123,-22.077614478148096,-171.1305641579045,5.49035166728027,-0.9894440141093829,71.27921595754043,79.80409914256529,0.44369428679629475,2.5712578579263887,147.84416665086945,138.676337707739,159.2865934341352,299.30912804198675,305.3621503810039,-26.653174381197132,3.4589612885543246e-06,11130.464673410632,4.2057315229698686e-07,5645.126117631891,-2.462082834708775e-06,1718.892349550894,0.14243217151999998,111.303183774,18.305522840000002,0.183520251883,162.96790140000002,33.76113717,0.087419813082,101.6954728,19.94463374,0.27609294503,98.97488174409403,26.5855403,0.0799714285,10.604312590000003,0.054298086399999994,14.097658330000002,6.42959685
2023-01-11 00:00:00,6233.076779123234,-20.363855454971926,-151.67304549878287,11.237798140992568,-1.581657508030533,71.14806791696574,79.94829049734265,0.4231618142232685,1.829169828636807,160.94531441874585,43.636039682473104,49.574445055881796,291.2741198282431,301.15848731036476,-15.833389716604817,4.521889231706985e-06,11046.86778900484,4.025625190633226e-07,5630.584779676018,2.1389853662218907e-06,1706.2915808258117,0.101584900075,175.02806999999999,33.94825540999999,0.12083142067980002,203.7817496,37.645677189999994,0.0984158749595,186.9612693,37.00094502000001,0.10722459642500001,156.61338619171448,36.87566448999999,0.16646887010599998,25.58329573,0.10301325049400001,103.9492944,36.073150440000006
2023-01-11 06:00:00,6132.375465877487,-20.43741268116979,-154.2056328141499,9.293668635208366,-3.0432306084055165,70.9023536286465,88.29534369957926,0.4137512976958245,1.194476468330449,176.18877094811688,-1.484800091331199,-1.127258826372493,291.8627855883842,295.71063583349746,-4.21104955756315,7.474403150254284e-06,10982.299474532001,6.068597444865913e-07,5595.519522836264,3.165061309443718e-06,1694.562376458712,0.014347296824,90.6140954,18.87047616,-0.008024435217000001,99.2724537,19.53939816,-0.089469384832,99.79812460000001,20.64433168,-0.134527946582,74.90195132539675,19.46968279,-0.1439913929355,15.09942167,-0.26294897647200005,57.5518785,21.650611449999996
2023-01-11 12:00:00,4710.244660275658,-25.113635712530726,-188.00599309478517,12.903092605460653,-5.871280858614651,70.65226212326353,83.96600455683719,0.3117167299364516,2.3445892527513017,146.26938403445592,-1.032481806548732,-0.1441934911039153,281.28521312939415,284.98353120727836,-4.58490581553829,6.768537259429396e-06,10922.830145375732,3.5216923787518233e-07,5523.852773976655,1.2002393931881879e-06,1668.027899045527,0.12367014710999999,51.02767231,15.112838439999999,0.09567456598700001,86.51799154,23.627686410000003,0.044361977682000016,66.90505019999999,17.920681620000003,-0.12990873742099998,46.705373543817466,15.248942870000002,0.033009277700000006,9.371997799999999,-0.23359646499999998,6.8942527,1.9188616299999999
2023-01-11 18:00:00,4399.962729287399,-36.48760227285978,-261.5292905580685,30.371527624809804,-5.723457873076914,70.91785921532808,78.4408715360722,0.2934043100724972,4.75799780236224,281.3422749351987,157.44769481477695,189.61829808615863,278.69461111368395,286.4220516195227,-39.89051265461057,7.283559665683135e-06,10905.965183465272,3.040176655249104e-07,5517.394493876309,-8.184730914781858e-07,1681.7362843251558,-0.004162119850000003,20.935721979999997,5.91199522,0.03652862827,31.857768099999998,7.24667525,0.03852114971,19.322643,5.04074463,0.012237584747000001,9.55142891187134,3.04657235,0.00187937445,2.06857677,-0.38544628459999997,7.1252288,2.6423445599999997
2023-01-12 00:00:00,4236.982552981117,-35.21010560694795,-261.06797946607435,20.61286538950919,-6.133969532875739,71.37698054598198,78.29736443853102,0.2834191699901531,3.6707526719579398,290.81458892161936,45.19854534681174,51.38779697621092,268.5593033304017,282.053328801594,-19.692310655533426,6.70491953018589e-06,10964.975721720057,2.0471730380304232e-07,5573.821429414849,1.0913985331046536e-06,1731.8803097737748,0.07214628772799998,71.3939207,20.082320369999998,0.079904306658,96.75922089999999,23.64346695,0.07203333106,70.9217251,19.360924630000003,0.06157681166000001,39.75436079587615,14.3822198,0.020670423219999998,5.505365160000001,0.012811722729999999,3.8020514,2.22349666
2023-01-12 06:00:00,3415.3068290766982,-32.81380095206001,-267.3731407208941,-4.862733104414107,-8.250580439351904,71.81979875027336,78.05731497957046,0.23865740088474402,2.519230973289599,105.29302886178007,-2.948832454716511,-1.6281029892105519,221.173335404165,260.73042955867845,-40.86095032633076,2.2697328791256823e-06,11056.497297240618,9.781106827904651e-07,5632.720319676828,1.6869866545168502e-06,1794.116058383499,-0.049113537186000006,101.31247855,37.35328276999999,-0.031007643963,124.06326935999998,41.30176567,-0.009855945883000001,109.5295208,35.8006508,-0.0157067760075,76.28807651602172,37.837816739999994,0.007867010137000002,21.864645659999997,0.0131920429446,43.94873574,35.054146040000006
2023-01-12 12:00:00,1728.0534073785534,-37.156065802816684,-300.16070323174256,-2.9121768092090576,-16.013521910593447,72.10497190369293,84.4005980479024,0.12959260034021552,1.3244135515759927,94.13824929753005,-0.4537201979364004,-0.01713449853724744,175.51831256858284,217.56313004508831,-42.48568638923031,9.081199084136393e-07,11153.805387599874,1.4670224568319973e-07,5690.251129074709,8.11320558020711e-06,1831.9742955850454,-0.0325442903103,144.0327368,64.96180112,-0.0177861071025,95.70880840000001,71.14199951,0.010931948058,109.6881701,47.69638524,0.0760847607333,36.2739496244707,56.79090591,0.038587369005,32.40074106,0.013997234705000002,42.20878802,56.693523739999996
2023-01-12 18:00:00,2841.2677956610014,-37.56269929363897,-280.3016234929226,20.19997085618913,-8.620900891250113,72.33546627169602,65.02629948100166,0.19107058836997087,0.8800531309773674,186.81920953592822,416.62259826596176,420.90316545734896,189.07884513475295,260.11907064710266,-75.27591060835738,1.8532049525614188e-07,11240.980388461643,7.1305972803038e-08,5751.77565275852,-5.171084710925841e-07,1848.724940334559,0.007556161779500001,119.31817057,47.71235868,0.00467453529247,108.6515207,45.738607970000004,0.014918908164499997,118.7857447,46.96616919,-0.016791410001229995,71.10876095294952,48.25361015,-0.0217773180508,31.88470737,-0.030672946442,48.38819977,55.629781779999995
2023-01-13 00:00:00,2983.864685981993,-36.32191061903015,-269.01406164604066,21.561223306200574,-8.239867336323599,72.37023188009644,69.53830394786885,0.20832154319049978,0.9219902186194049,172.4047130344041,80.6481035488688,94.99389004000216,203.78584754241706,253.25774878715083,-63.845216534504075,2.86313745145646e-07,11278.938844431199,6.88316471956095e-08,5773.148993827495,5.413805923309245e-06,1836.54487180527,-0.037499617712,106.805829,43.152464339999995,-0.032228734068,119.24093669999999,43.40317426,-0.0255300710926,128.0631414,46.78143135,-0.026386509496,82.78925585746767,46.227006610000004,-0.013723575705000001,32.94912553,-0.020847863805000002,58.76825204,55.248345570000005
2023-01-13 06:00:00,2239.425806990073,-35.596303730394794,-269.55807117914435,15.212358664013998,-13.280216456419726,72.47119290500346,86.27680021760541,0.16858129291145119,1.0340434246748504,81.72733348744279,-2.794005710783079,-2.205050533006634,196.24527528990984,231.41030643666784,-35.75397869349883,6.903020506435745e-07,11297.524447998872,3.414650520240004e-07,5789.814714821396,2.6983863516237518e-05,1843.2320934451834,-0.06270008373290001,94.4412778,45.05092074,-0.0299331086666,104.1738925,46.67645319,0.016810477724000003,122.6817246,47.47000174,0.012706185033,76.66584092378613,46.298563220000005,0.0019435232530000002,31.91863307,-0.006898589781899998,57.740010600000005,55.99011844
2023-01-13 12:00:00,2355.9725849560577,-36.38486659012093,-279.644095240163,11.434837480804495,-12.572239241973808,72.3532423081777,88.1069186846606,0.18335480563218842,0.8647060524830334,78.9257269381211,-0.48074995971012574,0.030166386251118046,207.35365400388497,235.9518476234498,-29.11018416613428,2.1213521038018048e-08,11321.470801635167,6.258783171377957e-07,5792.439770282685,3.284416543411247e-05,1832.0026635878073,-0.052940485726,97.09496139999999,51.65269594,-0.0227138146175,105.9732075,83.65338111,0.018099561540000003,132.78225170000002,47.01075273,0.016579658296,71.47564083337784,46.0136229,-0.0009165377454000011,31.29287015,0.0032448651679999998,67.17388795,55.448936
2023-01-13 18:00:00,3910.8561530161323,-34.2252436477586,-260.8776152694436,12.924333912625176,-5.739215149872182,72.31783467981921,71.89232298292238,0.26818754495996133,0.6353187692057773,213.20336699624295,352.19243184054517,360.72965000160923,221.50531682880467,278.54270329765353,-65.54806113901942,1.6907686784020503e-08,11341.834031389619,3.828830926399548e-07,5795.414287474385,3.6745968949077287e-06,1822.7800743886394,0.015306070911199999,132.38174220000002,44.7282235,0.013948231983800002,144.60247449999997,52.36269648,0.009834005771,155.4319922,46.328958390000004,-0.0027931867419,109.05631303787234,45.12643075,-0.005087973911999999,27.369146780000005,-0.0133272191895,80.32675449999999,54.739067520000006
2023-01-14 00:00:00,4763.70443969183,-30.197251926521815,-247.0639920526017,-5.485976640427119,-3.4836156923171164,71.9940355169723,76.86003720658788,0.3447222525681359,0.959639026617588,227.68552060381344,85.83333353042684,97.57075781526015,219.8245637762871,270.10924612283736,-62.042341917188295,8.737136304543388e-08,11338.303076580774,2.968408887838523e-07,5775.839777201862,9.155024060291299e-06,1785.0802442439578,-0.067954247449,157.9611051,41.632934199999994,-0.073976846693,173.26301899999999,41.745262440000005,-0.08031086839054,185.0858359,45.14122105,-0.051102338213999995,140.6031552553177,44.443477609999995,0.006890870558599997,31.56087441,0.014421046877,114.5700445,53.156370730000006
2023-01-14 06:00:00,3500.0393781716693,-30.72483447506091,-254.72743309089782,-8.928757290410605,-8.616756510444727,71.83877277839952,88.60964045461911,0.2600192279157145,1.1811190327549137,127.4506615479909,-2.688203832706662,-2.2343987511931567,219.9033396251071,251.37151805375484,-31.92591333346443,2.0374687941546557e-07,11305.782402748453,2.1464877368917939e-07,5753.350755694491,2.5923675501894454e-05,1768.4165668003168,-0.068298498752,142.4244509,42.12453346,-0.0324472969843,157.98707339999999,42.38219096,-0.006846352883999999,172.3915859,45.609094850000005,0.010839433679,127.67007780075076,44.44148106,0.0060688537885,30.906589609999997,0.016348306701,105.88863620000001,53.5442253
2023-01-14 12:00:00,3586.879148315679,-33.04847717500708,-256.123775185495,8.264042214561671,-8.853935460172186,71.5750746910187,89.07444254357497,0.2558360381436222,1.2227787439777382,152.83737670589488,-0.32509166232943004,0.0456475355950654,225.06464257812698,253.3369719342934,-28.640577244193246,2.489429097091505e-06,11232.52231934644,5.328328445234134e-08,5710.534301397617,1.6829663617944983e-05,1742.7947327821387,-0.069117294446,136.7906757,42.091744770000005,-0.0359831456893,152.3246475,42.303493700000004,-0.0148104371006,164.6771752,45.61902374,0.012444777437,118.48675179481508,44.364646449999995,0.018725050128,30.7687374,-0.005743563242000002,96.144461,52.87051563
2023-01-14 18:00:00,4824.419437046041,-33.64938387082735,-248.28583326050136,20.9092377061174,-2.2819277514747527,71.36942898085996,65.17285208684554,0.32510028473144414,1.217196279207423,192.26838319235645,387.89746039414086,390.6899348396372,251.4132051137418,297.9402189774218,-49.31288304893892,3.565374631188619e-06,11176.327570115945,8.959977462162534e-08,5679.543495759549,-4.0166814280488454e-07,1721.2566321445265,0.0879341177553,166.0087163,41.32125746999999,0.08891876323100001,175.0020505,41.53109204,0.082599045683,182.59428759999997,45.053988700000005,0.03081961066863,138.10809350013736,44.14427275999999,-0.0006726834432000002,26.13810786,-0.020324660907999996,106.9960442,53.30421229
2023-01-15 00:00:00,5706.240796598317,-31.10773154072881,-226.3301145907953,22.53173773503517,-0.543268768288929,71.01992864706855,68.58280340977129,0.39161529917210003,2.221968930432112,159.17649642744482,42.92693471211115,46.78993433392092,291.6551335208481,302.7937426528698,-15.010830137251029,5.185135030351869e-06,11108.419858610623,8.728525219091661e-07,5621.133856748408,2.319433445448769e-06,1680.7798035427807,0.17597296232899998,192.87629429999998,40.170079470000005,0.186269207265,202.5214084,39.98988908999999,0.13691197005000003,182.60108929999998,38.18410386,0.14809158604493003,154.83931430671697,41.63568835,0.160676720973,23.821463209999997,0.116108491185,89.4527928,35.06846763
2023-01-15 06:00:00,6112.725444174832,-30.045330222115844,-226.9926287774373,13.370012999489454,-3.849118329592872,70.79619652532855,95.21535768157301,0.4188629071395099,1.277166868592531,155.23651380091167,-1.542182174275636,-1.132014439702498,284.7429395877593,292.75556251078945,-8.421924629114798,2.866428399390396e-06,11083.724840760877,4.6375191846032834e-07,5589.832375555345,9.173632268569664e-06,1668.0325179107333,-0.022225942778,158.21348810000003,34.774704369999995,-0.02981098458623,216.7083768,41.97751187,-0.0077888011483,169.7736577,31.82168884,-0.006749428589999999,102.61830249442484,35.80054006,0.016165109721999995,22.65044047,0.0009707999235000006,96.0601614,31.19153624
2023-01-15 12:00:00,5844.943677683656,-31.129748519522412,-237.11547423622238,11.922513919956883,-4.56354290564699,70.37543704228983,96.38649274649424,0.39891902299647286,0.6993529076061562,151.9413702452166,-0.224178875607729,0.4561627295032789,287.61465605137056,290.08698509453103,-3.1524708136557837,6.2019354081321265e-06,11008.835216024905,3.7286489853967873e-07,5531.8017927490055,7.289910120799522e-06,1633.1745291758168,-0.07550300433900001,65.46254116,16.83138683,-0.00204936485,5.782141805,5.49064285,-0.009687133079259998,72.85911141999999,17.90159137,0.008772812725,4.114948102613067,1.5606426500000001,0.058178680507059995,26.5096282,-0.034458044404,94.44912112,35.568805669999996
2023-01-15 18:00:00,6035.874318912597,-31.68938683075038,-247.33865511039747,6.176439535605578,-4.066262872425619,70.06660194514832,92.36980144521176,0.3987448323818634,1.318408615062096,189.67686434429044,92.96750187863343,145.83920010206123,296.41628561505246,296.26961935538077,-52.71232720049429,6.926117422823051e-06,10919.74237990067,2.6866466852013e-07,5487.840558112346,-1.5502201915496582e-06,1600.5203398798355,0.0062183654290000005,32.184162428,7.02272561,0.016147351560000005,13.2689714,3.75594595,0.0024927773300000003,14.376223999999999,3.14362703,-0.01623357226,6.38137229031983,1.09558272,-0.04120640815999997,12.40086793,-0.0309877392,37.30774632999999,12.94033711
2023-01-16 00:00:00,5175.553035651159,-32.56259281504707,-247.6395071734261,12.86123534695046,-5.42918496717728,70.03400183341256,88.2620659828145,0.33893468523883286,1.5622779289747966,184.51229192675228,29.689445216824982,37.671156556268045,283.1136485781556,287.64025516557376,-12.51819996439736,7.667738897610931e-06,10888.084522783594,3.335990874538545e-07,5448.960073237368,1.6713377140916608e-07,1587.728823441898,0.004711895364000001,76.72585450000001,18.818206449999998,0.0145488912855,126.57462400000001,25.13544069,0.021650104804000002,76.5364067,17.07748927,0.011665700163499998,63.20290867853027,16.23500906,-0.08705985163700002,17.18969439,-0.0011015114699999989,35.8661726,15.365905109999998
2023-01-16 06:00:00,5026.798298921212,-36.08431141885818,-260.1315104381197,28.542980912745804,-6.26924776179515,70.25293547701298,92.01051505083512,0.32939680013137734,1.4029050254830162,210.59604200925702,-0.5778103995302118,-0.843322609021396,285.0059779447264,283.8117627715795,1.459818003226324,7.571684285773853e-06,10913.441295939174,1.4975253290238663e-07,5473.59450502402,1.7406131090402848e-06,1624.5304143595567,-0.0003584584806000002,78.3050735,17.876565109999998,-0.005816260247599999,111.43462969999997,26.441136269999998,-0.033830310594,70.164379,16.20705893,0.0268473005396,33.8694584746833,12.13752016,-0.009486354145,8.23334358,0.1553408728,6.46874586,3.94315217
2023-01-16 12:00:00,4643.634795655082,-32.93790393515929,-239.52665210640546,23.976579374868884,-7.355019169425772,70.3700888134364,92.5495692685922,0.302120518125477,1.0586474105069172,192.10920651255958,0.45134789137897263,0.8127549993737595,279.3344814896782,279.14533616525523,-0.1703132016472114,6.079706832063248e-06,10940.016743383758,7.023349033166063e-07,5487.959490965444,3.09463484571241e-06,1639.8525867654753,,,,,,,0.06184690029000001,57.94847737,24.840653290000002,-0.006797301504999997,11.75659327,,0.025673387261999997,17.63832116,0.008384515889,14.995358608999998,15.72687252
2023-01-16 18:00:00,4517.996405010669,-29.50271576109592,-220.21797609068523,15.803749998082132,-7.014194257607586,70.51374245602898,86.19021062918337,0.2894911425504767,1.0357335973879456,189.33383093256,169.32001392688596,233.71554472148952,274.9244383076735,283.71200013737973,-73.19102893325405,5.811584305451806e-06,10945.076673652371,5.205672355908302e-07,5509.843417478575,-1.8757087479982897e-06,1652.1236947086834,-0.023481000957000002,89.62040960000003,21.130440409999995,0.019685589651999996,104.9379714,21.27325408,0.02328973982025,142.4948177,36.11071208,0.018000895387,84.38559980551544,23.04063948,0.0037596866486,26.10306351,0.0039035893207999997,79.49002269999998,40.557209420000014
2023-01-17 00:00:00,4901.013419647815,-28.938765523442527,-214.5318000373431,16.97832415019711,-6.694175878329119,70.43680050209733,91.84525996617602,0.31697611679293003,0.7568777769623765,184.3029559950266,38.22093210713654,45.40156235101796,280.3942375591186,284.0463229853951,-10.844867739865977,6.363277989403676e-06,10923.738867329908,2.2643664554759302e-07,5511.778971395655,9.639659703843493e-07,1639.9288095704032,-0.0031174135435,86.6876286,18.31140903,0.00172250106963,91.3568782,21.423072939999997,0.002331012885,57.49311880000001,13.606380389999998,-0.0007386431779999923,54.33113282252364,16.69416543,-0.022653709695,11.49143001,0.0018883605500000006,24.527960399999998,11.7985383
2023-01-17 06:00:00,4823.152709742687,-30.238096232783242,-223.12543561603263,18.779334246233255,-6.98406294069088,70.40435746432468,93.79174533825703,0.3159091519576619,0.7985065260888431,158.96183000840728,-0.2620014040465209,-0.7924640152143059,284.78041414751146,281.26017075281004,4.051399887355077,7.203728838303245e-06,10912.992015682625,2.2944950574919652e-07,5509.963813466167,3.942955943035097e-06,1653.1772160482155,,,,,,,-3.377351000000009e-05,16.0838282,3.7360265399999997,,,,-0.0028989459500000005,4.75288514,,,
2023-01-17 12:00:00,4827.149341705844,-29.572297275772325,-215.00605809119946,21.572320114979128,-6.967211591509415,70.31786468117613,93.35268724047575,0.31489547439149257,0.6782299261140455,143.70149853276666,0.22974731693316863,0.3601231933538114,284.71401721578087,280.959009366845,3.626449010326844,7.909698307653755e-06,10912.186227618138,2.980311585143555e-07,5502.739550799566,4.400330725542817e-06,1642.4805667319742,,,,,,,,,,,,,0.0148336720043,12.070414229999999,0.017463412509999998,14.62594921,9.52380484
2023-01-17 18:00:00,5201.7410287632165,-28.081365946550527,-208.30711233197422,16.34381524042997,-5.289327681900376,70.15886513691224,86.67132677059462,0.33724199856452974,0.8226668122995786,140.09751201624866,130.1466770642301,197.81035500343583,291.3077548948628,289.5470632470773,-65.89853379108854,7.347253298907485e-06,10910.288127853251,6.914045374790349e-07,5496.753940821849,-1.3091014055700883e-06,1623.0137959627662,,,,,,,0.032849570759999995,42.7982024,9.219587879999999,0.036728762490000004,26.666430950164813,6.961261619999999,0.1000390708,14.21033339,0.053539437793,30.790075800000004,11.7951604
2023-01-18 00:00:00,5681.996713368528,-25.565271757131967,-202.48941395356096,2.0327601034947667,-4.667562996671948,69.94485460912298,85.51876454946023,0.3512461532157858,1.97158201271605,154.3689581659723,34.99106047223768,42.121430780092076,285.2873127945193,290.85456362894575,-12.706563123698134,7.496191884225814e-06,10864.266240054903,1.4447387039840505e-07,5458.407541582324,1.0519005286096118e-06,1604.4253051883409,0.0022239207314,30.733614100000004,5.47376987,0.07098680080200001,126.6796642,26.68708312,0.06085415927,66.5887879,14.47143777,-0.08990875367699999,51.67662666031278,18.81494302,0.051826843930000005,9.543346589999999,0.04714902164,26.0782451,10.727135549999998
2023-01-18 06:00:00,3191.4207204038203,-31.361245300349516,-241.6897377339366,9.200224668859551,-8.895964330935456,70.04517164287472,72.80815054499516,0.20921969294408904,3.0191138252071186,286.44767659194844,-2.4310559956017386,-1.4603455178620117,241.01571664885586,263.2449949529698,-23.195423556529686,7.494868965056755e-06,10817.498641792796,2.4399388519597596e-07,5420.661717678898,2.5316418544608834e-06,1619.7179379519673,0.0215417665528,113.2823145,33.45870061000001,0.0221486450074,93.10725420000001,38.84995234000001,0.006706594567500006,112.5135821,40.998009440000004,-0.060366972881,54.18375298380853,40.82664014,-0.040890169055,27.384666770000003,-0.10421691340399998,47.20918101,46.58485417
2023-01-18 12:00:00,3219.0776757179838,-34.64031614983702,-265.24350102633207,11.87902817236414,-10.418729182066896,70.06105445739632,81.2869771658073,0.20347381517179058,1.8388092192878982,221.1120470985518,0.16890928526952423,0.8134685610244318,251.99033988855666,261.2759643253956,-9.930915511588514,7.203843258842471e-06,10787.807724298884,4.9644766160377e-07,5408.899032047636,1.0441963293905913e-06,1619.1870407481542,0.0008847333165000002,99.4822015,28.93139086,-0.0032792347675,88.82317110000001,38.30371009,0.009325034853300001,104.4498842,36.60007889,-0.0508003419425,52.25048422630779,34.692919780000004,0.011310312045400001,24.065921040000003,-0.009605354067,41.87435821,37.51565202
2023-01-18 18:00:00,3410.2538416446664,-40.8622714998931,-299.6708226109174,27.227349388227466,-7.823018328329358,70.3498286150433,66.7754690592254,0.20898424040015978,5.443215356647459,334.83712902164024,305.4189957572903,345.6846460619195,252.95819851086557,276.95034090507437,-64.2423523308739,7.086659777379768e-06,10809.978130884962,6.543779052806213e-07,5434.579422208894,4.868458778407219e-07,1638.4146267394724,0.0517893517,11.8517406,4.437387520000001,0.2578678288,60.737651699999994,18.817963619999997,0.14617364989999998,24.530910300000002,8.781086149999997,0.1898500081,16.476270335694284,6.93574826,0.058491638500000005,2.9293859499999995,,,
2023-01-19 00:00:00,3336.2985917504793,-40.72541836835275,-304.0690863346255,21.734260612196493,-8.346395007604514,70.71612544830136,72.07634475037774,0.21584832041314922,4.1962754240207385,281.6890252833275,76.91425499829954,89.37177111945556,236.16818169343753,268.88892399531784,-45.18190618252496,7.361755935176944e-06,10840.452179140948,2.927982648019054e-07,5480.352138106107,1.5598058237110195e-06,1670.921670829468,0.075968550553,98.07221949999999,35.97141015,0.13769762615800002,117.42768179999999,39.92312268999999,0.10570748756000001,104.0356701,36.56436362000001,0.16847265203999998,66.2180071507228,38.201828830000004,0.077307479484,20.18819041,0.06705054001440001,32.54277596,27.86561513
2023-01-19 06:00:00,2472.0093842824535,-40.805753687886124,-304.995695513928,21.450333989161045,-11.621796162649362,70.958006092065,71.86463566067789,0.1637762479448696,3.0761795423909453,185.7164595814271,-3.68368996347584,-1.6816903936312768,185.44377078375877,242.01608860194304,-58.57065528791222,7.360784772172653e-06,10876.673838713723,4.722301641219144e-07,5511.805559310843,8.357850800938124e-07,1713.3149565026713,-0.07411016284,83.34021642,43.00945994999999,-0.07084642182,91.99523737000001,43.15278623,-0.05645462542299999,105.2913173,46.39369445,-0.0420277857624,54.22300598025322,45.17830444,-0.022035176863500004,30.31880049,-0.023379508490999998,35.07719845999999,48.53489280000001
2023-01-19 12:00:00,1243.742032647232,-43.087921628236,-322.9411176858108,21.762255340077203,-20.51544244020331,71.11794683263066,80.40226409153107,0.08183640854945302,1.371517901589257,83.78343509318356,-0.023409621062017175,0.5844300626578837,157.86456682108138,201.83408747986232,-44.57962256377117,7.235369609721198e-06,10904.648031406909,1.006806960404812e-07,5542.663297606882,4.785208735317466e-06,1732.9758783205436,-0.040381749387,93.34452745,54.16640688,-0.010007885181,61.88865269,61.61541679,0.0437517943459,75.17779621,48.38676811,0.08768170949170001,33.064336155332214,38.03188468,0.08375124500613,32.778477730000006,0.07673507614399999,17.451681466,57.55115284
2023-01-19 18:00:00,1950.6907276042175,-43.07649370437732,-307.4616256606297,37.15032397438889,-12.471260588037968,71.18249408938127,58.27456887617983,0.12099103727696789,0.9544517411358822,180.66528155424592,410.97503244929476,443.38824407190805,173.95642403992798,243.58275494102105,-102.00177476666191,8.26968297094799e-06,10923.192429312898,1.4990015261389913e-07,5578.002038174959,-1.5188474423445047e-06,1738.0451388275774,0.013731776917440002,76.55270784000001,45.678198779999995,0.021001887959,78.64412711,47.81506735,0.0211709399963,86.8907119,47.03811031,-0.0038303723120000008,41.10299527049844,43.87647539000002,-0.0004197133764999991,32.01358494,-0.016285456157,18.68116899,55.86397503
2023-01-20 00:00:00,2326.496226952516,-38.635094843003166,-286.1640200492586,22.916738694766707,-11.551148511111776,71.03665473368356,68.45669603540203,0.1534342208138454,1.3406179328485086,218.7081986329241,101.58679850660666,124.13589790408845,187.74191050824652,241.23917802613295,-76.08194765837113,5.949325478034146e-06,10929.842212553673,1.0966622025909543e-07,5571.784391622754,5.540306625235484e-06,1719.620898113587,-0.046364053044299997,78.2505644,43.241384659999994,-0.04617007507599,88.6266043,43.28078214999999,-0.042448742117,98.3775938,46.56188044,-0.0336040633205,48.92177793383598,45.891406020000005,-0.0004668312879999993,32.43541382,-0.0019494327909999973,31.576470179999998,54.96895102
2023-01-20 06:00:00,2186.1674443315733,-38.51639232783148,-291.1400059371468,16.99113268550509,-14.051325445496698,71.06884203959903,81.2215072274384,0.14834314535811277,1.0592553273959222,171.34115896851984,-1.6879848787552945,-1.553259855610593,223.23019711292943,238.77292163720924,-15.682896677699587,5.6120105199490805e-06,10923.249743018707,1.15755761370927e-07,5567.03353657402,9.769287650163706e-06,1728.6447280441514,-0.033137711127,81.0886457,43.660213920000004,-0.0335540825708,91.238017,43.78764031,-0.0302349293043,101.39381639999999,47.07173621,-0.0187161085963,51.182618618011475,45.57255386,-0.005868136065339998,31.32116587,-0.013089754922,33.39767459,55.57143479
2023-01-20 12:00:00,2609.367891610697,-37.808165714988064,-282.730523331635,19.734802388269504,-12.344512377027673,71.00150141058339,81.73411527346508,0.1732636145633435,1.100877508634129,160.60893636945025,0.4119481438065723,0.5467262797817961,244.18878587061786,251.37353748778875,-7.318980632239417,5.660668279182317e-06,10905.525032310186,5.852076881600685e-07,5547.361114191137,4.517164516561182e-06,1730.3066760601105,-0.017381566078,92.6172626,43.20492247,-0.024222960661100003,101.2802214,43.322036139999994,-0.03843458625707,110.7158985,46.63508011,-0.048129799637300005,60.399267554283156,44.77391288,-0.01937604470695,31.11872003,-0.0596979636787,40.34278874000001,54.53951458
2023-01-20 18:00:00,3480.1698417462517,-36.262283964980895,-263.7099802023305,26.388291517516713,-7.989271014791594,70.94828344131648,72.34722597218692,0.22434199813726263,1.0644607084318936,165.10566333740525,194.46451129958166,219.45266088911475,257.59673163072284,274.4692265298031,-41.856304658038184,6.936441219299637e-06,10889.335422138029,4.858944093686024e-07,5526.8098058250225,-1.4300769719043642e-06,1726.6937211579577,0.023008534276,120.5023764,42.127029570000005,0.02158753606,129.9872627,42.05697831,0.0129877567143,130.1470544,43.03103083,0.0038564087786,87.10842150639206,43.944907099999995,0.004797880510999998,29.8828668,0.003920535598800003,59.307888930000004,48.9067789
2023-01-21 00:00:00,3977.3415201020234,-35.315270192686086,-254.23875505417993,28.283406487308795,-8.29851499367791,70.90286356839968,86.49699585063982,0.26086722438049303,0.671977224034383,136.93655521549084,42.750814880883176,50.87577742390829,258.9473157421351,271.89714586568715,-21.078240239368448,7.426609519553928e-06,10857.120356820444,3.1843672202931285e-07,5509.850470325967,2.337595391133174e-06,1718.4245658089535,-0.0006674120281000015,130.4826921,37.78732192999999,-0.010974302850039998,147.6177546,41.88746097000001,-0.0047075867797,151.1538782,41.59214175000001,0.0006420610487000008,80.56914648413661,45.110497900000006,0.0021481098241,28.204651400000003,-0.002850357362,69.66535930000002,40.43906247
2023-01-21 06:00:00,2202.3443476252296,-37.83992738579916,-286.1635981242734,16.55582096211986,-12.379035895156587,71.01688505763954,78.14280389955049,0.16551366160291495,1.8685004092626203,119.46822448046566,-3.451634913604364,-2.1655496068751323,187.43270222180158,236.0420498522261,-49.88766780397418,7.875533875557227e-06,10856.291276469314,4.4673133124510406e-07,5508.252027604195,5.859314577289475e-06,1729.5113476455206,-0.0971650631115,99.2564244,37.54609141,-0.08145693820299998,83.89568252000001,44.77568427,-0.08353460092000002,110.25968809999999,46.12563390000001,-0.0728031746331,39.953939631581314,44.83848564,-0.0323892647375,31.96314761,-0.05257785608400001,45.611486540000016,54.93742790000001
2023-01-21 12:00:00,1902.6403137740072,-39.64975916712866,-302.5611469906172,14.636926346412018,-14.835526677947763,71.05692660642033,81.1097332596483,0.1381050140248679,1.1207660549868448,191.40404006760912,-0.43901229869086134,0.5493095458976112,179.54168135162024,223.27942861814864,-44.72589257783137,6.69569219194205e-06,10855.23635713906,5.757027577050022e-07,5503.518232486332,4.353424545969086e-06,1732.4094380401143,-0.06862460462,115.31839779999999,42.01423666,-0.04372155963105,41.02375277,64.55948029,-0.030135462446999994,98.6561394,47.75636161,0.026375605153999997,36.628410000754826,22.904344090000002,0.016081489659999997,32.291642429999996,-0.003190032004699998,30.62194468,56.913063879999996
2023-01-21 18:00:00,2507.1602539719306,-41.07522754645442,-299.9175292378352,28.684291133800215,-9.788581940926763,71.19474607299387,60.139384033834304,0.15894768366702455,2.8187368028481994,266.8125600718202,392.14968695610537,425.617856662873,209.78271799902188,262.8062100483726,-86.48374579449819,7.544759326434969e-06,10879.438951345903,3.153874132267348e-07,5523.192241680426,-3.4707493291255555e-07,1744.381476209837,0.140801956675,81.71397193000001,41.06579546,0.16642254030300002,81.23469518,46.62637977999999,0.18337296469,96.88161400000001,45.79246472,0.17055703401,49.084839290007956,43.84993583,0.041014152005000006,29.643034280000006,0.032150720443000005,27.59254107,50.660879859999994
2023-01-22 00:00:00,2806.6760098449818,-40.945016879635986,-296.69910883946466,30.861026197623218,-9.266379544304748,71.1700143668802,66.39081292996242,0.1834554646981379,4.868825075854817,194.16554688081965,107.17342116819007,122.50214591239276,230.2089553649596,266.69957024070465,-51.83120649452762,4.712264145910568e-06,10906.226133618005,3.681846571533141e-07,5525.121827409815,1.9923133908529533e-06,1733.0086171447417,0.19649564603000003,80.85043116,34.179607870000005,0.26570815035999995,108.0498521,39.283104179999995,0.23234967225000003,90.6286929,35.663755679999994,0.20796238702,50.114039187511004,32.82153816,0.10025420436000002,15.75000311,0.09303596254999999,18.041395679999997,20.54684109
2023-01-22 06:00:00,2235.163896709561,-40.48736051351605,-304.3173023483133,19.581581759815094,-13.485034826777795,71.11195781543118,77.2827161658195,0.14855226771587243,2.6254287042029003,118.2112341624416,-3.4941737610862895,-1.6399386661194886,188.15467955084247,238.4616829345679,-52.16475770377339,2.7597427960912062e-06,10946.036195554385,1.8751002363387313e-07,5540.127072923139,5.9287945337867524e-06,1736.7194763789105,-0.007313039954,69.37072146999999,39.628091100000006,0.026430000860000004,80.85340807,51.65293072,0.018252622416399997,90.8575934,41.82845358,0.007879533434000004,34.099568388106945,46.34235216,0.04815703674499999,29.596265499999998,0.04424991946300001,30.79350253,47.63716584
2023-01-22 12:00:00,1315.7630600366233,-41.03804609316408,-324.4372221650751,3.8671465802374825,-19.429885261022932,70.99714910861348,82.74526842821244,0.09290386781404963,1.2253315137923249,146.31695300032538,-0.6681671867554735,0.25268178006829334,194.96286738890123,209.12583774212234,-15.088996054829067,8.773421526389577e-07,10963.579002012793,8.639051260503738e-08,5554.560621924192,5.534308099974007e-06,1721.930023275185,-0.035534334299000006,103.68319713,47.02277771,-0.023405595797000002,80.24060936,60.626348269999994,0.025037261595,46.792608990000005,51.05671193,0.0659777912746,128.81946279853585,79.61430365000001,0.041238756700999996,32.473653979999995,0.0490767991725,18.39760774,52.771194619999996
2023-01-22 18:00:00,2536.1210421762607,-38.112403001379036,-292.82372950354556,12.0754945074868,-10.629192292455059,70.80781458582427,66.87194285443205,0.16567891875580676,1.0160189042797767,194.76000024614032,419.19844109157935,436.592402461484,192.58844504342716,256.6429773510345,-81.40724908845003,5.773416989378147e-06,10949.587592691114,1.300323814468303e-07,5563.1840056040255,-1.545089530767203e-06,1695.9432817061904,0.037145580476,88.7084975,43.98462884,0.040877759574,85.21628222000001,48.92684671000001,0.040092441970999995,100.02145666,46.67750842000001,0.040520383473499996,66.70987944146118,43.70865131,-0.0026186678969999967,31.6496072,-0.011716537549999996,34.11716431000001,54.50424496
2023-01-23 00:00:00,3032.640787587321,-36.90300620507422,-282.97846238081615,12.24558725977763,-8.955353402443457,70.50201201405599,70.53204102231402,0.20015572289178118,1.1540334891738073,184.3724183390703,86.24155465025235,98.3054570397273,230.959955549557,262.6471566800148,-43.77983388425436,8.533700899069946e-06,10918.64250896771,9.772958832256509e-08,5541.341239255963,5.10504135260883e-06,1668.5832128657019,-0.0037709639920000004,103.9419985,42.191818749999996,-0.0003799671291000004,114.09792589999999,42.29629794,0.0030459269905999996,122.8748142,45.657481309999994,0.0017498044020000003,74.1741792559624,44.975826049999995,0.00139366447616,31.64052618,0.00044851794039999946,52.78123662,54.06882339
2023-01-23 06:00:00,3180.4612729903765,-35.22011455381814,-276.683107722429,5.077808708116148,-10.209612858355253,70.59857674084219,83.57256430605551,0.21343748219639644,1.0402651610453177,171.41203412631654,-1.7388780291974577,-1.5336027129885654,241.75046986290508,256.02004056993445,-14.473870741465523,7.815787594558692e-06,10909.595336670642,2.954971581149986e-07,5531.736595394979,6.887458222949015e-06,1690.0869812918684,-0.03013747707,113.5819175,42.40416098,-0.024069125213,125.20771690000001,42.50024358,-0.021917929965999998,137.003478,45.81003294,-0.017072944783,86.99359953403473,44.64840848,-0.0120978740089,30.78234064,-0.02295862874272,68.25394832,54.03661591
2023-01-23 12:00:00,2392.879771013442,-36.57224110975464,-288.15441103342187,4.423517844615279,-13.338047778253948,70.81580601554438,85.32649717480112,0.16604592659709555,1.411961416556953,145.39884926284958,-0.9144045835426773,-0.2823265868669238,207.6336897786881,236.0626064884937,-29.061482238078764,6.008704076314228e-06,10908.160757613088,3.9135389851595416e-07,5530.485091677464,5.148703762280677e-06,1717.493684526776,-0.058411261024,90.05923820000001,43.224471539999996,-0.047460786000000005,105.5159482,43.30172559,-0.0157769895784,118.53351210000001,46.55986772,0.025301246189000003,68.45427250862123,45.41907349,0.04787967429770001,31.29141789,0.015416248727000004,56.225006040000004,54.72152848
2023-01-23 18:00:00,3183.464473599249,-39.226749888702244,-287.4813554569047,26.332643652713244,-6.875782684499918,71.04395359719153,63.17156411941565,0.21243141400317178,1.1304970666442986,160.12821596850065,320.01963131080385,347.9148276418193,225.4361924617545,273.83708927672626,-76.26765389856297,6.838549189590554e-06,10928.503690651398,3.279094474015554e-07,5544.994142933172,-1.8997060750617639e-06,1739.962545032983,0.059830849783999995,112.9211176,41.907690599999995,0.06152808890069,120.918185,42.157793659999996,0.060320903817289995,125.799047,44.269329860000006,0.037823859702100004,79.38962453603746,43.79766533000001,0.02488875114206,30.69788365,0.018434312204999994,54.434924030000005,50.11632746
2023-01-24 00:00:00,3046.234833613243,-39.130318969539665,-289.1708177338434,23.87173402247391,-7.145301602456415,71.00168697295814,62.72469948378742,0.2069367104411018,1.195844214064914,144.94271666788183,114.27902250981036,136.25903201655413,202.20907637550394,262.2572749750479,-82.059011605597,8.084174762961e-06,10934.417144000936,8.140321678940179e-07,5544.441131387946,2.839120888827492e-06,1724.4633057689566,-0.011938990836999999,105.1216041,41.979695299999996,-0.0016489771940000047,115.9600601,42.06171105,0.004396429927000002,125.79665789999999,45.364118919999996,0.013129336893999997,77.0466569066048,44.94608237,0.008947223698,31.85052031,0.011258564486,58.32695382,53.64760887999999
2023-01-24 06:00:00,1840.7495590793474,-38.80178147851598,-302.4908473941608,7.923404433967025,-15.35423305560722,71.07352202488501,81.82554334012671,0.13320439310106164,1.290347847754675,177.59455353710575,-3.076158206540513,-2.0883287604607697,181.36933754789604,222.5120144379891,-42.13519341498329,5.53808292085418e-06,10939.253486827445,7.051239302597997e-07,5545.445758078194,1.1641811372992589e-05,1728.4998876021732,-0.059929765882,69.69305181,44.053608569999994,-0.046060336789,84.69172377,46.642677160000005,-0.006107095928299999,99.64778109999999,47.25854303,0.021486702303,49.91923367977143,46.1911566,0.015904154067999998,31.77825781,-0.0011264373799999977,35.97482345,55.64741333999999
2023-01-24 12:00:00,2058.2887671119092,-39.573965369804895,-302.6812165849632,13.910506373476,-15.123349079651438,71.08151380176255,84.01444990166755,0.13941768570683116,0.8495081691729622,117.16031105106387,2.0064246652580664,2.1749658604680904,217.27601004166308,234.62036448048852,-17.51132123551892,2.8888021860777753e-06,10926.748632389406,6.625183880052085e-07,5531.713045311438,8.660680184979582e-06,1723.9038124302622,-0.007115492821000002,63.97580534000001,45.30905189,-0.01871229704788,98.41079641,60.643906959999995,-0.0185883901457,104.0725707,46.758559989999995,0.009148089292,29.624736035242684,49.14296101000001,-0.0018009282663999993,30.33568518,-0.0018012092470000014,34.33235107000001,52.353935140000004
2023-01-24 18:00:00,2486.1853191212995,-38.86931132769419,-287.5432569229602,23.411233698593293,-9.16690123522884,71.10375948027375,60.019165551769404,0.16363454626231536,2.786012611931247,213.86445305837373,316.735058144712,337.7833824906934,213.42102704018794,263.3552104715713,-70.96778366776357,8.081588417232305e-06,10917.95411179176,6.026890088764814e-07,5528.853751905253,1.8552404274409288e-07,1734.2288769983143,0.17364538263200002,83.61092602,42.3235176,0.19750217665609998,96.4473513,44.339093070000004,0.19062868749300002,102.96571850000001,44.77390027,0.20219901785,53.74605152010918,45.047981820000004,0.13467571149899998,31.01808511,0.12836988012650002,35.10276134,53.16014577
2023-01-25 00:00:00,2798.381931688403,-38.190881980012385,-280.42978189648574,25.097273943613377,-9.129774943155091,71.09842737470436,65.28643778618482,0.18237028299725494,3.5412162766527633,268.92568019281146,97.08891737094561,109.37644593698455,214.26132256018929,262.6446338516927,-60.67735060367545,7.957804173055775e-06,10887.957723999629,2.2646393167758715e-07,5518.200745105461,2.033630299976539e-06,1725.5596922514653,0.087146322991,91.6039913,42.09126251,0.10598519920999999,102.7694097,42.346194530000005,0.11859238660000003,111.12488509999999,45.13669354999999,0.11781911731299999,60.493636522702786,44.673861609999996,0.07796476730900001,30.155991020000002,0.07352608527000001,37.87493802999999,46.978240310000004
2023-01-25 06:00:00,2295.389182078269,-36.10886306996149,-266.6481030419953,22.22280151769665,-12.425271215501557,71.1485024815328,71.28828798145301,0.14991579613198902,2.6727503600692195,147.9570612108241,-2.4386452486587813,-1.355400814698406,212.98324318068015,245.58963541559797,-33.70002114157419,7.641834153085178e-06,10858.893729207339,5.637663901573215e-07,5505.547083509599,3.265307889160063e-06,1740.6215221934074,-0.033500023163000006,74.32401820999998,39.87487900999999,-0.0324518136223,87.0311754,40.88183098,-0.026197334549,75.83387640000001,36.10366333,-0.0120413703024,37.020576999664385,36.69705448,2.826628500000075e-05,18.713785559999998,0.00557690884,12.942850000000002,26.178458840000005
2023-01-25 12:00:00,2422.3208738648536,-36.668560541186366,-269.31375032573305,24.03473400375788,-12.722811685891239,71.11615309542952,76.21589861860662,0.1562264553301232,2.6888828274351555,249.04407845895878,1.1380379265878278,1.6643956848477566,243.21384515483493,253.3667426226645,-10.677625772803284,7.072332326189985e-06,10833.395194284385,1.3350650967494547e-07,5480.24970479629,3.3238880511861618e-06,1750.860335941363,0.017231223456,62.243801559999994,31.98381066,0.020144985969999998,69.3242843,29.894689149999994,0.011042799086999998,41.7385657,18.741932079999998,0.01130514897,15.55584635926567,14.614997679999998,0.0073435649490000005,9.105479790000002,0.0021956914900000003,1.99220247,3.87017736
2023-01-25 18:00:00,2040.8826240138485,-40.79424319335196,-304.7385633946396,21.615382152176146,-11.041455117140883,71.34047902624108,53.87846159142552,0.12708598207405192,3.993875961483975,308.60987618781166,358.4630710813184,395.0278168214546,225.98561321308873,264.1309444036447,-74.68679633969268,7.88143904031369e-06,10836.10801334639,1.268852155323193e-07,5493.682528617506,-8.245581179799618e-07,1770.089161096204,0.24931784851999997,64.25427458,40.421953089999995,0.26724597877,76.90360290000001,41.17647014999999,0.251184709432,72.15233164,40.07077161000001,0.26657588752,30.121574841154096,38.21337396999999,0.135467280569,19.85435872,0.10960554447000002,6.591186413999999,27.017626260000004
2023-01-26 00:00:00,2154.1128995732674,-39.81423468266433,-299.86917363102555,18.644703830289092,-11.888864901478726,71.40049334216943,62.90802222168793,0.13844773896390838,3.1930923352328424,216.32015257089606,73.27120988368274,83.77738030844797,208.27520323035847,250.60687107213747,-52.842901729671,7.025446894443953e-06,10838.238958546088,3.753491487638011e-07,5505.471879827012,2.052959335799948e-06,1771.9511501079512,0.055190013393,66.87383737,38.29709107000001,0.088950091165,83.11630459999999,41.80940640000001,0.07891770874054001,77.76912979999999,39.4870282,0.059171822477999986,33.35479813814163,39.00213202,0.039534746957,22.135351,0.04627531463399999,13.48343154,34.066512180000004
2023-01-26 06:00:00,1454.9139339443177,-40.69705750018407,-319.62353086006107,5.95292914141152,-17.824994908650783,71.59585110712857,74.78636798697775,0.09909401870256483,1.5782047848909617,98.86153560898624,-3.357041584676382,-1.79771664177566,166.67773715266577,216.37235361201527,-51.253209908901255,7.0689140583312044e-06,10854.05802250568,3.94260616398401e-07,5517.0493017894205,6.763894528978641e-06,1799.534229111767,-0.051477913225000005,56.63414614999999,44.63947737,-0.045583174043399996,69.47805996,45.04443449,-0.032363266813,77.56400425999999,47.35056083,-0.0026671516430000005,27.05384099796448,44.6518302,0.037866716046,31.158908500000003,0.004683226902199998,9.63243943935,45.58703165
2023-01-26 12:00:00,1010.3457287956938,-41.71464208635639,-331.28087927910826,2.4362574117428597,-22.031087861088942,71.69463249619821,78.7974145655856,0.06917105715798227,1.2397636310156606,109.1803140492043,1.1040985253014381,1.394817688616122,163.14282217572824,199.89878785143662,-37.04785689207227,6.646632974151441e-06,10882.053628528669,4.129187512773712e-07,5532.184148828272,1.1180936043774654e-05,1812.3643155252707,-0.030397554474,35.46810694,47.42265446,-0.020292056309299998,54.365058059999996,51.54895469,0.0276180935903,59.637450550000004,48.92988111,0.026991158299500006,21.75798273086547,49.099824240000004,0.035000021893299996,33.02186591,0.006552872179299999,0.8339482232999998,28.62455589
2023-01-26 18:00:00,1642.7332946337374,-38.69954261371367,-311.8015081238616,-2.205167214152313,-14.014718031532777,71.72031045314736,58.501329332202346,0.10584501557084244,2.751618771574867,247.14823727563652,464.99127234219856,481.5362831732606,165.45075661560116,242.75749620553637,-93.80588235598394,4.936694248624262e-06,10944.073363550613,4.2775537360817893e-07,5564.152711777101,-3.971054158857815e-07,1805.8281607015685,0.06741110296200001,53.824732239999996,44.66242559,0.0670768424207,66.37018477000001,45.47351745,0.07634153219963,72.7629354,48.29783057,0.0600765599152,22.781483218073845,47.19499192,0.017285514140499995,32.40901950999999,0.0417280666874,3.24776847671,33.265977989999996
2023-01-27 00:00:00,2316.1061372044305,-36.984947523465706,-283.1034956132307,12.776084574495066,-10.300273099132035,71.58122871047354,61.86083759534834,0.1558708559112454,3.372352262302125,163.9230751901162,115.35916925225101,136.9975435589872,204.35808521272443,257.9030660160593,-75.22608435313629,2.9863026091403776e-06,10991.223401172703,2.1118274975302492e-07,5598.813718410381,3.1212189604325514e-06,1770.8637718633875,0.083160836358,77.76029199,42.52247742,0.095662800967,86.8680247,43.09787706,0.11311560696550002,94.753037,46.70354722,0.11797725593000001,43.90736222267151,46.01093683,0.072109782792,31.69140558,0.06679245358740002,23.42959614,51.864359529999994
2023-01-27 06:00:00,2296.6464803789686,-36.24721779040172,-280.3145960220856,9.663146301128155,-14.290773637774294,71.61596292766858,84.06438467615428,0.15011503097821086,0.6982279127061221,160.71348481437616,-1.1772220898422845,-1.0353507939736748,238.58369342408224,245.96385809126537,-7.527063761496689,2.8117042870467373e-06,11011.750102788197,3.7400617004256756e-07,5616.009225028658,8.437384853650322e-06,1779.6682163965738,-0.018796628271064,81.12580751,46.778256029999994,-0.005147582583399996,89.49241230000001,52.328228499999994,0.00024392482219999967,101.3803419,45.81691424,0.054355069193000004,41.12109812349081,56.9510305,-0.001181788438800001,31.61388929,0.009425443417499998,32.04260854,53.20463575
2023-01-27 12:00:00,2489.235897984254,-36.6044510235659,-274.2564757295655,18.57913245896166,-13.509968154462452,71.42416979296627,84.43704438741325,0.16158965696990446,0.7033539115368004,212.2301161960781,1.6569164562762908,2.1466422097832702,243.5709373934731,250.2584746972916,-7.176945483485334,5.244951424109696e-06,10994.90900112387,2.6082007471200677e-07,5605.27973591578,1.4889752913423974e-05,1758.3052521331713,-0.007723155458999998,64.23383421999999,38.288897999999996,0.0376952975718,63.223164497,58.32408304,-0.0024033530572000004,106.0810015,45.01895757999999,-0.31556885030099996,49.75636494477419,54.025868060000015,-0.0002866230504999992,31.98466653,0.002053912847695,38.43978124,52.85613692999999
2023-01-27 18:00:00,3702.4819799105917,-33.813464882202666,-242.07331610521027,28.434402952411034,-8.853207745709543,71.15550266452928,82.37426354553399,0.23776236740258183,1.5265299093358746,206.19185617607596,222.10657576875826,251.09042489757877,269.0164992339029,276.9780546978189,-36.940824287649015,3.950500544522263e-06,11007.04321663279,6.680128293558739e-07,5593.805543528143,-1.4485661239844575e-06,1730.8549391288589,0.004657266756,31.189222499999996,10.19221633,0.045825212711999984,62.301175,25.68026459,-0.0061032526350000005,42.4241235,15.64050217,-0.009917333607,29.360451120046537,15.370091200000001,-0.006727491564200001,15.633475189999999,-0.0025483481750000004,13.36772127,13.14491821
2023-01-28 00:00:00,4105.880471166683,-32.50857683185601,-236.4194066970623,23.64920795778577,-6.223058290306364,70.8504957159785,75.50990592277499,0.26963742573785404,3.7409732979050014,222.5541114101893,47.31346720981628,54.427665283356056,276.64638171220037,282.14710122028845,-12.624015603999094,4.768690613261333e-06,10994.230801198943,6.585599707511683e-07,5557.108311143511,4.943899413248085e-07,1686.7500129944228,0.041097736721000006,79.1924503,22.411878220000002,0.0722431902282,123.26340979999999,30.143250279999997,0.040891920633,76.2951343,20.62589115,0.033243709414999996,41.07004357095671,13.88194503,0.017077850366,7.23096827,-0.0003927337800000005,7.954349800000001,4.44208249
2023-01-28 06:00:00,4012.530285406641,-30.622931494499483,-224.2621559186208,20.721296037375062,-5.4484601830205355,70.76133357328463,69.93064773755356,0.26822983046388593,3.9399599511619785,216.05152087832764,-1.3056176911470143,-1.429238433094386,277.77498003356084,282.82725297328926,-4.9259853999312995,4.883494341764974e-06,10979.95357692066,1.0565687723717464e-06,5548.06819620542,3.93009564378591e-06,1687.9490270897577,0.084455434384,108.2722426,30.67589532,0.149693785862,147.5657426,37.06168289,0.11528547847999998,106.92398039999999,28.94053524,0.033440163225,58.392001468243095,21.908291340000005,0.03217571936,10.81596088,0.028188734849999994,15.059844100000003,8.76234066
2023-01-28 12:00:00,4010.577654852916,-30.099136408863387,-224.94745027093535,15.84564099997174,-7.278130645843897,70.62534165059179,80.7042423619362,0.2637599589397496,2.09308981657579,204.76546762896473,0.007753434245363225,0.5531049147839115,264.0632560409152,274.6394851444567,-11.124382654354257,5.819232348812798e-06,10972.708564883991,8.514548792422408e-07,5527.3109308974235,5.928929375800739e-06,1683.1273510016656,-0.0137189490455,117.5004267,35.42432184,-0.0131956412507,124.3360447,36.169481520000005,0.0015881013250000004,128.57928330000001,36.168390769999995,-0.004831914143999997,90.74454096385273,37.32575352999999,0.031360874129,27.06563289,-0.023072381295999998,70.89570722,46.305174690000015
2023-01-28 18:00:00,4003.8304914211094,-31.298130685362032,-230.8540677972103,19.530977685685954,-7.13995411345177,70.65329645484933,77.6839007318664,0.2567555659658203,2.2728586208830075,179.9455430655773,203.3508095525618,238.0313695892541,271.35986172274875,281.5070379571209,-44.81567318115578,5.804702182213563e-06,10955.168876643535,1.009987838074788e-06,5512.032674479793,-2.377074756209825e-06,1678.4442345183816,0.0809812233,33.9807751,11.91770719,0.13089566049999998,38.7524191,12.94405953,0.06709764536000001,34.0658501,11.763495370000001,0.047588972269999995,20.720552857459413,10.84650651,0.057686618613,19.903279969999993,0.0029441261020000014,22.41729157,14.43840082
2023-01-29 00:00:00,3236.803191786206,-31.012010580342103,-232.1045259715977,15.991558671139119,-7.1724662018213525,70.68433215361733,63.865157502477025,0.2117482486976221,3.6149269435016897,166.368446834818,62.06120922841486,72.80442308057196,266.0242803077508,276.3399926073403,-21.06939880962825,5.275350964454515e-06,10953.492558861255,5.575272425040563e-07,5510.156817256854,2.149754166169506e-07,1677.3824003418833,0.10694893762999999,94.34785749999999,34.77917445,0.147720386295,121.1627553,38.49259283,0.09649263424000001,98.50747170000001,34.16941133,0.08872300933000002,58.38484583375033,29.75247692,0.057202573385,19.482413769999997,0.047899618092,24.5379847,23.63341117
2023-01-29 06:00:00,3426.909031489954,-31.377211094327123,-233.76813334226912,17.249555412347895,-9.562722464853575,70.73482940433558,82.31660340605889,0.22158103478625707,1.038795743529653,168.18577138614916,-1.3903349347467384,-1.137520473702595,257.2721895876083,265.59054401607057,-8.574714511418518,6.416024871686901e-06,10962.400930804153,5.549145391573283e-07,5528.598321604381,5.006086752109924e-06,1701.105341433589,-0.01036712727,118.13770505,41.67446514000001,-0.010956188466400002,130.1779128,41.50045215,-0.010106557611099999,135.8450737,43.66678713000001,-0.0087353911765,85.26844620704652,42.07847387,-0.004482780475,27.37813011,-0.0208661261627,59.15011845000001,46.55956286999999
2023-01-29 12:00:00,3643.664254116372,-30.61540332724642,-224.9597001137067,19.96352650426462,-10.030474850335908,70.65812247596466,90.37405077164799,0.2343181453535068,0.9741124232032311,174.16478925692982,1.7717297179098221,2.50566560011206,265.06380291861166,268.38324092547793,-4.050845321199691,6.68923674560613e-06,10948.586018359636,1.8983603420570994e-07,5518.647216331381,3.5711622078672597e-06,1700.211096966568,-0.0820467295393,112.19785193,41.92857426,-0.013813593225000004,124.12978689999998,42.54536381999999,-0.0114624683685,102.1951509,31.176799759999998,-0.0028246042286000014,38.64082793870478,33.41537048000001,-0.0079464375252,18.788387880000002,-0.001984702055,26.3069893,18.919453530000002
2023-01-29 18:00:00,3459.584731813176,-31.157224676939705,-225.40138142730035,23.856415988217286,-7.834898461664972,70.65558520744405,70.64073295069143,0.21884965874402781,1.1097159850019989,197.69904052665294,320.7648611120733,369.490884950456,247.89757614729328,278.62430837244926,-79.43165352978919,7.232819127467701e-06,10951.028730621892,2.2666923223147528e-07,5529.737655073959,-2.6730547145535023e-06,1690.1760057314907,0.035408396847239995,106.96428673,42.2676714,0.039997579758,118.115609,42.15855301,0.02964204525525,131.28370160000003,45.25296037,0.0062299279687,76.4937821626663,44.645413839999996,-0.0007624137922999997,30.619846730000003,-0.0121302303359,58.92854729,53.721934680000004
2023-01-30 00:00:00,3043.8931137600603,-28.162616198353547,-206.11972975649886,19.181199830329497,-4.914922649852901,70.54618467206392,50.51231873876951,0.20284967017718106,2.60792207165227,134.98067240736043,71.526366318577,82.30648192557247,253.13286762931045,278.5349509962923,-36.19324791709274,7.801475461609759e-06,10960.07315803969,4.847277611541327e-07,5527.240929429834,7.606969433717093e-07,1671.1797475322044,0.19680094866600004,91.00395660000001,38.380540200000006,0.246538264058,104.2327439,40.03100419,0.24467819391499995,111.40106440000001,42.801500569999995,0.26690497516,67.80508404970169,42.61085975,0.19090542389799997,30.27023303,0.2158092216381,44.711136419999995,50.78314216000001
2023-01-30 06:00:00,3850.1485467470266,-26.21877270717347,-186.54759869646261,23.20258296092512,-5.745004931178696,70.6618249711791,68.15327172610651,0.253402227868885,3.3873027453650852,122.25098596489963,-1.6355255978498682,-1.6832280441704273,270.61787493674973,279.3918790652619,-8.733841589309721,6.579856514901713e-06,10983.127712514866,2.4751014008274056e-07,5534.08221996687,7.337989581653361e-06,1694.4512375430083,0.08556682988599999,41.307635499999996,16.06386671,0.1506663987429,65.5507084,20.58545132,0.101190966158,49.9441526,17.785311889999996,0.086571189695,25.800399962388916,14.779638429999999,0.048841176259999994,8.295030480000001,0.05687692051,11.07972712,12.35614544
2023-01-30 12:00:00,3956.8146365543535,-23.91646162814618,-165.62163841448304,25.710054610686417,-6.728233995170655,70.64347578593224,74.29169516010629,0.2545454677720579,3.347636508269613,151.20678068137843,-0.07439834010267021,-0.08617299758230265,275.2484330620648,279.1077631503905,-3.848360224145924,5.8481898719317985e-06,10977.659412312816,4.5262258646326434e-07,5525.282477715524,6.148333195740521e-06,1694.403638126324,0.07328338794,46.4327314,15.6580637,0.14341568424,83.3382574,22.704697790000004,0.08566860146,47.82835010000001,14.74394305,0.14564772398,32.94304006360658,14.724134240000001,0.08187073286600001,7.02298443,0.12609810929999998,8.44448112,6.54900005
2023-01-30 18:00:00,4128.15458269609,-25.386929225737816,-172.41011290163135,30.685320904271165,-6.604033061629853,70.76015280908823,76.74742919609662,0.2658770664483857,2.4876135328641626,150.70678323986033,207.99224593514714,242.67591447094813,275.6551381072752,283.51727415289645,-42.53277132878511,7.0152198858077774e-06,10973.698180701178,4.952118252165148e-07,5532.161383713746,-2.678110946705215e-06,1697.4745834589776,0.03175637621999999,51.51990762,14.698982700000002,0.064254555824,114.9732411,28.709865960000002,0.021095152686,52.5464652,14.293569349999999,0.030794653060000003,39.308197898270876,12.874988839999999,-0.06230596734000001,8.890287989999997,0.10710203330000001,11.1104053,7.05041926
2023-01-31 00:00:00,4162.0937500581185,-24.803199295763616,-171.94380168961214,26.481792676496788,-6.9617745136535865,70.71376371745805,79.92074574018721,0.2686409677641834,2.5270837216259325,160.02234639750037,45.07907976545015,53.16261659026598,276.2073623593914,280.4766174845378,-12.36203272740284,7.454788882162575e-06,10976.85868976986,3.11692903982682e-07,5527.60885500084,-6.50552329946491e-07,1691.9745403958857,0.029899459620000002,19.0771186,7.1434246099999985,0.22954806557500002,64.0751308,17.03319452,0.025939302980000002,18.5635164,5.561973879999999,0.035111613209999996,10.025225048738399,3.5292813400000003,0.03182881377,7.299851759999999,0.004412382799999998,4.4553311,2.93654138
2023-01-31 06:00:00,3785.254783485142,-27.681184496805894,-193.3873391548861,28.06213681956107,-8.65175689754021,70.80409957226924,82.63516741711828,0.2435701857064103,3.0358115201892755,206.5770527641555,-1.404517898440607,-1.1633708082451382,269.0077125806515,273.6378154158499,-4.868780744886459,7.716212072858364e-06,10984.314792144274,3.247424433131758e-07,5527.959701632652,8.568584593193926e-07,1713.0508414323972,0.014318150378,40.13463099999999,13.7827642,0.043600326944699994,83.41886219999999,23.10983973,0.026349587770299998,39.2681621,12.539985940000001,0.029033254459000003,14.313304157807154,5.42356837,0.02337312355,5.92647759,0.07202252604,3.2324875,2.2109116
2023-01-31 12:00:00,2176.5889752297935,-32.650987854480846,-234.75857811936254,26.44932471648422,-13.065409046482678,70.98599009829815,69.99677908569095,0.14071105494166425,2.7654563629889575,174.98033288137475,1.0088080209930312,2.1951476149607556,210.24867694861777,240.89938892962383,-31.822988835517652,7.293397364526451e-06,10974.127977076267,8.90563499345867e-07,5523.092604637785,9.34469803348194e-07,1722.0934301840769,-0.00671876549,69.72239923000001,40.68234872,0.006538505243,82.17614624000001,40.53673603,0.00031704609800000045,80.24106479999999,40.751519869999996,-0.0028227224117000006,33.64258140181366,38.004395589999994,0.00204464494875,23.94615334,0.005402178681929999,11.70858552,37.986235459999996
2023-01-31 18:00:00,1700.2254303199252,-36.47168966646278,-253.07205422080648,38.70146311089569,-12.012893863475071,71.2353588640214,49.27055756099783,0.10521265222038734,1.054272987065252,195.0969313266795,479.8790113860643,528.163205714007,157.1915716974577,244.1044579795152,-135.1643164966078,6.8572103763785e-06,10997.90239186991,7.764104861155174e-07,5549.459725628152,-1.9911488616335103e-06,1738.584473925814,0.015234428982000002,59.33349778,43.353757740000006,0.015285679282822002,70.837182,43.47317783,0.0157884545455,77.24246807,46.99436728,0.0011993224873999998,29.2285347878933,45.90415187,-0.006302238990500001,31.80315216,-0.0074899935146,5.61055019743,54.15294894
2023-02-01 00:00:00,1918.3623550576874,-31.947708656874873,-221.71352532365916,33.86814393133984,-13.041871772197268,71.27835702009199,63.96958294761498,0.12496760545269942,1.1124309879044112,207.33451938680713,132.73177901327912,163.21949902544483,168.90231911245715,232.45363021036474,-94.08247392392842,6.459733170738064e-06,11009.670645591641,2.597438763120653e-07,5564.36662941614,2.6612741725717546e-06,1734.8897948713536,-0.028929919732000004,66.8081391,43.578504030000005,-0.025775788758500003,78.96995681,43.66358534,-0.021757183255,86.77883577,46.89944997,-0.0237576617166,39.558150947093964,46.666679439999996,-0.021114386822399998,33.09359743,-0.0158385161415,17.191036350999997,55.55343605
2023-02-01 06:00:00,1181.7825103322914,-33.618336691921385,-244.26387847517364,24.68281506019742,-19.863410985988587,71.47571253091718,79.07424343145755,0.08531797168463456,1.2359616638612727,74.12218902381166,-2.954360812570198,-2.1230958029593303,163.08671486212563,203.7296116340655,-41.47658868744895,6.76215587841484e-06,11032.100383349305,2.8928530117178995e-07,5590.933152462329,1.5496466329098013e-05,1763.45200423915,-0.04042765232000001,48.408525940000004,45.21217181,-0.027538651190000003,59.47620109,45.49127638,-0.015969900297000003,70.51324977,48.12188871,-0.007268704943999998,22.05136026442051,47.52983035,-0.0057058447970000006,32.50775229,-0.004756821108,6.450070451,56.34868912
2023-02-01 12:00:00,1020.9793249930656,-36.35015741321611,-261.9657959217035,28.835463384025395,-21.458579113121544,71.50436109531127,81.10696189967072,0.07519017677489376,0.9475749808611632,68.9940435883958,1.5850692161866697,1.773368704862348,171.65905744850775,200.6103777648523,-29.144350332770127,7.31562613784324e-06,11036.940537333894,2.5505355420674695e-07,5599.373203529407,2.134177105096995e-05,1769.7659134326282,-0.025056566428599998,49.4429119,53.647778339999995,-0.009848777749,58.84685512,61.87095071,0.01795943484855,69.87665497,48.33512039,0.026860129167,34.797474076285354,25.769029540000002,0.021151051295,32.47033297,0.0072917922823,5.227121112000001,57.83263628
2023-02-01 18:00:00,2074.5841838683614,-34.70025317505038,-245.56097086277578,32.041054537627254,-11.548345754645858,71.56291098638776,57.10543583261321,0.1288960306347194,0.9142657096607325,206.05598077416545,489.1538109044382,506.0130998647538,180.8441986614077,255.96972512936435,-91.93583013049049,7.007268594087876e-06,11038.876619762046,1.7622374179029703e-07,5621.659166572208,5.131537863732979e-07,1768.1285508049764,0.054156514743930004,66.56561531,45.48139135,0.05827909629400001,77.21482526,47.42731948000001,0.063589127188,84.28232038,47.41135713,0.009793678570499998,37.56530684349731,43.73608049999999,-0.005030748366500001,32.40532453,-0.005510878021000001,10.741259029999998,56.186725120000006
2023-02-02 00:00:00,2394.2683155332297,-33.876241923628044,-234.45198470749395,36.55795068153039,-10.659217232358792,71.52691553706413,64.78468785764244,0.1600265644147873,1.303630346267564,219.70226316933167,133.20413706634844,159.3129172517388,187.64366583016158,246.92581439640603,-85.42411399244932,5.557789265851221e-06,11031.413755054791,1.7469768261024322e-07,5625.25169999513,5.376841242456254e-06,1752.3794834189036,-0.031242995224,85.8506087,43.335715,-0.025748446781799997,97.8477728,43.5017279,-0.028361190326300002,105.0866182,46.84789239999999,-0.0124897945365,57.910802423954024,46.34564434,-0.039565342176399995,32.57840172,-0.0358162529068,33.47799489,55.59415702
2023-02-02 06:00:00,1889.005876777338,-32.07022672543523,-250.42420137275286,6.137612430728904,-15.858315497351034,71.73152082067404,82.61556535378294,0.12876409644887263,1.19627233636769,132.10959196101302,-3.105081663215448,-2.1820755926356954,180.68817906255182,221.22649680377828,-41.4663054308452,2.5529754575004903e-06,11045.452693436338,1.2690176795498802e-07,5645.157169849778,2.065581768348502e-05,1777.80518611199,-0.044414128944,75.43836415000001,45.38999284,-0.017737775527000003,81.67968485,55.469136219999996,0.001349105391700003,102.77838069999999,47.52428336,0.002015445518999999,48.62693060330176,33.601537519999994,0.0117899287917,32.31528553,0.0095985525276,37.03147213,56.16791811
2023-02-02 12:00:00,1849.540373642164,-32.37768277209083,-263.6753253236632,-4.653863146936559,-15.80188657968947,71.84295447084611,87.16462589213471,0.13642963577334422,0.8049158505367411,130.90341661004368,0.9405779479611724,1.2346597184233283,208.36206497560167,217.74357770063654,-9.687614523320086,4.302262023282976e-06,11052.227950471088,3.004800518771024e-07,5656.643543551158,2.2633492584848912e-05,1796.2923005505982,-0.0467261890915,109.93108936,52.33071077,-0.00741491311,17.642474962999998,28.72486979,0.015700574236,105.4824094,47.76964849,0.030838072358999997,92.47446297156083,50.231508819999995,0.027363395178999998,31.88728576,0.027049635219999993,35.78545219,55.822564830000005
2023-02-02 18:00:00,2876.4064562855738,-30.90943439788164,-241.60858007447172,5.6668951085813815,-9.386794508537914,72.13007915450643,68.86226035014413,0.18774274181129808,0.8966529578607956,205.28892005881812,492.17202929817444,497.3150762596354,193.9288618265509,266.35099358125154,-77.51531890059114,5.178122381430198e-06,11075.603137986693,3.4674579179800264e-07,5687.438487466169,6.643744662864701e-07,1821.5862219419269,0.056965812437,97.3172723,44.77146794,0.06639030283780002,85.09902644200001,38.07454999,0.06453310334080001,115.6192118,47.146375819999996,0.050336970389,82.79600912332533,53.1120344,-0.0024849438455000006,32.47711743,-0.013038686764999996,40.47869232000001,55.13211207999999
2023-02-03 00:00:00,3064.090056727571,-30.001428247041254,-231.01097981121802,9.000446165111995,-5.3415951683383796,72.19753472644136,54.62812699818723,0.21076786804485048,2.2408536758045323,115.79470090021366,134.94718147534093,159.61282318974204,193.60958216178278,267.8007134670787,-98.8849988930193,5.999016876170346e-06,11098.34667102318,2.3240801018003257e-07,5710.7243775772085,6.268792897927273e-06,1819.4054706061418,-0.0244397286916,106.0166586,42.8692878,-0.0218177924187,118.91408270000001,42.94120171,-0.016802997506,126.91339070000001,46.291208350000005,-0.0129175057248,79.9772747755051,46.01267111,-0.0084958061865,32.87452606,-0.002474323012919999,53.686978190000005,54.6764435
2023-02-03 06:00:00,1673.693807095265,-29.393406182695287,-238.17212146340995,-3.024872001847736,-15.221555822188375,72.41954555521309,73.70243270128154,0.12156995846589236,1.3584397324298438,101.72553874112413,-3.3588292221120284,-2.316843611177798,172.88861812295568,219.4605977255761,-47.616256398613174,4.088624999665635e-06,11151.982912668871,4.3847511277642553e-08,5744.249798127436,2.9221649891462562e-05,1847.961566565907,-0.07615625989,66.50962773,44.595679860000004,-0.06428986464,79.03175411999999,44.670407139999995,-0.033630838737,87.9471992,47.88107386,-0.006507746069999997,39.81329298019409,46.94908766,-0.00031096212510000037,32.127830579999994,-0.0061527387955,20.80428801,55.95113154
2023-02-03 12:00:00,1370.1879065864787,-30.260648026028456,-245.91290602604465,-3.8277218178170402,-17.468605787950167,72.40447941239114,77.02931063459528,0.10337130932488135,1.0026905137525888,104.09030815063846,1.017723401068994,1.8089639721151418,167.18726292463052,210.14932221362108,-43.75366517162027,8.817684362081385e-07,11212.333204252216,-6.4394708897929934e-09,5755.079269571291,3.589323757175254e-05,1846.1499567324636,-0.052205123708,56.30059337,44.97432816,-0.038148210487,68.02322604,44.95005767,-0.02825259317,75.94851209000001,48.18808002,-0.007441526758739998,27.695722967386253,47.065775689999995,0.005679280308000001,32.110781790000004,0.005701842716200001,7.623885008,56.72571531
2023-02-03 18:00:00,2229.4194446685706,-31.725912505969347,-238.14423127890956,15.663068768845253,-8.03961520138464,72.3413869429827,45.558133858576085,0.1369669606897016,0.8281195003275725,201.87864264060164,449.6650083550598,468.8842796860521,183.81887131001056,264.00639347218225,-99.38095515715044,9.32570990097421e-07,11244.50868750815,5.310956438571728e-08,5765.146338519884,1.260945644642143e-06,1838.7029354605397,0.0648425043525,71.81728865,43.1263374,0.0660875087368,79.68832602,43.27566134999999,0.060104279592700004,84.10632766,46.85653662,0.0013725642276999992,39.17655372619629,45.68901217,-0.013309386853129998,32.02572139,-0.042904763034,9.158931885000001,55.31734331
2023-02-04 00:00:00,2706.0061674907856,-28.499641114861422,-220.01174005337424,7.985388865517139,-5.251772828464207,72.07067331812543,43.94376196043671,0.16678326366570062,1.1453281560302286,234.64189880963647,136.1243859429064,157.1521106950962,189.81441361868758,258.5137839335684,-89.75940790275243,1.679159496745956e-06,11218.3539280012,9.732047948582895e-08,5736.680077846181,6.8763446522356356e-06,1799.1656965726697,-0.0100308029319,85.99166521,42.19982516,-0.010903398632499998,96.7439281,42.32154813,-0.014374009639000002,102.04885897,45.59859094,-0.0702219384067,57.62583363056183,45.447087960000005,-0.031105097326000006,32.50906912,-0.09862802833700002,29.579046835,53.79779478
2023-02-04 06:00:00,1838.470347929279,-28.195670945278316,-231.03601984897267,-5.470652286746132,-12.998642709666306,71.98537383616683,62.81222533193254,0.12583703245928343,1.6576331906573243,152.4518855853862,-3.3429349983093375,-2.414680968282741,182.3374511671966,225.68595450683023,-44.27921537569309,3.5230282444366874e-06,11170.919746122438,1.8433607085207627e-07,5713.504682398817,2.7667246382553443e-05,1792.0467883853441,-0.053312534629,63.60063905,43.47006892,-0.0557983597956,75.5972409,43.476348619999996,-0.059538869555,81.8901137,46.58342509,-0.05200352982999999,33.909052193164825,45.7174024,0.00605799081,31.465300319999997,-0.033594112255,10.173196573999999,54.894895670000004
2023-02-04 12:00:00,1830.8176410229862,-31.395443575575243,-242.04494018349206,9.118608421109892,-13.033095151206965,71.78643862187909,61.67437046677095,0.12288015796975685,1.3022976142786618,148.20409688618165,1.1128775071111352,1.6529357899077692,194.4395412502233,229.2285879944436,-35.329820705696875,5.869139085176768e-06,11108.342726234669,3.200569248606039e-07,5682.7653248585975,2.9705971759020553e-05,1774.2920440673868,-0.031340395201,63.70406681,43.500362280000004,-0.028943369702400003,75.51034426000001,43.588806399999996,-0.0285375520151,81.94662729999999,46.74012736,-0.037480528915000005,33.94693166017533,45.712061739999996,-0.005968687813999999,31.27439022,-0.05351517177199999,10.420726999,55.30017602
2023-02-04 18:00:00,2938.010360898128,-31.42417984731953,-229.903388700839,21.490050077717267,-3.767146228241799,71.79206016473114,41.987641610130126,0.18549745105974869,2.3646347131933214,224.4767812833494,476.03849252937704,491.28557478785956,201.17624244583962,282.0945418842949,-96.13898711011413,6.307675862269133e-06,11096.020095786294,2.8331602766184604e-07,5682.802793881925,-1.8223110372301112e-08,1775.6896207118548,0.404243650667,85.11853375000001,42.16375803,0.4298637249106,93.2479678,42.43221514,0.39468415061424,98.2306202,45.91554514,0.32004298836300005,53.75629207491876,44.06776218,0.171364349182,31.47402921,0.16464215431,24.380326365000002,54.21156876
2023-02-05 00:00:00,3161.875231240091,-30.92116152736906,-232.86244539392058,14.506846825031868,-2.5179138641210987,71.86124255061031,43.270140977077816,0.2081535288113614,2.5473638848011975,245.7094556041278,140.24062894210826,159.971529251338,204.73117168214148,275.8939772769246,-90.92126661014264,2.421929668810054e-06,11136.774458952288,8.273284226264234e-08,5696.694618348678,5.2991138057064016e-06,1769.4487651753154,0.22610547560699998,100.48474829999999,41.28014077,0.25582694858599997,110.1460066,41.44004013,0.27655634261600004,116.3195449,44.6813595,0.252725386895,71.17381632328039,43.974467849999996,0.17012838198900002,31.310508929999997,0.1840315750203,46.589273899999995,52.66153186
2023-02-05 06:00:00,2505.6144910890043,-30.132757794286555,-238.4226331941485,2.6394291601439512,-10.629951248065687,71.91804644946404,69.22498005237144,0.17043109172747914,1.3149252541156546,179.58862774032443,-2.5181349124807837,-2.1549861241357036,215.98844998076956,243.4890164542909,-27.868933038398048,2.7813253584289704e-07,11200.992169980354,1.9214484246749738e-07,5716.954034140685,2.2292011009012586e-05,1783.1380333049829,-0.04007298570199999,89.4269286,43.05013998,-0.036920487946999994,102.4032507,43.216095550000006,-0.028156079362,110.8933538,46.41887846,-0.036350191075,62.60880100727081,45.540646609999996,-0.010162940048700001,31.24840526,-0.033786925255999994,39.78556732,54.31595779
2023-02-05 12:00:00,2205.4095249722277,-32.3378484509233,-245.40753365565297,13.295253951733486,-12.028453226901473,71.75391056220481,69.35601864469908,0.15121990411122088,1.520303901199361,145.6149288435721,1.0770151780938368,1.819488940023986,200.46761453705244,236.9120977132655,-37.186422560120135,1.4799488816671333e-07,11231.63990038918,3.746643792375049e-07,5710.284461409261,2.0995337812125974e-05,1771.4355769112135,-0.04240556174,80.5947908,43.05908705,-0.031405885324,93.4105121,43.189019789999996,-0.013202623537,101.3400856,46.38708807,0.00036553268370000027,53.18031692504883,45.39383486,0.0318204343653,31.1364863,0.0012023184409999982,29.868788780000003,54.65394744
2023-02-05 18:00:00,3063.790567071062,-33.927155868545185,-236.65731173607165,34.75993521228986,-3.262519702222844,71.56231775530199,41.313446549214284,0.18732777222039487,1.2813846430071774,202.37441894191522,496.72923713462643,511.9659696537588,220.4699353282336,289.52086614579343,-84.26763375539637,1.0768280007783984e-06,11227.277560931314,2.4505740778113687e-07,5694.328278865193,-1.208672426613655e-06,1753.218937131381,0.167017199762,100.1917128,41.78501834000001,0.1598324741287,105.2722217,42.027963299999996,0.11631733126329999,106.9428472,45.49680299,0.0555686251016,63.73263275623323,44.607680120000005,0.015081417550599998,23.1475518,0.019842248978900003,29.647651949999997,53.58060587
2023-02-06 00:00:00,3127.8646674906904,-33.45303994674205,-226.94237225516616,40.68194731877029,1.950446680029331,71.09555940038904,30.013620623650993,0.2100711753625248,3.8542239939404013,151.90462993908375,150.32839846507403,169.59591013891063,219.73575059920685,295.55632542719366,-95.11049212304803,2.8539232574508793e-06,11178.530424543696,1.428465612989632e-07,5643.103658261803,1.4657988411350595e-06,1698.2455524188515,0.5886543904999999,84.57238810000001,33.32702580000001,0.7627451745000001,101.3726641,36.7973775,0.694445936673,92.8685042,35.539264259999996,0.8403575213,71.22524881362912,41.16734731,0.60750380624,29.533282619999998,0.51199527578,31.881466930000002,36.234041649999995
2023-02-06 06:00:00,4482.1016347932455,-26.088117307559205,-172.38869748665712,36.31624097381652,-1.9933852367837142,70.79188108413723,60.643206016406765,0.30040813416183987,3.1078245857799685,149.41869441801506,-2.3937423609196644,-1.9528070029460316,272.35629608723025,290.7079055232892,-18.805635901573403,6.25933710000948e-06,11131.75509748978,1.9609203661597412e-07,5585.2059200771755,7.48880940586855e-06,1676.4787115411416,0.20404553933999997,67.04895020000001,22.3673566,0.24726578576999997,106.83912769999999,28.695135020000006,0.24147962066,80.27845749999999,24.732242879999998,0.27005543766000006,51.74783328283172,22.746168329999996,0.16191523114,16.26779649,0.18006026066,30.85660877,24.18402261
2023-02-06 12:00:00,4394.680620148463,-31.31892221623042,-222.89525227642096,27.656125453422376,-6.75234356399505,70.68420529961716,83.75627451366067,0.28935708127140636,4.193885000335232,245.17799278156923,2.6350275017138456,3.017247006652472,273.99612510851466,280.84656450022,-7.227747886641379,6.839754168577305e-06,11056.346386304725,4.816434122044289e-07,5521.608250754817,1.951992380365224e-06,1676.0949473558794,0.021622361126000002,67.38562110000001,17.9446201,0.036930021337,76.0260289,18.50436971,0.038681733290000006,44.790043600000004,12.40853235,0.03474373184,29.78832904337007,11.45902031,0.033757102,5.468805589999999,0.04613526215,10.0515939,5.8291313
2023-02-06 18:00:00,2888.0557573391593,-35.729198106396794,-257.13049054626845,28.703094304905843,-6.812188647315439,70.95061100104118,54.60409031666663,0.18584124842967858,5.169342324826163,277.95746147781074,490.90464416004176,527.4557712468778,211.8512088233447,279.81235068690637,-104.49244474720868,6.953713975668911e-06,11017.924327547158,2.4958595735132274e-07,5515.142500298015,-1.211007534635796e-06,1694.2569203638204,0.3177832755,76.9858212,30.80524549,0.42433793630000005,102.3786622,37.74233361,0.3393091307,86.776256,34.472358150000005,0.3655424279000001,50.40737152402956,34.86190369,0.19187244109999999,18.544866690000003,0.2275618899,21.11959766,29.61553576
2023-02-07 00:00:00,2775.370987929479,-36.628186406485355,-262.6236582997867,30.401832952096115,-8.304570177002944,71.16794865469434,61.87080342302936,0.18446223502042688,2.9273160027741625,170.92898782592715,148.32679258329108,178.87605538660665,192.17449874954713,258.6107190391525,-97.01868843195335,6.86154644539841e-06,10992.644551018151,3.793929063572724e-07,5536.270906317101,1.8025017626798788e-06,1717.3074727926687,0.041788215170000004,94.3042893,41.991152930000005,0.04847787126,108.46033829999999,42.07398065,0.07036708332549997,112.01751100000001,44.17908654000001,0.07666539997699996,64.30404049158098,43.620386180000004,0.047996086078,29.897899229999997,0.057241166146,42.17601405,50.05801302
2023-02-07 06:00:00,1938.235477778414,-37.53236692788881,-278.1812315156399,22.077703907470518,-13.961400696758496,71.40047009903725,74.89474487856748,0.13841500035575566,1.6698104012268962,208.38837517174176,-3.667420117470585,-2.368815440620483,175.55594666093668,224.59352741863697,-50.339506425694296,6.783799194778517e-06,11003.331865281712,4.5457156854732495e-07,5565.154938760591,9.920097814357594e-06,1761.7706088468385,-0.087054128822,78.23172536,43.67491038,-0.086428298929,92.3024979,43.87394346,-0.08235817667699999,99.5882769,47.00376103,-0.051249105563,50.4259490966797,46.30404423,-0.0040232627415,31.38975587,-0.024118641742,30.029059949999997,55.50809866
2023-02-07 12:00:00,1576.9183070552704,-38.253746388016864,-290.59598625828687,15.433984845848013,-16.663769568421,71.54635756562894,78.88456359673779,0.11464175910657731,1.7657947593683367,181.4039159824079,1.1629364374303646,2.011571471798552,168.36915924963702,218.98056420736697,-51.46520424955018,6.61294726942999e-06,11019.31389702054,1.7882867910562847e-07,5586.43455706447,1.4224350823614748e-05,1781.522258151181,-0.031622288099259994,70.033337,46.494394480000004,-0.00569393023,81.61362685,55.12961359,0.020697716081,85.57095174999999,46.50371882,0.114872799181,50.641113232576345,27.41700679,0.0992765706258,32.2251294,0.160121653237,18.81587596,56.73654380000001
2023-02-07 18:00:00,2244.6548778715387,-37.4591675705983,-281.1257557268725,18.547584837913853,-9.571059430374309,71.72650392813583,53.860235114408155,0.1427513682617525,1.0233599389019983,199.18725334049378,507.4822140307284,528.6842114735482,176.52528343707843,261.19943714023526,-105.83611718724232,6.5031633896217975e-06,11050.009972596188,7.416265318356388e-08,5621.494906322333,-8.128160972188773e-07,1791.2255881838098,0.0667303450945,79.68019651,43.90028242,0.0718320282231,89.98945481999999,45.82257108,0.0651533058571,96.84210680000001,47.03482637,0.0264117625733,51.66119918681061,42.947646080000005,-0.0021592775102000005,32.71002721,-0.004138905041500002,20.514390380000002,55.6286883
2023-02-08 00:00:00,2491.382430454363,-35.80159211580988,-261.33525097654325,25.07748594993579,-10.11848574655212,71.65528064189652,63.892585902270866,0.16387313088439864,0.9291652146520359,212.39663521997,149.0287676352819,176.92607874164196,182.5398857471228,249.25502772649185,-94.65102046033913,5.777498870257544e-06,11054.716491197449,9.140304767552751e-09,5626.663519000927,5.919478495483867e-06,1769.3610878235545,0.005412902925599998,88.38396800000001,43.14841346,0.0086336706396,101.8157152,43.3897623,0.016992865898799996,106.8491169,46.6583039,0.0124776913556,61.0929388999939,46.52192221999999,0.0033014915832,32.90744155,0.007538295478000001,32.65127879,55.21225116
2023-02-08 06:00:00,1545.0104139069392,-35.81268959003101,-272.55579760530486,13.94571911494312,-17.077591731640744,71.67612646499472,77.1451205624341,0.10779007945739505,1.249888697444407,54.91595370359286,-3.195367105571072,-2.235481499111818,170.1880013882963,213.20458785903585,-43.97827766836242,5.187400446186078e-06,11052.144412698912,9.715250500215995e-08,5627.857219056288,1.9659224194918695e-05,1777.7746058216655,-0.039475519284,67.31662209,44.6844448,-0.016313895666500003,85.28901185999999,47.190304620000006,0.025119751824999998,92.5151541,47.858647090000005,0.0113855107076,46.04107645153999,46.94642901,0.0005278136847000016,32.12712749,-0.0042662766658000005,24.313535909999995,54.714657120000005
2023-02-08 12:00:00,1806.1897008708693,-37.49906751669473,-277.4594004883804,22.53313964517742,-16.354045888271664,71.55897582681249,82.95575377772718,0.12414090844932671,0.7791300593674195,129.98808010283108,0.8893325469376162,1.2776704673313268,205.71422961512627,224.7032973427503,-19.387938485075782,4.981067800631243e-06,11040.197361553533,5.340894173164087e-07,5611.292976790119,1.966460308710739e-05,1766.597441252479,-0.004581373796500002,94.54649225,52.60553267,0.037987409525,79.46463779,63.03059038,0.014969941211,85.79503494000001,44.71036953000001,0.049527421190399996,32.13649148298928,51.21312260999999,0.0193715424846,31.43739584,0.33389198783250007,25.26739128,48.93721299999999
2023-02-08 18:00:00,3227.048109068238,-35.1923528573839,-251.01779500045012,30.521027858621103,-7.064789026632063,71.52534766560893,63.70283024633988,0.20952406990797934,2.5491338093542595,234.46975431252804,450.9786939697151,486.1855446722443,233.60024169418992,282.8825357392593,-84.44656520322741,6.602334945502855e-06,11037.781190390722,1.1450298707119489e-07,5615.210363239815,6.0090434440056504e-09,1753.1190801218672,0.20032604386,87.42342017,33.03722771999999,0.46705907566000004,105.69241790999999,44.236922850000006,0.2750687578170001,105.86453660000001,39.055471450000006,0.37530576072000005,75.62292355464567,36.30738281000001,0.09498333346100002,29.44249788,0.123483021622,40.78345641,45.415071579999996
2023-02-09 00:00:00,3819.8190089957643,-34.982815563402085,-240.6251614739137,39.23736303330299,-4.784507763931593,71.23144168751216,62.060580424477905,0.24966779719367893,3.7359203553812184,179.1608018467782,125.55400623939784,141.63343816983163,258.1723728744978,285.72544674698906,-43.67309419006012,5.583746633228386e-06,10997.018036755995,2.7747075058565544e-07,5590.483693409923,1.0865120945134817e-06,1718.4198194031715,0.19022201185,96.87372970000003,31.30024835,0.25992926926,121.00121490000001,35.183255869999996,0.245977848982,103.87574089999998,32.83215533,0.20336544618,72.6439046272426,31.30772731,0.14619085211299998,18.03111589,0.13431120008,35.25247904,27.764100759999998
2023-02-09 06:00:00,2752.8749000183534,-37.186763282620745,-262.39641949258146,35.097686768384506,-10.461195194437192,71.20621946192202,70.84046048879767,0.17982771216365928,4.453808824319437,220.0984257627851,-1.8708894741999909,-1.4615380140684902,244.9332424900225,262.0183003792014,-17.482073895024673,5.736285202514475e-06,10958.376855502984,3.5618522643226697e-07,5540.343882448745,2.285408848019875e-06,1736.9476936796293,0.027586022780000004,37.805255089999996,19.79468561,0.07293038839499998,56.54356196,25.52818151,0.071777961574,52.65430330000001,24.927411910000004,0.082055862,23.02791149042252,22.953996479999997,0.03792066465,13.054097439999998,0.0544286840675,7.579301159999999,20.534719669999998
2023-02-09 12:00:00,2025.149347986953,-39.03279776204454,-282.38070305334554,29.881679043010777,-13.096325897084407,71.38841753831304,66.41256788188798,0.13164537533422466,2.503056204896011,109.75115554073349,1.3886364271064633,2.375572448735995,220.90186262349445,245.24179787553138,-25.330481412868938,6.640862413263525e-06,10933.020421658284,7.347129961888166e-07,5506.093020765815,3.4394766952670116e-06,1766.4635331884222,0.01542361381,47.24994164,27.75933424,0.08220015245619999,70.3966499,37.10022471,0.033442895522000006,46.04517500000001,25.31619667,0.05602157850000001,23.637546283038866,27.355692669999996,0.035621112814,15.26765991,0.01523311964,3.6808921250000006,16.99230708
2023-02-09 18:00:00,1731.9304809778755,-40.30373907669289,-309.91476835192884,12.515144261614198,-9.817057619253156,71.74183378885292,41.0219250690149,0.1078871445724396,4.832890884120421,289.84535346998445,503.6106425893785,543.6245105176641,176.67358792843504,262.289901338161,-125.59855176860839,7.248073841797531e-06,10939.26315693951,6.537479863389327e-07,5545.595171328948,-5.000145528893777e-07,1808.7940613463786,0.25791133492,31.50445085,22.164922010000005,0.40180775499,49.01000488,29.520813710000002,0.40295803246999995,47.473664850000006,30.3480606,0.42013310434999995,19.42477515654291,33.244489390000005,0.251361077008,21.12342335,0.22733503466149999,1.459725414,36.79001422
2023-02-10 00:00:00,1702.0331508496706,-38.09084851346964,-303.8294021696637,0.8973859380934215,-10.943263318491079,71.86248883080458,46.64507777267556,0.11039352391547529,3.4732476081187116,229.91466240682794,151.80878200515866,184.94561461976787,172.59694198486523,246.37251614561723,-106.9430489069391,5.115201109458215e-06,10966.346982685867,9.843918346027521e-07,5567.800076705314,1.8104958003856002e-06,1812.9500311546956,0.12252917895200001,54.900929930000004,40.50004727,0.184341240471,70.6637578,42.933459119999995,0.191328452305,74.8991397,46.77296692,0.186550622494,23.861088320612915,46.363902210000006,0.10303450011299999,31.529606679999997,0.0607949014636,3.2037015944,53.24324963
2023-02-10 06:00:00,1177.4680688007186,-36.66948490542475,-300.01975608723717,-6.663876843839294,-18.120830962859568,71.97769155335928,60.84881084910283,0.07787315422041752,1.0841098656429944,135.83215144957643,-3.6485759247975915,-2.423656022078486,155.80544113006025,206.31141953360455,-51.73699830366719,2.6851364332680582e-06,11026.735166065557,1.4544828713026446e-07,5615.28534208854,1.0349838992903225e-05,1840.168376282487,-0.033835733252,47.42566645,44.97296986,-0.01857544985269,60.63405401,45.09355858,0.0212615701917,66.47341248000001,48.26000413,0.044320524776,18.308963790535934,47.96867436,0.060869058302000005,32.97911788,0.0016475153230000002,0.8440554574050001,17.34878655
2023-02-10 12:00:00,916.1769188567448,-33.19900082495267,-291.6889092872751,-26.096902687653817,-22.39909068493979,72.05375792523806,75.68327944395452,0.06408637526044295,1.1975841387817447,87.96963452326273,1.9829478677131556,2.6334300854365975,156.09526915441654,195.80676555725506,-40.36368112740838,7.357644830684025e-07,11083.505941119558,9.571942582216887e-08,5669.018957640894,2.0104036859950672e-05,1835.448033678717,-0.0264662689067,33.03072815,45.678093399999995,-0.0180323220624,47.01400155,45.84542095,5.0201700500000605e-05,53.77995809,49.00581726,0.010425793115000002,21.56758938729763,48.182524220000005,0.0205403830575,32.78398093,,,
2023-02-10 18:00:00,1539.9885403814787,-35.054885990271785,-283.3688673674033,-2.9297794452290584,-10.965114090212955,72.1535645732084,40.157174226793344,0.09281861683556691,1.0757251046449536,196.09261750841188,511.9587833281637,542.8977616463328,181.78399337769235,259.585694271542,-108.70176036245779,1.3563713582495408e-07,11151.793650772235,1.1069104086544552e-07,5715.835281437623,-6.749719476753181e-08,1828.6179610706804,0.137973269816,49.448471729999994,43.84196802,0.14945209000100002,60.43680635,44.105243959999996,0.150478720896,64.59898698,47.67069017,0.104955325608,18.498240761458874,46.86792975,0.0445075966648,32.80443251,0.025566235614999995,1.0725028551000002,15.46240458
2023-02-11 00:00:00,2215.8347751199635,-33.560330893639005,-266.6084431733033,1.8742039758087734,-7.6915881329680165,72.04433158200906,43.9408301836085,0.13531885898250645,0.8342659701363478,204.6844570753078,154.2939329115008,188.54148720677918,195.57898910237742,256.34739826970963,-95.05975145480855,1.3501964477674298e-07,11185.713130650673,1.3678815558803785e-07,5734.847787203144,6.654828228767188e-06,1799.9879175962114,0.0184074455713,70.86700755,42.96135915,0.013866324806,82.11152487000001,43.15984507,0.0008044068790000001,86.99669827,46.52230953,-0.033728549574000004,41.3665024638176,46.01766734,-0.0160530642147,32.32708186,-0.008287372476000003,12.711644773000002,53.147975990000006
2023-02-11 06:00:00,2075.747609072498,-33.92077661086115,-278.1058657065731,-6.7396528196839895,-12.803798518153812,72.03840768103507,76.43880739061896,0.15570195852556665,0.9351465409662068,84.76552440574805,-3.1679534844799373,-2.5837216685345172,187.0736294892201,227.1231520597464,-40.63410318405212,5.437151909728013e-07,11187.898848126544,1.2683476852289818e-07,5740.752526017082,3.673678902719203e-05,1800.6290561178264,-0.038996090498,79.5364392,43.59513396,-0.033644332504,94.20550320000001,43.7581718,-0.02475610025,102.93467559999999,46.89468385000001,-0.014266382993000001,56.77416533231737,45.90770017,-0.006441852348000001,31.47209738,-0.0038536143707,30.24777004,55.01718780000001
2023-02-11 12:00:00,1827.6017383987569,-37.15935078809009,-297.4209757470395,-0.14616944231882834,-14.744782287298982,71.89965245062737,79.83649164017206,0.13690939739487368,0.9560596509046859,46.88751572141333,1.9706470179354532,2.5049103165716433,182.82420562704223,222.03577873179458,-39.74609931106684,5.002463357138043e-07,11164.619368009144,1.196609641437051e-07,5725.681734952904,4.200318138053274e-05,1789.7468827642674,-0.033693673438,75.98254156000002,43.71667102000001,-0.016513646434000002,90.4354204,43.83638183,0.005886352459999999,99.3159316,46.96074799,0.009277654327999998,52.993416368961334,45.782803630000004,0.0180373346314,31.1980732,0.014189664826400002,29.067899859999997,55.11420845000001
2023-02-11 18:00:00,2963.651557551533,-39.179172438650795,-292.9403217156863,20.493057793520066,-3.327417861912113,71.776292027372,41.671392958890095,0.18361546289510877,0.7919504167935907,184.64335160624648,489.0461669521122,511.3807743354508,209.93853127181671,284.7717242250267,-97.14079708822398,3.495405605400912e-07,11157.465968609875,9.590337939551941e-08,5721.643461766974,1.1342262238266695e-06,1772.3696034298328,0.06698287964502,96.4937218,41.77139993,0.047230270442,98.1155503,41.92738018,0.0212550261089,100.21443400000001,45.44986462999999,-0.00139121470943,61.176793694496155,44.62705021,-0.014872397,12.539679719999999,-0.027076298947999997,19.83244849,43.323535789999994
2023-02-12 00:00:00,2998.9823230209468,-41.359067545497965,-291.2403000443993,39.63224031958438,-0.2711170814618924,71.46138034349832,34.49253335555224,0.1879271674219417,0.7695818086461899,159.3389814323384,118.93313007825977,131.83096624732426,239.01435292656154,284.41726491097086,-58.32160169134307,1.9307484635077007e-06,11126.048607727056,8.551762865318284e-08,5689.326467280665,5.8619895517763725e-06,1734.6254911208807,0.012144044411,90.34173397,40.69390200000001,-0.006875190705000001,97.40064489,41.0180688,-0.0249802622054,101.43101300000001,44.197349419999995,-0.06458631698,61.45273530483246,44.208023749999995,-0.0070291251390000005,23.84246467,-0.022869047791499994,24.901037242000008,51.21155883
2023-02-12 06:00:00,2738.5065706654714,-36.81568993727059,-262.6187382852262,31.906781212938565,-5.624796825543717,71.49983463482377,47.883140807721006,0.18007577802847435,1.4220083853088787,167.6259916986632,-3.1227842970693156,-2.708695241526379,222.44505651882545,256.6264161695491,-34.600106164061664,2.8550374616696478e-06,11106.162195687708,4.3815045096137687e-07,5666.335954218121,1.9418823764896742e-05,1743.2596905251446,-0.013395314715800001,86.20636569999999,41.74341394,-0.01890604568497,98.4813711,41.93932607,-0.0386818041355,104.19562619999999,45.08452203,-0.041632898895,58.45805251598358,44.42935056,-0.015560562742000001,30.92562741,-0.046987958238000005,32.68796716,52.93415718
2023-02-12 12:00:00,3637.7060178913016,-33.317225713181344,-238.14330365320438,28.394502052246395,-7.051941707649217,71.47413408614764,72.35353187673601,0.24212329673812927,1.0407869325419687,143.65655786367023,1.9070979709611298,2.0772058275829384,247.25484872735134,264.6820556979893,-17.59688358136629,2.201064090816147e-06,11065.542768652655,1.0710445115555274e-06,5641.8893758577615,2.504059447825733e-05,1741.4697091561227,-0.018450898234099997,118.4908748,41.974176560000004,-0.0237391603035,132.4276452,42.13323129,-0.04302660225299999,140.4572907,45.352087010000005,-0.0410402377608,94.06110221147537,44.49025551,-0.03340662233755999,30.80343937,-0.07305780025900001,68.67141193,53.28409054
2023-02-12 18:00:00,4301.559750001166,-32.065784566635834,-218.14179310809692,38.38448342498976,-1.1726956323730786,71.52496304419108,51.098616124127176,0.2758280289592713,1.2316634021239061,220.99253749816057,443.34699256327923,464.65702145845216,240.35029666086274,301.63532319861275,-82.55594108830515,5.139055258817878e-06,11037.08765089695,5.441831465421929e-07,5647.566458966397,-7.905196309035521e-07,1745.472536856529,0.06688891583039999,149.2276075,41.64908428,0.0675568754423,157.1124829,41.8670566,0.0553139281873,160.4343728,45.32738759,0.0190467747214,115.51567113399506,44.67271643,-0.01077638609,28.68106041,-0.027777287788999995,82.32869512999999,53.39206492
2023-02-13 00:00:00,3718.0845748199054,-33.87947492046763,-229.47297793161417,41.5628214321269,-3.6850990402594266,71.4493238159487,56.7145949394112,0.250931601133407,0.9674183329408268,199.09589124487275,148.81197241089626,174.6943720178147,205.97822088443579,274.2970324750446,-94.23753584261407,5.852805152860498e-06,11043.33659942015,5.141700170049125e-07,5648.114179137338,4.486143931365035e-06,1730.9025525397087,0.002139623551000003,130.0349195,41.79386103,0.013142325900799997,143.285571,42.009067630000004,0.022647731769899995,149.74545550000002,45.25816677,0.025872062215,104.36727547645575,44.98796422,0.021066187559500002,31.125620180000006,0.010099114279500002,75.96105632000001,52.9759301
2023-02-13 06:00:00,2311.6277018271994,-34.65261242894005,-245.66816180118957,31.552737630330828,-10.779559117882538,71.48793096330584,66.58645508015408,0.1620932720854834,1.2768719154167294,152.88358225533227,-3.5296192810213314,-2.6346717790155263,190.00980644223708,235.28400999781582,-46.170473443827234,5.383553958989695e-06,11069.47894604542,2.6574140121235814e-07,5653.723794116293,2.4931942320105663e-05,1742.62652941807,-0.06289016258999999,83.309688,43.00787532,-0.053969823043,98.0966894,43.170687730000004,-0.036050733042999994,106.78939869999999,46.26993466,-0.002072526477999999,59.47524511814118,45.397184980000006,0.0022015527519999994,31.141085080000003,0.005959227860500002,38.53768239,53.88780525
2023-02-13 12:00:00,2093.669382218197,-36.04135391469286,-256.02663037443995,32.30420094310294,-13.210704394360393,71.32975088982369,73.94281526606025,0.1453513081404357,1.1173683809712176,152.67100728298857,1.8251991981296272,2.3738676337654345,187.87317052394945,228.82052876383796,-41.49821175504512,4.418965467797183e-06,11067.779713881373,1.5204028851673403e-07,5635.193464896285,2.618751761093481e-05,1725.0096805073301,-0.065258464645,76.62934643,43.338912789999995,-0.0523296884218,91.4452024,43.49182169,-0.033998751753,100.3302959,46.6290736,-0.0029202201440000014,52.32897764444351,45.58551827,0.024244662847,31.1276857,0.013805880882000002,31.760715849999997,52.929019630000006
2023-02-13 18:00:00,3151.847550035195,-34.33275701589896,-235.62749548703516,39.034560640156556,-2.904469872379088,70.94454299537213,45.982263273355976,0.21627484535462432,1.2156691664466535,210.30393553577161,352.63980144105767,363.3286642914155,242.88149784219794,287.64395816689284,-55.450543551779234,5.40979943989234e-06,11034.323155398764,1.5361058896041416e-07,5601.653355068713,-1.2950718855241131e-06,1683.5203484549656,0.09668877924629997,111.5288888,39.868112700000005,0.08797623609710001,114.68654240000001,40.174556859999996,0.04174615257,104.1221994,40.40094503,0.0043102731578,64.95997905774476,39.655542499999996,-0.0341592139063,26.21007777,-0.039737749857599994,33.63786266,44.65070847999999
2023-02-14 00:00:00,5964.342958247322,-27.49053239373029,-189.53406658432425,30.390192565518102,-3.462644202266106,70.37584223964613,90.03945124484875,0.4096845559761744,1.208179392220317,254.3193671035756,65.60579617071173,76.61044516000202,276.2571824968367,290.5337721160651,-25.278599797097037,7.64543819990144e-06,10937.546294301463,3.111624089614682e-07,5527.561409513252,1.949721838005497e-06,1613.0535308887243,-0.016676634884,148.3958012,23.56373009,0.005401222053900001,54.62597195,10.203614320000002,0.001091952732,19.637063599999998,3.6612942399999997,-0.18400382005000002,29.492915339839634,4.20501917,-0.0027935407419999985,23.116383480000003,,,
2023-02-14 06:00:00,4097.575915906087,-28.405768529737337,-210.01748591452656,17.228662323372117,-7.9833403809617955,69.95005685814718,87.90388835540494,0.27311924176226415,1.186118323559366,138.549632349213,-2.1646637521190746,-1.8392440609307692,242.89703682344694,262.9512875260109,-20.379553050739535,6.1483309863777306e-06,10876.762737653647,2.1373398282807861e-07,5459.36017118621,8.091669470637292e-06,1567.8720604836983,-0.035478180356,163.6172576,33.487675100000004,0.0,6.211948899999999,1.86641456,-0.0093501006247,24.175542199000002,14.9822073,0.031521550999999995,2.78954238,,-0.023189960044,29.884774,0.010081973150000001,1.1936563759999999,4.70528413
2023-02-14 12:00:00,4434.920702437115,-27.843561792314567,-199.24621758001942,23.502276758497118,-5.217663543397784,69.7475564740948,73.92303601737657,0.2896844823411905,4.086021369834077,313.08076947546533,1.759385531655919,2.494180339413421,263.6179852184861,280.3787344245218,-17.489055941487287,7.246683345362554e-06,10816.856654291343,1.6881956166683232e-07,5413.841187509755,1.271042837215874e-06,1541.976547587785,0.052749620577,93.2465452,25.708010209999998,-0.171885224335,90.63682299,27.35071229,0.0393428042,98.17716610000001,27.913269140000004,-0.5483746685794,61.01773752765503,21.399845019999997,0.06423998907799999,19.049191649999997,0.04119427860700001,31.98664087,24.54838391
2023-02-14 18:00:00,3899.2267541140645,-27.566223953660085,-199.38528313332856,21.144508495952124,-5.43488219282549,69.68612963127539,65.75765396939968,0.25197464863281815,3.6211413812719346,162.99790466935318,214.89883106099742,241.95173600805052,272.17138460173953,285.5993953317158,-40.476201952880224,8.864712019304682e-06,10783.892008054265,1.5861895850982943e-07,5412.510415246093,-2.5419422169044016e-06,1556.841981063239,0.13187472899,91.2146049,27.9007033,0.19042007819000004,114.0360431,31.89929002,0.1810763083,91.3394359,27.934967930000003,0.13933399123499998,61.323175449095906,27.87752478,0.11450220088,15.10686134,0.06404259002000001,23.14536991,19.2008354
2023-02-15 00:00:00,4396.7307846789945,-29.73767231842631,-218.47499813743448,19.426380409976,-6.984052486470068,69.6467782877167,83.66392859562765,0.2814300112023924,1.3855649593511694,158.27535876340943,65.65764732730703,76.46064672650535,270.6723603679189,280.47369545496497,-20.615151530652902,7.439473531397165e-06,10749.85069736651,2.0651501558847293e-07,5411.838713322044,1.8635363101152742e-07,1570.1892237926486,-0.002164860635,104.57324249999999,28.13959791,0.0084636765261,106.92775950000002,26.468036429999998,-0.010524172324000002,80.337126,20.88432363,0.0264555754807,67.86651609473266,24.48432096,-0.013995588229,15.384129170000003,0.0634069493646,29.6763663,18.06893679
2023-02-15 06:00:00,4525.654284848504,-30.429107803431364,-225.05144012723895,18.381422300212016,-7.790359004432893,69.66306653580739,92.46745395446077,0.2907092183068054,0.8852522496638151,163.16602717774236,-0.4999728228399117,-0.8478317833283547,279.4164364430279,277.25597254769724,2.5060409275740185,7.554243635491857e-06,10742.810598204911,1.2902593558632193e-07,5416.325707222575,1.6076734350597226e-06,1598.2445792986637,,,,,,,,,,,,,0.0033781049396,14.00281979,-0.05718632339999997,28.57973357,10.11281342
2023-02-15 12:00:00,3441.066933235019,-32.362938172858044,-246.70990875930124,12.193596623563105,-10.08155091929881,69.60185073861473,85.17986618778507,0.22057313775024934,1.7621769345935447,195.97264561039037,0.1951646921778008,0.5884560365436716,268.40301813012485,268.02959877067445,-0.016758187404195667,7.3463133245527296e-06,10730.892381938935,4.0848666986843817e-07,5393.3167420799255,1.3141687950179463e-06,1608.7870892406665,0.032979390410000003,20.5125114,7.894239750000001,0.04887629255999999,35.363203000000006,11.585011530000003,0.014445040440000001,13.513206199999999,4.9865393099999995,0.0170953241,5.600005261322332,3.02734086,0.00452421641,2.8930455399999997,-0.0038843050000000002,0.49572976,2.1695637999999997
2023-02-15 18:00:00,2682.3150086701216,-39.74488170040506,-321.9212557039463,-3.9622021007057975,-11.41541757193211,69.90251730403145,76.79122937663016,0.1762490538838863,1.1571286381150072,172.6899294527726,135.84191873451402,201.57986957158397,261.630303502521,264.2198129874522,-68.31525935710118,7.996094668463238e-06,10735.93483941972,2.98247684172321e-07,5379.465984950582,-1.5763422165518637e-06,1640.185252549505,0.09365373733999999,31.52795329,15.98753689,0.1383808843,47.4911471,19.538948929999997,0.0710788076,22.508039600000004,10.76755377,0.05425105040000001,7.343046998358535,7.47221262,0.029826467699999998,4.23099879,0.0172472804,0.537518449,3.7459143500000005
2023-02-16 00:00:00,2460.7391781016668,-40.740329621775714,-316.4795963802261,9.443040593979587,-11.916973421337788,70.29805709873563,69.43238396070944,0.15282018348218857,2.0880334209874203,209.43356603185794,115.97541868104334,135.4598652021304,232.144728253945,257.6625075185788,-45.021481717657565,7.514959978342127e-06,10752.457150259144,3.9457043066778086e-07,5394.576473052636,-7.038014604367885e-07,1684.0990694156308,0.06667739770398,76.86845862000001,42.43749159,0.0735703639481,88.16173498,42.57441908,0.07920485727100002,89.17524709999999,44.01107458,0.08172509192158,42.424059486156274,43.39711176000001,0.067558050903,28.42674163,0.06169942213849999,9.995962081,42.17962107
2023-02-16 06:00:00,1709.4370927185146,-41.46491697179588,-325.4494958779113,6.269839896455759,-16.449093833480465,70.69948020401483,72.87172192716224,0.10859077403349117,1.858981560488485,152.15195031179138,-2.863493263261956,-1.7244213669701198,184.98147041198865,222.62992713551122,-38.781722392639765,7.453913313906141e-06,10778.48923427091,7.89275686329519e-07,5425.876816365557,3.1118651304737495e-07,1723.3431144780066,-0.0217874704661,60.49958652,44.21105521,-0.02130029157,74.65482115,44.06224886,-0.014163336334,80.74615704,47.37180715,0.0017153991441999996,30.4234808832407,47.02946349,0.0008509119760000006,31.86844831,0.0053108913805,3.6406954198000006,30.087428529999997
2023-02-16 12:00:00,1234.670422673661,-45.38900983938481,-347.6795003546297,15.432578360448778,-21.427700724257477,70.98902424955732,78.9783891981424,0.07388719291430783,1.0471582258878127,141.02779071761282,3.058159608060527,3.2740906839443062,167.25371597948802,200.6260243252718,-33.58944648191127,7.308349195519338e-06,10809.124403531387,6.773167206605538e-07,5459.279522280708,1.6675312291471601e-06,1748.4490136859033,-0.019580873228,41.979028789999994,51.25716289,-0.0143484182346,36.220746418000004,56.79608444,-0.008226388176,61.85115907,48.77506307,0.0040859754234,36.58611236857811,24.306474049999995,-0.0029255924248999996,33.0958491,-0.0018380282,0.9645179762999999,6.53648584
2023-02-16 18:00:00,1643.3881795447076,-46.68884965636291,-335.8169589673218,37.69383828358146,-15.683086204554343,71.29051092947213,64.26294753786718,0.10128947153042485,1.1684555493528825,201.4986920308265,558.4091069407825,580.9858594927426,155.42361661181872,242.49865639487524,-109.60548340231689,6.717192242367848e-06,10851.904066373234,8.268010838923342e-07,5506.802129145985,-8.599291437386271e-07,1772.2170315960723,0.0495940975964,56.50715367000001,46.1938632,0.051578363074999994,62.342059595,49.83192561999999,0.0569567517246,73.71421448,48.39442165,0.037157419319949994,30.056163573586087,40.75255835000001,0.009998122508000001,32.45778336000001,0.004822218299,0.5402849254,11.81155506
2023-02-17 00:00:00,1774.2295239082787,-43.42353824044528,-313.7714432580903,33.61686266547199,-13.518124177961322,71.41573501153471,59.45059981686736,0.11299038194075692,1.2257298592279278,195.40923022895447,172.96114396999792,207.2042918096407,165.41913715788033,236.5943861357564,-105.46108407950447,4.301589220231498e-06,10907.32699145254,1.3504106484105252e-07,5547.44467087872,2.6796738076645692e-06,1775.8658998558042,-0.012954388395729998,64.25310528,44.34595867,-0.004138240594000001,77.34068135,44.49197239,-0.015753561013000003,82.3659505,47.74289372,-0.012124043382999999,32.78346303105354,47.46687053,0.013798484837999996,33.08004124,-0.0012075892550000003,2.32414831051,51.6713672
2023-02-17 06:00:00,1075.3344219095452,-40.58520819491544,-311.9859934495164,12.695672109807106,-21.253013436552425,71.77899541566595,79.44459546084477,0.07524866086945266,1.1058525935987285,105.08386259948037,-2.9311168001290797,-2.1617314769088805,159.51306432598147,197.67243210835812,-38.931532746986484,2.8418161992557405e-06,10983.811878862942,1.5743666164351258e-07,5617.962175509865,1.6025381011434635e-05,1806.4685699530162,-0.031681581974699995,44.70034111,48.237809320000004,-0.0147034293493,53.831978039999996,55.66877452999999,0.0125122891062,66.60835756,48.79821842,0.030459990173000003,31.213467500573742,30.23943718,0.0199860319948,32.96772182,-1.2172987399999998e-05,0.0064510361999999995,3.18911732
2023-02-17 12:00:00,929.7620395414907,-35.70419019883063,-314.30397729034723,-28.67045569970218,-22.2345328395211,71.89603554313297,80.45973486083733,0.06932726181246143,0.8786976545694,86.25964172069897,4.4573050243215055,4.01556359285855,195.31096856247072,200.78557547583588,-5.039418636592622,2.938169442611917e-06,11044.03479312252,1.1212450171801273e-07,5658.727583123909,3.0406409930397905e-05,1813.4822166248384,-0.032785028031500005,42.56556346,52.224759230000004,-0.021365363634200003,58.06702101,78.52853038,-0.0019800232319999965,62.11966673,49.42534001,0.015197408934200001,62.61164384582154,4.72118529,0.009810203922000002,32.589963850000004,,,
2023-02-17 18:00:00,2182.12267655215,-37.643277465317624,-299.5396973091905,1.606522413350425,-10.08480962771283,71.9531177692335,53.76641998697852,0.13765289024748859,0.8595752250739273,211.89677757211268,570.7949775525159,577.7433906966767,180.0233472304942,264.35548004737524,-91.22538668056107,1.532869095549386e-06,11103.916797200036,2.083627852844159e-07,5687.6253107947805,-6.038114492008727e-07,1810.8565231996586,0.0873281303856,71.02299898000001,44.53129509,0.090817836999,82.46545823,48.4604296,0.1029651171847,87.2512562,47.32018225,0.031061348385,44.412994385902024,40.506769510000005,-0.005901529375899999,32.61333822,0.0017164840405000015,2.7421214868999995,34.60720818
2023-02-18 00:00:00,2880.8584502413914,-37.639944452644144,-285.00120643116776,16.118349189985388,-7.542164826887797,71.77283341714934,60.102922022412756,0.18838489107503692,0.9368418538133862,231.5511899675542,171.62970668251256,201.3056473777819,190.9010780823825,257.0940703108624,-95.91002370912315,3.941572431488868e-08,11129.279778306847,3.0375456722445865e-07,5681.306840854229,5.174431086000366e-06,1785.0440590329224,0.0002835582339999979,92.46491619999999,43.07386644,0.008551123222599998,105.89982959999999,43.22909432,0.012169590250500002,111.52765390000002,46.5288699,0.004194440608999999,65.82353693246841,46.4174661,0.012113650492,33.01711789,0.006523072442,29.072838100000002,54.55037347
2023-02-18 06:00:00,1890.0360503842282,-37.7344066804487,-292.47362670343057,9.401626740159017,-14.358495472566116,71.7052567395246,78.1716004995406,0.13910163988937763,1.1577365923411658,143.5143319244139,-3.0052342306848834,-2.470140820720613,184.24871820337776,221.8024392807523,-38.08964166715653,9.259133697511935e-07,11133.239024971757,3.3407200350411736e-07,5676.130908949664,3.2680164929957616e-05,1776.5040694029783,-0.06046761856,74.33289871,43.82065779,-0.050078836629499995,88.0884241,43.98074827,-0.026581161815000004,96.32629850000001,47.1224605,-0.0084562793621,48.81831765174866,46.094425779999995,-0.0003585482946000026,31.354802039999996,-0.006861751063300002,18.92498251,54.6581766
2023-02-18 12:00:00,1742.6474295753055,-40.15919709497413,-300.5334588341516,20.740117925641435,-16.091874668049563,71.44284209442219,78.65378106871346,0.11958674977049466,1.2873020864838867,140.9468620942083,2.415270286482498,2.8823953606297223,183.2004751757384,217.86418493902912,-35.129595659861714,3.7012630782615474e-06,11097.897646538102,1.8168558832354998e-07,5640.030176263501,3.107032243766999e-05,1749.235378568487,-0.050834911937500005,67.67494324,43.85314026,-0.031686438233000006,81.11890855,44.05371026,0.006722234298000001,89.1766553,47.17163988,0.0233621663114,40.158201992511756,46.05859077,0.031969585593400004,31.28007775,0.0139644876042,10.006742806,54.255214699999996
2023-02-18 18:00:00,2362.474814818105,-40.039901470346074,-281.0623400705616,39.25687169220697,-7.544518419537637,71.30205000241398,48.20037204640248,0.14822552736460698,1.851107511974619,188.3434265666764,503.827150129037,519.1073399406847,188.60598290237834,270.4845014681265,-97.13143070220744,5.194366895622237e-06,11041.660404046237,2.717085501117342e-07,5618.277975311344,-1.3661504384998932e-06,1733.1203637330154,0.138054610428,80.44907469,42.42050815,0.14421584496899997,90.5998664,42.616416709999996,0.137110555041,96.1145429,46.11847186,0.077386889193,48.63483339548111,45.24399141000001,0.041299640022000005,31.70212225,-0.09552014641899997,11.276931102,54.08336874
2023-02-19 00:00:00,1976.4672668523058,-35.57924681654468,-239.4665050785964,45.167469453761015,-3.7537017581896097,71.15818178879056,28.782216269889435,0.12541398347612343,2.871010920480289,150.4986852428173,146.1479109960089,169.13807335703734,200.94266013198924,270.2836702808279,-92.36034787510143,6.350926762379852e-06,11010.152879246623,2.018033842328403e-07,5598.487942634637,1.7986617958084892e-06,1706.4473927350723,0.219866606109,58.120220360000005,40.811171689999995,0.246853127388,67.17612838,41.01417777,0.243914804079,71.86870051999999,44.38815171,0.23403536079399997,27.983040958642963,43.88573318,0.145323799543,30.84678589,0.014953636186000001,0.9343909586999999,26.08481536
2023-02-19 06:00:00,2481.04212525059,-34.19097287292078,-225.94039645096626,47.58738653239993,-6.705258053756165,71.23132468290402,47.28584502025579,0.16221961305162175,2.289922164464295,170.21830732583982,-2.1794065423300717,-2.13497873939777,241.5492123802388,260.87740519162537,-19.376672280828206,6.159237992975953e-06,11022.069715226882,2.522536094885213e-07,5604.506089203819,1.0930997034446014e-05,1731.6255287657884,0.08933201411574201,71.48116848000001,37.26598155999999,0.1608793407165,86.50970649999998,39.518864040000004,0.1237132441259,89.6874686,42.578052119999995,0.148562045184,47.12725432255516,42.301761690000006,0.07681943747400001,27.93998909,0.02584713967,10.901094046,47.663887720000005
2023-02-19 12:00:00,3423.7175676959196,-29.661951243660255,-186.8265261438571,50.4690838054249,-4.92153860222613,71.14090762099936,56.35458630079418,0.22615457456770968,5.493709730541084,131.0172705110489,1.2527927056007446,1.5649264911354872,271.8726025042836,281.2700805962784,-9.710618159573801,6.065884344764341e-06,11024.267250993491,4.061443098221611e-07,5591.267581461448,7.405125647425598e-06,1725.9147677700525,0.28340627910000005,80.72408999999999,29.430769140000002,0.42865680109999993,108.25716599999997,34.58350551,0.36570597335,97.439705,33.43787048,0.38715372915,67.4157335584778,33.230174309999995,0.21941494263000003,18.863471269999998,0.20354953360000003,24.81210917,27.575419819999997
2023-02-19 18:00:00,3810.2662074698055,-31.477139790383635,-203.22142394091208,48.595694382157035,-5.5483088530155165,71.2315909668242,64.93345671383847,0.2466578435416785,4.661260145374348,185.31479571657022,216.88203299392322,249.0538762252294,276.7721927914537,285.80528906303573,-41.19281797178972,6.8281204157490795e-06,11061.551349194766,4.92606022942104e-07,5594.511639642689,-3.4720609578929175e-06,1725.8683600645295,0.12645643699999998,53.38552059999999,16.90206478,0.2018195537,84.4427741,22.29063124,0.17437261303,59.89723409999999,18.66723656,0.12379213895,24.33599531705825,11.826683360000002,0.030161161000000006,4.2019994700000005,0.028768794700000003,6.277589809999999,6.556367529999999
2023-02-20 00:00:00,3354.886668550628,-32.38325427843722,-214.96016284018287,44.1058713873149,-3.669653170437546,71.22273776862355,49.43648850987156,0.22046411763910476,6.659125228899571,139.3925758470111,189.16922781068234,216.68883212994766,222.6831870517311,282.8152172080865,-87.67102544259232,6.357825592995005e-06,11099.52292248665,3.731937942930675e-07,5602.0984762790495,-9.31557343604964e-08,1710.8462819637136,0.069257444304,47.62565119999999,17.801508669999997,0.27244112435,82.8396991,27.69879646,0.22433271503,72.54583840000002,25.91528797,0.37375241235,55.99826817138749,31.261183879999997,0.214070726041,20.2257735,0.26365887805000005,29.22966312,35.450977589999994
2023-02-20 06:00:00,2937.3742957754203,-32.662203530684764,-216.2877285288477,45.00989971663041,-3.6211990563901777,71.3546567263863,44.792846450772444,0.20058934183134977,4.302161334482551,99.62536869274354,-4.259337477555954,-2.0167857284500927,202.58263986067158,267.3612085454078,-67.01988314962483,6.699998180365228e-06,11133.124813620518,4.946132858375914e-07,5631.380614239406,7.857985739123014e-06,1727.5024985981117,0.015137193463,82.74159476999999,36.85271069,0.048236026196,102.36395370000001,39.6514783,0.034960212745000004,105.0788424,41.294600079999995,0.076971795075,65.10966718196869,41.07362073,0.0681653968495,27.95037643,0.0704933086763,29.761561680000003,46.94288645
2023-02-20 12:00:00,3413.025088123576,-32.01265964924743,-210.719555916635,45.381721277344454,-2.939767528931559,71.32613044665653,48.43547826694234,0.2299156368894801,4.942555975245114,127.57692368889883,2.9284994681680683,3.913598775404407,250.74530539235454,281.5391250621665,-31.783325151410136,6.857075893766402e-06,11133.711055950072,5.445849352408578e-07,5640.548555159211,1.039338729297855e-05,1716.0028966170755,0.15855834052,89.30873090000001,32.662625479999996,0.28065491292,116.6236755,38.61360739999999,0.25697965859,119.9427595,41.7249265,0.24140216189299998,77.48381418034685,40.00734515,0.16795784080999998,26.695348939999995,0.17584860564500004,40.02294835,43.963303849999996
2023-02-20 18:00:00,4548.995941687028,-32.07546622811854,-219.47718011867175,37.126549706276634,-3.099283576415469,71.40234902126161,64.61603503666396,0.299792013679299,3.8273872089617766,146.56245593798513,195.3886723912642,223.0764437218169,284.9049786296893,294.3804418871403,-37.1583262081504,6.426488167907269e-06,11157.809226469051,6.369612446824407e-07,5650.979187949439,-2.8675290834030257e-06,1717.2357367583716,0.20967803897999998,70.452742,21.15752263,0.2610584834,91.50167484,25.529761790000002,0.24763677273,70.4031107,23.726385250000003,0.19404850689999997,43.11021278479614,19.497827540000003,0.15746080355,19.10404779,0.10186442364,17.60866151,17.353376660000002
2023-02-21 00:00:00,4535.210679841346,-32.50446607720793,-217.1616432135263,42.87408540413709,-1.961823767076448,71.38267376358078,59.338969998012516,0.30465714340799077,2.674708240301737,194.11854337423262,74.43503674102175,84.40307306564966,285.3018110243643,295.5644276380058,-20.24080595630433,6.146211956472974e-06,11170.160448492552,4.997659595603503e-07,5651.024594511317,1.3191976945271894e-06,1709.566475464464,0.215976625665,146.61547959999996,38.21615542,0.290295419438,161.8221373,40.1324698,0.28213285339662997,160.2528248,41.965623380000004,0.26965328750199996,119.98914473960787,40.60235341,0.2132684724708,27.112620989999996,0.064709539897,72.5813454,41.11977146
2023-02-21 06:00:00,4912.057516370019,-33.51153768248696,-225.9857079875841,42.1065934723116,-2.456411141030689,71.22781976259137,68.27193479519238,0.3369227618910471,3.0579190909833995,166.17693674401605,-2.306992104476069,-1.7338829438860859,261.6834035295443,286.8806589968616,-25.76635556741834,4.453541286129417e-06,11177.27032655971,3.59201225611424e-07,5641.888722680816,1.0788233649206623e-05,1712.348977595473,0.010020792498499999,165.3605511,40.571911060000005,0.0156696114607,176.3483943,40.7717743,0.013512555526200003,187.0970203,44.21783732,0.0288456104198,137.8236604928971,43.304169200000004,0.012592500506599998,29.17685625,0.030705413777000003,106.47366489999999,51.26533988
2023-02-21 12:00:00,4783.402846721159,-32.673339300499464,-230.57181546272304,30.814898941272656,-4.825237097851965,70.85510838687605,80.23926129140162,0.32390579532794417,1.5500220766986117,187.2536092699754,2.2969425823390894,3.172616445241235,252.42907859289483,276.66011448885297,-25.112330661551404,1.8364575979098133e-06,11169.627407172135,1.5158550546709608e-07,5610.992167041256,1.3050683544929374e-05,1661.960718593975,-0.042575210129,163.04723230000002,40.93720638,-0.034561839728,177.71690199999998,41.021942179999996,-0.019100608527,191.11457539999998,44.408943390000005,0.0023572571969999994,141.64257645606992,43.488187589999995,-0.007143926149600003,29.863639669999998,-0.0030968047139999996,110.4633542,52.029359279999994
2023-02-21 18:00:00,4409.927760340407,-29.608045307002534,-208.62694716475698,28.237415291263286,0.9192222968703807,70.36451442077306,45.8855293726663,0.29234575824559483,3.1715002418696248,195.98923981729294,556.2863006854377,583.1652510674677,226.44709862083084,306.76323082289673,-107.16809738110268,1.5843562978733528e-06,11128.266392290758,3.2544217106802587e-07,5557.755587721693,-4.023432235245576e-06,1608.3875352148168,0.44241129949999997,141.0080232,38.09023715,0.5722758702440001,153.2361439,39.830521700000006,0.57397446854,160.3093022,43.53878562999999,0.489006372929,116.14491200447085,42.499904400000005,0.266784152622,29.656617710000003,0.266819826016,78.48261418999998,50.32251356999999
2023-02-22 00:00:00,4516.965679663573,-26.010898860547105,-184.72690630038912,23.360284583987706,-0.16335917831817137,69.78170590403687,50.845510384997674,0.3024743137771112,2.7422995888262944,158.6644552386261,113.2368361012458,125.52254946387745,257.6381909293653,297.5045870637799,-52.185468405980565,1.8659251126793611e-06,11036.426423236428,5.13350899588268e-07,5478.929370399271,-6.108977116062753e-07,1540.7299063357375,0.30183450267999995,139.62747960000002,36.430083159999995,0.36422327928,157.13246969999997,39.00263565,0.35249553737,157.4991083,41.01292448,0.33106334617,113.68119847774508,41.09353423,0.23694983293359995,28.55713178,0.2194321748,73.242043,44.65843025
2023-02-22 06:00:00,6255.04500219313,-26.1905919777531,-196.1710167363025,13.353719085722311,-3.358435962514769,69.45917216318252,90.66731686749324,0.4147664778384842,2.9363137418588314,124.90061538766486,-1.3812566078221005,-1.3178173633584578,294.0583670873493,296.5335970547161,-2.5395285613113674,2.4396282970301475e-06,10974.026370807474,4.723734702733533e-07,5441.38188860614,2.0705461104110787e-06,1534.4998170437425,0.0014814263000000015,30.1666333,5.86568079,0.017505375014,77.2380924,12.76736939,0.005634210979,35.2615501,6.56266413,0.009018258349999999,18.96531695122712,4.55153739,0.00502246071,2.0264248599999997,-0.018735545699999998,3.325464,1.41378654
2023-02-22 12:00:00,6151.812787509143,-25.939481904937466,-193.99226224725118,13.523592992248554,-3.9912514847126124,69.14463968591852,94.34729977305662,0.4098520828236576,2.9124021708426646,120.40137469858172,4.3598365475512155,5.180233155129231,291.8505173865714,294.6312131336213,-3.5980136698842315,5.923242167586168e-06,10913.499292657081,2.720570824505937e-07,5401.9305051492975,1.8069421330383328e-06,1515.988995074525,0.00445373736,31.4031733,6.47664802,0.00672925815229,66.75706890000001,11.505662849999998,0.009676533072,27.136388300000004,5.35261843,0.01425929275,18.863948661245722,4.5554476600000005,0.00956021143,3.1872214100000003,0.0080934213,5.2337329,2.09364937
2023-02-22 18:00:00,5040.23180117154,-28.232059568202445,-207.15714279733828,18.699333748281248,-5.236292752705135,68.90197276755168,83.22294404763373,0.3277278885652436,3.633852052917741,137.574734385804,110.95756815446546,131.12516643515,282.03948730971194,288.99641745275744,-27.118680892787843,6.643680455021346e-06,10856.277282591996,-5.803444679008181e-08,5366.615714178381,-4.87105578970098e-06,1499.4609793084949,0.045051377115000006,53.9763726,11.699170770000002,0.09440691895999999,72.6571165,15.905120310000001,0.062881016,57.76257170000001,12.505881180000001,0.056092543329999994,32.11094737052919,8.3945965,0.04627339256,4.78530355,0.018616391229999998,11.9538027,4.88706325
2023-02-23 00:00:00,2868.5279345183694,-29.83998529711078,-232.23852355310237,6.481358823783868,-9.761563989993025,69.27820516996452,68.06677814579106,0.1783706160752867,3.774785120450993,145.1290163792272,86.90590636835562,99.75361884792694,257.50488708990156,268.51978776377825,-23.887190837413417,6.408688542150588e-06,10821.515531569861,2.8256584514145793e-07,5334.07354751428,-3.869059714202838e-06,1554.2960281153078,0.0227418068,5.428625739999999,2.57290292,0.10826696079999998,18.2128322,6.66805108,0.0651950003,12.082348300000001,5.504238389999999,0.09125494740000001,4.868614541671752,4.14701915,0.045283043530000004,3.32429604,0.008997216799999996,0.789400887,4.34380126
2023-02-23 06:00:00,2394.9273465609085,-31.102049230633195,-247.8726371364483,0.9437567086172771,-12.463954580281717,69.86947071749377,71.64404850344005,0.15031382871412874,3.210579519167279,131.3517273261855,-1.1772367004897593,-1.2776705564441133,252.2084284715144,256.87941821895544,-4.570433178696204,7.112645718529895e-06,10833.02180622669,1.052606295098094e-07,5366.248159082472,-2.2080465271953602e-07,1631.2599879205063,0.03024600513,25.09375747,13.390894079999999,0.044602198579999995,35.401147699999996,14.57808944,0.01929682484,18.7341372,8.851042519999998,0.025905881297000003,6.334172750574264,4.36668752,0.006131498070000001,2.9575004799999998,-0.0015261737,0.06367418,0.74791527
2023-02-23 12:00:00,1939.973178711197,-30.817591701976625,-238.92482445152132,7.615909164291697,-13.47288281486589,70.22976628046456,64.30760583015339,0.12343535498077685,3.671041196283639,122.46972315636302,2.3932131409781983,3.1586167353546166,238.62333198158998,249.97867058391213,-12.114866017336551,7.6052589742814685e-06,10867.93755606134,6.775317689230626e-07,5403.488480542345,1.5983842949666262e-06,1675.819301759932,0.02520843664,14.59577588,10.23545609,0.06537020358000001,29.51020526,15.62637862,0.04685560813999999,19.04819837,11.547957379999998,0.05789938834,8.19143426637044,13.052007900000001,0.03548467046999999,4.6976052,0.063377394187,0.748741583,6.09227773
2023-02-23 18:00:00,2507.2676782168246,-28.654528007558007,-203.03261968058894,26.203604379875138,-12.295404311554897,70.49237786251672,73.0873865202993,0.15609962033847258,2.8651124080678176,156.3113904754531,265.4969408570751,311.47122571135253,248.13804773341278,261.2581288967178,-59.0809562428421,7.254335405248889e-06,10914.090470381148,3.6932388230547245e-07,5452.425061955286,-3.6024677904295656e-06,1692.087181336232,0.048979184056000005,46.17055289,23.06926511,0.07152292345399999,71.9928431,31.088287689999998,0.02959491281,31.705972000000006,14.72057272,0.040477076052,22.22132842633668,16.52810939,0.00985590921,6.76162474,0.0036546584599999998,1.3806801149999999,5.314370309999999
2023-02-24 00:00:00,2929.498615402602,-28.499596878272015,-198.92162658328164,29.075148442894474,-9.72360258104895,70.62132982573272,70.76786473163153,0.18837217145112245,3.0394332111671636,115.7935519061798,90.38630220237802,106.34041955349285,255.12034818594464,267.4151131801426,-28.259725307483105,7.100466260386978e-06,10939.686795685035,1.7717290036211606e-07,5488.799703311921,-1.9381386158845253e-06,1696.2716213869828,0.074269108026,83.04153450000001,35.15080325,0.1116146305216,106.66177479999999,39.59877974,0.06951718021000002,69.7095273,27.7294947,0.09697109020999999,43.342504812438506,25.80348279,0.04763816598,13.486452739999999,0.040236984620000006,9.212412079999998,15.660433770000001
2023-02-24 06:00:00,2603.3099943627712,-30.362289391177228,-208.18812050587462,34.71019462354319,-11.50420066353388,70.89660777468325,73.37427239737951,0.1667660261227471,2.4487561126703565,145.40091573769766,-2.1687632627610407,-1.531874524653185,229.01685265462635,252.29910882152046,-23.919475904840915,7.525712847322572e-06,10969.91012923218,1.297451375932679e-07,5523.1235048236495,3.361581752769114e-06,1733.331952697803,-0.03343581091,86.37082468,42.71490535,-0.033764596367,99.6466267,42.98415459,-0.031379753355699994,107.93721389999999,46.20541214,-0.009974707521000001,61.46117150783539,43.535326209999994,-0.0057971690830000006,30.958795209999998,-0.008293051781000002,27.743673975000004,53.75978428
2023-02-24 12:00:00,2781.033540023997,-30.851878917352856,-210.87516012838918,35.939871210433644,-11.278980015327127,70.87588168270793,76.6299196649876,0.17976025773909013,2.202696261297463,165.58579564175773,1.0956078975611108,1.3714611281135825,251.3997455457787,257.2835684831208,-6.162247754106958,7.213098149209591e-06,10977.50476888397,2.512472835640768e-07,5535.383912514735,1.9684468656186586e-06,1729.9497328754792,0.0104803455296,78.16208879999999,35.23665405999999,0.012459830358399999,88.56165259999999,36.144783149999995,-0.0001814523207000001,81.87842660000001,34.73211371,-0.006982080779500001,46.623172231698604,31.97631882,-0.0011098744086999995,19.564394280000002,-0.005042878968600001,15.80420642,33.436179949999996
2023-02-24 18:00:00,3449.8032436488456,-31.657514831726505,-205.6009062761039,47.659212377708144,-8.107652391561807,71.2742146518121,72.62469140781724,0.2216132927969119,3.8205630811645745,136.79209949592166,223.62096094504003,267.0662163421714,269.0016601343324,276.47140416062786,-50.897735553896254,5.760478704555225e-06,11035.437166760257,7.964950881832701e-07,5583.0140926593085,-4.854891762489188e-06,1748.543946872468,0.07802434453999998,57.2449879,19.0900897,0.062100571449999996,60.1771051,18.603385609999997,0.08275454055,49.8276373,16.425932839999998,0.052771583595,32.920160994908905,14.350537189999999,0.09196922742300001,8.9954882,0.012647123522000002,8.547798369999999,8.227438710000001
2023-02-25 00:00:00,2889.9330732150183,-31.061665390826896,-202.84770270291807,45.64562042369711,-7.820467954627359,71.49553942598223,60.417627824834746,0.18713563845197717,1.267768489123738,167.64387801311452,144.90696689760873,170.04938462348102,235.58246415369538,266.2256955266684,-55.81314876694466,5.1381174840000105e-06,11104.021549777606,2.848675285121424e-07,5627.1603113561105,2.3869693194713495e-07,1761.4806721291418,0.0502971850716,95.8360593,42.11032795,0.057956333269,106.3661074,42.306770400000005,0.0443589101905,113.0930634,45.645641639999994,0.026084402604000002,65.44373816251755,45.049354199999996,0.02836635155476,31.2097621,-0.024206348996000007,33.53146233,53.75360078
2023-02-25 06:00:00,2933.349693613011,-30.59963917566544,-210.52262211069885,34.27449129462467,-11.194250548826904,71.66448570953284,80.72270440764805,0.18972081868679888,1.2114910277507658,178.2338792787687,-1.2890564060854088,-1.2343271239675502,246.01503751447362,255.09213447721595,-9.138008628069155,3.40992476710972e-06,11155.442066174715,5.092184675107781e-07,5661.609813646237,9.382477322977982e-06,1778.9675900260381,-0.003623073965399999,102.35237,42.94162301000001,-0.0019956585869500003,114.58704399999998,42.19893397999999,-0.009896964343,111.740925,42.90187028,-0.009613213689,69.46558567209627,44.00040257,0.0024286475227600014,30.837109309999995,-0.011721680670999999,36.803828489999994,50.43459278
2023-02-25 12:00:00,3509.028763470805,-31.177805360726268,-214.35896793789374,35.06347494791638,-9.418277545609131,71.58178660953612,86.69645953512713,0.23700451255549734,1.6861928263087749,159.77330991343615,4.656169394667124,5.974621463515483,235.0754283918231,259.7835190086376,-26.014002121883465,3.177912048904506e-06,11168.114859522762,3.2557628602889437e-07,5672.942052983384,1.0124378997539827e-05,1767.0003312160197,-0.04610556635100001,112.5715534,43.43461335,-0.04780937642870001,135.6113987,43.211612689999995,-0.0376113035985,149.1698021,46.1879319,-0.008528058962639999,99.69877910614017,45.046235440000004,-0.010530194444,30.74807181,-0.023056096018000002,69.05362127000001,54.30940582
2023-02-25 18:00:00,4235.782403193655,-32.25964805636441,-221.45623914036923,36.62094531054605,-2.604359060300649,71.6643688358524,58.77251617201152,0.2852178713142375,1.6926389669222992,175.0837569021015,470.37994606092224,516.7561551961728,237.8500873314219,294.52272861477456,-103.02559535212437,3.359778830253995e-06,11182.089893126307,9.623102661907522e-08,5694.601835503277,-2.7640641947140084e-06,1767.8891490955805,0.112640440084,148.9484731,41.77654853,0.126341236277,154.9897949,41.955731469999996,0.10163933509110001,159.0380481,45.47429596,0.046308663112000006,112.82980501651764,44.438500989999994,0.007747211942000001,31.01428045,-0.022251759342999996,74.63267575,53.38048277
2023-02-26 00:00:00,4529.410951702148,-32.794180507895824,-222.57614649403098,39.7772975691356,-2.3059182023201554,71.45763109432778,62.4563751292348,0.303897873541512,1.0829702240253454,210.08231495002696,157.50764947387415,183.7264476327102,222.55519578787235,277.24516162449083,-80.93461661347055,3.969484364948033e-06,11176.19211661632,3.641725202418988e-07,5681.746245302475,4.372670610893763e-06,1734.6541533445368,-0.034392929318999996,147.2266045,41.37146806999999,-0.033434102021,158.61614329999998,41.46251611,-0.04473807855800001,166.8530887,44.71949414,-0.0419837742292,125.0595854520798,44.3704406,0.0093623380085,31.46104374,0.004810530856300002,88.2986184,52.15945913
2023-02-26 06:00:00,3240.3429520479995,-33.347514532100504,-234.12444925866146,32.65566699814261,-9.559637389437935,71.34685701212686,85.70251650590973,0.23198577049772584,1.3348967314502451,147.1483413578255,-3.0180489884922435,-2.5124907191814154,206.62921838629353,242.35101309081296,-36.22914266745467,5.2496602391549725e-06,11164.03878755103,2.721099355244072e-07,5667.6384855452125,1.5917476787046625e-05,1724.6967622204165,-0.100519677,115.24319820000001,42.71671385,-0.0920329979796,134.0268348,42.78594953,-0.06306098228000001,146.7453064,45.95521350999999,-0.049654837775,100.60087490081786,44.98244243,-0.023004206475,30.69554401,-0.046004348549,72.6444995,52.98997333
2023-02-26 12:00:00,3333.3262046269965,-31.73188926527359,-228.36622525853664,25.48888886365211,-9.29100123848061,70.8522897632366,79.77423012665821,0.2199787715618166,1.1042388024079532,175.55173619923556,3.8852820564628887,4.4164577895836885,226.78260420993544,248.09858034593,-21.850524504232805,5.886394549482577e-06,11098.352296138213,2.830600082011841e-07,5605.905107421592,5.6146052416057084e-06,1677.0170846374676,-0.05949276074000001,109.7477122,42.03102109,-0.064217398193,125.55243870000001,42.07147166,-0.076874451834,135.4569903,45.24371097,-0.0658004803118,86.89923644065856,44.034865010000004,-0.009433833939999999,29.87441818,-0.038871690006899995,54.32483524,52.62178087
2023-02-26 18:00:00,4523.087153698912,-29.083414213150746,-202.43650651345735,30.23080719174868,-1.5605531387595324,70.36409957319832,57.15945212181535,0.3014999983252078,2.43664381337744,135.778504401369,246.394053761542,279.4872879954102,279.86976176296514,296.75616373761574,-49.977258356627075,7.413067592019882e-06,11018.319849161197,5.348823270445047e-07,5521.750170918058,-2.9762125357949305e-06,1618.4144937831434,0.2566200516620001,130.9272614,34.182366560000006,0.30865248518399996,146.132234,35.45863533000001,0.274312103089,135.5028438,36.2845946,0.26198404397999997,96.79305727242829,34.15892102000001,0.210520857349,24.82423725,0.16713985726099997,53.141533470000006,36.930832269999996
2023-02-27 00:00:00,4368.679176242581,-28.97931839675163,-205.6861876221796,26.14835955183348,-4.717296583852351,70.33794188344461,70.32731859065134,0.2882026397149733,4.270713191581545,192.73235020733563,84.65252984652298,99.62704097719937,278.1894982481863,288.0450385389048,-24.837313870234357,3.6380459623683545e-06,11050.61716711031,2.599841318598175e-07,5476.275747637279,6.582652939939759e-07,1605.5699257529986,0.0832018514,55.14803739999999,14.59433643,0.18585376516000002,89.173906,21.245272739999997,0.15144506232,50.975356500000004,14.66006278,0.11403239224,40.23296481664582,13.695726639999998,0.0338043149,4.98970225,0.005495376199999999,5.94161541,4.98582706
2023-02-27 06:00:00,3354.4683208323545,-30.624534103131765,-222.77937583618865,22.216896988865514,-7.368498203575076,70.6583555976585,66.60189348157301,0.21724473109157344,3.3016662788441455,263.37317380070954,-2.244751108468815,-1.7098640505872338,244.47115268038306,267.5487600799655,-23.603122014449678,1.650626778445028e-06,11140.184018449729,4.0317790027612564e-07,5540.628502257473,1.0713787309234433e-06,1667.7367043776237,0.056481389660000006,71.94728199999999,26.31674121,0.11589570981000001,103.52505490000001,32.88291129,0.09683495947,94.260813,31.79312943,0.076143803614,53.02086262859958,26.10649817,0.04963801709899999,14.626040179999999,0.011324252819999997,19.10532136,19.92530184
2023-02-27 12:00:00,1991.2182296339256,-32.2147049222463,-243.11141022266224,14.606229155308146,-15.503603564881425,70.79221982180599,82.33091053126886,0.13290533033484275,1.7438650707598056,139.71696415864116,3.14966329569093,4.651739642576626,186.110623298012,221.7542327176062,-37.15162404343572,1.3053339592769839e-06,11140.431227003624,2.0649652590089355e-07,5553.86184463637,4.589389050494496e-06,1687.4685967480987,-0.043535786112,74.79476227,50.760618519999994,-0.03462911563070001,91.77711842000001,50.78722711,0.010243022229419998,104.2878397,46.893516500000004,0.026236607139199997,43.69944993965328,46.79075641,0.034408885745,31.42884877,0.05034278221600001,25.99525424,55.00091397
2023-02-27 18:00:00,3024.853106795389,-32.04499976123285,-221.83725880874218,34.522739281120664,-6.846599278943124,70.82739743297124,57.12154845132302,0.19180656518706307,2.096134930941899,172.90990612118776,524.5443551307199,574.9479665003596,239.50999533046306,285.14296841600896,-95.99998205308303,1.4119171144959175e-06,11125.99990839085,8.398986941145394e-07,5555.150113198908,-4.595298429299587e-06,1689.586471442008,0.32649880167,95.2589648,41.0804776,0.3731845882566,108.39391549999999,41.80847996,0.3456088843741,113.6657293,44.79752532,0.254866502992,68.19418305158615,43.17024627000001,0.148963065182,28.32861458,0.11346814258500001,27.890253270000006,46.86370392999999
2023-02-28 00:00:00,2882.9937537626815,-31.729976931170953,-228.4667118640227,25.373103585344943,-7.817227669066172,70.73884626525175,58.83875195407431,0.18252397391016778,1.9676648631569942,249.16302254422942,202.78213034980166,235.59337067975972,191.1692707055945,257.3532880135012,-99.03859391511114,1.6855519828766875e-06,11072.70383071832,2.7199015491798685e-07,5538.01441993072,-5.773826921777552e-07,1673.7214433605714,0.052172139292,96.07154209999999,41.53708917,0.06963139149044001,108.8150539,41.706426019999995,0.09029638691039998,115.18078059999999,44.91837518,0.11010253762115998,68.4462621808052,44.41915428,0.07987263017099999,30.162238470000005,0.05357666250100001,33.81222866,52.80751728999999
2023-02-28 06:00:00,3404.0848084268214,-29.570033679779698,-210.67747314917614,25.88279628906144,-9.425996519017957,70.5755490536306,80.19162781524666,0.21968290710602173,1.5897502645489217,181.23017968592848,-1.3593294125324527,-1.2494271371724834,257.0662122885517,265.3334098839591,-8.385409056452735,5.5904355424750265e-06,10992.085232069085,4.250610878571729e-07,5515.8975248412235,6.313221047151926e-06,1678.1035586147154,-0.002854928201,60.7978974,23.590908250000002,-0.001637973211,84.79557189999998,28.41181721,-0.008242412369000002,61.26974689999999,22.707645,-0.0094777687528,29.67109117155456,18.530441839999998,-0.008046043631000002,11.33406537,-0.02937645358,13.182306569999998,20.01269975
2023-02-28 12:00:00,3818.4347559944354,-26.7631929733986,-196.13218569067777,17.973358096511028,-7.59715783968722,70.17930871806198,76.85218948505457,0.24569047720880366,3.288416583068015,131.28772348163812,1.063919674309282,1.4512849773194114,274.05949102883756,276.22135156478674,-2.547968053243873,6.594821473329866e-06,10910.862353204217,2.041661445566762e-07,5458.809066695001,1.7791585056233216e-06,1641.6034461130525,0.006470743090000001,13.3391884,3.9413262600000003,0.0344198421,21.657267599999997,5.94081119,0.0251753646,10.154061599999999,3.0846270000000002,0.00974724,2.60712790489197,1.19180981,0.008524814,0.40985936,,,
2023-02-28 18:00:00,3751.813243359491,-27.596786260758027,-202.11474981290633,18.659540273157916,-7.778090110222493,70.26365143984572,76.22656915706565,0.23979911600039933,2.9818411189416447,126.7811810539189,154.1121673602903,187.33249528352934,272.76304679462555,277.39915285008556,-37.84703851018083,5.3376761392182005e-06,10925.487334394165,5.743187430992804e-07,5467.887065033215,-4.171144532622021e-06,1640.1478698454243,0.015659839050000002,11.099638099999998,3.786875749999999,0.048668837827,30.368510399999998,8.09132788,0.061692428099999995,19.294176999999998,6.19735228,0.010101276900000001,2.1073148894104,0.5423798,,,-0.004403897,0.87407833,0.7306209
2023-03-01 00:00:00,3113.570793244985,-31.575237678281525,-235.5513426589133,17.050558767338885,-9.268820965414715,70.47110546705349,71.57670230004892,0.1986076572857407,4.184984628694664,146.21806784975146,59.55740150393851,72.60654560615066,261.1444499546247,269.81504959073743,-21.725268480190792,6.336686828345764e-06,10930.745637322887,4.0509135206064096e-07,5478.0853728579905,-2.5997267400461848e-06,1650.0744000632176,0.04505044599,67.94175800000001,26.5174582,0.055008700917,81.03697380000001,27.928737029999997,0.067453996745,66.43054120000001,25.09161714,0.036076410905999994,33.678619278936026,21.49648122,0.05852226414999999,11.75179528,0.03428220941,5.112954909999999,11.86744051
2023-03-01 06:00:00,1724.0439275013866,-32.77808282422472,-258.6224419285037,3.6022206652940287,-16.344456780153017,70.5726488716458,77.78705526425537,0.11604060788878393,1.5631605211649446,131.17598151295414,-2.5418309642702512,-1.86628828122764,192.77467037749668,223.70696562178426,-31.620103161457795,5.829170754202303e-06,10932.400952316373,3.283467081164621e-07,5489.442339733633,4.395833085713451e-06,1677.80711609639,-0.033825214620900004,62.47461819,44.67967913,-0.035591325702,71.38420438,44.52970994,-0.03559925003119999,86.53272630000001,46.383121360000004,-0.0176947810914,37.55880551901436,46.08784406,-0.009044827057999999,30.77799133,-0.0180351037925,7.5897774588999996,51.41120975999999
2023-03-01 12:00:00,2691.895503256147,-34.67688446899862,-255.7757078977759,21.639367854213013,-13.233420727927275,70.3629423598482,86.36437917791551,0.16977281430277769,0.6925531094720365,184.1243402334918,2.1792010604304166,2.802306342147483,254.63635457608,254.85935907945174,-0.8444768679649944,6.845519276943245e-06,10906.71937683805,5.051879536316986e-07,5483.160042205474,1.4914734296110725e-06,1660.518515870129,0.0006569244772000001,90.33464115999999,41.19514529999999,0.00029572554399999955,105.4760805,44.09603845,-0.0012994113613999999,77.83230979999999,31.16765761,-0.00549270683434,55.655624271984394,37.58349343,0.0034843179184999994,21.15635432,0.0013439366449999998,8.55901438,16.03571676
2023-03-01 18:00:00,3919.1987489332923,-34.47536265415613,-253.95021574401943,21.852685489229593,-8.613134267691024,70.26982824761828,83.81152492466165,0.2475454771538247,1.082856303011181,193.79106788157662,241.13126584043414,294.28614698816045,270.7699083280144,277.20086770668433,-59.57328648866477,8.277952084563022e-06,10877.136778715536,2.7857109619996377e-07,5470.962392737765,-3.092188177705963e-06,1645.203816473382,0.02185771071,36.280276035,12.564809930000003,0.07437924816000004,94.68913237000001,37.78951967,0.0129536701499,95.27005039999999,29.10287106,0.10104063288440002,38.001315840087216,9.05709598,0.059284058354000024,15.663883590000001,-0.058862183459999995,8.46875492,7.20466238
2023-03-02 00:00:00,4844.574603449863,-35.61088590967203,-264.75198385201065,20.135103425365536,-6.588153219900671,70.29801199091736,90.52467142910231,0.31528235307519165,1.069641584574131,191.66771002069544,84.95850189650677,107.55739142775604,276.0578799252026,282.4380752186282,-28.99631807762653,7.546380063110446e-06,10855.84446785597,2.7457650687437384e-07,5479.206203013702,-9.288701244180664e-08,1636.5718088285598,-0.12192110975200003,112.87336209999998,25.4602305,-0.0029952397440000007,160.6265974,36.152911180000004,-0.0032363441188999996,114.35127940000001,26.585933170000004,0.0026158781510000006,97.09516730585848,30.751519230000003,0.002617448919,16.38364266,0.004982657966999999,40.443401699999995,20.98803835
2023-03-02 06:00:00,4239.28488485415,-36.616216213380774,-270.58559474809954,22.344134958946654,-8.487962780861197,70.47547406524077,93.17735878154616,0.2794968168018442,0.858087044552025,165.42322284137512,-0.32091966064791727,-1.5457579213118169,277.61487453384865,266.17562778825277,12.656729049804957,7.4516360068077225e-06,10861.40560115491,1.5315159961956283e-07,5495.023918830153,7.740424654158773e-06,1653.9533316622458,0.00179625744,7.277110559999999,3.0996416100000004,-0.010884283104000001,12.10138783,5.578575750000001,-0.015191947890500003,73.20017164,42.562949419999995,-0.12157995696000003,33.69253332659103,5.25888638,0.030675744288000004,23.64025131,-0.01466743187500001,26.401153739999998,25.463610660000004
2023-03-02 12:00:00,1748.3134872532796,-37.806357674258315,-295.82643820808335,6.624423185983216,-16.786459449695442,70.37765869698607,84.97710153830997,0.12251463723704871,1.2351476794692084,117.66956311438449,6.942659930863491,7.068826935055623,238.24676006393213,213.25751262213345,24.872896405886657,7.4842813433333145e-06,10866.187752338894,4.262463303767756e-08,5482.390568973114,1.2447676626319401e-05,1642.265554447853,,,,,,,0.003962178068999999,21.564106645,36.92463262,,,,0.007046532647999999,30.66174172,0.0005523179910000005,23.467408569999996,53.090522660000005
2023-03-02 18:00:00,3415.1569994676092,-36.69914831637426,-269.36466723481794,24.22851929617607,-4.953568003520484,70.52094746226183,52.93319901999874,0.21007083050366132,3.264604143103891,252.16328509670848,564.4377374515353,660.1922911924802,205.29397044836045,282.5443775228934,-172.99597821923052,3.751504235309827e-06,10914.816245309248,7.421018302507679e-07,5491.166827274807,-1.0046990958420006e-06,1640.442341473014,0.24781870577999995,63.72699179,27.922078249999995,0.324729833942,69.83666841600001,29.404242489999998,0.323850731582,117.1365254,45.37724053000001,0.36052846372999997,74.47026611724213,30.213432740000002,0.16243061083,30.164107880000003,0.18209978849000003,32.705447910000004,52.674749819999995
2023-03-03 00:00:00,3534.8759505031885,-36.539015669413715,-265.6597660712108,26.652359284098914,-4.92999103597125,70.61192718445137,55.51331211522772,0.22080954519841867,3.1001602867008913,251.40224018727818,221.9919701626501,259.65307834494456,218.5121749730051,277.6202005863622,-96.80462033544543,1.3357531832808235e-06,11011.641640735477,4.6539445232158444e-07,5513.422094532996,1.8457099875399918e-06,1639.1965979697698,0.19515780379803999,115.94691470000001,40.69331754,0.263716952513,125.83097040000001,41.08350888,0.28886448253499997,131.2110773,44.464648690000004,0.28166637807100003,85.10292977094653,43.12169564999999,0.26070600011700007,29.849551069999997,0.246485697383,43.65690361,49.22103544
2023-03-03 06:00:00,2745.5404985907417,-35.981000107399865,-275.3915841555869,12.456416703612074,-11.266216055274615,70.72672277756784,76.83776956106203,0.18149380934343431,1.9676950821364074,112.3906694819268,-3.5673792535487325,-2.1483951415070033,192.19773031334407,239.2999366601989,-48.52430386292522,3.2720400647526475e-06,11035.39311477863,4.400448002643511e-07,5541.313993395005,6.221036151012626e-06,1660.8525866033954,-0.04422936267575,90.63992153999999,43.10384183,-0.04459705413210001,111.4175636,42.698132619999996,-0.0079682245925,120.3365986,45.859583109999996,0.013305147887000001,70.95688885450363,45.310104980000006,0.03413551542300001,30.31294613,0.04012711678599999,34.401021699999994,51.512686110000004
2023-03-03 12:00:00,2104.758345677535,-36.42078789308694,-283.795896238021,7.570406906674572,-15.06567820822022,70.6750886792508,82.02883484534394,0.13830036793461925,1.1570627947667214,112.82119902012647,3.9194111008256187,4.719201648104738,216.8184891545891,233.86084066946927,-17.854353337110982,5.482567178141716e-06,10980.391678559725,3.1071831648975466e-07,5532.049669385245,1.2276098935601276e-05,1665.593500779801,-0.0240163158731,67.72614177,44.81535893,-0.018994918787000003,92.26371648,43.69245222000001,0.0202094743941,102.8591977,46.099997329999994,0.03372082644597,54.46788787841798,45.66643696,0.01733423868205,30.60448897,0.015111904783000002,19.336001780000004,53.88272428
2023-03-03 18:00:00,3310.956372172097,-35.08132049753094,-262.71822364486604,17.93234033538149,-6.64563786845255,70.54681711279443,66.93687020791845,0.23274240360151607,1.3263765828776537,217.56821514090723,430.25972623487615,477.91647800043984,256.5472959433224,288.24819329393614,-79.34713026542393,6.543142512816927e-06,10955.012491351217,1.7989360290948373e-07,5530.009875821661,-3.096779952028478e-06,1650.877079577128,0.10867488954,111.2375786,37.34536704,0.15523267838500004,130.9306988,40.31494798999999,0.115527288746,123.22509119999998,40.329297,0.07344902239897999,78.99874299650776,38.37014874,0.14267793927850003,25.98773819,-0.015909272161,37.65764921,43.646582730000006
2023-03-04 00:00:00,3954.563814512622,-32.39714665532646,-237.0738382864091,22.10333495620261,-6.674386805103693,70.54818129641492,73.69374264597936,0.25466415184732893,4.0704840512656295,258.75344093196225,97.32175195568244,114.42757270207888,273.0100031457304,282.1448964826642,-26.255752619906847,7.425876733539941e-06,10932.504844941805,5.515741685991008e-07,5513.612801399811,-6.853984222350644e-07,1637.2937141730772,0.09055871522,74.1136457,22.192301550000003,0.14883269512,98.9132462,27.96695119,0.0945598666653,69.66929019999999,21.01454782,0.06527558647000001,40.35616975645158,17.47836812,0.029750378786000002,9.702011959999998,0.02554017335,7.54834771,6.5249215199999995
2023-03-04 06:00:00,3744.510381664869,-31.376683146908952,-226.57756714004637,24.4358980352253,-9.104968385147654,70.80675926899586,84.46431464081465,0.23691860957344418,1.3573578468209782,197.72657122521701,-1.3734965961176377,-1.0230167853831895,260.1831101381421,268.3695037393186,-8.535503892921637,5.029275106800325e-06,10947.741643483658,2.7942742899186843e-07,5528.39291259563,1.9987306907638308e-06,1688.7327048940688,-0.003537463192,44.178000600000004,14.08287739,-0.012987361229000002,56.827505959999996,18.04592204,-0.007535251438899998,99.20212279999997,29.6908843,-0.0067835321253100316,63.71544582889235,20.72213024,-0.0014680148210000005,24.740144049999998,0.020136355265000003,30.69097214,27.456528249999998
2023-03-04 12:00:00,2189.6085175685957,-35.32274317743051,-256.8767457293268,25.70519969011738,-15.536731286359856,70.94301945165151,84.12915306909107,0.13605069278342583,1.1858519337846714,97.69153628052938,5.258225906188482,6.928906386045056,199.5342735145427,226.8846274358675,-29.022920941156137,8.360472342469733e-07,11019.33939031952,3.210540847644154e-07,5552.272125539016,5.704121557522599e-07,1714.4221700965218,-0.020147883708000004,51.38316937000001,22.207511320000002,,,,-0.0131272568486,112.91614369999999,47.32960765999999,,,,0.013770168675999998,30.869419909999998,0.0171037746793,27.35328892,54.33455512999999
2023-03-04 18:00:00,3028.7243128856007,-33.91282425536152,-233.94078258072744,37.3618114621648,-7.488502213748651,70.90364218470853,58.28807512730445,0.1843572816123612,1.257244321149377,222.35350996264089,459.8773306530663,518.7068998182119,232.94406110221666,277.0145821856478,-102.87754307408778,2.959364623377352e-07,11085.474705694842,2.0949521328892362e-07,5579.681164422686,-3.359936035927251e-06,1700.098409198871,0.08162885134799999,86.60743496,36.57693064,0.09082137042999999,48.259822789999994,21.99454107,0.08941328668660001,114.89525420000001,45.73965437,0.058100187772,41.05734092514696,25.38829691,0.022515162028900002,29.100346719999997,0.004396143431899998,27.381336140000002,53.629041699999995
2023-03-05 00:00:00,2679.124543113486,-30.686713070747917,-216.98865780970598,28.505046756277366,-3.424243192116527,70.65306479760842,37.83551827284418,0.17091950847118567,2.1620139320695504,158.69410440263206,107.18876168273869,124.88105940582007,258.712538057702,281.68878972039147,-40.69266878573044,2.6868902561941133e-07,11079.876871250914,5.106551639034295e-07,5564.989542971897,6.70022882645449e-07,1663.5100088236436,0.14315027496,93.56296211,40.72399005,0.16206218826000002,99.58684996,40.84017696,0.142263690056,102.00323720000002,44.2578977,0.077531941195,53.77973246574401,43.77731794,0.06774638178799999,30.72808791,-0.013235199349999997,16.0673400674,51.05456874
2023-03-05 06:00:00,3379.8362042061135,-26.322187574160175,-193.2615613913813,17.31593920190008,-2.289162418096592,70.55880115119112,45.092214864420185,0.22539009761558826,4.371002939763105,155.42647523123264,-2.321412963979664,-2.1387351824008918,266.8547717502119,286.473633291073,-19.803107518382507,3.4107503539365553e-06,11037.63944162042,7.14179891126045e-07,5555.479065882552,5.628223600856368e-06,1661.4521357790081,0.1459371764,34.0328972,12.79210676,0.4148805966,65.9547305,22.562165199999995,0.3177927893,55.47051460000001,19.966297139999998,0.48462357233,41.2217557531186,22.69480301,0.27439184299999997,13.855777510000001,0.3320237877,16.317271310000002,24.081595589999996
2023-03-05 12:00:00,3249.881622597937,-25.131410390528785,-184.47418337441093,16.577099749819364,-4.576708582424555,70.59990310106824,52.159065330372535,0.21509133867605817,2.610925085022509,160.08126296100306,4.676479634845547,6.059467843790174,254.1648182228572,277.0496468189451,-24.26853115153326,2.7687041983025094e-06,11018.32953332385,1.9126832173437536e-07,5547.89391710323,8.041699447873526e-06,1667.287504637569,0.15183292236700002,90.72618159999998,34.66176349,0.26819042982,113.10946969999999,39.84591699000001,0.25624370626799997,111.4561341,40.229546209999995,0.30300825462,70.21644634135133,40.693246120000005,0.18050546332,26.60634597,0.23398405237,34.16495175,45.654373199999995
2023-03-05 18:00:00,3142.058811297974,-25.30426203325696,-181.0132711815936,21.42082508446208,-2.989008967068565,70.72119620679516,43.342674117059914,0.20418929726804314,3.1900847774503776,142.79479124465857,437.23039915087367,487.7889883729511,265.2788130286651,295.35101705519537,-80.62480867923942,1.6459507398584943e-06,11055.818703959663,4.2720720243347746e-07,5553.506627215398,-6.0976503241337955e-06,1672.524357708849,0.5020815698,70.785909,27.72603698,0.7823887010999999,93.73507440000002,33.943552600000004,0.7386795209,90.89696609999999,34.98808506,0.7603380091,57.485207542580426,35.71617607999999,0.44808467332000007,22.483950450000002,0.52159930662,23.581872729999997,40.27680599
2023-03-06 00:00:00,3144.3989039034077,-25.21357375887743,-179.75054842865387,21.95804164236562,-2.271259052326849,70.78173022922724,41.96398445902588,0.21057869596410406,2.9379617219194087,135.9999420890561,86.76578877436478,100.47791451709925,266.8526743065662,287.8686397122762,-34.734937224030546,1.0774927575174177e-07,11113.287983629598,3.585870331021016e-07,5580.3906784177225,-1.2658154118286597e-06,1668.8668859852153,0.36940110909999996,82.41538527,32.826289749999994,0.5541807482000002,102.88670010000001,37.8039634,0.48071102223,99.9662003,38.9203012,0.58301501162,64.54676624115605,39.95255079999999,0.36351913196399993,27.29249882,0.44497644923999996,26.342429040000003,44.20863315
2023-03-06 06:00:00,2510.289585600272,-27.913214032991394,-195.31458596386915,27.991126300062014,-2.7811196443901585,70.91730547456052,35.08103444004882,0.16699142954891888,3.1185015317113796,141.47980400543014,-3.374715765801378,-2.394871916241726,233.4397976647828,273.4706213422483,-41.00675679452099,4.878816762219906e-07,11156.449367398354,5.889113781603147e-07,5600.502675768765,7.228479015369305e-06,1699.868903487867,0.28273648293,70.35725527,36.03006052,0.37115298815000003,79.36488998,38.02961098,0.34468280660000006,82.7805885,40.15028252,0.37736422916999995,43.127652287483215,41.63098779,0.22633301478999998,26.305797509999998,0.2690941705865,9.568875876000002,47.78027976999999
2023-03-06 12:00:00,2447.0617447378645,-28.201436582706524,-201.11498919345706,24.496503468195144,-7.942885009967649,70.972136981682,50.1360619018579,0.1534170283773473,2.4104227599074894,190.6629165949588,6.799040190929989,8.652301362014343,194.47299057211566,247.8220240440029,-55.20010611825796,4.4757153285208426e-07,11179.934391767314,4.1720878997270724e-07,5612.675825059166,1.4973761077898939e-05,1713.6639162429444,0.19654502067,61.80064451999999,38.94376772,0.18940318153400001,68.94234409,40.523355210000005,0.11886574856300003,77.28729443,44.228340079999995,-0.09656929145999998,22.90002163845618,46.01192331000001,0.15541542357,29.65128224,0.1592205065,5.528670217000001,41.59452497
2023-03-06 18:00:00,1596.8269916640065,-31.471878529830505,-206.9837589861677,44.791269252476354,1.3613671204851796,71.09295062117336,15.0668996474311,0.09954418558827371,3.435302421723806,153.91278096934428,643.120878399993,669.0681257688619,194.4437523437933,297.02697236782836,-128.50758183329205,4.215002137654605e-07,11216.140084353849,2.2116759395815254e-07,5636.666512214965,-4.753798906066659e-06,1719.1811962477025,0.8999091208000002,47.47480386,33.12474385000001,1.09190279366,48.53685064,36.09834156000001,1.123380783415,53.044943759999995,40.54909600000001,1.1440357781,12.253350380663015,43.81590224,0.6843299994200001,27.28235519,0.04843897557,1.2153033251,15.796073279999998
2023-03-07 00:00:00,2200.394043108503,-28.574058005235734,-187.20133578167298,41.39112826021289,0.9338976854953261,71.15560096363679,21.908489672973467,0.14264955313776784,3.1804987680152985,151.53260148417536,182.75119706429183,202.9259757200222,240.2881342375281,292.3138588608279,-72.23567370730878,7.906842432429794e-07,11216.614075190637,1.7848308315486892e-07,5646.280996244351,4.938746795353037e-07,1707.195211820985,0.7294942090000001,61.15231197000001,36.25227471,0.9718779709,68.6061095,39.72937456,0.8955493315330001,69.53601085999999,42.46714511,0.8366379349765,29.910769993310016,41.68684415999999,0.5248183562099998,29.90506875,0.228217979073,1.7168948207,37.646156190000006
2023-03-07 06:00:00,2137.7926653404766,-30.406176997714233,-200.39268483939946,42.85673114231438,0.4339074533226379,71.13162974739993,21.98202133868694,0.13798719707978963,3.7223100906161397,120.13822844358128,-3.3384129074939235,-2.654053347294155,248.64597227924273,284.16190061552436,-36.194873028307214,8.803872559570232e-08,11210.282278225342,1.8666504181237453e-07,5648.301689828217,1.011014920574548e-05,1723.2790790420809,0.42346133944,63.25220921999999,38.36347514,0.52297853496,70.16443480999999,40.4519646,0.47244759311499995,72.05499212000002,43.04861643000001,0.42249083435,30.232148572802544,42.67721834,0.22137860526600003,29.422371620000003,0.0192727429806,2.9593483529999993,33.37128504
2023-03-07 12:00:00,1976.2107117117782,-29.498375243980988,-195.31064994355125,40.67635200829661,-0.79235371598574,71.09278306650877,22.40610732681818,0.12727297801529305,3.108714794441772,138.23348011680181,4.810058487225444,6.377477969170573,237.80361459884193,277.8870908876646,-41.654554041767824,2.9396358727429765e-07,11175.477456405202,2.2826783900941262e-07,5632.79307995064,9.720054441659583e-06,1718.4845379011067,0.48234344510000005,50.564551879999996,36.24701262000001,0.6337657459,59.28569186,38.975009320000005,0.5552313614500001,59.552082479999996,40.00715192,0.61800134101,23.081366114318374,42.32622175,0.381320076817,28.93217299,-0.029208097287199995,0.3159384322,12.785163429999997
2023-03-07 18:00:00,1826.7449290122788,-31.375423933532236,-204.5273925199163,46.475998948341584,1.32778639447853,71.16824565629591,16.95550072884996,0.11307989026924542,3.681971916128127,154.51409714699992,521.1085892071736,556.1864655781962,234.66292504996858,299.9903012920557,-100.38166779568806,1.1099754362292205e-06,11146.862426241814,9.693651883500159e-08,5634.330503446947,-5.195835401613244e-06,1718.6649532962197,1.0316545236,49.85437739,34.31329474,1.4416956576000002,54.67826385,38.39450448,1.3150199358,53.45641243,40.300687419999996,1.3894366266,19.579408619918766,41.64133423999999,0.6773625206849999,27.14630616,0.12755692729999998,0.62355949552,14.290524909999998
2023-03-08 00:00:00,2632.0443704358618,-28.922116992914894,-188.63014438146843,42.74679156185071,-1.140065486946265,71.19935487444317,30.212712550517395,0.16204107221800532,2.2260804116682658,207.80624269915376,217.89534306324774,247.45874416157434,207.16632922920007,280.91161124762436,-103.34438617013909,3.920621016592775e-06,11104.92458094895,1.6965760559626452e-07,5632.13765044508,1.3773051006814343e-07,1712.394733158918,0.287908610456,79.36989266,40.40029908,0.36009616416999995,83.15182823,40.670882399999996,0.35756822994,84.85284156,43.974621549999995,0.35124484268199996,42.085415959358215,43.61394490000001,0.23837639701000002,30.57450316,0.09540981147699999,5.902299404000001,50.69981274999999
2023-03-08 06:00:00,2226.3162938951054,-30.39385003232179,-207.6327958808374,35.518004377736915,-10.325404039595519,71.2825267801604,58.49003096648993,0.14726254435516226,1.3193170841689943,165.30703721052208,-3.5416977213607668,-2.565581935096143,189.44685520407634,233.76848088077548,-45.30151134908759,3.6301434100817572e-06,11089.02571242589,1.3939355376242272e-07,5634.929978610365,1.3103737218301349e-05,1739.1524693882404,-0.033322843565,73.66569894,42.58021925,-0.035184432112,85.6312136,42.58078233,-0.033131580263999996,92.1298028,45.682415410000004,-0.03685762713350001,44.76074051856995,45.04588461,0.014256150228999998,30.698751870000002,-0.0217984325255,9.124943967,52.91912916
2023-03-08 12:00:00,2328.436572420286,-31.09069205516691,-211.5406088955876,37.18492754574769,-10.300302872637932,71.19770121785211,59.87091210711023,0.15172745306731028,1.2221226793610125,167.50472155267332,5.3883688932175335,6.325747720104515,217.5297599797177,244.0838483549542,-27.495421747410155,2.8393781914287258e-06,11081.613975144286,2.0034919885487845e-07,5623.081236359957,7.112160441165815e-06,1737.410384521868,-0.013324312953729999,77.38757466,42.617585090000006,-0.0168375726518,87.90243290000001,42.597274920000004,-0.027772180085,93.8483125,45.751465929999995,-0.029843319238000002,45.46405577659608,44.69370387,-0.00018177967440000066,30.08727166,-0.043856962422000004,9.030409864,53.24055363
2023-03-08 18:00:00,2361.8182588214977,-33.03539170472777,-218.08598486298712,46.19714877483509,-1.4708293165239428,71.16886858505936,28.70413843170992,0.14530313577905274,2.629966319166071,160.5402581618935,364.1938946797548,402.547976933656,250.86763547135445,288.36819868920713,-75.84675989398553,2.095340866063203e-06,11101.415157234225,2.406444067867392e-07,5629.060521464181,-4.048494158067312e-06,1727.197717086357,0.411667157346,75.81520405999999,40.11618051,0.5057507763310001,76.56496362,41.06093058,0.40858047861200003,76.95362655000002,43.81730446,0.3228201524825,33.33702491223813,43.46134519,0.248880269397,29.84809605,0.007836887435999999,5.230602115699999,31.950847439999997
2023-03-09 00:00:00,2221.229334399455,-35.87185475217517,-249.96615605132507,37.00868196607631,-0.14964634719513942,71.03679793930874,24.341436150469562,0.14567694906946005,4.070215468502548,128.8786825462949,78.34396214016856,89.78315398861666,270.28260751256266,290.36397602898785,-31.53230563560295,1.9451730055760165e-06,11096.48013997742,1.1434864004498371e-07,5617.671104233673,-6.146379535360505e-07,1697.9922929685006,0.8156963807999998,56.64842668,34.064536929999996,1.1711678701000003,68.31103001999999,39.43812285,1.0838371322,71.51499088000001,42.41467530000001,0.9721687298000001,31.75998795140091,38.87970603,0.5894725678000001,26.61918903,0.28652870404999997,3.7152596565000002,31.194804649999995
2023-03-09 06:00:00,2827.7885849690892,-30.82764911213279,-210.1573479458699,36.463844951192385,-2.588515145288434,71.04872336087672,38.72587627185546,0.18684104542409347,4.320172715589852,122.60157573407874,-2.4673705986294805,-2.2281166765481877,265.74880068070894,285.20100269472476,-19.694868866392515,5.407186786414231e-06,11069.492291920029,5.679967856067545e-07,5599.533668143599,3.4423434620317743e-06,1706.8578418940708,0.4203419125,55.89001392000001,27.44764091,0.7165833162,78.38230379999999,33.77484803,0.5739571684999999,70.22961820000002,32.94777603,0.6684286758999998,43.5596012175083,35.21293543,0.34046082359,20.79353857,0.37281131869999995,10.066390989,36.38664086
2023-03-09 12:00:00,2751.7932203563487,-28.64441977694407,-187.88730251652487,41.26805569902773,-6.926014145456766,71.30510711992619,52.63256424206118,0.17829793122814977,4.209093877605551,181.62518586639558,9.009270245849109,10.101465495265536,242.46933959337358,269.1436255481277,-27.749637765966696,2.8535602971119087e-06,11065.080391321157,6.586862091605257e-07,5589.7047590987295,2.680157798652369e-06,1737.1844307156362,0.13136420004000002,77.0546925,32.88381901,0.2196478037,95.2440341,38.0405832,0.2046680531,89.00593429999999,37.58416011,0.25621618747,51.452429562807076,39.97348727999999,0.145069792785,23.90363876,0.17604526984000002,15.943842673999999,41.104867999999996
2023-03-09 18:00:00,2070.925788828774,-31.123173964570697,-219.60531755577196,29.38007416079361,-3.3994932246457448,71.59811652413791,28.398145756282666,0.12757583770846181,3.7661536908311897,147.63064979651688,643.9805077265329,677.84776536195,190.5177268994568,290.33050334952185,-133.6551752163486,4.51386517149775e-06,11120.168717203987,2.9306525736434245e-07,5649.830286512461,-3.976395256721095e-06,1756.417577508403,0.6796326018,66.95731995,38.548929689999994,0.8336020134,76.34200196,41.24230287,0.8480267359,75.80456878999999,43.188866,0.7895346214999999,33.34515807032586,43.579804069999994,0.5271693529,29.12476554,0.30009060962,3.4990703063,46.846239249999996
2023-03-10 00:00:00,2416.0177176944107,-35.65919799150544,-261.0905524633716,24.18303146867194,-3.5369253054147562,71.59512841570664,34.49744705011071,0.15182130870643365,1.748586618654853,218.0726062094982,220.65798050701412,256.093869464806,197.13588853351766,272.3897992577911,-110.73235738153777,2.566672198944279e-06,11128.603636133252,3.481480710091549e-07,5665.434832489231,1.7479234140132957e-06,1748.3206113585836,0.252404949692,81.37486117,41.62564474,0.3181837509826,86.26126205999999,41.70164498,0.33697414820750005,88.1207973,44.91489528,0.30797982849172,42.39318624138833,44.55270715,0.1981534828118,31.03199447,0.18472584151786,5.461619709,52.38107615
2023-03-10 06:00:00,2138.7630819711635,-36.884622862265815,-266.53835647117455,28.538626426951943,-11.078659584796958,71.5580124736284,60.54886699896684,0.14313669218457017,1.4647771397273894,152.32760305007645,-2.988907454221292,-2.18835925286698,200.04069272278585,237.79350580855794,-38.55744884274552,2.247430468246071e-06,11161.732904826567,4.0017123362551725e-07,5674.9190545610745,1.1586887917533319e-05,1760.4142161601594,-0.019290175595,74.05419906,43.23959269,-0.015599044018999999,85.6632846,43.28351672,-0.0045384615694,92.0628896,46.39131597,0.00015657653440000023,43.24720901250839,45.63328029,0.026203255922999998,30.846350400000002,0.005589718192,8.253240145,53.75591168
2023-03-10 12:00:00,3745.4847067435285,-34.92396584059519,-240.78395902362342,38.60776770113811,-6.454166698246873,71.35129215040811,69.43959522499975,0.24740813731643313,1.6543186892584223,168.58844901531666,2.742466512467216,3.426822972249745,278.5378701889628,277.0030315885335,0.8527458051122382,3.857860610041888e-06,11176.607639660431,5.213593953991118e-07,5664.593824100352,5.932925533458544e-06,1732.066155743866,0.06880768491,44.0033579,20.790553359999997,0.100978555055,63.05835683000001,27.873447570000003,0.005552354296000001,50.395250700000005,22.16195726,0.07782812524,27.764814688816372,19.94615579,0.013464959638599998,14.22334719,0.06144951845500001,4.719517957,24.36263441
2023-03-10 18:00:00,5835.713690860413,-29.679005768117413,-217.52535362191287,19.906692523026372,-4.216915731740015,71.27777048737751,91.08430229833841,0.3883223663633908,1.0261031924753825,194.24120178422424,153.66116055236031,191.62183195638693,291.44729863518745,295.3227165249401,-41.83738950955733,4.81948722217187e-07,11201.300332142104,4.651875399680087e-07,5670.970219390935,-2.4450497944083036e-06,1712.2848068979526,-0.004672376855,32.79656118,10.072946170000002,-0.036246625149999996,20.9912025,13.46160564,0.0016287125600000002,63.6393123,16.23548849,0.04434168487,15.147411594353855,1.4921003,-0.14779119518000003,15.976935610000002,0.0189125,8.30574034,2.43362431
2023-03-11 00:00:00,6568.598549230419,-30.621029578042908,-231.5285335195367,13.439703104806561,-3.542859641025818,71.00724911961004,96.65139461879812,0.43623474064530493,0.5013426774542239,204.4226834112865,41.87853994710146,57.46066807558272,297.1448060135997,297.66677328434025,-16.114542832542273,3.016050715741679e-06,11192.931318609764,1.6981546975403344e-07,5646.3586016937425,-9.100946410244234e-07,1674.6545979900056,-3.413312999999969e-05,11.05889952,3.18773287,,,,,,,,,,-0.09824408962000002,15.999479860000003,,,
2023-03-11 06:00:00,7095.339501131222,-28.22740736153103,-225.97111319125418,-0.15185429900595038,-3.098540426214309,70.76898799312433,98.89019997484357,0.4633968480003622,1.3552590548933827,264.82270909620075,-0.7206544582591777,-0.612291437360583,299.40286717988744,298.9340825095962,0.36062511559257576,2.340239931535821e-06,11175.50771612756,4.544843235290533e-07,5621.092543018504,9.427220635623501e-08,1663.083929656559,,,,-0.0007867716,2.8686266,0.59664285,,,,0.06910182,0.6529755,,-0.0032563189,0.295213,,,
2023-03-11 12:00:00,6667.368920882482,-23.588174408786795,-196.61870418410945,-7.913308913815088,,,,,,,,,,,,2.2998536562354296e-06,11135.858900073497,3.2728174553133665e-07,5582.483843433628,-7.523718751319868e-07,1652.216115481173,,,,0.0067059486,3.3041365,0.39589036,,,,,,,,,,,
2023-03-11 18:00:00,5047.717971228744,-29.746243017657818,-224.60601342851294,13.363930712749578,-0.28029077742408764,70.94639626509951,49.087623482141396,0.289387214068519,4.951948874492779,302.8895755559498,599.893414671011,682.5923391585908,271.6021473395576,307.8803842452752,-119.0012573233311,3.7494846129984544e-06,11105.61451621028,2.0483903849411024e-07,5592.634282699519,-2.9659383824650308e-06,1668.2667838649456,0.1494650408,53.79473860000002,12.26191967,0.39003797380000005,73.20515230000001,17.36729059,0.4075541366,65.4484174,17.862002200000003,0.4343255761,48.82457768917086,17.412859039999997,0.17532306106999998,7.7838680600000005,0.23218193150000002,18.108919049999997,12.878826020000002
2023-03-12 00:00:00,4886.710010794656,-28.285372822112308,-210.77621547103445,15.506767105864027,-2.50381059820867,70.98013214070784,65.82400440657347,0.3227026832909365,2.34198290590903,268.36670805673873,127.2811554199295,150.35222999449866,258.3975417003554,288.16645976560994,-52.85917542632062,4.866450835175189e-06,11077.454063738945,7.418890786513482e-08,5589.799698499564,-2.0457819222932594e-07,1679.1907150704353,0.0412775536933,145.90380580000004,34.61629031000001,0.12506240840809998,174.16389719999998,39.22265619,0.062295315490999995,170.2992967,40.563606660000005,0.030720959625999997,123.76781138781742,39.029983740000006,0.0024048142793000027,25.853302459999995,-0.07695186213980004,74.58337190000002,38.6096063
2023-03-12 06:00:00,5035.2991885288775,-28.726562236015518,-216.20880068904512,13.603697199079045,-5.340145056909944,71.06449318522922,87.37119199719697,0.3385858898078826,1.0895167114707693,161.11310838347805,-1.822707037027246,-1.3905739811947282,266.44628762176336,279.6765651135795,-13.658417529208538,6.2060372848966256e-06,11047.174362277136,1.793237929114134e-07,5589.9298060097435,1.9654882173072866e-06,1704.4487129511908,-0.0239862103507,199.4361533,35.1556837,-0.0207584783014,184.0202785,42.076793710000004,-0.009582738285200001,190.92580230000002,40.569358830000006,0.006886114063416001,120.83437664573017,39.833138219999995,0.110083902177,28.23426415,-0.04657216303099999,88.79712920000001,40.33610899
2023-03-12 12:00:00,4704.059897954779,-28.98815237777551,-215.19936002019497,16.705859002009078,-5.936047860909625,71.11954921284715,83.69635174362477,0.30693527773497,1.2491356063968126,193.15802829404703,7.451624637334001,9.34866182762431,267.78401677342697,278.4200640646437,-12.53506678884025,6.992124930548226e-06,11014.11893264097,3.6366290635696734e-07,5581.932564510554,3.3775259098503005e-06,1717.0377712632417,-0.014713274864300002,98.20433820000001,22.569326410000002,-0.030828243029000002,85.13878436,31.341697420000003,-0.038881831870100005,122.0293839,28.382542530000002,-0.0008289436300000022,60.485407050535954,21.41959627,0.077310637834,27.35102904,0.004036555855000005,76.04682038000001,43.06148997
2023-03-12 18:00:00,6023.352703414934,-26.59859655280476,-201.8283905799579,10.960381842480187,-2.817514305357472,71.21655534974828,82.05999485540303,0.3931398110989608,1.4208672830345273,222.69337281274176,389.96919301024553,453.2393577658988,290.36919590473195,305.4460423229076,-78.34082386795862,6.9130309924285965e-06,11000.719192575663,2.441855291835629e-07,5599.685568518002,-2.781128721730322e-06,1718.386119812754,0.052047975470699996,127.39737876000001,23.522069820000002,-0.18581895451,90.99469267,27.32871574,0.049587384573,84.20479909,22.4658489,-0.0190918762,84.62267199668132,19.524941260000002,0.08082093062,20.96674446,0.23028955141999993,50.198934120000004,19.481741019999998
2023-03-13 00:00:00,6293.863316358571,-26.82932424238317,-207.9915641372817,6.643029801783674,-2.9847676623188106,71.21006545575214,88.5937452753837,0.41823825325177555,1.685229565804454,211.65702750488637,114.80556326824825,137.14733472696264,288.3332450335073,299.23336068051697,-33.259664139384185,6.639898069616911e-06,10998.156102162704,2.6117707157816545e-07,5604.583144397133,-6.373138580608774e-07,1716.3107837641357,0.009526724834000003,182.7704613,29.44403379,0.006146410884000003,177.77860880000003,39.84088589,0.005232678648,160.11437960000003,32.10289411,0.014775291285400003,112.85896307690128,35.81998722,-0.022572416741999966,22.364843060000002,-0.049585371850000004,41.81378807,28.703057150000006
2023-03-13 06:00:00,5664.279817097785,-28.359330773491287,-221.96240894298955,4.9122372449407585,-4.89411000161598,71.33574798343881,95.8954557429993,0.38830480167535153,0.8270543869589875,164.75244251625725,-0.46710284775200644,-1.2678261271378806,281.19738800598327,283.0935630577198,-1.0927229144345298,6.555372541166905e-06,11002.028246698545,2.9106740033998803e-07,5615.880968203119,2.1221387782931266e-06,1744.9202066213118,-2.8384861999999976e-05,16.6197259,2.9326678999999998,-0.012079509227,22.81425596,6.44347002,-0.001688322878,61.78429939999999,13.7497344,0.005131327465,13.15217655979982,3.4045945300000002,0.019333449503000005,23.710596309999996,0.022665082175000004,141.96528669999995,42.376394010000006
2023-03-13 12:00:00,4219.377628553488,-31.719700996600956,-236.7789461857227,16.978661787084935,-7.2839521950567265,71.3834803674433,87.20766356499871,0.28713032975501196,1.2332494903607412,153.05133990566816,9.003270012556372,11.52592100421408,256.4200989836638,267.133126275714,-13.22944209660839,7.0475340457597416e-06,10988.45172301055,2.6718632676264397e-07,5607.127191917296,5.3796117511406186e-06,1750.3106724139298,,,,-0.0299362013323,75.07195524000001,54.56161473,-0.018832964328300002,160.84673150000003,43.27147897,0.19186675776920006,69.58046923214438,25.357763300000002,-0.004036178040500002,29.256541329999997,-0.009787670299999995,84.1604671,50.1242172
2023-03-13 18:00:00,4855.0646571093785,-31.439510341550353,-226.55550471816173,24.960578014241094,-1.6481948037358811,71.43386714028412,58.23016475099673,0.3045209965289457,1.860226154013171,213.17397896642584,540.7269301224596,631.2848174518371,236.0815486171826,296.72197025466556,-151.21125818519891,6.5497161747910896e-06,10990.002126651765,1.9303754466011763e-07,5621.065917330782,-2.2025783549685626e-06,1739.2078388757593,0.19696366903600002,167.59170910000003,38.80891215000001,0.294846758421,164.4707735,41.88636489,0.31861709279350003,175.7805082,45.39377856,0.218995825325,125.52884340286258,44.51006558,0.167361170171,23.73049824,0.167269487752,82.1720028,52.00012071000001
2023-03-14 00:00:00,5087.54731855072,-29.709332043133315,-212.77435320140967,24.900303143656878,-0.8550222884103035,71.34824153213819,57.90496195057143,0.3248695348634789,3.337969620062589,222.80042749769322,266.3220173081623,298.23373429385487,236.49800886311962,302.478229770885,-97.90657356956903,6.376596781527183e-06,10984.016832682131,1.6160130594587416e-07,5619.361405403428,9.094675121589669e-07,1723.603720935896,0.303834866879,163.4563081,39.29617127,0.42508357885000003,168.6210339,41.12025052,0.37085308095200004,169.26224140000002,44.45390937,0.310878820278,126.18842613697058,43.62079584,0.266076826203,30.228047959999998,0.25394497272,86.66259196000001,51.711476860000005
2023-03-14 06:00:00,3660.034100775196,-29.200229916023602,-223.64353085245688,9.958308475731911,-8.278559673524736,71.48114978929883,79.63427591910387,0.24026147698915534,1.2463192298698293,147.80868547714834,-2.8034315339190754,-1.7149760116625645,220.86891426459283,257.98307906488327,-38.21806505113177,6.1773421569368e-06,10999.499653948697,9.587697730398021e-08,5629.999609884369,9.437049316568214e-06,1743.6809866469844,-0.032828644657,125.9289288,41.128902659999994,-0.037561398494999995,145.793894,42.720326730000004,-0.022871209193179996,155.2409549,45.93549022,-0.0120144799526,108.33973395824435,45.078310880000004,0.0017165959349999997,30.59725158,0.008326928808000001,74.68173763000001,53.235545349999995
2023-03-14 12:00:00,3764.165607147058,-29.292336634824366,-223.64421435309828,10.694478725496612,-8.74738056932943,71.49198832804355,84.65914425681444,0.24569587853107508,1.2655325624410583,151.4338969556604,7.75597768685668,8.961579051943204,239.41228594743737,261.72087347537104,-23.504102561223753,4.050569868217691e-06,11028.881464811615,3.26998250008011e-07,5634.729475237346,1.1253373253975981e-05,1752.1383503339666,-0.0233810999511,125.994612,41.452049290000005,-0.024094360387000004,145.6380757,43.10777701,-0.0016554688123,155.5806336,46.371116900000004,0.008886256802,109.04996132850643,45.18269221,0.019886681997,30.39460956,0.020362254709,75.35820782,53.77778491
2023-03-14 18:00:00,4927.367543112996,-27.069616425378822,-205.5257183273825,11.031213075648129,-2.0040922010796995,71.57932028384778,63.22726296067286,0.3241126154810492,1.5046703505052075,183.38246571268985,622.1493981112617,635.039916017653,217.1919495660061,300.89466934774043,-96.57795063619048,7.646027627663776e-07,11126.701534041336,1.2489909699456816e-07,5676.576066810059,-2.8845165455860315e-06,1748.5353852697742,0.1314973409775,171.45999030000002,40.439101429999994,0.176481379781,179.87822920000002,42.3111763,0.1642951942322,183.5408952,45.84044962,0.1063741316991,138.1191729307175,44.78113155,0.021940246013,30.45055703,0.005764645181000002,90.70408780000001,52.50545490000001
2023-03-15 00:00:00,5613.001051790369,-27.15384276142717,-196.71057376234205,20.52016832907535,-0.3928483882598356,71.41668414303878,63.36402951484843,0.37053411524042645,1.110525325354335,184.46161420519462,202.92919901559924,215.9530754565095,251.3301038719538,307.4146314993791,-69.13623019349856,1.7067127626167757e-08,11187.535515465624,4.885043835789872e-07,5677.260693195855,6.90870334667417e-07,1720.4762544824182,0.083636250936,195.8713992,39.56659671,0.1160661257203,200.1647527,41.2916057,0.083850820558,199.6022875,44.680427269999996,0.02231508152655,152.67188036441803,43.94700561,-0.0027978834146999993,30.57085254,-0.028056199147999998,107.0552847,51.90747131
2023-03-15 06:00:00,6374.601609009194,-24.19731327948616,-183.99889435702363,9.579611878865634,-2.2481099637071837,71.37573016411952,85.7523098319227,0.4298805671458903,1.0393520888785224,185.77747433813127,-1.353852478484052,-1.025503407765819,293.97133205049295,299.56609661928184,-5.926814666541224,3.846647957493735e-07,11201.020835864683,4.5551330606688337e-07,5673.300751178879,4.533605748897682e-06,1724.9023620605692,0.014259792783700001,172.37609920000003,31.018575580000004,0.022936548204699998,192.94823530000002,35.76012299,0.026069036682000002,193.86492140000001,37.6983131,0.03246278382178001,150.98490613318697,36.57699983,0.12372549218099999,28.0401763,0.212994688561,77.8444727,32.50575627999999
2023-03-15 12:00:00,6832.24189567402,-25.075101692858624,-190.84898456127934,9.751828981589641,-2.839087490560546,71.16391009454574,97.99476538481181,0.4692758483912189,0.646517816688302,184.6668419708403,3.7683818847236905,6.624722288901165,296.9889665702223,299.1538928452672,-5.018197266340118,4.44075716341978e-07,11196.18377183642,3.0000077319651915e-07,5655.883167954077,5.618471195394419e-06,1694.9210152665644,-0.004217640060999999,166.73160620000002,24.341782780000003,-0.016873700147456008,104.33095660000001,29.82377308,-0.0065369816732,161.29099079999997,28.53703011,0.020583463010999996,75.12743285298345,30.341804279999998,0.0423770722888,23.474837259999997,-0.0039814765965,56.27028465699999,22.935715530000003
2023-03-15 18:00:00,7278.252051164614,-24.936857550642067,-194.13821716987835,5.3566432352582,-1.1394524087035012,70.99936043169947,93.44289183986209,0.5169507764384549,1.0781299390582904,196.76871765759077,254.44600491590504,326.78531282256534,307.69790432311447,312.4496421665252,-77.08336926352575,8.520165401837612e-07,11184.343506922572,3.64589632899502e-07,5646.789629358094,-3.399569798745373e-06,1672.2595830669782,0.013378584627,113.12569076999999,18.226693570000002,0.22221599477999995,47.263406639999985,14.977729229999998,0.018587623285000004,68.8190449,14.212920530000002,0.062128477659999994,28.74678205660295,9.12596463,-0.20649849155000002,12.3021102,,,
2023-03-16 00:00:00,8364.629685820399,-27.099167519679007,-221.76499505073167,-4.971654893299608,-0.2813426544009321,70.72987795509675,98.68931363407522,0.58652638288935,1.1791789695787402,176.84584250272417,61.92765812820106,87.6296871658337,312.21348274584767,313.07564103265304,-26.581339702047664,1.067792076886797e-06,11124.392489098565,5.859124593301983e-07,5608.050778145675,-1.97339974356435e-07,1640.3998187544544,0.0015263544670000003,23.8599383,4.55423202,-0.00044847613999999966,18.5656838,2.75066898,-0.004195774249999999,20.274027800000002,3.22262922,0.039742361000000004,3.5387771,,-0.0132591022,2.9026539,,,
2023-03-16 06:00:00,7744.123167728882,-29.829351136712148,-243.43291851680897,-4.798109423111757,-1.3124779781548428,70.61257821674724,98.68636557416133,0.5383641214703972,1.5550654338453902,175.9046123660021,-1.1589139933548087,-0.7640909003602154,310.26535959763635,306.8439355729984,3.026862410426459,5.9458915177016615e-06,11040.102697795232,4.6731446305012297e-07,5583.059547367611,1.1125271983890339e-06,1644.8609551512184,0.0003820773700000001,30.781155199999997,4.4809532999999995,0.0157490981,13.7150228,3.09497195,0.01383999531,5.8469938,2.5965642399999997,,,,0.02166142862,10.197638950000002,0.0,2.1747394,0.7450319
2023-03-16 12:00:00,4838.77223329341,-38.803456445756964,-300.1275342468901,10.30011731916556,-4.538688970355543,70.6342472200695,79.68147584647284,0.3318269904536306,4.169692354505967,31.6960065571684,5.034979382028235,11.213680538104711,289.84351144913154,281.4006787536218,2.275608063896773,5.174628495886651e-06,10976.522872488702,2.5873640442758263e-07,5554.515649912094,7.660195363578662e-07,1655.7186293440623,-0.02887284398000001,55.711460200000005,19.64808897,0.10091599309499999,113.89024896,40.840891379999995,0.119522871415,120.1402683,34.93048616000001,0.32868691119,78.2287926077843,36.453878499999995,0.15835663447999998,23.36815957,0.21325914184,76.41278527,40.993873019999995
2023-03-16 18:00:00,4193.936541625284,-37.5018160686796,-278.94624806106617,21.068280488370597,-3.0849889776293336,70.8536277582707,56.87051304756308,0.26644721928594856,3.985901084319255,284.6121835174365,643.310734070172,695.4966990377956,225.9505898402582,300.01781715273574,-126.24850157037699,6.1874191420118945e-06,10956.279598783687,2.713465698814544e-07,5554.956095304126,-1.3856230451632903e-06,1686.6885499412438,0.5291202424,137.8363635,39.15219786,0.7911772987,137.72540569999998,41.15836215,0.8844875606,142.4945232,44.74752223,0.836162612022,92.167860865593,43.326753509999996,0.56376750683,29.72539162,0.6793853127,53.592157480000004,52.03059442
2023-03-17 00:00:00,3638.9705841672107,-36.97449429898274,-276.35977805186565,19.43617633999635,-5.356714208341297,70.99033508457174,62.121982882752036,0.2409820323701951,3.876220196764406,184.90504192625545,242.7128107434788,259.539670999676,195.19008874373193,281.1656994446166,-102.81817843670335,6.373323773865445e-06,10949.782157405878,1.5371578493686398e-07,5558.880963621532,1.1463749537948356e-06,1717.71007453947,0.20450151038,92.94113189999999,31.849521740000004,0.39693364959,132.67324250000001,40.59124208,0.40805480094999996,132.40363900000003,44.32107811000001,0.44172486698999996,88.93830996751787,43.9479408,0.26890879826,27.11810218,0.3686132106100001,46.61759211,48.67160491999999
2023-03-17 06:00:00,2153.2881439627804,-38.19930114972837,-293.9965852421069,11.597823955720052,-14.088106620106586,71.17828012070535,80.97849014548854,0.14805093806930003,1.649610129899937,236.1156378695106,-2.753377016912003,-1.7697243896310237,196.40448003853137,233.61553423261296,-38.21143399016807,6.808924914176393e-06,10939.409595754343,1.642343319436287e-07,5565.885191920698,3.5844784733704137e-06,1757.7828306180231,-0.0484140252503,68.71776808,42.29439922,-0.070311963974,97.6168539,44.12118339,-0.05116124582,104.98902680000002,46.688222859999996,-0.053733494112,59.38018214702607,46.46918977,-0.0355217339716,31.225043230000004,-0.056796168003999996,27.00980061,53.249637009999994
2023-03-17 12:00:00,2706.5608655951123,-38.617050271930665,-290.78406904292876,18.152333132516624,-12.106053206581478,71.12870749135428,80.75947457745502,0.17555722216904818,1.1526901362181918,180.0882445925202,13.43085702702985,14.17866642095095,242.25304212253343,253.57574859593672,-12.069892873800248,6.486082004316994e-06,10922.033205441363,1.3820957001830753e-07,5546.84910866081,1.408803305777127e-06,1759.165228805607,-0.0023889192485,87.26771298,41.55341678,-0.0033190352273000006,109.11434080000001,43.754257749999994,4.583527993999939e-05,115.83096090000001,47.05321013,0.0035053907811500007,67.37686574459077,45.812359369999996,-0.0004756925264000003,30.80478962,0.006242429457199999,30.990247980000003,54.03064
2023-03-17 18:00:00,3130.2371294290106,-38.34602023744695,-276.9892483306537,29.77891356892193,-4.894167137281037,71.20556663251215,48.90510673204645,0.19494499028022647,2.9954906472412235,285.734755219107,724.8980068523971,742.6609516908311,196.68255327839495,295.78235370768374,-116.8448895222936,6.471593604976581e-06,10920.734534263389,2.3355923160907638e-07,5553.886718772342,-1.8913620156553021e-06,1747.1478834580396,0.324579604312,108.92995320000001,40.2042075,0.5356084699457,117.37328280000001,42.12348926,0.57367903719,117.4560283,45.74981467,0.5982552317335,71.66471362113953,44.82946525,0.404404742626,31.27742164,0.42057338367644004,26.63227453,53.225423629999995
2023-03-18 00:00:00,2266.167012809725,-36.839095955525224,-270.59488036401854,24.117887280183265,-7.316442287670461,71.2900238052296,43.56023523617138,0.140881870939789,3.29813729227582,271.4982298105068,239.9968638262879,254.9660093543603,178.6686214539377,267.271508434359,-103.59390354034821,6.4768184868228086e-06,10911.892771612,3.6116804897273064e-07,5553.586972832682,1.4078542526687147e-06,1741.9367893779681,0.1958438832021,69.21534555999997,40.72662998,0.324247075311,81.4024258,42.44694999000001,0.3854422844373,81.3570987,45.64326061,0.40907269602900004,35.82406944036484,45.124937349999996,0.25961757047,31.36236924,0.107904685992,2.7194022239499995,47.27045308
2023-03-18 06:00:00,1450.53419613708,-35.78421121454667,-276.8491052891198,9.424584427253508,-17.15939872836645,71.5039061941246,69.34927861040501,0.09676827617073484,1.2348681891772262,123.54780230466372,-3.7956206688664915,-2.11404489558238,154.58399099175432,213.3059133538881,-60.40429773594689,6.680565955172694e-06,10911.947786340479,2.3416035534919856e-07,5562.569442604236,1.0589583445543248e-05,1775.3297966338423,-0.037518404650999995,42.98523184,43.40858463,-0.06671127182,62.25310526,44.923930240000004,-0.0450073144105,68.76574277,47.85561012,-0.0035264243368000004,21.697726987302307,47.45856003,0.0352410887693,32.47394899,0.012651581298,1.0779035303,12.87319062
2023-03-18 12:00:00,1100.3829103610142,-39.86109023194611,-293.5763413540786,25.312380501490388,-19.902915311929995,71.63680901660156,66.22337990947949,0.07088639365804698,1.0987359689652973,149.20965008647812,13.82243443126902,14.957255391113764,149.11807405071795,199.61478868396227,-51.63125115354748,7.756281352310808e-06,10901.129474030879,2.3348807833427043e-07,5565.134258086187,1.5840196843765975e-05,1797.139057504596,-0.022103291018,28.7623398,43.99007369,-0.041220666283,46.54732342,45.40353064,-0.0555051395285,51.875115609999995,48.54797473,-0.0478647128788,19.55183158814907,47.661729140000006,0.009693705505999997,32.087653329999995,,,
2023-03-18 18:00:00,1540.741213693998,-41.20939373056814,-301.79900473234017,27.876145112204995,-6.974058235895612,71.76483190487085,26.388707516314767,0.08611528959694423,1.8065504137419663,231.94279024102116,714.8990424557285,721.0910016216877,166.9206150895685,278.05258335924367,-117.30490327430773,7.153604647540694e-06,10913.471163852753,2.048088387160589e-07,5588.835141243931,-1.4505394066960425e-06,1803.788978724128,0.237784585655,62.87413384,41.33027770999999,0.37458459146999995,65.97796429,43.227276419999995,0.446359639878,64.02060618000002,46.84202032,0.327659535688,23.154508493840694,45.99832485,0.23332132856399998,32.0669798,0.02892566205,1.6866467489,20.30523455
2023-03-19 00:00:00,1639.006936775018,-35.73822203231913,-262.6546473967585,23.251128861794466,-7.230239986096311,71.66993766372188,28.53108784813226,0.08967039686199754,2.0318630292396413,263.8251363638682,242.59873005301677,257.3279655962315,168.93308236285534,259.51459593750155,-105.3374623285547,7.113852131700279e-06,10916.565003119842,2.6951046677761514e-07,5596.105217577212,2.523056808295869e-06,1782.9659071708952,0.084226674852,61.881523200000004,41.36538296,0.1525987373435,68.00798744000001,43.011853450000004,0.1082493009684,62.98254967999999,46.19733554,0.09350428369899999,21.395577117800713,46.011079050000006,0.065506582351,32.442520290000004,0.03526576445,1.7993306745,11.17890748
2023-03-19 06:00:00,1335.9934555640455,-32.579486260078866,-268.93800801670886,-8.3021179360779,-17.348064052931228,71.7870778488126,63.304317873793536,0.0857025439026077,1.431067798651392,197.9012507584999,-3.536701706197471,-2.2976978048695886,160.46527579647702,211.36637157574998,-52.14334724050493,6.92523345949156e-06,10929.502235962304,2.0593292394146278e-07,5605.788454104529,2.5963815644498304e-05,1804.0351473069563,-0.032389888694,39.7193948,43.78856019,-0.04915645229,57.494684910000004,45.27410007,-0.036677630781999995,63.1667702,48.377963320000006,-0.021502950564,15.648481488227848,47.66995167,-0.008231510066599999,32.22187116,,,
2023-03-19 12:00:00,1133.2860162141856,-35.8727451343228,-274.3449295422863,12.63703153229607,-20.174771410353863,71.66430080512768,71.57368429270383,0.074794006916743,1.3977979718819256,131.91420663564065,14.27722303950218,15.436568379874819,160.42732693992062,205.57507059289847,-46.30719437756274,4.458413508491943e-06,10936.331500621867,3.462128682196945e-07,5605.382532328639,2.554197084143862e-05,1798.1209300066791,-0.030929407647,33.04360964,44.02932686,-0.0395359725178,51.37760836,45.52186431,-0.0253567466355,57.60104505,48.68252229,-0.0029493303610000007,14.060941115021713,47.74078969999999,0.011392824056,32.09538229,,,
2023-03-19 18:00:00,2535.00646125205,-33.738050954585646,-240.13620164974236,29.76820598694279,-6.444539541258858,71.5641222180968,41.07633946602037,0.1484309757695795,1.5760299234614266,189.15391417273446,676.6974264464786,689.6000806549245,204.32806184458232,286.01847727686555,-94.5764080838604,3.341674991845601e-06,10971.925191973765,2.3858596158138736e-07,5611.005992829212,-2.790966217219162e-06,1772.8913791586415,0.25372371316639997,82.85027323,41.05669096,0.4025530203328,87.83686717,43.011810370000006,0.40804678033982,88.17618454000001,46.58589669,0.30684960944503,41.89901088178159,45.80821672,0.137201525317,31.92803053,0.102337685993,7.70850879034,26.863405560000004
2023-03-20 00:00:00,3350.5901612426906,-31.044114277333478,-217.61072661248176,30.742187606186064,-4.55356152592805,71.21653996458625,50.711162417844314,0.2085361970199899,2.395404682607772,288.7170425214499,234.53077488145874,250.01215941240054,207.07620488283206,280.9769876119087,-89.40827855092105,2.684660384397081e-06,10987.155087145265,2.3972312757738683e-07,5593.62340521814,1.3612018193822098e-06,1717.238673193394,0.054962178884,110.42305089999999,40.30545255,0.09593585188999999,121.5352469,42.10245867,0.0944924709761,123.0757052,45.35153142,0.03489501502100001,78.16444134712219,44.931738550000006,0.010520401318499996,31.56252836,-0.029414122310000006,35.160720170000005,52.606988030000004
2023-03-20 06:00:00,2843.430748953464,-32.41066181748934,-240.0820440952163,19.20325044469843,-10.3997262113584,71.03307040311412,73.85075894387353,0.18533776767373455,1.2906214526863122,170.39970702902272,-1.9784744854783316,-1.6009862538612807,231.39310138448457,252.26584898149397,-21.257107123971064,4.300828595641502e-06,10977.301931664664,5.415838213711522e-07,5577.252798784533,1.4243818442517996e-05,1713.163072077765,-0.012501259655,94.0180045,41.58804248,-0.015897554046700003,113.0557038,43.211561839999995,-0.0109819172442,120.0193792,46.39941522,-0.0019131696244000004,72.95733058452609,45.535904259999995,-0.0013261134623,31.03256168,-0.0053923161555,34.97837666,53.63355941
2023-03-20 12:00:00,3810.5197794083138,-28.77494883470014,-223.5498271038833,6.649763573717817,-9.09199239585762,70.76582052455963,87.064411922868,0.24568638484481872,0.61762903147151,198.24996869957974,6.829724625128445,9.023897324559403,271.07024005324035,270.4410680686536,-1.5626284970845759,5.659588604927064e-06,10941.497539847214,6.186233752314788e-07,5541.395817253746,4.482430080697576e-06,1682.0294236943337,0.0034519269558,38.63918460000001,14.87462825,-0.0009610102729000001,64.1690581,21.288304169999996,-0.0033096299516999998,47.4918624,16.81169865,0.009842242385400001,30.79421039122622,16.08541885,-0.009861839424600002,15.475731750000001,-0.008865054236999998,13.885786359999997,17.89281905
2023-03-20 18:00:00,5131.540242355257,-26.01420637989022,-206.5098184776815,1.6038325614402635,-5.407845215866478,70.70645667983781,83.82617280885216,0.3235752620441839,1.1805365293994674,198.1891676882592,361.3565386689551,434.9121438009053,281.8709041273743,295.1650016539944,-86.84591861719525,4.781473102605973e-06,10953.366715751186,3.284572021587986e-07,5542.860435989151,-3.40651100892095e-06,1661.6893360340625,0.030243831574,64.94650317,19.929749540000003,0.066858615828,150.9621286,33.3336058,0.033188033001999996,85.15211359,24.09384318,0.021475329945200013,88.48635127880448,19.95846748,0.03622865845999999,19.730375589999998,0.1714471554,21.32213067,19.29639999
2023-03-21 00:00:00,6285.558561201657,-25.420523361911087,-203.60219567531078,-0.23800878002209172,-3.60704737819655,70.47273935821484,92.49533021521384,0.4150320153594812,1.7126197632758868,166.37261897897872,116.30955268139293,135.10601539321053,291.882858594886,298.6033360269896,-25.535868519201802,5.4164163096563244e-06,10947.609718092595,3.855985816855501e-07,5533.623599288049,-6.240532433744914e-07,1637.5593388370326,-0.03906613275200001,65.19258560499999,28.981580479999995,-0.148512474399,101.64844234,26.995424650000004,0.006556235051,43.05998615,11.07110539,-0.049633638669,38.79709124083305,14.697711750000002,0.054317363228,10.04073643,,,
2023-03-21 06:00:00,5929.2106967567815,-27.911077490946802,-221.46309429784554,1.8255256297289282,-3.9937082596730975,70.47826367236598,92.3504576165507,0.40090566406988726,2.45507416605493,138.704546574565,-0.835951712175379,-1.0664462550946543,291.5619078366944,293.8089805996924,-2.0125584658557405,6.315670410619836e-06,10948.128798847403,2.6626227727618505e-07,5530.024661783964,1.366971764100953e-06,1651.1507865144263,-0.03668647411,22.22285585,14.330202840000002,0.07119844527000001,59.80539774,20.64437818,0.07279210115,38.0497537,10.09611731,0.20301008984,6.154094639184034,4.27414526,0.0029117929000000006,3.65481054,0.009116157259999999,3.7203606000000002,2.09190016
2023-03-21 12:00:00,3465.9682863495677,-30.76728950002342,-243.2119850015888,2.9263309985985524,-8.744059968498068,70.64267222085283,77.15732310861696,0.2276211974298994,2.8051009573741257,221.69312288309328,10.51785055083443,13.84583927183584,210.183401442186,258.0635689458083,-51.20589829609855,5.000836026305789e-06,10985.308704349167,7.586024249290507e-08,5531.949113116053,1.872185253584194e-06,1662.7794292843716,0.016046946202,85.1706421,42.40301896999999,0.041861336683999974,143.3217826,42.0222629,-0.02358298378749999,126.15582909999999,44.014071130000005,-0.200971842862,85.23500657081603,42.27264453,0.016648134210600005,28.819558100000002,0.053713870133000004,41.01634270999999,46.0869429
2023-03-21 18:00:00,4224.659323505706,-31.058535735731553,-244.48455798890805,3.9837278969444165,-6.074520876362477,70.77607487108983,71.85765894989973,0.26174057036450105,1.3835067042792724,211.8164768489794,362.61641034525394,418.69502966601925,267.5119955256434,287.7539830371385,-76.31404514753345,4.342957325728272e-06,11051.65738541366,3.62735402057891e-07,5559.4941730199025,-2.9733095457244658e-06,1669.0743836405584,0.053638184437999996,122.35139446999999,40.891544010000004,0.073796570083,124.9683034,40.62340685,0.066393220843,138.2679165,40.14971206,0.04363493197065,95.30657592328492,42.47510858999999,0.04820260717,26.925190920000002,-0.005360460910499998,51.80392967,44.76673409
2023-03-22 00:00:00,5538.921572191577,-28.065226083185774,-227.58224354252104,-3.060434877034824,-4.940670367151915,70.7188078559153,90.88092490158832,0.3644984056172749,0.9771985508259449,250.80188200579596,84.30894447367439,99.72949746920435,286.4992061377006,292.56177023914853,-21.50121206234055,3.0885557056186137e-06,11067.283915050419,2.3304164642772275e-07,5579.390131785614,-1.095775511033313e-06,1662.5292980481133,0.017916929186,78.52542482,26.692912520000004,0.013961139418999999,132.8502307,28.209433150000002,0.019855839621,114.73787760000002,25.43664192,0.016852709769700002,73.38193661363681,20.59883342,0.0293845867645,19.29743016,0.010292829579999998,35.707655169999995,18.71427048
2023-03-22 06:00:00,5931.485256613722,-25.866979343438686,-213.29027016321822,-6.354435415708752,-3.2009443282811025,70.75987523051015,87.49815210929879,0.4011226885624732,2.50808028605035,154.4190930114583,-0.8550065290026866,-0.9395159225466739,292.35959568256385,294.6943092065408,-2.2470247965264574,2.9503855660626174e-06,11071.262349825733,1.441015004857767e-07,5598.334075514105,1.9822328775930357e-06,1680.5207455089735,0.02660363707,30.191059,5.63090502,0.0789139335,47.8829081,10.397373400000001,0.063705837446,62.0553796,12.906725439999997,0.1526087721,40.85281036516937,11.54203648,0.1227128972,3.61380527,0.019606995959999998,7.4514414,3.48220184
2023-03-22 12:00:00,6664.241969083441,-20.037177231030675,-176.81154600757537,-16.51412815932997,-1.5648979902359594,70.56499056019925,85.37151635167459,0.45373610427695626,4.828637551235504,123.8384083601029,7.002401499969648,8.078766468940495,299.12549407391975,302.29195839384175,-4.240303517674035,2.5645087507801258e-06,11058.237071658086,4.047872762569593e-07,5580.751889647982,1.3149889130953903e-06,1664.6398308969844,0.0031410814139999996,92.48445719999998,18.355812209999996,0.053358831019340004,137.38992199999998,22.6197272,0.035072155890000005,97.16720169999999,16.942888739999997,0.016940655300000003,73.59093392837067,16.553012610000003,0.023795495805999996,8.47844968,0.0108054321,24.4579385,7.7348042800000005
2023-03-22 18:00:00,7146.018424283055,-20.129747554465006,-174.84419574284718,-13.806215307127104,-0.7523538000259046,70.55091148591563,85.98261228114382,0.48975510586004634,3.9643585084916175,125.61449072757186,209.76868693136478,248.37239808738465,303.78717098188366,308.7448647412983,-43.546040916319185,2.8268559365903365e-06,11086.433528323605,1.8091066847036932e-07,5583.249386537971,-2.7385638486256377e-06,1650.7475166146892,0.0066913782153,22.8341402,4.13822093,0.07016936035,89.45628310000001,15.75218203,0.03602822843,33.778271499999995,6.247801079999999,0.061192839800000016,24.93092153769287,4.5484024100000005,-0.0039490277,0.80197496,0.017971180999999996,6.4214946699999995,4.42357208
2023-03-23 00:00:00,5001.381308804716,-20.315521853556415,-158.5266058200872,3.9975690083641258,-4.509791888527734,70.85514358288829,79.44975587329522,0.331110486813215,3.277385086199584,138.63933350796296,100.25276466750495,118.69166261633997,286.70254309886843,292.31910892068066,-24.0715497066879,4.142050755205055e-06,11078.282980288102,4.477994001651468e-07,5574.107004379965,-3.1202649153952958e-06,1674.7111219230392,0.009877882633,18.721370399999998,5.86377875,0.07098957122,102.26696229999999,23.48179477,0.02547793049,51.1352566,12.367301799999998,0.03998573172,31.296408386576843,9.688553249999998,0.007955566619999998,4.58690744,0.09017202703,9.0163782,6.6852104699999995
2023-03-23 06:00:00,3577.7001335080554,-22.421995474736743,-169.96495134039026,9.411012457503677,-6.242326480366533,71.08597572300468,66.0334117191598,0.237097183607622,3.339504121207309,121.03346192868821,-2.053896719940574,-1.3911770704090676,256.92967203233854,276.1988684319083,-19.923639522007768,3.70315483567062e-06,11076.137252473874,6.22966249198803e-07,5575.354634517063,1.057709488095676e-06,1720.4731920792597,0.030994792531,147.1675991,32.50902452,0.06453853247899999,134.96003960000002,38.482570009999996,0.056860005157,119.0129528,39.95233005,0.07729747552999999,73.30773653355487,36.96857774,0.099262908364,25.680463579999994,-0.006347343124999994,32.02389161,39.19923483000001
2023-03-23 12:00:00,3649.498909312273,-23.915107319424727,-183.1710294114995,8.14982914389833,-8.92135500818048,71.12864859316976,81.75673291762459,0.23283938057870598,1.0821884854077102,134.2771638359785,16.45088981767408,17.76597381424769,256.0616191463004,268.189277358363,-13.436046844079275,4.944698646088273e-06,11060.27708181067,7.721297481501197e-07,5567.678912399916,3.9199545424509606e-06,1727.784935710836,0.0021135323085000003,137.7836039,37.39879786000001,0.0003533209936000001,132.94904150000002,42.3139232,0.001564106959130001,139.4472641,44.58051402,-0.0019675251779000006,97.1057481765747,44.74777704,0.0149900492044,29.907346859999997,0.0020182975540000013,50.20636695,50.266345810000004
2023-03-23 18:00:00,3848.9083226864664,-25.48194602442986,-183.54130625016916,20.314261945269706,-4.700468572058111,71.13965987251646,58.903981503809945,0.2386725288217032,1.4439486938764707,177.03877306993465,592.7117574686246,639.0649541677731,231.35794288580567,292.1844155899745,-107.1672701575546,7.2716038869311415e-06,11017.746445551764,6.332736049276462e-07,5565.016856166838,-3.475778136265068e-06,1714.7630225829234,0.130166461865,154.3457785,37.35448011,0.18859688154899998,144.08515429999997,41.31344374999999,0.20154709993340006,148.08762120000003,44.913780179999996,0.18921818661099998,97.54366624171662,40.836951510000006,0.095978645571,28.258227,0.10181150922710003,49.408744060000004,45.65649042000001
2023-03-24 00:00:00,4264.84516858059,-22.79556476379151,-169.13493550688213,13.229582603449957,-5.053236426065457,71.01985157155784,69.73522192229385,0.27347051375619597,2.68283546194302,259.0873354871533,224.33935504917355,258.80790028706826,251.29418604833313,288.6900258286915,-71.90314263034328,6.586678651923769e-06,10974.364091786527,3.547910683784399e-07,5549.293536799892,-4.509204282314455e-07,1696.463674344197,0.07213268202,144.5581322,32.75110375,0.11310156856999999,155.8656069,41.63349061,0.104816186124,154.21418010000002,43.01773116,0.11297087802000001,109.86873996257782,42.17940934,0.09498000658,28.52416144,0.09184587433299998,58.83800002,45.68924667000001
2023-03-24 06:00:00,3139.0872870736725,-25.289466565663595,-195.1934218796381,7.122310645670702,-10.19389481156366,71.07652507243853,76.7079018424177,0.19709747341966327,1.5688147431778994,135.57332356580505,-2.162981464440003,-1.4428879634345824,229.01374902980515,254.10520925920102,-25.818067939905553,5.9223377551519415e-06,10946.348858206813,2.3045397670220744e-07,5540.932789601992,6.26651690973062e-06,1716.7942742188357,-0.013548778506,119.81582660000001,35.29412657000001,-0.023176117749300007,122.48288250000002,42.16852580000001,-0.02568376570149999,125.80759850000001,43.368926599999995,-0.019699705322399997,80.87886315905304,42.668507819999995,-0.012998839641299999,29.435061740000005,-0.020927499888,40.848787720000004,48.18196502999999
2023-03-24 12:00:00,3188.9822729329235,-25.32372963575378,-203.99354405962322,-1.4037069735929784,-11.304499979883431,70.87333326274074,86.00890420403547,0.20003042127842702,0.8805663917496414,180.60017510893596,12.571150747617981,14.629374229209471,247.11219359482422,256.88532948155046,-11.828072020431081,6.9499912982268176e-06,10871.550956741408,2.151743732863808e-07,5512.99844063247,8.33848989506404e-06,1705.9408071681016,-0.00898680181697,107.29892319999999,32.33140627,-0.010691073376800002,121.2882894,42.76691581,-0.008391115438500001,122.18085590000001,42.067334460000005,-0.0067541867504,78.92575848352928,43.09068627,0.003870788863955,30.64655101,0.009400099914499999,39.589813340000006,47.39681254
2023-03-24 18:00:00,3354.366986647238,-27.780712792646405,-219.8173501274615,2.4283522137097235,-4.865822081118853,70.77689310635893,53.49012222287062,0.2114733146665227,2.943454605478396,220.05067587542055,607.3288370707812,657.5903848736586,229.12711584935244,289.59103242930877,-110.70126306965116,7.989893415991301e-06,10822.521910139058,2.1206192233912448e-07,5507.377801662497,-2.4547546144993332e-06,1679.4519794570633,0.30235303385039997,124.1209824,35.033962710000004,0.456793380112,122.1365574,41.60022236,0.509465000661,124.29546400000001,45.273246979999996,0.42980879958199997,79.4391402602196,44.642748260000005,0.29066018422999995,29.37635896,0.321296142056,33.7420333,52.61638687999999
2023-03-25 00:00:00,4211.662738968535,-25.54402747440767,-203.79735676473678,0.5548630305245803,-5.606701335489653,70.54852601847524,70.73118194999519,0.2630763797628218,1.8409239364603442,199.92788786585638,155.55813916961895,177.83610153880628,266.82065660136345,287.606220429239,-43.098301100872135,7.855180422033549e-06,10801.27200825795,1.4682165348588465e-07,5496.44130017873,-4.28572270394418e-07,1655.9211420880895,0.16414861173499998,88.34252299999999,22.27497366,0.21129013936000002,102.84384014999999,30.23793927,0.2512316366776,86.80705640000001,28.071093649999998,0.2123722729773,61.004824847633365,28.327745969999995,0.092545200913,19.919250579999996,0.206686892269,29.800320830000004,31.340509419999997
2023-03-25 06:00:00,3146.858319546911,-28.564996612234356,-233.6756496557915,-5.1556767579166385,-10.678343746045996,70.71535939432322,80.76285978393737,0.20105272809527214,3.492222908438406,197.63581084029482,-1.1102230934126527,-1.0668641044428315,261.9156329630063,266.02366535121956,-4.1498153428444855,7.282088487738043e-06,10796.374005465235,2.0724873854297777e-07,5476.418367521545,2.6921861801044195e-07,1675.4293628652372,0.0068066034599999995,11.0140718,4.229063330000001,0.017791383496,30.730644100000003,11.10327593,0.01354793272,13.4060127,6.4660788600000005,0.009742140149999998,6.666782857324831,5.17002785,0.02409705739,3.4830927000000003,0.00464897302,0.312565865,2.27246785
2023-03-25 12:00:00,1914.6109958813895,-30.38713944445693,-259.20153259601875,-16.1044170403633,-14.619499740067663,70.69296698048933,67.10985817333392,0.11634072368567233,3.610186306778892,321.6347436862668,17.910503803895978,20.61062040798452,224.57827737556946,244.35779599332992,-22.465468507628803,7.486822230665634e-06,10798.587717144133,8.219978875521062e-07,5432.063798263349,1.9206586996917133e-07,1699.09918324395,0.0177715795655,38.393816040000004,18.723551649999997,0.07578935720499999,65.99635744,38.15695095000001,0.07297214358,62.35688415,39.177847869999994,0.08181597328399999,20.849680263049418,37.6601169,0.061046031935,17.323338229999997,0.03135875243549999,2.02829753,16.069233829999998
2023-03-25 18:00:00,2015.768629544547,-29.337951059185734,-246.41774415249947,-11.71413567901359,-11.647568896033816,70.71424785873073,53.8234011498246,0.1211344281234516,4.564862994190924,302.808513592706,588.0397562944052,657.1558579569913,216.65307878149548,264.99493790450566,-117.46123009944338,8.29831111418119e-06,10820.371684050104,9.952882474824957e-07,5449.63734810606,-3.4503142188566497e-06,1694.9925116079446,0.021002409299999997,6.970523630000001,3.7108448000000003,0.1419189036,22.60089248,13.336647220000001,0.14999837700000002,19.745940070000003,13.633905429999999,0.2002222978,7.366550591865113,16.76105446,0.08413077254000001,6.7753968,-0.11892463650000001,0.39707361399999996,3.0253338499999995
2023-03-26 00:00:00,2244.271411337355,-25.736216545660227,-217.82298977104696,-11.933257405765168,-11.738396921748917,70.7165619243886,62.42358545941272,0.1387287631006392,3.0006677799924955,173.03868028516115,182.26350224996654,211.51956722744342,241.24089613398422,260.772936276683,-48.81311782596216,6.843506524673982e-06,10806.862496562668,1.0420518978265755e-06,5459.932618959435,-1.4810667757257081e-06,1686.7205675115074,0.0569360078778,71.88278790000001,26.922690640000003,0.13889626218149997,83.34193837000001,39.0776711,0.13335770166035,76.39442519999999,37.299400369999994,0.13340191266399998,41.09859794895781,38.953608059999986,0.10326527107399999,22.96004968,-0.08267709123399998,6.1853533480000005,34.626208510000005
2023-03-26 06:00:00,1899.5122163612846,-27.908825043003908,-231.58876828794408,-8.318167943912803,-17.582032837099227,70.8451930149206,81.52802615167641,0.11081605693726945,1.0809473725276888,82.90582599678248,-1.966278645345621,-1.2707840983624745,208.30935957854945,229.59466448669934,-21.973943029365145,6.986216730099444e-06,10799.884830965297,3.1305854141904777e-07,5474.857084359038,6.279723770925936e-06,1713.4600144657657,-0.004909414444,64.36808417399999,36.129424060000005,-0.0058867333219999995,44.8238591194,30.523388290000003,-0.0129775797685,69.82219158,44.19852275,-0.043710429259,16.72044327822178,11.69666836,0.005528390781400001,29.015061550000002,0.002711913059,7.305272076599999,41.989993580000004
2023-03-26 12:00:00,1209.3207673558122,-29.48416772083204,-252.57242094131885,-16.699079174662515,-22.245859219356873,70.79048221521936,80.03626172870736,0.0700256649573199,1.093977058234831,152.43960424914496,19.518758650884035,20.95288377260336,190.8407595431957,207.02393821339166,-17.620250162092074,6.774240086649842e-06,10785.647326653834,2.7963253430857284e-07,5465.04275863573,5.79657029922647e-06,1717.8644553342265,-0.0051587059766,4.335833000999999,23.528215389999996,,,,-0.0008169266732999986,12.460743241,28.304413060000005,,,,0.041018286367500004,27.729713949999997,0.0023949601070000002,1.272562824,9.50220958
2023-03-26 18:00:00,2754.792802213342,-25.558255663031396,-204.16480182638793,0.3012434778632173,-12.253430171078104,70.82363396427252,75.9989836503346,0.16401429672512602,1.2392885615204063,218.74711961077574,421.09302738353665,478.24842558291806,235.68056045378,264.19815097904166,-85.66751437558844,6.797542531899196e-06,10794.973123571182,3.1387458026929987e-07,5473.344478644515,-3.733818756500181e-06,1706.290637477576,-0.0998478035,18.985410490000003,8.663388789999999,0.03322167810999999,33.59411241,18.342917269999997,0.046373993998999996,42.087920964,25.623776319999997,,,,-0.027604496338,26.28333294,-0.03512384296749999,8.2862361596,29.51964192
2023-03-27 00:00:00,3400.5921080663975,-23.637886384967956,-190.1503573927527,-1.0472663130090427,-10.372292959441374,70.7861773258191,82.56211334942162,0.20715663441365328,1.0668267415338248,199.7502449050761,131.78971900917855,154.77351101126905,255.32800608828404,268.51276049090194,-36.19515320819263,6.471009829917863e-06,10834.813688453409,5.988302337841529e-08,5487.036763987323,-5.392017882245412e-07,1699.483359642804,0.06334029363399998,36.305399463,14.77121156,0.02776185383236,99.99070830000002,38.94559786,0.022185783363,73.34313021,26.616444150000003,-0.040568730857999995,21.150302453014202,13.9082642,-0.006096100355700003,16.43261322,0.02051227513,15.153976733999997,22.53079433
2023-03-27 06:00:00,3202.8988776293727,-26.033928626733243,-207.1917547039268,1.0796743099392212,-11.726175081427893,70.80661206577676,88.66847650128776,0.19842566062016415,1.103410844759187,165.91335870845973,-0.9235325348888968,-0.9218639204576031,256.1501722010464,260.0249341313785,-3.8781959085626863,6.519091459153794e-06,10859.164375888498,6.124973524601414e-08,5492.013153340076,2.975615861533922e-06,1721.0101899598242,-0.0115576253258,70.19569215,22.15885477,-0.033852357572700005,78.61805763,38.33177759,-0.011998981866,74.17205199,28.03218402,0.095766508296,28.43473792492696,21.143897060000004,0.0063074366789,16.356502510000002,-0.002385235838,12.449545100000002,17.40013876
2023-03-27 12:00:00,2246.901003848,-35.18032437364381,-273.96990145668167,7.472693532468863,-13.634884901784684,70.98297429454122,72.53662950438263,0.1374038648379629,3.5632236522522014,313.11548087013523,11.11537191991088,19.4204675267078,239.0834674440683,250.30527676871236,-19.506511232158417,7.612170841450612e-06,10850.183855190397,1.856025640578831e-07,5477.125517496171,1.5697512345948182e-06,1731.6064665092215,0.032933650185999995,34.25789983000001,14.534288960000001,0.067407428749,56.753694980000006,29.01748524,0.065778407134,40.92960572,22.864632890000003,0.181906994116,16.72752539742651,20.885284,0.04444639955,11.71967546,0.12567643376299997,1.018663507,8.41390606
2023-03-27 18:00:00,1778.005297950833,-40.52846390598464,-290.7309915356572,33.4967197122199,-11.106386414601708,71.35453297203742,46.53132491153736,0.10996892902806417,4.58266889491471,305.9601364374221,593.3818571631292,666.0965157717989,223.15758628462268,268.0253069768122,-117.58793791951376,7.199088054689255e-06,10882.319166063246,3.1350507612781223e-07,5496.12258013662,-2.682517524127662e-06,1762.8620596337119,0.058208469199999995,16.95073002,9.080552,0.4048871465,57.05413588000001,35.02421589999999,0.41428171069999997,46.911380730000005,33.31580798,0.30528643046000004,13.404307855004266,29.841651940000002,0.23937984334,18.494871699999994,-0.0731096978,2.4580522169999997,7.63135107
2023-03-28 00:00:00,1679.410182133025,-38.468625184848094,-282.5274866767709,25.221514802013907,-12.020428562933885,71.6397127136288,46.369520902641284,0.09970530913965361,3.107232209341393,303.4549198046127,193.86647858836074,221.54163086335237,187.85806819863342,245.73927783101345,-85.57241038013285,6.278295297553029e-06,10924.673581798692,6.890075940873294e-07,5548.241916314817,-2.61019403775455e-07,1794.904987611475,0.06720653253799999,54.25766233,30.31718698,0.17861937573703998,60.228325330000004,41.28690400000001,0.227039385961,63.88304909,45.75895463999999,0.15175153526195004,16.97992474585772,44.49801193,0.145836072024,30.033551429999996,0.01266006,0.401566422,2.28731926
2023-03-28 06:00:00,1112.1880958326783,-34.83867205995958,-282.6714855638119,-3.9621090841353035,-22.136953673027875,71.90263336049792,75.14125976924059,0.06627550339627812,1.6206430404686123,156.72405613976525,-3.0976849919852314,-2.0334349894602872,151.0241260331011,195.68993019151682,-45.73371703791186,1.2927480357376857e-06,11010.111560822328,3.9569802965028924e-07,5616.510430318304,1.204603235448343e-05,1829.4451227648829,-0.041087401947,67.98221187,41.83166621,-0.039466042524999995,51.07275263,46.69217066,-0.0047450169643,58.10325394,49.37365501,0.013482787105000001,15.531332984566694,49.292836179999995,0.0232685376596,33.64766503,,,
2023-03-28 12:00:00,881.7331520768851,-35.56606083660163,-275.3026896834928,9.225797009320214,-25.26463426419174,71.90038436178065,77.3568970607781,0.04984822677985759,1.2308932826869996,136.65967297760602,23.669795280350556,22.68756379414991,153.86231261771584,187.2202971582109,-32.376674078765944,8.152372705743119e-07,11044.830842325193,1.666160295006274e-07,5651.173172813042,9.499747062897512e-06,1827.226715548605,-0.0271916696255,80.25988477000001,43.87631355,-0.023183840712199998,47.65204181,48.72199309,0.014337967854399999,50.036018729999995,49.723283710000004,0.027682310869000002,14.25737638026476,48.80581525,0.035342067966,32.64392071,,,
2023-03-28 18:00:00,2072.2735002765335,-37.407865853104354,-262.70701465690684,36.555912167927964,-7.018294608192451,71.77601083859615,34.392142085196156,0.11139668889630004,1.2160706469808786,206.11042727213356,750.3187167593545,793.3220113423085,185.7109856331697,282.0625101325147,-139.33133030987983,1.8023825413140343e-06,11072.525758765898,1.688823429582585e-07,5676.235420636805,-3.5046911173516973e-06,1793.0390073142787,0.210363049503,74.50394328,42.49020904,0.326600521648,69.64130004,43.563981670000004,0.339087622279,68.16671794000001,47.18027606,0.23137249116999997,24.860005378723148,46.424050480000005,0.083902137842,31.97319338,0.025583727415776,1.1699172419300001,15.721437630000002
2023-03-29 00:00:00,3287.1444920475396,-33.11843020198776,-229.98286634676825,34.96457526913392,-2.4008102251749803,71.48579220558005,41.671903188599,0.20386416836117033,1.498736628325667,185.39043591214633,266.8656039667243,297.59160957791147,231.88338142819097,286.08507117065295,-84.96871799348094,8.411589015508202e-07,11087.703411941806,3.762638698320471e-07,5660.0569609634995,2.1664413713643673e-06,1741.4848973596006,0.0922798884006,112.71268620000001,43.91339621,0.195107844135429,112.56192250000001,42.152348919999994,0.161329858778,109.284914,45.38426652999999,-0.01309729919399999,62.761320590972915,45.08601796,-0.032296314106000014,31.763115250000002,-0.089798012013,13.703889001299999,52.52923135
2023-03-29 06:00:00,2736.8687634982443,-26.60942258035204,-210.95951331780367,1.9158673250125984,-9.978827883984778,71.48936607486262,66.80452482415217,0.17381014492641086,1.6597121059500748,159.38766674962204,-2.862564196985694,-2.3057406462684322,208.9827550181664,243.19955453325278,-34.773611259172945,6.228641200705943e-07,11132.26537539308,3.0882642249328106e-07,5659.934510666203,2.0168306273541594e-05,1745.1086008571435,-0.018767526348,84.93467280000002,45.196857820000005,-0.040423913893000006,98.31783659999999,42.6982579,-0.06904385425699999,103.8934056,45.69947366,-0.1148046785375,57.63261872529984,45.088385239999994,-0.056527616617,30.97129455,-0.09570337588069999,13.967708078,52.598597569999995
2023-03-29 12:00:00,2910.1072920207007,-27.223160983377447,-210.88066510274422,6.9046227642753575,-10.593113334486194,71.35149828916397,75.17395738471916,0.18571794724530116,1.4342865957065198,155.24778648643854,23.602629311368453,25.33663490087787,220.16882685400242,245.20510019015455,-26.768095807457854,4.335303510577451e-07,11157.102476741158,5.187818666569966e-07,5654.31836290304,2.120140263889443e-05,1733.0767011259038,-0.015267517204700001,93.1418646,45.40135008,-0.0351218945444,110.0076713,42.86923488000001,-0.043097552784,117.58426940000001,45.95122266,-0.066038185461,70.98136419057846,44.92128384,-0.025794714003,30.42620925,-0.06517989545399999,28.612620569999997,53.08406925
2023-03-29 18:00:00,4462.223994355327,-28.769249228048633,-200.1379404596969,30.01605336469217,1.3157234099931807,71.24566618438365,39.85906897444913,0.2638630550258007,1.621939233072247,209.86078805147827,668.0192363888289,707.5745384060527,235.43499609167264,311.114813041206,-115.23433598499913,4.963142891405987e-07,11174.891342932076,1.8431760343868155e-07,5663.606258498833,-3.856445189586263e-06,1716.056666529391,0.2040482645251,158.20371269999998,43.049973800000004,0.35518041256,147.27127839999997,41.65737957,0.2390615862036,135.20241220000003,44.84733894,0.104703636174,94.20794105529782,44.54204229999999,0.0024355134529999998,17.01956557,-0.002135321197999997,36.55935520999999,47.47191073999999
2023-03-30 00:00:00,4396.744498936016,-29.239674043285046,-212.874327547408,21.043064798872383,1.101452534026943,71.01142193404839,44.25760073700273,0.28411178447720176,0.9112756955187669,188.30213439669018,147.55401926948747,166.30996644580534,253.93923243638136,295.5484774006965,-60.37951644168859,4.035000876735489e-07,11163.203716369862,5.17802538987587e-08,5651.8255112208735,1.5041194687125826e-06,1680.0462165381493,0.0304993484975,148.1427007,42.672364990000005,0.059625495629,141.1635435,40.90879577,0.013505619660803998,136.91092369999998,43.8342626,-0.0069784170505,96.17314004898071,43.59611522,-0.0121991530176,24.098824550000003,-0.019637302248999997,45.57340768,50.58947035
2023-03-30 06:00:00,4270.36466366173,-26.69757025934598,-207.55466030607184,6.025901768696014,-4.923865874712804,70.84254935424647,68.4590089817863,0.274760673186378,0.9146692803077008,166.23843972249458,-2.1147590887042886,-2.082422854609939,253.87380929160435,272.5356818922858,-18.69321982290677,6.467261688717346e-07,11136.38261687642,1.1449350627231449e-07,5631.435136123393,7.6188344219995015e-06,1673.2529540234857,-0.0018314866679999997,128.8184304,43.37985829,-0.012642084488499999,140.3418456,41.30322537,-0.03576767724800001,144.8911953,44.32318493,-0.074831244638,97.1475360393524,43.55921216,-0.009453675097,30.23041066,-0.026800427851999993,53.94044063,50.96720657
2023-03-30 12:00:00,3987.8150129056867,-25.772791205560466,-201.69109547214174,4.491234172342004,-4.365817659115474,70.55925598426242,62.312405128083235,0.2584796164891995,1.1877904684861702,168.06334603986014,18.919476262363993,20.22368659290266,252.7035770812944,273.28426216908406,-21.878376270515876,2.4448009696254825e-06,11073.358051976928,1.31429400881985e-07,5585.514624955947,9.728890564383704e-06,1647.1066745205142,0.002345201393,121.00077569999999,43.170522940000005,0.0065394169774,133.10133079999997,41.048783709999995,-0.006160189778200001,137.6055163,44.11537622,-0.015391937217099997,90.77462697029118,43.1942631,-0.002860119205600002,29.81126889,0.0009727758718000006,51.5148576,50.87350329
2023-03-30 18:00:00,4078.524647754004,-22.045602431389167,-185.13682452923422,-8.7720050781209,0.6942260210069137,70.29094709101321,42.040187772029014,0.2672980749945265,2.871357493692056,136.55119067886716,307.79551947272915,344.9899490421993,279.84413165281825,302.7087086599411,-60.058494027561096,3.091509819644059e-06,11032.448241370788,2.2940143422241586e-07,5545.410176302779,-7.2358551984848645e-06,1615.3541104092253,0.25855881754,72.33002909999999,21.01803577,1.0528163947,130.3928618,35.876830289999994,1.1662798827860001,128.3894571,39.80615081,1.19450148546,91.3478586626801,34.738604380000005,0.6326381772599999,23.515882689999998,0.66447361643,35.76534621,35.5961352
2023-03-31 00:00:00,4580.599357801025,-21.44610468229828,-176.32527340759017,-4.756435949203935,-5.152876247355106,70.31352258653146,75.02968145059994,0.2951493523110575,3.53980825875125,154.94618600455806,80.89490742428309,97.02283624475506,280.8174320010337,287.3498427118915,-22.66962720882572,7.124164651112298e-06,10958.31414103396,-2.409990167700273e-08,5511.453338830788,-2.97119220403589e-06,1609.7465858723594,0.032603223454,46.97646999999999,15.28332785,0.07359552437771999,95.20358210000002,23.606039319999997,0.06350184264,57.9430473,15.94922312,0.05291728723,36.84434226122592,13.136140090000003,0.04494352886,9.13106975,0.021319719,7.3772449600000005,5.684557509999999
2023-03-31 06:00:00,4022.279049208856,-21.98280012183185,-172.91943822168537,2.9429627529694784,-6.418066103665822,70.35797016660067,77.42802407555146,0.27321949935238565,2.940536892191375,165.91450862685065,-1.2579020760130775,-1.0702102319155897,272.68800047267894,276.9668631459619,-4.46566515895216,7.96175086922325e-06,10892.03601477346,1.9380872873928202e-07,5471.183461618913,-3.626570719485003e-08,1649.8225800121886,0.009554024329999999,33.8884673,12.40458023,0.052586329265700005,81.82926466,21.080562829999998,0.0195840642677,48.03370299999999,14.30135449,0.05062226299,29.488856977862255,11.183808319999999,0.038428100789,9.18368955,0.0026734724000000002,3.64205967,2.89098758
2023-03-31 12:00:00,3182.593631460563,-28.335002477862794,-219.4902375851939,7.189782237708496,-8.72991005912235,70.70599330290757,79.33753961911455,0.2300084232381356,5.214283947122219,201.92517938946003,6.419278148926829,8.115147478680834,258.4319294517836,267.78309244630094,-11.045162681818681,7.0042102047052735e-06,10840.906450597993,2.3841916055274115e-07,5454.602643125753,-5.093163003298156e-07,1660.949766121665,0.017134497449999998,19.521189,7.526965340000001,0.10454119822,50.018343,17.3956097,0.11761225750000001,41.90295759999999,16.34246864,0.08656099519999999,16.265872216369623,11.86785777,0.027793742649999998,5.00853924,0.044660184699999994,2.9092406200000003,5.8513256
2023-03-31 18:00:00,4014.892049969507,-31.97380478152795,-237.82349758709873,17.966940665124863,-7.543363390586767,70.94387066166746,79.47382293442946,0.2554934666185814,4.897335302551003,221.92321299873555,216.17174178667835,259.4364366897359,274.5037495022619,279.1893425504396,-47.93967223687368,7.71366528155351e-06,10901.066482208225,3.4100746444224905e-07,5514.996827676646,-3.7828130311949645e-06,1689.3570453113466,,,,0.01890283965,22.7118107,5.7716112100000005,-0.00161530745,8.5055888,2.5193148300000003,-0.0069401882,2.97771048545837,1.08305729,0.0061363898,0.83608098,,,
2023-04-01 00:00:00,4312.471894581057,-30.928135714055983,-220.94670387349566,26.47838183895221,-5.893209149718165,71.31648523081304,77.18946953417827,0.2851521752101685,4.086385941156491,260.79741318051003,94.57239642975574,112.42866544217479,275.7832635849673,283.792405489655,-25.877782308259793,7.650751175888938e-06,10987.513858267594,5.201453877731337e-07,5579.172519826731,-7.325690488554688e-07,1722.6544138164102,0.012707409880000001,32.209702,7.201854370000001,0.10549039137,86.33635340000001,21.209971770000003,0.08391406608,58.49259539999999,16.29234389,0.07041403905999999,24.588887527964786,9.35066203,0.06100271835,6.72701761,0.013061027349999999,7.97671483,5.09673789
2023-04-01 06:00:00,4029.4697372762275,-27.22733460166876,-208.7322760609003,9.086400752449851,-5.738295436912463,71.60160721807657,71.79183049170624,0.26846067640395843,3.147528653855245,196.9847537656389,-1.3982542172399084,-1.285617933329637,271.9925972911591,280.5451768883554,-8.665295317317256,5.912123265575453e-06,11067.810027361133,4.046149917673541e-07,5630.743005364614,3.988680886165024e-06,1767.968503042169,0.024451567403000002,120.81123840000001,28.98084251,0.0805152130805,150.99613490000002,41.53388169,0.057017926887,138.871903,40.302037999999996,0.054994776215,99.61988541985626,40.63461677,0.09859129961999999,23.638485770000003,0.07710799426399999,51.34133872000001,40.15515362
2023-04-01 12:00:00,3687.756928903956,-27.00852523680542,-215.38039979733622,0.6878020971071654,-9.746537722077715,71.70307359445839,86.59376791320595,0.23456522786043524,1.0590008953529626,164.52094282196384,23.733144303338626,27.468903275234073,243.13455806943998,263.11299792369385,-23.697065327293338,4.097426096901287e-06,11119.684329663434,3.906908860577257e-07,5663.810397108341,9.1944510789633e-06,1776.6758348232302,-0.016384910712000003,119.79720884000002,38.18549243,-0.027329590877,149.0187105,43.34452284999999,-0.0227326026961,158.5405333,46.377729959999996,0.003013152073,108.2322932481766,45.78264065,0.0120390685252,31.010378420000002,0.003988302198399999,70.19173638999999,53.71308965
2023-04-01 18:00:00,4389.233756791096,-27.3180900013612,-206.6857225888175,11.85899742207212,-2.377191732643038,71.71703499425189,59.40423824867324,0.2939610071877726,1.39839053740493,204.91414877490396,762.6581272343524,819.4188083021706,205.1673841826929,304.22607252689966,-155.80873685879527,3.1322722617183006e-06,11151.759187348624,2.678007379952925e-07,5690.239545180253,-4.197517650931407e-06,1756.273695641415,0.115232084046,171.68411509999999,41.542569369999995,0.2284414524762,166.65757759999997,42.4232147,0.2363752093813,165.85700680000002,45.909604709999996,0.15976890786,122.02742207050323,45.33318156,0.035337733182,25.044321099999998,-0.0007559888447299995,65.44950108,53.094967940000004
2023-04-02 00:00:00,4903.382128523035,-27.571435146802195,-200.427772195217,20.143708979200614,-0.6777312441094514,71.46686743051902,57.17537875683059,0.32255681264484837,1.489607003792952,192.9790989093978,268.94563359145957,294.9786735673735,218.17260847880704,301.31968489064576,-109.21112342764457,1.717518639208742e-06,11120.460426661355,2.803712000729795e-07,5672.355501967482,1.252472460404016e-07,1718.0566737354027,0.07903403181499999,163.1378967,42.96704741,0.1689375856625,160.24702180000003,41.36915234999999,0.13750263219,155.6056611,44.44121221,0.02166586342800001,112.8505467176437,44.27376832,0.012141491282999992,30.105365359999993,-0.088242295528,62.33661458,51.36683058
2023-04-02 06:00:00,3437.5943856059475,-28.608624876700226,-210.18257697281953,18.686422040782276,-6.572935929903268,71.38125054429761,62.96466872124607,0.22027753438106465,1.5926665654771497,143.30208768908886,-3.44728568020889,-2.140613820295558,203.49409855863985,253.3572075796909,-51.171951656185634,1.4908514566855924e-06,11122.428499456975,2.322305296947392e-07,5663.584376148334,9.636733967714416e-06,1720.830114175711,-0.023903294027999997,107.3409182,43.810280479999996,-0.05936883286,121.5297068,41.73557058,-0.048261457566000004,127.1164809,44.6890215,-0.08009247948100001,81.70493876934054,44.028773099999995,0.005586819608999989,30.31591667,-0.04570784565700002,41.92364235,51.502331319999996
2023-04-02 12:00:00,3050.6403781323293,-28.481283181037732,-207.14134155289435,20.708923895407526,-5.407048466095052,71.17488506909166,52.7530003130757,0.20227191824228852,2.035025390140976,160.97489783415045,22.20794768264572,24.964347321524617,203.22568612236415,255.70538827346525,-55.23119690529125,5.779809568602467e-07,11116.971286037393,1.9692646097777733e-07,5642.105072345603,7.355458662352627e-06,1693.1464257784612,-0.019897847995999998,95.8494013,43.80407239,-0.04666841725,109.1244504,41.619588590000006,-0.049611160571,114.7103533,44.70770652,-0.086086168944,69.76579475402832,43.79149303,-0.007299177350000002,29.47804594,-0.083451593753,30.102731350000003,51.47249998
2023-04-02 18:00:00,3695.997335715857,-27.37892533459558,-202.4474023816831,16.584000295081573,2.572433296833248,71.12393547000593,36.98803793883276,0.2715865047235356,5.10755720676168,183.19904240733925,763.5473536780461,771.5741995831203,221.48437319565028,314.7826921298439,-101.32755157122504,6.028160075645098e-07,11132.513926066444,3.984573560123213e-07,5645.056547651131,-4.649819226457505e-06,1685.1518707993735,0.51558648744,97.4374504,34.119854180000004,1.13020148475,122.1089672,38.51601202,1.16278909453,114.913433,41.02406611999999,1.0506561197900002,78.22893607574021,38.370052959999995,0.5474590857799999,23.809154160000002,0.56865599587,27.42051069,41.6911138
2023-04-03 00:00:00,4236.176496138514,-26.300403164691907,-200.47313839180055,9.930086925734745,3.247342514562826,70.91874804761099,38.151342723259816,0.2938790911266899,3.6637136345722388,157.81167756479465,243.0561245586239,252.10323199685175,232.88591029838034,310.6557432908631,-86.82800201531886,1.7318484716952902e-06,11122.20546144464,2.541038218721578e-07,5634.619324104916,-4.244198617418992e-07,1656.6705461262577,0.5847641756,130.11664069999998,38.754690020000005,1.0094965245000003,138.17418030000002,39.37455762,0.7975458562,121.95583200000002,38.46019771,0.8760317861000001,91.40287876421449,38.83646719,0.47387624219999996,24.74206101,0.6251071921679999,44.30911008999999,43.743682719999995
2023-04-03 06:00:00,3816.698208411176,-25.00137108374269,-198.68878287081046,1.3221857991310824,2.1846606563645774,70.7773590761982,36.01079017383047,0.2571924184148673,3.580241545362668,120.09493218165949,-3.2000853808508016,-2.488079924365951,261.56715623357064,296.2812702571525,-35.43689453102081,1.027279959017838e-06,11114.630792708362,2.344203028388349e-07,5620.03140276627,1.0298892365077899e-05,1659.0572443953745,0.458514670382,120.3908909,41.3884209,0.68848157064,124.3253665,40.00315408,0.73014229926,124.54147260000002,43.19357176,0.7157775426499999,83.65773612260818,42.25852145,0.45291200730000003,29.6710579,0.5700451620600001,39.00843690999999,49.162319000000004
2023-04-03 12:00:00,4377.388098272224,-24.297658394375333,-189.51680319886066,4.864463956141995,0.6924338459368435,70.48929720649285,46.87756818544037,0.2991337908137336,2.2108071242732357,154.4299217547248,7.5899142131965895,8.618062392367483,276.9111237250511,296.8662977354477,-20.982427051196925,6.36902932269827e-07,11091.000577564659,3.5358434229741603e-07,5585.0588533460605,4.925502801953281e-06,1639.5584325452446,0.34966919020200005,142.48733950000002,41.56006551,0.48957126134,148.6958861,40.04034174,0.48271427581000004,149.2301953,43.25122544999999,0.46936930602,105.18911933898926,42.53785042,0.31634520100999997,28.89723973,0.37708865368500005,60.10131058,49.200409079999986
2023-04-03 18:00:00,4341.556649972834,-24.947613070054466,-206.83810413573678,-7.257199575300983,2.6067224385902583,70.25057493744347,39.86395239841984,0.292867814787131,5.363735449386464,116.59700044972834,299.1711215898475,319.2799778204216,283.36799921616944,309.77699685974187,-46.51125416099196,7.562841512467812e-07,11082.801475451974,2.1902797443512917e-07,5570.1967712435735,-6.047290893537762e-06,1610.6554700252036,0.3418029693,170.3532839,41.44722286,0.5825271419,167.3689038,39.97565116,0.5627722498,157.9278569,43.22009097,0.49955040216,110.18143379688263,42.48750987,0.33995215599000006,29.47850847,0.39542296746,60.65669183,49.822369880000004
2023-04-04 00:00:00,4909.755437424381,-23.16172539093224,-200.32130163160986,-15.027498504151882,3.4601633397447844,69.85821366915836,42.8013329065477,0.3332930178479721,4.062378365497736,120.58360739694365,130.83538147376797,139.84797682594888,287.99017855707973,311.32859951649453,-32.36251863826057,2.2016391496069057e-06,11041.385716509516,-6.1049416344225756e-09,5540.792119456778,-9.022858903789793e-07,1565.0175265208113,0.6336494739,159.2507607,37.836724960000005,1.0884837733000001,171.9919343,38.9367522,1.0996649077999998,163.91096039999996,41.35572015,0.9476794101999999,118.82742702960968,36.66180325,0.61058489804,25.30241787,0.65086098066,54.15939709,36.111227660000004
2023-04-04 06:00:00,5132.8853657041955,-16.735191674218708,-155.1228491153908,-21.241315721641097,-1.3119662976737207,69.6705301458786,65.34197191201199,0.3435326453757981,4.373693539540634,139.7193677342338,-1.8174408065523926,-2.0412738328487507,293.20146788759035,299.21633736001917,-5.791649522548786,6.40162117744239e-06,10975.320349000562,1.4488240691897895e-07,5478.01036717681,-4.5543827093937476e-07,1550.7225201437943,0.28843351349999996,80.34992209999999,21.185169119999998,0.4110192557999999,106.03408030000001,25.07965252,0.40386558875000006,102.8196634,26.66806052,0.35091698770000007,53.48264343852904,18.42151722,0.27973165108000003,10.951353650000001,0.3140506281,20.92902483,14.937302449999999
2023-04-04 12:00:00,3106.375508030807,-16.774166535008852,-167.09723881092384,-32.90390653085304,-8.098059172677402,69.56728984375476,63.50500726863483,0.19660245235986107,3.3637106825783136,152.7207943664229,21.740705780692057,23.7599458740738,249.14647497950668,269.97614365823085,-22.83196586430015,6.834314743911192e-06,10901.159344675501,2.516093102527971e-07,5396.553672037984,-1.8311326932450911e-06,1561.216490705028,0.017844891519999996,35.327497959999995,18.28110508,0.16679790712960002,74.7153526,30.119379509999998,0.14972372811,63.4234994,25.85137717,0.15271005673,38.8293841926495,29.02498104,0.126909443763,15.632532639999999,0.046362224480000006,5.4065071478,15.653349930000005
2023-04-04 18:00:00,3185.2615953083277,-31.029125878395888,-260.02956334379246,-11.796556316625324,-8.874379261464185,69.74815766991222,68.56302585626887,0.19570929393660066,2.5320914777130294,162.7403303687529,313.3122153273408,361.46088254069787,260.38227809951366,276.9984202022577,-64.75417947366034,7.668215262030794e-06,10855.604288550263,2.540828485292467e-07,5371.468312547753,-4.477656954489788e-06,1584.8391387590298,0.0799074649,28.626535529999998,15.31874071,0.21047742571999994,63.07715300000001,25.022607739999998,0.17310599640000002,52.1657854,21.71304603,0.12002536254500001,21.81492582136374,15.210008470000002,0.06250215191,7.08226657,0.33347238371,3.131962861,12.42126187
2023-04-05 00:00:00,3340.114730059953,-39.97076527808907,-321.9504426645699,-2.184320439857357,-9.674944176494314,70.08799383120947,75.60543661128096,0.20166293706609822,2.622142292223054,193.46561502459235,127.77906511819758,150.3182820964328,262.0863182303973,272.3402175372097,-32.80820691420759,7.709353101624517e-06,10823.71579305369,1.2658267731902406e-07,5398.694882135317,-1.0662130612142435e-06,1622.6945818351917,0.035763120605999996,45.4788157,19.184569450000005,0.079145630312,74.73901230000001,25.276361939999997,0.04933288566,41.70706109999999,15.733330339999998,0.061829337799999995,30.528129382424314,18.780856880000005,0.02154004629,9.354642799999999,0.006611735200000001,4.17608492,8.77332179
2023-04-05 06:00:00,2508.841675911718,-42.35962684543344,-322.66250620105745,16.214508562410003,-12.180489106744934,70.48878188312429,71.45336450001031,0.1538718572271141,3.001201033447151,295.9931524049998,-2.566488856752847,-1.4184356142222565,216.96968789229376,248.49104175559683,-32.66659618587904,7.287928366857272e-06,10808.196619298087,4.102584147890803e-07,5430.541164312203,2.1310611628938388e-07,1673.881458280999,-0.008055942401,75.83022234,42.36722180999999,0.0035907050420000003,90.59917350000002,41.88338558,0.005798380335999999,89.3580662,43.03122822,0.026604001632000007,42.29649114608765,43.67442003000001,0.022306737643,26.0604327,0.03006654349300001,4.1667160233,28.418183659999997
2023-04-05 12:00:00,2075.194875365647,-44.465598906207035,-337.97066674927544,17.754124500380875,-14.643959844177683,70.79490028351292,73.25360383852863,0.12700441986420974,1.880249231557603,119.78074257628734,26.73255395495841,30.450112757744346,202.50809444551552,235.18434535608358,-36.38556620976399,7.3352784732462164e-06,10813.911338267466,3.1773310147281474e-07,5453.438010612509,6.20932487522248e-07,1716.6875912521314,-0.0144961008815,66.12021424,46.545906190000004,-0.021919254221000002,82.0716428,43.98314876,-0.012998975264300001,87.04658760000002,46.50115408999999,-0.010821273288400001,37.094691812992096,46.51020037,-0.008875479663000002,29.865751940000003,-0.0082609896297,1.0369550294,24.45106501
2023-04-05 18:00:00,2250.078506770021,-47.72657819273239,-340.78774583519936,41.024879706659775,-7.8417185030641665,71.04288095193512,45.45156272903121,0.14157867579006223,3.250625563266693,249.25807274304685,838.6702549997879,898.0129870176022,204.0827514927273,287.62432795272224,-142.8637092455788,6.9658821561888195e-06,10864.071627436804,1.214329027210167e-07,5497.380732391299,-3.1521515507337955e-06,1726.352811992163,0.363654673883,66.45588928,42.56731883999999,0.563448863516,73.33665253,42.62939641,0.579663305466,75.86692264,46.25986279,0.551437116245,28.706446304917332,45.425423949999995,0.44952265339,29.95250511,0.043437254605,1.21113203206,27.531789099999997
2023-04-06 00:00:00,2380.462369771995,-44.23356128116602,-313.21030369850143,40.658186550826784,-9.076422378381103,71.21305488853088,50.26895995984253,0.14124644104056516,3.0393672780052965,285.88384525799023,220.13696147002986,244.76121653357825,209.86482970891325,265.83342633840175,-80.61427399870198,6.664346127873541e-06,10905.800072485963,1.7635029758781022e-07,5533.316847062813,-3.450318600983746e-07,1735.5376675733123,0.09060359502,64.57276755,41.31296980999999,0.1900141139457,80.93413739000002,42.02213753,0.2169228251398,81.54180883000001,44.94031965,0.19181192417460002,34.45526675879956,44.634929920000005,0.134143032885,29.00890508,0.016670341394000004,1.2001723867,21.622726860000004
2023-04-06 06:00:00,1675.586895947576,-44.696875409760914,-327.64215782962214,29.93284544846519,-16.57584093153467,71.5039389874365,71.80794022778358,0.10469312508085588,1.347520524837782,114.8641107642045,-2.910495456439129,-1.5943686919746933,178.07444518805767,222.0142674339881,-45.25319953493549,6.506398609945278e-06,10950.996575064508,6.94218419952235e-07,5561.661724516352,6.1308075339008805e-06,1776.7627856158783,-0.0329378854,51.828466909999996,47.83939085,-0.042721958787,69.57479726,45.52510997,-0.0282575379544,77.13425142000001,48.44386059,-0.016442579641899997,26.47887501120568,48.00350937,-0.013343748042,32.50511261,0.0,0.026580058,0.76929164
2023-04-06 12:00:00,1178.5350397693362,-46.55750771103655,-337.5370882514281,34.92297343686431,-21.094956403014855,71.64210775434353,78.44127555231918,0.07544709387825854,1.2273060841795636,128.275650068503,30.476229433578915,29.831984257348463,157.50265439023732,201.65689026008286,-43.51062860230492,5.650615311201846e-06,10991.351317194676,6.000225972005359e-07,5604.098680823597,5.763675617935334e-06,1799.9191803960227,-0.028439035168979998,64.63317371,58.14227219,-0.027043294799,57.67483976,57.08392856,0.004054095248400002,66.45365284,48.97692771,0.0464624833773,12.443632420648786,47.99372873000001,0.030647739715,32.23163188,,,
2023-04-06 18:00:00,2452.7799753261233,-41.138592843485874,-308.8308945328993,20.277848214987678,-7.275765963669567,71.83278537141797,46.37185047506607,0.1512484941566905,1.4584404890322307,204.31564452629766,794.9565601969197,824.5317384761246,177.75478584899037,285.76280779814937,-137.5665751965225,4.699267209117753e-06,11043.494858157195,2.2643012851604213e-07,5659.397620779646,-3.008682362366981e-06,1792.6952863836973,0.234151490876,90.87111436,44.98485095,0.3473718761122,96.39880927,43.338248699999994,0.347524432695,98.4861395,46.920333049999996,0.270973454604,50.23691803216934,46.33156466,0.12364548657570001,31.54126086,0.107728686275,5.222137265000001,37.55567267000001
2023-04-07 00:00:00,2981.1646247774006,-39.05118257350094,-289.156270998299,23.253189589708462,-4.031580770024238,71.8020491481722,40.10359524641157,0.17133018416220508,0.9915720553091979,235.9877822510972,273.3465798262267,296.75601037563604,190.61860731529188,278.1611908357982,-110.98284258948671,5.412218310492272e-06,11074.572906805677,1.3262556785104093e-07,5684.4893982411,2.2942785401426754e-06,1771.3372916453195,0.069558150407,103.6483737,44.159480529999996,0.1213048372759,102.987976,42.52472059,0.1336362243553,96.98389517999999,45.691086389999995,0.105060666756,53.706370413303375,45.766513180000004,0.026359248803500004,31.243150650000004,0.014228697192759997,6.5181507325,44.0211667
2023-04-07 06:00:00,1983.9589968250039,-36.082425304642655,-297.7509604440845,-9.091558006943245,-13.307148610985433,71.94111871515787,63.017920663353415,0.12263267740706837,1.3075210542683557,193.05075646428028,-3.3279534181704133,-2.3055471137806887,179.38390019862538,226.27155680804813,-47.91296324336726,6.761543613353305e-06,11096.664533718593,1.383180643969806e-07,5702.2690668451805,2.8894056441600998e-05,1791.925463411159,-0.034329257275399996,65.58493078000001,46.61743748,-0.04480287627,80.9552027,44.34480099,-0.045304618985999995,86.7237862,47.256889779999995,-0.011919818484399998,37.15168523788452,46.609934870000004,0.006582863963799998,31.57829136,0.007336187032299999,1.2504790948,33.85475313
2023-04-07 12:00:00,1951.7728912454634,-36.06671520896721,-294.30739747348855,-5.773675801750878,-14.061041611901107,71.90381925499233,68.20017741553235,0.12404646560262111,1.2881220792470085,137.81933927880416,26.651300248900007,28.55317480082847,186.593794618996,225.46045705579402,-40.765081141496196,6.31436624141242e-06,11084.583030922959,2.0399570748438097e-07,5698.8403081838605,1.639508267754701e-05,1792.9393826535816,-0.023113004126,64.97968352000001,46.75811644000001,-0.031184641958999997,79.7007744,44.27631128,-0.0258501211437,86.7006802,47.28691467,-0.0138642319765,38.163453489542015,46.35638035,0.0071857328558,31.168866809999997,0.0011869357655000003,0.478180779107,41.50572289
2023-04-07 18:00:00,3290.715823019975,-34.72253411108825,-263.4638565102802,14.31641637842581,1.9622792912057436,71.83629429907757,29.67382501509852,0.20617607492543294,1.354445931969707,184.79215433358564,755.4069366763797,752.6205116622375,224.37385845138323,310.63908701113655,-83.4953823592825,4.0316011338326955e-06,11098.370206595944,2.43205356006997e-07,5705.91903221397,-3.17343555536006e-06,1775.0067076024868,0.2026825232,131.88352220000002,43.349237939999995,0.325328484766,114.8344425,41.919685740000006,0.246543902681,101.20860880000001,45.21919294,0.15246865925699998,63.7426326274872,44.95625923,-0.002088781962999999,6.0229805,0.049228704191000006,8.053210987460002,27.431587210000004
2023-04-08 00:00:00,4291.226249725662,-28.80628834812201,-215.8293459386952,14.620960846280948,3.8888328578365394,71.65020896350438,36.2221892417768,0.28359324714731143,1.95827547567441,160.72301512819362,254.92774850158597,231.8044124021412,258.89295428554533,315.8256266273706,-33.78243249056846,2.0648673975590427e-07,11128.899312977552,1.7732590433426867e-07,5698.908958761346,2.6998950452050306e-06,1744.9095288296446,0.23831356604230003,156.9493614,42.37148285000001,0.39288922556,149.41187209999998,41.039876889999995,0.34347458317600005,140.35455620000002,43.996754800000005,0.355233858151,99.10960078239441,43.97574418,0.14875360060799997,25.564612569999998,0.24948177033000002,46.02459814,50.85353504
2023-04-08 06:00:00,4260.615643768817,-30.103549490306367,-231.49658075522348,9.331815167227479,-4.478809626358565,71.69185928362106,68.19757470605904,0.2838311763300403,1.2059978180565873,128.25128149336408,-3.085587405230209,-1.419749574883834,231.8124078939543,277.91446568384873,-47.78000137425716,1.3516729997847598e-07,11153.568669173685,1.8910343919652705e-07,5702.01131538227,2.2727113578970466e-05,1758.734092003235,-0.006994444188999999,136.3058635,44.12514829,-0.0069161392497,152.4110609,42.30644379,-0.0093916499906,157.5859682,45.25940518,-0.0066284981157,110.41687560081485,44.69719076,0.0048495579705,30.90003412,0.009682113088500002,68.93376128,52.12303618
2023-04-08 12:00:00,4155.295818081888,-29.147762233076083,-224.77883582666368,8.403262037945002,-5.3382013189362,71.66432000011308,71.57709164074623,0.27704044439575914,0.8513786506161489,147.95314193640456,29.003397053184706,26.03521267637209,246.0813546144526,274.1561133001002,-25.103248526680257,1.7555809467392602e-06,11135.704075846426,1.7738487865800596e-07,5694.70136837914,8.199832602176158e-06,1760.7959563279999,-0.0025912178058999998,135.34928480000002,44.23371025,-0.0032065821587999995,149.6636204,42.21699652,-0.0024989974280000002,155.2253981,45.41246739,0.0009630818790000006,108.24244081974031,44.488386590000005,0.0047037880770000005,30.50555272,-0.002605059135700001,64.24803153,51.56849881000001
2023-04-08 18:00:00,4972.336997182638,-23.333838606315975,-190.23616671256826,-3.565457862040446,2.7977760429770973,71.73745271340687,45.626613356957776,0.3384218529951828,2.5341395905447794,197.35568127519196,432.387773959311,382.6528376383013,282.7171672135306,317.0298267935315,15.400625383525684,4.09386308504123e-06,11140.932124696086,2.73750948912088e-07,5701.9659130042255,-3.695001824561147e-06,1756.6775554559235,0.43764321841999987,176.8232218,41.66758157,0.586200634042,176.8934589,40.955824830000005,0.548943830296,174.1606352,44.372675529999995,0.525639818787745,133.96251106262213,43.77021623,0.30831085068999997,25.84881678,0.36082315326799996,77.27906838,49.87941289
2023-04-09 00:00:00,5107.6309468836835,-26.923040454606955,-217.07701930181418,-1.6926956649585736,2.7646090156451173,71.74375482787823,49.01686546541984,0.35808724937760983,2.101727880483674,166.08075228050942,211.69381665900607,178.23835650962963,271.8535661501729,314.979388552877,-9.639748005547528,5.536507976127213e-06,11155.364835224907,6.139182861120422e-07,5702.9981915811895,5.424058697768913e-07,1748.8957075130927,0.442254654864,179.3820913,42.076252530000005,0.6482223072765,181.1833408,40.82175984,0.6408527358709999,176.54149760000004,43.262168560000006,0.6304599649260001,136.19182646274572,43.56334751,0.36582803730627994,27.76326831,0.485286828773,87.37177881,50.72378207
2023-04-09 06:00:00,4989.445306748994,-25.73441388855545,-220.22005062516064,-14.34473951671697,-3.880928107992934,71.93622958240913,77.26089611133466,0.3408101726181989,1.2602535508322075,156.33484514403494,-3.380983920587787,-1.536903743357933,226.41147619971724,277.55789717057513,-52.98792976612038,4.975745094742845e-06,11163.99170635632,7.552687089527803e-07,5717.806382573714,1.4589392335398727e-05,1777.8650771131227,-0.02994497944182,162.9516553,43.90804975,-0.0302209180845,182.83666499999998,42.0761362,-0.009974048513,192.1390594,45.09573238,0.009725444333,145.39152073860168,44.56028418,0.013339961752,30.82606233,0.0030021229162599996,105.551916,51.90688131
2023-04-09 12:00:00,3734.5434068083778,-26.336865779200856,-230.9164357964368,-20.221509562829915,-7.416756112150139,72.04037273589978,75.10118653984263,0.24396927764823434,0.9334077112273194,121.6723271814344,26.85127169747417,23.648273135817295,210.7222503540089,259.17577646050984,-45.258123901978806,3.2267730484870188e-06,11192.91069236194,3.570984010893726e-07,5727.530604707694,1.9933766350058943e-05,1797.0644270062237,-0.032850139918,127.6063827,44.757341620000005,-0.0366517508935,147.77220979999998,42.60996319,-0.0054661400519,157.08564109999998,45.720849799999996,0.0108803425698,110.7785136699677,44.82931248,0.0137147739883,30.497076290000003,0.0026538670090000003,69.97678518000001,52.62653412
2023-04-09 18:00:00,4820.768587281882,-24.351666603391116,-212.12967276315408,-17.316339936025138,4.392690305083872,72.20674575035683,39.79036096533579,0.3281445790956341,3.438848333824374,282.62084652173314,764.9730511576009,586.9958617096405,243.81969386221033,321.015837802693,100.74012555737086,1.9000869243246546e-06,11246.208478623055,4.1546733193172857e-07,5760.735162534663,-1.6717604870316218e-06,1802.1849823786984,0.56275247114,192.85795530000001,42.7324889,0.70881838204,186.3339644,41.36438312,0.6825393419429999,175.12385970000003,44.67961687,0.579660153079,133.08732974529266,44.14346625,0.09587168916999998,8.71603234,0.35065640927326,71.01591166,50.82552528000001
2023-04-10 00:00:00,5375.946669499945,-23.88805195919437,-208.85617197129932,-17.75175629774434,3.168538556038023,72.28323970344674,49.80324016255686,0.3786865155795463,2.7194231600785317,196.78810265215583,273.4612415070082,213.49158188904124,230.71796954150196,312.5919725037527,-21.84868548127989,6.296032773697316e-07,11290.603892837986,6.508219371721811e-07,5779.277353543266,3.085819479721712e-06,1794.0353494006185,0.72881796917,188.2797683,42.660997179999995,0.8968534557400001,186.51349820000002,41.34689621,0.6952782184099999,176.29755339999997,44.35630884,0.560905400163,133.31990945339206,43.94004817,0.322662767108,31.14642042,0.3582235480799999,76.87442249,50.44932433
2023-04-10 06:00:00,4148.537592444307,-26.96548720377755,-223.3626100483565,-7.638712418136135,-4.404483747136583,72.46403128869902,68.21083056261114,0.28719886598259337,1.3389014055574782,193.75890985145952,-3.9818066043115175,-1.6382893797899851,210.44052193471697,273.3007495144048,-65.20788083738813,7.774292267267123e-07,11334.714216676935,1.9865146713877173e-07,5805.724322313959,2.167424932166751e-05,1825.4031237694237,-0.0031801360525,137.24372269999998,44.40949485,0.006350182443099999,153.6868104,42.67082234,0.0235890254845,158.98790430000003,45.65694042,0.042189295048,111.70318937301636,45.06710724,0.043227531963,31.121788350000003,0.040787311731999995,68.92374711,52.485566590000005
2023-04-10 12:00:00,3001.491210126946,-28.898687552395003,-237.90922210639786,-6.719721687237826,-7.972330128136502,72.46512086471228,66.95020943396459,0.20670563004856957,1.039464088547946,167.22194749322838,27.899986349049705,23.365440240173132,202.33970514538228,255.64679991931598,-48.78289538449574,7.23008415311257e-07,11357.975909064233,2.477990905702729e-07,5820.653145986804,2.431949447162353e-05,1833.501264398622,-0.010567960292,101.53997799999999,45.14386906,-0.010235126689,115.05097729999999,43.05031773,-0.004428771681,119.3935745,46.16859178,0.0075543195918,73.26762455701828,45.23854262,0.011063175469799999,30.8131047,0.0111863552216,28.62093343,52.94216515000001
2023-04-10 18:00:00,4465.123884594576,-27.30488044561349,-220.1782756823213,-1.7392321174133663,4.407224300077394,72.50452477547574,33.0714990731524,0.27373003811295304,1.171860164142836,192.7213048385064,784.862205867344,561.6690278546816,232.04282889088563,322.77801244972346,132.41609711899372,5.976645261991715e-07,11387.57692990163,3.485092868550901e-07,5841.935706327128,-1.9005771737401153e-06,1828.128847204688,0.22688332342,187.9783798,42.79977153,0.27306957851,165.7279753,42.09308292,0.163981838666,146.0135412,45.41641708,0.062135939707,107.3698638677597,45.07590479,0.00083582784,0.4254784,-0.004021626084000002,15.86247367,25.53255763
2023-04-11 00:00:00,5633.555567101823,-27.804049828000405,-224.1228202246893,-1.690421600686024,5.268894624914072,72.40131681816055,42.52365989809566,0.3630194488809548,0.9283555348826779,178.78756807784634,277.28726842844435,215.84749707313995,240.29876794522886,317.16850867247695,-15.373871697585379,6.247657292145444e-07,11412.158660424306,3.1966603373701063e-07,5848.492094068758,4.405483725445409e-06,1801.860890393334,0.089487475771,189.5351306,39.621555130000004,0.11902468316130002,188.1590158,41.78358493,0.078013526048,178.08269510000002,44.65404558,0.006422826450000002,142.9696568250656,44.78781117,-0.00020116791999999842,10.81657298,-0.012993373121429999,49.12293541000001,30.119446479999997
2023-04-11 06:00:00,4843.651841357575,-28.049287267459405,-230.03615979133605,-5.641861651660758,-2.6513736257103693,72.42477409495015,70.4947749762733,0.3432642727255212,1.3458561001854452,175.7959778925549,-3.803163193581575,-1.9267037005876255,222.15962546251916,278.6398898440458,-58.36019911875821,5.549132090603762e-07,11418.117534553814,4.660217520245941e-07,5848.847959166191,2.9174496367351276e-05,1814.559394087005,-0.014562418956000002,136.9863446,40.50157385000001,-0.015564454956,178.1637791,42.43670394,-0.0210359629019,184.1055439,45.397300720000004,0.006240800017000002,137.9395718574524,44.83373645,0.009444184417000002,31.293271519999998,0.024057699225500002,91.57389930000001,52.30962276
2023-04-11 12:00:00,4043.765559430318,-26.943531128740805,-229.32122124463248,-13.772972214706009,-4.855855918923602,72.30603749616583,71.68169207261573,0.2887296315907434,1.2993403683122666,176.90117717373778,28.72173816361848,23.77735682684248,215.6169382363385,265.0160218633497,-44.46321148737969,6.701120558647761e-07,11407.896933154652,3.324610605014078e-07,5835.369767016674,2.3140228352908267e-05,1804.1186434716158,-0.01899778764,115.0257311,40.81043845,-0.02749411466,154.2590739,42.44503005,-0.030500253057,160.39852249999998,45.55907227,-0.0262297000193,115.0995602607727,44.57748127,0.007133364864400002,29.045470639999998,-0.02435487426,70.18942638,52.45909419
2023-04-11 18:00:00,5385.104892435778,-23.884350537210683,-207.37448407630828,-16.299679778622792,7.238333518789082,72.22257573376359,34.838561275062624,0.3437726999953425,1.8679982109860584,192.51911886896147,787.0803619979074,573.4424222919803,242.66955301131944,326.4224519873065,129.84961501094614,6.244393338610574e-07,11407.502669485151,2.787479623167282e-07,5832.823484325733,-2.6983644928331905e-06,1783.8504506804481,0.17720990878999998,195.5101227,39.50195778,0.263989649534,193.9006476,41.56324193,0.213190917946,175.5170078,44.733602590000004,0.140925826424,140.39722788333893,44.35038632,,,0.0028659118000000003,6.054087290000001,5.06740793
2023-04-12 00:00:00,5878.930138410184,-22.48277180632158,-194.2256248624333,-14.363450411860661,7.245744527229698,71.97995890810537,40.07161964137359,0.39093416276753035,1.7861261062390748,160.5728147936603,279.3875828007326,221.16355875782799,248.34785796398856,321.0637095927873,-14.437781657909971,1.102635482264284e-06,11389.913368697084,1.2435094869907355e-07,5814.419052774991,4.228025365455526e-06,1748.4814352982585,0.16358415651,188.1762804,38.81587482,0.232865046495,202.0817234,41.175941089999995,0.17161355793639999,189.9856068,43.921452599999995,0.0104194943088,153.08315241336823,43.981651410000005,0.01792576231,8.880613109999999,-0.020053064889999996,36.026063740000005,19.83667801
2023-04-12 06:00:00,5412.939234651552,-23.328973467306195,-198.997061955219,-12.365274216769455,-0.8613554050807976,71.91583620299048,68.269720415256,0.3843284092783121,1.9121754971576723,137.0445900944722,-3.7493073405334227,-1.7992862469557658,231.73183968328144,287.1879614286626,-57.41035765025177,1.4362722869041913e-06,11370.622034370654,2.0286381504023126e-07,5799.397818197545,3.0090300473644638e-05,1752.1469294049366,-0.004868972790929999,153.607451,39.89369486,-0.018415784137999998,194.1847194,41.82326232,-0.075195995874,199.42142639999997,44.85591671,-0.093050090975,153.81273555755615,44.229933630000005,-0.0250736076983,30.89724108,-0.0382096260565,101.81300759999999,51.72615456
2023-04-12 12:00:00,4956.2174951023035,-25.435810814299067,-200.8131307913107,2.6733557230818112,-2.7536130742857567,71.70518148591466,73.60145829429223,0.3532360956574358,1.3359519278689134,143.65517004088417,29.302294787386455,24.45867167320502,238.9367160068358,279.57474927672325,-35.80158079877336,7.448538909305459e-07,11333.875304388908,2.409339367518689e-07,5769.402110869787,1.2808087441079984e-05,1734.0844558502442,-0.005544192652,143.8343825,40.12724625,-0.012322452303000001,182.3453499,41.87304211,-0.0196623596757,188.308607,45.06402244,-0.020720656743,143.1494117975235,44.12331077,0.010548903087499999,26.796149309999997,0.012235732018999999,90.3506145,49.89835754999999
2023-04-12 18:00:00,5960.03855955281,-20.34396002266793,-169.06564260466877,-6.313962423325331,8.593531215559148,71.56212857847106,36.62644742165857,0.4028175606155722,2.607575546340863,161.16792669738916,610.79066023498,471.27453189646184,280.497872477301,327.27298991201747,92.71659892745544,5.595158109547059e-07,11314.084616404927,1.022198265672891e-07,5756.111729394585,-3.939250556242407e-06,1713.154634313659,0.29729280273,204.7819002,38.53502316,0.406534379133,217.68538329999998,40.79530405,0.24459244031500002,200.5121258,42.51214948999999,0.18295694609300003,168.12969803810117,42.32974238,,,0.026822825901999997,25.691031799999998,12.61564931
2023-04-13 00:00:00,6681.99752507506,-20.13373694447599,-159.44314019021135,1.626755365596556,8.325893698127729,71.28673427221838,42.72285861874263,0.4570314462065826,2.4543502406694326,151.88229910889024,187.28661021142426,150.29269421396864,307.7420043097504,324.7196594503054,20.04634645454454,1.1348679465237233e-07,11292.078065646734,-4.2049741739954837e-08,5728.2114193699035,2.943102215518428e-06,1674.0539861158384,0.32848723012,214.439128,37.8837048,0.43543534071,242.11224980000003,40.10059751,0.38128900005,235.3817679,42.89998175,0.35661754828799996,198.08503329753879,42.75697271,0.03070273163,10.14364625,0.22394104513699997,108.35042633,40.74916364
2023-04-13 06:00:00,7552.87165505411,-20.103730917250303,-161.86039229033196,-1.0305449523295471,0.702000710958146,71.14955101281062,84.42613716602736,0.5412456703509515,1.1728999916478902,123.86586498135448,-3.2492180212923922,-1.5074870705588093,256.6284699380186,304.0161815181662,-49.13234271413723,4.2716389471263864e-07,11272.306454915071,2.1297767115287241e-07,5700.501325458046,9.10042886939637e-06,1681.094428275224,-0.019405451066,229.02196800000002,38.828627999999995,-0.016263182521750002,275.20030410000004,40.72273665,-0.0096634818664,283.2063045,43.72129968,0.012749501073499998,239.44490981101993,43.126791479999994,0.012978506241559998,30.204347180000003,0.011088630542079998,184.8903598,50.682697759999996
2023-04-13 12:00:00,7068.374917713552,-17.444797060932494,-147.01028293996538,-7.451906452505425,2.174687800490613,70.9005058380055,69.87215094450902,0.492242783455327,2.0129149926908227,160.97732766065747,37.623509492357,29.89918979053592,268.2041575999558,305.03884511130667,-29.11636865943986,2.5825095904326677e-07,11231.783305854098,2.0136281348296454e-07,5661.595911146358,3.2058439387325355e-06,1661.9083650871914,0.019038057275000003,220.9405659,38.595845579999995,0.031233749804,263.9248426,40.40917686,3.592755449999957e-05,270.3321535,43.62070876,0.0491288725623,224.95663905143738,42.70853123,0.04034957157334999,29.24216081,0.08088567643188,170.4284215,50.529437040000005
2023-04-13 18:00:00,5412.832009609006,-19.342989957467278,-168.20840984950564,-13.464490189767393,7.1169848727864355,70.7045437485125,37.540262313760834,0.3744640353628831,4.147157463061516,133.29706896697053,599.5919963458215,459.8174563909122,276.7181443276819,325.8053361104338,90.65964467523382,4.2855719401844e-07,11197.81443689366,1.8898125811124764e-07,5639.234128503841,-6.155781062152133e-06,1635.1837305452564,0.9715021040999999,181.7675262,37.87624105,1.2834341372,206.5529129,39.89714986,1.2005571621,196.84247199999996,42.46589365000001,1.2031703700999998,157.37075698375705,42.46673149,0.09563847774999999,6.62539834,0.89800839724,85.99999807000002,48.52221654000001
2023-04-14 00:00:00,4882.807589775573,-23.265882818256728,-195.3089354671145,-9.181872921060677,4.833892373407992,70.62670301542666,38.73490348375575,0.3301459848292291,3.7766585104097485,150.8526766603789,182.29476391075917,144.6405878409379,292.3753253489187,320.0123508469429,10.050232542201735,1.5119357181390833e-06,11154.710626673977,1.9351894874027953e-07,5612.506650895501,-5.761912354817245e-07,1613.1786353530567,1.2108163426,145.9059161,37.74474954,1.5218106808,170.0558656,39.909583760000004,1.3833242813100002,157.36754809999996,41.70532231000001,1.28160895138,117.11511802673334,42.021129079999994,0.48695343289,24.485957359999997,0.8500224652299999,57.11254608000001,48.45489137
2023-04-14 06:00:00,6598.753841609898,-20.382021555730695,-180.54263872072977,-17.486466274884215,1.2073342921735628,70.6336340645847,68.96702019734795,0.4576255404598585,2.431179295229171,182.54384174489473,-2.4711129375840595,-1.527766704664294,281.91062997663687,308.95389809384346,-27.996493668734516,3.588129282289517e-06,11106.758812561431,4.0134034974100154e-07,5595.501538559204,4.652198431322855e-06,1635.1647754554713,0.19177395279000004,191.94562240000002,37.06881577000001,0.27051079992,239.2819131,40.28735547,0.230731100908,229.8828038,41.964211690000006,0.163030232734,194.1141266822815,42.180862149999996,0.09566671908500003,29.350203190000002,0.10985026619399998,133.33227440000002,48.41425779
2023-04-14 12:00:00,6309.165182152272,-21.611057012603702,-187.29538151594397,-14.406925415114388,-0.4543914417996982,70.55163068990433,75.07372481832087,0.4378431735921531,2.2410474485259977,152.3018184293002,19.622325661928237,18.09223273762148,291.24073309723843,305.8285421452747,-13.056533057807282,4.393503988935444e-06,11036.259767585085,3.693626467074545e-07,5563.322422726896,-5.701866559432858e-07,1644.91748107648,0.19487456566,186.884732,38.29884124,0.24307530650999998,224.45140880000002,40.228400449999995,0.27815725313199996,219.0127121,42.19864787999999,0.2640869129911,176.75664973258975,42.4521668,0.22695312133200002,28.167663700000002,0.28157039217700003,121.15483579999999,49.12079714000001
2023-04-14 18:00:00,5791.472889699184,-19.587106535332097,-172.05440047412398,-15.3575481914672,-0.04277547823208519,70.63814466258862,64.69469403895451,0.3876887705279421,2.619950323966732,180.36628742458825,369.60234546871084,363.3539819506,286.9452734882224,313.1242852960638,-19.918349820024563,6.5528966279897945e-06,10996.123990876618,3.0379822845322e-07,5565.124594536792,-3.838459183707278e-06,1640.2006563710186,0.4815094213,133.82182910000003,30.97725696,0.6950792791,174.9101021,34.99049863999999,0.7062210799,161.68786730000002,35.86991785,0.63739513791,126.33259469740545,35.622763000000006,0.48301505572,24.34317383,0.20306523969999998,77.8564951,36.02259014
2023-04-15 00:00:00,5599.949488718373,-24.167078893106876,-201.28157102054865,-7.944939875693628,-2.497801919592696,70.80207458185588,75.66765971106497,0.37141762466637995,2.2257844665105293,216.71341993373468,151.50350108003082,161.63249500968755,276.7762610102312,300.2693460445696,-33.62556473633308,7.407598791575137e-06,10985.257151832582,3.570276747190357e-07,5568.452605908988,-1.7211518762144472e-06,1659.9824641830244,0.115109168539,116.35579499999999,28.182900089999997,0.170917421022,155.76791709999998,32.19309286,0.114306013453,111.1291156,25.10643972,0.08892301411999999,91.64520098683626,26.7711052,0.15920767593000001,17.862150470000007,0.022786322479999996,35.60054959,20.596733739999994
2023-04-15 06:00:00,4969.442021015474,-23.814480722233863,-181.18691920818577,9.328926569685148,-5.212312927016393,71.07746983871391,84.50419081507678,0.3311478807099868,2.9810882953035787,195.97876865434986,-1.3455761105760828,-0.9886263636898872,279.168021430943,287.3792703554834,-8.569886667871257,7.385105043336126e-06,10985.091617964516,6.621097499865691e-07,5577.016429299073,-3.644826243174835e-07,1707.5226423086438,0.029467071067,56.14529160000001,16.994034329999998,0.046155047920000004,97.1607113,21.7392026,0.044694395856,65.6433058,16.713721699999997,0.112317622919,55.98529774444766,18.461076,0.11574772596099998,14.022588370000001,0.03839118356,22.27254061,15.077809949999999
2023-04-15 12:00:00,3222.008038313351,-26.981114167718758,-206.85216597270818,8.99674736904186,-8.17559928572603,71.36533723350959,69.64389647599512,0.21212101998258975,3.590216806563122,311.7800059612932,38.33603196826475,43.903234379389914,233.36755114545227,265.7106322716875,-37.902471120300866,7.584725027044029e-06,10986.438188588816,9.413484925456606e-07,5570.160249958428,-2.9823209324514935e-07,1746.3519563931418,0.04674426645700001,56.45203719,29.6496581,0.09217419049229998,93.7598218,32.674330379999994,0.061726076506,76.34619,29.253867180000004,0.0865960322645,48.909528416809856,30.171292559999998,0.0784036544502,18.49441735,0.072890772937,12.23255224,26.02197241
2023-04-15 18:00:00,3180.4585427354614,-26.10153349752698,-208.30399713903995,0.5082708411758812,-3.9139762042069686,71.73677537636155,45.965910155304364,0.19990117507480656,5.1462162087636365,318.7114388366476,822.81300905896,870.9202663997331,215.94054956696107,300.1534846438672,-132.30773662003898,6.050844228470595e-06,11051.19853545158,9.77307333341672e-07,5617.1786013447145,-2.7539369282194956e-06,1766.6352192990905,0.6569275828999999,69.84604411000001,33.67530767000001,1.0939885870000001,113.7976601,40.53641372,0.9688398851,98.7872656,40.49543969,1.0806136059,61.24821829795838,44.706980380000005,0.6487948055999999,28.08964698,0.7925302088,12.914357223,48.02434298
2023-04-16 00:00:00,2996.1586486307788,-22.57178281308223,-189.62602893126365,-9.051766426605806,-2.592659214903959,71.90425261334757,40.01681197400711,0.19365948531529484,3.516151467779517,280.61380245263445,295.12433978239676,313.5006764773613,197.07907989166276,282.6856976123114,-104.00615190707089,1.035950149773427e-06,11137.060335644188,8.704435345906009e-08,5680.272164127172,-1.223404465490491e-08,1777.0655090858895,0.40417973595800005,87.02469791000001,39.618567240000004,0.527916504961,118.0686693,41.843325719999996,0.529440040303,118.9217453,45.153249509999995,0.45377974360499995,75.02719837427138,43.60648429,0.34491687705,30.137510150000004,0.382810312589,26.516841120000002,52.66764237
2023-04-16 06:00:00,2677.329962824545,-23.032317833100855,-201.8237034962715,-17.565160831464624,-9.57619587606105,72.09750419343717,64.66877339264613,0.17465548640697542,1.467202496511109,179.77989408418603,-3.8864219765805657,-2.1243149734807085,185.3750221263452,241.90781892188494,-58.298706183767656,1.122763707484303e-06,11182.707478600569,2.974787161163175e-07,5712.403738487823,1.5165448780750324e-05,1808.06965053967,-0.037095580426,61.09218464,42.012931959999996,-0.034762160621900004,101.3671922,43.83945904,-0.030359040553200003,107.1126631,46.858388160000004,-0.034107197080499994,59.51612138748169,46.26538065,-0.0036018359967000015,31.238343909999998,-0.021738315288400006,14.589747709,54.407260609999994
2023-04-16 12:00:00,2409.7414414413606,-24.249863336220884,-212.59184800961907,-18.592941319852024,-11.856310582830046,72.05207089571915,71.4467674313799,0.15740970150611913,1.0557743093080032,139.57737626547822,33.42827953326315,35.68875004226858,186.95930946348582,235.42883449776048,-50.72684674357938,1.1084059340140461e-06,11200.09130929515,5.687980011256851e-07,5715.462656947768,1.877647939500191e-05,1808.7245787521122,-0.0289118063882,54.95539266,42.34921917,-0.028912338341000002,93.58441590000001,44.10296793,-0.03394559243565,99.66867959999999,47.26854261,-0.02806532282436,52.32066863775253,46.30393215,-0.005159864416950001,30.93794227,-0.025218664568999998,6.040983753000001,54.934356769999994
2023-04-16 18:00:00,3859.83406428749,-23.659973349554157,-191.9426047866323,-2.66281799019904,1.0543646604842776,72.04655076726209,37.20802758897388,0.24246075075650717,1.9983440891141055,198.8570593185135,809.7987869087399,802.0028726008727,215.70406375386412,314.3820565447014,-90.8887064735344,1.8888101052530015e-06,11214.1448120929,2.878863568211813e-07,5735.51652981106,-2.4225352989355594e-06,1790.9367322009232,0.39865092159,114.67848294999999,40.18534576,0.44986853730500004,137.74621910000002,42.29019175,0.42077905439700003,132.44722380000002,45.74053507,0.270265593612,91.71204739809036,45.243674569999996,0.064863106476,16.54434385,0.072250290873,23.719174338499997,53.20767099
2023-04-17 00:00:00,4744.5913140544,-23.84844837673402,-197.41161282665718,-6.624025812784968,2.9629781418087635,71.88490954167727,42.41148997483113,0.3150809183319897,2.2692592221141643,194.18631156273983,293.85498317994865,279.18379113840297,224.1996228645215,311.5520223516391,-72.67015762131493,2.720391283680948e-06,11207.907503907212,2.361312487945131e-07,5732.3522634590945,2.211708203531972e-06,1760.2402367761363,0.328392224,141.76341209999998,39.301187150000004,0.38806701444999997,165.0799725,41.51039634999999,0.32221648815000004,156.8446677,44.495873509999996,0.21155072231400002,116.30006444454193,44.326329120000004,0.04562597068999999,20.97205171,0.08476582589000001,51.580854259999995,50.19924248999999
2023-04-17 06:00:00,4137.086923467163,-25.410120740981945,-208.86320476554934,-5.582238837693753,-4.193823272185666,71.7577985164862,66.71226447355997,0.2850421170341589,1.4439522466776098,194.5450751497711,-3.9071681286445386,-1.751528099482339,212.04672192057666,271.6960232593032,-61.80921052750587,3.7768341883436175e-07,11201.04398949323,3.650233579236586e-07,5719.180046242528,2.6046029574757727e-05,1757.8685017747448,0.01306074954136,111.7522917,40.39422924,0.015666532144939998,151.4578367,42.48792368,0.007567909053499999,155.05323869999998,45.46208154,0.0174237366115,107.21159172058111,44.75731003,0.017752747874340002,30.61510047,0.024155137276,58.0883917,52.42563912
2023-04-17 12:00:00,3505.414292173674,-25.144302880319863,-204.42556344140178,-3.2711403988429026,-6.780394566158045,71.58183765046115,71.00280866807628,0.24201449727434193,1.2565204008504318,127.53060240883795,32.55118343698316,31.74208336389489,204.13097559861447,259.348165655533,-54.410781557764714,1.87339730004488e-06,11171.965804794952,5.606307622414599e-07,5695.829009207175,1.8457707046349287e-05,1738.6713297824035,-0.020017117810000002,93.1875728,40.597362340000004,-0.017920863523,131.52589160000002,42.383552980000005,-0.0158124470417,137.04836360000002,45.52981701,-0.0114849994685,91.10997366905215,44.55058495,0.0065834636166999996,29.73366055,-0.017607002368999997,40.04831154000001,51.84979052999999
2023-04-17 18:00:00,4251.591395194131,-24.818678457194828,-184.07355300916504,14.475874648393596,4.637631453525052,71.44332792518792,31.559355446167324,0.2642968335707981,1.4249237543731503,194.65754169702973,806.0402544941978,698.2741690182296,228.429303800547,323.3801925194899,12.779736769115566,1.762239468805343e-06,11159.455824850997,2.0753842569402242e-07,5696.3319887772,-3.111863130631884e-06,1712.3821389727027,0.24061863379,146.94365749999997,39.298324140000005,0.240753088828,159.3099771,41.433462320000004,0.16652582892200002,146.6452825,44.62396418,0.052028122074,109.01802670955661,44.155931030000005,0.00015717371000000002,1.69113124,0.0134960826383,15.858307450000003,25.216736040000004
2023-04-18 00:00:00,4593.278190583833,-24.720621010564304,-181.40759065987552,16.357377424638894,6.613434013202857,71.16053257137617,31.462674389213248,0.29820630566657214,2.0980087485205052,181.29405151500225,291.9926838626367,240.81680561750673,239.60707728717534,318.6090088697265,-27.780501767195513,1.885389127476965e-06,11153.26970941396,2.8663056798918446e-07,5687.470820614897,1.726468663137288e-06,1675.2581777725848,0.48104157036,138.0948325,39.49866132,0.59426187611,146.56854909999998,40.300741450000004,0.48571304954,136.8804207,43.10751313,0.31715293194000005,100.53366899490356,42.94485326,0.09079680274,9.28185755,0.2625655495199999,30.250462939999995,47.83964197
2023-04-18 06:00:00,4503.8973996090535,-26.395969262713066,-198.67967464097978,12.488079460724752,-1.3634567266934559,71.08193541760161,59.208411076915965,0.31156999351395337,1.2504994622432903,150.46694256125502,-4.237176776872703,-1.850961748065874,225.74468073701706,285.8602715751286,-62.51180051460005,1.6109285413846138e-07,11173.852034789374,3.276641583431325e-07,5674.755942378276,1.8415614747791086e-05,1675.7041809343593,0.0781539829141,125.25349329999999,40.7519575,0.0838108466065,149.0557243,41.1773173,0.0330352804569,148.8646013,44.07469958,0.013075136757000005,103.34575778245929,43.672196760000006,0.0538807209762,30.374583010000002,0.046523797156599996,48.059380059999995,50.98889359
2023-04-18 12:00:00,4291.9068264954185,-22.570516436355064,-179.61189551455215,0.9522359762884007,-0.24882104699972207,70.88535649999746,51.74032759870394,0.2985126760495649,2.1110189512204593,168.2031863876694,30.073590168368714,26.408449276721125,235.04418099576708,286.5508312713052,-47.84705144298377,9.70916789913251e-08,11172.501070942439,2.2070267312916378e-07,5643.3354508409975,1.09643513678577e-05,1661.6999894533085,0.2741567471194,124.9388951,40.44219794,0.3419941359609,150.4262142,40.68867165,0.3190392367774,152.8605839,43.88869841,0.18977806591939997,108.16305756568904,43.00619513,0.182276592644,28.31576806,0.142644787604,57.802904229999996,50.96418585
2023-04-18 18:00:00,4148.367290478399,-22.218548913055905,-184.35464562047926,-6.6062543160319835,5.927382761241269,70.80568742080158,30.798454567236114,0.28231906164530185,3.502097698610152,135.2351562805802,539.7728993667299,423.98210960827987,273.6049352600753,322.6115302397231,66.72851454328728,3.3738992827121397e-06,11144.955905812576,2.5835830423246865e-07,5634.754795516189,-5.421470766559118e-06,1647.2672075337618,1.3167476846,136.0482163,39.41123702,1.5932112328999999,149.8325866,39.868628369999996,1.343330256,136.27032789999998,40.79870703,1.404426365036,103.10721653831635,41.33886249,0.48060524140000005,15.79692921,1.01735304414,39.09972641999999,46.63320523
2023-04-19 00:00:00,3282.4604525668974,-21.815395852234857,-186.00552176727768,-11.48235494939881,6.77983952271436,70.59917512325764,22.93483900838957,0.22626376997066616,4.436984140699164,151.18629290995716,184.94864637777852,147.59215914920807,281.14157802289327,319.49433584998786,-0.9719034646135216,3.2418817470092274e-06,11083.942644890512,5.778975675374654e-08,5628.290405460821,-1.1299063372539792e-06,1621.50097525399,2.261447358,92.52678393999999,37.63126338,2.797507559,108.4137763,39.36814962,2.3046580176,95.6593462,38.57619698,2.5637347514999997,69.32004159352952,40.28320776,0.6139031698,12.748600479999999,1.0835511037,11.419092822,39.93563023
2023-04-19 06:00:00,3118.8533133738647,-23.09903208135659,-194.95390325096537,-10.161646600112654,3.9859621694033747,70.67749643553748,26.569984925564732,0.21299541203962802,2.619968871147231,145.17013495202238,-2.6954923701116495,-2.587063004132508,289.0309852400884,309.2437696067341,-20.324714011882158,2.5963921562757424e-06,11072.702921102087,6.544548411128218e-08,5618.429083167495,5.258309669071498e-06,1644.3064388265113,0.9824199174999999,85.28924108000001,39.17058230000001,1.2282325262,101.1585337,40.061204860000004,1.1119234085,95.1944804,41.83929489,1.1146093507000003,58.59628158807753,41.83413516000001,0.6040090963,27.63854655,0.48015647432,8.9905499215,44.466019360000004
2023-04-19 12:00:00,3698.9764275940997,-21.062720660752902,-180.41908723126417,-11.917321945240962,0.431320050361748,70.66576669909107,41.46777277670516,0.2600998124400121,3.5952663462864773,119.76531173428937,16.71078471656319,13.954439655787864,281.25126332479863,301.1270801825477,-17.11962447389367,3.060868202520768e-06,11065.321298528088,3.585058978983717e-07,5591.276379076919,2.2610421490106886e-06,1654.866305068343,0.7734440058000001,104.51471579999999,39.69849558,0.9008139860000001,126.4717796,40.19200077,0.8694205616,127.1780236,43.44711608,0.853094900036,83.68223440647128,42.340842460000005,0.5563212156,28.326961300000004,0.7179940628,32.157944418,49.142326900000015
2023-04-19 18:00:00,5667.195396408375,-16.025353034856288,-141.38913201349555,-13.186307734645244,-1.0019720276716513,70.68277663023662,68.9474407919233,0.38157917155334475,3.354415028116408,126.93347659677585,298.2033412840904,306.4712349574675,293.7885728508112,308.5684816933787,-23.027508585931848,3.4172847670990188e-06,11060.024863874192,2.15189925645505e-07,5581.256847142365,-4.584522356369465e-06,1644.3882792788538,0.31143976043000005,68.700026,18.16136882,0.6274520198000001,136.7580544,27.619846140000003,0.40708293282999997,80.1746224,19.52650638,0.47625805868,68.83576374969023,20.9841512,0.39228941734999995,12.33513999,0.2421797042,16.93767003,11.342573569999999
2023-04-20 00:00:00,3799.386223421555,-22.064602541865142,-171.75254166702126,4.764278667899854,-3.8696153152339408,70.91994887795092,57.09938105813073,0.25114200180767754,5.385161623644397,147.98574847512145,150.92080545140553,157.41783000340047,266.5591150244244,292.89207735393614,-32.82694349199533,5.272642422363544e-06,11034.895251409522,3.0766473523417244e-07,5571.745303230612,-2.326501546067917e-06,1663.2791099656629,0.12150057985999997,37.87612934999999,15.628633719999998,0.37669850573,91.4855783,27.72162371,0.3204885902499999,69.73153940000002,24.11465966,0.29855424783999995,38.74285714822448,20.910501739999997,0.18184694888999997,12.958084679999997,0.18820477322999998,10.30506676,18.76853212
2023-04-20 06:00:00,3403.9537164136373,-26.305653178764832,-193.68748791054205,16.757737519576636,-7.525937713613466,71.1889292277461,69.12439327151397,0.22204666723428507,2.7950920942559008,282.30834786673523,-1.9483277222389233,-0.9476273142622345,249.56469559713582,274.14300195997157,-25.58315865233253,7.002726686067894e-06,11014.278448691797,6.440394121003426e-07,5565.98548946895,1.3919980260409773e-06,1724.991085859378,0.07063193400500001,89.83267536,39.11371347,0.09930064658000001,121.2463676,39.69360242,0.08663764271,107.42276269999999,37.218022919999996,0.11560900689999999,72.82468227337542,39.62456667,0.06461610720399999,23.464477029999998,0.069191059382,21.67635455,35.307634549999996
2023-04-20 12:00:00,2434.4044084113693,-28.093733469777852,-209.207420023795,15.542447734427814,-10.261174670993508,71.32848409411164,62.3670871697427,0.15863391066180896,3.067506280604824,254.044281197883,38.00097006115854,39.37948137443866,211.24777744317512,256.9149465957779,-47.02416227216401,7.003450468465026e-06,10978.338279613788,8.661544008895384e-07,5558.6811068431,4.3688103920037765e-07,1753.0333244184587,0.07522287968099997,47.95970165000001,35.33789767,0.1184659545352,74.88840662000003,37.11149094,0.122048859669,71.38605326999999,37.28294695,0.12088966924500001,32.83522694262127,37.915515340000006,0.070581854961,23.75550353,0.05186326716000001,2.5335359680000002,14.234237969999999
2023-04-20 18:00:00,2473.02074582561,-26.74411834744231,-198.06705266771235,15.885894111826136,-5.980098994037695,71.48033290538942,40.24439372904109,0.14700011972728944,3.7263946711206515,261.8777205446632,743.9437726149973,728.9973539731858,218.8529869651907,297.17511413601426,-63.3880906000556,6.051623800024569e-06,10969.299261736462,5.612161477138422e-07,5574.815365837215,-3.737810615932305e-06,1748.8522889548942,0.5990469474000001,48.07243441000001,35.1404619,0.9370023677000001,81.02316665,39.35144083,0.8576358833999999,61.421864570000004,36.21630325,0.7422968980000001,23.725142166018493,36.920137600000004,0.5186116673,23.92843641,0.021834687970000002,1.7977750373999999,13.319440989999999
2023-04-21 00:00:00,3558.887045039946,-22.37908810829851,-168.6902945163398,10.342410350048311,-6.962628787976051,71.53108019566773,67.62435339386283,0.2277033983588053,3.628554152175874,282.66463772845145,147.09720906217103,165.35806230404373,257.784795388904,281.49859292964135,-41.97936148954512,7.277277627925679e-06,10964.545219010399,2.1939586411315484e-07,5585.537614467204,-1.60211248718139e-06,1748.6234108074455,0.0975782381,54.706639970000005,26.122083510000003,0.25715941640999995,102.25665920000002,33.84747606,0.168073235156,73.0999203,25.941054790000003,0.23548690991,53.12503308026673,27.96661442,0.08916716156999999,14.842350450000001,0.09372590169999999,11.451509645,22.90199294
2023-04-21 06:00:00,2538.5497156806687,-24.770577491747737,-202.1636315774072,-3.999011643425305,-10.481058432638207,71.75846286977931,68.14616023569315,0.17060463637925238,2.975380569243288,191.31887041703425,-3.988288185267588,-1.5190058994727245,178.35978036992068,243.75587336265093,-67.8631642865287,7.375316836580411e-06,10989.603185137727,4.651401432374961e-07,5600.607531998344,5.20580520771811e-06,1791.5830300246446,-0.03574892097,65.71802298,43.42281532,-0.034546389997,97.22095389999998,43.72902504,-0.029810955131000003,102.795376,46.752092610000005,-0.018948347041999998,52.844707787036896,46.24302451,-0.0024589941432,31.106331490000002,-0.004570708696999999,9.282986291800002,43.83875012
2023-04-21 12:00:00,1877.1710450022288,-29.02299029452556,-225.03260884162398,7.151313514580511,-14.910419054373909,71.72963004723067,70.92517042423275,0.11997729565460694,0.9464776415557792,149.63178847386365,35.03831406581353,38.30892039548242,189.69863656974692,230.68526674868872,-44.26372911909633,4.099475652971905e-06,11044.025727722603,5.234721700334556e-07,5623.588046942988,4.3477438125492534e-06,1794.8631246508517,0.008893005252699999,51.63783368,44.444038969999994,0.0155008930013,78.87947761000001,44.72213781,0.0224246559254,82.69454765,47.883181070000006,0.022105111961200002,32.851698249578476,47.09261665,0.010705646744999998,31.4289647,,,
2023-04-21 18:00:00,3423.1622205946774,-27.729201858766977,-210.44832614555577,11.385288724580072,-4.816040845445451,71.64893020976014,51.985825105791164,0.21161666311257454,2.3660273377320817,228.73178455622912,437.024730359498,473.37752054251865,269.2903295544918,293.7916375613606,-60.850685488486754,1.642925413210428e-06,11117.858575571308,8.123627571567049e-07,5646.251327045446,-4.767136504702338e-06,1753.4743982927184,0.3457808138,63.403959719999996,30.86588598,0.45789831179999996,102.1462686,34.823284980000004,0.32698810848,79.0873638,31.734989279999997,0.30507779177000005,42.7126179773652,29.795398289999998,0.13692139653000002,15.247767770000001,0.02923911094,2.246772301,23.04057908
2023-04-22 00:00:00,5591.050662310269,-24.674888706132975,-196.41240661919608,0.9867030298677675,-3.9351475169904386,71.49780877029727,84.7217870228246,0.36956038724643037,2.1028162475910577,209.34372991300808,98.8479457929985,115.0304905501181,290.3549990019676,295.12728604769393,-20.96543255836658,2.165599714378408e-07,11160.05042400459,7.34475921483718e-07,5646.81263170585,-1.6847872714083815e-06,1729.7796449857624,0.03014115932,22.5951176,5.85325734,0.0748433554,62.0026204,13.602414680000003,0.03817154683,23.059600699999997,4.92681638,-0.003024660400000001,10.07907245108214,2.27487203,0.014042467600000004,3.5338388199999997,0.061109765299999994,4.89638277,4.21501034
2023-04-22 06:00:00,5939.661983420491,-26.60990527641256,-213.51276908399882,-0.633526872698311,-2.795298318587924,71.40631199170386,84.7819517740714,0.40646628789141126,2.807919319910981,167.6034921997703,-1.2318630685271155,-1.015808607705727,294.24477609207935,297.3649203714139,-3.3356187961981503,1.391797247920105e-06,11159.708507782087,7.813784673136208e-07,5643.82100323829,1.2125664658208669e-06,1744.200221987844,0.07975396597000001,82.07578502,23.10589823,0.117919785435,173.357618,31.77008154,0.0278022469,103.20006499999998,21.615472009999998,0.08886112427178999,56.903199270332074,15.971910190000001,0.02729938096,10.61331688,0.006613028199999997,18.349165199999998,9.426226900000003
2023-04-22 12:00:00,4885.549258501191,-31.45198943386567,-238.5464697266363,13.069445744289073,-4.602036216124389,71.31139291817951,79.4414574318163,0.32721400196555706,1.991292408912963,115.4517077972837,29.421333234165896,33.34177980922135,278.30307817734484,287.7389665388522,-13.34831630701093,2.2268213072201857e-06,11122.788813053012,9.072674250920225e-07,5620.101121540696,2.3290308328052203e-07,1743.420446788692,0.044283253919469995,148.3971684,41.52860421,0.058089823479,176.85221690000003,40.77711553,0.06075323277599999,177.72019319999998,42.949596490000005,0.05429609353699999,128.4520984860016,41.37336064999999,0.034263506025500004,27.585339410000003,0.028761985256330003,70.71342387000001,44.19096339
2023-04-22 18:00:00,4455.322705112341,-31.25709527342476,-234.66626837774584,15.390493809652236,-1.4055593499060512,71.30216662207815,53.25836032583574,0.2870983253909606,3.8768587045916334,298.78512772593604,599.5034435031142,647.0564974913749,272.55216935470736,308.4558267946623,-83.45567143297008,5.0888055001500455e-06,11089.69544637496,1.437993286457326e-06,5616.2918259892585,-2.7856899815826793e-06,1726.6589128676453,0.47883696976,131.73457209999998,38.58561264,0.6088556055999998,158.32535219999997,39.65335545,0.5891443978,147.634502,40.97482938,0.5958147442699999,105.44046086882477,39.55982013,0.41980209398,26.14909198,0.45560888006000005,45.74938112,41.17648396
2023-04-23 00:00:00,5239.641036914598,-28.9817979120932,-217.65761839845223,14.196764898293376,-2.1212589226412186,71.2982729098328,69.12711495598143,0.34986614256842113,3.5554349755873886,267.8594978296985,208.71323692889354,217.41796290123935,286.57451969648025,306.4325177325449,-28.57463657243744,4.847490966286212e-06,11085.834168792653,1.4044507606252784e-06,5620.931642410796,-3.224920806500787e-07,1715.9663965167558,0.3487623424,132.83488739999999,33.847205710000004,0.47380896535,180.05433440000002,37.567776280000004,0.39907549029999995,140.5186317,33.291258510000006,0.37781829344075,104.40991521833101,32.295814029999995,0.254894707718,19.51960885,0.20632170618100001,43.32956814,26.571926500000007
2023-04-23 06:00:00,5310.018550515801,-30.43392456332241,-222.94749182161706,20.52390468496226,-3.6413466552615583,71.33005841396148,79.46381619963557,0.35419905444467314,1.1606768786256074,181.0697008554548,-1.6719045944946753,-0.603097421404329,276.7297222977161,295.5380217971876,-19.87874824991352,5.878666116662915e-06,11063.223082320976,9.689925460281975e-07,5620.447828838119,7.311457555720231e-06,1743.9558938760067,0.114367259712,140.58264340999997,38.80037172,0.06946514075300002,185.14161220000003,42.12524639000001,0.05310563923500001,159.2310499,35.298062210000005,0.035900133371999994,125.8467473983765,39.73020013,0.014654846744499999,28.695360739999998,0.04343943511,79.8442706,42.58856949
2023-04-23 12:00:00,5131.2723823954,-32.391194516813336,-232.47311609844243,26.656440036064296,-5.236239045343455,71.26552615062845,86.12511646096964,0.3366847772935112,0.821385491289562,180.61336780011408,27.556571612771094,30.045221285574478,274.9375829374342,288.67131209508244,-16.21821043826019,3.1994559514341294e-06,11064.708106956647,1.4175157368777143e-07,5618.779923486352,8.2002004894581e-06,1740.579177994978,-0.04201597034077,82.3017578,29.219225129999998,-0.059420726376,111.59414065,49.87907289,0.009958649292,167.9717056,39.044910339999994,-0.014928292102999991,126.21808996051546,43.85352247000001,-0.0012487284404999969,28.784823199999998,-0.009998575750300004,80.96400136,46.45636408
2023-04-23 18:00:00,4903.239863830351,-32.433756660041595,-232.94705964003606,26.522993640296697,0.24672141944062842,71.30713668681535,53.361529499880845,0.3229556431351549,2.212072304647892,231.91499638666915,765.7606451745088,724.5981935150716,237.84728234172502,315.2077675911625,-36.22226693095669,2.0787306834865846e-06,11099.43302531038,2.791222460619223e-07,5644.474616602386,-3.5939267203653363e-06,1714.964714532091,0.287671168466,169.5133495,40.855999669999996,0.34616283266,185.16104779999998,41.462430510000004,0.325702624938,181.74744699999997,44.67260725,0.238039420884,139.8501793146133,44.32588516,0.126214737523,27.58622811,0.14337792687300002,69.60061621,48.237480749999996
2023-04-24 00:00:00,4868.936093820772,-30.12342782961382,-218.05570191513664,22.931720721773967,2.2129611289715,71.23399653959495,45.94016295240391,0.32471881838453664,2.826159521300859,270.9941213441,315.71854777398715,279.0340208729302,224.0225447024258,309.9020737997846,-49.170288864455706,1.949513260147943e-06,11094.208537535898,5.579689670334326e-07,5650.165511867871,2.200603079865476e-07,1694.1129896993286,0.33048038023,155.7378167,40.33889001,0.420493436138,173.6699324,40.84495852,0.39682248204700005,169.0701977,43.8502596,0.369662712205,125.9827626943588,43.47885914,0.212055439676,30.36465036,0.22753166047599999,66.16786541,50.90159647
2023-04-24 06:00:00,4967.118766559681,-31.406013362412416,-225.99117635058818,25.256930548711168,-2.8246739965713648,71.25880364082334,69.65310274888577,0.3335942077546841,1.318064073949592,174.01594277032655,-2.975562962473016,-1.2293981026728005,241.95393921090084,286.8520687709985,-46.654436109617734,3.140485361619602e-06,11079.198028544237,4.987159600849759e-07,5650.909326426357,1.1472174882180516e-05,1710.4532856827855,0.028373362232999997,147.87836670000002,41.35207915,0.03286758326599999,176.9814689,41.75350387,0.0229200120793,179.83711,44.77729071,0.015040874276200001,130.13847792148593,44.05505714,0.0099299729007,30.19409732,0.0063752615865,78.1916588,51.9775448
2023-04-24 12:00:00,4711.19484600262,-31.651818242872103,-230.79484936216937,22.419696580807475,-3.144623025641814,71.19272341687072,69.29282519457027,0.32179138267825713,1.1331805641504045,180.5831268077048,37.36035367414266,35.097628115062314,233.8582619176756,281.5706370359913,-45.44638758962327,5.760723186224422e-06,11062.412540243065,6.53671050326034e-07,5633.471582044706,1.2725775593682795e-05,1704.755551275662,0.021161154344000004,139.3789457,41.25564121,0.026097916411699996,168.7394117,41.45350959,0.0116157826407,172.63277779999999,44.640317810000006,0.005114109903000001,124.88274550437924,43.75959796000001,0.0007325077713400004,29.88139546,-0.004169565431800003,72.47535436,51.85784768
2023-04-24 18:00:00,5113.3465452943665,-29.902981798273313,-219.79618551382742,19.427668872359092,3.8105805298263977,71.13950085369603,41.486700727740285,0.3315450102206281,1.85762647390861,211.7073954549641,727.5405791627079,603.1311667557067,268.92479568132154,324.27557484394157,69.01847367694523,4.256387893859092e-06,11057.621400857732,3.4254115871231047e-07,5636.954518579311,-3.1373903132250623e-06,1689.2436651164824,0.3682025232,184.0945564,40.43792674,0.4150048449,196.65696630000002,40.95602615,0.31226389381999997,186.6669283,44.09102663,0.177735863564,143.02157044410708,43.73642262,0.08168240420600001,17.06085235,0.14094331481,70.12403573,50.29264832
2023-04-25 00:00:00,6239.098237209537,-25.236497970487214,-198.13922295247266,3.7527608114250204,3.6814029096789946,71.01500062815822,53.70929521746451,0.4151093438474345,1.947845131653092,231.64893423507908,244.01021607654158,195.17155803477596,279.4348908983662,319.8953308867793,8.403384165709252,2.949982611106207e-06,11073.635846533303,3.5503957917918415e-07,5637.660929083638,-1.4552349636775261e-07,1674.5246121751577,0.28262107895,167.16086959999998,33.68046865,0.33442302909,191.7886746,35.36761339,0.30011993294639994,167.41992979999998,34.93406548,0.26874386038000003,144.90516078472137,35.919744480000006,0.11168785239,19.404549590000006,0.14082703943,82.5401011,39.79118649
2023-04-25 06:00:00,7129.739482007096,-26.21422576793333,-206.6537030167564,3.0601031267102576,-2.277118735446216,71.0698851483179,98.30299600020435,0.5001848287339783,1.9082662972247006,151.20765428300754,-1.00214880728186,-1.430332404986725,306.359702943833,294.2337141544284,12.544174696499075,5.528725212957275e-06,11063.47676595756,4.589538620188395e-07,5628.935820892874,1.2857481412227227e-06,1686.8935675908047,-0.016829889206000002,59.668890600000005,8.3108249,-0.010960062430700001,31.710924397499998,21.40477809,,,,-0.071172286194,107.33500343925783,23.53277074,0.018069582279999996,19.996140639999997,-0.40478185,3.6310577000000004,2.9688828000000003
2023-04-25 12:00:00,5116.356614750542,-28.147960644626654,-216.36306207436974,8.820623082643507,-5.598079138863103,70.9810587757517,91.0980813058612,0.3472110545751462,1.2521417813569007,142.6612272079022,22.791980253019787,40.42188425912613,288.13990682366335,280.43757461459006,-9.893738208814993,5.058326138557081e-06,11032.647921291244,3.5700490566967985e-07,5608.567255915543,1.7224388730013846e-06,1684.4938648809966,0.01066704732,19.0596487,4.29422883,0.030974842625,63.954219198000004,24.14541652,-0.0038202491000000013,12.250952673,5.624406029999999,0.024362630625,146.11537408485867,49.82644169999999,0.061701227187650004,32.37123115,0.002727225064,110.6225195503,61.0968344
2023-04-25 18:00:00,6839.0373929506295,-21.878587439974147,-175.47727976468224,-0.4485802448890577,-0.4518593663411017,70.89852324142535,77.82496818751096,0.45511001985492056,1.5706371847345941,200.20118889817013,450.1625583854822,500.43645434912185,285.7102736039211,315.68007852538545,-80.26280561031139,4.964179865029537e-06,11036.667662643664,8.968412982957898e-08,5612.5555394725525,-2.6487290857337454e-06,1667.68294360724,0.11789723734000002,177.9414803,35.815394260000005,0.092354501616,238.5864345,40.582232239999996,0.12434265635050003,191.25839799999997,37.02441879,0.08440653827,180.6070594063057,40.41069293,0.018454716556,19.912560740000004,0.055369865649,113.75555537000001,41.70381957
2023-04-26 00:00:00,6132.291366462729,-26.455394755126626,-207.88104159358585,3.762116447427183,-0.5373657526912119,70.95303965987469,73.32518411004335,0.4197110136041088,4.337748328281156,300.02531184586144,187.84940176382588,198.63742342247284,287.96634831062136,311.3287131725148,-34.170693113695314,5.489015121333455e-06,11043.037875273087,4.967460189938566e-07,5601.667702904875,9.603815353012417e-07,1678.4161555264627,0.37758032555,119.99556390000001,26.32465287,0.45182425866799997,152.04773889999996,28.91756277,0.40105539490000003,122.1686677,25.667946479999998,0.38550819740000003,113.42989349365236,24.81939778,0.05359825480000001,17.450691060000004,0.17181910220000002,61.640277199999986,25.88949917
2023-04-26 06:00:00,6527.133797960614,-31.850000235355022,-242.85179877331967,11.94820310952054,-3.0527137693620365,71.19143980928764,96.49525067963299,0.45340699731497847,1.445961422881398,211.51982762044037,-0.7993064244234147,-1.1304495431940096,297.05273319421127,294.0630450153446,3.3191075161387467,5.756993068542733e-06,11043.862299086137,5.875567535921744e-07,5601.000126946869,1.9904942707159876e-06,1711.964412715913,-0.002020982919,22.952968600000002,5.21241148,0.0009076573380000002,18.3731726,3.5077262099999995,-0.0037982563400000002,20.345559199999997,4.28615424,0.06296294892000001,29.941131240087884,7.30578719,-0.012471123497999996,17.618108219999996,,,
2023-04-26 12:00:00,6398.405698787794,-31.257927420520694,-240.3748408887131,9.688578475452516,-1.9123076261199614,71.37794122228047,85.9692603652685,0.44248124303490555,1.4269080973657475,152.8624970677875,43.2198253365667,52.188854802973346,284.0226416277783,296.75088857641003,-21.684933504604636,5.883420699784072e-06,11050.847244298142,4.2088688350129133e-07,5618.968512169004,2.254861177869095e-06,1732.1617933865555,0.050920063809,171.6427448,38.28839173,0.067015217358,209.83676989999998,43.68912418,0.076788122705,219.8723698,44.33739461,0.07973217053000001,175.88276624679565,43.147916050000006,0.09095683876300001,27.947477290000002,0.059645060394000034,84.10969303499998,41.11062596
2023-04-26 18:00:00,5617.45222487559,-28.913425213851642,-226.14409136605502,5.163310344758152,3.2878925955975458,71.57300885762947,48.75533728444442,0.37567457526900105,1.922478532266616,248.67600569702188,715.5927779462879,701.3355912934544,269.05872094329516,324.9325619249851,-41.62863917593844,4.045059035757122e-06,11089.144866098246,3.834852733810846e-07,5659.292493964022,-9.500340787774157e-07,1742.3241584495597,0.5578684062,176.44229620000002,40.36853676,0.6666421963,198.25784769999999,40.92726132,0.63519024271,192.33221400000008,43.739704489999994,0.5357257128199999,162.8001143932343,43.4234326,0.30109759408,17.51404697,0.4128666853787,87.47659289999999,50.67013685999999
2023-04-27 00:00:00,5873.68818818889,-26.106044896010616,-211.80068338227173,-2.9523242141867927,3.8892543198199983,71.6078340563097,49.991579689118765,0.3986093765553044,3.2102702293933825,283.8269815438965,323.6821064747086,290.9387287769614,240.546954966196,317.32286823252207,-44.0037396634528,8.263390372601975e-07,11140.373880085104,5.726210839867135e-07,5683.779976607375,1.7378415069888196e-06,1738.3715218700474,0.32708885454000003,197.1980614,40.45616129,0.40300948329999997,214.8361888,40.921146549999996,0.387871784877,206.06731960000002,43.98649862,0.36560194280999997,168.6890165805817,43.50612194,0.1649822317,22.653187269999993,0.24752981805000002,97.540593,50.89599493
2023-04-27 06:00:00,5836.691162527766,-26.066597302347535,-212.88559760534054,-4.352819186560256,-1.1159110443167093,71.66205316682564,73.85013502905252,0.4094361767685981,1.5256061731999089,93.22983867493227,-4.1601631032075606,-1.4586075359413195,222.0754999206103,289.1422709305862,-69.76994664469476,2.751401526789561e-07,11182.186523781567,4.4291049824087134e-07,5695.74730764117,9.542062426272127e-06,1746.3516857269603,-0.019505121347,176.68599419999998,41.365558300000004,-0.01582973568806,211.6405995,41.5888753,-0.016725748555100003,217.3966529,44.71033648,-0.02039761076,172.284108877182,43.912329369999995,-0.0030452798799999996,29.808886180000002,-0.0016212321977999997,117.62565999999998,51.632055789999995
2023-04-27 12:00:00,5030.677959132718,-28.597276343081283,-221.38136692210122,7.396843822549052,-3.904921739474923,71.51970553074264,79.85129998630006,0.3480323294348797,1.083764536723966,136.45675836904365,29.50783502123061,28.656442151088797,242.85239605599716,282.4409018439316,-38.748825574033305,2.135887550344906e-06,11174.704139116526,6.538678919506973e-07,5680.878412772641,7.685255764240602e-06,1734.1861195707856,0.0560446218352,158.31860290000003,41.762799740000005,0.0701068285336,189.82241290000002,41.92312364,0.07237756009454999,193.8284338,45.188047100000006,0.07388864364087,149.03006935119632,44.03885789,0.0553107565458,29.56771734,0.0613818775989,92.5515399,52.2215644
2023-04-27 18:00:00,5658.955889786807,-26.545745106844873,-206.61287123796293,5.7530896167960615,5.555443120302207,71.44103315594141,42.53561910969741,0.3824592849929941,4.689778026583065,313.5204030199798,756.2913750184098,632.6083864902481,254.67787749039567,325.18972858602325,53.137646368208884,1.468680202731347e-06,11169.400413103354,4.807338269461298e-07,5683.085825470377,-1.987590486724255e-06,1707.5348765689412,1.067662254,200.5627018,40.10777011,1.266080429,216.1643764,40.49115089,1.2300815995,209.4077506,43.81530635,1.070288109,165.32499933613585,41.540466450000004,0.3929810108,16.38835753,0.75006470684,89.10794775,46.43148294
2023-04-28 00:00:00,5129.944332636146,-28.185295301499245,-214.77486489830198,10.707497513691996,5.405133926361287,71.2559935736985,41.93699512875024,0.35940335832210835,4.244101584269768,287.06424443955973,255.9147718690464,205.49200237576954,284.18038242331426,321.512081347905,13.119570450595356,3.739789427844727e-06,11160.368075662258,4.3781941774814216e-07,5670.341568456875,-1.1623063291155188e-06,1681.083404285433,1.0318871390999997,149.4265869,35.72814573,1.3808350266,165.4032818,37.319805509999995,1.265697458,156.1653823,35.547796739999995,1.1561130937999997,127.05032182941893,35.28021409000001,0.7165160800000001,17.677254389999998,1.1904875370999999,49.57223607000001,43.29118399999999
2023-04-28 06:00:00,,,,,0.05644055762518141,71.28656363547495,80.17326097726091,0.486144186993915,2.562008822670491,171.2789755489547,-3.0815192892568914,-0.8644244566750258,285.14171491182805,306.3040985618901,-23.38361257362218,7.552868501186502e-06,11100.681678623858,5.012149141601965e-07,5644.900766346516,1.8355092003314094e-06,1718.5480595347576,0.11629130413,220.8647622,30.760649530000002,0.18511215636,225.11692499999998,36.18073745,0.127769983609,168.2728703,31.52837925,0.28576350290599994,194.4378126998215,32.18603048,-0.2543522670400001,21.672582350000003,-0.18756045160399998,103.30300763999999,41.71016138000001
2023-04-28 12:00:00,,,,,-2.680588134013684,71.53834391925182,62.701344047514254,0.3050332107720054,2.3847125260372963,139.7140416129368,43.191569419187815,45.31274127427399,229.72250514832763,283.24420915204644,-55.624685322655026,5.416745792182018e-06,11084.61528187175,8.764089613720335e-07,5627.009222693553,1.5776722568020012e-06,1758.0223025745893,0.17022106942999998,91.3944912,30.72328141,0.25638216937,135.98932549999998,33.55626262,0.19157305486,104.92366689999999,30.992606230000003,0.23958865765,92.34753209361116,32.15105764,0.20779646472399996,20.136890819999998,0.16111790720000005,31.9632308,33.214964009999996
2023-04-28 18:00:00,2997.3603028308316,-29.457451053612754,-234.6741526389262,0.9854557899758409,1.6990350318676064,71.80922609890047,28.958482135887543,0.19750029726039714,6.0719089718661765,311.45835174271633,844.3160590699632,805.9843064793356,209.7314051602439,314.2634241217191,-66.21459369252479,2.993507692855369e-06,11137.49957792602,4.6026341734341207e-07,5664.781880314745,-1.4316392510061323e-06,1770.1144231894564,1.1418911004999999,87.34906174,32.87537318,1.6757258664999999,118.6004739,38.58885137,1.5858392460000001,109.9801748,41.599068620000004,1.8785247791,91.64386057853696,43.3381062,0.5975907638500001,18.02845194,1.1726423251799998,13.730796699,50.438789889999995
2023-04-29 00:00:00,3321.2414311606394,-27.74800629994269,-224.35212379438343,-2.368073394841882,3.829707061173192,71.89569962018564,33.771173539326156,0.26970750836176427,5.260545230191784,299.84784651914583,323.2186569830415,292.0049371694269,225.8733652395712,311.8448584929308,-54.73907403987628,5.092111693666035e-07,11218.508077703109,9.40316155282232e-08,5716.496428747985,1.2966041674236484e-06,1764.0304140506855,1.1132002976000002,139.3672119,40.361320129999996,1.3348224204999999,153.8847262,40.752166689999996,1.29464012763,144.9736455,43.47427693,1.3934736290699998,125.31590890884401,43.07424992,0.65770193316,24.714478709999998,1.14904885701,38.83680642,51.088240719999995
2023-04-29 06:00:00,,,,,-2.1124995967338,72.09657311888927,59.32184447803134,0.2981737848016871,1.2018329205702978,149.50095160533346,-4.287332757936412,-1.7824455379924489,217.39013772433123,281.8314574425951,-66.95053687364779,1.172836775666957e-06,11267.66857538603,2.4514605451893174e-07,5753.728353202142,9.068750247319225e-06,1791.2779468051338,0.1324668573045,122.94288039999999,41.108973090000006,0.1725663922265,149.947045,41.3902308,0.1434106482858,153.5672317,44.72517948,0.100092978508,120.42053127288818,43.892405690000004,0.072259628383,29.87159254,0.06215620497220001,52.72904477,51.82975437
2023-04-29 12:00:00,,,,,-5.017137421979294,72.09621284831408,69.63844203121332,0.2757026992580642,0.9627035663821925,121.49906502189137,43.436848258319614,39.682549330940894,213.8891727118526,270.6291406262143,-52.99113207290312,2.0789060836647555e-06,11275.415599261574,2.7436856836114217e-07,5762.493735321789,1.1282786172406827e-05,1796.0846167039954,0.009065835843700002,113.3015229,42.05412468,0.007782248597799999,142.07624819999998,42.204403549999995,0.002557648581,148.3038551,45.58957564000001,-0.007120837454,114.38770246505742,44.386737659999994,0.00499917777001,28.455369469999997,-0.0147384590395,45.99962322,52.65758249
2023-04-29 18:00:00,5223.104133670954,-24.060272894102564,-212.58679949166313,-20.10461633884263,6.288675650557695,72.10199935990603,32.899579327370645,0.31152481714224495,1.5207861033770256,217.73418007520803,827.6320314231497,648.2492206847882,242.10539714007774,327.1577400944653,94.28216523116235,7.853451854409399e-07,11311.662816152653,1.0891238423771722e-07,5780.964043255781,-1.445839783417702e-06,1779.9536704736274,0.41210547453,159.9144301,40.77819744,0.43279980819999997,166.078691,41.26889903,0.375823923086,158.92203030000002,44.57883711,0.186259018478,160.1353701353073,43.85322618,,,0.07741811423999999,16.45536441,15.589285469999998
2023-04-30 00:00:00,5384.1932896938015,-24.203673480042752,-210.9652484720501,-17.335860631708105,8.251254626805594,71.99210885474696,35.58900236176231,0.3788868863732052,2.9350780328683364,268.422298250067,319.7117051467917,245.7973471449119,249.37381088324187,322.58348910202307,0.7645848241624537,6.046034535240444e-07,11319.814271126294,1.7985551495712648e-07,5785.685597132341,3.018391565284791e-06,1752.3379920854545,0.9255147387,185.0227423,39.86671768,1.073547654,200.53304359999998,40.483152790000005,0.96910868343,191.1108322,43.42159911,0.7322244611350002,163.3701651096344,42.161018510000005,0.03328188132,7.5813330599999995,0.40563499856,69.33575409,44.483198949999995
2023-04-30 06:00:00,,,,,-0.40247017338135804,71.9338635134735,70.89300154604601,0.4151609977754319,0.9156521904726641,140.37169298852263,-3.9635363814403193,-1.6829794629029586,231.391890234451,292.5797246079802,-63.47123881989437,7.845999614062614e-07,11314.337296575604,3.280448896982285e-07,5775.09767015086,2.0370907429531777e-05,1759.8160474910196,0.0252365101486,176.311352,41.07320812,0.0348843813895,207.52772900000002,41.465422759999996,0.021499538262999995,213.44059999999996,44.60807755,0.01855421682846,167.00704979896545,43.90197225,0.0110826907115,30.126672290000002,0.0111591982695,109.1662142,51.54973393
2023-04-30 12:00:00,,,,,-1.950373364653501,71.77542521972663,70.93820120704001,0.3602655378228539,1.036773992827686,128.47003808150248,44.23762779150572,35.413171649587056,224.43142465736082,282.5248237733493,-49.28186477085434,8.967210075853393e-07,11300.806200705225,5.65077549399972e-07,5753.436942776493,1.7079127340554822e-05,1750.7117394873874,0.0024473009847,155.26750919999998,41.205700719999996,0.006756343912999999,186.3935718,41.352151160000005,0.003788768481,194.482616,44.678753029999996,0.009662542003,148.95001494884494,43.50645334,0.010636527041600001,25.46817806,0.007732033310600001,93.70913479999999,51.73456567
2023-04-30 18:00:00,5216.7102203705035,-23.856033172085834,-192.51394850830462,-1.6656831316179737,9.139724260277049,71.77157552863792,28.726469861865183,0.3314553933859474,5.113392578043841,291.67525674479737,813.1777823790912,589.3650830776834,251.3411708280719,329.07258650198366,146.04385587715777,7.66738524628242e-07,11296.994668569732,8.798618110341816e-07,5755.238154245932,-1.6908007052769178e-06,1737.5029803098548,1.2219721345,179.53680930000002,39.81229709,1.4241170202000002,191.353629,40.23723622999999,1.2922688181999997,177.9158388,42.87353363,1.2663045199949998,143.94351565837866,42.59802166,,,0.8487677304999999,49.985523560000004,43.116499600000004
2023-05-01 00:00:00,5648.046543802055,-23.42775030360332,-188.5305610172985,-1.1085585884719618,9.168417175448662,71.67472335633227,33.9343399207325,0.3803860728997239,2.677776562234125,271.65860326843267,351.71262097743517,263.6501187368985,262.8248842376983,325.708360283638,25.24677086620268,4.791796099599626e-07,11298.732656339851,8.479895005296592e-07,5753.8651248424285,-5.34079769479593e-07,1719.5943698380693,0.6738507014100001,193.2804525,39.755043119999996,0.76201000507,206.660664,40.29461965,0.6677447847120002,196.8263914,43.25504326,0.603518192866,161.35850763320923,42.79726623,0.01581355903,5.56160929,0.208210286162,55.256531169999995,32.53397457
2023-05-01 06:00:00,6289.953292420783,-23.815736012460384,-197.66072678452548,-7.134838684842407,0.6283787513844975,71.65282802356307,70.34971803402564,0.44678134385235857,1.4043128070733815,188.59237979576133,-3.81799932088646,-1.5595242146116404,238.09181539379378,297.46491873130464,-61.6333561647201,,11302.331351508012,,5755.066989507868,,1730.7449117722006,0.023989839047500003,190.01164930000002,40.93971629,0.02943968726,220.76344899999998,41.39676446,0.016024094274,226.8935444,44.52638736,0.016552167226,177.29742026329046,43.723682339999996,0.02763535382,29.94823679,0.013444468878000004,118.51334109999999,51.19697728999999
2023-05-01 12:00:00,5714.811981295769,-24.40170820033473,-198.39668194677645,-3.1830163440985917,-1.462275440013881,71.57518264539587,76.8143551768263,0.4091064668925182,1.2394951385930089,188.28822607320987,44.543338834617074,34.921392846937195,231.5902377274913,287.3224593873307,-46.12697651594525,,11288.217325287496,,5748.215771710782,,1723.4460994973203,-0.021946299028099997,172.1099387,41.0839767,-0.027553532488299996,203.04258829999998,41.29393904,-0.027469680213700002,212.3014976,44.62386737,-0.030128359309100003,164.0627381801605,43.37824029000001,-0.005825616294099999,26.61363001,-0.017981045435799998,103.1127428,48.58532621
2023-05-01 18:00:00,5934.358247643407,-23.56282478988329,-186.22498567264097,2.277612646425391,10.315731111896977,71.53995283417608,30.6966775258503,0.3734721963168377,1.2903077050008271,210.9799558986511,810.6803451564433,588.271447715407,259.2762476813256,332.5673525533885,149.0767925300234,,11290.793239144383,,5755.736002530158,,1708.2761353230164,0.1794852572294,183.2108946,39.804550809999995,0.158452551521,192.3168654,40.26236538,0.09120650708759999,188.8155675,43.39094928,0.019185736011699997,165.56098604202273,42.81485587,,,,,
2023-05-02 00:00:00,4544.548539864581,-25.073693899220448,-190.64658305173577,9.942968142027887,10.170878716891721,71.3821232122514,31.28936280058401,0.36790132185360336,1.6149350916137726,211.55240833152888,278.04181659906465,207.2673323970757,280.0675420365209,327.50379777018566,23.409047888231704,,11290.796220311555,,5746.397373461446,,1692.5624888601649,0.44434819539000003,180.12415239999999,39.529395740000005,0.47864534904,192.1976328,40.27041245,0.400653967126,180.9425974,42.93495435,0.26810932636499996,144.235592842102,42.65170044999999,0.01581226147,5.94250717,0.044219569156000005,36.27388033,18.780970579999998
2023-05-02 06:00:00,,,,,1.4437549434923365,71.46279073266082,65.57114509090574,0.4417602462235281,1.6291392279053583,156.82543308127748,-3.6964200861947174,-1.3518276982828703,244.2714237657024,302.8027869680457,-60.87662521218988,,11289.519774823655,,5747.32675202678,,1712.8190412261904,0.0705932514395,191.6989484,40.920551970000005,0.07400425902909999,221.557313,41.41866664,0.034796980510000006,224.8187843,44.47767121,0.002760980154,173.37108850479126,43.6066461,-0.001003070168000001,30.03364224,0.010874250809999996,114.25069930000001,51.274437750000004
2023-05-02 12:00:00,,,,,0.137692246571385,71.50707593990776,74.7719223696316,0.4554457077041337,1.2918923108205305,228.87819343710396,40.08648527481305,31.392714471318286,252.22219756369165,297.01821385544827,-36.11894736333042,,11273.417594415097,,5744.664562399521,,1726.007112990347,0.007254511435399999,192.47304450000001,40.97500841,0.00012415415900000068,222.2823383,41.217487489999996,-0.014338973808400001,228.31884659999997,44.511446969999994,-0.023947029552999998,179.21447825431827,43.32592665,-0.0037171111109999995,25.55632095,-0.014123963255700001,116.11002580000002,47.99956979
2023-05-02 18:00:00,6026.971117216179,-19.157727485406213,-169.06119167019972,-15.799371786950026,9.72985081959045,71.59395268214678,36.42289160626682,0.431088099314066,2.346372833890319,147.22128909885168,721.9423479259221,522.2337921448967,292.1185631141242,331.3821509620482,160.41547775040598,,11276.800510522675,,5749.469753891971,,1728.1993469976244,0.3260163037,223.6615884,40.00627623,0.32741233836600003,237.9272901,40.37832127,0.2222721501184,229.4684833,43.44870727,0.15344504888510002,190.68676495552063,42.548765509999996,,,0.030451529840000005,32.7525645,14.076495099999999
2023-05-03 00:00:00,6029.412631469753,-20.689320299054582,-176.6718363891475,-11.157273996710797,9.567900095815343,71.50725026368553,39.137480561313396,0.46156615044884713,2.4529570654841617,228.49962302790317,209.6206424292759,156.6997813917061,296.3827672728483,327.0054690614045,22.344634088865327,,11275.859945348418,,5746.203324304511,,1724.428186645188,0.2458860657,222.1799815,39.36639957,0.25698321194,239.0553916,39.93124249,0.19962757990999996,231.8429047,42.799150010000005,0.184472942694,193.15571427345276,42.15163806,,,0.06894690480000001,78.21294839999999,30.24875367
2023-05-03 06:00:00,,,,,1.7729160652638425,71.69051100903087,74.01020432769269,0.5097901774607287,1.3994522467178352,208.5608785921818,-3.760923344264651,-1.2557607964683304,246.70319083880727,306.68790683814984,-62.48828051663155,,11270.964835104876,,5752.841738032083,,1742.38471315938,0.045389642816,222.4476975,40.65582637,0.056855676333999995,253.5419486,41.15640549999999,0.04358983794500001,258.3763264,44.21734112,0.0375317737468,208.4254505634308,43.422018380000004,0.015161039107999997,29.161594430000005,0.031617356215,152.52400089999998,51.107101639999996
2023-05-03 12:00:00,,,,,-0.9204236185643898,71.73398379804851,78.47687614075534,0.4378068394646479,1.1403160515867343,191.0759409989485,46.9598687236271,34.89392568437377,229.9251697593065,291.8821160952097,-49.910268135978946,,11253.49366372165,,5748.86993501127,,1747.2423540520917,-0.02298351257,184.1449427,40.9114073,-0.020638037513299998,215.8883223,41.18290575,-0.009956159312000001,224.0920314,44.479420790000006,-0.0015177702960000004,174.4192402362824,43.26402217,0.013343686628099998,24.601415330000002,0.009050873440400002,114.96721529999999,47.30229390999999
2023-05-03 18:00:00,5279.760510402726,-21.367031277193668,-179.93071825389978,-8.99446803635043,8.96646332406918,71.68453425602252,32.26060587906084,0.3604725170827136,1.3422743129531653,200.90973610737404,804.5152281473631,563.5631297715898,254.492904670275,332.32543229111405,163.084775318481,,11276.797909416076,,5754.62626464965,,1726.9117035945985,0.089970208176,182.94976309999998,39.87712424,0.0761164172173,194.6069757,40.31395959,0.0477038726184,190.0083105,43.45955603,0.031222856069000004,158.60532665252686,42.6484628,,,,,
2023-05-04 00:00:00,5483.275458125141,-22.367845614221746,-180.04541424617761,-1.1026493324036544,9.661158761260191,71.40573421485857,32.40959498412539,0.3764874543499726,1.3980724715309543,246.94165345216965,344.34439312924593,248.90057007154445,269.8058591425436,328.7667084997323,36.544371104239175,,11286.20739026141,,5742.174811983141,,1694.2666302266828,0.206901240733,186.58428370000001,39.48204609,0.198751400695,196.0679127,40.16168649,0.111803251616,184.33472290000003,42.89847168,0.0625002405445,149.79552900791168,42.45674977,0.01042452558,2.5637588,-0.022079885320000006,32.195924500000004,16.626094339999998
2023-05-04 06:00:00,,,,,2.1167610012760365,71.40844473307729,67.83070964858982,0.4789109940255405,1.4545051717326758,157.78809407457067,-3.22839868392802,-1.3393308135485,260.3403026314675,308.33323881204075,-49.88054519914109,,11276.788757638922,,5730.051607506364,,1707.0702011303852,0.111296741714,209.8083889,40.663012859999995,0.10759310197989999,238.16283170000003,41.241471880000006,0.045752659482,239.2020441,44.24282308,0.016048875350599994,187.76504683494568,43.40081926,0.0452612013997,29.984451189999998,0.04848242919482999,127.05388540000001,51.222307570000005
2023-05-04 12:00:00,,,,,0.9819783098404357,71.40403168751054,88.30346830064391,0.57931073407326,1.281067766168549,168.77610594643733,21.052744367330394,22.30347161209884,301.0532203640424,311.87861292816217,-12.081155378284869,,11236.928620909499,,5702.908405551333,,1712.603619237064,0.008623828236,141.0159749,25.339829700000003,0.019674055162,126.4995935,21.178198110000004,0.004226733498,108.71971249999999,19.77500289,0.07068425556199998,155.83866693044737,34.796705610000004,0.153085589765,13.706470730000001,-0.16665376612000002,69.2013016,23.31855328
2023-05-04 18:00:00,8453.150294197558,-16.727963754048318,-134.36359893725302,-0.539888904866466,5.361641303332241,71.34413333224677,68.99783677111643,0.6081508302142737,2.6339380211150787,278.1679824771304,638.2544819071406,478.63556918683247,289.3973753675774,327.71071447149507,121.26149373668619,,11245.23858141771,,5702.905233419656,,1696.1721285458998,0.0178740999417,263.84211759999994,38.75750762,-0.02342723152257,326.1475867,43.189007170000004,0.031753588038,162.473727,24.14331656,0.08171713830499999,277.39109336336594,44.55404536000001,0.032281207,1.8343565799999997,0.036462599479999996,106.01275575,35.90961602
2023-05-05 00:00:00,7158.613441123933,-19.18117814905432,-148.89960728685605,4.549817905578465,8.30539132800447,71.17237867861539,44.982254641239855,0.4884471499631194,2.4409330103009643,235.8986506685281,339.02011015382976,241.63515086007115,269.36830646347727,326.9522424646532,39.85396509996707,,11273.383614206532,,5704.85846493762,,1670.714668991449,0.27043571362999996,220.00096190000002,39.05299529,0.30022863748999995,252.8592504,39.454111610000005,0.2650811415,246.74576430000002,42.67457325,0.243365490766,220.620275259018,41.99822806,0.06601475452599999,4.464034389999999,0.22086785061699998,98.0551386,39.00127677
2023-05-05 06:00:00,7075.017431825001,-19.84113755800293,-156.53568004645095,2.193420417572524,2.4744600468168425,71.3281421954967,60.07233236682279,0.4361130196914361,1.7393244316589465,160.3575904312449,-3.742046424717742,-1.5003027709596468,251.3047021767366,306.54211530723353,-57.4677521608415,,11299.266244267008,,5706.767862764641,,1700.728597286375,0.075315312516,181.8015354,40.22385648,0.069997004386,217.57543950000002,40.590826320000005,0.018089406699999998,217.58308010000002,43.83438379,-0.03032732915,167.13307678699496,43.01665044999999,0.014290725563000008,29.12901974,-0.020690660149999998,105.26485344,50.70615782
2023-05-05 12:00:00,,,,,-1.7401019707640235,71.34784995929823,67.87114826663228,0.3532146144385612,1.3409340416146347,206.36257718703365,50.057453359253024,36.61566056341804,219.41389589408362,287.84197223394443,-55.00952103498107,,11277.464862717456,,5690.760714447815,,1712.514898547484,0.0279883086305,139.1134988,40.93992329,0.01571907479666,175.9344623,41.27429929,-0.00866535326033,180.2350244,44.61270258,-0.029151920577999996,127.05858552455902,43.641861309999996,-0.0186863428101,25.65215289,-0.014714698147070002,74.26916791,50.282140469999995
2023-05-05 18:00:00,4707.470276779603,-20.132924972510367,-156.0014618674352,5.06193791264775,5.478838278039179,71.31035394151498,32.87038045445435,0.28903779654266987,2.7171246171687256,174.45171659158177,459.2563407209677,327.62272346114634,278.2453103224953,324.350227528594,85.56139256151658,,11257.303357277948,,5686.818696093546,,1698.688787018547,1.23850067564,143.9809602,39.725931949999996,1.35103128658,167.2763751,40.19565878,1.1915017496,156.95716789999997,42.97483403999999,1.08851364896,112.33832383155821,42.78932108,0.2814199487,12.262228249999998,0.6898814398823,40.47818881,48.41948218999999
2023-05-06 00:00:00,5840.992033691998,-18.53813069318631,-147.28953310745797,1.0155124380325502,3.075736687895618,71.33417872987219,52.51996146429151,0.3967838257378792,2.7447344757499423,251.86604165073902,248.61443623487997,183.5924612041199,243.10605427256831,316.1733922931605,-7.990706950367334,,11244.813543602868,,5683.2607481719,,1693.5515018057997,0.404557451544,178.0186665,39.33159891,0.470057401444,212.40114930000001,40.33603216,0.44833815634,207.5952424,43.003810990000005,0.36936834925400003,157.9794158935547,42.43993107,0.19111052087999997,25.586409820000004,0.18516200542500003,90.7764849,46.45931572
2023-05-06 06:00:00,5851.066396043067,-20.458047486995298,-161.0068287685891,2.657551127373262,-0.09585984788635801,71.35963556079601,64.76548039238153,0.3892439601306604,1.8503858851517263,183.35055272517877,-2.862642359898797,-1.3603108836426387,257.8715683364789,299.2532709178011,-42.89932232170508,,11243.193248891217,,5684.455391310603,,1712.6088356782177,0.094514834012,152.60822969999998,40.42615711,0.1009585219634,189.53526449999998,40.80361214,0.106520470033,194.23989790000002,44.17106962,0.06882463152599999,137.14564919471744,43.13933659,0.097741441509,28.9645588,0.074163731702,88.9853932,51.357175399999996
2023-05-06 12:00:00,,,,,-0.5848023458801577,71.41040360253359,84.64150553052433,0.4836424366345189,1.9110420814715057,161.62462447608968,39.751060607122135,40.230094437898536,291.1001366829109,305.74238590567546,-15.120772090358136,,11221.436141347134,,5669.000448353268,,1726.8045026265972,0.094913257387,153.5135067,32.78161521,0.11336094912000001,195.72418780000004,35.581868320000005,0.139631000453,174.1272239,33.135986990000006,0.22954630657099998,140.58292567337938,34.93546355999999,0.11415691921999997,22.22793683,0.34480915671,67.66352192000001,28.352469040000003
2023-05-06 18:00:00,4536.078101680618,-19.981011759567313,-162.70367507373604,-2.8555809971975,4.404297678874718,71.49699495285725,39.58732511395333,0.32678864300604893,2.194136613549761,154.63433919335068,816.0872957443378,649.7229417589411,244.04674062974726,325.7480549985018,84.59896093361516,,11200.927367344157,,5700.297201917271,,1726.0567193412473,0.7407007621499999,146.6315775,40.00891724,0.78978210609,174.1983311,40.465047580000004,0.77826739492,172.5915693,43.89194965,0.697099194308,126.46589410305023,42.99026343,0.141757007314,12.392534629999998,0.44318974266,64.13853173000001,50.42526641
2023-05-07 00:00:00,4633.0746119624,-21.38388997859937,-174.68394606462635,-3.6128262358314176,5.838675818336707,71.45727524664,34.939995010759986,0.31828853280746117,2.3796706344265877,156.31007176548883,229.49717790098444,163.0907009125193,281.18042373461657,322.63679536647476,24.98781773705808,,11192.492188612738,,5712.648029539327,,1707.117318107776,1.0798884461,133.9681405,39.45263164,1.1950982071,159.66076120000002,40.00265947,1.2403500941799999,157.0182031,43.229520889999996,1.2332786082,111.15672504901889,42.63553605,0.41525565489,18.25776551,1.04717652439,51.72045726,50.37155693
2023-05-07 06:00:00,6857.636678494699,-17.87256557068266,-158.72445447779478,-15.74392991233347,2.0502257691392507,71.52814357434944,68.34217330816651,0.4810326277137507,1.8061631487350795,146.3319390080128,-2.0706475870324197,-1.3302900041485637,294.80447052179386,314.08882155166606,-20.031309396039976,,11195.37551052312,,5714.003810108012,,1725.1974118827452,0.2174776705,209.32363850000002,39.89796605,0.2307011309943,244.24483579999998,40.43179256,0.19126372519999996,243.7705878,43.08506559,0.15655862234650003,187.87591171264654,42.87466755,0.11584199015100001,28.14063817,0.0443593541727,132.5107532,48.142956889999994
2023-05-07 12:00:00,7703.433180933349,-19.72703834952207,-174.36072462593575,-16.5444178297592,0.056719730046245365,71.56214980599826,90.17978324876864,0.550038615218161,1.4776513985558348,149.69923785639588,22.185314181206678,27.374423869479457,304.0703161739384,311.7764667756459,-12.892911047626257,,11195.898309376775,,5702.643659852455,,1733.8334603626956,0.081479183427,187.0315477,35.47840722,0.1014413206476,253.45809010000002,38.47581422,0.0977602850044,229.89583180000002,37.20640424,0.08168421185899997,172.31482028835813,35.86362759,0.081871459023,23.64473441,0.24159190786999998,107.59120835,46.43920456999999
2023-05-07 18:00:00,7271.3084106693295,-21.682683104143198,-196.1342414368694,-22.672776603723783,2.1659445714845367,71.6703673001223,70.6916204237954,0.5006952055479633,1.972250733585211,187.1635131796265,392.28511196725736,349.36084311223453,304.6957713671812,321.948646941054,25.637695111384094,,11220.348935921147,,5717.557611413952,,1731.807105805476,0.23686369150999997,218.9004114,39.62519047000001,0.24275094333999997,251.5490421,39.68583403999999,0.19071735323,220.7867182,37.8615503,0.1588863516783,168.10093713177858,36.03932947,0.08051284276000001,14.015963229999999,0.10667974112,104.42424889999998,37.701220590000005
2023-05-08 00:00:00,6585.612632763415,-22.00214246131719,-196.64856197670318,-20.631422286165588,4.989559939885032,71.63933811472151,52.683695888562625,0.45634662670570736,2.056275700469728,166.68183792352465,253.1202565842025,179.9511995506407,266.0469953533258,321.75560319071326,17.515173884556418,,11251.92710258621,,5732.192027212094,,1725.6910293215863,0.283352074254,200.4535007,39.69891319999999,0.29005410738,231.17947909999998,40.12510844,0.25589330477800004,231.89118539999998,43.441774980000005,0.188636985556,180.76838207244876,42.769161940000004,0.041455229254,15.112224190000001,0.10547375999299999,119.93237300000001,50.50040425
2023-05-08 06:00:00,6312.412266706753,-21.78811760333231,-200.5214408065335,-26.216499979875003,-0.6317346137028788,71.72562383851539,78.43978521763702,0.4517300645424336,1.3923769688824001,216.17501128392266,-3.083920521693973,-1.0343761458056606,249.78269808395459,299.0481708883426,-51.323104871953774,,11282.768143897942,,5739.415887257192,,1747.058306159217,0.044654600167,183.679836,40.8685277,0.051748511832,223.7719843,41.2688294,0.0418724299775,230.05557349999998,44.632824770000006,0.027039813022,165.6056625843048,43.7059782,0.012355951534,29.4097134,0.017652236749,125.1011145,51.86744381
2023-05-08 12:00:00,5576.246172343159,-22.50142835593841,-202.97297499807584,-22.96154815056854,-1.9915164597976822,71.73123937638995,78.22722880582023,0.40085715670589805,1.2097225809406498,202.134228539993,40.517827735318924,30.046224739485694,233.80677412038762,289.7559452930492,-45.494325289814164,,11282.303701736602,,5734.850793116112,,1753.913927601974,0.006561003798999999,160.26464239999999,41.240067960000005,0.008152834787000001,200.0983151,41.58056254,0.015322349786,207.4086935,44.96495238,0.0115777029663,143.64690458774567,43.77865674,0.00497086075614,29.1652743,-0.007332734714199998,104.5082797,52.19077854
2023-05-08 18:00:00,5341.427431174808,-22.377482684786436,-195.45362531966796,-16.433763841376447,8.39811029982928,71.7045385336763,34.014066750177435,0.3654560344854192,2.676057696120752,166.4653923775649,796.5962757210962,523.2453850102021,256.20312888177784,330.63101175339983,198.88259982446436,,11304.2951447569,,5754.537584283122,,1740.7063902748444,0.6474256815799999,168.2632876,39.723654440000004,0.6694640459912,190.3258516,40.16728619,0.546201692644,185.13538630000002,43.47896181,0.519988202092,140.2819567918778,42.725632000000004,0.000261650724,1.19194472,0.07705889775,27.8157922,17.56203003
2023-05-09 00:00:00,6509.333724607969,-20.376500412132785,-179.33318008176445,-16.32117678470217,7.988325236459476,71.62902486743081,41.51165602324721,0.4394757716254464,2.3429795549766763,203.1019339576436,249.2687988339803,173.31007574614048,286.10587680556125,326.17488904620143,35.95761966322545,,11310.966613866769,,5758.9890853440675,,1720.7603651418044,0.50206056258,182.86932760000002,39.17469842,0.533931148865,210.346921,39.95180895,0.43328544912899997,206.2853254,43.00410864,0.386358726313,159.33113086223602,42.657679189999996,-0.01062214995,3.7483475000000004,0.10940375563000003,73.60644085,41.52201823
2023-05-09 06:00:00,6070.167339822397,-21.41671548481581,-189.69479375785085,-18.36106987932436,2.3604860050729934,71.65786402272461,59.190150220847585,0.4214978256362427,1.8709334485260651,148.27511559966433,-3.813509012771141,-1.4361265939053145,249.2870200843017,305.9691053327686,-59.05604639258131,,11319.16569814112,,5758.164201439892,,1731.2612017803453,0.13187915097599998,168.4402181,40.43457492,0.13709610079999998,204.0960344,40.994462,0.14717865429200003,205.4344863,44.177994149999996,0.046178429037999985,147.05736529827118,43.59279839,0.07171429872200002,27.660165380000002,0.07666896061799999,93.54970778,51.16714116
2023-05-09 12:00:00,5185.884171902928,-23.13674378591434,-198.0255816897424,-12.931631402427648,-1.12126208836382,71.65008533813324,67.62806016884957,0.3701753910976193,1.2955957466814165,173.9787140031333,55.286226002035406,38.36619960762704,225.2540827602936,288.896319781698,-46.747946573759926,,11329.974418678714,,5749.727826945512,,1736.785186123752,0.010462189415599999,140.78494460000002,41.07175203,0.0020284610989999997,178.10847660000002,41.44582851,-0.0176547751257,183.17495970000002,44.784038190000004,-0.029016920184,123.38797092437747,43.65385814,0.0008950776769999992,23.57612236,-0.002422768940999999,75.12952546,49.81173773000001
2023-05-09 18:00:00,4847.251593061444,-22.187918079709952,-188.76103501486202,-11.257690377182382,9.791719958905677,71.68950891271443,26.86347495382254,0.31990246719479953,1.694694924870493,181.42307488722668,814.6965197608904,527.3338045753432,253.51125266083486,333.90922185203044,206.9219515436969,,11333.392759651497,,5767.669870517024,,1732.1333095600037,0.7161213628,147.8791609,39.57383881,0.77099095148,168.4993131,40.09999707,0.6272001733349999,160.476765,43.32552283,0.5933570426888,118.80521368980408,42.75315035,,,,,
2023-05-10 00:00:00,5648.50328314399,-21.769660089115348,-183.63017993625004,-9.472899223327257,9.91699479955342,71.57667498607358,30.931679224495692,0.3623042248860546,2.4155939845247136,265.33242204000646,345.637953997569,232.62519948995848,255.22435228227238,328.717319484983,39.604909852289246,,11314.321932887695,,5772.698556722825,,1712.6170529373735,0.575817777,169.9417644,39.367462540000005,0.63584828742,192.79891930000002,40.042598729999995,0.42758546716,181.2858937,42.97645063,0.36432386677,134.82083487510687,42.65542599,0.017564912750000005,5.88228853,-0.043241783607600004,29.28582261,19.449191189999997
2023-05-10 06:00:00,5907.916478906595,-22.302688009318445,-194.61589364995802,-16.19438957541044,0.6951269299807047,71.60033021743023,65.54368851638537,0.41761929683957566,1.489167015146545,201.33746762629332,-4.104660944927559,-1.4957770693614763,233.53516470288457,297.4120557678368,-66.4906734844652,,11305.406369655397,,5763.468027929796,,1716.3657920084993,0.08597737619599999,166.64271689999998,40.8464218,0.094520234309,205.4422014,41.41430758,0.0668816706088,208.8789372,44.595931109999995,0.060849014745,146.84645950794223,43.87106925,0.026678165083,29.637375790000004,0.0422332106465,96.4125833,50.8978983
2023-05-10 12:00:00,5165.149217656577,-24.05120988452667,-195.35936908987117,-2.949690013657803,-1.2454572755795181,71.43241736481342,67.99615883029117,0.3657517981699344,1.2632845130367483,172.42429550576756,56.38955224635632,38.758108323375154,225.4318706602246,287.67453274609744,-44.63560688387767,,11272.222819488752,,5740.436380328593,,1712.6298697880493,0.0414559918453,140.3587225,40.97987123,0.036135843118,177.3999343,41.3643292,0.014378670431,181.7767265,44.69122387,0.006419538323999999,119.99559354782103,43.53174411,0.0185095168659,25.037639900000002,0.020117504560000003,68.58631532999999,49.48978746999999
2023-05-10 18:00:00,4338.188558688524,-25.072970290903953,-186.38622107072638,14.197541256505243,10.562220214163563,71.21969876586311,22.55137813769634,0.28339325682103256,1.8065351552017286,149.29321252524744,594.9290363355452,389.40037721306214,275.77132869527384,332.53429914449964,148.7841234446173,,11253.506166725794,,5725.500113214796,,1688.735019937703,2.01365383007,118.0959135,38.96717878,2.13672338691,140.1349212,39.56302295,2.0508922139799997,131.7592707,42.161110719999996,1.8393699444499998,87.18637889623648,40.761792539999995,,,0.012295901,0.06611768,0.6812119
2023-05-11 00:00:00,7020.971955601484,-18.52226792903229,-141.38672245813876,6.791420974119554,6.097749657283049,71.16152184072533,54.185243859174975,0.48210140042202043,3.3158341068055104,206.2023288841629,96.7738456713482,69.36584816736925,310.7910191349208,323.63811494154015,14.581034049043643,,11227.089015579715,,5683.645881742969,,1666.8686763909996,0.73263610031947,202.4167208,39.09529828,0.784122728886,242.1199722,39.91668311,0.744763794723,239.9052714,42.84312328,0.696096678715,186.88488066196442,42.48040358,-0.04535560853359999,17.07865083,0.16713117174359998,111.89419031999999,40.95712139
2023-05-11 06:00:00,8160.285534717956,-18.004970425489503,-141.2520658844718,2.7876975194442126,2.695214510253609,71.18432372835512,78.6035267914628,0.5803053545585615,2.4956452075371196,115.60596133319753,-2.349895752007186,-1.1726874840743071,290.45346969855547,316.7588904888438,-27.484648999639955,,11200.17796638115,,5663.8879635735375,,1692.9087521201961,0.10542878647000001,232.51402910000002,39.5225687,0.102889267596,250.7743497,35.64168217,0.065894502606,250.38268470000003,37.032538020000004,-0.21932890469500005,218.3370216912483,42.91415553000001,0.131414959597,26.311639340000003,0.004874051505000007,108.56541359999999,31.88566168
2023-05-11 12:00:00,8161.8326924209505,-18.28337237663895,-142.20781012429222,4.059168888819423,0.5346625042028095,71.03320406954333,92.47224392658254,0.5827994982810696,1.542608836862597,192.90938731574624,14.493382638142748,16.335172472469175,290.4325117688907,312.3322921361746,-23.759313872383157,,11179.014944883995,,5621.134292235389,,1679.1711924274994,-0.008014288421,178.13206830000001,36.781488849999995,0.04918436064399997,266.9279931,47.09614271,0.043956600789999994,206.85473866,41.63821271,0.334496761726,191.53337430081024,37.36544596000001,0.47496242053900006,25.754851969999997,-0.12092119811600001,193.74320387999998,45.37346106
2023-05-11 18:00:00,9172.060624975114,-22.72196048586985,-175.93999654660763,5.835687340351214,2.0683766550641485,71.15372334503702,92.12630240527395,0.6522656992693199,4.069780788424594,276.2992468784747,270.1806986427624,238.8938268326002,325.4143202750302,320.3573638584021,36.316707115833395,,11198.396282386411,,5642.616044533462,,1683.6329710595774,0.06366094970000001,72.9859454,6.1871405799999994,,,,-0.008026443,9.1993554,1.21862086,0.099173044,36.45935056780457,5.868858770000001,,,,,
2023-05-12 00:00:00,9346.287707552798,-20.762941627565453,-166.04071506174188,0.06281795878177432,3.0211183795923686,71.2778118356653,88.25673098916116,0.6693514793523674,4.408932781342704,262.9445752607133,156.01005284984527,118.66890637781272,324.1860758829413,320.8744141880924,40.67617226996751,,11241.620852078211,,5672.252732748406,,1687.0829337690595,0.117310388111,375.58590083999997,33.76886727,-0.0028417419799999805,195.61924869999999,29.30750992,0.2185166129,259.342516,37.102406910000006,0.6714085306049999,251.59872082052058,47.81374961,,,0.17069499500000002,6.80552089,12.9192113
2023-05-12 06:00:00,8406.323305849159,-18.162388543765722,-158.59733703916322,-13.298228689037376,3.421324213836943,71.47708903995766,77.38776248416195,0.603627835922742,3.518698578492767,38.274652257295465,-0.08037827675426534,1.0981228128861111,309.8255169115768,319.12263932225363,-10.473777688564068,,11269.945154406878,,5701.383934904099,,1716.250538390154,0.23217571213,269.6627023,39.44112329,0.25709021099999996,325.2602493,41.06007078,0.32031531220000004,295.8619691,43.214466980000005,0.30216096006999993,291.58665919303894,43.277253189999996,0.19070863164,27.158787959999998,0.2609797672,202.10154579999997,52.665973689999994
2023-05-12 12:00:00,7736.621117202809,-19.081490945564106,-170.5183217922122,-17.866394227699324,3.15175182723471,71.58351156573667,71.53998727557538,0.5469123061803453,2.4252088742520197,110.56735459503918,46.12975027916022,31.485061611504563,254.8383656587239,314.8405220742187,-45.38717113084006,,11283.582937133133,,5719.2120531865885,,1732.7930804911737,0.21196990665999998,239.24118430000001,39.88094851,0.22983114007,278.140001,40.328960030000005,0.22564838425599998,278.5197101,43.6216497,0.29489840319,254.25905799865728,42.70318333,0.12927802604,26.54945571,0.22995607794,170.1707148,50.98798839
2023-05-12 18:00:00,7135.1513765619275,-20.186523327470724,-187.96585175225363,-26.473665132487852,7.24517928732894,71.75529187492302,48.431994212477605,0.49207327537382883,3.6653346653403975,303.2466146479391,579.275269478607,377.6721924441512,286.04634822173205,330.04676456850007,157.60666644562266,,11314.025844457332,,5748.9737295104205,,1739.438417468772,0.7634267438,234.4968632,39.711757320000004,0.8381096049,263.4184785,40.141032190000004,0.7827348037999999,260.7869447,43.50311653,0.7813021265,239.26618361473083,42.73878513,0.0071013376,0.78674701,0.547051908204,131.0607702,47.60547028999999
2023-05-13 00:00:00,7988.174825765322,-18.34254493244942,-179.4276458198525,-32.68728636025713,7.583305799391109,71.83475207049757,54.09674028610459,0.5607264852780032,4.087941043974897,229.30577073937013,320.360357447592,211.39210176640194,263.5247638903591,326.95637144341106,45.601248784999754,,11334.088503786706,,5767.842853680532,,1742.5121843939885,0.534342278,261.63412619999997,39.51671573,0.5572297118,290.9079444,40.00801938,0.48493329339999997,291.1491312,43.19814045,0.43595278709999996,261.76341366767883,42.70052181,0.06325200369999999,8.89707219,0.3297833497,169.5677898,49.395353140000005
2023-05-13 06:00:00,7858.300531565705,-18.615885714041703,-188.3635978197652,-39.43651210743157,3.2561825504029054,71.9071024584286,73.78494664015048,0.5650755943034151,2.0210284649574577,150.34177348920514,-3.5228605157915176,-1.4978651946252473,263.48507135242664,314.83490685627584,-53.37044776672741,,11361.688224447347,,5772.803230541312,,1775.4142736915453,0.0959570891865,249.9956768,40.364055289999996,0.1191601589202,284.45759680000003,40.75021395,0.1478103334481,291.1455132,44.02865799,0.19388688780899999,250.07857084274292,43.41827746,0.15002718228200002,29.15416578,0.174608396216,180.81010959999998,51.06131534
2023-05-13 12:00:00,7366.115673895725,-18.494055988775436,-192.72822896393777,-44.775781053734256,0.5124695079110122,71.95316033751627,86.38480679186202,0.5444769161394203,1.3891260670164596,200.72375978779644,32.67224561014239,22.824798335803706,273.9715552300458,306.1563817726262,-22.367133559980996,,11358.449978073715,,5768.268618491367,,1791.6276327985531,0.036569229210000005,236.0933993,41.18230495,0.04524892325,270.81336350000004,41.50177051,0.0515778096684,277.61905709999996,44.90343981,0.0234503472196,231.3158488273621,43.87857405,0.0017121521560000018,27.52780606,-0.004513049597000001,169.45131920000003,52.0311904
2023-05-13 18:00:00,7949.214029997032,-17.65886297402465,-177.5603984003949,-36.28949460819766,8.539950955367862,71.95081817698578,50.21853097018259,0.5486993536702074,1.2983669516724303,233.25335271525094,631.5233724508406,408.82939811920664,293.6052109140849,334.8844107108607,181.42933902881802,,11367.145914885641,,5781.820533292075,,1783.4980770482111,0.50812314093,247.4304591,37.317972739999995,0.5672263442000001,276.7959349,38.261195359999995,0.49777125340800005,269.05736569999993,40.43257684,0.3963798462158001,253.41879010200506,40.94290341000001,0.753501445,2.44887853,0.0605095403661,30.466448800000002,9.17105712
2023-05-14 00:00:00,9528.543301890506,-17.163957626396467,-173.0587132752829,-35.74705226411116,4.1433220564371585,72.09144360661102,84.30325896664401,0.6903467556292673,0.679127460427837,191.05409453043922,141.7359748191526,100.61408386383671,300.4407172426075,322.1695288055902,19.413441219455066,,11370.663209507416,,5788.572582151582,,1792.1429599181713,0.09897539801960001,292.3464741000001,36.93733748999999,0.15290576707090003,327.0112328999999,41.43288887,0.1135265360105,287.50222,35.88599936,0.27114264226199997,328.56989765167236,42.03329191,-0.050502889174000004,9.525791210000001,-0.00535253063400001,141.86870494,32.92678276
2023-05-14 06:00:00,9580.891959266442,-18.002372693091782,-175.91772824387596,-31.898746699141675,2.9321276296389254,72.22651421067359,94.72585486884573,0.7143010085226423,1.5784457524201057,127.23282027798628,-1.8829691851494004,-1.3234160605767786,298.1943376576467,317.8984244266898,-20.26061246616539,,11376.592159791557,,5800.1579069176,,1820.8677063655941,-0.052294514945700005,271.20710379999997,40.728713330000005,-0.0419645618864,385.7895666,41.988798349999996,-0.0248923446703,331.5101207,41.14305956,0.021731367387000003,366.30225706100464,48.16133498,0.0368420925689,27.480199149999997,0.075923791575,249.2940833,51.97254445
2023-05-14 12:00:00,8851.916961146228,-19.681496613663512,-185.98179817619535,-28.529825266887244,2.148429276098553,72.30837803092555,92.99075948871096,0.6598141077050148,0.9832036087464928,190.26441590093606,50.29867137502622,32.14989455137188,293.6690979266605,317.2569268108594,-5.44942959235642,,11377.112349177256,,5801.684541257057,,1829.8629325079453,0.0360994283283,275.26904820000004,40.78812576,0.04141452774399999,328.6512659,41.0336793,0.0607200087999,337.6684775,44.979898000000006,0.0746736064374,300.14227151870733,51.21321683,0.0336114845265,24.48559875,0.04069968204,206.0596175,48.177624619999996
2023-05-14 18:00:00,8523.729347383798,-20.956325997584855,-183.13911527662827,-15.488507295949434,9.273053330338598,72.42037451488332,51.37854922246781,0.5981568706924891,1.3440496813541962,182.8479521443955,779.0852944224854,500.389638370893,292.46529471282054,337.9866917507395,233.15705109348463,,11405.145647452842,,5828.135512830585,,1830.0166244226607,0.9328977648999999,287.2218818,39.92313807,1.1009226723999999,321.1227136,40.533855599999995,1.1540914594,314.71474639999997,43.732107209999995,1.35471453626,396.66188383102417,43.93410726,,,0.2898891306,27.6319483,7.70778897
2023-05-15 00:00:00,9002.130062327042,-19.204675584838455,-169.9791000954964,-16.341695416788742,7.603186763263681,72.45354788026873,62.11001413690934,0.6416213264902847,2.891219894614575,290.73221320870925,263.3959900566059,175.34749343792083,297.0518890540757,328.2774283628011,56.88270517269384,,11422.175697000084,,5839.4298026743545,,1827.2313476650666,0.5503814294956,294.1800243,39.891780999999995,0.589718797208,328.5927133,40.48976503,0.645318494635,327.14904310000003,43.59119414,0.5847903176589999,390.919988155365,43.2004724,0.013528775558999999,8.22472053,0.35373505208030004,178.9639645,42.952472400000005
2023-05-15 06:00:00,8669.22616509074,-20.761315937931613,-184.4418265164419,-18.35129901298901,2.5235410908284637,72.62806340282657,87.49986959206632,0.6402951950584237,1.3450014559660342,191.10859989919874,-1.6130601880643471,-1.0575539513658772,300.48963859148546,316.87146464893794,-16.950794973319145,,11429.413843401137,,5852.601202459197,,1858.679174292044,0.04418214936999999,277.5859633,41.48183496,0.056744573271,327.5833496,43.64780544,0.059676002531,320.2018131,45.804018819999996,0.029433790264100004,329.1330213546753,45.607399650000005,0.046524307799699995,30.825278419999997,0.07521075017129998,234.9061963,56.81417526
2023-05-15 12:00:00,9499.11513499208,-19.821642071313853,-181.08902917702804,-22.515892606517205,2.632805495924235,72.63895354316914,96.83848975029143,0.7134286485601166,1.1826819070133672,192.49116240450633,44.88901336334447,28.89719239135817,301.82682696891465,318.4682722486874,-0.6625933316062015,,11422.011841524356,,5850.247377207241,,1856.662071529852,0.0548583013804,264.0639871,41.380539999999996,0.073291658945,377.746986,48.4128745,0.08855178885494501,318.0148558000001,47.19711721,0.175919595193,371.32784128189087,53.56456464,-0.09333398575639998,26.80891413,-0.0009801956069999916,305.139904,59.15899322
2023-05-15 18:00:00,8577.938747766642,-20.46137499420849,-175.67498800953697,-11.983988055869045,9.666104555525738,72.61900165013034,51.14428047400743,0.6046589781942815,2.6563645457618943,251.27113285838772,749.303611318454,472.3429061508337,290.36621597763906,338.01218221169495,229.26631700830242,,11440.097344826694,,5861.727244804217,,1841.8575620363592,1.8357493177,302.9066941,39.729296569999995,1.8919387197000002,342.08062759999996,40.350926290000004,2.0412939073,331.4271668,43.69868928,2.052050255,368.97537422180176,43.20763255,0.011488754,0.4184214,0.2673129989,49.2647726,11.249160230000001
2023-05-16 00:00:00,8569.439653889807,-18.40437973367275,-163.31413373472628,-16.07909586534425,9.079219772467189,72.48883358942012,53.072076463610315,0.6100033882065056,3.7532367777603115,283.2138239558989,229.37946972128026,149.4336554429048,285.38870703883924,329.1974170785971,36.203599968763655,,11455.900642528119,,5858.221396831663,,1823.0288119114764,0.9261388487,292.1804307,39.60533124,1.012543655,325.3767,40.20366575,1.1047763654999998,320.80212700000004,43.34093235,1.1089620427,309.6053614616394,42.677923250000006,0.041191839486,5.740464480000001,0.72125696207,172.2261653,45.32125283
2023-05-16 06:00:00,8131.292962943662,-19.82070186584049,-179.98010538174864,-21.414490455024712,2.3190261426128025,72.48806262960522,83.06541748350887,0.5980606599245395,1.25057994384357,185.48561025360792,-3.6186935392557844,-1.1056436153630487,250.75184506729101,310.89149478548273,-62.65125090048729,,11460.463536751387,,5851.55319542553,,1827.5615837012801,0.0210243045409,261.9603393,41.40752921000001,0.031203832753600003,300.3701997,41.806251270000004,0.036246750089,305.05510760000004,45.04842233,0.022652967673300002,269.64263701438904,44.21274648,0.0008246792270000013,29.78815042,-0.015698097779,193.9868406,52.0039024
2023-05-16 12:00:00,7634.4177901121875,-19.075312697723326,-181.30237884192945,-28.69987726014283,0.6650298174570348,72.40962900482197,91.09903961621042,0.579462582295327,1.0486454964580902,137.12668479624477,50.85709781604655,32.61436847743824,244.40290769131786,302.10605359842265,-39.49016472181124,,11436.35500751052,,5833.831655498972,,1819.1788715114599,0.074733584764,249.7445664,41.64417606,0.072516160676,289.31264269999997,41.96708611,0.12768683411099999,297.24724399999997,45.31511182,0.062357432266000004,260.19846177101135,44.06323879,0.004735508035600001,23.793692210000003,0.012397861598,168.3814646,47.37029398999999
2023-05-16 18:00:00,7420.039118164426,-16.60947573566505,-154.46748028071198,-21.591674395391593,11.084130765261826,72.33864304247396,39.614858405176705,0.5154216723813737,3.554094366267904,279.64884053110086,849.8848457268265,520.5482549266378,279.433406141541,340.81691666592474,267.92896394635585,,11432.234560848097,,5836.296960802619,,1794.7660172465662,2.4934686695,260.948812,39.284783579999996,2.6557632984999997,289.0862582,39.85528243,2.823987247,283.80846870000005,43.13787644999999,3.160031367,270.599791765213,42.55159644,,,,,
2023-05-17 00:00:00,7385.375409572196,-15.418686345038195,-156.89128031383865,-33.541789553533086,11.395336124140233,72.11073082252591,38.34580108715829,0.5081121967316995,2.917987318267965,259.5054201051617,353.9799627107643,224.5742345481002,270.0223809971851,335.431544062036,64.08880336594909,,11426.522398124103,,5822.6656122074355,,1760.9221454717588,1.5695361902,250.34249,39.079032510000005,1.7294004829,278.81175229999997,39.7711597,1.7494456398999998,273.13077880000003,42.7655077,2.111315016,253.72297692298892,42.46016818,,,0.2229433175,70.5299701,20.649175190000005
2023-05-17 06:00:00,7794.021518423979,-16.86651567304508,-174.03584267841399,-39.10371729405333,2.298055447949877,72.12862980770845,79.6326643325841,0.5713511401733302,1.270197885022415,211.3872209219635,-3.8768994380471886,-1.2268858681750174,247.23834651521642,309.47034824181685,-64.88288416349346,,11418.98515433911,,5814.737921822475,,1776.9134605866363,0.092304435519,252.4260422,40.99732100999999,0.12073566073899998,288.67896640000004,41.56695817,0.14132910070899998,290.37260430000003,44.62166374,0.118937716069,249.52417707443237,43.89005238,0.03510619455000001,28.881948030000004,0.05896606545000001,174.0841735,51.34312847999999
2023-05-17 12:00:00,6842.514926445593,-16.550930251490033,-177.46670455379814,-45.05926254187784,0.37089177619888297,72.02546239259604,83.08809542253236,0.512296158920285,1.0950327884068107,194.46886666712618,59.766443393181376,36.872248097819,238.72515607492122,299.73403863079113,-38.14729167666455,,11391.987192409733,,5798.022237969018,,1773.8722239111014,0.1987295816852,218.5834564,41.427277790000005,0.2024805168343,255.16375119999998,41.78692477,0.145737786619,259.3329331,45.10406931,0.1987737437271,217.01450586318975,44.01032769,0.019979879287,23.78943654,0.035450948346,133.41604990000002,46.42918294
2023-05-17 18:00:00,6572.346691363216,-15.030659493942068,-155.31344455442309,-35.0681686028865,11.711639515534886,71.93151813022106,33.12266916819458,0.45049401195469063,2.826512634820767,297.4732115386759,767.7074640251524,460.87370437218345,284.2961992969559,344.21131852344604,246.88449642765943,,11385.702428365614,,5797.5840794109,,1750.8893384973617,2.6038838340000003,216.3938296,38.96878413,2.696925489,243.0747748,39.58459908,2.980780111,238.8035176,42.77259466,3.116221586,219.59859395027166,42.27734155,,,,,
2023-05-18 00:00:00,7538.222107012471,-17.282590711470206,-160.0515708088816,-21.79084511711993,10.652544101345192,71.71892057922943,41.246813585629184,0.5217442414536775,3.699198333174593,248.34083584111784,216.5781953619496,133.93875245499135,301.3344341465627,333.8026726798617,50.227799550651355,,11388.407968862619,,5780.90525137351,,1727.679203862785,1.3457421029,248.7093342,38.90124843,1.4579248372,277.611896,39.60903733,1.5720639277000004,268.84297039999996,41.98942134000001,1.8048724689,242.34426498413092,42.21829999,-0.00015637981,0.40974048,0.5200757106,89.6534927,28.76656469
2023-05-18 06:00:00,8202.685335248601,-18.75280595329138,-180.14105220136184,-30.118604575030822,3.568308491059615,71.75483437653634,74.49625178376479,0.5838524697952017,1.198524591239411,167.10583673625172,-2.7932244651672757,-1.359292828838665,276.68717014636866,316.77442844221895,-41.52578119420629,,11380.871817967316,,5777.069328237771,,1741.0421080656204,0.14000692119500002,263.3684234,40.894375350000004,0.15358445293,297.980392,41.40804226,0.155432747627,297.96387799999997,44.453132249999996,0.109482501949,252.83897042274475,43.6391921,0.036603491812110006,29.132804149999995,0.010191360400999994,170.09561460000003,50.946859059999994
2023-05-18 12:00:00,8550.954361776516,-17.668146491650553,-174.9895204573785,-33.64434852417409,2.9426268604499226,71.73155536708578,82.41908542255416,0.6192052028014702,1.1473544104169384,190.44468939274162,34.51950497937991,21.074407902731902,301.6955278020174,317.4866670133703,-2.370747683059862,,11359.84041076767,,5765.1739958129265,,1747.4045613649646,0.2473735579434,277.0234047,41.116149670000006,0.25347227042,320.6192306,41.860355909999996,0.25576183305314004,314.73676910000006,44.824414149999996,0.19528579783,281.0625629425049,44.25803554,0.006934223245000006,25.86099884,0.11992386448497999,188.2159171,50.10076283000001
2023-05-18 18:00:00,9593.124324978293,-13.501266036895396,-139.96459682461494,-31.954468529451724,7.426844018391824,71.83358454224702,65.65191897996178,0.6709265705748548,5.133066754010999,307.07653913291665,581.1402196793923,348.01326664170364,306.75912715539977,335.64094611420853,204.1895833278484,,11371.660130780707,,5777.538721403867,,1745.9959512662742,2.4904915469999995,320.3405304,38.7979807,2.7018398515,362.24671950000004,39.72339034000001,2.7791842779,334.6751484999999,41.60494224000001,3.3604924007,327.80657052993774,42.27555337,-0.07093593800000003,2.10852678,2.2030748643000004,155.0450045,37.17455992
2023-05-19 00:00:00,8504.91032353861,-15.053314277504413,-146.53343037794463,-26.1069161579093,9.163571619603555,71.75504380085772,51.86469803013297,0.5991841188062407,3.8902352313872304,289.45491656176546,284.4845891199216,169.36272816619112,276.3362168124472,333.74138328865166,57.814775240565375,,11390.04229348584,,5775.056140934785,,1747.098975390812,1.4070521578,289.7687705,38.895370899999996,1.5076286709,320.49241229999996,39.38947582,1.6397099360999998,318.1451787,42.61695904,1.8877154553,293.3613810539246,42.07960369,0.1460060838,6.775302000000001,1.4729174708000001,179.78655750000004,48.021604079999996
2023-05-19 06:00:00,8241.747320061813,-15.844785191243398,-168.5731092638636,-41.8148277339164,3.2118437873778305,71.94193728730102,78.32575234904343,0.5978600170710167,1.4818250139301625,189.75848820155113,-3.4604288430952304,-1.2500467598857956,260.077875025825,314.5752718824682,-56.704793560974146,,11392.517788667077,,5782.207409873867,,1777.1148548016429,0.188003137245,260.9284665,40.38933971,0.210182992828,295.328236,40.75527178,0.21869693488199998,300.1297095,44.01734019,0.25920278645,258.4984805583954,43.28836435,0.163227036125,28.898029769999997,0.21179021431950001,181.55483329999998,50.82967438
2023-05-19 12:00:00,7579.24680586344,-15.913055510036227,-173.63969263431062,-46.335248554020765,0.7611326707665078,72.03308118216387,87.64041655116996,0.5627671432757368,1.3952761635445077,212.41634060880793,41.1060949757411,24.739920801425647,250.15417323718717,304.22217213714066,-37.7258968522478,,11371.655618476103,,5781.55902746287,,1796.4263956681568,0.151188990873,244.7808167,41.31120663,0.165347907069,280.3587582,41.61625874,0.1780044008894,289.4660326,45.01712648,0.1752499350079,243.15926837921143,43.86972423,0.05365837967874,25.002604610000006,0.13607230089599998,177.2851258,51.97890418
2023-05-19 18:00:00,8559.078803213455,-15.129615184042013,-154.78754433013225,-33.75062285779612,9.987618753410715,72.14098249839031,50.212462943953696,0.6083773620561275,1.5919908152058504,193.9324813134978,690.0441459625396,385.6405496567294,291.5079646951556,347.35146027270406,248.46352443505683,,11380.02867101923,,5806.279325490236,,1809.3202969529877,2.6662793529,287.53703570000005,39.156062649999996,2.746250937,320.4077377,39.748347640000006,2.790773541,314.68343830000003,43.096686989999995,2.5347679052,290.4556474685669,42.69562306,,,-0.17189910108200002,46.4091312,11.381347730000002
2023-05-20 00:00:00,8956.69889785965,-16.010657715869698,-158.39822070381973,-30.31295897686215,9.160843478684189,72.1729629508853,56.14320080452251,0.6349299505394486,2.597885560608431,229.53989173524195,217.7650966572115,122.56198944672845,311.42266106707024,336.8601970197757,69.82169938004887,,11396.913491353582,,5816.462235516808,,1817.100195711871,1.3340462209,308.88968769999997,39.16038943000001,1.3736287969999998,338.506034,39.7074451,1.38315168892,337.5890174,42.91826925,1.38374536663,304.27951192855835,42.45876283,0.07413467459999999,2.4536927,0.4978048244210001,141.1980469,31.215816729999997
2023-05-20 06:00:00,9428.691139956518,-18.726726440269903,-181.09932353528893,-31.285512013129694,3.593982750642,72.35229524385834,89.11052407121574,0.7029421731800125,0.65312341236178,171.42150116419452,-1.1183607343492976,-1.3351024052384888,316.23587779813823,321.2615412513508,-4.8067924689542965,,11407.637590601918,,5826.417580404878,,1831.0287627647692,0.10535749643,327.3101262,41.53139234,0.11021677557499998,359.7668168,41.89539430000001,0.1056515636,364.3283176,45.23687305999999,0.0945259535006,321.27214765548706,44.20166098,0.017500211193,23.90782426,0.030211996853599994,238.9445057,51.80031497
2023-05-20 12:00:00,9439.827818700698,-18.28735853190107,-180.65923199686318,-34.36036374165464,3.1131092370095677,72.34311748527911,92.17486897145255,0.7022461248731473,0.8998131473194899,204.44087782488936,45.47724921661409,23.59336068815034,299.8868720739355,320.7059101232929,1.0505826668147118,,11394.960363028638,,5816.327297022756,,1828.512734613497,0.277516084496,321.17682779999996,41.82220529,0.277009610736,353.6408032,42.19039202,0.2911639708055,359.9318406,45.69939396,0.232070353502,314.002685546875,44.4880702,0.032240873873,25.289135200000004,0.107595712403,222.5988991,49.85567523999999
2023-05-20 18:00:00,8936.899969057054,-17.803339862583535,-165.4010322130301,-22.974313312361843,9.692042859129305,72.29474556891603,53.479930436226354,0.6312250029253834,3.0275672911400857,276.32527033530914,648.1581132285663,332.4728295388383,304.27612933351355,352.57025727814505,267.34863811145084,,11407.07246768913,,5826.2485258971465,,1812.4077686343285,3.0852016024999998,311.12197719999995,39.043136350000005,3.0976767244,344.6347823,39.48265081,3.178256864,338.0162451,43.13315462,3.0963541747,314.60698533058167,42.06868516,0.879081937,2.95165328,1.1298433212,81.09284629999999,15.558597140000002
2023-05-21 00:00:00,8833.854158957209,-16.670558379232446,-161.36860604668874,-28.004139012829164,8.841677649482948,72.20493457516862,56.223610869388594,0.6230437960763484,3.943464762885274,204.9838494950749,233.60254532705733,114.64256251130601,302.80805486874317,340.1923629547559,81.63877188604023,,11416.769191459665,,5818.805408569707,,1797.2376348046405,1.6168326148190002,286.2341209,39.24771525,1.60355307843,320.9851291,39.72135705,1.53815004557,310.2465433,42.46086298,1.61559682064,310.13558793067943,42.29214835,0.00574105415,4.06037161,0.517075500668,140.69112480000004,36.038507470000006
2023-05-21 06:00:00,8276.80921400051,-18.275044730910878,-181.2055853920352,-35.005227544748166,1.4412900451000494,72.26504075050059,92.04929644950687,0.6233751938001766,1.4443660361530322,162.39968899961764,-3.4932577154760542,-0.8273962550734636,247.21899190241768,309.43142834255025,-64.87788084746299,,11412.61695800496,,5817.8818644138255,,1807.416912730366,0.011733330565,253.499845,41.48917085,0.021814524808499998,291.720297,41.839527739999994,0.005605259613,308.03834770000003,45.258138259999996,0.021268703252,269.03607726097107,44.32282287,0.0002891629923699986,29.414376110000003,-0.0005346023553999971,203.5224562,52.1044995
2023-05-21 12:00:00,8349.9225295876,-17.772839412319698,-180.59695458923738,-38.414239290679774,1.0029156845193161,72.19886708472146,94.79453747764921,0.6200677687789948,1.0426514643005182,211.42456444736536,43.92192404795092,20.174634580954358,281.5889604044391,311.9385034546526,-6.634000695324887,,11377.945981763029,,5804.411581606201,,1798.750514419293,0.23126270338299998,262.7817941,41.30953065,0.227659194175,300.5834975,41.658913299999995,0.23050328885600002,311.4430888,45.24056841,0.1892433848816,268.4176654815674,43.926562669999996,0.07945890416,24.21924351,0.18245182345390001,198.58232800000002,52.24720945
2023-05-21 18:00:00,7637.6850747251665,-16.212450869657992,-163.4647999033611,-33.765192946097116,11.264656654215242,72.06925222643014,41.177159754378316,0.5402608636043076,3.733865606947554,298.2443542699108,649.5678556414061,276.2802851770291,296.58761914424247,365.1778209805523,304.71200176164166,,11373.50501635476,,5802.769871953048,,1780.8685238168862,2.6172389415,255.5036828,38.79811808,2.6384763844999997,280.9084568,39.272729,2.6925206235,278.9223501,42.64467025,2.6863950083,252.62106347084045,42.02375961,,,0.03668162011,11.9563757,2.8066685
2023-05-22 00:00:00,9573.197982150832,-14.474488615620588,-149.9846266938539,-34.188717768889155,9.281859822084073,72.00873423944049,58.57125989434704,0.6692749201878871,2.1904913667973736,150.143315266844,233.01025564789614,93.12029305932508,318.4357498763925,352.5037698993703,105.88916817517888,,11375.451847139197,,5794.57595255763,,1773.8099742757668,1.8683283307,306.7125262,39.16202484,1.86160240189,362.6899406,42.73423819,1.7817536864199999,329.93031659999997,42.53003564000001,1.37702010802,315.4061601161957,44.25521613000001,-0.32688513701,6.9512651,-0.07834905707999999,136.64739485,40.91271674000001
2023-05-22 06:00:00,8809.061405975825,-15.870255221794157,-172.55227882016646,-45.5902370458132,2.397861928052666,72.05705772556605,89.79870651057612,0.6505278306556814,1.3097287588991458,164.03552444666772,-3.1209769685711004,-0.9262659491464565,261.2656034466673,314.2794844534509,-55.2132201110255,,11372.588639464644,,5793.836852148765,,1780.0006971363234,0.0282537695193,285.2299012,41.28461832,0.0321436601513,324.1030768,41.47869381,0.03950775560797,329.0063206,44.8211977,0.04220760754177,312.05187797546387,43.66814984,0.0016641816854999986,28.7961543,-0.0027526325109999954,212.2494393,51.64237737
2023-05-22 12:00:00,8526.338750677252,-15.985424267732716,-176.2100961437414,-48.32670200187965,1.4881305494968362,71.99525550928033,94.69322654543495,0.6408609616839969,0.8631357477069905,182.34889870398592,63.39726889900149,22.387948208135082,260.2680524842899,312.5769980356405,-11.345401402553497,,11349.545648747058,,5782.474303795282,,1774.8750086282341,0.353054651682,278.71164220000003,41.21049226,0.36912837653450004,317.8681167,41.55522048,0.38801646109300003,326.22618650000004,44.979502749999995,0.384908170679,293.2196342945099,43.51107888,0.0345062654048,21.56825786,0.18638987815549996,192.4569605,48.320316479999995
2023-05-22 18:00:00,8294.934019093198,-15.72439541494099,-155.818925518589,-30.02376219906108,12.098948465517505,71.85959956963111,42.457284108316486,0.5919313329312914,3.4744185405987773,307.78205697403246,656.5348184549903,216.50945450044964,291.18524979538006,387.6922671511637,343.51154867126166,,11352.080882330823,,5786.747785242415,,1753.1466891673065,3.210415479,279.737565,38.41187354,3.1813306490000004,306.1142783,38.99357106000001,3.147373897,302.085751,42.300070000000005,2.877673264,289.3215277194977,41.51951335999999,,,,,
2023-05-23 00:00:00,10113.440040033604,-16.13347821356155,-162.41883166499318,-33.35100595650076,4.9044802744482485,71.95875225557057,86.84144597134502,0.7325431241554354,3.798090502862844,185.5972280800705,77.93327145890893,25.792050852426524,322.6359558686163,331.95388193066213,42.893099698778485,,11370.337024541017,,5786.511032318483,,1752.0408731576645,1.10007880158,235.87233759999998,28.78773226,1.4758123064299997,232.9629896,30.35372586,0.8654119916400002,202.3438714,24.97115799,0.78800497547,329.07509338855743,37.35632766,-0.68139113226,8.83295877,-0.17076840681999997,65.03712782,29.94187293
2023-05-23 06:00:00,8848.846625280454,-16.44203994100137,-175.18255284862437,-43.64623332061339,1.1859042808685711,71.97188127086167,99.67530119421286,0.6638843117214464,1.3604776904098048,186.6157965387181,-3.476586536736081,0.9455811260357251,246.071001150558,312.44684257544327,-70.79372622216266,,11376.721643166582,,5790.233442606964,,1763.2310305823894,-0.040105975581,199.7811103,38.262284339999994,-0.03578907509000001,458.53328250000004,57.2132875,-0.050299740796,330.3235806,44.92913979,0.24936960019299997,329.8708715064296,44.44131978,0.00470429282945,27.97846036,0.0029958147370000012,220.57829070000003,52.058526810000004
2023-05-23 12:00:00,8311.169883681561,-16.330359752045858,-174.211340090463,-43.56846207409613,0.29867472315455623,71.93514437064803,99.07187343257041,0.6150996272059769,1.107052457911199,194.81174568281426,56.64442971376383,19.49112588529344,239.6622040858246,309.33666046392767,-32.57348978495642,,11364.62643607457,,5783.074350156508,,1767.200964624098,0.30823817140099996,199.5919652,36.090131099999994,0.331305629001,406.2040357,62.35789374000001,0.32673179391359997,311.18549329999996,44.961946659999995,0.29681043854,143.48749637536193,21.584835140000006,0.095678315639,25.1978067,0.33626037877299997,199.28834490000003,52.15111596
2023-05-23 18:00:00,9189.602274582066,-15.217380146516232,-153.35299251834766,-31.613951346217796,11.758840390435685,71.92595732812049,48.40376181473923,0.6506146910660391,2.1272918407244523,265.4342059953608,769.8827024212893,211.74201392515266,277.5065380606529,406.13452581862,429.48929811936813,,11381.875580533417,,5796.834892276599,,1753.9531526487588,4.363848671000001,332.0778149,34.60253343000001,4.261655794,340.87564139999995,39.21684521,4.3688057790000006,325.3781009999999,41.946767019999996,4.018000349999999,399.09977149963385,41.52445652,,,0.255717071,17.2409587,4.1870116799999995
2023-05-24 00:00:00,8925.989365164136,-16.24756681209223,-158.34598024046852,-28.36544574373067,11.856128007899471,71.82828459495626,45.453654221205056,0.6214046660693849,2.917687905481209,274.03807328865685,230.75414148396126,58.73593900344309,296.8266190231235,380.15256386606455,88.79436591143917,,11398.006476709517,,5798.46627854536,,1750.3529633523347,2.1126784817999993,330.38992260000003,34.1575101,2.069698194,329.6406939,39.25298075,1.95166293425,318.5050828,41.850464679999995,1.89135010426,320.7294145813879,41.21043656999999,,,0.082790181365,44.8557939,11.68956752
2023-05-24 06:00:00,9104.302811783306,-16.002364632022264,-173.42361877359934,-45.40470171742122,3.3214816504153664,71.97756365499251,86.53492783584849,0.668385208734066,1.2872847799339446,155.80043040586648,-3.208559565767608,-0.8536361595344023,266.4477615378947,320.73861487086236,-56.63486725124652,,11395.149471588806,,5801.3228042778865,,1760.652651065568,0.054527601633,340.6334018,37.14755916,0.042125919324,335.32342919999996,41.84032473,0.058574904198300005,341.02109299999995,45.107954899999996,0.051623481188,300.0912127494812,43.98997167,0.006479648407000002,21.46736324,0.016893122476100007,217.5041336,51.01437682999998
2023-05-24 12:00:00,9000.12021562377,-15.342953288678292,-169.90329761442626,-47.15967130499993,1.8934598803289897,71.94789425154603,95.00043289960534,0.6657702359884163,1.0763534472278802,209.002209715944,26.69273745812055,5.813950455417475,280.2582127274715,316.6406865519994,-15.535255027097872,,11370.645997110347,,5793.798336825521,,1767.3197374696488,0.13412253909699998,302.56525110000007,34.12760217999999,0.11133332656600001,319.58884739999996,42.2004522,0.154806868475,309.49890830000004,43.33665744999999,0.10705172783620001,296.6049324502228,43.82680489,0.15108822263,29.008785859999996,0.11955391238549999,199.8413299,50.330562730000004
2023-05-24 18:00:00,9614.646076926045,-11.16008495239408,-120.86803702615703,-31.587357407004376,10.80649528065938,71.89975137760999,55.23906603223834,0.6859157078967888,1.90094654051101,233.1070355965527,627.7398103874007,143.5469340777728,291.33234602847625,412.91748188008313,362.59992597394285,,11370.055219653357,,5798.867498313274,,1750.0190681295246,3.3121934570000002,313.1632495,30.833169390000002,3.2877617856,337.39225170000003,41.38973256999999,3.270179593799999,294.3216742999999,38.054335089999995,2.7332608222999992,315.52574253082275,39.1356943,0.1302150208,6.1203544700000005,0.3946614328,61.88636214,15.3632644
2023-05-25 00:00:00,9959.82825709043,-13.275384091986576,-133.53561853268593,-27.332545796793294,7.747072155590088,71.80046255845156,67.87203498518292,0.7113749964383398,1.364061399184964,211.12575834218836,208.1263720888412,47.91825256076138,286.60262793743465,366.25622239591445,80.62445756308378,,11385.795594086216,,5785.23225355035,,1736.9982387400303,1.524246993632,368.2788632,34.54810773,1.584239793529,380.2197378,40.82827483,1.520120585,365.51208099999997,43.18152166,1.82808339411,369.94872403144836,43.268911380000006,0.761812352839,9.31607181,1.268068420753,209.84131634,51.241803690000005
2023-05-25 06:00:00,8473.700044023171,-14.4946687145367,-158.51726299320475,-42.55991327691113,1.4517068114673668,71.8312747014154,92.16182680862741,0.6246087184597229,1.427801442391833,200.86622293863618,-3.6207723983190916,-0.6370493937224683,244.87697781789396,311.7991793908682,-69.90476104477897,,11387.744557341433,,5789.4318778455945,,1747.544507222895,-0.020570374186,305.33494499999995,37.12299245,-0.0030391349886000002,307.19456519999994,41.75976735,0.015310043095999998,314.078026,45.19994072,0.03653478446057,275.3417818546295,44.13868076,0.014443630117999998,28.86022313,0.0018944993272999992,198.56712950000002,51.35094297
2023-05-25 12:00:00,7865.072454245685,-15.55340913243768,-159.7321139367474,-35.30484087724594,0.6865365596101778,71.78183734504162,91.74389228659206,0.5821246102888793,1.2921227166066962,195.1042143395216,61.96584982120432,12.96578434709345,239.49547473734114,309.8148245763506,-21.38202721599536,,11371.999832722327,,5781.663057528801,,1749.5457544038345,0.34413302009900004,286.2600533,36.89715088,0.35515704316100005,286.2750863,41.455656239999996,0.32808277127499996,292.99855540000004,44.92159795,0.281285928242,246.95623278617865,43.51311346,0.049433336111300005,24.044721949999996,0.101680942372,167.4647701,49.16360135
2023-05-25 18:00:00,7523.577388157012,-14.289728945203093,-130.3731017071608,-16.055270145536017,14.771323132779344,71.69404230076518,32.24543004772809,0.5275298073422634,2.230517392135371,164.6939017801917,728.1495598927944,152.8209828514145,290.30853944325173,446.79740218907375,418.8644205963774,,11376.397567934058,,5790.562280206299,,1733.3181339461698,6.2535035930000005,288.42024360000005,34.494026840000004,6.243357432,280.58987149999996,39.03049335,6.264973149999999,268.8726171,42.32485023,5.798428497,260.71744585037237,41.74249311,,,,,
2023-05-26 00:00:00,8459.275123792731,-13.494985034475945,-124.8045349938456,-16.844654718038026,11.633680078867872,71.6790344489522,43.95887509558335,0.5896640853885496,3.292734984218633,229.70705087846352,296.216109107556,63.832391193168725,308.31461131481126,400.52706149671053,140.24135564322677,,11392.795700927041,,5788.509824644906,,1718.7943720496035,2.66734254124,311.61970169999995,34.84635615,2.5880642848499997,307.41793640000003,39.622937879999995,2.716223481315,295.1776511,42.64884497,2.305593153656,263.47639036178595,41.50008375,0.00340952107,1.23105043,0.362646873654,64.1841256,17.89696222
2023-05-26 06:00:00,8059.734905439794,-15.307113458431777,-153.32769301664905,-30.870785349194797,3.2956947229404765,71.74175958458787,73.73851435016869,0.5679838221332728,1.6991339401251677,187.84450873646585,-3.5998869849121458,-0.9011804349558534,253.82392153578968,318.1715842450253,-67.04438151165589,,11385.88768135273,,5791.455426900573,,1740.3132398078726,0.1978871348056,293.83089270000005,36.79283682,0.17514859076,290.10726830000004,41.485858289999996,0.20387057512200002,290.3183636,44.725611009999994,0.1382195173036,240.74056982994082,43.949973369999995,0.05237947276800001,28.52005886,0.10631206248299999,160.06284649999998,50.16018228
2023-05-26 12:00:00,8040.2231136517785,-15.040141739486728,-155.50622396929336,-35.18509005339951,2.155584090640531,71.7679571442334,82.50391861010577,0.5823178734584833,1.2004695241976577,206.8649380429937,59.914915643456375,12.038416856919348,259.91680680207884,317.5961138793488,-9.856275322918917,,11379.774480337608,,5786.818156316347,,1749.622801246185,0.384402429536,291.68618200000003,36.97342195,0.40820185175799995,287.6277771,41.59796043,0.398736928714,291.5431195,45.013988960000006,0.39220976600299995,238.8664927482605,43.75290233,0.050725494446,22.607944090000004,0.136258051192,144.15159719999997,45.55698405
2023-05-26 18:00:00,6418.896025558388,-14.401368649450173,-136.72808940807911,-21.5171402124777,14.534919536158553,71.72842676828404,28.47220293656511,0.4637141271014407,2.70706072556474,149.02719811180359,627.8811873002142,128.67520976063537,301.02584242559743,442.4745378321864,357.7562014941998,,11385.07962753586,,5792.782391140274,,1744.269685233215,4.692632348000001,245.27266059999997,34.121352800000004,5.027751649000002,241.84927539999998,38.719722569999995,4.764320570999999,224.86769770000004,41.23302769,4.506315208,221.3391072750092,41.329057150000004,,,0.13086114399999998,2.1470092999999997,1.35686494
2023-05-27 00:00:00,6546.2857750072035,-18.222462164121133,-155.91607735221783,-10.136380039248742,13.057478485787815,71.59643344774881,29.746981261979798,0.436984356674725,2.9959095893930376,284.69069480535285,308.89530575564925,67.91538822454704,297.62292819614385,407.1684483783149,131.559834963499,,11399.876728988575,,5784.394036897406,,1724.7067603370851,2.3261637670000006,237.2963434,34.1827432,2.4042784672,237.0029277,39.35225652,2.4391707966,224.4539474,42.47629823,2.4256137014,223.18093156814575,42.16227217,0.010726325699999999,1.65083405,0.07083750144999999,24.099701800000002,11.08473456
2023-05-27 06:00:00,7534.723626075134,-18.132845028901926,-173.04198182615534,-27.979221594939915,2.7324364710964684,71.69681866520298,71.97211368532002,0.5308269409715232,1.2820023361869248,192.14927729690217,-3.43922807759753,-1.0168523520412887,255.95144301298592,315.01710358829183,-61.4904365616184,,11391.803398052754,,5783.316615346885,,1743.988536395506,0.169650114203,268.7456365,37.20829225,0.143429502214,266.0811913,42.03221316,0.127826838469,264.9367334,45.18277193,0.053767821876,212.84922838211057,44.36904545,0.032394932874,29.303451690000003,-0.05735898395,132.4052692,51.61162611
2023-05-27 12:00:00,7525.733359404809,-16.195514710133807,-163.00637193191073,-33.44225425084024,1.0425963870344093,71.66956408224105,85.34656326821363,0.5547768822806673,1.2606300221312838,166.22023428507822,62.16713267255158,12.517906701105659,238.37380350965313,309.67150148373753,-21.70866053672342,,11370.249840223478,,5762.563263713251,,1747.0937476518768,0.42553387509400004,273.17310280000004,37.12097587,0.438047398367,272.0082022,41.83825683,0.370026005507,275.9502008,45.186359839999994,0.3770921824142,223.53826212883,44.04190365,0.002802248966099999,22.249740599999996,0.21609580372134,147.23639039999998,48.99245051
2023-05-27 18:00:00,5537.449378038364,-17.771674172952366,-152.7100083311985,-10.536614947579586,12.44798319302175,71.62737124422551,28.116455028162576,0.39841943030704263,2.6052405663744036,178.17816423637606,567.3177730566033,116.44503199155406,293.54599805279884,428.00871208819717,316.3468031729498,,11356.042256356064,,5768.20662334311,,1731.5556975645566,4.559889181999999,214.2990035,34.62835233,4.519493016,207.6470619,39.17327623,4.527279211,198.7352741,42.546742019999996,4.217509715,168.48037171363836,42.06264829,,,0.5359820839999999,25.15315773,11.70413155
2023-05-28 00:00:00,4888.551809892344,-18.512323658644505,-153.13103357971232,-5.032444310556294,12.214359644731834,71.60726698474066,24.199791153098335,0.3333387845164336,3.6987360089648487,209.48604310226295,355.3171814282922,78.5352839730805,273.59873264312637,408.73921454899653,141.80061730508504,,11344.442132252783,,5765.226647119483,,1712.1379446787244,3.1004937146000002,184.4983651,34.71400872,2.9319700759,178.5577336,39.39311567,2.73203975756,165.1556582,41.36209409000001,2.78461003115,138.30691504478455,42.29578669,0.00416376276,1.63997735,0.16050653299999995,21.66991974,15.868388870000002
2023-05-28 06:00:00,6888.606273145121,-16.095487711324786,-162.35369248975672,-33.5897907991584,2.8720297412710534,71.74570972423331,63.71796468490455,0.47284770913734375,1.576898476351716,180.54733118240722,-4.164233724507824,-1.1572089066480928,239.6398338500649,311.752229827995,-75.12175485884802,,11339.314116739235,,5763.1393262264355,,1738.2496340581577,0.134036203611,239.9140281,36.88623376,0.111486166787,237.1050464,41.66366146,0.09318562406,236.48249349999998,44.73722222,0.07322270576,182.01364660263064,44.04368604,0.043533498512,29.23628058,0.030769328675,117.1457298,51.69869201
2023-05-28 12:00:00,6524.62760638926,-16.166458367878125,-167.5647402982761,-38.233073355251065,0.12737668687062276,71.77381264509842,77.30509822168773,0.46432845112424054,1.1851149392954328,219.1372737816467,63.300321398634786,12.947830483372286,231.91285944039672,304.5641891454128,-22.360488540526312,,11348.386483349428,,5755.425783847318,,1750.5847308136304,0.41763199881,226.9338313,37.08453368,0.431203680873,224.9368263,41.764086930000005,0.4555939349597,227.8111133,45.08709897,0.427719212838,171.67088341712952,43.94588710000001,0.09078200645659999,22.558707730000002,0.16164988695299998,94.6386126,45.71827907
2023-05-28 18:00:00,5655.419541072762,-14.118915673088916,-140.73576573038702,-27.784440345675666,13.027196086652744,71.79763752161838,26.97092284271588,0.39955965448771363,2.814836489839478,232.08396920786726,800.8475327052385,166.12266549429887,282.8927016816633,464.66048895368294,452.88830034214675,,11357.371118700508,,5774.187624343475,,1738.369709376288,4.354872169999999,212.39634130000002,34.23932829999999,4.466791696,208.1668447,39.300369,4.439037460000001,200.26834860000002,42.64194998,4.123643976,167.8604811429978,42.204794850000006,,,,,
2023-05-29 00:00:00,5518.048568570866,-17.15762938680895,-153.7864257857434,-16.5253906912718,13.517649778360298,71.71422578503287,24.05624058374256,0.3612461112451103,2.8363301249491815,254.10365758434114,381.0954536464142,85.73570137145227,268.6977296894022,419.8408290079063,144.37869829945063,,11368.7327537319,,5787.14200217286,,1717.0490503777903,3.0261728998,215.0466986,34.83553821,2.9367714488,207.261989,39.606081380000006,3.0273323040000006,196.4580719,42.61870664,3.04012415348,161.97121441364288,42.463249880000006,0.013096482499999998,2.93754714,0.0461323046,22.57422041,11.87266819
2023-05-29 06:00:00,7222.967323405575,-16.0409579322795,-167.81193800007287,-39.484274541836825,3.190001994394488,71.82576751658901,66.16690045589549,0.5029646697293287,1.3625850639339494,266.28047299960815,-3.9425199691606463,-1.2295003735143295,249.12130006831725,314.2007203494958,-67.79746228784482,,11375.371737900588,,5793.208473931911,,1742.2089920242518,0.20219731767000002,255.34678910000002,37.14575687,0.160365604663,251.5861118,42.00838397,0.1422706365954,250.39686440000003,45.086628499999996,0.12256916505299999,194.09854888916018,44.34165839,0.08391189330740001,29.44342752,0.07279098000600001,120.2041526,51.736189239999995
2023-05-29 12:00:00,7045.847891192883,-15.300099653856563,-169.8789514701385,-47.47815423928594,1.1762919090092974,71.87618072642238,77.94916586777617,0.5082048886590004,1.2132648895723972,219.6214288093651,63.65228206603911,13.032084240093912,237.63973028522815,309.40562961135475,-21.205711746829408,,11361.230229110199,,5791.807713955208,,1757.440396539245,0.43466900819,247.4844063,37.06663338,0.42772259019250003,244.91802339999998,41.72833704,0.47289355923599996,245.7867294,45.006955909999995,0.392759884695,190.00194644927976,43.832606850000005,-0.019913110866999994,21.751175840000002,-0.01909174014,98.1369263,42.67121286
2023-05-29 18:00:00,5447.614405724081,-13.306421632630009,-141.6321561648121,-35.180783103772015,14.597382571934848,71.8918860941638,23.589571580224792,0.3859594037366258,3.5219382467280234,203.9492812503792,844.5049259761435,173.9611852978065,268.66316174153616,471.03405059048265,468.1204567426502,,11375.335012223244,,5808.683473446801,,1742.307183930332,5.562683494,217.0638485,34.53848918,5.926292433,209.460644,39.149664640000005,6.067010185,200.5371112,42.436537650000005,5.941231095999999,168.02401590347296,42.033838200000005,,,,,
2023-05-30 00:00:00,4678.332389565747,-16.89551979950312,-157.32883821261254,-22.164679816587544,15.048765646019069,71.80490567924848,18.564204343120085,0.30520570366222344,2.9069273334792,248.61456446748588,378.83185345916485,84.99875532039803,272.28634996351667,423.0122091922779,143.25514547583515,,11386.430334732877,,5811.593330265551,,1728.0576735334282,3.270491854,189.58297919999998,34.660742400000004,3.3573307559,180.98142860000002,39.49024226,3.5817513887,168.2779304,42.454903990000005,3.54891782268,132.75166511535647,42.32099179,,,0.005676293599999998,12.22363824,6.959784489999999
2023-05-30 06:00:00,6748.831589992844,-15.975653261780511,-169.66491613124458,-41.85969003700045,3.8355066904554227,71.86632113822526,58.13756161145852,0.46298842737827106,1.6177544323476436,219.0137843598614,-4.2683550913451525,-1.251971896171262,242.76414215295796,314.8912542516675,-75.14514910325825,,11388.665261977505,,5809.8276799203,,1740.4113746995258,0.18964956812,234.7983681,37.042505309999996,0.151355034773,230.5451849,41.96360333,0.077987348158,228.0015484,44.945723969999996,0.022010784322,173.75099563598636,44.35585305000001,0.004147376092000006,26.68868194,0.031633584154,97.2406683,51.6519356
2023-05-30 12:00:00,6464.657212107805,-15.584229837508653,-170.99408480607656,-46.320246106007325,1.3950178700593088,71.89333010384826,70.81400883419245,0.4686054259737097,1.3606602052453487,250.49046476671816,63.8956800960975,13.29029853285909,235.7127791835672,309.01257295228174,-22.755681154921916,,11352.959352811153,,5799.909282380666,,1750.6582316769468,0.54165842024,228.48985869999998,37.04474521,0.539557730299,224.9326739,41.74680372,0.5322738982549999,225.0921535,45.034327940000004,0.47695200830609996,168.04394435882568,43.96559161,0.0011326355660000033,21.455470679999998,0.12180122087100001,79.43425859999999,44.110350870000005
2023-05-30 18:00:00,5141.281179135294,-15.508540675764385,-151.99502693160332,-27.926701525488223,14.913806631236099,71.8468168089394,22.305576291881565,0.37401361924780957,2.8345813143687444,151.53075395841213,682.3534157893334,140.10216188570368,298.7034645615879,452.6329389759573,388.37237195709014,,11356.21537135801,,5803.421284854663,,1743.1122304968094,5.055257624,203.1302819,34.54102159,5.428901044,195.6619017,39.258708760000005,5.433487843,186.31021319999996,42.43775834,5.159871411999999,151.1668739318848,42.18340345,,,,,
2023-05-31 00:00:00,5375.477381565108,-17.857349257587998,-155.66859376339391,-12.809799702689894,13.401554998978856,71.68793810417097,23.803683400810474,0.3547101104045408,2.6371252537998378,223.07897893363833,275.2766299607526,62.201635908174026,280.57552105213944,401.3149950786476,92.43878936786032,,11374.95018045279,,5792.571300350515,,1717.9735404558835,2.7766887906,201.3343853,34.65829812,2.7808157715,194.5669255,39.49775337999999,2.8888624199999997,182.25627250000005,41.86070745,2.82012714484,146.90165865421298,42.35826739000001,,,0.14158346319999995,14.96294876,11.73184214
2023-05-31 06:00:00,6228.011149943153,-19.055349328870268,-176.54608099602262,-24.103286365060455,3.4501074505857723,71.70918027378735,53.98231813757049,0.419046515269668,1.4584640056489984,237.75267206612497,-3.9348337251766323,-1.4691543227841077,249.79327256601894,311.6719718149211,-64.35054237173755,,11376.612770416632,,5786.968736442738,,1730.7267187831874,0.30580476912,213.82060019999997,36.88263586,0.24859139105,209.98299580000003,41.808469810000005,0.232096826857,206.5386897,44.814094399999995,0.21457967313460002,150.24748253822327,44.15294833,0.16799115685,29.34547654,0.20124561628100002,69.07351792000001,49.36641907999999
2023-05-31 12:00:00,6883.172542875941,-18.121299052766307,-170.7736210073634,-25.80322858523294,2.8541837576376086,71.65898364585084,65.91043746991787,0.4844100908483051,1.142802020993936,236.10171546550583,61.09012577097099,13.14006117160887,265.06065019616955,319.6103991161371,-6.6590127927254565,,11348.634271447248,,5777.022697729581,,1734.8139093776456,0.5042228111364999,235.8274957,36.926790340000004,0.4471720046545,231.60162480000002,41.613076469999996,0.44420903198,230.7164803,44.931623349999995,0.35247922261,174.86937558650973,43.9240138,0.08727091381,21.928910310000003,0.21929093489200002,86.96277124000001,46.15044152
2023-05-31 18:00:00,6378.083718398685,-15.227859154702765,-131.67799545001705,-9.855122212394921,14.104528759395693,71.5131586266158,28.606933269009254,0.4572896896375406,2.0796093015255104,176.89003870201373,472.76331561348445,98.69803799491065,315.0861798685665,427.6006004703705,261.56177959915215,,11362.800725118459,,5770.918441140036,,1716.7575026298312,3.29806184,245.1170788,34.26724489,3.380932834,240.0556745,38.850675,3.3978736619000003,229.8421191,42.05411953,2.9918440821999996,196.1247320175171,41.86032408,,,,,
2023-06-01 00:00:00,10649.650042440935,-12.02192474398831,-108.20705660829468,-12.031658656388196,7.388791665365913,71.54377771809368,74.37618487558288,0.7344910890601091,3.2261561540207215,150.8245845364885,84.56844538993073,17.995929189749994,331.7636553751418,360.6915947885198,37.72399483316377,,11364.900216581962,,5747.320731759418,,1702.001685438161,0.681567678,85.62552720000001,8.59481752,0.7413751346999999,99.59319930000001,12.121708499999999,0.7071774899,80.0939288,10.56213172,0.6665656072999999,56.90439349501648,8.0927659,0.038086955,0.63879025,,,
