time,snow_depth_cm,skin_temp_C,air_temp_C,lw_down_wm2,lw_up_wm2,bulk_hl_wm2
2022-11-01 00:00:00,-13.045093582221046,2.3294308794437915,6.7921105557741805,-6.311577760451122,2.0972675692824767,-1.803055581204886
2022-11-01 06:00:00,-12.93820596782366,-3.791737478269409,0.7360551956530393,-8.225341772415394,-3.910991135603924,-9.613101416154164
2022-11-01 12:00:00,-12.963053180084627,3.263478824697054,6.133337507632735,-7.567735453415001,3.255290015467739,-5.610951122202345
2022-11-01 18:00:00,-13.01087448228861,15.820021545614123,21.59050515974411,1.5145861717719538,16.318127664665834,22.95100589210789
2022-11-02 00:00:00,-13.060264213078307,6.064490831800806,8.691633391190885,0.20553020709588418,5.993529712367238,2.8621465820909426
2022-11-02 06:00:00,-12.948686953343202,-0.4287021619741581,3.881222857390301,-5.528393000219127,-0.6099019575165814,-6.611833822750155
2022-11-02 12:00:00,-12.903475996503577,6.105417882102532,9.252588918468172,-6.9307594640819925,6.076024397931243,30.65091145257257
2022-11-02 18:00:00,-12.539059708165697,17.35012768695133,21.53236657671586,-2.884956708409605,17.881665488022904,112.88801657715233
2022-11-03 00:00:00,-12.19548383884067,5.728776986435332,13.049456813363088,-2.2754938222557928,5.595550798450911,-3.712322478882906
2022-11-03 06:00:00,-12.201690386415395,9.26328920830889,8.164262711076518,11.879279692935965,9.575262120391692,0.6762959817840503
2022-11-03 12:00:00,-12.274080262236915,8.546169289718643,7.144421831460829,13.96540293337771,8.886265049298636,-0.9631320739393416
2022-11-03 18:00:00,-12.415003208888779,6.8937527103866865,5.06393757436986,12.678224474216632,7.175222914687963,1.7580395218725693
2022-11-04 00:00:00,-12.211281016577933,1.9222207510065616,1.092116943454849,9.21533682256376,-0.7344324713881153,-6.8027697542565475
2022-11-04 06:00:00,-12.244161641036793,-7.869182363415007,-5.397786402984488,5.651805195852171,-8.254841316805287,-10.488714589035181
2022-11-04 12:00:00,-12.268858377523562,-2.5757101747750313,-3.7463911741195193,7.336262533374669,-2.3143274820694852,17.496067999595045
2022-11-04 18:00:00,-12.690977801707058,0.11235402050717333,-0.8615873810000297,-7.831176975844219,-0.09043813135927337,76.24310076158879
2022-11-05 00:00:00,-12.743112759910527,-1.1909839201720478,-0.28527989673734105,0.020571797593141976,-1.1983941021402509,32.773547003074995
2022-11-05 06:00:00,-12.739130288356533,-0.2184450875276045,-2.661001870982567,4.706075305242332,-0.13925109075012848,0.975047518430659
2022-11-05 12:00:00,-12.84924387927119,4.025549561408444,0.5384463641682647,9.13410540502153,4.197571345406383,9.964764040757224
2022-11-05 18:00:00,-12.817967651337677,9.425861818950727,9.04025424039777,11.283104396486474,9.728350187104946,30.20501169705759
2022-11-06 00:00:00,-12.856250325219555,8.157260711098145,9.585883288774768,7.979453627946401,8.330137814950216,31.83268473642334
2022-11-06 06:00:00,-12.927169598641902,8.768179973313142,10.57622505225094,10.025798623820018,9.014452313496546,15.506954994734105
2022-11-06 12:00:00,-12.984493777902697,9.619596538454484,9.407891384718008,11.541100690514483,9.946048498497461,-0.08088733879685833
2022-11-06 18:00:00,-12.916064925151774,12.299229161410354,10.761561760004453,16.096559795977644,12.872622465285799,1.7911557529953777
2022-11-07 00:00:00,-12.96674964606779,-0.05417070653437395,4.650712011979488,8.252554644407352,0.12771514382164628,-14.354214592445727
2022-11-07 06:00:00,-12.98098018278261,3.162324141279597,6.048207218141592,10.618084676962859,3.3480728513247757,-6.345615596217403
2022-11-07 12:00:00,-12.992162098397436,9.323292895968443,15.00029485037632,6.905673363692571,9.61085954708822,4.8621658676889075
2022-11-07 18:00:00,-12.616401986823577,16.494491607925333,23.820382519220587,1.2768993383439928,17.024299646091993,49.66742616749717
2022-11-08 00:00:00,-12.576670646543173,5.911112712794987,13.256855129407867,-4.029369848594665,5.773122614166352,8.008907618278501
2022-11-08 06:00:00,-12.445196841713,-0.5188505428872298,6.44915342889567,-6.623147527047947,-0.7311472601065,-6.06473390303451
2022-11-08 12:00:00,-12.384019811767647,7.389566975723035,11.446136032486177,-5.349038410395765,7.454689158342645,22.813899813332398
2022-11-08 18:00:00,-12.09880516558531,19.227725143825065,24.532638372657043,-3.032868395382175,19.955505049514695,174.28236974214065
2022-11-09 00:00:00,-12.007509420242894,6.738624693388028,15.81511769436632,-5.794560640950335,6.543448239784038,2.0299488492213484
2022-11-09 06:00:00,-12.105527878767584,5.887970573610764,13.804806768025484,-5.7532901776491885,5.662314636747592,9.385512209251948
2022-11-09 12:00:00,-12.207451013573339,12.542543172439014,15.810055922199046,-4.531757023074281,12.751498887466322,179.88403117410772
2022-11-09 18:00:00,-11.357883843860906,20.60723184518981,19.48328074779585,1.6315776984219075,21.695375826167616,292.12849374095487
2022-11-10 00:00:00,-10.508397249844574,3.3141904074442294,-0.3123426664249861,8.853703999712573,3.4455445381693055,7.165211694860505
2022-11-10 06:00:00,-10.850477831590402,-1.9766311979309075,-3.2386752610284213,7.171631194807668,-1.788294268396331,3.085932406831318
2022-11-10 12:00:00,-11.083592029508708,-3.4094171851566006,-4.01012650394752,7.806476052627878,-3.263487128736823,-2.1051771491463467
2022-11-10 18:00:00,-11.540199329680869,0.34281403549458833,-0.7919944567972942,8.091988451560677,0.527599540884037,20.256919496211
2022-11-11 00:00:00,-7.813062795746821,-12.1113739693522,-8.507138153735728,-2.767068495366928,-11.369036211766366,-8.506597856695887
2022-11-11 06:00:00,-7.873045189469566,-21.278144445873824,-15.617320700183965,-10.942567488311685,-19.568562762818893,-9.613578028704442
2022-11-11 12:00:00,-7.975643012276122,-11.406576979554806,-11.237511985263096,-9.431052579777669,-10.564512675993377,6.2771387219139205
2022-11-11 18:00:00,-11.467521606556671,5.0882051623149325,0.34565392212895857,-12.605712899639153,4.8171575333824,55.160347760291785
2022-11-12 00:00:00,-10.878466024662497,-11.420082655879508,-9.732090855892398,-16.437657029042235,-11.133343182019006,-7.953236984083674
2022-11-12 06:00:00,-11.244745628528872,-18.166424535520875,-17.472697573927896,-19.12113845381824,-17.160442054161663,-8.808338761678652
2022-11-12 12:00:00,-11.520703645760513,-7.753158717146651,-11.85537188752367,-15.60200580125368,-7.408781685585902,8.412695479530177
2022-11-12 18:00:00,-11.631322462504583,11.586784194193916,8.3945718037702,-7.60757265779745,11.593030315877769,50.63340176427283
2022-11-13 00:00:00,-11.86322139734877,-5.4231154389556995,-4.56053977716173,-13.94705963030922,-5.569105502214569,-1.1605218409628795
2022-11-13 06:00:00,-10.855405213092617,-11.619870865921078,-11.072080888558707,-15.910334532160045,-11.33870613384272,-4.232089953401472
2022-11-13 12:00:00,-10.939852140789702,-0.8369531257660148,-4.6660690550848924,-10.616716858195321,-0.7416781305163485,27.708144486280972
2022-11-13 18:00:00,-11.935538364532297,16.342693105974714,10.191757561655063,-5.507621016798733,16.80757057103744,132.03105704808038
2022-11-14 00:00:00,-11.958048074033867,2.0800283435750284,2.439875694379188,-8.805318588072682,1.7668203639191085,12.925617834007326
2022-11-14 06:00:00,-11.155439741078242,-4.698101951217954,-5.30198899067051,-13.285902572601023,-4.876072088190424,-2.5894662352154456
2022-11-14 12:00:00,-10.890675694642018,0.265568411694022,-5.7640259708101045,-2.281826390414798,0.37354369030404583,16.034542336127185
2022-11-14 18:00:00,-11.764506481050633,9.502412264872163,0.6221790296796879,-1.9326263904776655,9.583434929179496,164.48351194294702
2022-11-15 00:00:00,-12.63779794674418,-0.8409264828427723,-4.414763494965713,-3.843205002936248,-0.9526501347376772,25.801255754754166
2022-11-15 06:00:00,-10.765986221639041,-6.98528057835497,-10.660661416408926,-9.36006636764768,-6.934535283362909,-3.4151428317124246
2022-11-15 12:00:00,-10.27845195435536,-0.8727674779209754,-8.725647215292533,-9.93747120503609,-0.6947322062303315,51.56756526739857
2022-11-15 18:00:00,-12.98273189737381,10.958415159776907,-4.287442809463569,-12.326872812591805,9.337784569848473,219.8232775791656
2022-11-16 00:00:00,-11.755443693239126,-15.709660371698721,-13.477829852660028,-20.728218937554995,-10.370688780510799,-5.05016118736763
2022-11-16 06:00:00,-11.207311070508798,-16.900792972103055,-20.385193780336774,-19.461050383766786,-16.077834810929687,-3.6770419251954367
2022-11-16 12:00:00,-11.207127269055416,-3.8666796110156407,-12.546399762452642,-12.706940810225088,-3.686296099754692,72.40598024090906
2022-11-16 18:00:00,-11.214075321270462,11.111765644471216,0.2558314756000101,-13.065391453393914,11.096925470261416,182.60764571455556
2022-11-17 00:00:00,-11.21409764621114,-8.563634109507342,-10.027751874998389,-16.523073102556285,-8.544894350161062,2.222130624969405
2022-11-17 06:00:00,-11.280487342450655,-14.593010624912674,-14.906439770779233,-16.15322015322201,-13.988483035030404,-5.752417328648126
2022-11-17 12:00:00,-10.87034464496032,-3.3627305003877175,-9.790819428841058,-14.641894385552206,-3.1094693300695218,30.885877003475677
2022-11-17 18:00:00,-11.772223360267063,12.380858118048373,3.498480055372408,-12.266280064039512,12.422968008792756,232.78773136245917
2022-11-18 00:00:00,-11.835460123301502,-3.970221909714674,-3.418495884046113,-10.591316772242672,-4.132422350115943,2.4134031603441572
2022-11-18 06:00:00,-11.713849682901666,-3.950526038698342,-6.541494587590142,-2.7105428623753514,-3.9166812721878306,0.44198285776658697
2022-11-18 12:00:00,-11.590420397104847,3.655788615352206,-3.830608787632258,1.7057572303389466,3.7845345515466704,52.044252392068636
2022-11-18 18:00:00,-12.005608667395656,9.618786776639418,0.31605032919479464,-8.331705549682527,9.635875810851601,161.43378700250804
2022-11-19 00:00:00,-11.760974496834242,-9.106450110793356,-9.970133182716832,-17.57171180788697,-9.065855177034816,2.067365095804507
2022-11-19 06:00:00,-11.825011422257898,-16.877924104525714,-18.96742784524909,-19.294917445221937,-16.05845176457219,-4.596604503406319
2022-11-19 12:00:00,-11.866047387782729,-4.943151218248002,-13.04778802462004,-16.902276476514906,-4.637052263088385,37.97997105729585
2022-11-19 18:00:00,-12.19762866622332,16.3815366095553,5.728368622367581,-12.537411434909236,16.78395967207816,188.11734440916516
2022-11-20 00:00:00,-12.529118910925206,-8.13857113636912,-6.789838425464154,-17.19860261151389,-7.297841238901148,6.244496050947881
2022-11-20 06:00:00,-12.298966694828321,-15.323608088787067,-15.090489713914414,-19.326890593340167,-14.812754029052009,-2.722671917446136
2022-11-20 12:00:00,-12.62598458182946,-13.159615593734804,-9.276432292906346,-18.660952556732635,-3.3265950558255692,1.1376690253968103
2022-11-20 18:00:00,-9.583758226764191,16.367220720253385,10.436606104837775,-11.17540126550156,20.233471694186896,220.60746017335043
2022-11-21 00:00:00,-10.976710467691401,-4.044370098363076,-1.2680892114585218,-14.146125192662842,-4.238218296244519,18.225505645035906
2022-11-21 06:00:00,-12.370619104742481,-12.123578089758572,-10.970083567188109,-16.88180075179141,-11.810943406374987,-2.661576096637955
2022-11-21 12:00:00,-12.178172179875583,-0.2467167360339645,-5.212618054830433,-15.264821569535519,0.013347767155743808,52.707095823966995
2022-11-21 18:00:00,-11.78738028127445,17.416200026652668,12.92118593998623,-9.921735154448996,22.6577691263458,170.90849766258071
2022-11-22 00:00:00,-11.907679264298492,-3.002440051837726,-0.9715386627338121,-12.807925179740112,-3.2604694212570084,6.205926925523435
2022-11-22 06:00:00,-12.30047309810981,-10.593725246210829,-8.25582854277523,-16.541889206113304,-10.415970778948129,-1.6713270722735087
2022-11-22 12:00:00,-12.44369682349705,-9.178699110570276,-4.478788295498601,-17.20786369999339,0.056069340110498155,12.885703626115216
2022-11-22 18:00:00,-12.03919488727535,19.268909648016425,13.258143988326136,-8.28687214169685,22.497895469266307,183.38812483763795
2022-11-23 00:00:00,-11.869541274703904,-3.3189157239937863,-1.5983455202347914,-13.564953619549343,-3.56521354589393,16.962619112377883
2022-11-23 06:00:00,-12.440457306794936,-11.342833641602313,-8.984039340979729,-16.625784876805312,-11.098616546971604,-1.7405687928690954
2022-11-23 12:00:00,-12.149477048546967,-1.1351591197655824,-5.221508497626356,-14.736763762573506,-0.9543895797844586,79.00289069382372
2022-11-23 18:00:00,-11.858305185953727,13.804055929540201,4.52001289383338,-4.1534175206198345,14.19153480593692,275.51450208113795
2022-11-24 00:00:00,-11.858305185953727,0.4833064363978563,-1.0006941594683265,-1.3473225615099103,0.38055271288047476,25.24152527853081
2022-11-24 06:00:00,,-0.8449920074526308,-1.3949810387346846,-3.830534405534369,-0.97617492228834,35.10393963391288
2022-11-24 12:00:00,,4.38156242483703,-1.151817036551822,-11.478155796493049,4.21878560798342,115.45043116928049
2022-11-24 18:00:00,-13.231111037558705,15.968201238141459,5.987532803016622,-10.860239133033517,16.37170795564063,331.7843273268964
2022-11-25 00:00:00,-13.231111037558705,-6.31580228218704,-4.4066020627036195,-14.436624641962377,-6.410042835321409,-0.6403924594303776
2022-11-25 06:00:00,-13.231111037558705,-12.206345936304455,-11.781440526700493,-15.177207480513985,-11.84521053172162,-6.166949840231796
2022-11-25 12:00:00,,1.0631352183871734,-5.231130140226245,-11.6510255761498,1.3794165868799975,49.65397029108806
2022-11-25 18:00:00,-12.217180161991234,23.621636933257214,13.788071809068274,-5.901390812710558,25.381644793694303,262.17511627656575
2022-11-26 00:00:00,-12.216876445261809,-1.1058987973377514,2.01574280753438,-9.171614601849528,-1.353578369413231,-2.513186194762557
2022-11-26 06:00:00,-11.311739093011647,-6.217393762827612,-2.714175930733153,-11.003477717408845,-6.26316289518318,-5.890889532211202
2022-11-26 12:00:00,-11.089353033654442,4.280506462071349,0.43098723375109826,-10.735146007446717,4.583010550980196,57.64005118203156
2022-11-26 18:00:00,-8.03628515045065,23.692205517277078,15.176511062199767,-1.0588925977882577,25.2791620584217,301.81715691507867
2022-11-27 00:00:00,-9.39303931049032,8.46885474876173,7.352458173003825,6.564568378422742,8.620067218479848,47.40476803342658
2022-11-27 06:00:00,-10.750817979397642,2.9384279401304,0.5187876650164329,8.66803137032302,3.065548984759483,-5.35832872463457
2022-11-27 12:00:00,-11.258268165010334,3.2047761278763955,0.6897076967407447,9.646488166049924,3.4585081960891375,40.67257102903738
2022-11-27 18:00:00,-11.765704749748968,12.400118097014273,4.805648230103972,0.5888903697883621,12.697066399538759,159.39673323005047
2022-11-28 00:00:00,-11.725179912098898,3.510684734488216,0.9017263752762852,4.011457359027158,3.514912266564459,14.375262251501644
2022-11-28 06:00:00,-11.740512707118928,-5.573768001150721,-5.229788017154862,-9.00940205968513,-5.5871438065804,-3.414428485959674
2022-11-28 12:00:00,-11.278055642932864,0.3549342822917646,-4.932972990189977,1.6716317735756354,0.40699298721830907,12.387777006322967
2022-11-28 18:00:00,-11.21657985172007,11.736243819150765,7.18038462731741,4.835561300118236,12.042082355584967,110.47022763691454
2022-11-29 00:00:00,-11.155259251357064,3.1277570698780774,-0.18613977333217335,9.110003399518506,3.2587829766937997,0.34250388579969016
2022-11-29 06:00:00,-11.155259251357064,0.4939194831830822,-1.4144679875403874,7.917871268013641,0.638354618972158,3.0237613298455197
2022-11-29 12:00:00,-11.178042399318024,-6.7209421622934125,-9.843622790698381,2.481622923738251,-6.395866028290626,10.350438887228322
2022-11-29 18:00:00,-11.178042832812016,-9.360260711672343,-11.725535339220773,-1.6555526146893862,-9.036570949309997,11.895345284703048
2022-11-30 00:00:00,-11.179409758672282,-29.49250536917244,-18.96305277050993,-18.664349233521207,-25.34412648907338,-7.688858585890753
2022-11-30 06:00:00,-11.403313526614514,-30.45553793555943,-23.37080083436003,-15.650732232883959,-27.12679806999697,-7.420752223178454
2022-11-30 12:00:00,-11.22023680513504,-23.468674304105722,-18.523124232762875,-14.752639756576306,-21.240581697194326,-5.4221296044460185
2022-11-30 18:00:00,-11.578518424882901,-2.984323506198652,-0.9513296748280118,-11.824799185863881,-3.07531642218273,-2.6306269725042095
2022-12-01 00:00:00,-0.6021044849933886,-16.913107789239675,-6.967952961525442,-12.074864808618859,-15.902787416530241,-9.375101683637208
2022-12-01 06:00:00,-6.1951578828638985,-14.769289652525563,-7.057281513032155,-8.363092420103218,-13.92387582201256,-6.734451327230172
2022-12-01 12:00:00,-11.791864876487855,-9.697025435512753,-6.183710834377273,-7.422605539203053,-9.23225731163651,-6.494272938661973
2022-12-01 18:00:00,-11.702885845453599,5.9249615713410435,6.754545088391753,-3.3760909461343362,5.7909691128327845,2.003586884270489
2022-12-02 00:00:00,-11.682845810055866,4.301146470388434,7.183152654333304,7.669770077362886,4.398057116247684,-0.470243449083292
2022-12-02 06:00:00,-11.72021824415893,5.60866546750466,6.4229890408774635,9.476891210636463,5.760017241817613,7.379126951839537
2022-12-02 12:00:00,-10.991671404486864,6.405726289265241,4.795480135908478,10.951646694876105,6.607770335059588,11.115143369577453
2022-12-02 18:00:00,-10.547297616954204,5.37946344248953,5.035509934177743,8.790400944671356,5.525946795583041,34.303959070545
2022-12-03 00:00:00,-10.80443009212314,-9.120647237275707,-0.9547570121306295,-8.996227651727759,-8.731561252546099,-2.5466667747462095
2022-12-03 06:00:00,-10.962463734570028,-16.407376716805725,-10.602973166335557,-8.463109795441074,-15.353722357526888,-9.600133632909925
2022-12-03 12:00:00,-11.03837890364995,-4.552904321499842,-5.934268465810158,4.449673794471316,-4.270672696750619,-5.730702771985305
2022-12-03 18:00:00,-10.46552013254639,3.412629204244691,0.613980911813783,11.364373049290556,3.601057123714739,-4.6848255844478315
2022-12-04 00:00:00,-10.544177709997948,3.388993598502349,1.4498684608318106,10.443898301272013,3.5499955676726644,-6.540627582886901
2022-12-04 06:00:00,-10.694268507843248,2.073090819456381,0.8787617456072766,10.137204215788094,2.2390099421941096,-6.484930729726597
2022-12-04 12:00:00,-10.857612167289306,2.0356686052883632,-0.02179597605964211,12.095739615477646,-3.9721725910545986,-3.2763633079615375
2022-12-04 18:00:00,-10.985400664864573,7.450115037412429,7.68605373089697,9.315195795592013,7.653144821648843,-3.204541617994041
2022-12-05 00:00:00,-11.007985124735985,4.406810276527189,5.801729373699323,6.1436358969716975,4.470153896896114,-9.69000010866106
2022-12-05 06:00:00,-10.814782808712058,5.838953100720889,5.370647787908488,9.189533984369548,5.996475368923258,-9.488124694488935
2022-12-05 12:00:00,-10.556319969055808,8.495426818884077,7.79190122136767,11.20826504302022,8.760903069257646,-0.6414443495145273
2022-12-05 18:00:00,-10.439325330188467,8.443370929970003,9.611758261849571,8.65411255954676,8.649512427244941,15.731726629796352
2022-12-06 00:00:00,-10.437479669066722,4.815979844141838,8.608927414340428,6.817167995163736,4.890385424818965,4.183178973527724
2022-12-06 06:00:00,-10.346747477739543,5.381989479946695,5.337551160780806,9.869539092445265,5.540549743681004,6.038608755466226
2022-12-06 12:00:00,-8.47176092940445,4.826190575660458,1.7371488506187642,10.531614847735339,4.995401030042812,-4.372209407957103
2022-12-06 18:00:00,-8.237035505167679,5.146572337408327,3.853849668184595,8.652927022712108,5.277403447937187,11.157157595446234
2022-12-07 00:00:00,-8.359786555230041,1.7855093515914469,-0.12150346066487368,9.288832832828453,1.9307270213212364,-6.552934822458519
2022-12-07 06:00:00,-8.203787782492281,0.7730559352394802,-1.2526089712241408,8.938822533835923,0.9247064076621795,-6.317219749178183
2022-12-07 12:00:00,-8.037453304376696,2.686852774413803,0.5465992958211318,10.778499206751192,2.8832113943017603,-3.937281601916329
2022-12-07 18:00:00,-8.62718058581295,7.884846988385494,6.824807167422272,9.449050421682161,8.100850693512335,2.5902988183707376
2022-12-08 00:00:00,-8.862828857453865,3.3870874737004226,4.0087797649103845,7.45598028731223,3.4795434782046213,-6.23634856284665
2022-12-08 06:00:00,-7.962732317688666,1.5576321784383214,-0.351221058005212,7.512854723371128,1.6749143489846563,-2.559000887294875
2022-12-08 12:00:00,-8.092044064974983,-2.1152119143716996,-3.2262183890888005,3.179167004010923,-2.0218373996192676,7.350187745815137
2022-12-08 18:00:00,-8.424156019313777,-5.163892523654638,-2.000918230368752,-12.254488732943619,-5.1752623215133084,12.54903096206553
2022-12-09 00:00:00,-8.655035630230318,-25.1297924280281,-17.465027258550915,-18.57308426342117,-22.931086744897975,-19.039113501427387
2022-12-09 06:00:00,-8.719231811290303,-30.97953375991913,-21.83987258044301,-16.76772195441482,-27.572638606287796,-11.345161729388503
2022-12-09 12:00:00,-8.759493344565676,-18.87899203884527,-16.141715482456934,-5.172198910307961,-17.203276724347422,-7.0495602449193315
2022-12-09 18:00:00,-8.857695811493706,-6.488948105896558,-4.3677357049345815,5.341023594418514,-6.073681571314329,-1.9038423156957855
2022-12-10 00:00:00,-8.895388598601285,-21.268460848830976,-9.391342589128644,-6.754733967800103,-19.44853739998052,-8.392593514351796
2022-12-10 06:00:00,-9.003787670535543,-26.72932125919648,-16.422065798661993,-10.62312830025793,-24.04613537811695,-9.907492613287403
2022-12-10 12:00:00,-9.114790644048476,-21.925359099561273,-13.887994183417842,-9.78876746622974,-19.899060788875293,-7.1004114063608315
2022-12-10 18:00:00,-9.215596091689255,-3.3810052414756866,-0.6013326763703094,-11.432328482109602,-3.4476489562747576,-3.420942246826317
2022-12-11 00:00:00,-9.240349648744637,-15.49897764047497,-7.77922119649999,-10.849779716528724,-14.626260183278731,-11.999128352256282
2022-12-11 06:00:00,-9.282678604772212,-20.268396544164858,-10.297491015700652,-13.280799275114882,-18.79371074634434,-9.165961871219283
2022-12-11 12:00:00,-9.325688071614765,-14.637322663936581,-7.462052367316126,-12.341168287997432,-13.770195560161428,-6.288447331382523
2022-12-11 18:00:00,-9.454233834612454,1.5261365119819312,5.801530354924543,-10.032588929675484,1.3499032331315037,-1.198033376380473
2022-12-12 00:00:00,-9.4478462579065,-5.703254550711753,-0.16649461342446795,-0.4468506999326411,-5.5001912425459345,-6.450290393690216
2022-12-12 06:00:00,-9.532124019392203,-2.973405980750748,3.290336435155091,2.438861580991886,-2.8571510394871837,-4.158909588760743
2022-12-12 12:00:00,-9.503418812707002,2.701855142075717,4.263402040396297,6.474054035713461,2.770816609664833,13.961089348480469
2022-12-12 18:00:00,-9.530088718610186,3.33966918608793,3.915178354961383,5.139352576825758,3.3847170078229087,38.722740037259605
2022-12-13 00:00:00,-9.638318245152975,-4.5047105734197554,-5.637752389676585,2.6128998585175145,-4.297114866549564,38.731047393427794
2022-12-13 06:00:00,-9.736226852065531,-7.600088645040796,-8.811704285130658,0.7674259388667665,-7.255421199649196,
2022-12-13 12:00:00,-9.792632345800003,-8.389201690839357,-9.728769667015213,-1.6504768467898785,-8.03230592087167,
2022-12-13 18:00:00,-9.846709001472705,-5.986327506501742,-8.455955568786184,-1.1497248456330045,-5.802235973551788,
2022-12-14 00:00:00,-9.739106361122728,-8.0367413855907,-9.78263374371294,0.4978425142496742,-7.6662395400073535,
2022-12-14 06:00:00,-9.985203877768868,-7.452220184838923,-8.682960592533869,-0.8075083637857031,-7.159614637686591,
2022-12-14 12:00:00,-10.124987189792712,-7.409194471879001,-8.483398173328403,-10.045265461863085,-7.336627163665736,
2022-12-14 18:00:00,-10.201092057253055,-5.03266145349365,-7.265834967184725,-13.132660849169094,-5.150743808915324,
2022-12-15 00:00:00,-10.211945338897396,-18.974959164487295,-13.714914317293019,-16.53324676420598,-17.72271387668254,
2022-12-15 06:00:00,-10.238755430819635,-29.369386390655336,-21.10173494869586,-18.43124533248878,-26.354909001371038,
2022-12-15 12:00:00,-10.243917732366603,-20.05875332598393,-19.067659765339123,-5.350937371477118,-18.255930277018653,
2022-12-15 18:00:00,-10.202580535284877,-7.1156815528551585,-9.452654958524182,-4.884090266063086,-6.933531316425406,
2022-12-16 00:00:00,-10.198047230229706,-13.79979687361595,-13.755422432801945,-7.894291524380667,-13.075463425802935,
2022-12-16 06:00:00,-10.203543530712736,-20.83338456269423,-19.149684743491,-16.038887841982493,-19.342866921630065,
2022-12-16 12:00:00,-10.226478781781184,-23.56936801315693,-20.26614298350503,-20.184603810889573,-20.70790195713254,
2022-12-16 18:00:00,-10.238597423336513,-9.179490616589703,-13.567049971500987,-19.977592935254634,-11.803601363058059,
2022-12-17 00:00:00,-10.239728880784165,-32.77736710211193,-24.31119311442528,-22.252279959735613,-26.97221002519738,
2022-12-17 06:00:00,-10.231020807978345,-35.49122964785413,-30.08153366706921,-21.216960065848454,-31.14425677039711,
2022-12-17 12:00:00,-10.264285916493353,-30.133344340159738,-25.976887497177476,-20.263518788064733,-26.825645472670086,
2022-12-17 18:00:00,-10.277203099931947,-11.18296349687873,-12.413307038326268,-17.562207188408024,-10.67937883565449,
2022-12-18 00:00:00,-10.241686506092814,-27.867376781789947,-19.246299890876653,-19.673927645362944,-25.19290066343846,
2022-12-18 06:00:00,-10.251857868539,-32.016127727920974,-23.38159230830327,-20.951927589022702,-28.487639298770183,
2022-12-18 12:00:00,-10.282862012227719,-26.90933819629708,-20.280953551272283,-19.50312882284987,-24.265020465097624,
2022-12-18 18:00:00,-10.275927935507292,-8.097548892592998,-8.287163819463661,-15.351241163787762,-8.005079868413073,
2022-12-19 00:00:00,-10.272694712425318,-23.241823177729756,-13.318343817630186,-17.77956653638108,-21.37700761719689,
2022-12-19 06:00:00,-10.268501744030516,-28.575618390083836,-18.03697772831414,-19.705035926016457,-25.75709398893733,
2022-12-19 12:00:00,-10.287708352977027,-25.322184399902515,-18.127842781958716,-18.8719902170796,-22.94298295925753,
2022-12-19 18:00:00,-10.265590061110332,-7.639200270669964,-8.081439943406377,-15.718103155656364,-7.553339718389337,
2022-12-20 00:00:00,-10.257341926922093,-22.25816797928049,-14.870290436370759,-17.538940336120927,-20.569476966154557,
2022-12-20 06:00:00,-10.240877022155622,-26.68927598215785,-19.490791864277224,-18.14289767715496,-24.211297329870654,
2022-12-20 12:00:00,-10.265400365005695,-22.034909472636578,-16.557286876417812,-16.106076397786158,-20.166175595620146,-0.015987699819118545
2022-12-20 18:00:00,-10.220023331839746,-2.2968514921775594,-5.141039378298751,-1.049111256353241,-2.30134080920683,-0.01782372712184563
2022-12-21 00:00:00,-10.187170493588587,-2.592897995235362,-4.148645059096395,6.4508537707129285,-2.3988218722039365,-5.4895474061806135
2022-12-21 06:00:00,-10.013241034689145,-3.6968679824738704,-5.048681759767725,6.745132097444359,-3.4404291041779187,-6.7950671654997015
2022-12-21 12:00:00,-9.981447611944985,-2.971667944919083,-2.367990131531408,7.832700178167973,-2.708162136384263,6.550528842282437
2022-12-21 18:00:00,-10.206031294847772,1.0552329269370802,-0.054086218089648,8.089188616151478,1.179243489312354,30.758692616208535
2022-12-22 00:00:00,-10.15735636358659,0.46920850451288154,0.04162586043316067,6.851950218209569,0.5740931688575662,32.38251701796623
2022-12-22 06:00:00,-10.201913729121596,-1.2121575933001314,-3.1996788534094214,6.198375940254759,-1.0761402749996187,20.39391711113236
2022-12-22 12:00:00,-10.222082897871514,-5.868285931325802,-8.648199673916151,-2.3725766020070513,-5.713082263279888,49.24339528583087
2022-12-22 18:00:00,-9.651079806801919,-5.4763400212730655,-6.854874304856497,-12.821667901660607,-5.59344756446027,65.66354942223857
2022-12-23 00:00:00,-9.540926183028061,-8.25863818702945,-3.7521050998961325,-6.425585038764433,-8.041837089146016,22.6543949943376
2022-12-23 06:00:00,-9.546561965338558,-9.238787510319964,-6.400268616196272,-4.497656626467846,-8.853245811092725,9.141254638518744
2022-12-23 12:00:00,-9.609377894921344,-12.800475423308256,-9.361099180352724,-9.296847229267971,-12.074619128762667,-2.502302501194304
2022-12-23 18:00:00,-9.61099865035899,1.430763200437741,0.4466255901172825,-9.343387279997563,1.2011171017184323,9.485331547618323
2022-12-24 00:00:00,-9.566108531765348,-2.7059162827508216,-1.8706571074099392,4.606519650162707,-2.55393296510682,-5.627270978203723
2022-12-24 06:00:00,-9.563700339004113,-2.1823521032075512,-4.442129242583431,6.167632533396077,-2.013967131909228,-5.276489213452261
2022-12-24 12:00:00,-9.650178561283795,-3.4571320175361815,-4.366931414136835,7.4827639811761175,-3.3748365498087396,-4.9966281396556145
2022-12-24 18:00:00,-9.919276004011643,7.7001066533012255,6.428531073852649,3.365810700851202,7.764268693554542,58.1881711232479
2022-12-25 00:00:00,-9.594002956743129,-1.461435616029943,2.7277284840011102,-5.411714497193058,-1.5650914328600447,-8.369275809836516
2022-12-25 06:00:00,-9.615684708544654,-14.077467928017752,-7.203993617566273,-9.333854938813925,-13.35352309286628,-7.07545207582783
2022-12-25 12:00:00,-9.59147770567233,-6.06651996665631,-6.28153304009199,1.1586312460280102,-5.669567308011411,-2.9656149416288224
2022-12-25 18:00:00,-9.611802338257714,9.18896416282071,11.584116422965721,-2.613732260096879,9.160090449005931,67.39235584822664
2022-12-26 00:00:00,-9.573024462010206,1.1628202796994909,6.652173749608874,-7.228116109530637,0.9032781699383247,-1.8112357538731536
2022-12-26 06:00:00,-9.480960075842775,0.6127408571944528,5.64308591547418,-3.5753003343052154,0.45989537947595915,-4.386968219567712
2022-12-26 12:00:00,-9.447988773174659,2.489338885360957,5.544320517061036,-6.818391872829464,2.231105740412165,-5.201893618777178
2022-12-26 18:00:00,-9.448944185000789,7.16754372818717,8.417711740729857,-2.9495969438239618,7.079861954226362,5.315600059582813
2022-12-27 00:00:00,-9.441836500245108,-4.7156384907767235,1.8338193564574623,-5.899488197270312,-4.722074073658117,-9.450890647318822
2022-12-27 06:00:00,-9.432475380096285,-8.918946349313538,-2.3191730862802906,-8.200445541110913,-8.690337366088073,-10.056313068699035
2022-12-27 12:00:00,-9.45263675084592,-7.408715578961961,-2.0166351152902195,-7.038466624870837,-7.205188163296616,-8.325865751813447
2022-12-27 18:00:00,-9.39372529233226,7.509536795918784,10.112829465460866,5.129172015301531,7.6026798213757765,12.71761069282201
2022-12-28 00:00:00,-9.45275239622074,7.863718936470086,5.559901349446596,13.089856504577757,8.155373352127107,-8.042533601593478
2022-12-28 06:00:00,-8.813845657333918,7.865525843891176,5.196322905146603,12.743156614716575,8.148082174259871,-8.603235193252797
2022-12-28 12:00:00,-7.4504738481704536,8.08382509936714,5.619213130822322,13.135021365455541,8.386513405594325,-5.8991312814143955
2022-12-28 18:00:00,-7.955419324897307,8.269410782750015,6.136433140628785,14.534816034999535,8.614950928345404,-0.5546460981779863
2022-12-29 00:00:00,-6.958207630531731,2.2793002878438693,0.8214611946456146,10.161505451477979,2.4531663575325067,-5.776949868176007
2022-12-29 06:00:00,-7.092763309144997,-4.965546661435013,-4.7825265908094945,6.50327523492852,-4.608802710888961,-6.673930248357136
2022-12-29 12:00:00,-7.269481382218042,-6.882879224830429,-7.376590962385402,5.257676816856407,-6.467134325463276,-0.9388198194470287
2022-12-29 18:00:00,-7.329147887517973,-4.7367640134799025,-6.090333356163724,1.5801835993005218,-4.541047386949292,22.295779739362654
2022-12-30 00:00:00,-7.398438334383687,-24.116723460172192,-15.884915241103183,-12.250864344548013,-21.91344713012929,-11.81518637599826
2022-12-30 06:00:00,-7.39258171130866,-18.482682815339416,-17.91116413473616,-4.165549404926252,-16.952113434828156,-6.937761089026042
2022-12-30 12:00:00,-7.674600235337351,-7.769430148535031,-12.12523034071144,3.3115116101603417,-7.325464678915544,-4.091129362895839
2022-12-30 18:00:00,-6.969668943150161,-2.87233160270521,-7.1902025817826045,8.243311808825402,-2.620304059695609,-0.8943481535779406
2022-12-31 00:00:00,-6.881788743239612,-2.3513112424691434,-5.571014426684045,6.503692030709211,-2.163095916812826,-5.80763698369418
2022-12-31 06:00:00,-6.028863272825982,-0.9713576892170832,-4.6582162282547825,7.084632251077734,-0.8226158623601508,-5.59260404948097
2022-12-31 12:00:00,-6.060876446135649,1.571906853245779,-2.031585316280447,8.617022429477897,1.7046592066390518,-5.209881600725421
2022-12-31 18:00:00,-5.111251230887562,6.2447767249238995,3.0353626522644923,12.9545236900728,6.4962070964497025,-4.117692084267783
2023-01-01 00:00:00,-4.611664829690526,6.707631238575812,4.344811598027758,12.185058997883832,6.949429225138404,-9.344572460975577
2023-01-01 06:00:00,-4.161244770319437,8.397852870254036,5.8076416106709745,12.961525361522984,8.703703166216934,-6.459350236845079
2023-01-01 12:00:00,-3.012607634303124,5.846534307384047,6.249323093218255,12.837430296870872,6.093633272913066,-3.26372168836461
2023-01-01 18:00:00,-3.2513951419815768,7.827334631240403,5.720243524267811,13.845269077858966,8.136465992911234,-5.068822264127537
2023-01-02 00:00:00,-2.8576687013179036,7.088628375064935,4.946461166756321,12.662633535816536,7.3489390525477765,-7.529980678792934
2023-01-02 06:00:00,-2.462742929971094,5.290571584145011,3.848282157124293,12.155776499833605,4.383496650956604,-10.882940143176361
2023-01-02 12:00:00,-2.495180516410507,-0.10163181274580935,0.16004491936323081,9.89931397244055,-0.9136219924615762,2.3554361248292874
2023-01-02 18:00:00,-2.834148815551998,3.6147064228333528,-0.597681948714136,13.348097728733068,-1.3747054184307408,-1.1751206604475333
2023-01-03 00:00:00,-2.902511855749401,-5.854788886169858,-5.914860093044835,6.391045603372987,-5.789184556876359,-6.077474299867096
2023-01-03 06:00:00,-2.74049904375635,-3.799852349743564,-6.777138008631358,5.919465930316451,-3.565525872006778,-6.056924818958538
2023-01-03 12:00:00,-2.0294947250019004,-3.10995202545895,-5.755788294233059,6.682996403831124,-2.885803077838947,-5.765066516772262
2023-01-03 18:00:00,-2.0926292696429516,-1.4571542576201435,-3.480492595401794,8.328968608784255,-1.2526088282695078,7.90522514693967
2023-01-04 00:00:00,-2.7980208277350123,-4.961752284815034,-6.335584244208611,4.673172773653834,-4.692239927025673,3.7692675308623436
2023-01-04 06:00:00,-2.9497020511626073,-6.297053825030805,-7.640564233347231,1.9989605895803733,-6.01259058152638,5.217871837660118
2023-01-04 12:00:00,-3.3768294009808435,-7.675007933005501,-8.034280313181759,-5.663186664440108,-7.479576581882738,13.044469811622598
2023-01-04 18:00:00,-3.790236854496267,-3.4488357275268537,-5.293096406089555,-2.8635701075979374,-3.4038264486777674,43.7507704795728
2023-01-05 00:00:00,-3.944137493170599,-24.731628575054934,-13.989670537846319,-17.734812052067603,-22.524664454787597,-10.382967033357689
2023-01-05 06:00:00,-4.059020345215616,-26.414691494205144,-18.540295866718093,-12.681671733703277,-23.80324557083099,-7.684579326298868
2023-01-05 12:00:00,-4.127908651342649,-10.610511858779972,-11.296592678225986,-2.7402301278806034,-10.064006611269551,-5.307489859697054
2023-01-05 18:00:00,-4.312021823125383,-2.098088153187353,-2.108634492408318,-8.093960896030627,-2.225373571441474,3.4267670461944357
2023-01-06 00:00:00,-4.340195645106769,-9.417431308432894,-4.078355288968076,-2.5301600261587605,-9.000884084567888,-7.903470534773342
2023-01-06 06:00:00,-4.385999567226843,-2.1382911927891883,-4.440969065840739,6.681844175764093,-1.9508367595865563,-6.343966277098839
2023-01-06 12:00:00,-2.7503942661413037,-0.33405338064237766,-3.7262413818251265,8.011837024746455,-0.16834993495999315,-3.2745975765799566
2023-01-06 18:00:00,-2.1253763685427782,2.4848655086074065,-2.0160305033618977,10.568353401053976,2.6541640358530807,1.9185594287090122
2023-01-07 00:00:00,-1.4997786640780995,-0.4026306310411248,-1.7483472616473883,8.780476774625669,-0.2195772820403048,-6.847724087497679
2023-01-07 06:00:00,-1.0230348924985875,-4.1705264994462565,-3.9662152802594526,7.7716333112626765,-4.8952390211496795,-6.337507620174693
2023-01-07 12:00:00,-1.4344092074237789,-9.999337084024681,-6.970525925637671,5.868108238699024,-11.995813829517093,-11.428709525753996
2023-01-07 18:00:00,-1.726113811211211,-4.719923239663156,-1.6655820654429696,-11.24305445005083,-4.312214231519356,-5.331810330567368
2023-01-08 00:00:00,-2.0408076698693396,-18.988647029477743,-13.426446601047472,-15.18031425483254,-17.749551536469806,-19.21683393725635
2023-01-08 06:00:00,-2.1727175814160136,-22.295274057675776,-15.465839557944992,-13.443349281201897,-20.490593602683234,-9.453454059361098
2023-01-08 12:00:00,-2.2962625194150004,-15.103014966883647,-11.740481489369687,-10.278869963202629,-14.196787552188523,-6.334981303326655
2023-01-08 18:00:00,-2.696954237903366,-1.6355401051143792,-2.653555416113392,-10.738245245004803,-1.8160343165067139,5.287092279110083
2023-01-09 00:00:00,-2.794441095049907,-13.932535412683372,-5.992804355065674,-7.694735894530051,-13.15390940748329,-7.666405526474931
2023-01-09 06:00:00,-2.745280440925262,-7.570113170916413,-6.073481535159181,1.1452415869248875,-7.192992623748779,-6.344328022234949
2023-01-09 12:00:00,-2.913252144003749,-10.801072405996928,-7.201190082680553,-5.527535497539714,-10.133845554374581,-4.588706465608354
2023-01-09 18:00:00,-3.077225287458855,3.7366046931000274,0.8261267670919624,7.342887964786088,3.8222241131473655,3.942826290490395
2023-01-10 00:00:00,-3.137998601225031,1.9798438048818996,2.3745306919155174,7.777601829612225,2.09084245824622,-5.065837125473622
2023-01-10 06:00:00,-2.6679753692570953,3.213512898922042,0.10170569341451405,9.77847452676673,3.358814407511381,-5.835048440686741
2023-01-10 12:00:00,-0.7661904835824418,5.670661505026919,2.7343160921694363,11.231396740788,5.881169675354594,-4.0730548012979035
2023-01-10 18:00:00,-0.929814560132068,9.181407992906454,8.723095042072016,15.0710640859932,9.589774395197184,32.12420766815602
2023-01-11 00:00:00,-1.05692059454756,5.459137604388195,6.040259944301544,12.524310869415071,5.687647028193739,-3.3982294899074117
2023-01-11 06:00:00,-0.48798811990082325,3.9450332822035943,2.291199758656723,10.936687097228074,4.133187706236075,-3.2739333887890685
2023-01-11 12:00:00,0.2958479278130871,-0.13990979275334264,-2.42638245543539,8.453755710781914,0.026445361731140152,0.9800451104710542
2023-01-11 18:00:00,1.290523600662823,1.6906180728228852,-0.6730221410357319,9.360661569258616,1.8452702898599194,34.5233106145308
2023-01-12 00:00:00,1.4530169398868642,-2.1385667247138245,-1.937541508861337,5.4222274817510865,-1.9727240320782315,-3.8344827998361213
2023-01-12 06:00:00,2.052239349996659,-21.908593682102264,-11.876154642938827,-7.03252584020083,-19.96423028070014,-8.467321736042038
2023-01-12 12:00:00,1.3833468841375345,-21.352877749100934,-13.849988391465532,-5.441571544472779,-19.342547541844134,-6.760813099159796
2023-01-12 18:00:00,1.0682230939814563,-2.7250115176561702,-2.3302630409006055,-8.672201517844945,-2.732479198773899,-0.3573955051251234
2023-01-13 00:00:00,0.9949696280364901,-17.053752461395966,-9.36203278967814,-11.55920888631889,-16.00767013079355,-9.759093915630816
2023-01-13 06:00:00,0.6572374272660196,-19.85917057776832,-11.433305637031063,-10.485915687836465,-18.383225544904338,-7.516783839714561
2023-01-13 12:00:00,0.3194728228195162,-12.378373951298945,-7.031906062481488,-4.3070078228489175,-11.62701279519758,-6.375664468780268
2023-01-13 18:00:00,0.14970991713786616,2.9417704474984934,3.614929114230338,-5.804696152017952,2.7837106189979792,0.6461958985442208
2023-01-14 00:00:00,-0.009784794037450263,-9.376138231128296,-0.5249474739800186,-8.048715067921892,-9.094876585290084,-9.025342051977438
2023-01-14 06:00:00,-0.19671680606353398,-9.379567168608293,-3.4672705212213186,-4.481223006916776,-9.01884883973048,-8.155500368518164
2023-01-14 12:00:00,-0.35429462670520795,-7.272856623260106,-2.274222574995625,-6.640220073880122,-6.962922214926161,-7.417990147823724
2023-01-14 18:00:00,-0.5861115029723075,8.169859057898345,6.709368551071703,6.828596756841409,8.322549638644935,16.444046053420163
2023-01-15 00:00:00,-0.7307049711314908,5.1882119646274525,4.191143989311725,9.266140970108827,5.330749510021057,-6.458288628999059
2023-01-15 06:00:00,-0.7196337196575547,2.0920877393051818,1.0353487634627705,9.06203506462004,2.2294517092929165,-6.127616086519103
2023-01-15 12:00:00,-0.7846966317446653,3.858142969969979,2.014757771884485,11.048680388067885,4.040274344488693,-5.321470974091009
2023-01-15 18:00:00,0.6816633162822946,4.429868879347071,2.083017615006958,12.024227434823691,4.64374351063511,-0.2830794045367125
2023-01-16 00:00:00,0.7839963066069334,1.0622593875964068,-1.3103684032350085,9.060621254879875,1.2116410558218755,-7.038871838514372
2023-01-16 06:00:00,1.6002015212873781,-0.440966613935031,-3.1005534469823686,8.07304901958615,-0.28265101629534234,-7.446880522731251
2023-01-16 12:00:00,1.8393541297721199,-1.3667574595814262,-3.0666029405610913,8.142772437453905,-1.166072968481011,-4.918514830139979
2023-01-16 18:00:00,1.5323417614019315,1.6213862939600325,-0.5084178451366812,11.133186921632072,1.813451222188954,-3.208347292446534
2023-01-17 00:00:00,2.1080520409564363,-0.07012760625449481,-2.7498246361111547,8.38860895979462,0.08704810217213312,-6.217843534981919
2023-01-17 06:00:00,3.5409083311285228,-0.0011870403327699432,-2.888550003064289,8.145140968632482,0.1472864147504831,-7.47340318378489
2023-01-17 12:00:00,4.212054997568307,-0.0105263022119235,-2.3946212173708497,8.554191078804458,0.1523097666220386,-5.753622034873763
2023-01-17 18:00:00,3.920175384189792,5.809943861331683,3.769124549177845,12.44763441624718,6.055194536903761,10.498749216726893
2023-01-18 00:00:00,3.926940779940308,-1.2880172224937334,-2.4908119800409807,8.042352424536027,-1.065211797645389,-4.907211870628834
2023-01-18 06:00:00,3.688243830755031,-10.855508409182695,-8.412400867395155,3.842630710094714,-10.146229388756801,-7.215352727909925
2023-01-18 12:00:00,3.086500065160904,-5.787510480209543,-7.7022093898131265,5.192930891082531,-5.43459840384887,11.262710349933402
2023-01-18 18:00:00,2.5731144671301793,-0.8106685180798526,-3.914719640110023,2.4182561237588307,-0.7712143724886713,54.0334400421476
2023-01-19 00:00:00,2.0361677114242624,-12.345704396314053,-8.214282953755786,-11.298915749127705,-11.843219523900574,-19.366796395280513
2023-01-19 06:00:00,1.9340577918792166,-29.557243751897417,-18.31755352917268,-19.710757386267126,-25.373384101538274,-8.6365464747132
2023-01-19 12:00:00,1.8158998444369598,-27.689037097804363,-20.981491126675962,-16.42194516991092,-24.824289770446722,-8.228132247493413
2023-01-19 18:00:00,1.5592462104455633,-7.270206673425077,-7.548055892787285,-13.80697826499658,-7.230299146819015,-0.3740800402432686
2023-01-20 00:00:00,1.4654479106689589,-18.642380172696587,-13.91586348065846,-10.519668012745754,-17.351039319805935,-11.917740524199575
2023-01-20 06:00:00,1.2950417430660988,-13.967687170284899,-12.208656780001416,-2.7528876405332037,-13.093343600832553,-6.734561778101647
2023-01-20 12:00:00,1.2371276205866357,-8.603027615128692,-8.784994058126387,-0.020571797593148332,-8.16516410479249,-4.281962069480471
2023-01-20 18:00:00,1.0902932818699684,-0.9358823631833024,-3.8901715554891396,7.5367391412339995,-0.7752556521367626,-3.473507960115842
2023-01-21 00:00:00,0.5052315851704882,-11.73095654726544,-9.28151050116762,4.581602932152964,-12.151060090051775,-13.423724392065376
2023-01-21 06:00:00,1.0125159821430447,-23.25705550167054,-15.908231401919432,-0.3878211336805682,-21.92872002559063,-13.678635491691562
2023-01-21 12:00:00,0.9144615037859196,-22.143867116205993,-18.939210455092997,-0.7410102540816952,-19.959255124638,-6.077180628010883
2023-01-21 18:00:00,0.77016238315947,-2.8410904781144506,-8.372664217981077,6.549096913760831,-2.5796077842779064,33.66545890236803
2023-01-22 00:00:00,0.5624250533628263,-10.512340865059679,-8.400024338096898,-8.464228567338132,-10.105867646166228,-4.791343760948521
2023-01-22 06:00:00,0.4638144848761141,-26.98407362314119,-20.178711531017072,-15.107127060113708,-24.373313466562838,-7.758847953758807
2023-01-22 12:00:00,0.3397494292387394,-21.062226412044964,-19.78908914143327,-9.88639426202917,-19.260810403736986,-8.33202202836963
2023-01-22 18:00:00,0.28074734668440193,-3.451402368832119,-6.588286321801174,-8.195494055365867,-3.5233409177888073,5.244310578241839
2023-01-23 00:00:00,0.21401334971796254,-9.360056717250123,-6.433125065434896,-1.6220158779541431,-8.93297879349304,-8.045424597558283
2023-01-23 06:00:00,0.13840319710599616,-12.879226597449378,-9.063097487023885,-5.941252660238618,-12.184094746437683,-9.748901488512788
2023-01-23 12:00:00,0.08522751383271907,-11.52962109844325,-10.08453474822603,-6.127223926385662,-10.89390150405354,-8.95781818477065
2023-01-23 18:00:00,0.009784794037452558,0.9540656567947979,0.9081126566869523,-6.614005201079371,0.8212633202466024,12.495239848968723
2023-01-24 00:00:00,-0.03916650306242363,-17.881004094351805,-11.48353544590917,-14.639795213447796,-16.78757856747393,-18.16520589159197
2023-01-24 06:00:00,-0.03710790978937997,-22.261379952801665,-16.39073575054886,-11.546080187750379,-20.413548018200075,-8.120146982430615
2023-01-24 12:00:00,-0.10913848994621189,-16.36920184138473,-13.815013927035318,-6.017459839394387,-15.19968445845369,-4.861281886996203
2023-01-24 18:00:00,-0.15019536915840945,-2.9197217364936705,-4.0405479506661095,-4.8834983099677896,-2.979707995492309,36.324294825665056
2023-01-25 00:00:00,-0.20470184799188945,-14.552070582290897,-10.602742643047165,-13.45033061148008,-13.941484649079793,-17.586948018338965
2023-01-25 06:00:00,-0.43073462609030805,-12.274517098148195,-12.215504297929266,-3.412522614707748,-11.597803631980096,-7.654672007266768
2023-01-25 12:00:00,0.19814959879122634,-10.813805401684311,-12.424002322401144,-3.646319311555156,-10.294404941182936,5.428235629610113
2023-01-25 18:00:00,0.732824555954097,-5.4287971422859815,-9.641189092901467,-5.850098481226988,-5.347112548767713,45.512783915545214
2023-01-26 00:00:00,0.6855685479873728,-20.625302026776122,-14.952108037593938,-14.823476817266952,-19.098431074429115,-13.379114474206295
2023-01-26 06:00:00,-0.16347889844929517,-33.30153327575965,-25.804140983247464,-20.952389944263444,-29.462533960402684,-8.72683690091902
2023-01-26 12:00:00,-0.16376381237673765,-30.04423712196088,-24.804558988686566,-20.399012179469995,-26.793581435883365,-6.707001230194522
2023-01-26 18:00:00,,-7.961422042677146,-12.145739623380399,-16.03979542025996,-7.9835204499085535,15.394890242233009
2023-01-27 00:00:00,0.4576829043455695,-19.101652844185665,-16.24479386314795,-7.053057323315676,-17.634890815974494,-5.7847546291395116
2023-01-27 06:00:00,0.45768626392402273,-13.782599291827982,-15.01068063619582,0.77476205424017,-12.835619937870828,-6.367611316389381
2023-01-27 12:00:00,0.4679655313386336,-10.578560166971526,-13.01305486832777,3.234147580963412,-9.82881421633464,-3.4140883625466807
2023-01-27 18:00:00,1.2663721183130987,-1.4000204002854668,-5.169697541779257,7.16789851434476,-1.2255850023047548,7.703257072640465
2023-01-28 00:00:00,1.0071727643535804,-0.6620543325554444,-2.7274313472558727,6.960197122698668,-0.5211258549361122,-1.216943112536868
2023-01-28 06:00:00,1.0725093384017585,-2.5936127185532216,-1.7826526662200193,3.3909745242019955,-2.466262532632912,-4.35149990377918
2023-01-28 12:00:00,1.1516776668782713,-2.6352908260034558,-5.0815783090993865,6.179183999826287,-2.4379934390888063,-5.475927943492544
2023-01-28 18:00:00,1.2232038360102298,0.34517085382261015,-2.362871894404749,6.499784380180652,0.4474609469472177,18.372655676722236
2023-01-29 00:00:00,1.1234313154389786,-5.854984677802011,-4.853039585093521,1.4955838730087527,-5.603412565340485,-3.2495210613595122
2023-01-29 06:00:00,1.1073120016855034,-5.934666386277474,-8.501046748572513,4.10947733114445,-5.621674064450009,-7.329028128343087
2023-01-29 12:00:00,1.2908425971769586,-5.952104724696999,-8.45909530523148,5.829771160825222,-5.585071645363143,-6.500047393207781
2023-01-29 18:00:00,1.1112739975148238,-0.032246655254517004,-0.2782888609430526,8.703741077533214,-0.05568140640059149,11.736310101456072
2023-01-30 00:00:00,0.9002677498152735,-4.799271276626863,0.6654189567549402,-1.7391259529506364,-4.6702886720883985,2.7683817717602413
2023-01-30 06:00:00,1.2009489332510104,-0.44268135382301843,-1.5250194314345833,6.43739874580002,-0.3263265351801208,1.740971065474634
2023-01-30 12:00:00,1.460041419422064,-0.6183258040057583,-3.7858843261255255,6.637351227750694,-0.4903544573381041,-2.1168944224589614
2023-01-30 18:00:00,1.42119616200789,1.5128364341839313,-1.9407716889603577,8.9681749295813,1.6598316906801893,19.608675438217873
2023-01-31 00:00:00,1.8525377684743591,-1.5375848312767357,-3.3252771345739105,7.6644072871354325,-1.3530404483259437,-4.272774632560526
2023-01-31 06:00:00,2.5036790628584646,-8.403278450397664,-9.463439579746439,-0.20545642699917085,-7.971808758650228,-2.4263572829352293
2023-01-31 12:00:00,2.3022835960346257,-20.278247710665447,-16.440352940786216,-14.440001403415609,-20.537691525879072,-14.193513040616804
2023-01-31 18:00:00,2.022017883623502,-12.557185546704208,-8.073637388909306,-17.908356633556206,-7.85908909950226,2.63822707762031
2023-02-01 00:00:00,1.9019108153402482,-28.508705965559486,-18.405812865229777,-19.497985518945406,-25.683554005636857,-11.19854423658462
2023-02-01 06:00:00,1.789444714692706,-34.12901974565819,-23.096897362851426,-19.714631237298455,-30.072243466368402,-6.664238185925325
2023-02-01 12:00:00,1.6708408582960674,-26.40668029239695,-21.134399820747692,-17.779262780620876,-23.67867712111808,-6.149507933918528
2023-02-01 18:00:00,1.5394990058602123,-6.260792803256188,-11.649367263330046,-14.434947969855244,-6.167744681136805,15.246219525586733
2023-02-02 00:00:00,1.469346098182363,-22.722848877441844,-11.624482340797492,-15.254646358829168,-20.870461755586927,-8.188143600065555
2023-02-02 06:00:00,1.3827348943052673,-25.41857401967969,-17.232071004244887,-15.344870882858226,-23.114932798290948,-10.439372027892722
2023-02-02 12:00:00,1.270924549429909,-21.315856811174474,-15.806166806997346,-12.359783131029758,-19.41175706209863,-5.311480823260292
2023-02-02 18:00:00,1.1483236501302374,0.29998668894596386,-3.025332025764388,-12.172371321196012,0.16523040186281734,14.04616918584686
2023-02-03 00:00:00,1.1350268036394482,-20.684082226354967,-10.416961182355566,-16.05069885407209,-19.212199381188277,-9.529534963189622
2023-02-03 06:00:00,1.0907557145181856,-26.315339967703835,-16.840623851571266,-18.475507572188107,-23.916220965938713,-9.49881828986101
2023-02-03 12:00:00,1.0230598596641496,-22.08352234715863,-15.169516730629006,-17.873991771362057,-20.21983613698664,-6.326330647292967
2023-02-03 18:00:00,0.953597321483523,1.7968185469304736,1.2096559849115667,-12.281227567845932,0.7143421988805625,11.362047737226122
2023-02-04 00:00:00,0.9359650454983536,-20.224932633269837,-6.406139599083446,-15.284174183875036,-18.78456451311472,-6.435898578469649
2023-02-04 06:00:00,0.9112433395702398,-22.8538386486753,-11.743623533797866,-14.924672992714681,-21.00014315814967,-6.758306117905007
2023-02-04 12:00:00,0.8806991886676849,-16.399107382111175,-11.027185194345188,-12.749127294435926,-15.329533831843653,-1.4656879563761616
2023-02-04 18:00:00,0.8293329277335986,4.903453461798545,5.77381870366148,-9.459587001753276,4.644873547002681,85.40974794402756
2023-02-05 00:00:00,0.8078317694388512,-12.628315156445083,-3.8863688093573034,-10.594389084982257,-12.095674089589467,-12.052928603711774
2023-02-05 06:00:00,0.7843957366406465,-15.13749203993599,-7.479144342467166,-8.683865534189056,-14.260516814460527,-8.060596981689347
2023-02-05 12:00:00,0.7394751211343313,-12.864360232161093,-6.356000138888867,-10.532887936693548,-12.12158431433617,-4.694343258980287
2023-02-05 18:00:00,0.6710492453797363,9.646916320815626,10.83222670153649,-5.316591525045469,9.613412743211,46.4661765162111
2023-02-06 00:00:00,0.3516215563966059,-0.28965400918227285,10.098855870738962,-4.316479645090127,-0.4383103797056768,6.314027300986881
2023-02-06 06:00:00,0.807252391369802,2.577752980947311,1.2692193891205414,9.420844586334894,2.7252566845249606,-2.926596107774556
2023-02-06 12:00:00,1.4606307103419465,-3.0446377016200232,-4.7590572812687,-4.251732098444669,-3.093706454839161,18.852240257043174
2023-02-06 18:00:00,1.6458725792503384,-1.0749250930153862,-3.145937432458773,-9.486423411339729,-1.2191721404220088,60.2919207831601
2023-02-07 00:00:00,1.566176278690789,-17.340538426625507,-9.36736356108116,-15.151186586619403,-16.293228151689018,-18.776314305929752
2023-02-07 06:00:00,1.5956875025238197,-28.27756150469525,-16.46544867847924,-18.306287852773934,-25.47598500812559,-6.8590715550132275
2023-02-07 12:00:00,1.560488440371274,-24.583323566589364,-17.692113660218663,-16.607585524287092,-22.191512748714814,-6.263795539041191
2023-02-07 18:00:00,1.5378511119620875,-2.8421171127545057,-6.374129236108936,-15.037273813971742,-2.9194648100830283,17.281460155821062
2023-02-08 00:00:00,1.48083996839543,-25.592191909786074,-12.923733710923935,-17.348372856281152,-23.304445301409952,-7.828462046572003
2023-02-08 06:00:00,1.4714485138396876,-28.675727481285403,-18.72319074297313,-16.96425220176846,-25.769039068915024,-7.388475801160656
2023-02-08 12:00:00,1.4510469618653303,-12.9774681124305,-15.214082392166738,0.6168127030194712,-11.57624053330085,-1.2647785559423221
2023-02-08 18:00:00,1.2940725182511006,4.057909419821982,0.8098615215186078,-4.053587005096321,3.8741141526652196,59.17377642690755
2023-02-09 00:00:00,1.2504046413757604,-1.8409837832280789,-2.954573719986205,5.104976153743161,-1.694106805700611,7.859908576428682
2023-02-09 06:00:00,1.199193571158436,-14.234571055325056,-11.951524221731551,-9.401203809453998,-13.456163678471064,-5.2238780951602735
2023-02-09 12:00:00,1.1720418966984036,-11.395784906745883,-11.52887928380744,-9.6206543839278,-10.861759973803167,19.803552144182227
2023-02-09 18:00:00,1.1516621746633084,-3.5182421484786426,-8.131569136390747,-16.450892473770885,-5.688861657448319,79.13209733950865
2023-02-10 00:00:00,1.077535570742038,-25.520198828144682,-15.227531670116587,-20.261826863539593,-21.58490748865591,-13.011538246742369
2023-02-10 06:00:00,1.0682928608415914,-35.0609758631646,-24.770484720011865,-21.943293106888532,-30.740765817596138,-7.134804895818678
2023-02-10 12:00:00,1.0271045167523258,-27.00696635174165,-21.57786365830888,-19.12784985995126,-24.145630027265018,-3.994082839217759
2023-02-10 18:00:00,0.9993113870262266,-2.1232000252873426,-6.176488216273352,-12.787757671470283,-2.301971574834249,25.109299619769327
2023-02-11 00:00:00,0.9821834678973435,-19.699459594661285,-7.424418498476166,-13.833050072318585,-18.32452897444276,-7.158348965173918
2023-02-11 06:00:00,0.9752146149461252,-23.484174002747995,-11.685639747382396,-15.269921103677168,-21.531854020735132,-6.943359149833305
2023-02-11 12:00:00,0.9164184249029803,-16.556942021128258,-7.9018395527243195,-13.513138173865034,-15.334894593812386,-5.673043747974016
2023-02-11 18:00:00,0.8650514056087224,7.289054165694487,11.903940111821218,-3.06266959103232,7.214302350485297,-0.14154638936921157
2023-02-12 00:00:00,0.8695558388087307,-8.972080796580972,2.4941642032775366,-6.531238621553156,-8.666816068107021,-6.357636763603423
2023-02-12 06:00:00,0.8706783584400634,-9.154612382923153,-0.8559418352812408,-2.130564709956725,-8.71634416668165,-5.68240155495415
2023-02-12 12:00:00,0.8428833328135248,-2.1042647449125673,0.2678589716743042,-0.10018309138377703,-1.9639780722157927,-2.266810553499972
2023-02-12 18:00:00,0.7777973380823799,4.449121648981023,4.103363831298756,-7.916577039093844,4.2817755799285315,8.293745740090152
2023-02-13 00:00:00,0.7701816130067153,-12.696000895036567,-3.107847413221637,-12.644070502634984,-12.202322226293893,-14.075914936760752
2023-02-13 06:00:00,0.7564476870406999,-18.871459050957398,-10.138958298124145,-14.380771086265314,-17.641420312572496,-13.226953376686856
2023-02-13 12:00:00,0.7383608892963262,-11.935605807335705,-6.576291061562789,-10.092470284318905,-11.174504981492586,-2.753903936798339
2023-02-13 18:00:00,0.747165598855625,6.270848210290016,4.617282996708043,10.277218393475938,6.461254573616662,6.408706571801414
2023-02-14 00:00:00,1.0189302662365889,-3.2740657957083386,-0.950906843030528,9.013104298924553,-4.424653809741827,-7.425612678230775
2023-02-14 06:00:00,1.0205315209840744,-4.398135732818472,-3.7313070623784172,6.724727917106429,-4.291246727042404,-7.663163966876085
2023-02-14 12:00:00,0.7085820772109555,-1.334182218530089,-0.5166075098784624,9.06547120102979,-1.091573532824565,2.866734987010166
2023-02-14 18:00:00,0.7631706733416755,1.4851358005607922,-1.3890614551452514,6.5122624412738555,1.565581707604646,11.318675297674451
2023-02-15 00:00:00,1.1060821221968906,-1.474417976734185,-4.083452640232828,6.4975162389353445,-1.3230649620977584,-6.588809329100748
2023-02-15 06:00:00,1.8361847218334093,-3.1918484251488235,-5.288702022149078,6.393216568705933,-2.970333736225607,-1.432517954316633
2023-02-15 12:00:00,3.1686045539301233,-6.965499566869818,-9.857831524674438,2.584273152212575,-6.621075337742501,6.283470526354
2023-02-15 18:00:00,3.2058059350245016,-7.033063334432774,-10.032563885903597,-1.2232445635458395,-6.772563540910275,19.745858709810094
2023-02-16 00:00:00,3.0220077490049255,-16.733265562578396,-14.117694333128034,-7.06986554628655,-15.551940498301441,-5.551119465818171
2023-02-16 06:00:00,2.8644649212683775,-33.61246295528112,-23.829870393524896,-17.51635197089631,-29.600507572991024,-5.904210476653435
2023-02-16 12:00:00,2.7339021100256278,-30.757830558145155,-25.922345271145947,-19.404185830411134,-27.252307883192408,-5.557020741704637
2023-02-16 18:00:00,2.6182069031084785,-9.71072552719971,-16.770493000124702,-19.605637318834287,-9.407604509316647,15.324089265081989
2023-02-17 00:00:00,2.5112537868677673,-33.4018132129783,-21.623911099883507,-20.71030243517701,-29.537616672952705,-7.201520611000312
2023-02-17 06:00:00,2.456454748064823,-36.313310014697386,-25.906155258351408,-20.06334258146433,-31.72974793977236,-7.283388110161586
2023-02-17 12:00:00,2.3866434770933465,-27.27145771805295,-20.92700261120924,-16.213678852824163,-24.220112366504615,-4.826791414298812
2023-02-17 18:00:00,2.2792380600053725,0.9883463275686317,-3.2528157336593977,-13.469826208754606,0.7371212451363515,13.153484466870209
2023-02-18 00:00:00,2.27434573012843,-20.43071696439265,-10.502258724939834,-14.234658479444276,-18.950181502137447,-9.878800901692328
2023-02-18 06:00:00,2.2383134040304165,-23.481815603098948,-14.772872247148998,-14.708280729007551,-21.517162945425465,-8.990059087586468
2023-02-18 12:00:00,2.172893356194619,-18.434106748593607,-12.899864269533646,-14.900791907306758,-17.084410596484265,-4.411865836915885
2023-02-18 18:00:00,2.140347324250464,1.4610564372228,0.5753472428607197,-10.749214204003945,1.0198087804599707,39.70944852330366
2023-02-19 00:00:00,1.9382548229178063,-12.790263019334782,-1.2943914186136198,-7.792682094753013,-12.161030988162588,-5.2944528258841865
2023-02-19 06:00:00,1.7076799599020827,-2.923248150549279,0.8340039417582986,2.9535536576196093,-2.771042175855776,21.25722202287007
2023-02-19 12:00:00,1.4592294460058008,0.2834340793455906,-0.1351792822894494,5.975056001261963,0.3732015330417546,25.555599050325903
2023-02-19 18:00:00,1.382208924184049,3.150248927832197,1.1738644455043195,-0.04225325921992934,3.073427029189739,59.61614898048503
2023-02-20 00:00:00,1.157243953171552,-7.7467098017057685,2.4432827821719925,-9.199041155787699,-7.615274458659252,-4.500666194848081
2023-02-20 06:00:00,1.140677428141901,-4.9560219115473245,3.833850222735079,-4.0163893357536455,-4.859173367760814,2.83282042737587
2023-02-20 12:00:00,1.0791404570604175,2.6244369770197538,4.838430106658432,5.91279821583237,2.696250757282635,19.073636901923592
2023-02-20 18:00:00,1.531397501476716,5.850813451043013,5.091100466054439,11.861247339060888,6.066254443152805,29.450133511291096
2023-02-21 00:00:00,1.4966524216733212,2.2554661789894768,4.022538659828352,6.643186818466716,2.3363386687151673,-1.1020216187147738
2023-02-21 06:00:00,1.4418844756374705,-1.3114413328039705,2.226597353456114,2.2878951481457905,-1.2462509986449872,-6.278460114532465
2023-02-21 12:00:00,1.3926499332887534,-0.017508791329973693,2.8656384476079975,-0.32461244369813835,0.03845943540521375,7.3747611180857495
2023-02-21 18:00:00,1.0110295129003881,10.40316623474798,11.389813028101326,-4.537847286140467,10.384372756068611,69.76879672508235
2023-02-22 00:00:00,0.8913787607669523,5.248250359229707,5.842433022266163,8.694009571678691,5.377878833962,3.9554267409278836
2023-02-22 06:00:00,2.240980301396246,5.352928790789786,2.479564403185659,10.927232478382761,5.536056478667477,-8.91904082166735
2023-02-22 12:00:00,3.323110630313872,4.503941123774855,1.8634399031249715,8.738916027110504,4.6245478763497,2.4440447712688558
2023-02-22 18:00:00,4.171625004548921,-1.2970745132468722,-3.499388376553098,3.426473257009891,-1.2048613797109355,23.871126561494055
2023-02-23 00:00:00,4.4364999096625635,-7.635436080357186,-10.020077603750297,2.304994801220045,-7.244574709485769,4.002221488072824
2023-02-23 06:00:00,4.721449188504499,-10.951817249642342,-13.379909856673807,0.5736565517318031,-10.322108878650004,-1.3811063532831636
2023-02-23 12:00:00,4.780931577063919,-11.858900219197142,-14.016369462361691,-2.7477360212559483,-11.200532965453965,4.03405233791282
2023-02-23 18:00:00,4.674485255265771,-4.300758728762914,-9.693501902998127,2.2460973253952075,-4.12814236487449,13.361715593335395
2023-02-24 00:00:00,4.511313091280195,-10.893664960457679,-8.60209583860978,-3.6233385920946533,-10.332685203912764,-4.0226396065244
2023-02-24 06:00:00,4.369762229232427,-15.328073805046518,-13.585956936428442,-4.945258790374542,-14.318833422808114,-8.046045759906798
2023-02-24 12:00:00,4.236462534813589,-4.45377023290296,-6.953978801679091,4.563407874028993,-4.186052099819431,4.267980986229922
2023-02-24 18:00:00,4.129167240180669,-0.9291303042897303,-2.981131387132915,5.815768554970977,-0.7991723549246599,12.533805299131489
2023-02-25 00:00:00,4.034628033893942,-10.204417514965773,-8.026794769755691,-2.849483968729593,-9.723555648203652,-8.646812164078238
2023-02-25 06:00:00,3.9129760461903436,-7.293971231693315,-7.72240326181421,2.7891403646815514,-6.89635836582522,-4.876005179404832
2023-02-25 12:00:00,3.8229412731036345,-5.75428441563213,-4.230876801567439,-0.790351453032061,-5.3663708866079425,-0.43347202355436526
2023-02-25 18:00:00,3.6654569474375736,7.931123063963868,8.51598373801756,-1.8266391846016663,7.933727447962528,5.293986067990983
2023-02-26 00:00:00,3.6154948782189424,-9.255949232222894,-1.779384551555546,-9.800060567534135,-9.025063249016899,-19.368034583725528
2023-02-26 06:00:00,3.574607706903961,-12.685244590978852,-6.581104696613681,-9.255192317014444,-12.119498958371759,-16.28283236983898
2023-02-26 12:00:00,3.5226316251567407,-2.006610559260981,2.000898826197234,2.226703665207188,-1.7834651085897255,9.646870036858411
2023-02-26 18:00:00,3.6189710428476323,5.133544355491412,3.536988855565713,9.68715253585538,5.291436825035408,22.006293754433408
2023-02-27 00:00:00,3.490137380654464,-1.3157975964093513,-0.850384520203494,2.3377144757332142,-1.266495143174963,17.0831822718528
2023-02-27 06:00:00,3.943017733861265,-15.89182102759075,-9.326653672402873,-11.406051271700864,-14.854007335612621,-7.962234684206772
2023-02-27 12:00:00,3.908235223566473,-12.737110676300015,-12.898193196550276,-5.255250238657267,-11.855451590462465,-4.117155085377669
2023-02-27 18:00:00,3.7412553336024175,4.214103590716841,0.11178160109785187,-7.775574436235045,4.04933878435015,60.8862336570877
2023-02-28 00:00:00,3.730042541894837,-13.536227250986014,-7.204540658028872,-8.164165853727292,-12.812776237254388,-9.290385254668628
2023-02-28 06:00:00,4.166649097098763,-3.031011161642211,-5.308054423851808,5.728589837154659,-2.829852154495397,-2.1493392086977576
2023-02-28 12:00:00,4.600407944755745,-2.160800472565036,-4.162162645876416,5.80053207661266,-2.00168429789107,6.406606647254972
2023-02-28 18:00:00,5.242902105990788,-1.5464437100516557,-5.002955968972397,5.850823642144085,-1.4039687811650476,12.059901404388148
2023-03-01 00:00:00,5.25536401158579,-16.68010221413983,-11.684481854880035,-8.834386721329032,-15.369396782897661,-7.2447826619673235
2023-03-01 06:00:00,5.179024761214968,-15.540949130050254,-16.92218766443362,-2.7064708338082903,-14.413429502082531,-7.822305894589453
2023-03-01 12:00:00,5.280333699014696,-6.780733269928895,-10.976081774303024,4.106193041120061,-6.380934197535127,-4.0261747756926445
2023-03-01 18:00:00,5.549306179371308,1.922697383605852,-2.4299704542781884,10.894448508984757,2.10822785842709,2.591932570587952
2023-03-02 00:00:00,5.799295220795051,-2.4204833687742235,-3.1340157333684098,8.194678477307486,-2.1842066765888757,-7.866539702682434
2023-03-02 06:00:00,5.610591706714206,-4.755380127633623,-11.313615660709662,7.162628545795368,-16.6890826642185,-7.396077482269016
2023-03-02 12:00:00,5.5390509097888465,-6.95991177187787,-13.01420652071869,8.277913717909676,-15.428313543060709,9.056862803366002
2023-03-02 18:00:00,5.223514147453106,6.370742055554539,2.76957754484743,8.541312797888986,6.53461213907112,98.71488681477933
2023-03-03 00:00:00,5.246927643844671,-9.244024371462634,-3.6252047957532954,-9.429325193317487,-8.960388484126229,-14.879572615370378
2023-03-03 06:00:00,5.0802900947785865,-23.76816162958817,-14.373568240546506,-14.940371126438308,-21.745365715384963,-9.387857491654104
2023-03-03 12:00:00,5.068258283187282,-6.163494204283113,-9.579776131354748,0.5615084870892564,-5.811786403113578,0.47138814268998896
2023-03-03 18:00:00,4.98832510568662,4.4766704625132885,-0.6628167486268773,8.257171378826571,4.6029932146048145,26.209359285636978
2023-03-04 00:00:00,4.990148720194765,-3.6180637088936525,-4.541517997001775,3.2683348682346782,-3.450313448943403,0.4036345406548672
2023-03-04 06:00:00,5.211345831030662,-6.442269983946055,-10.59632518482183,5.673226599043604,-14.407626839029698,-7.155212760909655
2023-03-04 12:00:00,5.142088968686892,-13.01592818996994,-12.662583706718298,3.2001709001943968,-12.260754946509227,-5.808042402123453
2023-03-04 18:00:00,4.967296073940809,2.1134494524374903,0.6798649955127257,3.5744284668057253,2.5274764164458685,12.641655775622903
2023-03-05 00:00:00,4.804760598385929,-1.0061964509044552,3.7066854403520595,3.2414133110615175,-0.9438702833940108,13.340386409370993
2023-03-05 06:00:00,4.704074590196616,-0.7353852583789009,4.155037556875958,0.7150678794116035,-0.7351053386122478,16.01944506436528
2023-03-05 12:00:00,4.605500910515465,0.09251769483208615,1.8651285187086857,0.8533281099139424,0.1109852493092014,31.104318372785905
2023-03-05 18:00:00,4.4843233786099,5.303782770969247,4.885368113130479,5.181965071139874,5.362482608973935,65.14729732030466
2023-03-06 00:00:00,4.368643826413468,-1.918699080914025,6.3715459098163025,-1.3030196507840954,-1.9389936032196808,10.310800435874393
2023-03-06 06:00:00,4.298957195077504,-6.19564155102296,4.394008383163254,-8.32919494521322,-6.254245596318969,2.891294088081012
2023-03-06 12:00:00,4.142638182223964,-7.178042373304125,3.4983959942854255,-13.066605632306374,-4.294803512052025,7.322910061983062
2023-03-06 18:00:00,4.176633851049588,8.127681473067298,12.289311212661833,-4.524278269339197,9.274641668316663,77.30430356042392
2023-03-07 00:00:00,4.10817618061209,-0.16410452843427234,9.982591113677694,0.5912424673923405,-0.18743415130436117,11.609883870130059
2023-03-07 06:00:00,4.096154173534452,-2.335244302232047,9.78435784342393,-3.455108390199708,-2.4004730942099104,9.79283010683078
2023-03-07 12:00:00,3.9472429348392013,0.8529382704439965,8.715494849611295,-1.4141925784416736,0.7975099592984685,34.04405445900441
2023-03-07 18:00:00,3.8638580746339435,8.798992119000452,11.489752755110837,-7.348917179729165,8.639972662321036,86.9241068359625
2023-03-08 00:00:00,3.821501221785717,-11.71240153028976,1.62433292933157,-12.491688067184171,-11.089501407810694,-5.959978798064633
2023-03-08 06:00:00,3.7539737747828843,-16.22287451800695,-7.162523095127798,-11.012677647533549,-15.27874253547825,-7.377948252736301
2023-03-08 12:00:00,3.703238406241032,-6.140214276353114,-2.0772902212138646,-2.8636261022343326,-5.859786856269872,1.9213053515984175
2023-03-08 18:00:00,3.673975811656012,3.6830683817281344,9.90846188807118,4.101912673879688,3.687120902002585,51.56205748099751
2023-03-09 00:00:00,3.618064599421245,1.5675023708651141,9.060519318078907,3.618440496751769,1.5753228599039988,26.80186164604869
2023-03-09 06:00:00,3.524728623955688,-1.9063240689236556,0.3601408160446216,2.300493791695846,-1.8375955133478554,22.668075796489596
2023-03-09 12:00:00,3.569080476159593,-4.114876249994903,-1.8940930033808405,-12.373633417419862,-4.228859101620084,29.536297076521155
2023-03-09 18:00:00,3.502694507792417,8.006691480216341,6.137193161779438,-10.478217891265835,7.754170040346647,100.6583619941584
2023-03-10 00:00:00,3.398522042943492,-12.114913940807298,-4.4672446884043815,-11.849637400396507,-11.670873866907103,-5.6441018198120325
2023-03-10 06:00:00,3.400776780658428,-10.576808008660937,-6.89781690524612,-2.452929939452794,-9.960948945532506,-1.6942272798593927
2023-03-10 12:00:00,3.969203061268587,2.166644727988493,-0.34943248662241233,10.171446744902257,2.3500162295186695,-4.09277497560932
2023-03-10 18:00:00,5.521581408122163,5.742062964537859,2.9665049074793846,13.817113503928834,6.004810172503244,-4.454308959219986
2023-03-11 00:00:00,6.775436631987582,6.219265340171037,3.2922233856763916,11.996321311554398,6.4438489676062,-6.066526382819504
2023-03-11 06:00:00,10.060088169082318,8.411272886597398,6.754012223525374,13.036542683630971,8.722335291772266,16.691078326267995
2023-03-11 12:00:00,10.561038903020272,7.78833923921857,6.165731072465947,13.490052760628567,8.091041567645592,23.792555264883784
2023-03-11 18:00:00,10.336661762651673,8.750488856616677,6.676229021971313,6.746272087416886,8.93874545132617,78.30486167331668
2023-03-12 00:00:00,10.051495486738876,0.6169891583329464,2.4232584475043524,5.528955333400419,0.7003041768233159,-6.1972402769758554
2023-03-12 06:00:00,9.786497517430222,-2.073747968266558,-1.098544645147833,8.647329118921592,-1.9397735213767082,-7.796202767447811
2023-03-12 12:00:00,10.015742015958626,3.7386562443583613,0.2815715263877942,10.927716764172313,3.9728434307747893,0.30675709133539136
2023-03-12 18:00:00,10.134895297473266,9.008927748631763,5.050325588065001,13.56599184188404,9.364644527908455,14.718110976369532
2023-03-13 00:00:00,10.343267801256037,4.03430208182096,2.528546417289568,11.402580027377804,4.229816927924482,-8.00905188778607
2023-03-13 06:00:00,10.91626583751273,-2.624819204551652,-1.986559078320173,8.644454069020593,-3.8718558050282597,-9.596227113095766
2023-03-13 12:00:00,10.486911215727321,0.8476119304646637,-0.4907562008026938,9.138220409614709,-1.5753696511567754,4.820907007176063
2023-03-13 18:00:00,9.448438313699937,12.4914860560189,8.64805883921664,0.29154871974673746,12.68919886108437,107.77655039699542
2023-03-14 00:00:00,8.819587777125953,-1.2669612048097996,1.5181509326746279,-8.529017106914015,-1.3945067003098688,-5.33004104233696
2023-03-14 06:00:00,8.686930294057575,-7.7767563849538766,-4.477517943231713,-2.1341046632389506,-7.48025500344737,-7.986143712969454
2023-03-14 12:00:00,8.574299794034024,-3.358873714163147,-2.766271191661103,-5.3213188168344905,-3.270497856169276,-0.2541592226714773
2023-03-14 18:00:00,8.459370790355619,12.24880282634853,7.297979758549463,-2.826715908155508,12.35044083292284,48.9026572559864
2023-03-15 00:00:00,8.211851043855624,7.168041104734441,6.715974243222265,7.190943290575968,7.293648308557203,-0.6556446962289493
2023-03-15 06:00:00,8.387249967613982,6.287601811154771,4.268408430367979,11.77300877199115,6.50808674256377,-5.943949960229485
2023-03-15 12:00:00,8.747929111638053,8.30462702800622,5.377257953569508,13.454204350376298,8.628145780277277,-3.7532552441960454
2023-03-15 18:00:00,9.373527791137246,12.68048013798492,8.941807007047068,15.725056558856526,13.266641945107478,4.063394676236622
2023-03-16 00:00:00,10.117741327807144,10.131012385726923,7.564141191361686,14.692132030254704,10.550915728713885,-8.781813135500949
2023-03-16 06:00:00,11.835781764973115,5.305167298172483,5.03210626087416,10.88831178941213,5.538705639390717,-3.598648997019494
2023-03-16 12:00:00,11.919134241468404,1.8172159028335844,1.2012754505627292,-1.3659928152107965,1.7224575637876025,46.25454294718384
2023-03-16 18:00:00,12.221365490339943,8.387227168393608,3.659239339519008,-9.903204836618803,8.147749673207395,145.0341814500109
2023-03-17 00:00:00,11.993916546993276,-11.307188485793038,-7.234633131092921,-15.420320524054198,-10.952163253723295,-15.546888625488908
2023-03-17 06:00:00,11.895108482125867,-12.612222231567877,-13.185999128328376,-3.4718400782878196,-11.886264293129498,-9.51932848287569
2023-03-17 12:00:00,11.683467222945938,-3.9466937013597776,-6.214491087633235,-5.306172673731028,-3.8632921682358092,4.512250292885756
2023-03-17 18:00:00,11.454207067421027,9.24835821866518,1.470722303214269,-12.305383481579968,6.27065957294281,149.3199267686529
2023-03-18 00:00:00,11.283614562165729,-16.673314432061975,-10.48646147363445,-17.25572282182841,-16.87793390075197,-10.095062967100528
2023-03-18 06:00:00,11.287078430525897,-35.02513124806431,-22.618860180503113,-22.627710030689936,-27.21009861916929,-5.956704788400493
2023-03-18 12:00:00,11.193548804649089,-14.688577909795196,-15.15260001528351,-19.524832298815262,-19.025768836351045,37.179883487823
2023-03-18 18:00:00,11.082565440163487,5.643807028760697,-2.847536785014428,-16.421511003798848,4.06471711961114,80.28362941782765
2023-03-19 00:00:00,11.025317365487126,-25.122623863038623,-13.379895728562685,-20.47010276977096,-19.492515713381064,-13.392121389627372
2023-03-19 06:00:00,10.87929939239358,-30.05318814548545,-21.15254342126292,-20.659565358726116,-26.778925445764244,-9.784205208772224
2023-03-19 12:00:00,10.801549826981557,-18.710525755495446,-15.181231617915108,-17.1658795976238,-17.03778803245831,3.1744752038340414
2023-03-19 18:00:00,10.707673851731585,8.07034142934302,0.7301761348257847,-8.24837618528517,7.885354234379651,67.88717915424927
2023-03-20 00:00:00,10.608155160592386,-10.183795876361627,-4.502879830795707,-7.428696289849374,-9.810727546849671,-8.416702252981247
2023-03-20 06:00:00,10.551525524085552,-7.831939129703764,-7.287964860563616,1.000604979426622,-7.44184349178012,-6.644382481761503
2023-03-20 12:00:00,11.27508789539544,0.08109490901525031,-3.304527721501,9.368455882809378,0.2854925673452217,-2.419351436047186
2023-03-20 18:00:00,11.802245987423843,7.262141624830685,2.5035083460324636,12.7946893879117,7.533556871491302,9.049202772900403
2023-03-21 00:00:00,12.358001111475618,5.008043704165049,2.0333896636626037,10.596586500774503,5.178228848383725,-8.138744608135607
2023-03-21 06:00:00,12.676849641339818,0.8235245238208103,0.9124613130324969,10.221683615387954,-2.351001058670203,-8.486596986026441
2023-03-21 12:00:00,12.414501021051633,-4.296067800187645,-5.607039409972113,7.975656665819602,-6.85889116839118,-0.6376372236434102
2023-03-21 18:00:00,12.23615531540658,4.875812075137953,0.37799278860376906,12.425481482067829,5.4886412447272,6.314916589059552
2023-03-22 00:00:00,12.74727528783703,3.7208898168710878,0.703792103338935,10.533775318674923,3.885450143394068,-5.874267482702311
2023-03-22 06:00:00,13.567995284192769,6.925036790277137,6.7547999832589225,11.872499685548995,7.164634445696907,5.9532388280750705
2023-03-22 12:00:00,13.860249588492682,8.449093168798017,6.07953667738773,12.259681563745541,8.740388829036887,1.5155597671818597
2023-03-22 18:00:00,14.923178174533202,8.984917935879928,5.841295968140607,14.664415357155667,9.385675026645076,34.15091630960614
2023-03-23 00:00:00,14.944546732686403,0.037104497074257184,-0.6218095570055125,9.00612830624332,0.22355245058590067,-1.2370833128940297
2023-03-23 06:00:00,14.523806691006985,-5.756275184173814,-3.169884766052248,6.862681155781339,-5.883206820591215,-5.20234434877869
2023-03-23 12:00:00,14.205633036149274,-5.322456956359723,-4.535026459989076,7.29826427885418,-3.9236996240553816,-5.732090138614327
2023-03-23 18:00:00,13.938043134243173,7.010731248741556,1.2242428346263137,4.91885102094441,7.125223384179209,52.65225501964647
2023-03-24 00:00:00,13.693918407833358,-6.562282668307665,-3.6830744032883556,-2.697046996987254,-6.356163344824202,-9.27307368924065
2023-03-24 06:00:00,13.55251298615727,-10.347428178914821,-9.569609096180493,-0.20892771856435988,-9.770420879108034,-8.181917705380625
2023-03-24 12:00:00,13.45225132782599,-3.8979652950105694,-6.150593910254677,3.5641064317060063,-3.6577518939451785,6.340724318796468
2023-03-24 18:00:00,13.153731443573944,7.680498588666698,2.527387299568113,-0.13899767045716405,7.681475215244269,85.18706443530229
2023-03-25 00:00:00,13.872595731272567,-1.6464117815150299,-4.29190491336722,5.9168199552600225,-1.4852648998972209,1.392357117849843
2023-03-25 06:00:00,14.595649141396546,-11.292742513806356,-12.919910667797186,-1.3463823674182636,-10.655493472943137,2.6497747532971623
2023-03-25 12:00:00,14.273838231369307,-12.521220276782667,-14.422399437651292,-13.088100947249506,-11.965418697886815,7.691517903474847
2023-03-25 18:00:00,14.053879123033806,-2.557762688780893,-10.268144013006992,-0.9738305345295758,-2.5314529394692022,63.121893919007746
2023-03-26 00:00:00,13.801540876160788,-14.032497701158633,-13.785761300123943,-0.6430763171490627,-13.051956130797608,-3.0759412344289125
2023-03-26 06:00:00,13.677096644988474,-29.955463393006116,-23.401374180841533,-4.025569184866831,-26.859103438661336,-8.909898789749871
2023-03-26 12:00:00,13.604235942664028,-17.990051827404233,-19.42690770850345,-0.033038654346100475,-14.762823736083094,-2.803451926212626
2023-03-26 18:00:00,13.62190359073441,-3.188002598761143,-8.420605320342702,8.287301849005608,-2.7243590987116697,5.89821206181038
2023-03-27 00:00:00,13.894414529591069,-7.910422906359945,-10.213280207423798,4.420333780450308,-7.641270414657534,-7.515094397990874
2023-03-27 06:00:00,14.186575767712476,-9.579068549643488,-11.914216405953715,3.0761654551743502,-9.001281787341407,-3.8142965466257044
2023-03-27 12:00:00,14.557432663799835,-10.725605444659584,-13.582850518582836,-1.1157016900837204,-10.106179311011731,27.89718665663299
2023-03-27 18:00:00,14.599287380703705,-5.423954530320592,-9.45214408602605,-6.064245458383225,-5.365511654059866,56.181131538862466
2023-03-28 00:00:00,14.32653344613174,-25.55360488942046,-17.7172744109654,-19.550023904991168,-23.46178566684365,-10.139246125097896
2023-03-28 06:00:00,14.213367388147645,-36.35737738710059,-28.133112007211896,-22.141464474948553,-31.796802835632707,-11.580002091069229
2023-03-28 12:00:00,14.086372448945935,-21.911299173961808,-19.50944916291282,-17.708524494667856,-19.610234732972664,2.034280982751896
2023-03-28 18:00:00,13.972279525979358,9.609250524618862,1.3487735482294139,-6.974275523863115,9.493141190928323,69.75925279428023
2023-03-29 00:00:00,13.824606075385955,-7.158069389042139,0.8517022479535515,-3.8593814416676047,-6.917970066036924,-5.980956832831022
2023-03-29 06:00:00,13.68226376753939,-15.61050459126265,-5.266613805523811,-9.244168290674006,-14.697646766784288,-6.6464505623676375
2023-03-29 12:00:00,13.580920324351792,-1.9681877862268538,0.8424943001898307,-5.494746143925637,-1.771496141554606,8.750216655035835
2023-03-29 18:00:00,13.427752956693048,11.761247614866575,14.083407952846134,4.228994557207914,12.01997257518294,33.606175856222976
2023-03-30 00:00:00,13.261348002974179,-1.939828759717374,7.56720131648791,0.04541918675122323,-1.921405462238752,-5.309969999118203
2023-03-30 06:00:00,13.156627304716096,-3.353870582587747,3.991348221195643,0.7602182935829397,-3.270180451702069,-5.703045608398751
2023-03-30 12:00:00,13.068399408045138,2.0544100581637803,7.212319429814164,2.083347780438322,2.111725561494462,66.91714757918474
2023-03-30 18:00:00,12.985348655113109,6.095473326776135,5.741963184784851,9.327654658876126,6.267300026577931,59.86367204365268
2023-03-31 00:00:00,12.915715544613704,-0.32681002437460605,-1.5792677690122494,6.660822620099339,-0.20156681326297848,0.3387594885243104
2023-03-31 06:00:00,13.367760252733122,-3.429341950643302,-4.855093199840946,4.768337848073556,-3.2357066689673646,2.9649889640340885
2023-03-31 12:00:00,13.671075026683015,-2.8694867179954096,-5.35694997391566,4.911404873575059,-2.694253524259248,12.99392467466733
2023-03-31 18:00:00,14.378945738381068,1.7952558549679405,-1.613439827958451,7.614842135492658,1.8984640144145297,20.488746799706448
2023-04-01 00:00:00,14.460660497844644,-0.7130896204356202,-0.2116277073899144,6.653481525580607,-0.578221072114106,2.1653915245389523
2023-04-01 06:00:00,14.26037303119589,-3.716561729873197,-3.3141414761012133,4.578401655444731,-3.503435439898322,-6.211795423167345
2023-04-01 12:00:00,14.001659447441078,-5.7253131597449665,-3.0969016128198525,-8.380830766116931,-5.419963353254039,5.210511166312385
2023-04-01 18:00:00,13.625521512271089,13.618639374152634,9.824514945424966,-7.003709708921434,13.694776438512196,53.762190647924854
2023-04-02 00:00:00,13.210695945714182,-3.1113397153042337,5.9056226400972385,-8.327017576411269,-3.1124135927165915,-5.095850198543831
2023-04-02 06:00:00,13.110582436183774,-13.373164427561937,1.583434360316362,-10.873274091454281,-12.774511339466194,-6.774781393772607
2023-04-02 12:00:00,13.04538485417003,-1.135674300946354,7.076750282885426,-8.47957127087826,-0.9480485303058822,40.356285175097696
2023-04-02 18:00:00,12.777209344807744,14.300294789845243,15.813109194604284,-4.118370182502477,14.50284505428575,206.02897363153448
2023-04-03 00:00:00,12.459944519069882,5.168704812612077,15.22562939000763,-2.379985716961398,5.026755345672727,22.387582017443037
2023-04-03 06:00:00,12.342247268605378,5.279231815179993,12.852275781083053,5.384698219658963,5.327744290212787,15.380152591355175
2023-04-03 12:00:00,12.230120367077944,6.571001160774201,9.211321864572382,7.411907223744382,6.711041342348463,26.68927247145214
2023-04-03 18:00:00,12.157533536561555,11.683538870299298,15.092207055874617,8.760659537216485,12.03242719329905,98.70720544904206
2023-04-04 00:00:00,12.016524895210143,8.466085220409656,13.423603977604861,10.473849356439308,8.71461529682064,56.58392874340264
2023-04-04 06:00:00,11.964939578799003,1.8707082654476614,0.021795976059643604,7.427693650410173,2.0061175449616226,6.5741771269877205
2023-04-04 12:00:00,11.882231979293692,-3.972422004504542,-5.478190062846693,-2.5594823265343756,-4.108844868758027,24.73544672295123
2023-04-04 18:00:00,11.836110031142423,0.0011870403327699432,-6.333400085714426,4.3420830187558,0.2131004888440379,33.77332207406694
2023-04-05 00:00:00,12.096850357043017,-8.314178824342523,-9.175271426941752,3.8215686730294407,-7.787021959398166,-3.8962840398814462
2023-04-05 06:00:00,12.50334247389222,-16.436866927162065,-13.138225915411965,1.3926056500763224,-15.142158375391997,-14.073620578584096
2023-04-05 12:00:00,12.425753084982453,-11.348915987744343,-12.521787795026945,1.5707708263393718,-11.891699180387395,25.61202757899301
2023-04-05 18:00:00,12.256955539054477,3.4697271561274166,-3.927900460206025,-8.471107671989708,3.255324798252548,105.0664304352866
2023-04-06 00:00:00,12.164838988540861,-17.19339442828568,-12.55850175998346,-13.984151216196517,-16.151112623273914,-9.328819248944193
2023-04-06 06:00:00,12.106329291585794,-27.893394105908467,-22.1480904747728,-19.695535275878342,-25.19712208426129,-15.973626148311508
2023-04-06 12:00:00,12.031361677611565,-16.798077041343348,-15.827719779545712,-18.324076731717124,-15.309278330518563,5.7827654357552225
2023-04-06 18:00:00,11.959911396389716,10.900831670724635,2.926673127218174,-12.46764289791942,10.67023738796804,76.49951860523112
2023-04-07 00:00:00,11.800337168009186,-12.422662060949365,-4.564280877243982,-15.634863516727194,-9.954470775451957,-7.948940488167954
2023-04-07 06:00:00,11.759416628846589,-20.08982744619638,-11.734801447317215,-15.617541728380026,-18.708103451419717,-10.7526262293349
2023-04-07 12:00:00,11.717503680715154,-5.838931860043848,-1.6318224523712985,-10.768580858110102,-5.339404601715291,9.231073055577433
2023-04-07 18:00:00,11.48670245173935,14.163885923236457,16.655366636424077,3.802809298005462,14.555879598485294,61.485024703066905
2023-04-08 00:00:00,11.365993633761942,3.206693098597919,8.716373029256019,-4.1171371176134,3.105512297258812,-3.0137256494387086
2023-04-08 06:00:00,11.335743342874865,-2.753305195246572,2.212826638409904,-0.3297306439760902,-2.7215505244375775,-6.245622573928497
2023-04-08 12:00:00,11.293545743387183,4.178036168607003,7.344636404275632,1.2637045337700952,4.278965112299689,8.394761518338914
2023-04-08 18:00:00,11.166197033716333,13.540811866765788,15.280513445100631,7.169247135926251,13.970256193039868,119.80748286324379
2023-04-09 00:00:00,10.88936686177184,5.570211241303707,9.16175148469375,-0.3765203608112786,5.518935830684133,119.8448685613543
2023-04-09 06:00:00,10.827905126301674,-6.63101765848614,0.479050968117253,-8.94979815459546,-6.584665214206349,
2023-04-09 12:00:00,10.801955109498097,3.0602063629855514,5.975500458247821,-4.78177188295368,3.207620631134896,
2023-04-09 18:00:00,10.522891433923517,15.07588263666383,18.366192394025838,-1.7079511486231231,15.394790663947024,
2023-04-10 00:00:00,9.959549079746932,4.71226825796329,8.950495700416186,-7.06251326002546,4.522097285111518,
2023-04-10 06:00:00,9.880218570530557,-6.822127123151895,0.3897150937353053,-10.4344837789338,-6.801147888969343,
2023-04-10 12:00:00,9.822933552880059,2.8598845109164475,6.034848431330566,-7.363790196641446,2.9735629206860374,
2023-04-10 18:00:00,9.534852560606387,15.660175553591586,19.608598162111257,-1.176391608249439,16.039568518179358,
2023-04-11 00:00:00,9.078098501810272,7.043386344002664,11.416879919857934,-4.674789958669391,6.91709541957952,
2023-04-11 06:00:00,9.053360488862662,-2.4764143680588853,4.505976100143853,-7.657857526301215,-2.637528621526819,
2023-04-11 12:00:00,8.931746687734847,6.529411967081193,10.840593934066698,-4.89347706984611,6.584045083380148,
2023-04-11 18:00:00,8.404198645174901,15.936744799263277,24.190126917625413,1.079360225733217,16.398672446225085,
2023-04-12 00:00:00,8.00951987801859,8.604936000248369,14.822149797595008,-2.8798964241202683,8.550541365019193,
2023-04-12 06:00:00,7.949127956147725,1.9237462979479918,6.944037251158329,-3.198065449977019,1.7519093257267586,
2023-04-12 12:00:00,7.860431722452913,9.432236982138368,13.734013495759372,1.5701993046543123,9.61432727526245,
2023-04-12 18:00:00,7.2995160325246315,14.810352841901663,24.559316976434953,11.739973862092697,15.450012695351573,
2023-04-13 00:00:00,7.04339085813353,11.571102466370117,17.72793807181391,5.861073090278577,11.84825440614765,
2023-04-13 06:00:00,7.042316654603157,7.205443841814107,11.099766544097312,3.123279421396984,7.232483458618921,
2023-04-13 12:00:00,6.983917836187539,12.453645822784322,15.228307491009144,3.333650195267029,12.737328077765897,
2023-04-13 18:00:00,6.185651595462098,14.515262857818314,20.532530888764335,8.33470442817906,15.046224132866046,
2023-04-14 00:00:00,5.948656543977199,10.76036351816327,14.553904257057892,7.803187055593481,11.038827960112089,
2023-04-14 06:00:00,5.930635937966428,9.810519995599186,9.432242829774639,11.115457564424714,10.123679418503714,
2023-04-14 12:00:00,5.878281818224527,10.817260392154797,9.074474900046226,8.50334216491299,11.126225434543546,
2023-04-14 18:00:00,5.787572386805664,10.639007475525974,7.2920907154226,9.11204645730643,10.952217077353774,
2023-04-15 00:00:00,5.956617047537103,3.5258970162612147,2.431394425423875,5.680667711823089,3.583626458232853,
2023-04-15 06:00:00,6.472243777865096,-1.8331384328558558,-2.570479259009019,2.88185940102911,-1.6927213443203184,
2023-04-15 12:00:00,5.939535496715934,0.06094839003974119,-3.5080453517256585,-4.716543111461285,-0.013347767155743808,
2023-04-15 18:00:00,5.891033952264109,8.672367807620576,3.7641871281309833,-10.278235745457978,8.407047434220724,
2023-04-16 00:00:00,5.765867231900163,-7.688907858507488,-1.03049053106583,-13.574088280875008,-7.6008457023201625,
2023-04-16 06:00:00,5.74207336598903,-16.47408684214617,-9.112256902718372,-15.213313043863714,-15.602719507194852,
2023-04-16 12:00:00,5.696813930542698,-2.4459481388562816,-1.3247409758149642,-10.894709647793494,-2.208958663087639,
2023-04-16 18:00:00,5.581371253011594,14.837917810396025,15.47094861062524,-4.210126329441201,15.074417848849412,
2023-04-17 00:00:00,5.179267542531716,4.412305270556226,8.00482581813083,-7.701984345644817,4.169172628976442,
2023-04-17 06:00:00,5.196725991531516,-4.447060924257953,1.4863061036773517,-9.671432031244972,-4.563489465044695,
2023-04-17 12:00:00,5.174729360028225,4.166741929720828,6.707908388219002,-7.640377129025077,4.164455330100804,
2023-04-17 18:00:00,5.0492484641541004,15.300191547837077,21.196009820785253,-1.0840317452526116,15.653977429767076,
2023-04-18 00:00:00,4.543921092084207,7.256088111509417,17.278708858409082,-4.85857068055341,7.108776121996817,
2023-04-18 06:00:00,4.447342086747227,0.6640039777364992,6.092965069475667,-4.024462351206681,0.4920451208950726,
2023-04-18 12:00:00,4.419324701360035,9.465578487409097,15.27396379524031,4.150273482071094,9.66653982527425,
2023-04-18 18:00:00,4.2702106035942915,14.261950740862016,21.031516336762493,5.724249077573911,14.7069804749189,
2023-04-19 00:00:00,4.079508079406784,10.381430856902163,20.544057589610304,7.860650861787311,10.640339577267245,
2023-04-19 06:00:00,4.224198179767876,8.102451631061767,12.982166134920954,9.162058565615641,8.30268934830409,
2023-04-19 12:00:00,3.960850054426359,8.274915041377625,9.435444753651417,8.85628458061395,8.483866567586345,
2023-04-19 18:00:00,3.864814461494576,9.033029751700154,5.122925563181247,8.666970145891534,9.273746974691772,
2023-04-20 00:00:00,3.7708131965860874,-0.9355769366294072,-1.1182530989933614,-1.8012743533416635,-0.9903898035803762,
2023-04-20 06:00:00,3.797365556662456,-4.346715392009211,-5.931734471542071,-1.599806720472678,-4.267700893490583,
2023-04-20 12:00:00,3.6204908867652486,0.22578124475828565,-6.3379543286451385,-14.067750120468594,-4.148585287866208,
2023-04-20 18:00:00,3.895291660027572,6.1979321636745315,-2.2085634583108265,4.010063198785899,6.253748703461022,
2023-04-21 00:00:00,3.987583335296788,-6.306400701837131,-5.614458339941339,-8.511088329270837,-6.191087097702921,
2023-04-21 06:00:00,3.980675747013836,-17.783899728473312,-13.60064430706672,-17.69609113378204,-16.775211433380047,
2023-04-21 12:00:00,3.9951868724411,-5.0195873536349955,-8.524147573232726,-1.5148438281969363,-4.6732468056683105,
2023-04-21 18:00:00,3.9381436114558257,6.290719899121079,1.730884469890336,9.288130537957613,6.451023378715324,
2023-04-22 00:00:00,4.758626836931832,5.679564241425826,4.056852517525107,11.008255722927863,5.871987860706119,
2023-04-22 06:00:00,4.91289652161594,3.7271066068491807,2.4136384765352488,10.52962840066945,3.897506393198644,
2023-04-22 12:00:00,4.757688596546765,5.382377786651657,2.9753750057952946,8.92045530452504,5.566818884540559,
2023-04-22 18:00:00,4.029394830222368,11.891070433501971,6.886310501395063,7.411147031781798,12.228578578129301,
2023-04-23 00:00:00,4.050591561076233,6.659413675039535,4.137292910476227,7.625304188349437,6.78572883964354,
2023-04-23 06:00:00,3.946109364816786,3.5857466918625134,1.0291545293931468,8.031429587541494,3.689871005580834,
2023-04-23 12:00:00,3.8996446943116854,7.0802852881171345,3.694594251413346,8.075573494996416,7.276537676698432,
2023-04-23 18:00:00,3.6417283546699046,13.577289446903988,12.965930252076182,-4.625977967459681,13.710513041372739,
2023-04-24 00:00:00,3.562993368036338,5.395454529639832,8.009983072586731,-4.624708423874747,5.209842309685505,
2023-04-24 06:00:00,3.5316379998019083,2.4717503309550426,4.301740149264714,0.5368889619934621,2.3908693053028522,
2023-04-24 12:00:00,3.522636281379163,7.791494813957853,8.03471541151918,0.49377203536229614,7.9050596027324085,
2023-04-24 18:00:00,3.194321600757965,14.461919558248299,16.38949125155114,4.030758651719066,14.879904729797605,
2023-04-25 00:00:00,3.0915403294401647,10.608896924135717,9.972748459934778,13.316378028961807,11.028180756339546,
2023-04-25 06:00:00,3.651794681956344,1.6850190490995678,1.452821259798617,10.29526645332798,1.0696571575543843,
2023-04-25 12:00:00,3.5718116174657992,8.988539365649284,5.354579253127036,8.77012248025997,9.24847148539892,
2023-04-25 18:00:00,3.3340091991700413,12.78341404894504,9.436170891077929,11.822052415180421,13.284549739554542,
2023-04-26 00:00:00,3.5609686865725254,7.876532123612099,4.867080971006258,11.523888418860864,8.134136180030891,
2023-04-26 06:00:00,4.54283805224733,2.242219765710015,4.55067056256991,11.619316133903798,2.2234758959055245,184.68418317867318
2023-04-26 12:00:00,4.150072981954002,10.192430878030738,10.007656852290046,6.611338564193041,10.453702084337097,184.65199189544782
2023-04-26 18:00:00,2.9901873548576035,15.71307527783362,16.917747457928012,2.1839351321771034,16.185943916511672,88.69690140691456
2023-04-27 00:00:00,2.85364386993139,8.02073961200501,10.900271892340125,-5.10104134530053,7.885079208348854,9.937332077043463
2023-04-27 06:00:00,2.759282876009538,0.30741090317649267,3.869009577828954,-6.653245206288195,0.07984848995418398,-7.484100018410921
2023-04-27 12:00:00,2.716297186899486,10.689416434332989,10.808233075223638,1.9297787832239897,10.910157484437159,71.43047013198063
2023-04-27 18:00:00,2.229225399605262,14.920618503374257,18.7515640125058,3.940513418617967,15.372201237224608,130.69784822510843
2023-04-28 00:00:00,2.0769592210202714,11.325483269048803,12.958848278731374,9.982774049560597,11.689304139748533,52.62909929427448
2023-04-28 06:00:00,2.0946798978584,7.386195567183808,6.998408196997973,7.885623409380295,7.5469724838866945,29.053013971078418
2023-04-28 12:00:00,2.123093140428556,6.976503791324114,6.9294702045417,-9.256208699512134,6.753910680300902,92.52021175000266
2023-04-28 18:00:00,2.0867438243297873,13.63889991198464,13.278332892919968,-5.833452106401778,13.741898740723087,285.51485968303206
2023-04-29 00:00:00,2.0058318341748014,6.039045019294578,12.032548858388434,-6.21334977231396,5.830516111890757,42.07153005790802
2023-04-29 06:00:00,2.002235956975945,-1.815199486896642,3.1345259932569984,-8.326334628655317,-2.024065514654432,-5.708630419577941
2023-04-29 12:00:00,1.9533511201768075,7.656370104229131,9.698064599052964,-4.9605335824646835,7.6906606578822565,2.9797479625051486
2023-04-29 18:00:00,1.118924446928478,15.916674178941477,24.481744542556264,1.6973403626186294,16.39245622028201,82.79297332102426
2023-04-30 00:00:00,0.9016183688013573,10.294567636684075,16.50065651556263,-2.5231451175040536,10.308870017959485,21.66069586126137
2023-04-30 06:00:00,0.8873232631346654,2.9138053784883624,8.540350042507606,-5.517761693488162,2.6780950589407513,-5.959652603273912
2023-04-30 12:00:00,0.8496365948012725,9.90011089624507,14.993073243808539,-3.1506314922135368,9.982126775871434,65.497766638188
2023-04-30 18:00:00,0.19410635236200713,15.870781415486954,24.915019376317495,4.379257018244044,16.409349666428316,110.63936889112148
2023-05-01 00:00:00,-0.08514588177694965,10.996763797746018,17.211834700425335,-0.6879288101857234,11.084645082224277,23.269818716907192
2023-05-01 06:00:00,-0.09962683757883253,4.775087004053754,8.920145625575493,-3.8553715831632607,4.583730573642553,-6.143921671320715
2023-05-01 12:00:00,-0.14793023562695035,11.045426586281675,16.543272545250783,-0.900744335135183,11.212536711003237,-4.571591183932739
2023-05-01 18:00:00,-0.6822991425672141,16.36600835149377,30.619877601257652,8.150690878834782,17.04835326928226,21.84605769593951
2023-05-02 00:00:00,-0.7850151452931096,11.519704382479485,17.93520925860115,1.7370946935422544,11.692928762012066,21.33470481367465
2023-05-02 06:00:00,-0.7868470475945779,6.639487328231806,10.253151427683402,-1.0399021484535962,6.543310871067906,-1.1950466305908933
2023-05-02 12:00:00,-0.8504869805707899,12.028626798403922,17.24470132190397,6.744499619628353,12.39373993887876,1.197566462770229
2023-05-02 18:00:00,-1.3869756371151842,15.488904155406148,26.144666519752306,12.77140880139153,16.209419833120393,22.170115974768652
2023-05-03 00:00:00,-1.5357103449474396,12.58952158966155,19.626575734752453,3.769714071354082,12.87114158023043,13.265498008694347
2023-05-03 06:00:00,-1.531102614533929,6.484381477017944,9.754675180552587,-3.0693808806347147,6.344286413047481,-5.970341352256365
2023-05-03 12:00:00,-1.6063851623785068,11.20942543535027,16.056177738241068,-1.8416074340277782,11.354538308392716,-4.1368627824854345
2023-05-03 18:00:00,-2.1984215645120337,16.82228542555759,29.0654744340405,4.4868796103611155,17.451108343574745,0.1507092394419721
2023-05-04 00:00:00,-2.33732605908722,12.5699130055145,19.894282735436196,6.404832667049261,12.91718873458828,6.986606344036577
2023-05-04 06:00:00,-2.3359492766751657,9.344971446653679,11.418276366103669,5.250204216501314,9.495349112887952,-0.27639379104784856
2023-05-04 12:00:00,-2.4254159929268444,13.891930622894364,13.416399395998075,11.383491777842782,14.456938553743385,0.5914672829652514
2023-05-04 18:00:00,-2.9380274745540254,15.840157874883309,22.4050064954101,10.01600111464677,16.520436336187416,12.767477557647071
2023-05-05 00:00:00,-3.123568024481853,12.097717580312038,18.965042454967442,2.9029047771001126,12.331689428578043,6.541867035890093
2023-05-05 06:00:00,-3.1121713327080966,5.032198920589831,10.017890030766894,-5.5995908267867955,4.806706614118033,-1.4464981094257112
2023-05-05 12:00:00,-3.1295475041806897,10.178192559837385,12.928624720538677,-2.032928287218961,10.283949051152186,37.12417210182435
2023-05-05 18:00:00,-3.4343831421481594,13.85071992901177,16.03254562537506,6.911449881836136,14.294838058413209,57.92278615886465
2023-05-06 00:00:00,-3.334381059670385,7.809284605739175,10.677663489288147,-3.4924653992185175,7.701284920192552,8.147915923733633
2023-05-06 06:00:00,-3.3633283434807404,7.926221478437435,9.062643079485143,8.145025391797189,8.098974957387464,-1.7487209093560943
2023-05-06 12:00:00,-3.5928610165991137,10.77459099043703,10.956972893750919,8.095401258916791,11.09585107950486,10.70601769944217
2023-05-06 18:00:00,-3.7957729688883757,15.439692021042996,20.052887693971442,2.407643443467029,15.895180528404158,62.22894243229535
2023-05-07 00:00:00,-3.8652723417059724,11.713324654748055,15.208105142141386,8.13220235774319,12.049350461000293,13.012013351747989
2023-05-07 06:00:00,-3.8575539694398144,11.290468803463986,11.614419782417889,11.936498059999062,11.698235557659778,1.9788960531825432
2023-05-07 12:00:00,-3.8847557498398513,12.236796666758226,10.225611009127125,12.918511388739132,12.725653009350722,11.839784889536618
2023-05-07 18:00:00,-4.113461550905633,14.563493436458106,16.78571930954295,12.089816053723425,15.188738287301343,12.917342478011124
2023-05-08 00:00:00,-4.259991951974459,10.183519464896156,13.834252126115096,-0.4673794704850129,10.236562144758066,0.6987602538453472
2023-05-08 06:00:00,-4.24971767149486,5.743166040127601,7.194804295166685,-0.26946617399214556,5.662700881573029,-3.3566139175085294
2023-05-08 12:00:00,-4.282554532289586,11.13942576538008,14.004013158830704,0.06949923083369709,11.332558061424416,7.305749406448389
2023-05-08 18:00:00,-4.945987317904103,16.109148060292302,25.685486196196244,9.0958007231216,16.793574888043423,32.392511398479186
2023-05-09 00:00:00,-5.201166343296907,11.940958833735337,19.98669959706373,2.9840874551826118,12.165155897024604,7.747693437311437
2023-05-09 06:00:00,-5.167363079005111,4.904821360094073,9.071185453108148,-5.156592231909711,4.686555260654015,-3.3596190084630755
2023-05-09 12:00:00,-5.229660951631475,11.322053292543762,17.074860654126745,-1.8485118734980435,11.491846915658567,4.489885782327619
2023-05-09 18:00:00,-6.133412035447553,16.816937370955618,28.23619255343048,3.308893403427709,17.41501382487385,63.335531886921316
2023-05-10 00:00:00,-6.49221529455591,10.969502423866482,17.52437294739334,-1.8799004492031373,11.028970738535705,17.78379140512722
2023-05-10 06:00:00,-6.573558191243352,4.4858201030671925,8.238850252607794,-4.800013952583606,4.269542220610622,-2.7948921985967132
2023-05-10 12:00:00,-6.576956899348792,11.363260687083566,19.1295416614623,-1.1974053858901053,11.54997943857099,37.71113993359238
2023-05-10 18:00:00,-7.000302630170149,14.78223737463747,27.440632303841586,13.397087893957849,15.46087871088817,89.76426356584278
2023-05-11 00:00:00,-7.359905241414745,12.571283364671887,14.207930944647403,10.973376552012361,13.028801757792273,-1.0833509426058436
2023-05-11 06:00:00,-7.4162578124428595,10.650626595270941,10.69766860972466,6.367656472170032,10.891373861524176,-4.346740200658302
2023-05-11 12:00:00,-7.051088756950797,12.320418606688767,10.266468912924855,15.183308804290583,12.869863651092967,-4.569534191398445
2023-05-11 18:00:00,-7.2502896154634895,13.895114939320578,13.954277221232287,17.58351756616941,14.609974803034728,12.991616973432377
2023-05-12 00:00:00,-7.441571628332993,12.718686015410603,14.959743220285139,15.317217707757834,13.294323358536206,1.3840820110009022
2023-05-12 06:00:00,-7.5299793624263405,12.419789701412263,15.556933463247173,7.188954257549702,12.772789028103128,10.659416115208481
2023-05-12 12:00:00,-7.58161988117592,14.096790362155156,17.051455227390765,3.0278794589304843,14.477462958103056,32.17245431068262
2023-05-12 18:00:00,-8.844380978757318,16.262591819895125,22.283308679421303,10.724219612480987,16.99800107021151,46.65176268490739
2023-05-13 00:00:00,-9.371239848080444,13.42004920984764,19.143827228620303,2.767462683392727,13.727268036894202,8.882752929365111
2023-05-13 06:00:00,-9.458449391306699,9.384583994283933,10.786165910658124,0.28971007791042036,9.409316502149437,-6.644393507546527
2023-05-13 12:00:00,-9.4536440584511,15.471346489087617,18.050190076666308,10.353765577141653,16.176109937750063,0.0
2023-05-13 18:00:00,-9.963979083037033,15.90745044888947,21.317339811988116,16.98804619113822,16.782632255428446,1.5749486607952556
2023-05-14 00:00:00,-10.196610264245283,13.542128087459032,16.09851963508838,13.011350814768122,14.11736939196094,-6.823636503440218
2023-05-14 06:00:00,-10.009122060579791,12.235393250329533,13.156136143274034,11.340567871950947,12.681922927816789,-6.641788739484361
2023-05-14 12:00:00,-10.208776687043077,17.771238543689837,20.266381983660096,8.868993760110483,18.66852422952288,3.712932621607182
2023-05-14 18:00:00,-11.093868311950123,21.28053549719894,26.732977081025417,15.735389684915374,22.69754064057584,56.027529820893655
2023-05-15 00:00:00,-11.528529811232621,14.976606580437542,17.74315046680399,9.446613723288634,15.583195090351714,-2.5002705564975334
2023-05-15 06:00:00,-11.525470904929056,13.438679040885061,14.103912220622735,15.223149140807532,14.060572888724755,-11.573050233121768
2023-05-15 12:00:00,-12.08130067328929,22.843945793734648,21.677267058477685,18.028387503732866,24.748353225297766,41.61693805351378
2023-05-15 18:00:00,-13.15293581769107,34.35171098792382,28.36503858103688,22.45836853887434,38.33233831586088,517.1440795836281
2023-05-16 00:00:00,-13.353152167816658,18.533065315560712,20.377585604906177,13.64960426933997,19.56780959834163,37.27933698193571
2023-05-16 06:00:00,-13.690845681713574,10.081413211518436,11.584491290413045,7.312894355656843,10.202751737023622,-11.205692365962875
2023-05-16 12:00:00,-13.64261313844883,29.925680593438756,21.3057250229564,15.11114874409684,33.39576325073788,260.6979497451856
2023-05-16 18:00:00,-13.448898396725413,55.73622580603111,33.143547137043605,23.35771548462301,66.12682830651902,1082.787891419255
2023-05-17 00:00:00,-13.659332308271809,23.006813504523304,23.57809851076853,13.594035441042713,24.706904138940587,68.76533190558847
2023-05-17 06:00:00,-13.951202227749606,10.13333086052459,11.083919044201437,6.633723217114004,10.232240918333646,-11.505926215495451
2023-05-17 12:00:00,-13.515782928186196,35.65500240506608,22.405512894397766,15.657787088116937,40.72560065456688,230.09449702836685
2023-05-17 18:00:00,-13.934032167738323,51.54963351929008,32.85888496880956,24.160723014009122,60.75021088402544,579.6617484431188
2023-05-18 00:00:00,-13.980477770901931,22.99565429733609,22.59029413230711,15.998120936621383,24.70003593843625,46.626175046845326
2023-05-18 06:00:00,-13.867643276543403,14.78781387254768,14.536673356263615,13.284228003269659,15.4045026463643,-8.705412633802467
2023-05-18 12:00:00,-13.928662459235602,32.04768250463915,21.30484286369801,20.40931789690268,35.671670357743,261.09932003373405
2023-05-18 18:00:00,-13.987614815030023,49.41291008139492,27.562076450182296,21.447625312490878,57.548577743059084,860.513690909128
2023-05-19 00:00:00,-13.96905811164865,22.88871013038913,22.532097270233397,14.575302717747022,24.49482574583637,15.772749550763367
2023-05-19 06:00:00,-13.9483988301042,11.355282159734909,12.068088589718784,7.967792979324486,11.56373046655584,-16.567753944971425
2023-05-19 12:00:00,-13.995039489786457,30.446865743302293,19.4886460867602,17.279536179736365,34.00416408171143,100.46274448665012
2023-05-19 18:00:00,-13.939992796770001,46.77136882027917,29.478046218675843,23.669206895018572,54.202520713574565,372.94360549451835
2023-05-20 00:00:00,-13.941041376284462,24.2514265142467,21.01437978800795,20.030369289778527,26.15966816174111,17.019731943014346
2023-05-20 06:00:00,-13.752499823993354,18.68375864108805,15.52510784848102,17.20633442994851,19.78802392073499,-1.2282429761895277
2023-05-20 12:00:00,-13.931352703261048,35.7057796056268,21.590199569874756,18.555853616663455,40.379386206966615,157.19499493407466
2023-05-20 18:00:00,-13.939314615204125,49.796607286783804,28.531112741874388,24.735372990857524,58.477169457918,653.1806435083905
2023-05-21 00:00:00,-13.908473625013988,20.93785170387333,18.370857543803037,14.125310591667933,22.330517844340783,11.349587108270619
2023-05-21 06:00:00,-13.902321352084437,11.9604591409541,10.359085923576059,9.54461533480317,12.255429170684405,-11.331345758783428
2023-05-21 12:00:00,-13.884730406728696,34.135068492232925,21.246945541322606,17.875987685989042,38.56737196383614,155.5439728260655
2023-05-21 18:00:00,-13.91993477740245,43.80979772472296,29.88730074656257,26.149449664260988,50.31322003190335,234.05338321588667
2023-05-22 00:00:00,-13.9464393630637,20.46916380350101,18.93788865275908,8.097469895936479,21.44772981938041,-5.237587707680909
2023-05-22 06:00:00,-13.97919464369546,13.471015785622594,11.988689721119492,5.231344995814754,13.66202443148104,-10.047479802227205
2023-05-22 12:00:00,-13.881200723539225,36.65311875978946,22.42093094720067,6.107228692612436,41.33128428736369,204.9915072425762
2023-05-22 18:00:00,-13.910933115424069,40.652525612790775,27.693047815855515,17.320209853953163,46.534093880682356,300.0433117432438
2023-05-23 00:00:00,-14.071932444593392,17.56869339202102,15.115746488331672,6.8786901366347175,18.15876380405163,0.5424335368942076
2023-05-23 06:00:00,-14.070499056011283,10.736470955260357,9.882310687855602,6.069852757296847,10.833891392145825,-12.04175820892897
2023-05-23 12:00:00,-13.968775410361435,31.93377426385399,19.39116010634761,8.180464762869514,35.71931763440822,116.8734631622706
2023-05-23 18:00:00,-13.98555177993311,46.41166626613817,32.322491089139845,14.250139710278836,53.263132969332,233.91298275353896
2023-05-24 00:00:00,-14.036790042779488,25.11934107657867,23.55475750821926,11.172091774216858,26.877316225490933,10.129799189856886
2023-05-24 06:00:00,-14.17173481205431,13.690033018192295,12.629305769614026,2.3471900291667938,13.774239728780397,-13.728906410796714
2023-05-24 12:00:00,-13.978359756968256,29.513141718118423,19.185923908943664,10.70269588602918,32.598363422503894,90.70046351747742
2023-05-24 18:00:00,-14.055284018940839,36.73085956816992,25.408571224006234,13.897122670352834,41.21424722682096,140.42210150311132
2023-05-25 00:00:00,-13.953774174415413,20.221803271005243,17.92496254088018,3.492971893991186,21.025856234756894,-1.8447964733152555
2023-05-25 06:00:00,-14.048017947521949,10.8305162523005,10.031094020965135,-2.4667890470696525,10.569752818502032,-12.694613526979207
2023-05-25 12:00:00,-13.979061228749375,34.94892672691534,23.205735349428892,3.4849272119329315,39.324365163282366,162.4153973370869
2023-05-25 18:00:00,-13.86332583101884,51.929638276919704,34.00467615463378,15.89455317410533,60.99140809502647,344.9362992129326
2023-05-26 00:00:00,-14.056372791544469,24.03769006879403,22.549528320051337,6.993965512036486,25.56036506683522,17.28168712470735
2023-05-26 06:00:00,-13.944821803572495,12.48329779682683,12.393441997524427,0.06836550699927312,12.401908853427017,-15.7110220592775
2023-05-26 12:00:00,-13.834322807735767,37.910701160680496,25.16231610982288,6.456540991751415,42.9683214012518,156.09374265314253
2023-05-26 18:00:00,-13.79510167679448,46.1578899893901,33.868969093597954,16.592228267581337,53.1151778557747,204.15521185164224
2023-05-27 00:00:00,-13.956565332236671,24.03218472557446,22.81868425232654,4.068088530546039,25.617412605727484,5.701262590728092
2023-05-27 06:00:00,-13.964143572652354,11.48060066796245,11.390303157192845,-1.4163712928303742,11.292842533531156,-17.612106317457723
2023-05-27 12:00:00,-13.76974068234365,31.818517966397,22.523502435007217,5.291557624453178,34.99939640649334,112.81972601969207
2023-05-27 18:00:00,-13.798308953124819,53.87453531208043,32.75092907026284,9.246078861166323,63.11504304699422,302.08180909511395
2023-05-28 00:00:00,-13.954912238154506,22.86674149692164,22.051453287533803,1.4182417642891745,24.130758467890512,3.8570849313446676
2023-05-28 06:00:00,-13.846613540606002,8.871540311181018,10.323324805918633,-4.03582114967323,8.482167368048367,-13.944546578736167
2023-05-28 12:00:00,-13.840591378338923,33.194804559800865,21.445263580243097,2.6541120776271496,36.841240582586366,73.42583121383097
2023-05-28 18:00:00,-13.807049147900829,58.25164763332412,33.55801825745294,8.89137350760446,69.19917909901442,308.3329213159609
2023-05-29 00:00:00,-13.94541726971093,24.71341552351492,23.607224055907462,1.1963065645956577,26.24062211361649,-10.058074340072947
2023-05-29 06:00:00,-13.933291423733957,10.98845451541663,12.12235618901267,-1.7844699881995585,10.771754671389877,-15.120872406399675
2023-05-29 12:00:00,-13.749356680990436,38.66157644750786,24.51298768021764,2.0133777170874145,43.98732087483966,118.04831742870326
2023-05-29 18:00:00,-13.715143148396606,64.4682394315315,36.9190666344392,6.466982281995078,77.93546255254819,333.6398461248437
2023-05-30 00:00:00,-13.955732772482788,26.791126071289018,26.30051270694572,3.1337971255629133,28.699202653687134,-11.78926790893841
2023-05-30 06:00:00,-13.968957628925725,10.872701452058719,12.575045588165569,-3.2280535218119133,10.585134824343278,-16.985258439011165
2023-05-30 12:00:00,-13.680576062007969,38.489130345096434,25.43728823165665,4.088277631713351,43.73731169402661,95.255401704959
2023-05-30 18:00:00,-13.701449034063893,56.51425181557468,34.82309481423861,12.63691817100896,67.03280370893293,205.01131673200896
2023-05-31 00:00:00,-13.636036028143991,25.4539389907351,24.43870876786089,3.2027087356387787,27.186577877031958,-9.701591881317222
2023-05-31 06:00:00,-13.567598183408158,13.139559957156331,13.753621428681367,2.180169930384296,13.19272777336413,-15.07117866491579
2023-05-31 12:00:00,-13.714195642907926,36.309888737711475,25.351435713125014,10.40769197946596,40.8141836533681,54.928372019893345
2023-05-31 18:00:00,-13.719573478374537,39.445708763481505,28.81046644995905,19.308855698186015,44.85397881975023,105.78883582122648
