window_idx,timestamp,te_bits,surr_mean,surr_std,surr_p95,surr_p99,p_value,sig95,sig99,n_valid_surrogates,h_target_bits,pct_h,surr_p95_pct
0,2022-12-06 00:00:00,0.9939335066724957,0.05965623231369013,0.06425187559392154,0.1836770285207316,0.246990556929022,0.0,True,True,2000,1.8474174544680393,53.80124044344363,9.942367280145737
1,2022-12-06 06:00:00,1.0025443344300886,0.05308505980875162,0.06275363699131356,0.17900563932635058,0.24734472885716355,0.0,True,True,2000,1.864199285716303,53.778817646358526,9.602280222823342
2,2022-12-06 12:00:00,1.0036014038232097,0.051937666448298246,0.06165090086305154,0.17876529432874932,0.23997775649217404,0.0,True,True,2000,1.8709242714761751,53.64201101690554,9.554918766845757
3,2022-12-06 18:00:00,0.9873721140364301,0.051074125201680864,0.05900612291572115,0.16402115628205283,0.24911128786762848,0.0,True,True,2000,1.8935830290561566,52.14305889341324,8.661946889321671
4,2022-12-07 00:00:00,0.9878188174747998,0.04939958626108751,0.05896831514116506,0.16486120560251766,0.23463790597055564,0.0,True,True,2000,1.8830751972000046,52.45774671896345,8.754892308477869
5,2022-12-07 06:00:00,0.965184139470661,0.0467411201111467,0.05684917779043342,0.16003829100891753,0.22335342688057128,0.0,True,True,2000,1.8558148978053826,52.008642705263966,8.623612796630356
6,2022-12-07 12:00:00,0.9670429477588393,0.048994620844126834,0.05798182333976516,0.16755106851810653,0.2243699982719871,0.0,True,True,2000,1.868061670715541,51.767185362163325,8.969247169121985
7,2022-12-07 18:00:00,0.9584507229136026,0.04480230974143883,0.055119298798987346,0.15609567656212245,0.22783521567516538,0.0,True,True,2000,1.8740616453880652,51.142966682674654,8.329271181994628
8,2022-12-08 00:00:00,0.9767177823369103,0.04631979012725098,0.057087331449222324,0.15558265300521082,0.2330867182623465,0.0,True,True,2000,1.8497765758969253,52.80193268007605,8.410888916666675
9,2022-12-08 06:00:00,0.9867905882468196,0.04412018835843157,0.05423033172460442,0.15264072446234675,0.22341937728271347,0.0,True,True,2000,1.863394205713546,52.95661997987966,8.191542293859195
10,2022-12-08 12:00:00,0.960687594033602,0.043311423920218306,0.05511472883431831,0.15848045690451787,0.214847364041103,0.0,True,True,2000,1.8687188634890495,51.40888834610041,8.480700869504897
11,2022-12-08 18:00:00,0.9360421705835927,0.04197065827935049,0.053372512269510175,0.14637131826941968,0.2197389286334971,0.0,True,True,2000,1.8518483721519978,50.546372190064126,7.904066038588481
12,2022-12-09 00:00:00,0.9714524423362901,0.04267037607199501,0.05323661260606612,0.14945658751473123,0.2115858705203855,0.0,True,True,2000,1.8328088382647922,53.00347870735993,8.154510410165248
13,2022-12-09 06:00:00,0.9718292096290633,0.04159370082084193,0.05370123672365963,0.14525085056287101,0.22113351188586164,0.0,True,True,2000,1.8304549397989645,53.09222251249722,7.935232242254685
14,2022-12-09 12:00:00,0.9942495387894662,0.041856648921052314,0.05432838291885015,0.15271660358817488,0.2139307801127521,0.0,True,True,2000,1.8511061889912521,53.71110229669082,8.250018529266372
15,2022-12-09 18:00:00,0.9782277013789916,0.0381734609015789,0.04989514342629203,0.1428440268491428,0.19495547947042033,0.0,True,True,2000,1.8352432612949074,53.30234536258565,7.783383808659522
16,2022-12-10 00:00:00,1.0363632812840742,0.03996788139288755,0.05276681964339726,0.14303584133205027,0.2212048771242445,0.0,True,True,2000,1.8605430583382399,55.70219278933061,7.687854397726435
17,2022-12-10 06:00:00,1.0267081432069156,0.03854884517541192,0.05058032458438376,0.14092890603134406,0.20325500735895177,0.0,True,True,2000,1.8673916591025952,54.98086800389355,7.546831718155456
18,2022-12-10 12:00:00,1.0101696957825756,0.04124808235737858,0.05237343643563552,0.14694899721673912,0.2180592650864682,0.0,True,True,2000,1.844577040613824,54.76429954079983,7.9665415963238155
19,2022-12-10 18:00:00,0.9749770410394535,0.03940321277682074,0.05130384873091252,0.14504787794771415,0.20640747214385174,0.0,True,True,2000,1.8539306331005228,52.58972604648628,7.823802862846889
20,2022-12-11 00:00:00,1.0284629008884867,0.04045561362222371,0.05366508451964707,0.151008765906385,0.21864920526238954,0.0,True,True,2000,1.890327984648557,54.40658495460484,7.988495495635378
21,2022-12-11 06:00:00,1.0282772795220054,0.04166873575568931,0.055716172322449686,0.1516672013022252,0.23276635022383232,0.0,True,True,2000,1.868026984094951,55.0461684053349,8.119111907567392
22,2022-12-11 12:00:00,1.0135195740804002,0.04261862546802428,0.05442414693726571,0.1509866811431923,0.21536800420107288,0.0,True,True,2000,1.8647965348898774,54.350142501752984,8.096683917964732
23,2022-12-11 18:00:00,0.9724346140073664,0.0377802631123233,0.050317437490779625,0.14174063436942372,0.20512843001603756,0.0,True,True,2000,1.8396594874621441,52.85948952155619,7.704721190819853
24,2022-12-12 00:00:00,0.9863733533414232,0.036457074089202124,0.050567272252547944,0.1444779354077417,0.20173796639849276,0.0,True,True,2000,1.8539509864907584,53.20385277328582,7.7929749200768255
25,2022-12-12 06:00:00,0.9491338656483813,0.03822202304518708,0.0520514153973533,0.14704605159235007,0.2144688618833894,0.0,True,True,2000,1.8523091972609818,51.240574038711785,7.93852623578114
26,2022-12-12 12:00:00,0.9475392200866068,0.03712256122955438,0.050430908103166416,0.13800931453199414,0.21284008965685106,0.0,True,True,2000,1.8536223804276726,51.118244475877994,7.445384561021122
27,2022-12-12 18:00:00,0.9450932627201825,0.03907521598163412,0.05220941879616665,0.14483583298067298,0.20190438873257627,0.0,True,True,2000,1.834879464255232,51.50710338914774,7.893479424789415
28,2022-12-13 00:00:00,0.9804331821230807,0.04422000378009871,0.05694077367446275,0.157575605145038,0.23556389392041305,0.0,True,True,2000,1.8198104091439744,53.87556732265695,8.658902287472925
29,2022-12-13 06:00:00,0.9837616613511204,0.04227883412985857,0.05389115342366487,0.15228650741691876,0.21297049904019513,0.0,True,True,2000,1.8395550694432297,53.47823925971792,8.278442431354376
30,2022-12-13 12:00:00,0.9615952910979552,0.03822208424333409,0.05211127938822701,0.14460535813822184,0.20961736775020146,0.0,True,True,2000,1.8050063299078292,53.27379052166859,8.011349087379985
31,2022-12-13 18:00:00,0.9403724426771334,0.03523117430272552,0.04813022961847539,0.13648080540119123,0.18480515659568278,0.0,True,True,2000,1.796425672955039,52.346860592916336,7.5973533141889735
32,2022-12-14 00:00:00,0.9244208068045532,0.033672376278997156,0.0472614896038753,0.1317415667746992,0.18962945222850222,0.0,True,True,2000,1.815848537720109,50.90847543734077,7.255096669026565
33,2022-12-14 06:00:00,0.9074257673575948,0.03762023791833049,0.0516929840443996,0.146950095466772,0.20951277594776588,0.0,True,True,2000,1.8090767873880071,50.15960481521407,8.122933006008132
34,2022-12-14 12:00:00,0.9124492798400251,0.03712384718923068,0.051959469285296885,0.14600028020679476,0.21530758632230565,0.0,True,True,2000,1.840024451005948,49.58897580633702,7.934692396450268
35,2022-12-14 18:00:00,0.9052171942885724,0.03581031351309095,0.04834422424529924,0.1368323248487625,0.18728588272570204,0.0,True,True,2000,1.8513714116823545,48.89441354536176,7.390863010270963
36,2022-12-15 00:00:00,0.8952769144672965,0.03524706329533103,0.05027255224586387,0.14321126453496363,0.20397431656109963,0.0,True,True,2000,1.8388765647160044,48.686079949339224,7.787975945904837
37,2022-12-15 06:00:00,0.8912195644437518,0.037857333997706064,0.05174543656207786,0.14564387894147182,0.21567320138672777,0.0,True,True,2000,1.8500782594186738,48.17199272012354,7.87230908746723
38,2022-12-15 12:00:00,0.9020211677084133,0.04071349500624215,0.05542595185507588,0.1538845342828113,0.22980874459079706,0.0,True,True,2000,1.8783523112824219,48.02193722074266,8.192527746711614
39,2022-12-15 18:00:00,0.90139107335317,0.03754821633929244,0.05197820197454657,0.14602756993609853,0.21391613993817235,0.0,True,True,2000,1.875060388400226,48.07264229618885,7.78788623766337
40,2022-12-16 00:00:00,0.9051476747288031,0.04043603426346612,0.053359926383319344,0.1515185400799785,0.21224125587890297,0.0,True,True,2000,1.895178573599683,47.760548126584965,7.994947926842889
41,2022-12-16 06:00:00,0.8956647805646407,0.0366348457920792,0.05280855061282702,0.14852698521220667,0.21429281015237303,0.0,True,True,2000,1.8816766018958837,47.59929414343642,7.893332205043007
42,2022-12-16 12:00:00,0.8669586959261227,0.03727689231565554,0.052342208343670094,0.15031281289614476,0.2131593847786344,0.0,True,True,2000,1.8568956993810044,46.68860486968241,8.094844150172326
43,2022-12-16 18:00:00,0.8494777839114412,0.03164465562486812,0.04801004867104931,0.13187608531149353,0.19096619749196908,0.0,True,True,2000,1.8915643851466977,44.90874276243899,6.971799973981116
44,2022-12-17 00:00:00,0.8458204322013717,0.030827780910556622,0.04606681589439611,0.12868999842255568,0.18876472390232896,0.0,True,True,2000,1.920634941423754,44.0385840098468,6.700388275096081
45,2022-12-17 06:00:00,0.872587618795456,0.033243106614487886,0.04907817544898024,0.13454125329659603,0.2018187497675155,0.0,True,True,2000,1.9148488951006615,45.56952880345084,7.026207323242774
46,2022-12-17 12:00:00,0.8653995891573701,0.03211701049390233,0.047258394176008967,0.13104464830765386,0.1893128712594834,0.0,True,True,2000,1.9202996765002898,45.06586132090303,6.824176971506879
47,2022-12-17 18:00:00,0.8589674920927987,0.033363913545732836,0.04777233084439246,0.13469872736664465,0.18954083940081617,0.0,True,True,2000,1.9207572031321316,44.72025359020398,7.012793035319338
48,2022-12-18 00:00:00,0.8560406898143369,0.032284421670746924,0.047019473784911184,0.13474312187605156,0.19032034140810236,0.0,True,True,2000,1.9261699998534174,44.442634340659545,6.995390951281849
49,2022-12-18 06:00:00,0.8403220824022462,0.03323760125378204,0.0489365210121336,0.13622440533786626,0.19813715367728077,0.0,True,True,2000,1.9102143619337049,43.99098337589663,7.131367455533454
50,2022-12-18 12:00:00,0.8168189627938026,0.03456560544800732,0.04963884621839018,0.13701640559440018,0.21772338004833894,0.0,True,True,2000,1.9196858659689655,42.54961591757678,7.137438891609532
51,2022-12-18 18:00:00,0.8100363128838562,0.030996860208310884,0.04523221689473494,0.13016181818551872,0.1820394233389584,0.0,True,True,2000,1.887999634671593,42.904474026805495,6.894165432831752
52,2022-12-19 00:00:00,0.8215601660454238,0.03134116396412571,0.04498504403933346,0.12441347492202261,0.18229914407806386,0.0,True,True,2000,1.8624589149017958,44.111586004502186,6.6800654729386455
53,2022-12-19 06:00:00,0.8064485778197684,0.029250627500850192,0.04487108112136472,0.12938768011643015,0.18430644333817092,0.0,True,True,2000,1.8771079205352228,42.96229156551769,6.892927076858619
54,2022-12-19 12:00:00,0.8159280615152368,0.029068991236532123,0.043835736103455626,0.12339868904887166,0.17221461436341023,0.0,True,True,2000,1.8904258839791557,43.16107118665718,6.527560275948501
55,2022-12-19 18:00:00,0.7914583942436292,0.026516139302022047,0.04208757524904552,0.11408177430986262,0.17476822960453128,0.0,True,True,2000,1.8600597802197583,42.550159014250696,6.133231604867255
56,2022-12-20 00:00:00,0.7702250290775017,0.027374287792091636,0.04307715868135439,0.123689397155391,0.17178274127965273,0.0,True,True,2000,1.8391100008783414,41.880313233555874,6.725502938721345
57,2022-12-20 06:00:00,0.7939231019180842,0.026344608262673434,0.042285837314157526,0.11734634392065807,0.16946236072923004,0.0,True,True,2000,1.8758317022247337,42.32379168005811,6.255696808060418
58,2022-12-20 12:00:00,0.800005244041583,0.02804113470724222,0.04359229644952151,0.12511414080130998,0.17336088245109374,0.0,True,True,2000,1.891738149788601,42.28942806545305,6.6137134684993955
59,2022-12-20 18:00:00,0.7986038039175889,0.02998894948510294,0.04472977752227699,0.12633497366214444,0.17884132802406347,0.0,True,True,2000,1.902247925005801,41.98210934650663,6.641351634632965
60,2022-12-21 00:00:00,0.8077400377022669,0.027185787157410622,0.041417214154598356,0.11456166944983073,0.16616965431036823,0.0,True,True,2000,1.8965560626994726,42.58983183194522,6.0405105708696425
61,2022-12-21 06:00:00,0.8027279373483565,0.029623193229650745,0.04435397252625703,0.12292118236738117,0.18316035835183858,0.0,True,True,2000,1.8780812244950476,42.74191802136688,6.545040798245055
62,2022-12-21 12:00:00,0.8007007257661207,0.03163173020068649,0.04677843907050878,0.13100035572916047,0.1884936326369138,0.0,True,True,2000,1.885341421096347,42.46979972998759,6.948362469699641
63,2022-12-21 18:00:00,0.8076036180229064,0.033220030950010485,0.04706466015893074,0.13176280054665732,0.18372293742369916,0.0,True,True,2000,1.8838998200214563,42.86871358232352,6.994151129817329
64,2022-12-22 00:00:00,0.8220577809512283,0.032874539470866146,0.047228816625827584,0.13003443454428612,0.20544069846334834,0.0,True,True,2000,1.8589075794598158,44.222627850606315,6.9952070765171195
65,2022-12-22 06:00:00,0.8265971178554914,0.03161926312742947,0.04690361235926017,0.12886382321967668,0.19146871414118535,0.0,True,True,2000,1.8498964858069318,44.683425488801156,6.9660018389334795
66,2022-12-22 12:00:00,0.814464576642764,0.03168292479407568,0.04766739074484625,0.1301049434222426,0.18996550643635604,0.0,True,True,2000,1.8349411196665213,44.38641479628421,7.090415165249969
67,2022-12-22 18:00:00,0.8140930188354023,0.03241420181465678,0.04741832728561666,0.130913301232841,0.19026798442998571,0.0,True,True,2000,1.86741822750419,43.59457387986622,7.0103900296510995
68,2022-12-23 00:00:00,0.796986347185924,0.03382827127034643,0.04779104489936404,0.13774768881825786,0.18790054281896273,0.0,True,True,2000,1.8903447426013966,42.16089950286802,7.286908346077471
69,2022-12-23 06:00:00,0.7917756195748809,0.03288694481110255,0.045896531697539614,0.12716439593460557,0.17869117619324673,0.0,True,True,2000,1.8749845170895798,42.22838174706126,6.782157120528912
70,2022-12-23 12:00:00,0.7859192595792761,0.03502925675033423,0.049615152239190635,0.14169800226079,0.19721300047240042,0.0,True,True,2000,1.8555473340521127,42.355117821920444,7.63645311873302
71,2022-12-23 18:00:00,0.7920781475467107,0.03337219571014057,0.04577913065660942,0.12564411742470102,0.19411287595027532,0.0,True,True,2000,1.8392671380527832,43.064877915737526,6.831205474465193
72,2022-12-24 00:00:00,0.7951845966759707,0.03293371675800467,0.04549214137002367,0.13226912256846957,0.17903729562955387,0.0,True,True,2000,1.8449927342312775,43.09960586415465,7.1690863662712445
73,2022-12-24 06:00:00,0.7855104874288644,0.03645265915023346,0.051851755060954956,0.14146000524873548,0.2098388481819745,0.0,True,True,2000,1.8437973209069902,42.60286521310599,7.672210152640274
74,2022-12-24 12:00:00,0.7863964348813248,0.03555530748113216,0.048575372917531834,0.13682986549839188,0.19265696621673936,0.0,True,True,2000,1.852263992982557,42.45595864631864,7.387168676645565
75,2022-12-24 18:00:00,0.790156635298056,0.03431789092293888,0.048028209073490924,0.13764180145251423,0.1975880737683266,0.0,True,True,2000,1.8465515012687652,42.79093406033569,7.453992014733441
76,2022-12-25 00:00:00,0.7991575547282429,0.03463315946998064,0.04760542394074874,0.1295948583135285,0.18746828236214602,0.0,True,True,2000,1.8467867166476366,43.2728667324891,7.017315922045098
77,2022-12-25 06:00:00,0.7918266899137819,0.033808440055784345,0.04748735495317987,0.13320061588905172,0.19269168350632043,0.0,True,True,2000,1.8424994024181447,42.975682319058976,7.229343776949709
78,2022-12-25 12:00:00,0.7504137785050954,0.035625407356653566,0.0481680347311412,0.13498633353038753,0.20051078545204495,0.0,True,True,2000,1.8138846651367346,41.37053435249851,7.44183663519819
79,2022-12-25 18:00:00,0.73267750310651,0.032267732201884045,0.04742795521352021,0.13406237911011717,0.20083828975548657,0.0,True,True,2000,1.7825715426357398,41.102277557015235,7.520729233222825
80,2022-12-26 00:00:00,0.74629198387084,0.034399124925283416,0.04760242678112802,0.13095123289642938,0.1939293897816657,0.0,True,True,2000,1.8140547281975257,41.139441510255196,7.218703540799161
81,2022-12-26 06:00:00,0.7600917729311211,0.035377336593515,0.05007622676102705,0.13887522577179556,0.2078234218555209,0.0,True,True,2000,1.8110484112147573,41.9697103746272,7.668222721812569
82,2022-12-26 12:00:00,0.7681027168514747,0.035518822712085674,0.04880982393097822,0.13348145001058803,0.20524300710332277,0.0,True,True,2000,1.8136158693087752,42.35200683065385,7.35996261774341
83,2022-12-26 18:00:00,0.7534122438065644,0.03173997325908579,0.04546075062919066,0.13104883380125582,0.18460634746427174,0.0,True,True,2000,1.8040920070401167,41.76129825233526,7.263977296604793
84,2022-12-27 00:00:00,0.7717768462467204,0.03172765546603031,0.04597232350886853,0.1275177758261688,0.18192631938006568,0.0,True,True,2000,1.812499780379704,42.580796676567836,7.035464346343527
85,2022-12-27 06:00:00,0.760966860598608,0.03222592412022556,0.04731391857973386,0.1322231479726654,0.1899438197115573,0.0,True,True,2000,1.823985275833926,41.720011158022864,7.249134613337984
86,2022-12-27 12:00:00,0.7403012034634835,0.032296459548318265,0.04737179048209443,0.13566925991725798,0.18120392822097547,0.0,True,True,2000,1.8683594661031406,39.623060599122205,7.261411006749411
87,2022-12-27 18:00:00,0.7388553750596287,0.033192104402898895,0.04842275717966268,0.13509597215323335,0.19769274959486824,0.0,True,True,2000,1.8816711728646753,39.26591349830735,7.179573886310958
88,2022-12-28 00:00:00,0.7472177174943995,0.032518164288356674,0.04761505138721843,0.13473228482840444,0.19628542357763182,0.0,True,True,2000,1.834463550989782,40.73221935051472,7.344505959560213
89,2022-12-28 06:00:00,0.7317393886966257,0.032673404902814535,0.0457146895217512,0.12954861615942703,0.18787806813874514,0.0,True,True,2000,1.832284844287585,39.93589702921627,7.070331698879338
90,2022-12-28 12:00:00,0.7180218480696848,0.030762886111372963,0.04614016473557258,0.13038012391448842,0.18682021341691268,0.0,True,True,2000,1.8001860866821064,39.885979198576024,7.242591467573771
91,2022-12-28 18:00:00,0.7467747275120794,0.03155791425981058,0.04658519973917839,0.1271046899365085,0.19524909897376047,0.0,True,True,2000,1.8551621752610414,40.25387847329305,6.851405857206176
92,2022-12-29 00:00:00,0.7595492518313657,0.03119393967316379,0.045861466729612936,0.12793030502305533,0.18544474422037668,0.0,True,True,2000,1.828029563801696,41.55016236453829,6.998262367103225
93,2022-12-29 06:00:00,0.7436604795331723,0.03231777276355187,0.04704127709541867,0.12807242071738384,0.18790607383338792,0.0,True,True,2000,1.8385569792207508,40.4480518111744,6.965920673922531
94,2022-12-29 12:00:00,0.7721886274348656,0.03455304822674836,0.04952740847260274,0.14189207665213538,0.20225736896573004,0.0,True,True,2000,1.871220843745151,41.266568295026595,7.582861057070408
95,2022-12-29 18:00:00,0.7718120829400855,0.03659342444818935,0.05033506077575519,0.1391952119035008,0.2093196971527555,0.0,True,True,2000,1.8971020678728312,40.68374053302769,7.337254766665064
96,2022-12-30 00:00:00,0.7931746315259626,0.03484291837508368,0.05000182785055626,0.1426400843641773,0.20606738825987794,0.0,True,True,2000,1.887711785661607,42.01778245761018,7.556242719234
97,2022-12-30 06:00:00,0.7454573061862254,0.03281137453145107,0.048401243812565206,0.13222526339197072,0.19899042076220338,0.0,True,True,2000,1.9212198144130677,38.801250153354395,6.88235996735051
98,2022-12-30 12:00:00,0.7305430839325353,0.03563333527025276,0.04991500950430734,0.13909104134030423,0.21290069043269774,0.0,True,True,2000,1.9056673191964106,38.33528951110909,7.298810235091648
99,2022-12-30 18:00:00,0.7448343089459535,0.03311538271490891,0.04790816673727416,0.13005715531190049,0.21276227152075444,0.0,True,True,2000,1.9085008550370497,39.027192834634285,6.814623895433135
100,2022-12-31 00:00:00,0.7857890387909152,0.03323527469121403,0.045972256678989354,0.13016336984343183,0.18725485130052522,0.0,True,True,2000,1.904256072447876,41.26488291991119,6.835392136946681
101,2022-12-31 06:00:00,0.7951250931381472,0.03418714842152904,0.04775549604101071,0.130212441504104,0.19397295315580354,0.0,True,True,2000,1.8858769636348793,42.16208737210545,6.904609580315873
102,2022-12-31 12:00:00,0.8152938120502066,0.03131766371012168,0.04504050290597388,0.1280908362090502,0.18558391010776146,0.0,True,True,2000,1.8625686205234258,43.77255168301342,6.877106958510535
103,2022-12-31 18:00:00,0.8165630800433595,0.03172553736844661,0.047746820926747986,0.13104323944559812,0.1953891151312901,0.0,True,True,2000,1.8276410921907384,44.678524877363635,7.170075131574139
104,2023-01-01 00:00:00,0.8218103315872773,0.030664453794558257,0.04658877078118346,0.12900445777205855,0.19989571146686855,0.0,True,True,2000,1.8334192178958886,44.82391825969963,7.036277165247
105,2023-01-01 06:00:00,0.8238218732035034,0.03363004548963919,0.04871887607219032,0.1352890812438679,0.18519319760937122,0.0,True,True,2000,1.8160127907876098,45.36432107651673,7.449786803824915
106,2023-01-01 12:00:00,0.8150947087116642,0.032449808175963865,0.046997509351812516,0.12916967857937034,0.19344833963755856,0.0,True,True,2000,1.7131979656587462,47.577380142303056,7.53968199639456
107,2023-01-01 18:00:00,0.8159347787733474,0.03304711889881041,0.04715104604197255,0.13492705173521918,0.19296087927209393,0.0,True,True,2000,1.6665673504226302,48.95900418104506,8.09610554898982
108,2023-01-02 00:00:00,0.8073075366811266,0.03441057816011446,0.0486700403458797,0.13613353178309384,0.19841186912886044,0.0,True,True,2000,1.6075890239326678,50.218527537977266,8.46817997363956
109,2023-01-02 06:00:00,0.7751216061978013,0.03533339060074263,0.04667601262548996,0.12638949026067745,0.18227607191107828,0.0,True,True,2000,1.57240465522348,49.29530090252984,8.037974820337464
110,2023-01-02 12:00:00,0.7568650012917723,0.03149492452800767,0.04618301106870201,0.13337547033133912,0.1835535261963077,0.0,True,True,2000,1.5336475889719674,49.350646571883765,8.696617872998006
111,2023-01-02 18:00:00,0.7580499901715384,0.03218712750873215,0.04617615678848987,0.13205345828180184,0.18457024365506594,0.0,True,True,2000,1.4802070173160013,51.21243051165095,8.921283086554268
112,2023-01-03 00:00:00,0.741115505003307,0.034090341633965605,0.0476825746723974,0.1346054333595092,0.1931237426167247,0.0,True,True,2000,1.4526112954361121,51.019533396978346,9.266445454638786
113,2023-01-03 06:00:00,0.7422335908418551,0.03278391660635234,0.04691657287296325,0.13001856132095643,0.20176168958180948,0.0,True,True,2000,1.4519179422772388,51.120904923711464,8.954952448416662
114,2023-01-03 12:00:00,0.7530724952380596,0.035383066158252686,0.04955361843821125,0.13949530328053597,0.19828430584873707,0.0,True,True,2000,1.448535768744287,51.98853293701448,9.630090349889134
115,2023-01-03 18:00:00,0.7414381135560127,0.03447869265012103,0.048530252066354876,0.1322991004815937,0.2035137022693918,0.0,True,True,2000,1.4061418994395494,52.728541397673325,9.408659292090265
116,2023-01-04 00:00:00,0.7334722587951088,0.03338649181042091,0.048221767339530854,0.13535857580696886,0.2085678394236415,0.0,True,True,2000,1.4149047386163536,51.83898525298438,9.566621137995273
117,2023-01-04 06:00:00,0.7211390381491731,0.032422167521508144,0.045815350868629715,0.13300602463007435,0.17908448570441735,0.0,True,True,2000,1.4280586711912735,50.497857874957305,9.313764715221536
118,2023-01-04 12:00:00,0.7227183398695376,0.03503162688669799,0.04850445563590824,0.1364846259430557,0.1919509300285194,0.0,True,True,2000,1.4100842930861348,51.25355579188701,9.679182061119414
119,2023-01-04 18:00:00,0.7510886331846268,0.03420382623317615,0.04688023081867718,0.13332173692613547,0.19109986835910572,0.0,True,True,2000,1.4263818164197528,52.65691307464046,9.346847764841515
120,2023-01-05 00:00:00,0.7493390927272493,0.03261132793863606,0.04673552688643141,0.13512445201256013,0.18938663315134363,0.0,True,True,2000,1.4227679170534475,52.66769680041216,9.497293999460071
121,2023-01-05 06:00:00,0.7754953112048256,0.03225473958601472,0.046506135977628364,0.13241012366747226,0.18632546801632813,0.0,True,True,2000,1.4132668657488954,54.872531862118464,9.369081443603196
122,2023-01-05 12:00:00,0.8095439555727346,0.034818207535753716,0.04950878963136982,0.13766472354141024,0.21073026846622028,0.0,True,True,2000,1.4508021080569553,55.79975043301727,9.488869831171064
123,2023-01-05 18:00:00,0.8029492253257502,0.03302734865195791,0.04570037055663288,0.12801328391889583,0.1806361631456866,0.0,True,True,2000,1.441987145067495,55.68352173404199,8.877560688164381
124,2023-01-06 00:00:00,0.8246182339278635,0.03641639412818486,0.04830499546595489,0.13859894844048617,0.1889013341913052,0.0,True,True,2000,1.4414425462749516,57.207846130175874,9.615294678144512
125,2023-01-06 06:00:00,0.8340309771237548,0.03438918116498715,0.047510860755862895,0.128437171827141,0.20086807852521957,0.0,True,True,2000,1.4837716737677809,56.210196748525185,8.656127765331783
126,2023-01-06 12:00:00,0.8475416261322204,0.03446830833004578,0.048151057497611165,0.13998539064400933,0.1895351723608956,0.0,True,True,2000,1.511226596008874,56.08302741432454,9.263031170422
127,2023-01-06 18:00:00,0.8612792923732521,0.03686867691215064,0.050335119480234364,0.1485635784219047,0.20168914358566795,0.0,True,True,2000,1.564624175212298,55.0470397951245,9.495160612723287
128,2023-01-07 00:00:00,0.8787621606990205,0.036248162449266506,0.05068323584943777,0.1398330865018386,0.2058120231716372,0.0,True,True,2000,1.5588375834246178,56.37291338386028,8.970343542438759
129,2023-01-07 06:00:00,0.8748861135386972,0.03594099269975102,0.048325133352558405,0.13737864422353593,0.1891362693081937,0.0,True,True,2000,1.5203328993913958,57.545693702275514,9.03608967999903
130,2023-01-07 12:00:00,0.8923848635005082,0.03780245112271101,0.05185228745208011,0.1468089080971805,0.20541999251865314,0.0,True,True,2000,1.5318713553671077,58.25455645305484,9.58363165306386
131,2023-01-07 18:00:00,0.8947899892028929,0.03611338677126537,0.0500652818138755,0.14496785619996408,0.1949795569741299,0.0,True,True,2000,1.5355645386091576,58.271076643470266,9.440687939516314
132,2023-01-08 00:00:00,0.9068251130836361,0.036016641001329244,0.048204095664530565,0.13279602282458589,0.19003781843622983,0.0,True,True,2000,1.55704802273391,58.24002213441087,8.528704374282482
133,2023-01-08 06:00:00,0.894189909268116,0.036649527627953586,0.050575634085932006,0.14441755281128388,0.20161713744170975,0.0,True,True,2000,1.5416919385221346,58.000556850889815,9.36747149042775
134,2023-01-08 12:00:00,0.8974593522228153,0.03891855454571082,0.05048058120111654,0.1432176880255359,0.20692362848913076,0.0,True,True,2000,1.538872945348951,58.31926247941864,9.306660985781397
135,2023-01-08 18:00:00,0.9037527751006578,0.03620881351409918,0.05100105546467732,0.14342558142083733,0.21380338788740125,0.0,True,True,2000,1.5696622378291425,57.57625770181974,9.137353117393983
136,2023-01-09 00:00:00,0.9387420672813878,0.03845391811186071,0.05253799341167137,0.1482375233485965,0.21734663334607784,0.0,True,True,2000,1.5513723800865877,60.51042801400094,9.555250902450824
137,2023-01-09 06:00:00,0.9595289052162626,0.03775981342964558,0.0508614182927314,0.14472694617215365,0.19708725513688707,0.0,True,True,2000,1.5425251381904763,62.20507409959478,9.38246921161568
138,2023-01-09 12:00:00,0.9808315904465763,0.03632136569140882,0.04924089029141516,0.13993421155269942,0.19972518258272798,0.0,True,True,2000,1.5666762947428556,62.605886981111425,8.931916058362734
139,2023-01-09 18:00:00,0.9494327831629811,0.03655800205916981,0.04928968685688135,0.13836799997542354,0.19820810248448084,0.0,True,True,2000,1.5347909472223868,61.86072343476046,9.015429770799555
140,2023-01-10 00:00:00,0.9650670342170018,0.036635552164259094,0.05038122320605205,0.13651464329263935,0.20492620259272656,0.0,True,True,2000,1.5419240110114327,62.588495109039854,8.853526005026142
141,2023-01-10 06:00:00,0.9847796327987987,0.03764189551340337,0.050265561542826444,0.14411302170097873,0.19989432223880296,0.0,True,True,2000,1.495560057247256,65.84687977100663,9.636057141445372
142,2023-01-10 12:00:00,1.0025105330861999,0.03759056423375662,0.05022480910466903,0.1427441030314805,0.19551409433930728,0.0,True,True,2000,1.5203172826126132,65.94087593107011,9.389099542838823
143,2023-01-10 18:00:00,0.9706606457299716,0.040369468537225194,0.052446634066020216,0.14900497811958607,0.2120260605286678,0.0,True,True,2000,1.564623966034945,62.03795076652254,9.52337311419261
144,2023-01-11 00:00:00,1.012788985554902,0.040834845637053294,0.053158292115595196,0.15344272359222583,0.21359870556286806,0.0,True,True,2000,1.5841893214093978,63.93105747322289,9.685882963515573
145,2023-01-11 06:00:00,1.0173450104444113,0.040660631925157606,0.051042360280436315,0.14387692231621788,0.19821123171614238,0.0,True,True,2000,1.586038268095946,64.14378712726419,9.071466004974994
146,2023-01-11 12:00:00,1.045899728911531,0.03974152106143859,0.05217264099530616,0.14625728814619043,0.20376545574134394,0.0,True,True,2000,1.5898602704498321,65.7856384206397,9.199380025064006
147,2023-01-11 18:00:00,1.0446520938642734,0.04057892410505748,0.050977703665495804,0.14686942390907384,0.19725364301037115,0.0,True,True,2000,1.63779995724535,63.783863788914466,8.967482460806544
148,2023-01-12 00:00:00,1.0124653591875807,0.03575368980730542,0.04722409402027103,0.13159149915226406,0.19530919732663593,0.0,True,True,2000,1.6471725678265192,61.466866250908446,7.988932169135257
149,2023-01-12 06:00:00,1.0240084833826801,0.03517669295681942,0.04708754545061913,0.13290410475202713,0.19178603739985717,0.0,True,True,2000,1.627629586011588,62.914098648940985,8.165500670069592
150,2023-01-12 12:00:00,1.0258490756200185,0.039322229525027834,0.049521375647913944,0.1418296856725412,0.19750630704818437,0.0,True,True,2000,1.6572143876570864,61.902013599479375,8.558318508992382
151,2023-01-12 18:00:00,1.0139650968796616,0.041524912048337186,0.05182939170335911,0.14662558843317924,0.20633901646430525,0.0,True,True,2000,1.6835853319679754,60.2265342674623,8.709127220880795
152,2023-01-13 00:00:00,1.0237452105413132,0.03937272875223921,0.051955043509386484,0.1473343643719268,0.20845874212122656,0.0,True,True,2000,1.6746863244292576,61.13056490684673,8.79772899692957
153,2023-01-13 06:00:00,1.009497786239532,0.039444805950247915,0.05134771047296122,0.14057295408651727,0.19894077220394374,0.0,True,True,2000,1.6201483059018411,62.30897397245396,8.676548534133644
154,2023-01-13 12:00:00,0.9809677605240068,0.0370049584715291,0.04778715010056613,0.13501513571698234,0.1860197784981427,0.0,True,True,2000,1.6681614014835182,58.80532660998025,8.09364942726235
155,2023-01-13 18:00:00,0.9604604079248619,0.034758242626935866,0.04649081277323964,0.13416885803742618,0.17873641292406905,0.0,True,True,2000,1.664331864331303,57.70846719387642,8.061424582009831
156,2023-01-14 00:00:00,0.9687254209725213,0.037386337690295986,0.04994916433634858,0.1389588111246075,0.20634185945315622,0.0,True,True,2000,1.6356681259762702,59.225059508592224,8.495538240171312
157,2023-01-14 06:00:00,0.9520331169693355,0.03881716360501415,0.04992327213139326,0.1409706734606339,0.20250083535131327,0.0,True,True,2000,1.6407600121176396,58.0239102573324,8.591791146755872
158,2023-01-14 12:00:00,0.9723398997534531,0.0373363205797106,0.048836140657040755,0.1347563028097331,0.1931233524076465,0.0,True,True,2000,1.6268632454330811,59.76777104547655,8.283197938611007
159,2023-01-14 18:00:00,0.9766563001087809,0.03599899130460292,0.048660385919119524,0.14029704055539777,0.1977204261020845,0.0,True,True,2000,1.6526526925274274,59.09628226939595,8.489202915395328
160,2023-01-15 00:00:00,0.9978994308662804,0.03600037883553311,0.04671722437478491,0.13100319008090067,0.19168139171563678,0.0,True,True,2000,1.6022478904846205,62.28121358702198,8.176212361326753
161,2023-01-15 06:00:00,0.9800593946247282,0.03971220200583198,0.05098421427540581,0.14776965447749624,0.19870155133528278,0.0,True,True,2000,1.5417529045704756,63.56786432633754,9.58452252883312
162,2023-01-15 12:00:00,0.9904603746034049,0.03948819287954841,0.05131639471379031,0.14643884305907498,0.20620759500093105,0.0,True,True,2000,1.554278246981548,63.724778785710136,9.421662005722805
163,2023-01-15 18:00:00,0.9813970659897768,0.038708805755682474,0.04975144827820605,0.13658879684856126,0.2081430120067966,0.0,True,True,2000,1.5802940081632213,62.10218231039529,8.643252214017991
164,2023-01-16 00:00:00,0.9812099048438314,0.03719096590307006,0.04890457523365585,0.14006478892521812,0.19183018866600243,0.0,True,True,2000,1.5480560885299037,63.38335620485351,9.047785152166501
165,2023-01-16 06:00:00,0.9765045460315995,0.03912166366077318,0.04902649931570818,0.13736273128640467,0.1928083302485076,0.0,True,True,2000,1.545127383270403,63.198967062815136,8.890058695074313
166,2023-01-16 12:00:00,0.9674868342165779,0.040656566280095306,0.050590923942572336,0.1427528355570472,0.19894036761929848,0.0,True,True,2000,1.5409705746180349,62.7842510527102,9.263826182562362
167,2023-01-16 18:00:00,0.981671571754939,0.042116200022202406,0.052975948354043186,0.151865325173349,0.2216428208807428,0.0,True,True,2000,1.5564665241875206,63.07052265498444,9.757056950044143
168,2023-01-17 00:00:00,0.9999300420851764,0.042826656292678005,0.053259955120059634,0.1543856545149703,0.21317532246259538,0.0,True,True,2000,1.5606947858537177,64.06954461235055,9.89211061088537
169,2023-01-17 06:00:00,0.9899324141078977,0.03860999694592384,0.049428611401499574,0.1408319402394916,0.19759866049652772,0.0,True,True,2000,1.5656197415536117,63.229428438706194,8.99528388034631
170,2023-01-17 12:00:00,1.021024414338291,0.03965870989077057,0.05033710508207829,0.1468351004905812,0.19035500249472515,0.0,True,True,2000,1.5789331538214857,64.66546173073316,9.299640085154765
171,2023-01-17 18:00:00,1.0319714811775764,0.04589188408577497,0.0562294088291435,0.16212493208321999,0.22529487595508402,0.0,True,True,2000,1.6049660579245093,64.29864831609517,10.101455497001274
172,2023-01-18 00:00:00,1.0339856776191798,0.044371993516934126,0.05394287681595377,0.1521883169817063,0.2193752787237739,0.0,True,True,2000,1.6081841384278865,64.29522919122768,9.463363886332141
173,2023-01-18 06:00:00,1.021941869975675,0.04347631340861605,0.053711459019754944,0.15099421624614418,0.20928617783007467,0.0,True,True,2000,1.6484976608825503,61.99231544123403,9.159504428129242
174,2023-01-18 12:00:00,1.0404314306685851,0.042215180330114295,0.0540028298202066,0.15433173546863227,0.2088625492100958,0.0,True,True,2000,1.6293986464459234,63.85370657684016,9.471699010261467
175,2023-01-18 18:00:00,1.0336629371349737,0.04574167426826432,0.05421715728537704,0.1547935053908803,0.21729209966050603,0.0,True,True,2000,1.6363428694131776,63.169092276221065,9.459723159755146
176,2023-01-19 00:00:00,1.0295031424917716,0.04410902900025281,0.05363612122060294,0.15075231283220195,0.21334133257662316,0.0,True,True,2000,1.7044228081074548,60.401863762601494,8.844772090300367
177,2023-01-19 06:00:00,1.0305968893585857,0.04369529889791722,0.05499555411586955,0.15374150783203852,0.2262612785838203,0.0,True,True,2000,1.6990474234383703,60.65733511269285,9.048688442192573
178,2023-01-19 12:00:00,1.0560380408293844,0.04673701829735156,0.054051718887059425,0.15680330695732572,0.20388849428549796,0.0,True,True,2000,1.7177305727284238,61.47867759912927,9.128515813062647
179,2023-01-19 18:00:00,1.0617536078562786,0.04804563618078754,0.05598095189989358,0.15579307070990853,0.2114671848610952,0.0,True,True,2000,1.7546227001191539,60.51179024323442,8.879006905548916
180,2023-01-20 00:00:00,1.070507228324107,0.04782393047553133,0.05767024851018514,0.1658954482112201,0.23636330338200323,0.0,True,True,2000,1.7398881779018804,61.52735801762987,9.534833923135928
181,2023-01-20 06:00:00,1.035069924826425,0.05141311370240062,0.0591839653785881,0.17025126587175027,0.2397505641177413,0.0,True,True,2000,1.742238728916782,59.41033841383887,9.771982624769347
182,2023-01-20 12:00:00,1.0189819799668804,0.04803557849458318,0.057241052063083185,0.16604116998299476,0.21821862379388168,0.0,True,True,2000,1.7486042964909214,58.27401785594154,9.495640055111625
183,2023-01-20 18:00:00,1.0089232674741202,0.049185181511065566,0.05916704107524769,0.168671859555629,0.22732888172561563,0.0,True,True,2000,1.7662603106978758,57.12200298921282,9.549660292654384
184,2023-01-21 00:00:00,1.0422029750890038,0.05126195813028068,0.05727569931448007,0.16376223378291668,0.22185070944829918,0.0,True,True,2000,1.7355610693561945,60.04991662296323,9.43569412072974
185,2023-01-21 06:00:00,1.0334242902597657,0.048511803703974544,0.05695685650273204,0.15843754144352437,0.22605138429773036,0.0,True,True,2000,1.7268501302036876,59.84446896603991,9.174944523114819
186,2023-01-21 12:00:00,1.0377881644771942,0.054386835243733916,0.06239596873852767,0.18078929989019546,0.2527116882636917,0.0,True,True,2000,1.7331583116434386,59.878440273187095,10.431205197796675
187,2023-01-21 18:00:00,1.0484138738453044,0.057263889971458586,0.06652125459434838,0.18869718421469026,0.2704331473925913,0.0,True,True,2000,1.7213058093833495,60.908054113922624,10.962443929837791
188,2023-01-22 00:00:00,1.093889236576241,0.05739696282572198,0.06280186918239838,0.18265482541380573,0.24187723737647426,0.0,True,True,2000,1.7130953631520838,63.854544242271025,10.66226839104404
189,2023-01-22 06:00:00,1.0937041121841655,0.0570104486343621,0.0648049214265298,0.1858632224749119,0.25000066662477255,0.0,True,True,2000,1.7140682399251737,63.80750116645941,10.843396904841176
190,2023-01-22 12:00:00,1.0576511830808404,0.05237632602928106,0.06046521727034207,0.17443226418506783,0.23297088346468714,0.0,True,True,2000,1.725886235791405,61.28162802085587,10.10682283499885
191,2023-01-22 18:00:00,1.0809061687078088,0.051932794476247796,0.05970906107285766,0.17130787411064272,0.24061195884293443,0.0,True,True,2000,1.7174407289444173,62.93702894609709,9.974601814406304
192,2023-01-23 00:00:00,1.0967037920238631,0.050644256834365395,0.05849284717923063,0.16521818815843267,0.22568831876780693,0.0,True,True,2000,1.71824741988447,63.826884261965155,9.615506256342377
193,2023-01-23 06:00:00,1.082024753365877,0.05236276010225084,0.05944271820033641,0.17010485276894324,0.22806957841599898,0.0,True,True,2000,1.7270982545841136,62.649866647362764,9.849170556304257
194,2023-01-23 12:00:00,1.1118711414063955,0.04996832589582815,0.05934887863411827,0.16710410728073619,0.23126841874602946,0.0,True,True,2000,1.7356778485778024,64.0597644498057,9.627599235518254
195,2023-01-23 18:00:00,1.0981858172655907,0.052258621540265594,0.06002286774497962,0.17535843139158716,0.2364293099668921,0.0,True,True,2000,1.7309142313724615,63.445420770203434,10.13097172657385
196,2023-01-24 00:00:00,1.073933671249,0.04976396680453672,0.060151294469795794,0.17433109161533328,0.24014982527833,0.0,True,True,2000,1.723840590551018,62.298896843223886,10.112947367111778
197,2023-01-24 06:00:00,1.071187467945597,0.047294866801720715,0.056421226446719826,0.16392337057199466,0.2143954400448728,0.0,True,True,2000,1.7456177072769359,61.36437912379959,9.390565293228251
198,2023-01-24 12:00:00,1.1106517381887901,0.05388497825251043,0.06131739157251497,0.17552856023385757,0.2478702534787587,0.0,True,True,2000,1.8129332628902286,61.262692947569306,9.682019952241653
199,2023-01-24 18:00:00,1.0904298600980142,0.05473186546776271,0.06232251321790964,0.180336591117924,0.23925054210742724,0.0,True,True,2000,1.8304824063380347,59.570627738480695,9.851861481624166
200,2023-01-25 00:00:00,1.0797271080127524,0.05186507853015091,0.06057366349575744,0.17573810112728633,0.2421073868414895,0.0,True,True,2000,1.870515820145226,57.72349511210885,9.395167858758986
201,2023-01-25 06:00:00,1.0630428301229216,0.05296628581533406,0.060314030790177456,0.17281110772577407,0.2392831343756798,0.0,True,True,2000,1.8761816153527424,56.65991082228241,9.210787820947905
202,2023-01-25 12:00:00,1.0667128076814922,0.05741729074192905,0.06368301180978636,0.18293531351744718,0.2531889827523708,0.0,True,True,2000,1.8732429427764443,56.94471247282288,9.765701465625591
203,2023-01-25 18:00:00,1.0624008127783842,0.06051031903095615,0.06440562907016116,0.185899631342312,0.24548141791574113,0.0,True,True,2000,1.8722628304166369,56.7442132332439,9.929141802219272
204,2023-01-26 00:00:00,1.070831151197291,0.06129154052757919,0.06569919088243888,0.1894893548947236,0.2514337645720474,0.0,True,True,2000,1.8388414014576033,58.23401356682909,10.304823175316814
205,2023-01-26 06:00:00,1.0769516505009364,0.060788604483912434,0.06735872972491744,0.1951563995814814,0.26504885870227873,0.0,True,True,2000,1.8050801029664718,59.66226367079622,10.811509099278254
206,2023-01-26 12:00:00,1.099660503570795,0.06352818543690393,0.06781839689849248,0.19589310277659672,0.2644364162182122,0.0,True,True,2000,1.8196470620185454,60.43262600335996,10.765444951687023
207,2023-01-26 18:00:00,1.1088266062171697,0.06815361351494453,0.07068113241365079,0.20675775216188982,0.27427142579606145,0.0,True,True,2000,1.846940878955303,60.03584732199778,11.194605876006142
208,2023-01-27 00:00:00,1.1004083373348164,0.06977691355136893,0.0716802110544164,0.2091965387398064,0.27870759966014735,0.0,True,True,2000,1.8265057499470145,60.246639648779556,11.453374222658484
209,2023-01-27 06:00:00,1.1137706009675088,0.06850873136690651,0.07115510765731385,0.21046766693311694,0.27243330306971125,0.0,True,True,2000,1.7927726353851428,62.12559133178852,11.739785780917055
210,2023-01-27 12:00:00,1.0864461568833663,0.06898323515615956,0.0730641735410384,0.21487829784999343,0.28830628574020434,0.0,True,True,2000,1.8092428697731924,60.04976860953797,11.87669723285579
211,2023-01-27 18:00:00,1.1048568611304137,0.06897646702860284,0.0716015394768232,0.2115331706895529,0.27743558999532014,0.0,True,True,2000,1.809369471306903,61.06308737111489,11.690988161570065
212,2023-01-28 00:00:00,1.1343366897385978,0.07098879868489204,0.0737933587430907,0.21564693491896852,0.288624890199996,0.0,True,True,2000,1.812037564784884,62.60006479905732,11.900798256606178
213,2023-01-28 06:00:00,1.1036994647886298,0.0712490032353489,0.07291512260582834,0.21080386777776142,0.2838927030682298,0.0,True,True,2000,1.7924953041423701,61.57335320421949,11.760358160526494
214,2023-01-28 12:00:00,1.0616984410462673,0.07076875222386406,0.07393947553473655,0.21014740565034035,0.2786766464308842,0.0,True,True,2000,1.7712899065304857,59.93928137522497,11.86408870030579
215,2023-01-28 18:00:00,1.0475144300595012,0.06436829377065105,0.06801372365076638,0.19421149695315357,0.2722333553523038,0.0,True,True,2000,1.7875080897476556,58.60194066072059,10.864929678755782
216,2023-01-29 00:00:00,1.0867288033359594,0.06761915305023485,0.07294096792744038,0.20939263550248982,0.2980828034979482,0.0,True,True,2000,1.8117065957986334,59.9837085020331,11.557756426348147
217,2023-01-29 06:00:00,1.0859467484625205,0.06463378369270965,0.07015252883143688,0.20180434547906811,0.2719865580268159,0.0,True,True,2000,1.7939004472903344,60.53550798222,11.249472945050613
218,2023-01-29 12:00:00,1.108645138600312,0.06753015512630436,0.070826855065953,0.20331329002071483,0.2860111729501118,0.0,True,True,2000,1.7915250093962771,61.88276093192315,11.34861578567798
219,2023-01-29 18:00:00,1.0969860928882524,0.06813248629893139,0.07002488922347505,0.20353123294373182,0.2697722430776666,0.0,True,True,2000,1.7912310378311362,61.24202125352342,11.362645501619497
220,2023-01-30 00:00:00,1.1145189653798617,0.07017985228167611,0.07141444977654349,0.2047490438621873,0.2872830962949399,0.0,True,True,2000,1.797268272559392,62.011831088117745,11.392236038897817
221,2023-01-30 06:00:00,1.1321084241210346,0.06772757636653423,0.07120922382314072,0.21357095174635513,0.27428470311773345,0.0,True,True,2000,1.7472412752758504,64.79405220909172,12.223323405214146
222,2023-01-30 12:00:00,1.1211576495315485,0.07361561367396684,0.07395605222454026,0.21766351784391996,0.2854457605179372,0.0,True,True,2000,1.7046766777087803,65.76951888838373,12.76861006489963
223,2023-01-30 18:00:00,1.1172785194976143,0.07041338833020606,0.07392084608707152,0.2141724096805736,0.29008577704716565,0.0,True,True,2000,1.7280988374148243,64.65362369949996,12.39352779155665
224,2023-01-31 00:00:00,1.1228734903331181,0.07121943272327218,0.07230242507609687,0.213264921244487,0.27392780780751974,0.0,True,True,2000,1.7056834667893193,65.831293566253,12.503194490471593
225,2023-01-31 06:00:00,1.1227469605428395,0.07348363505702932,0.07438013497218195,0.22394411283205182,0.2910389913853747,0.0,True,True,2000,1.6793716510110874,66.85518121416871,13.334994234136522
226,2023-01-31 12:00:00,1.1048171045653337,0.07519086818535908,0.07369270721289925,0.21594585516374437,0.2808313694649845,0.0,True,True,2000,1.6973127176041858,65.09213612237704,12.722808998247489
227,2023-01-31 18:00:00,1.1198852759833609,0.07123342945992997,0.07610177583633809,0.2160502506580139,0.30800284268425443,0.0,True,True,2000,1.7000327656400598,65.87433481387788,12.708593329768636
228,2023-02-01 00:00:00,1.1079517223375615,0.07073879258422613,0.0745551961925674,0.2186595304582644,0.29046906436323683,0.0,True,True,2000,1.6945699702418053,65.38247117523646,12.903540974885974
229,2023-02-01 06:00:00,1.095907277660702,0.0664517120621959,0.07044141369852656,0.2044542429320682,0.2782331676011711,0.0,True,True,2000,1.6959246855226497,64.62004398048876,12.055620433938053
230,2023-02-01 12:00:00,1.1089565487389246,0.07447204340245055,0.07841307996544784,0.22991319020956982,0.30998646524603785,0.0,True,True,2000,1.6876607392655596,65.70968459108215,13.623187697642598
231,2023-02-01 18:00:00,1.1136930248889254,0.08145095583863396,0.08368885315458513,0.2504148129912164,0.33443989258643897,0.0,True,True,2000,1.679272059273723,66.31998780296459,14.912105016474792
232,2023-02-02 00:00:00,1.1235040534160647,0.07842387394644126,0.08236176060329121,0.24219494418001455,0.32588608961807813,0.0,True,True,2000,1.6706493160583487,67.24954439072872,14.497054639296646
233,2023-02-02 06:00:00,1.1150732071674851,0.07457297030290953,0.07880241829756708,0.22769741962808082,0.32478610500063043,0.0,True,True,2000,1.677904962885763,66.45627921915877,13.570340672720398
234,2023-02-02 12:00:00,1.1344011276537322,0.07705881033140569,0.08210078744718906,0.23376243077274167,0.3426096888059269,0.0,True,True,2000,1.7028774980549406,66.61671957903414,13.727495432862883
235,2023-02-02 18:00:00,1.1404136160483969,0.08182667134264605,0.08448812230263587,0.24038694141923825,0.34248652564086424,0.0,True,True,2000,1.674127386928695,68.11988292841718,14.358939665890363
236,2023-02-03 00:00:00,1.1488315929968798,0.08294228084256874,0.08468680270386664,0.25311979570386084,0.3295637171720826,0.0,True,True,2000,1.653065286572964,69.49704904750426,15.312147545522151
237,2023-02-03 06:00:00,1.1581922059211034,0.08150610680607144,0.08455720478481069,0.24064109185524657,0.3380845466782666,0.0,True,True,2000,1.6551114595448153,69.97668943937025,14.539268063640082
238,2023-02-03 12:00:00,1.1381763930063638,0.08804871944378524,0.08815623081906168,0.2578354668235721,0.3542655063021912,0.0,True,True,2000,1.6547352166860703,68.78299207807905,15.581675196345786
239,2023-02-03 18:00:00,1.1454584686928384,0.08447286416461774,0.08494911733995145,0.25019213068391,0.341343615978959,0.0,True,True,2000,1.645508671170979,69.61120830057406,15.204546476553535
240,2023-02-04 00:00:00,1.1569151010118874,0.08854657564635639,0.08846380625706633,0.25849798972339516,0.3467740001729534,0.0,True,True,2000,1.6694254825895707,69.30019417322598,15.484248468665976
241,2023-02-04 06:00:00,1.154831951424128,0.09390200508580401,0.08992806187555552,0.2594513127767864,0.3562442155492239,0.0,True,True,2000,1.6734444663859511,69.00927844460575,15.504028845194343
242,2023-02-04 12:00:00,1.1342921913088695,0.08930721739024679,0.0880507012921733,0.2622094138472688,0.35013153434042427,0.0,True,True,2000,1.6690650206778677,67.95973657444408,15.709958006355922
243,2023-02-04 18:00:00,1.1325615108692473,0.08119709608892302,0.08346904935792136,0.24727475068807905,0.33184695549831256,0.0,True,True,2000,1.6789363326200524,67.45708511184795,14.728060015366761
244,2023-02-05 00:00:00,1.15444765199699,0.08532484567819586,0.08302519356871328,0.24848272609368996,0.3212598273907468,0.0,True,True,2000,1.6880988390851783,68.38744422231895,14.719678749873957
245,2023-02-05 06:00:00,1.136428275807498,0.08620413833329146,0.08612641009069194,0.25523440067217384,0.34836017271368336,0.0,True,True,2000,1.675165113138231,67.83977692076746,15.236372741432113
246,2023-02-05 12:00:00,1.1047946873971848,0.08258240949428247,0.08562247342457692,0.24919292023172263,0.35636933152291783,0.0,True,True,2000,1.675700150249105,65.93033289595093,14.87097319855693
247,2023-02-05 18:00:00,1.0972235278629943,0.07541572215193855,0.08031977746261085,0.22774471710234806,0.3267659069806732,0.0,True,True,2000,1.666717312565883,65.83141121716899,13.664267802662886
248,2023-02-06 00:00:00,1.090848616806045,0.07618552205804374,0.08315953835910819,0.24187698561281049,0.3452947491511403,0.0,True,True,2000,1.7104350009051794,63.77609299556878,14.14125561537309
249,2023-02-06 06:00:00,1.0827502161296725,0.07878732499942875,0.08662395217177286,0.25989604229810304,0.34061983040401167,0.0,True,True,2000,1.732972977305094,62.47934793613644,14.99712030722264
250,2023-02-06 12:00:00,1.0620644173345137,0.08012869955492298,0.08643782794814578,0.2602101315557499,0.3437766246706674,0.0,True,True,2000,1.7252443617678972,61.56023116900333,15.082508734536981
251,2023-02-06 18:00:00,1.0276374832819875,0.08318247828006793,0.08851874876926685,0.26311025098282886,0.3507169527094055,0.0,True,True,2000,1.6971091602624107,60.55223242817757,15.50343708840427
252,2023-02-07 00:00:00,1.0497040723048294,0.08193189049654194,0.08760952768556125,0.25026749572605145,0.36522201356690526,0.0,True,True,2000,1.7417276154341148,60.26798122754672,14.368922758549353
253,2023-02-07 06:00:00,1.0432497458899148,0.08978935982330123,0.09349735905080324,0.27524440533775857,0.37583282712556265,0.0,True,True,2000,1.7508656065555557,59.584798626679294,15.720475878171003
254,2023-02-07 12:00:00,1.0275850057893994,0.0832557803451596,0.0899414165418173,0.2680239851305568,0.3736759184027949,0.0,True,True,2000,1.747868409213107,58.79075337553699,15.334334307879713
255,2023-02-07 18:00:00,0.9965550191964105,0.07628149054176264,0.08710201249082632,0.2578709423612014,0.35277858633345016,0.0,True,True,2000,1.7499439417128364,56.947825324106525,14.73595446199257
256,2023-02-08 00:00:00,1.0023506342734612,0.07552813113865085,0.08211651121838223,0.23339028611397986,0.3367616315149536,0.0,True,True,2000,1.7605219417429312,56.93485610756579,13.256880279658517
257,2023-02-08 06:00:00,1.0108943728453446,0.07290642603054553,0.07839730908904699,0.22940212447839745,0.3159796709723923,0.0,True,True,2000,1.7704052161199506,57.09960429628859,12.957605546438625
258,2023-02-08 12:00:00,1.0018103633592508,0.07133786114291973,0.08081301446340262,0.23091888668753474,0.3287284091661328,0.0,True,True,2000,1.7649265248165,56.762156909812965,13.083767705941382
259,2023-02-08 18:00:00,0.9800746642270917,0.0649340703553293,0.0774119209456355,0.22612997016423697,0.3115943694947904,0.0,True,True,2000,1.7466725254084154,56.11095668880037,12.946328912533971
260,2023-02-09 00:00:00,0.9724257027065081,0.07006171530769574,0.07897813747753378,0.2271632203311461,0.315648945641706,0.0,True,True,2000,1.7457894958991422,55.70120023008129,13.012062500361715
261,2023-02-09 06:00:00,0.975306440228491,0.06814571666961163,0.07899917029969492,0.22783329404686536,0.327329779731791,0.0,True,True,2000,1.7412086977859809,56.01318448894917,13.084778081832743
262,2023-02-09 12:00:00,0.9846403663744675,0.06771513253758078,0.0804012478311105,0.23303563779469563,0.33571454952230556,0.0,True,True,2000,1.7625217707158742,55.86543001818022,13.221716841548275
263,2023-02-09 18:00:00,0.9535460036622382,0.0628099678272816,0.07793803760618445,0.22093294381914086,0.31627296718569864,0.0,True,True,2000,1.7298673981874975,55.12249116096035,12.771669322783218
264,2023-02-10 00:00:00,0.9558735243807827,0.06673027921404082,0.07844131342888307,0.22467563398939921,0.3181301332236349,0.0,True,True,2000,1.73955057974956,54.94945277868253,12.915728729298884
265,2023-02-10 06:00:00,0.9228823598875834,0.06186481047237301,0.07615285673111928,0.22247043682749573,0.311573741549902,0.0,True,True,2000,1.7654838910413164,52.27362110584025,12.601102618743147
266,2023-02-10 12:00:00,0.8866655943534085,0.06547125979065839,0.07833306558669742,0.2274066207154214,0.3157588619137485,0.0,True,True,2000,1.7618456393171613,50.32595220413597,12.907295374840977
267,2023-02-10 18:00:00,0.894855541322186,0.05975250580489512,0.07045082135477984,0.20321866877533565,0.2770717629073602,0.0,True,True,2000,1.8108843656988851,49.415388319222096,11.222067660676185
268,2023-02-11 00:00:00,0.9122580654278651,0.06186255141095852,0.07095585562621037,0.20647967663899194,0.27051311228648145,0.0,True,True,2000,1.8191025057865124,50.1487993406638,11.350634501474548
269,2023-02-11 06:00:00,0.9077376507927676,0.06520863910386825,0.07304324471690021,0.2148004467094396,0.2955711204109177,0.0,True,True,2000,1.8164617186070309,49.97284784448273,11.825211867066548
270,2023-02-11 12:00:00,0.9149746959760545,0.07013946874663159,0.07589616321624229,0.21939951855349532,0.30833343129730995,0.0,True,True,2000,1.8305899492731064,49.98250407413053,11.985180987179287
271,2023-02-11 18:00:00,0.9178817942030981,0.06404427982595479,0.07294640563560342,0.2071554977039835,0.2997843599718048,0.0,True,True,2000,1.822429436837073,50.365834509133734,11.36699690625681
272,2023-02-12 00:00:00,0.9347412580592162,0.06911764388616257,0.07490528663106191,0.2177192606188947,0.2938695504006551,0.0,True,True,2000,1.8533514355966432,50.435186770624426,11.747327378782053
273,2023-02-12 06:00:00,0.9203170425532177,0.07210085770236742,0.07799424949627104,0.22490180394680123,0.31746692491008227,0.0,True,True,2000,1.8585377504183436,49.51834001467341,12.101008112220343
274,2023-02-12 12:00:00,0.9260223542900974,0.07375255136413363,0.07861948534921155,0.22877381916244446,0.31443656849843193,0.0,True,True,2000,1.8398792444745338,50.330604960684134,12.434175767213562
275,2023-02-12 18:00:00,0.9643108694547815,0.07248627993758411,0.07759623038913369,0.2264971031190287,0.31454495029564783,0.0,True,True,2000,1.8142379887968492,53.15239099883941,12.484420705424382
276,2023-02-13 00:00:00,0.9837448870878995,0.07560577929434079,0.0780437465495678,0.22466890708516762,0.3123491431934087,0.0,True,True,2000,1.8019927496472143,54.59205578271569,12.467803054654478
277,2023-02-13 06:00:00,0.9852879013386783,0.0745637349070074,0.07616140832433477,0.22578028627836044,0.29166017112700965,0.0,True,True,2000,1.7977495237755634,54.806739665791426,12.559051374642308
278,2023-02-13 12:00:00,0.9739301047007628,0.07195626554169428,0.07644972257572023,0.2229680806116719,0.29933500753114584,0.0,True,True,2000,1.7982819256759328,54.15892195739469,12.39895021064972
279,2023-02-13 18:00:00,0.9743603018424368,0.07252387869370118,0.07733861728012552,0.22882663190679903,0.30128173827511284,0.0,True,True,2000,1.7894998284094585,54.448750783534116,12.787183785884155
280,2023-02-14 00:00:00,0.9814677455786532,0.07190702119702684,0.0766137883624134,0.22744148146736368,0.29781524607698373,0.0,True,True,2000,1.7895760143538446,54.843590755938244,12.709238369485249
281,2023-02-14 06:00:00,1.016286286839104,0.06939735674357617,0.07500689079704094,0.21496461902346153,0.29953628776912744,0.0,True,True,2000,1.794318987633144,56.639108979149256,11.980290043467564
282,2023-02-14 12:00:00,1.066212937734952,0.07117673829206835,0.0725951890368532,0.21152169302851315,0.27435450636070935,0.0,True,True,2000,1.7804292386706648,59.88516221689476,11.880376284229255
283,2023-02-14 18:00:00,1.049126017504413,0.06902383766559556,0.07360464440719681,0.2113249516106385,0.2987752064250999,0.0,True,True,2000,1.7780107027449765,59.005607552571135,11.885471290155063
284,2023-02-15 00:00:00,1.0327270631340137,0.07481072175663306,0.07774416973285418,0.2309829699447623,0.30291491787191127,0.0,True,True,2000,1.7264318137166623,59.81858390982491,13.379211858214207
285,2023-02-15 06:00:00,1.0369859696979424,0.07389056324369805,0.0760772994077485,0.21990067521199175,0.3020578769030202,0.0,True,True,2000,1.73003219525986,59.94027004463819,12.710785141137878
286,2023-02-15 12:00:00,1.04935258261246,0.07312441646274692,0.07779823891623473,0.2217316056867831,0.31218556426708977,0.0,True,True,2000,1.7139379607302057,61.22465378883341,12.936968009759036
287,2023-02-15 18:00:00,1.0651958048541805,0.07744686262190656,0.07997445758095917,0.2391424089671973,0.3141099039290836,0.0,True,True,2000,1.7177065212396527,62.01267746747789,13.922192528826779
288,2023-02-16 00:00:00,1.0698424676295506,0.07539622476695465,0.07616220155353326,0.22528458469264434,0.2941931181439305,0.0,True,True,2000,1.6973237325622486,63.03113820334888,13.2729296344993
289,2023-02-16 06:00:00,1.0163958223768899,0.0754181661363725,0.07488029636789796,0.2215476304040587,0.2973836973401444,0.0,True,True,2000,1.6866466276154075,60.26133783659694,13.135391063941132
290,2023-02-16 12:00:00,1.0184833998460818,0.07388091106354205,0.07476459798371002,0.21375608487223705,0.2978663946003744,0.0,True,True,2000,1.663543414591692,61.22373428384874,12.849444324523526
291,2023-02-16 18:00:00,1.0246775223525124,0.07073260161746618,0.07279815977206554,0.21306762194606196,0.28020313328040913,0.0,True,True,2000,1.6656992655173464,61.51635793837369,12.791482013404485
292,2023-02-17 00:00:00,1.032879992991385,0.07039237557060955,0.07480396266606182,0.21108321518130768,0.2935939932799075,0.0,True,True,2000,1.658800919160688,62.26666389321731,12.725048120187354
293,2023-02-17 06:00:00,1.0079526568541843,0.07091686994236351,0.07453869671886156,0.21696098923763785,0.2883903283263761,0.0,True,True,2000,1.6513769011758905,61.037105226338994,13.138187235339622
294,2023-02-17 12:00:00,1.019840295283972,0.06800351171886174,0.07418884125673586,0.21438120110067357,0.29963968342124864,0.0,True,True,2000,1.6537395890305102,61.66873563702035,12.963419544570048
295,2023-02-17 18:00:00,0.9951756950104768,0.0671574668545105,0.07178356517257317,0.21092563127219008,0.27416858954255,0.0,True,True,2000,1.6641819646626481,59.799692349881475,12.67443319005969
296,2023-02-18 00:00:00,1.015740449708854,0.06802442859077451,0.07351910701723885,0.21242946559850343,0.3013376576753708,0.0,True,True,2000,1.6499825479625718,61.56067838190826,12.8746492416429
297,2023-02-18 06:00:00,1.0073215854025128,0.06846338292513773,0.07226451706904911,0.2115297971924309,0.28199707948122593,0.0,True,True,2000,1.6677614058728003,60.39962202359184,12.683456785098684
298,2023-02-18 12:00:00,1.0087901110927537,0.0609496118796531,0.06825493570954849,0.19007117325572623,0.2694227805058317,0.0,True,True,2000,1.653787542076875,60.99877314506102,11.493082903323195
299,2023-02-18 18:00:00,1.0027233569819618,0.05692028154890502,0.0648154707950977,0.18546566408809378,0.2591576828480345,0.0,True,True,2000,1.6210141814454342,61.857778202029564,11.44133507349805
300,2023-02-19 00:00:00,1.018457183850834,0.05657470394047878,0.0643087561817594,0.17943457941884672,0.2613694326202323,0.0,True,True,2000,1.6378451778217926,62.18275070451429,10.955527533895532
301,2023-02-19 06:00:00,1.0014133723125673,0.05636077783293275,0.06557675296935826,0.18898893085472562,0.25599098518008295,0.0,True,True,2000,1.6130443759101156,62.082196080163484,11.716288384694554
302,2023-02-19 12:00:00,0.9834275409272385,0.05491849152292437,0.06424733042029096,0.1845733572696587,0.24578440127889536,0.0,True,True,2000,1.6414475832134556,59.912211086386705,11.244547749025294
303,2023-02-19 18:00:00,0.9692976409826148,0.05036127680484674,0.06217745493236307,0.175785708996426,0.2529451657770723,0.0,True,True,2000,1.6292034689569188,59.495186417887865,10.78967190690866
304,2023-02-20 00:00:00,0.9975217977599578,0.05542475195132559,0.06501289907979117,0.1849668457352995,0.25727915928466183,0.0,True,True,2000,1.6215383793715294,61.51700203029261,11.406874366241542
305,2023-02-20 06:00:00,0.9665900228343888,0.05314587967194608,0.06292057448692902,0.1816363582344301,0.24549182420329752,0.0,True,True,2000,1.6422780308364844,58.85666158135611,11.060024844996235
306,2023-02-20 12:00:00,0.9617303431541853,0.05208542643605232,0.06397231535984893,0.18196777810900974,0.2647932624946621,0.0,True,True,2000,1.6289949486914985,59.03826429460091,11.17055508706007
307,2023-02-20 18:00:00,0.9483754496313764,0.04667004831715002,0.059260094693034344,0.16738796505111087,0.23350350381754637,0.0,True,True,2000,1.6302263630027336,58.17446405936856,10.267774393170587
308,2023-02-21 00:00:00,0.9562998417223929,0.04720346560927104,0.061647159678948515,0.17252350561591917,0.24318720940519348,0.0,True,True,2000,1.6445064623676173,58.151175663098066,10.490898610853424
309,2023-02-21 06:00:00,0.9649021846232885,0.05022257533839267,0.06230092929526608,0.17245838716632272,0.2560455384849486,0.0,True,True,2000,1.6306342225751236,59.17342904158479,10.57615403741335
310,2023-02-21 12:00:00,1.021279442627349,0.04951364395897646,0.06326180823580284,0.17711014317917162,0.2616589261363854,0.0,True,True,2000,1.6213965891118787,62.987639759792245,10.923307990686219
311,2023-02-21 18:00:00,1.0038499279022908,0.051209105175126925,0.06180818122094074,0.17708689657844312,0.24330165801686812,0.0,True,True,2000,1.6438854718339597,61.065685237936364,10.772459493840563
312,2023-02-22 00:00:00,1.0301305879444043,0.0554876412846638,0.06616734762996734,0.18874880076966805,0.2649989529167016,0.0,True,True,2000,1.6312089172726805,63.15135829852767,11.571099125993554
313,2023-02-22 06:00:00,1.0297950167994812,0.05707144061397364,0.06721027538437087,0.1883098304659018,0.27668929009550325,0.0,True,True,2000,1.6391045524746752,62.82668273019709,11.488579552878232
314,2023-02-22 12:00:00,0.9977781245777809,0.053997904179926275,0.06371990207343124,0.18094935110856003,0.2445067018570647,0.0,True,True,2000,1.6155654996996993,61.760301563956865,11.200372324253943
315,2023-02-22 18:00:00,0.9820245539572225,0.05136448189095203,0.061454952729204225,0.17085801847913534,0.2459623661380521,0.0,True,True,2000,1.581399438810389,62.09845089460463,10.80422910783778
316,2023-02-23 00:00:00,1.019598778371057,0.054388207156135335,0.06690622433943033,0.18882578499872016,0.2750648866656324,0.0,True,True,2000,1.5874108686002615,64.23030095983361,11.895205503110983
317,2023-02-23 06:00:00,1.0065763203240718,0.05358333584406449,0.06595427432201277,0.18680844123899604,0.25124985640656755,0.0,True,True,2000,1.5950765424886122,63.10520489215069,11.711565950781306
318,2023-02-23 12:00:00,1.0056721259635029,0.05410728148905585,0.06502048450281551,0.18705078713655418,0.25266855392772086,0.0,True,True,2000,1.5847510557601159,63.45931257203918,11.8031653272404
319,2023-02-23 18:00:00,1.0072061025008978,0.04871321270667202,0.0617296964674926,0.17116810235336785,0.26080213413056663,0.0,True,True,2000,1.5611217236003685,64.51810177735587,10.964430240494504
320,2023-02-24 00:00:00,1.0067273424105345,0.05573123467644754,0.06908017997627691,0.20087225615138649,0.27641841230954806,0.0,True,True,2000,1.5719556314436822,64.04298710937263,12.778494006660077
321,2023-02-24 06:00:00,0.9976058855027641,0.0492191421601695,0.06415193249894476,0.18136911869705996,0.259753305488738,0.0,True,True,2000,1.5764277493508774,63.28268998776166,11.505070167138454
322,2023-02-24 12:00:00,1.0093672967394993,0.04917643502417209,0.060592321670155096,0.17123514669196493,0.24178551404578355,0.0,True,True,2000,1.5892446904711026,63.51239068417405,10.774624431257681
323,2023-02-24 18:00:00,1.0106402728402684,0.04721275934789659,0.05926424917738428,0.17124925058434323,0.23824769402352142,0.0,True,True,2000,1.5746336630782836,64.18256490621107,10.875497876094213
324,2023-02-25 00:00:00,1.0105483248078746,0.050070201931582556,0.06076230196583167,0.17666381923067276,0.24165461894834145,0.0,True,True,2000,1.5975270342430223,63.25704061006493,11.058580884321858
325,2023-02-25 06:00:00,0.9743618415050375,0.047775605303010955,0.05789994194241868,0.16029200795289092,0.21833824205996147,0.0,True,True,2000,1.5650531355504593,62.257428797287176,10.241953088481761
326,2023-02-25 12:00:00,0.9622599876785127,0.04750968831824248,0.0579426192776851,0.16329928139170397,0.23145089215886216,0.0,True,True,2000,1.5412914412741738,62.43205936983727,10.594964522524416
327,2023-02-25 18:00:00,0.9647773512155562,0.0457796285299818,0.05699863035931917,0.1616252622708345,0.2300891062709681,0.0,True,True,2000,1.5623745065325265,61.75071003665732,10.344847640245959
328,2023-02-26 00:00:00,0.9757556314446059,0.04947262088122602,0.05839531187961821,0.16429586229203197,0.2290944909101529,0.0,True,True,2000,1.5759549050276418,61.91520000551611,10.425162659660637
329,2023-02-26 06:00:00,0.9660783569483136,0.04830491223343719,0.05927322819059081,0.16769300603254753,0.23200002401019468,0.0,True,True,2000,1.58271734089674,61.039222354191836,10.595259286003374
330,2023-02-26 12:00:00,0.9490715560106492,0.048624958236700336,0.0583421100614838,0.16801764960788873,0.22506980519268618,0.0,True,True,2000,1.5594928365265859,60.85770538866272,10.773864789408695
331,2023-02-26 18:00:00,0.956139867585459,0.04468523845766843,0.05560667486031485,0.1547100807605106,0.23198481419607409,0.0,True,True,2000,1.5494508386919492,61.70830617592456,9.984833135533187
332,2023-02-27 00:00:00,0.9845937592284797,0.05061029324538957,0.05982088672931093,0.17275854015694528,0.22865463745911038,0.0,True,True,2000,1.5346927781992061,64.15575633214307,11.256881026029099
333,2023-02-27 06:00:00,0.980440990401191,0.04872351755102813,0.06137649188220614,0.17192896644586553,0.24708416575793035,0.0,True,True,2000,1.5427823566671806,63.55018166782798,11.144084303457925
334,2023-02-27 12:00:00,1.0089551707040967,0.051663706098062395,0.06108943331347941,0.16956777394006864,0.24016809472793949,0.0,True,True,2000,1.5411655224616434,65.4670219388591,11.002567308229468
335,2023-02-27 18:00:00,0.9762653449386207,0.047697487939040245,0.057339316229231004,0.1650030039592863,0.2218102649771916,0.0,True,True,2000,1.5442536474073754,63.21923516759428,10.6849677341742
336,2023-02-28 00:00:00,1.0219795453993117,0.048815729541595895,0.058911818561903924,0.1617672408878629,0.24548189366011414,0.0,True,True,2000,1.53441254062745,66.60396199456275,10.542617230025586
337,2023-02-28 06:00:00,1.0133943388821303,0.04854765222037926,0.05831070220481467,0.16608591285600838,0.21362471862326549,0.0,True,True,2000,1.5105190875276173,67.0891448674661,10.995287264317458
338,2023-02-28 12:00:00,1.0163106876489318,0.04875235653154239,0.06000933830671487,0.16777335828633755,0.2438148626820119,0.0,True,True,2000,1.5004649268644505,67.73305189963588,11.181424855890278
339,2023-02-28 18:00:00,1.019225155996764,0.04477513951583866,0.05547972572480224,0.15787128542500453,0.217450426110836,0.0,True,True,2000,1.4502945719766658,70.27711305625452,10.885463441391448
340,2023-03-01 00:00:00,1.0325952819219129,0.0473613175554254,0.0587948456438574,0.16911703033612557,0.22923633141847263,0.0,True,True,2000,1.4832034121439674,69.61926283794739,11.402146796012778
341,2023-03-01 06:00:00,1.0009287165634573,0.04783434495968541,0.058287926521185085,0.1670879634637872,0.22702306742293546,0.0,True,True,2000,1.5070090600359758,66.41822820491622,11.08738944540907
342,2023-03-01 12:00:00,0.9770522902953533,0.04590904707657574,0.0574762219656836,0.1638173899272143,0.22455749977516243,0.0,True,True,2000,1.489803433327667,65.58263113362423,10.995906323111845
343,2023-03-01 18:00:00,0.9991328750404749,0.047548225508376896,0.05996913355331213,0.172187067641549,0.24183182831644898,0.0,True,True,2000,1.4654234560447417,68.18048878084628,11.749987140665223
344,2023-03-02 00:00:00,1.0199316266579959,0.045114203607659206,0.05598922010900257,0.1598349135938042,0.21978182228499635,0.0,True,True,2000,1.4827384932419303,68.78702018640985,10.779710267340096
345,2023-03-02 06:00:00,1.038727222894748,0.04596062148664808,0.05878169320611932,0.16646775022209362,0.2289428425949654,0.0,True,True,2000,1.464986222131324,70.90354893464892,11.363093229635245
346,2023-03-02 12:00:00,1.0512350710184433,0.04608656498906399,0.055979773496614024,0.15486353168030362,0.23248615176628548,0.0,True,True,2000,1.500180343918736,70.07391313183264,10.322994319187833
347,2023-03-02 18:00:00,1.0712428648141572,0.04842202221894222,0.05956797214000766,0.1675826945977927,0.24429292125701815,0.0,True,True,2000,1.5162902399159242,70.64893228314627,11.052151506764622
348,2023-03-03 00:00:00,1.0355054996859894,0.050513294753288876,0.0598387361448504,0.1749332758611035,0.22666950947419762,0.0,True,True,2000,1.471525460461257,70.36952655657109,11.88788645262514
349,2023-03-03 06:00:00,1.0179141181593185,0.04764554259762026,0.0594572347829672,0.1727948848309457,0.2318755136885906,0.0,True,True,2000,1.4484597551506107,70.27562309133512,11.929560639603585
350,2023-03-03 12:00:00,0.9991772194792143,0.047300209518486666,0.05821905759086366,0.16651484722351526,0.22360598724421327,0.0,True,True,2000,1.4964152398248107,66.7713875726226,11.127582959059518
351,2023-03-03 18:00:00,1.017514754068228,0.04996516403917143,0.059930774386823135,0.1684617755434264,0.22695307346236998,0.0,True,True,2000,1.497348912998226,67.95441898914534,11.250669371783621
352,2023-03-04 00:00:00,1.0210075169438593,0.053409218700386146,0.06265569507718145,0.17740490122086378,0.24270978440849625,0.0,True,True,2000,1.4747891274626304,69.23074614067023,12.029170673782245
353,2023-03-04 06:00:00,1.0050501986717735,0.052381685784331534,0.062054064767242796,0.17479086956176487,0.2506633630186535,0.0,True,True,2000,1.483878198517076,67.731313774687,11.779327288212965
354,2023-03-04 12:00:00,0.9988277624690375,0.05250416294438422,0.06261381528044489,0.17809258846557044,0.2510015087879354,0.0,True,True,2000,1.4583698131343792,68.48933332776012,12.211757735358471
355,2023-03-04 18:00:00,1.0164484662646418,0.05752201412015831,0.06485432328336961,0.19052551357189332,0.25357071313338314,0.0,True,True,2000,1.4510999354678802,70.0467584223899,13.129730690151392
356,2023-03-05 00:00:00,1.0108607231810145,0.05881495535315691,0.06639028396506881,0.19088478914077575,0.26118520664444095,0.0,True,True,2000,1.4352276245006117,70.4320837980487,13.299966213177802
357,2023-03-05 06:00:00,0.9904363401627585,0.055133617624749956,0.06403258577151123,0.1855118431666013,0.2523623734166198,0.0,True,True,2000,1.4533311495199273,68.14939186364548,12.764595545060784
358,2023-03-05 12:00:00,0.96299512856676,0.05603899362596073,0.06376648368365535,0.18766248522087564,0.24318448943658552,0.0,True,True,2000,1.4577601971141017,66.05991372745544,12.873344024098563
359,2023-03-05 18:00:00,0.9719211111016768,0.053849839136446774,0.0632620200637709,0.1824294869058792,0.25852991317772644,0.0,True,True,2000,1.4384419052907564,67.56763047063896,12.682436894731888
360,2023-03-06 00:00:00,0.983937015641912,0.05717126609155457,0.06427046866240753,0.18924834112702785,0.23897081863878677,0.0,True,True,2000,1.4284872024563735,68.87965212078699,13.248164967918749
361,2023-03-06 06:00:00,0.9987160093730177,0.056492835846020203,0.06281362120759959,0.17831731113768412,0.2430594947298568,0.0,True,True,2000,1.4286077266990296,69.90834437670806,12.481894631055074
362,2023-03-06 12:00:00,0.9957579819660756,0.0558470105490275,0.06473281848311258,0.18514989430251877,0.24822842391695568,0.0,True,True,2000,1.4284051987860715,69.71117038864878,12.962000870612078
363,2023-03-06 18:00:00,1.0386703901820389,0.055383193830627876,0.06389325883230304,0.1751617800180699,0.27327804016269186,0.0,True,True,2000,1.4503198234089094,71.61664437163193,12.077458860512591
364,2023-03-07 00:00:00,1.0535021487623693,0.05779068836544166,0.066598727304684,0.19192036419206823,0.25821126841661995,0.0,True,True,2000,1.4528849125225898,72.51105298720549,13.209605422830364
365,2023-03-07 06:00:00,1.058562581615878,0.058500990774058605,0.06587225855357412,0.18496626731981983,0.2662037562715644,0.0,True,True,2000,1.4867933966621074,71.19769189131324,12.440616681179392
366,2023-03-07 12:00:00,1.0681918790439964,0.059844930467491085,0.06762218394889934,0.19301932053547552,0.26659231404783523,0.0,True,True,2000,1.48637817897971,71.86541716975637,12.985882278490472
367,2023-03-07 18:00:00,1.0637056810057772,0.055383770822149,0.06546296292765709,0.18702615313246534,0.267390664473292,0.0,True,True,2000,1.5144828940895338,70.235569193751,12.349175673251853
368,2023-03-08 00:00:00,1.0929839475705165,0.0550498842780394,0.0630742968091112,0.18545365456319726,0.24656277433866527,0.0,True,True,2000,1.5650758955589734,69.83584314805084,11.849499125853043
369,2023-03-08 06:00:00,1.1050266868052854,0.05355173680206354,0.06303224972324895,0.18085914132618736,0.2445919495037674,0.0,True,True,2000,1.6003086908058382,69.05084582455446,11.301515911602994
370,2023-03-08 12:00:00,1.1036613665837627,0.05898562373293097,0.06749034388733649,0.1874100062819478,0.27180773677506476,0.0,True,True,2000,1.5766720741874636,69.99942376429375,11.886428975951095
371,2023-03-08 18:00:00,1.0990452119661038,0.058657834761892076,0.06724771016164917,0.19084318992291738,0.26743545713215,0.0,True,True,2000,1.599612653355671,68.70695912916945,11.930587665868115
372,2023-03-09 00:00:00,1.1320501111107266,0.058766426530493694,0.06806633421871172,0.19554115533545932,0.27108642309366765,0.0,True,True,2000,1.541510769999548,73.43770365685207,12.685033354357728
373,2023-03-09 06:00:00,1.1228595018255911,0.06037188786412043,0.06802109172161976,0.1959576880178686,0.2706053542021362,0.0,True,True,2000,1.5320486576236763,73.2913733671639,12.790565563486334
374,2023-03-09 12:00:00,1.1217329663023234,0.06036979222601375,0.06669711592165961,0.19109088619662765,0.2583632964033742,0.0,True,True,2000,1.5585322705142601,71.973675972214,12.260951525474315
375,2023-03-09 18:00:00,1.1119054896267904,0.06384808098788955,0.07106507666720255,0.2059770883690013,0.27967183645312343,0.0,True,True,2000,1.5455247472127231,71.94355778722124,13.327323858156962
376,2023-03-10 00:00:00,1.1401562763579016,0.06541734819788057,0.0691348621622451,0.1989842510033348,0.26685096480134496,0.0,True,True,2000,1.5498351599327387,73.56629310225374,12.83905902689487
377,2023-03-10 06:00:00,1.138604650027244,0.06529969913940076,0.0715709017701894,0.20084959005503294,0.2765232349652421,0.0,True,True,2000,1.5467822876359332,73.61117715974504,12.984994181825476
378,2023-03-10 12:00:00,1.1108298142427877,0.06582014579115736,0.07177911266825965,0.20490943909280604,0.28604628328844206,0.0,True,True,2000,1.5615135671925267,71.13801875189395,13.122488552002556
379,2023-03-10 18:00:00,1.096231416429175,0.06529197337830217,0.07052365744541439,0.19749429927363035,0.2904501019644905,0.0,True,True,2000,1.560816668223061,70.23447652421592,12.653266927144696
380,2023-03-11 00:00:00,1.080893392290295,0.06506599340254214,0.06932786192789964,0.1994025053285774,0.2784567729490139,0.0,True,True,2000,1.560730581252258,69.25560409170916,12.776228499898174
381,2023-03-11 06:00:00,1.0944532099417776,0.06140404776261633,0.06914066601207554,0.20054223523123788,0.27907143676418766,0.0,True,True,2000,1.6041533479714665,68.22622109823662,12.501437938264054
382,2023-03-11 12:00:00,1.09615897095066,0.06399308167882452,0.06863027955702315,0.20006181288879252,0.2645507758938816,0.0,True,True,2000,1.607747545913553,68.17979437983229,12.443608662149352
383,2023-03-11 18:00:00,1.1196713661632598,0.0663872254440415,0.07226578833467978,0.21000175863218729,0.29305439379886106,0.0,True,True,2000,1.6336189875868816,68.53932126592106,12.855002312527825
384,2023-03-12 00:00:00,1.1166645020853423,0.062260344800506656,0.06931021099214074,0.1967046994138586,0.2742583012482377,0.0,True,True,2000,1.6472558221456386,67.78937958955441,11.941357059988425
385,2023-03-12 06:00:00,1.1275156176226722,0.057840383203237825,0.06796818204903661,0.19233194975555445,0.2576368725302316,0.0,True,True,2000,1.641096657993126,68.70500967331779,11.719721005998176
386,2023-03-12 12:00:00,1.1292909701608498,0.06212973432099484,0.07212561415228642,0.20348361857516137,0.29620123774697,0.0,True,True,2000,1.6326883300042552,69.16757775551116,12.463102408200042
387,2023-03-12 18:00:00,1.132066328605852,0.06348900135053256,0.07235522925340951,0.2114407694086251,0.29250641222133167,0.0,True,True,2000,1.6548152671046563,68.4104353585382,12.777303522137062
388,2023-03-13 00:00:00,1.1214042040590397,0.05853088194246023,0.06677927353736321,0.19322036430905395,0.2607754189627016,0.0,True,True,2000,1.6234033646599955,69.07736108418784,11.902178381250424
389,2023-03-13 06:00:00,1.1224928293275251,0.05600533727115822,0.06486503617592324,0.1774142584562365,0.25842112779652454,0.0,True,True,2000,1.6341580703033163,68.68936669750553,10.856615506191922
390,2023-03-13 12:00:00,1.1546224494808537,0.05785893373201856,0.06701283459833535,0.19552554507439698,0.2537187820795681,0.0,True,True,2000,1.6610906575427458,69.50989966970789,11.770913537232113
391,2023-03-13 18:00:00,1.167647930657666,0.059570849552674277,0.06817853787507913,0.19291183722800465,0.2820970768546876,0.0,True,True,2000,1.6916786308607206,69.02303483396078,11.403574751656686
392,2023-03-14 00:00:00,1.1596875535411222,0.06647876998335286,0.07404146566946329,0.21480132885571648,0.30466259497710874,0.0,True,True,2000,1.6775754554367601,69.12878641510615,12.80427227041138
393,2023-03-14 06:00:00,1.140903792136332,0.06070734163998366,0.06724106843506211,0.19513145247851812,0.2563788460950548,0.0,True,True,2000,1.7117312984706758,66.65203780264214,11.39965441146375
394,2023-03-14 12:00:00,1.159621792901555,0.065826602499373,0.07011929926047247,0.2034698376832786,0.2769491808699187,0.0,True,True,2000,1.7138382864199702,67.6622644090817,11.872172496992462
395,2023-03-14 18:00:00,1.1440546573933226,0.06125864792978961,0.06873713895670765,0.19612692251627512,0.2697874816133167,0.0,True,True,2000,1.6839549694653637,67.9385540669503,11.646803273993909
396,2023-03-15 00:00:00,1.1646180726030533,0.06656956596906619,0.0729415196083151,0.20679530029437757,0.29271171948056235,0.0,True,True,2000,1.6973775161252744,68.61279011528387,12.183223727768237
397,2023-03-15 06:00:00,1.1464731924707345,0.06548481438798345,0.07241797499434469,0.2095710342523551,0.2943164694280359,0.0,True,True,2000,1.672890049741163,68.53248918828359,12.52748405579798
398,2023-03-15 12:00:00,1.1475936782576819,0.06469965670395764,0.0713281142968268,0.20817865645796113,0.27189535314734253,0.0,True,True,2000,1.6856510164800864,68.08014630774787,12.350044844553414
399,2023-03-15 18:00:00,1.1191808494789883,0.06231745446388756,0.07097773692975329,0.20324535505343982,0.2821863498273851,0.0,True,True,2000,1.6594662339803752,67.4422188630217,12.24763426285198
400,2023-03-16 00:00:00,1.109092037953768,0.06664622761816544,0.07342301480411521,0.21531559442831966,0.2910744326295597,0.0,True,True,2000,1.669625687395448,66.42758591501483,12.896039876111617
401,2023-03-16 06:00:00,1.116086560465339,0.06498940806681343,0.07302628328634118,0.21310692186709754,0.29135675086442875,0.0,True,True,2000,1.6485790220652037,67.6999128053442,12.92670348310843
402,2023-03-16 12:00:00,1.0781566774098577,0.06417048845630283,0.07453066364736723,0.20883082030748096,0.3020917862625654,0.0,True,True,2000,1.548990433760274,69.60383059258558,13.481737250018433
403,2023-03-16 18:00:00,1.1043004615071488,0.06474561035816072,0.07273722451515982,0.20459625398265935,0.293599424195597,0.0,True,True,2000,1.5441042639131861,71.5172211692847,13.250157956571924
404,2023-03-17 00:00:00,1.112587378424108,0.06594876492863559,0.07194953810521772,0.20720549497865384,0.2790101218233767,0.0,True,True,2000,1.5677747368345523,70.96602287842069,13.21653488287586
405,2023-03-17 06:00:00,1.0784360468466732,0.06922433023328992,0.07542166284475896,0.21822274073418438,0.30606242894873564,0.0,True,True,2000,1.5835190369320213,68.10376267632893,13.78087257839215
406,2023-03-17 12:00:00,1.0613903457840785,0.06532809311717461,0.07382441336426708,0.21943853217970113,0.3007689918373801,0.0,True,True,2000,1.5842717300069185,66.99547342042412,13.851066583050297
407,2023-03-17 18:00:00,1.0647435952076933,0.06050595634119942,0.06757323441251131,0.19288247780696335,0.2729461627745491,0.0,True,True,2000,1.5674142521466106,67.92994218021829,12.305775422343283
408,2023-03-18 00:00:00,1.047097999034238,0.06469547472631672,0.0728696173639972,0.206749472085526,0.308084891713981,0.0,True,True,2000,1.5889700218979397,65.8979077392244,13.011540132052007
409,2023-03-18 06:00:00,1.0157480641514924,0.06225568556430684,0.07059538897247343,0.20308328573832235,0.2713758582300292,0.0,True,True,2000,1.5993163515761553,63.51139117351325,12.698131019430903
410,2023-03-18 12:00:00,1.0201638287539094,0.06479300711726846,0.07095664376021418,0.2059564301797227,0.2772233554864046,0.0,True,True,2000,1.5641390955427348,65.22206571404232,13.167398651860859
411,2023-03-18 18:00:00,0.9668705815466574,0.061648744434855,0.07032860325493887,0.20144139815133774,0.269682271122043,0.0,True,True,2000,1.5493291951173467,62.40575499343291,13.00184614000516
412,2023-03-19 00:00:00,0.9955409666274583,0.06536266985010711,0.07080455126747412,0.20662104641129328,0.28673882624946156,0.0,True,True,2000,1.5763558193929426,63.15458441425,13.107513155936038
413,2023-03-19 06:00:00,0.9771681932073368,0.06146470402591483,0.06731086967253896,0.19644986393514283,0.26767714822752414,0.0,True,True,2000,1.5880802351875745,61.53141205059577,12.37027321304955
414,2023-03-19 12:00:00,0.9594981911475167,0.06608635051675239,0.07023598087277604,0.20567183032933198,0.27058093313305864,0.0,True,True,2000,1.6029918795817906,59.856709405031,12.830497331214824
415,2023-03-19 18:00:00,0.9451598870867265,0.053944082149270746,0.06212952368141569,0.18200924771839505,0.23568360417856896,0.0,True,True,2000,1.5674172751400917,60.300463831639895,11.61204808733064
416,2023-03-20 00:00:00,0.9551557059196865,0.05584285262996015,0.0637520936086908,0.1800168685163892,0.25194804054971826,0.0,True,True,2000,1.6881988987411831,56.57838697986978,10.663249967205877
417,2023-03-20 06:00:00,0.9486513931708834,0.059162783296373526,0.066161222500271,0.1889860416563159,0.26289802617439273,0.0,True,True,2000,1.6864807180508445,56.25035513405041,11.20594143968258
418,2023-03-20 12:00:00,0.9353764189496797,0.058603609723911966,0.06503796507420197,0.18366840473711962,0.2604644296020804,0.0,True,True,2000,1.6722024115528167,55.93679404403464,10.983622764098522
419,2023-03-20 18:00:00,0.9219975152140063,0.06113043665561544,0.06910493089986702,0.20005587181985923,0.27557398530676946,0.0,True,True,2000,1.6897754520641128,54.563315740429175,11.83919860922851
420,2023-03-21 00:00:00,0.9433979260551612,0.056126665956501225,0.06626951177973263,0.1854307641482645,0.266318148699183,0.0,True,True,2000,1.7156783493371341,54.986875973555904,10.808014463777965
421,2023-03-21 06:00:00,0.970150947325277,0.052781916973892756,0.062473520147513346,0.17501377731742865,0.2499952210058369,0.0,True,True,2000,1.7459508086035247,55.56576637466889,10.023980999637159
422,2023-03-21 12:00:00,1.0043888001727594,0.057687786522588935,0.0654066404530302,0.18552674063486693,0.271288097464203,0.0,True,True,2000,1.754798952217357,57.2366879353112,10.572535412130039
423,2023-03-21 18:00:00,0.989374018264947,0.05618462774586363,0.06630162747974291,0.1885646048740945,0.2640259446002307,0.0,True,True,2000,1.7513763090254928,56.491229963905255,10.766652712061424
424,2023-03-22 00:00:00,0.9978622206226001,0.05667645672103295,0.06503187281450189,0.18686120887622426,0.258978422336134,0.0,True,True,2000,1.7359505894085994,57.482178738886226,10.764200894674302
425,2023-03-22 06:00:00,0.9911417716909289,0.05414404025847801,0.06483696396547431,0.18421496687415176,0.25051318695971275,0.0,True,True,2000,1.800148234083761,55.0588975354799,10.23332208905082
426,2023-03-22 12:00:00,1.0414770133044513,0.06358614005773762,0.07064773590744548,0.2080521993634543,0.28407250173980997,0.0,True,True,2000,1.839783461397868,56.60867352906504,11.308515579620233
427,2023-03-22 18:00:00,1.0250060541473556,0.0700568961429943,0.0747764888185467,0.21424111918166588,0.2902789918632049,0.0,True,True,2000,1.857969812139135,55.1680682565685,11.530925733126084
428,2023-03-23 00:00:00,1.0676488543937406,0.07011868373394574,0.07431629761855711,0.21940427146113142,0.2985522748274188,0.0,True,True,2000,1.8433767098052034,57.91810478643635,11.90230245907342
429,2023-03-23 06:00:00,1.0604657353404465,0.06610599088629726,0.07254198431397918,0.2087903025938737,0.2957831110989499,0.0,True,True,2000,1.8674901461264208,56.785613436305525,11.180262612199055
430,2023-03-23 12:00:00,1.0823099547000712,0.07189525805639528,0.07832165613297812,0.2230624835695278,0.3216253876673574,0.0,True,True,2000,1.8851684205713015,57.4118441031426,11.832496297701006
431,2023-03-23 18:00:00,1.082968407035493,0.07133140413517179,0.0765857914553513,0.22113922086879725,0.32270091017582664,0.0,True,True,2000,1.9062768203434384,56.810658110000176,11.600582796204614
432,2023-03-24 00:00:00,1.1095415980574916,0.07208329370503606,0.0751919965980854,0.22134414020183538,0.30325866486573305,0.0,True,True,2000,1.8837818165105462,58.89968723197302,11.749988149468699
433,2023-03-24 06:00:00,1.1295688316325023,0.07109933894623098,0.0760196951744032,0.22090733492885953,0.30535237201050036,0.0,True,True,2000,1.89456617741452,59.621503070112034,11.66004848826805
434,2023-03-24 12:00:00,1.1523553375838542,0.07467742354888177,0.07735057449127082,0.2244080399627797,0.2983210574984998,0.0,True,True,2000,1.8776826183602116,61.371145811117486,11.951329674594113
435,2023-03-24 18:00:00,1.149733591260292,0.07156121507630649,0.07587316224864381,0.21875041211343685,0.30504025098918547,0.0,True,True,2000,1.8888619090762946,60.86911836887765,11.58106958811043
436,2023-03-25 00:00:00,1.1963756711913776,0.07193399950837578,0.07512080097123187,0.21868760886783087,0.30555312233360005,0.0,True,True,2000,1.8981867329282793,63.02729075267334,11.520869104930876
437,2023-03-25 06:00:00,1.2245328642121007,0.07357961972934135,0.07816275107447374,0.22356250988720963,0.31390799603315483,0.0,True,True,2000,1.905432125415639,64.26536258514004,11.73290336114403
438,2023-03-25 12:00:00,1.2255212593195302,0.07477980090760596,0.07848560090475677,0.23157499732314013,0.3305486976547879,0.0,True,True,2000,1.8728038779476657,65.43777881656952,12.365149391772636
439,2023-03-25 18:00:00,1.2021605075691193,0.0704632728333509,0.07532952123305381,0.21630515667196315,0.30384268033741735,0.0,True,True,2000,1.8795302034024626,63.96069110211056,11.508469312192577
440,2023-03-26 00:00:00,1.2319307947768505,0.07758585539261036,0.07909841147717103,0.23747883331836667,0.30541986288479633,0.0,True,True,2000,1.9249058283574396,63.999535802127085,12.337166308079189
441,2023-03-26 06:00:00,1.2169725079466385,0.0799846038254876,0.08364996354341435,0.2535736125624909,0.3310022802679731,0.0,True,True,2000,1.9297069590945592,63.065145835285584,13.14052433543954
442,2023-03-26 12:00:00,1.2198844105524516,0.07925307483683987,0.08225074938518917,0.23524911142514662,0.31786348716562923,0.0,True,True,2000,1.9351132691340447,63.03943185188042,12.156865191174036
443,2023-03-26 18:00:00,1.1988554378065266,0.0807412112301119,0.08008555899138546,0.23900017635222146,0.3295741391795652,0.0,True,True,2000,1.9458757225625167,61.610072210971325,12.282396742042858
444,2023-03-27 00:00:00,1.2548094328499115,0.08705122313687993,0.08433756835975409,0.2529867803013885,0.3301212841294102,0.0,True,True,2000,1.9795991582515045,63.387046191625544,12.77969730623855
445,2023-03-27 06:00:00,1.2636061510329717,0.08629598528116207,0.08250167381730047,0.2498088339657758,0.32523894925037117,0.0,True,True,2000,1.992197276101625,63.42776220965545,12.539362289190917
446,2023-03-27 12:00:00,1.2466107606057233,0.08680343337481436,0.08283472423995392,0.24298321662547442,0.3298404092513266,0.0,True,True,2000,1.9784167094085543,63.010525268885154,12.281700587643844
447,2023-03-27 18:00:00,1.2142982995108647,0.086304326966549,0.08281888591156712,0.245483667140013,0.33005813111404747,0.0,True,True,2000,1.9874414392367146,61.098570027664366,12.351743417118849
448,2023-03-28 00:00:00,1.2394959802590984,0.08819307953673788,0.08289304029368925,0.25010574115320855,0.31609548959418726,0.0,True,True,2000,2.0130124819622277,61.57418254311432,12.42445058807646
449,2023-03-28 06:00:00,1.2256157293987924,0.09003042136245754,0.08471592646043544,0.2516529345156164,0.35117484043174735,0.0,True,True,2000,2.0478440045193533,59.84907672137141,12.288676967593608
450,2023-03-28 12:00:00,1.2429848524820288,0.08847162344654626,0.08459772175073738,0.2511076163178655,0.3462646190925047,0.0,True,True,2000,2.024481038349995,61.397702864883044,12.403554864733373
451,2023-03-28 18:00:00,1.2283178447431728,0.08096134693794713,0.0790766905678949,0.238805714484635,0.3131801973125669,0.0,True,True,2000,2.026650731051211,60.608264952789966,11.783269353016145
452,2023-03-29 00:00:00,1.2517630479490547,0.0862928970204411,0.08387354218201395,0.24913868639623074,0.34173381771708783,0.0,True,True,2000,2.0543025281069496,60.93372474708293,12.127653205285851
453,2023-03-29 06:00:00,1.2315409885029736,0.08465362775545097,0.08197914203401505,0.24431609896230672,0.32465455844459074,0.0,True,True,2000,2.056958564215701,59.87193956785165,11.877541104259539
454,2023-03-29 12:00:00,1.2304415318506725,0.08581397586694273,0.08629336748745582,0.25064015038537973,0.32119646267813784,0.0,True,True,2000,2.059774071234146,59.73672302387194,12.168332143107556
455,2023-03-29 18:00:00,1.1953555886871703,0.08038661097951146,0.08022941022908685,0.23549764724420774,0.3122606653340791,0.0,True,True,2000,2.0534331546605182,58.2125396180618,11.468483729782825
456,2023-03-30 00:00:00,1.213613639706107,0.0848744187724153,0.08034176758560647,0.23978542636248038,0.3110571375577287,0.0,True,True,2000,2.038696585006117,59.52889942681027,11.761702458620682
457,2023-03-30 06:00:00,1.2132213788556512,0.08383001628665687,0.08275770987323433,0.24606337592952196,0.3255577321899661,0.0,True,True,2000,2.026445705910864,59.86942434810126,12.142608864959415
458,2023-03-30 12:00:00,1.2069870104019367,0.0839085966846825,0.081346303894838,0.2376178287021575,0.315518980837673,0.0,True,True,2000,2.0558994318444803,58.70846558477185,11.557852734507309
459,2023-03-30 18:00:00,1.218212420173851,0.08291149953166556,0.08093102229983332,0.2426934980242632,0.3232280671490907,0.0,True,True,2000,2.0703082981621104,58.84207783233557,11.72257765858888
460,2023-03-31 00:00:00,1.2108679283590538,0.08358560370860221,0.08264931004618903,0.24056561387447464,0.33093026484171784,0.0,True,True,2000,2.0743575134773313,58.37315508497982,11.597114398626712
461,2023-03-31 06:00:00,1.2081808695297331,0.08095812148769317,0.08245581495502903,0.24352998735078635,0.3252163360172095,0.0,True,True,2000,2.060788448267427,58.62711772018573,11.817321062505474
462,2023-03-31 12:00:00,1.203465168293067,0.08389068447197963,0.08116217775666058,0.24383650030188256,0.3167510262549755,0.0,True,True,2000,2.0316479351416907,59.23591127559881,12.001907224387132
463,2023-03-31 18:00:00,1.2081270248461002,0.08417173068608935,0.0833577609800885,0.2452342612185746,0.33001173834244246,0.0,True,True,2000,2.052105774354765,58.87255130530329,11.950371383545402
464,2023-04-01 00:00:00,1.225251171500252,0.08437090419306609,0.08372788589444445,0.25004213031617634,0.33222554080670585,0.0,True,True,2000,2.049459651344067,59.784108006064606,12.200392925627733
465,2023-04-01 06:00:00,1.187481242837914,0.08411931298525271,0.08232417287065984,0.2434125254020615,0.3151024304460496,0.0,True,True,2000,2.0628417567588073,57.565309551602084,11.799864173028855
466,2023-04-01 12:00:00,1.1773766170520097,0.08790715499840175,0.08776176467377082,0.2550176268555166,0.3479794293411119,0.0,True,True,2000,2.0540017059485676,57.32111193687059,12.415648249802489
467,2023-04-01 18:00:00,1.1710126567816113,0.08642410479085601,0.08272654313416809,0.24556448310885132,0.32469041492431366,0.0,True,True,2000,2.0812319388523886,56.26536067034023,11.798996475340367
468,2023-04-02 00:00:00,1.1824397516046572,0.08761939183541029,0.08307322512775943,0.24119520947176054,0.3496459441985418,0.0,True,True,2000,2.090913395031222,56.551349970523326,11.535399316151922
469,2023-04-02 06:00:00,1.1793604824525679,0.08588045461850624,0.0818555157595944,0.24835373177235304,0.3242049780166195,0.0,True,True,2000,2.091654143164611,56.38410567572277,11.873556275255009
470,2023-04-02 12:00:00,1.1854446534327008,0.07813706973914196,0.07960565189758183,0.23898660819655035,0.3135372844803254,0.0,True,True,2000,2.075157746435974,57.12551999811433,11.516551385406881
471,2023-04-02 18:00:00,1.2095963635221965,0.07701184734045233,0.0778965176514139,0.22791042834443445,0.30134285275678196,0.0,True,True,2000,2.0365640950940285,59.39397470651908,11.190928333336437
472,2023-04-03 00:00:00,1.1840545358680343,0.0804215795748461,0.0783898996084471,0.23488842511955152,0.3044811694195026,0.0,True,True,2000,2.0669000036444127,57.28649348203968,11.364285872823555
473,2023-04-03 06:00:00,1.1616472442161176,0.07996070917532407,0.07783325426283368,0.23306235266016498,0.30127446513505146,0.0,True,True,2000,2.0780002530706296,55.902170488168565,11.215703766915922
474,2023-04-03 12:00:00,1.1544918073174646,0.07993256708303971,0.07810563564014704,0.23037282297270142,0.31825304958023565,0.0,True,True,2000,1.9971989669627896,57.805547990701236,11.534795820720728
475,2023-04-03 18:00:00,1.1455577936674102,0.06950227775010225,0.07255465266434212,0.21548002951074405,0.28214147187697525,0.0,True,True,2000,1.9807770486759173,57.83375743540531,10.878560494972676
476,2023-04-04 00:00:00,1.1868126281400069,0.07567222227733894,0.07904302573402135,0.230469773733362,0.3083515490992981,0.0,True,True,2000,2.0227267695667943,58.673897334842984,11.394014119995134
477,2023-04-04 06:00:00,1.1944860543256428,0.07350888508016468,0.07894663676047028,0.2175176512274745,0.3378557094773973,0.0,True,True,2000,2.024196911525897,59.01036838482307,10.7458740791924
478,2023-04-04 12:00:00,1.1889903131520774,0.07004110463971647,0.0759057226143715,0.22350016724040894,0.3040538260489683,0.0,True,True,2000,1.9953376845498398,59.58842567644488,11.201119939296486
479,2023-04-04 18:00:00,1.1843418139968696,0.07022803564960318,0.07558200635999295,0.22129114333849303,0.30571026446849453,0.0,True,True,2000,1.982422231882243,59.74215759638535,11.16266453127821
480,2023-04-05 00:00:00,1.1919256780541203,0.0684208615357395,0.0754113950152301,0.21140165030437497,0.30520897664298813,0.0,True,True,2000,1.9763587436933756,60.30917624938253,10.696522125801526
481,2023-04-05 06:00:00,1.1883201709231803,0.06751711925984537,0.07342700001417728,0.21142419885904998,0.28749942769093334,0.0,True,True,2000,1.9379250841608149,61.31920065618852,10.909823118916053
482,2023-04-05 12:00:00,1.177377691586816,0.06956897517378327,0.075384017871894,0.2180840817352122,0.2991991233181842,0.0,True,True,2000,1.9271478805270266,61.09430954851439,11.316416552090008
483,2023-04-05 18:00:00,1.147176641539925,0.0668371927736689,0.07435374777169901,0.21458785233019667,0.29815288107667787,0.0,True,True,2000,1.926876646191118,59.535551681918186,11.13656407400937
484,2023-04-06 00:00:00,1.1607658045988272,0.06580688824323072,0.07496841735973897,0.21407686883354546,0.30836830889657324,0.0,True,True,2000,1.93476026035925,59.9953300872168,11.064774960479872
485,2023-04-06 06:00:00,1.1624161809720979,0.06367409364312707,0.07449886780758398,0.21499450439457657,0.2969689984109717,0.0,True,True,2000,1.982077797449852,58.64634488452807,10.846925618721386
486,2023-04-06 12:00:00,1.1762035093341645,0.0676910570035096,0.07976496954826491,0.2351377489758602,0.344511334607154,0.0,True,True,2000,1.9708535641147205,59.6799037102738,11.930756970342479
487,2023-04-06 18:00:00,1.1674758922157056,0.07151063235015763,0.07883097809081324,0.2202939896494022,0.3336663240918131,0.0,True,True,2000,1.9823124863252506,58.89464452599682,11.112979975108585
488,2023-04-07 00:00:00,1.1805159419837579,0.06923645958758921,0.08033978754725579,0.23471321711862433,0.33173149243252653,0.0,True,True,2000,1.9891521366700644,59.347694941021345,11.79966141310566
489,2023-04-07 06:00:00,1.192221754188369,0.0715019985084697,0.08023383194422894,0.22997928798483272,0.3216699096068084,0.0,True,True,2000,2.002142888395483,59.547286115219045,11.486657087154157
490,2023-04-07 12:00:00,1.1718888718590823,0.07354339824347131,0.08150408655066739,0.23067409033785136,0.350026834923998,0.0,True,True,2000,1.986241705755312,59.00031544315226,11.61359615345165
491,2023-04-07 18:00:00,1.1678337642351726,0.06927027193632436,0.07909524511714347,0.22519949942023207,0.32063500690387564,0.0,True,True,2000,2.0183151709746276,57.86181370629223,11.157796495751708
492,2023-04-08 00:00:00,1.1710882419178692,0.06991434736037559,0.08167500659852842,0.2307205073168908,0.33923131828605463,0.0,True,True,2000,1.9941020845229382,58.727597298411936,11.570145235171726
493,2023-04-08 06:00:00,1.156557564834228,0.06968011053742254,0.07897126770448902,0.22876941152107513,0.32058525571801827,0.0,True,True,2000,2.0004401458384233,57.81515469184369,11.43595383230991
494,2023-04-08 12:00:00,1.1320045617338241,0.07420513698897485,0.08435054634362099,0.23875651169253276,0.34066840529071385,0.0,True,True,2000,1.9854296946342749,57.01559540451744,12.025432697908387
495,2023-04-08 18:00:00,1.1149816693173222,0.07010291137541512,0.0815977879190231,0.23436407857659317,0.32834762135726286,0.0,True,True,2000,2.0053292962758182,55.60092656044081,11.687062020778363
496,2023-04-09 00:00:00,1.1235618953194462,0.07213508441350167,0.08359060812286961,0.24408268484882878,0.34261149371913296,0.0,True,True,2000,1.9698487287112865,57.03797854845952,12.390935470893364
497,2023-04-09 06:00:00,1.1257975692478963,0.07562577271817635,0.08566193534169045,0.25500703235708466,0.3568997195512467,0.0,True,True,2000,1.990031018049169,56.57186038997109,12.814224001747899
498,2023-04-09 12:00:00,1.1373834707956307,0.07242618400196704,0.08288393798751593,0.2410423931453116,0.32439774416356765,0.0,True,True,2000,1.9793381908166343,57.46281641372107,12.177928676547308
499,2023-04-09 18:00:00,1.1466565462579024,0.06725154547730815,0.08169385784747744,0.2319591646496399,0.35367178951761397,0.0,True,True,2000,1.9790911244408012,57.93854219733788,11.72048935923457
500,2023-04-10 00:00:00,1.1484521617746524,0.07656765310605596,0.08355998323626357,0.24245972403253283,0.34200356222724754,0.0,True,True,2000,2.0008351619271436,57.39863950953852,12.117925986416742
501,2023-04-10 06:00:00,1.1044334506626374,0.0813340904871203,0.0871209569455691,0.2483063763474335,0.3637534362135271,0.0,True,True,2000,2.0095197282755763,54.96007006661148,12.356503539306477
502,2023-04-10 12:00:00,1.1134135783786479,0.07723483140311763,0.08238604118038649,0.24514937747471996,0.3253384347776204,0.0,True,True,2000,1.9963053539512985,55.77371097937808,12.280154285490163
503,2023-04-10 18:00:00,1.0999929849970693,0.07281245546608316,0.08111649682526628,0.23029802946043024,0.32929871041881864,0.0,True,True,2000,1.984394281999835,55.43217872450818,11.605457219335475
504,2023-04-11 00:00:00,1.095861268070734,0.08327640584612306,0.08619509892582668,0.25469881679342,0.3417607678079596,0.0,True,True,2000,1.9841234042428533,55.23150756285331,12.836843527412235
505,2023-04-11 06:00:00,1.0818393462068039,0.08333143408256473,0.0847446090768284,0.2451578930050908,0.3381553356604423,0.0,True,True,2000,1.9425915904928206,55.690519381500536,12.620145902252986
506,2023-04-11 12:00:00,1.0818732404507274,0.08066900530818683,0.08098532826960494,0.2391161787128694,0.3234674559137583,0.0,True,True,2000,1.9243519834346123,56.220132790872476,12.42580259595187
507,2023-04-11 18:00:00,1.0598362760122573,0.07410659016078452,0.07661629315943966,0.21938411368756064,0.3060226469416569,0.0,True,True,2000,1.8853626267199992,56.21392197935282,11.636176010830729
508,2023-04-12 00:00:00,1.0519271952801579,0.08059350330720876,0.08123665981452492,0.23549597768576333,0.32486977554963803,0.0,True,True,2000,1.86088858652784,56.52822006087469,12.655028323063991
509,2023-04-12 06:00:00,1.0174532988245666,0.09076084841381916,0.08429343120208305,0.25723761644373777,0.3372198400806161,0.0,True,True,2000,1.855710183168511,54.8282435507967,13.861949930377618
510,2023-04-12 12:00:00,1.0256010866945005,0.09128663387539612,0.08562426050118524,0.2504524076005764,0.34210362957715573,0.0,True,True,2000,1.821895654802118,56.29307496240197,13.746803058695415
511,2023-04-12 18:00:00,1.0361016325761767,0.08417382419180962,0.08319162514012278,0.2398707071891148,0.32072252429607534,0.0,True,True,2000,1.7718486814303407,58.475740249995525,13.537877681263222
512,2023-04-13 00:00:00,1.0511194902622931,0.09962478070007498,0.09095522979697014,0.27110139813252704,0.36080025749558475,0.0,True,True,2000,1.757848553263505,59.795793460753735,15.422340999127492
513,2023-04-13 06:00:00,1.0436201144985626,0.09917401459734032,0.09203982100409216,0.27385392149436755,0.36416119352241316,0.0,True,True,2000,1.7686598877136377,59.00626354158231,15.483696068235083
514,2023-04-13 12:00:00,1.073416446668128,0.10170784674634026,0.09378299198977526,0.28082785600229054,0.37194250114343974,0.0,True,True,2000,1.7696061386158142,60.65849474887979,15.869511857703774
515,2023-04-13 18:00:00,1.0754704782844189,0.09693765227665779,0.09232365365817276,0.2762152006051992,0.35131214294675805,0.0,True,True,2000,1.7576615685730217,61.18757430405402,15.71492519060127
516,2023-04-14 00:00:00,1.083758273657134,0.10069258666836037,0.09833005249932518,0.28629742365719896,0.39337548870554767,0.0,True,True,2000,1.792166678244084,60.471957592637025,15.97493286381741
517,2023-04-14 06:00:00,1.1116587557932085,0.10260578374473274,0.10054877091417345,0.29494416850993666,0.4068675570065797,0.0,True,True,2000,1.7739528756030967,62.66563058588995,16.626381262222846
518,2023-04-14 12:00:00,1.110456458664989,0.09976156605648008,0.09709699940567872,0.28862375689903436,0.3825502356926374,0.0,True,True,2000,1.7657296861794094,62.889380370997486,16.345863081882193
519,2023-04-14 18:00:00,1.0940908776831182,0.10146266860413854,0.09812014600708238,0.28815895827535204,0.3829399394281197,0.0,True,True,2000,1.7990061149277448,60.81640682622478,16.01767530884272
520,2023-04-15 00:00:00,1.100995263311744,0.10113722088328635,0.09698811324554218,0.29218466768657436,0.3758838248258691,0.0,True,True,2000,1.7935314836438263,61.387005098728906,16.29102529568969
521,2023-04-15 06:00:00,1.0858519370616848,0.10281918410656136,0.0994400654314146,0.2967012803392987,0.38395852314663587,0.0,True,True,2000,1.809598149164256,60.00514189093165,16.395976116372967
522,2023-04-15 12:00:00,1.0949461081038425,0.09791775474868282,0.09842797386395742,0.2936139408672368,0.38894237526992753,0.0,True,True,2000,1.8164637993334305,60.27899419221258,16.164040316959873
523,2023-04-15 18:00:00,1.080727212469693,0.09891324727110065,0.10148420678002126,0.2990446834443124,0.4017097543418994,0.0,True,True,2000,1.7997168054285224,60.04984835446741,16.616207757926016
524,2023-04-16 00:00:00,1.1029646678276763,0.10094209659855591,0.09775086312747658,0.29295919543818916,0.3815537302968691,0.0,True,True,2000,1.814598540939464,60.78284771774606,16.14457351467486
525,2023-04-16 06:00:00,1.1045470523162346,0.10508226403870441,0.10134462024883921,0.3033401859742403,0.39773750222823523,0.0,True,True,2000,1.801047342870247,61.32804096953767,16.84243266425306
526,2023-04-16 12:00:00,1.1137197717690495,0.1074742800660154,0.10211104345954186,0.30201448438972855,0.38881236594698504,0.0,True,True,2000,1.79356305968068,62.09537856825242,16.838799325154376
527,2023-04-16 18:00:00,1.0841351029642623,0.10343876223140204,0.1001988504991132,0.2972888800088347,0.3967401135542468,0.0,True,True,2000,1.772741945843445,61.155832946032454,16.77000314151132
528,2023-04-17 00:00:00,1.1151053451982056,0.11170048118366044,0.10155394231250729,0.30211172725827756,0.38765240744149776,0.0,True,True,2000,1.7927293438168415,62.2015447587906,16.85205456698005
529,2023-04-17 06:00:00,1.1120141460582194,0.11160990896381795,0.10379745836274204,0.3080236902622383,0.4072443684380546,0.0,True,True,2000,1.7819068437417778,62.40585190879738,17.286183693835966
530,2023-04-17 12:00:00,1.133997077808804,0.11371323020861697,0.10267450159341186,0.3068150282243854,0.4078410875905646,0.0,True,True,2000,1.782844275095746,63.606064402226245,17.209300470615034
531,2023-04-17 18:00:00,1.1321119768930794,0.10255888038044136,0.09781248798923252,0.2946942554343012,0.38573702211708455,0.0,True,True,2000,1.7381375647838584,65.13362347322953,16.95459907230917
532,2023-04-18 00:00:00,1.169796445611487,0.10949228488446659,0.10098837164287407,0.29929047078220805,0.38849323824711857,0.0,True,True,2000,1.7765513863889502,65.84647393674528,16.84671060320699
533,2023-04-18 06:00:00,1.1909412835975304,0.11019285002516625,0.10266724424406097,0.30442337396225655,0.40600080081816375,0.0,True,True,2000,1.7411059835974851,68.40142385455475,17.484482669645125
534,2023-04-18 12:00:00,1.2107785632347208,0.10928090151327124,0.10529689916667494,0.3107133425653291,0.41359279257054987,0.0,True,True,2000,1.722010249335627,70.31192547790319,18.043640720791657
535,2023-04-18 18:00:00,1.183321306011948,0.11263760390689302,0.10543210538391252,0.3095151678150784,0.41633688562445154,0.0,True,True,2000,1.7472772899973952,67.72372724043773,17.71414128638619
536,2023-04-19 00:00:00,1.1867975886950903,0.11416074442259873,0.10810500430981972,0.3227503359737923,0.4375580418918742,0.0,True,True,2000,1.756443949691597,67.56820158727369,18.37521408129545
537,2023-04-19 06:00:00,1.176465059753234,0.11340257785170912,0.10568491696895876,0.313574152536599,0.4131679014315068,0.0,True,True,2000,1.7926414359890448,65.62746102675848,17.492296353374893
538,2023-04-19 12:00:00,1.1795879927636048,0.11529389023896734,0.10624939677137278,0.3145133057642764,0.4256742024232196,0.0,True,True,2000,1.7905024770489906,65.88027706656614,17.56564482851988
539,2023-04-19 18:00:00,1.1902377817137273,0.104951300675105,0.09767022706678295,0.2857533869345928,0.3822569127224014,0.0,True,True,2000,1.7596656579163088,67.63999606170276,16.23907278346075
540,2023-04-20 00:00:00,1.244899454876547,0.11819254931924669,0.10480660356656146,0.30739511408660897,0.419346834843192,0.0,True,True,2000,1.7497007662995812,71.14927757100823,17.568439130121362
541,2023-04-20 06:00:00,1.2590684478031913,0.12692825736346136,0.10740809262909584,0.3210007821385272,0.416255023342871,0.0,True,True,2000,1.735933673494827,72.52975542944576,18.491534961256903
542,2023-04-20 12:00:00,1.2389939015521507,0.12347719750577707,0.10704215437646729,0.31663402113020006,0.4306990527990455,0.0,True,True,2000,1.671784051301956,74.11207808731302,18.939887653767904
543,2023-04-20 18:00:00,1.235616319670445,0.11297649892872172,0.10274634553422166,0.30324533276980015,0.4019921447989436,0.0,True,True,2000,1.6472740031708746,75.00976263159495,18.40891874612702
544,2023-04-21 00:00:00,1.248580410867609,0.12283142470456913,0.10359498644754038,0.31394848116334406,0.40375865918534626,0.0,True,True,2000,1.6634635887681157,75.05907669384275,18.87318022968208
545,2023-04-21 06:00:00,1.2121614747155316,0.12982337930318902,0.10808238922908335,0.3235912679545718,0.40881517995095035,0.0,True,True,2000,1.6281778362349213,74.4489605336106,19.87444250579287
546,2023-04-21 12:00:00,1.1964485797720028,0.13369388765497797,0.10890533600242333,0.32814045745743936,0.4098506675864688,0.0,True,True,2000,1.6047026392476158,74.55889649019161,20.448676872077183
547,2023-04-21 18:00:00,1.20640320521469,0.1310660463175883,0.10590247671010947,0.31965536231378006,0.3961866555490862,0.0,True,True,2000,1.5545994664591412,77.60218829628663,20.56191123246995
548,2023-04-22 00:00:00,1.209038926486765,0.1566880688127525,0.11568103178302747,0.3580286786913931,0.4296249589929422,0.0,True,True,2000,1.546196988935667,78.19436560402393,23.15543758352835
549,2023-04-22 06:00:00,1.1659799863768743,0.16219563347408503,0.11984548214852335,0.3754668869600204,0.4554720266072943,0.0,True,True,2000,1.5005131845284903,77.70541428086571,25.022565001853298
550,2023-04-22 12:00:00,1.1504296038087216,0.16120885409457925,0.11787876918720572,0.3666165125050895,0.44848796349592907,0.0,True,True,2000,1.4794110547160313,77.76267455494602,24.78124733057781
551,2023-04-22 18:00:00,1.135928952434953,0.15373007030573932,0.11801810925183033,0.3629907917847665,0.45439062034547917,0.0,True,True,2000,1.4144645643771887,80.3080530288944,25.66277027552098
552,2023-04-23 00:00:00,1.1197764466045421,0.1598926289621964,0.11610519730926296,0.3637774604094604,0.4420697032816263,0.0,True,True,2000,1.4025143143811252,79.84064298827893,25.937522111493116
553,2023-04-23 06:00:00,1.0994316450905186,0.15831830228803692,0.11917138701788098,0.3696968039370444,0.4636679661706356,0.0,True,True,2000,1.4055374225839867,78.22144237677335,26.302878742095782
554,2023-04-23 12:00:00,1.0927063474266134,0.1621206240908528,0.11917404613674945,0.3769729309614948,0.47381652782293565,0.0,True,True,2000,1.4072043378449828,77.65086548127069,26.788784032516393
555,2023-04-23 18:00:00,1.101626906085314,0.15143235885842843,0.1129693333564275,0.3454062009803499,0.4358845703642557,0.0,True,True,2000,1.4134051368089824,77.94134020005305,24.43787644356287
556,2023-04-24 00:00:00,1.106249279471917,0.15608049386961176,0.1165063121772421,0.36733161751812704,0.4576710025721944,0.0,True,True,2000,1.4047273098266948,78.75188812328267,26.149674385090854
557,2023-04-24 06:00:00,1.0912154510186447,0.15825673097740586,0.12102844798690583,0.3762062067543777,0.463517511060558,0.0,True,True,2000,1.404654546535943,77.68568106013831,26.78282768401313
558,2023-04-24 12:00:00,1.080363539526257,0.16017185659206182,0.12385064916102732,0.3876482705714034,0.4958970170973399,0.0,True,True,2000,1.376587385451719,78.48129010507692,28.160091736144956
559,2023-04-24 18:00:00,1.0720518194925304,0.15163346519527113,0.11738499325762108,0.3593681593041973,0.4472668658465121,0.0,True,True,2000,1.3730943192986778,78.07561391995941,26.172139397368444
560,2023-04-25 00:00:00,1.081070073331481,0.15981927133336837,0.12233053802342915,0.3853852141256661,0.48762419346517044,0.0,True,True,2000,1.3866646619151703,77.96189684666645,27.79224312195259
561,2023-04-25 06:00:00,1.0632913350369604,0.15760295663535653,0.12410840501531495,0.37337310369964183,0.480104713249017,0.0,True,True,2000,1.387551575652529,76.6307612412117,26.908772996351814
562,2023-04-25 12:00:00,1.0806370595731185,0.15555114223376285,0.12132785146764036,0.3708479569252118,0.46681502692407145,0.0,True,True,2000,1.361321526512346,79.38147149863043,27.241761016981066
563,2023-04-25 18:00:00,1.0787134835275114,0.15331782399301716,0.1224715231257347,0.37120241379553537,0.4750926063758422,0.0,True,True,2000,1.3157230720727016,81.98636220828588,28.212807214117486
564,2023-04-26 00:00:00,1.0951345667540138,0.15454270810148688,0.12452464687744356,0.3802313954544098,0.48879056168597773,0.0,True,True,2000,1.3737316265857908,79.71968800600526,27.67872473020217
565,2023-04-26 06:00:00,1.0886369646489904,0.154784584566724,0.1226507153495243,0.3796854645783633,0.4756520043552995,0.0,True,True,2000,1.3691443159631993,79.51221445075564,27.731588273895934
566,2023-04-26 12:00:00,1.0911700599473118,0.14893887286539864,0.11771008771233822,0.3682616689234981,0.43885772511675675,0.0,True,True,2000,1.3528793033857796,80.655388637885,27.22058560596419
567,2023-04-26 18:00:00,1.070794499865917,0.13919839145365892,0.1126756440188616,0.3495573227488896,0.43787881060411166,0.0,True,True,2000,1.3363500008560636,80.12829716615914,26.15761757959844
568,2023-04-27 00:00:00,1.0626726106104603,0.13514099510741767,0.11106342737394223,0.3412980038924122,0.43978264421265023,0.0,True,True,2000,1.3170457827664759,80.68607974874642,25.913905830631816
569,2023-04-27 06:00:00,1.0527429100372334,0.13940895857234348,0.11575735475777088,0.35152556817308217,0.4681246701875447,0.0,True,True,2000,1.3220819448186467,79.62765955340542,26.58878820263307
570,2023-04-27 12:00:00,1.0103652091441906,0.13820275185609937,0.11318636014577256,0.342707333737341,0.4532139633896043,0.0,True,True,2000,1.3342183395800336,75.72712645084904,25.686000826912153
571,2023-04-27 18:00:00,1.0093348502070432,0.12666645268749618,0.10747027085544414,0.32927555265873776,0.4268325083396466,0.0,True,True,2000,1.3029434727292748,77.46574362837016,25.271668307221685
572,2023-04-28 00:00:00,1.0160418587730222,0.13688624733341015,0.11389178132254876,0.3507571799122806,0.45197019860697296,0.0,True,True,2000,1.3443005541383757,75.5814505651417,26.092169554828242
573,2023-04-28 06:00:00,1.0155517520677972,0.13745120454884308,0.1150993216277551,0.36173875962011137,0.45047519385211615,0.0,True,True,2000,1.307521199532802,77.67000278318011,27.665995759714363
574,2023-04-28 12:00:00,1.0438174602566979,0.13102145180158606,0.11251637600107414,0.34213476296271156,0.44839973405130423,0.0,True,True,2000,1.2830965130019876,81.35143768838853,26.66477225179565
575,2023-04-28 18:00:00,1.0273537248059892,0.13127480757092372,0.10956839813669363,0.3335336380701297,0.4330788146808134,0.0,True,True,2000,1.2520892098524,82.05116031046197,26.63816886573503
576,2023-04-29 00:00:00,1.0377972460979943,0.13458073169801002,0.11149927815953337,0.34288539765174775,0.4333874347828468,0.0,True,True,2000,1.2832694497159993,80.87134360813074,26.7196727645649
577,2023-04-29 06:00:00,1.0226035725149076,0.13063160834786045,0.10985828078822525,0.33142758425863467,0.44639930196228084,0.0,True,True,2000,1.2718129978161117,80.40518333047916,26.059458806266655
578,2023-04-29 12:00:00,1.0415513311344025,0.12723765352403704,0.1088273928188398,0.3331650728066478,0.4318783427464471,0.0,True,True,2000,1.2954530208537596,80.40054825361209,25.71803588732825
579,2023-04-29 18:00:00,1.058677268927743,0.11889035854095455,0.10469458393298751,0.315498730172915,0.3925361789439073,0.0,True,True,2000,1.2905436302142683,82.03343491393402,24.446963495572245
580,2023-04-30 00:00:00,1.087547006036668,0.1259840088506487,0.10529250032697975,0.31986546802099025,0.3994831150859562,0.0,True,True,2000,1.3092950749563752,83.06355281088219,24.430357536604035
581,2023-04-30 06:00:00,1.092447700218118,0.13595049429535772,0.11576212761984404,0.3599323784992088,0.4386096245340163,0.0,True,True,2000,1.2920417921443554,84.55204056557814,27.85764212021671
582,2023-04-30 12:00:00,1.0740727218445423,0.12812831717561862,0.10825877495318309,0.32973675414075465,0.4272002598701207,0.0,True,True,2000,1.299213859454302,82.670971682497,25.379713412174592
583,2023-04-30 18:00:00,1.0783030970349992,0.12436846388437409,0.1014455319908771,0.306541730340521,0.3940400323012308,0.0,True,True,2000,1.2804326394920194,84.21396516905332,23.940480809840494
584,2023-05-01 00:00:00,1.1232984676356665,0.13546499091083053,0.10968181713966339,0.34186848208699727,0.41788704300724494,0.0,True,True,2000,1.2956677799191125,86.69648848609889,26.38550463208554
585,2023-05-01 06:00:00,1.1030519361376072,0.1393022622368573,0.11424932481494636,0.34883395876255824,0.44105436605770953,0.0,True,True,2000,1.2888939550217144,85.58127934730082,27.06459731643953
586,2023-05-01 12:00:00,1.1000121999277852,0.14254170336711133,0.11442442684098351,0.3554685419489124,0.4473317875926508,0.0,True,True,2000,1.2756867396719989,86.22902204114918,27.864877081054363
587,2023-05-01 18:00:00,1.1178946613365808,0.14118661896962847,0.11306300229574176,0.3580087499111737,0.4408343485220025,0.0,True,True,2000,1.2523763831115113,89.2618765741324,28.58635428925177
588,2023-05-02 00:00:00,1.142934100152594,0.1461749503146092,0.11774287942817115,0.36438319911051026,0.48122109466074764,0.0,True,True,2000,1.2825285735692706,89.11568316733981,28.411312357465352
589,2023-05-02 06:00:00,1.1258692217716957,0.14452956562336786,0.11534200021468713,0.356622971836369,0.4620161763132589,0.0,True,True,2000,1.3258089289013264,84.91941766485786,26.898519391621228
590,2023-05-02 12:00:00,1.1385654982070323,0.14523442797868732,0.11757194932772455,0.3727407628514682,0.46615845103311576,0.0,True,True,2000,1.2983389086404467,87.69401352989408,28.709049722755598
591,2023-05-02 18:00:00,1.1361342833617658,0.14541067468597657,0.11934277536009907,0.3705879482875517,0.4745906292901335,0.0,True,True,2000,1.2789019352245778,88.83670061553688,28.977041795036122
592,2023-05-03 00:00:00,1.174053287759112,0.14836577559180622,0.11508639019398292,0.3629191795301696,0.45286820120224985,0.0,True,True,2000,1.3025969514644378,90.13173924898172,27.861202893355436
593,2023-05-03 06:00:00,1.1574895018949147,0.15049843926191442,0.11628470306854659,0.3726317832699362,0.4532110452726082,0.0,True,True,2000,1.3017883184840577,88.91533941884038,28.624606472415476
594,2023-05-03 12:00:00,1.2033307301298555,0.15355592113811506,0.11723296133277596,0.3691965142008436,0.4612400294261366,0.0,True,True,2000,1.2870681192363684,93.49394271717372,28.685079576043876
595,2023-05-03 18:00:00,1.21254524156838,0.1476128615047497,0.11369801307940083,0.3545282350047819,0.44474199302580286,0.0,True,True,2000,1.2690279554789223,95.54913556737004,27.936991732462303
596,2023-05-04 00:00:00,1.2346242738574635,0.15055501141439087,0.11688987953699552,0.3655347392345974,0.46973866255489843,0.0,True,True,2000,1.2909498130278532,95.63689164350386,28.315178138277535
597,2023-05-04 06:00:00,1.2575043247101712,0.14397047769508603,0.11400702671538648,0.3540614864492084,0.460205564095569,0.0,True,True,2000,1.3006596958497199,96.6820397927872,27.221685086343843
598,2023-05-04 12:00:00,1.2693492124366894,0.15765695000075827,0.11975931065813039,0.3794829554602672,0.48231882055345554,0.0,True,True,2000,1.2947879021788162,98.03530063114432,29.30850333260674
599,2023-05-04 18:00:00,1.2833236319996195,0.15148655599624503,0.11708679228606074,0.36464172080512,0.4811790850541109,0.0,True,True,2000,1.30115414648562,98.62963857632394,28.02448286315705
600,2023-05-05 00:00:00,1.300399659932581,0.16489936794126914,0.12055363787669969,0.3803496253683539,0.4848536326236216,0.0,True,True,2000,1.3395217883978272,97.07939588559891,28.39443364510568
601,2023-05-05 06:00:00,1.2673262030092363,0.16215415271984293,0.12212128472877076,0.3832795650943883,0.48342497164548837,0.0,True,True,2000,1.3420634462680268,94.43116914728452,28.55897507380904
602,2023-05-05 12:00:00,1.2480955156261997,0.15596880551606654,0.11583202555381455,0.3691000722303816,0.4533405347928595,0.0,True,True,2000,1.3020353427563542,95.85726858873383,28.347930360247535
603,2023-05-05 18:00:00,1.2458347725121843,0.15151813906520517,0.11486590254857289,0.36400246593926644,0.45107193893716163,0.0,True,True,2000,1.2518738555268292,99.51759652236659,29.07660898358504
604,2023-05-06 00:00:00,1.2559447876041858,0.16940370557900927,0.12245591813532368,0.40533772889503006,0.469202763588495,0.0,True,True,2000,1.3154929248276612,95.47332136117139,30.81261185407988
605,2023-05-06 06:00:00,1.217100264858456,0.19113180494240137,0.13212141820013912,0.42190951423165135,0.5229683368326968,0.0,True,True,2000,1.3238733786692296,91.9347941025823,31.86932534709316
606,2023-05-06 12:00:00,1.2340086222204858,0.20610576697375255,0.13661950715425458,0.44426715787006466,0.5370447368645825,0.0,True,True,2000,1.2666357917006856,97.42410804321328,35.07457793163703
607,2023-05-06 18:00:00,1.2450353906319678,0.20756657462168557,0.14030266586509704,0.45310498030853635,0.5576007311582584,0.0,True,True,2000,1.1459560636961967,108.64599700412579,39.53947229417153
608,2023-05-07 00:00:00,1.2611467042313638,0.24013517689015473,0.143552256053633,0.48057506130272126,0.5723228408179288,0.0,True,True,2000,1.1903146393884632,105.95070097426435,40.3737839895527
609,2023-05-07 06:00:00,1.2606558342056833,0.26450672472347364,0.15838909027624337,0.5320301179488868,0.6131806548905712,0.0,True,True,2000,1.2106485004291812,104.13062369125095,43.94587840816549
610,2023-05-07 12:00:00,1.2789116965737166,0.26597144419096447,0.1558633049626523,0.5215757856484178,0.617484224678055,0.0,True,True,2000,1.2099850436583521,105.69648800839447,43.10596964665362
611,2023-05-07 18:00:00,1.2357980679459244,0.2622140103817123,0.1565220610447454,0.5158002090077908,0.6135516538290382,0.0,True,True,2000,1.2336754514084196,100.17205631635788,41.81004075414891
612,2023-05-08 00:00:00,1.2706108033929004,0.27647816545960013,0.15895893744836675,0.5357727906159535,0.6242405951040721,0.0,True,True,2000,1.2829745347276542,99.0363229354838,41.760204595930325
613,2023-05-08 06:00:00,1.2726934177931448,0.2930171724054268,0.16878400048542552,0.564126349636929,0.6433003426006453,0.0,True,True,2000,1.2800724591524457,99.4235450261787,44.069876326410856
614,2023-05-08 12:00:00,1.2669083892874409,0.30672225209524423,0.16437016768516383,0.5625637406921741,0.6374192513814182,0.0,True,True,2000,1.2733505879335507,99.49407502480801,44.17979981500046
615,2023-05-08 18:00:00,1.2545148182953383,0.30320099287738517,0.1653333290389447,0.5658245493517173,0.6388589277985212,0.0,True,True,2000,1.2567564051428093,99.82163712567542,45.02261114694067
616,2023-05-09 00:00:00,1.2855029074186108,0.33084561780998156,0.16789520318898776,0.589984069547896,0.6703032998035645,0.0,True,True,2000,1.3235779039678268,97.1233278800534,44.574940982260244
617,2023-05-09 06:00:00,1.2715289309357192,0.3199240862135973,0.17437494136794335,0.5850038267912707,0.6755544331197082,0.0,True,True,2000,1.3876531819333981,91.63160849486292,42.15778368887484
618,2023-05-09 12:00:00,1.2558560372095497,0.3104602300999512,0.16518626926429245,0.5569599688688343,0.6404976600067118,0.0,True,True,2000,1.384585724346208,90.70265676778925,40.22574832857149
619,2023-05-09 18:00:00,1.2628806054043524,0.310857902547893,0.16394650980466993,0.5624640803949982,0.6335838479384691,0.0,True,True,2000,1.337847143931184,94.3964795330394,42.04247719528189
620,2023-05-10 00:00:00,1.276681842045799,0.3149408349369784,0.16594196106342893,0.556527128414873,0.6222979319905684,0.0,True,True,2000,1.3839773623566556,92.24730669523726,40.212155455144945
621,2023-05-10 06:00:00,1.253217681093148,0.31002981287921044,0.17015246724093358,0.56331443980184,0.6363829582651362,0.0,True,True,2000,1.4102505980729343,88.8648927223029,39.94427944732607
622,2023-05-10 12:00:00,1.2468400488046338,0.29929998350025155,0.16647650268024353,0.546955982625583,0.6172788449996569,0.0,True,True,2000,1.3625935697846037,91.50491213617954,40.14080168542442
623,2023-05-10 18:00:00,1.2516791619560672,0.3108152422124102,0.17021050246910283,0.5597359582260603,0.6386121132696917,0.0,True,True,2000,1.309202936182591,95.60619880717248,42.75394919737603
624,2023-05-11 00:00:00,1.2753270200966462,0.3385435608112176,0.16991655325071353,0.5949774790021805,0.6627246154972819,0.0,True,True,2000,1.3605836202214219,93.73382136476837,43.729578260346365
625,2023-05-11 06:00:00,1.2755216436267114,0.3580460225032224,0.1817160078784293,0.6160440550148572,0.677631637488904,0.0,True,True,2000,1.388905798024697,91.83644027123793,44.35463196215291
626,2023-05-11 12:00:00,1.2688307415961089,0.35901142903507105,0.17769928266032273,0.6077401259644805,0.6980449527641703,0.0,True,True,2000,1.3724779792828827,92.4481675297312,44.280501045417395
627,2023-05-11 18:00:00,1.2804484083983878,0.3407966181733808,0.17348618293546575,0.5870787934622629,0.6664301845357169,0.0,True,True,2000,1.3802249304539667,92.77099552007357,42.535008643059946
628,2023-05-12 00:00:00,1.2998967578844818,0.3606934529726582,0.17685666626677166,0.6157519757791204,0.6781771476526317,0.0,True,True,2000,1.4356066107637746,90.5468634748699,42.891414065830105
629,2023-05-12 06:00:00,1.2796340927720677,0.3613313603441002,0.1813427514737722,0.6082822715507796,0.6696690754314405,0.0,True,True,2000,1.4622504309707287,87.51128162927404,41.59904888159039
630,2023-05-12 12:00:00,1.269181151060824,0.3442686091554873,0.17848302019560097,0.5994951458583851,0.6543764249104905,0.0,True,True,2000,1.435769074806227,88.3973038096056,41.75428739745586
631,2023-05-12 18:00:00,1.2681376824709416,0.3485038756368685,0.18223270894861643,0.6090138409407605,0.6653215712211416,0.0,True,True,2000,1.454798668961129,87.16929081166387,41.862413950079905
632,2023-05-13 00:00:00,1.2831218732419707,0.3635791475366667,0.18441012562145834,0.6166836699740341,0.6987910177821318,0.0,True,True,2000,1.5082499877804716,85.07355436018949,40.887364493305306
633,2023-05-13 06:00:00,1.2770706662103908,0.36614008821796895,0.18486262590752373,0.6254684253825307,0.6885653409808915,0.0,True,True,2000,1.5265058861055232,83.6597276063245,40.973862667391884
634,2023-05-13 12:00:00,1.2698958850403292,0.3735181339943945,0.1830315479552296,0.6303600744146148,0.6820665453352894,0.0,True,True,2000,1.5192535235572486,83.58683164788309,41.491434091833554
635,2023-05-13 18:00:00,1.2804530234843647,0.3682230112201455,0.1841886717039442,0.6363988454202252,0.6955553360380846,0.0,True,True,2000,1.5035788314386511,85.16035186922686,42.32560555613219
636,2023-05-14 00:00:00,1.3266799860207594,0.40514151400861703,0.1928317779791476,0.6828711026222316,0.7440382232458773,0.0,True,True,2000,1.5630667321884049,84.8767335840686,43.687904589087076
637,2023-05-14 06:00:00,1.2850541583166573,0.41571415470952094,0.19653965084245836,0.6839381722463068,0.7472025760659344,0.0,True,True,2000,1.64134105920161,78.29293924699236,41.66947316720339
638,2023-05-14 12:00:00,1.2733305168763764,0.41298109169312874,0.19298392522592947,0.6791325550580068,0.7339578903292593,0.0,True,True,2000,1.5962302975667322,79.77110313075883,42.54602585186271
639,2023-05-14 18:00:00,1.275241219188683,0.4138602236099475,0.20183689325131435,0.6933124562231526,0.7629857400036215,0.0,True,True,2000,1.5024428055074357,84.8778545522059,46.145680466618025
640,2023-05-15 00:00:00,1.2925916273644202,0.42695836560164785,0.19517743321614034,0.7033775058172905,0.7619169230248913,0.0,True,True,2000,1.5976361954512233,80.90650618987455,44.02613735341883
641,2023-05-15 06:00:00,1.2549038684397187,0.424739451706015,0.19733782964416458,0.6953308611533802,0.7509718195493861,0.0,True,True,2000,1.6344830437367632,76.77680556237226,42.5413321856011
642,2023-05-15 12:00:00,1.2553517922915884,0.42315100369585196,0.19093430657369437,0.6826714642830893,0.7602308232567735,0.0,True,True,2000,1.5777248233187804,79.5672207052512,43.26936194406032
643,2023-05-15 18:00:00,1.2557926265291428,0.42031252895825827,0.19919878763177373,0.6983366667009799,0.7701868255350816,0.0,True,True,2000,1.5468879493341279,81.18187403746407,45.14461871666822
644,2023-05-16 00:00:00,1.2837061980577025,0.41971016848561615,0.19554970368930136,0.6971942409465098,0.7707164529925732,0.0,True,True,2000,1.5932049238950923,80.57382818773102,43.760487460834504
645,2023-05-16 06:00:00,1.241160398152556,0.41822443365537254,0.19708147780441151,0.6923192532038079,0.7598379149747854,0.0,True,True,2000,1.6063631778334142,77.26524208719562,43.09855098506274
646,2023-05-16 12:00:00,1.2271713704328802,0.408114223036529,0.18772436216876606,0.6768342680150193,0.7500991921168024,0.0,True,True,2000,1.5738848580601188,77.9708480038001,43.00405233259864
647,2023-05-16 18:00:00,1.2636227345445747,0.40692902898049055,0.18718877009970944,0.6689009885300835,0.751047357691202,0.0,True,True,2000,1.580066776620859,79.97274249680551,42.333716424352616
648,2023-05-17 00:00:00,1.2755770297881368,0.40799292326605846,0.19374589315707136,0.683968694468109,0.7668629297918748,0.0,True,True,2000,1.614075681451816,79.02832837682003,42.375255530329184
