window_idx,timestamp,te_bits,surr_mean,surr_std,surr_p95,surr_p99,p_value,sig95,sig99,n_valid_surrogates,h_target_bits,pct_h,surr_p95_pct
0,2022-12-06 00:00:00,0.0,0.02876256288528399,0.03905180758189466,0.10907602700938941,0.15046824008097823,1.0,False,False,2000,1.739611916777191,0.0,6.27013565252323
1,2022-12-06 06:00:00,0.00043261160019466503,0.02988442948386305,0.03971439277123007,0.11213915332053494,0.16197299181474095,0.5645,False,False,2000,1.7462509778289572,0.024773735601998827,6.42170883477202
2,2022-12-06 12:00:00,0.006129532246457676,0.030906976044204025,0.04125207421976023,0.11385264760045757,0.1638154884945389,0.528,False,False,2000,1.7596936144406972,0.3483295157836833,6.470026751597017
3,2022-12-06 18:00:00,0.006416158818676116,0.02937655677204426,0.03976645352678239,0.11194504830086183,0.14980815168396583,0.523,False,False,2000,1.7681285417768846,0.362878527611357,6.33127318833745
4,2022-12-07 00:00:00,0.008698085076479472,0.028565108397445464,0.03902914363572474,0.11020243150010069,0.1567052488990076,0.487,False,False,2000,1.7773587496035468,0.4893826346774192,6.200348214713668
5,2022-12-07 06:00:00,0.0,0.02883041396223424,0.03891205719726116,0.10884851892460459,0.1572583473324091,1.0,False,False,2000,1.7631765234659345,0.0,6.1734328625608885
6,2022-12-07 12:00:00,0.0,0.028642011958345655,0.038689362866914025,0.11111877155626183,0.1511832654558781,1.0,False,False,2000,1.7599708090641988,0.0,6.313671282726857
7,2022-12-07 18:00:00,0.0,0.02956673029188457,0.04050152684120946,0.11398033798763935,0.1567838482715101,1.0,False,False,2000,1.7655119787052718,0.0,6.455936825261654
8,2022-12-08 00:00:00,0.0,0.027759142216121753,0.0379237932818122,0.1056384448406534,0.1507806536624998,1.0,False,False,2000,1.7481366943946341,0.0,6.042916734107864
9,2022-12-08 06:00:00,0.0,0.0277469143421237,0.03839036468485914,0.10868882296341605,0.15279556067416095,1.0,False,False,2000,1.7587618634323747,0.0,6.179848746054823
10,2022-12-08 12:00:00,0.0,0.027478586570962703,0.03768086924473237,0.10745774519504674,0.14186476281229946,1.0,False,False,2000,1.7898373150486329,0.0,6.0037716440238
11,2022-12-08 18:00:00,0.020332803779463195,0.029643383527586806,0.04027704958059996,0.11280768407734784,0.16516465014191117,0.4275,False,False,2000,1.7903276353116082,1.1357029505900607,6.300951951608207
12,2022-12-09 00:00:00,0.010406040670068338,0.027005537164346338,0.03753023236016824,0.10569861008529215,0.14850601533276023,0.468,False,False,2000,1.7780973434674827,0.5852345884379665,5.944478263443574
13,2022-12-09 06:00:00,0.02632233909413205,0.025333793754982757,0.03698057935384667,0.10290985083434509,0.15210863484851272,0.3445,False,False,2000,1.7602492999298207,1.4953756320301614,5.846322497526231
14,2022-12-09 12:00:00,0.026559689775368878,0.026564887825215953,0.037220459149976765,0.10861884213829781,0.1469617631361388,0.3525,False,False,2000,1.749408220253205,1.5182099562516456,6.208890576870423
15,2022-12-09 18:00:00,0.016812769282109476,0.027113621112148073,0.03863038758931217,0.10454062953104436,0.1653850745097613,0.4235,False,False,2000,1.7272572958913255,0.9733795493064336,6.052406307949489
16,2022-12-10 00:00:00,0.0022453355434005106,0.027351306013793278,0.03746432614570193,0.10639509683211511,0.15169726669674186,0.528,False,False,2000,1.7088050575527922,0.13139799261924545,6.2262863959734105
17,2022-12-10 06:00:00,0.0,0.027574470589568103,0.038873292268284405,0.11035235585236398,0.15217602952766407,1.0,False,False,2000,1.7172121670653244,0.0,6.426250522144482
18,2022-12-10 12:00:00,0.0,0.026870357824218084,0.03801896712558033,0.10658796047825511,0.1496202185168769,1.0,False,False,2000,1.7212894533517424,0.0,6.192332165325483
19,2022-12-10 18:00:00,0.0,0.028796160061032704,0.03943016713537524,0.10916282930625613,0.15736005727122784,1.0,False,False,2000,1.7287298794427477,0.0,6.314626165971317
20,2022-12-11 00:00:00,0.0,0.029733142637451825,0.03940658345406279,0.11293423990482411,0.15277975618271733,1.0,False,False,2000,1.7455190727633425,0.0,6.469951641722092
21,2022-12-11 06:00:00,0.0,0.029456000784664798,0.03919333523781735,0.10910442260622094,0.15167193536673454,1.0,False,False,2000,1.7604099253263048,0.0,6.197671408038536
22,2022-12-11 12:00:00,0.0,0.028594158635573356,0.03872106589648488,0.10518761835129743,0.15137185792825594,1.0,False,False,2000,1.763707460505558,0.0,5.9640059764302364
23,2022-12-11 18:00:00,0.0,0.029694049822318797,0.039345426478001926,0.11060225791202612,0.15976758915053044,1.0,False,False,2000,1.7601222427343672,0.0,6.2837827525095316
24,2022-12-12 00:00:00,0.0,0.026905245901100706,0.03786593015753397,0.10706353127689165,0.15200057095449604,1.0,False,False,2000,1.7912484592714806,0.0,5.977034102819857
25,2022-12-12 06:00:00,0.0,0.02664952184816643,0.03787528729385108,0.10557635426053755,0.15379329673627445,1.0,False,False,2000,1.7956169463399514,0.0,5.8796701866584815
26,2022-12-12 12:00:00,0.0,0.026721878113644935,0.03767347227305245,0.1031672079088101,0.1543273412047814,1.0,False,False,2000,1.7772601570673718,0.0,5.804845593289203
27,2022-12-12 18:00:00,0.0,0.02784542868397733,0.03847647465628694,0.1073195307028134,0.15739454306456935,1.0,False,False,2000,1.793583724011971,0.0,5.983525010070682
28,2022-12-13 00:00:00,0.0,0.02903790226708658,0.04049465446146743,0.11249175639872161,0.16514679962154272,1.0,False,False,2000,1.7785914477780047,0.0,6.324766518992185
29,2022-12-13 06:00:00,0.0,0.028803947709503737,0.03824107572490944,0.10633516980700543,0.155720368007383,1.0,False,False,2000,1.7838700376739656,0.0,5.960925827626918
30,2022-12-13 12:00:00,0.0,0.0300163726030535,0.040405358927106345,0.11377558317997384,0.16071110424997576,1.0,False,False,2000,1.7684639802193245,0.0,6.433582162406464
31,2022-12-13 18:00:00,0.0,0.02889130838576166,0.03982813191535845,0.11368445343152636,0.16306185075571109,1.0,False,False,2000,1.7829214835951577,0.0,6.376301731598873
32,2022-12-14 00:00:00,0.00676415415960147,0.02751014269121754,0.03900367700906529,0.10911937121633354,0.15508693375858912,0.484,False,False,2000,1.808831208478174,0.37395165054081325,6.032590034099371
33,2022-12-14 06:00:00,0.025700439559383944,0.027519593669689275,0.03839813149407836,0.10627814913071112,0.14546888878528283,0.3655,False,False,2000,1.8230548845205021,1.4097457941395795,5.82967358981429
34,2022-12-14 12:00:00,0.026787826101584984,0.028153443515552646,0.03827554303109562,0.10771315947135338,0.15362995460426818,0.3705,False,False,2000,1.843397390574922,1.4531769567727526,5.843187151184998
35,2022-12-14 18:00:00,0.013923393187093694,0.027072930314371215,0.039014697804972714,0.10818751840658043,0.1591005747119243,0.4355,False,False,2000,1.8407551187249163,0.7563957337648678,5.877344428167148
36,2022-12-15 00:00:00,0.01239405041111929,0.028151615332836732,0.03911364653634357,0.1077362289380949,0.15185145189712979,0.4555,False,False,2000,1.831702624514735,0.6766409702777377,5.881753265852145
37,2022-12-15 06:00:00,0.01338651425454854,0.02930969119111709,0.039094293795556206,0.10944729207558371,0.1494820382617944,0.4625,False,False,2000,1.7993411914383617,0.743967532019183,6.082631387329796
38,2022-12-15 12:00:00,0.011182548514814504,0.028993744517260646,0.040599257080873405,0.11632328917341016,0.15845716698574072,0.4545,False,False,2000,1.7628489754537446,0.6343452371996982,6.598596408037132
39,2022-12-15 18:00:00,0.021327408945705797,0.028047597289181957,0.03837709499182309,0.10515914665685822,0.14942705381708477,0.4015,False,False,2000,1.7800371955040322,1.1981440050564092,5.907693778673066
40,2022-12-16 00:00:00,0.010810574477586451,0.027828920615301143,0.03880669882501338,0.10847153988200862,0.1508014170279971,0.4645,False,False,2000,1.7981249745935506,0.6012137437794101,6.0324805791948695
41,2022-12-16 06:00:00,0.0,0.028361969083783002,0.03970202542749194,0.11374418874218428,0.14958302375053598,1.0,False,False,2000,1.8146430801961648,0.0,6.268130079326036
42,2022-12-16 12:00:00,0.0,0.027046816023528476,0.03864766503018688,0.10716132526342267,0.1526315873098162,1.0,False,False,2000,1.8089238332216324,0.0,5.924037446760374
43,2022-12-16 18:00:00,0.007124160005450643,0.02672435263208566,0.037439490841874076,0.10604366796004079,0.14750113013200156,0.4825,False,False,2000,1.7808010041746998,0.4000536830757397,5.954829748604394
44,2022-12-17 00:00:00,0.02044984283459876,0.026944809747079888,0.03904961658806603,0.10939180060069574,0.15320724981584066,0.382,False,False,2000,1.7750193366223475,1.1520912709329918,6.162851206390543
45,2022-12-17 06:00:00,0.02380200536166065,0.027540131253725012,0.039644582966194046,0.11090789936496796,0.15568270437379195,0.3665,False,False,2000,1.7541115539511998,1.356926548260045,6.32273923030402
46,2022-12-17 12:00:00,0.012881510709917955,0.028852394048154293,0.041120198807854356,0.11752003651877445,0.16573910021122545,0.452,False,False,2000,1.775183472684064,0.725643907130411,6.620162835398926
47,2022-12-17 18:00:00,0.0,0.02806900480503015,0.03936393896120496,0.10853050047352063,0.16163439198471735,1.0,False,False,2000,1.7561828139298068,0.0,6.17990903980333
48,2022-12-18 00:00:00,0.01592224415516993,0.02734221782339899,0.038713864381188616,0.10474625951211002,0.15905189973108802,0.429,False,False,2000,1.8288258397530974,0.8706265959868289,5.727514191632999
49,2022-12-18 06:00:00,0.010114657560308746,0.02704400041742037,0.03809090410558206,0.1077567577656008,0.15043421862850093,0.461,False,False,2000,1.802744776158478,0.5610698582559406,5.977371793872167
50,2022-12-18 12:00:00,0.0,0.02861355927507029,0.03949005713503706,0.10887561474103268,0.15856853472308088,1.0,False,False,2000,1.7782364902711054,0.0,6.122673521587322
51,2022-12-18 18:00:00,0.003015702486793523,0.027070991581435243,0.03833798163179971,0.10589895171937473,0.14895659528259428,0.5065,False,False,2000,1.7534420245346254,0.17198757897877515,6.039489771410092
52,2022-12-19 00:00:00,0.03134707067198241,0.028683268703401363,0.03905777071690449,0.11021489217781746,0.1519898291043285,0.3525,False,False,2000,1.753349490695349,1.7878392664060767,6.285962539853254
53,2022-12-19 06:00:00,0.05417125033105512,0.02752188010632717,0.03812740799535778,0.10890885238554518,0.14695980644507506,0.2085,False,False,2000,1.803577133137517,3.003544973805383,6.038491528005042
54,2022-12-19 12:00:00,0.04967433033758597,0.026972695638404792,0.03803787072934826,0.11036197878059319,0.15061745060783524,0.2255,False,False,2000,1.8145051263230219,2.7376241387781475,6.082208155798085
55,2022-12-19 18:00:00,0.048373761721260046,0.028753102991928188,0.03818722120641603,0.10986243814110573,0.14353392200617673,0.251,False,False,2000,1.880728356303278,2.5720759491467735,5.841483581236003
56,2022-12-20 00:00:00,0.05084792485722559,0.026711187740695842,0.03841842344758557,0.105732110470635,0.15577929252197573,0.2175,False,False,2000,1.907164400057735,2.66615320921921,5.543943168582331
57,2022-12-20 06:00:00,0.05761488640239512,0.02841543573440436,0.039847273143114204,0.11073054765676833,0.16040515247700865,0.1995,False,False,2000,1.9253514426820957,2.9924347900939665,5.7511862614814895
58,2022-12-20 12:00:00,0.0597008858363431,0.02491937415656434,0.03664111795637661,0.10330377148037767,0.1442398222558752,0.173,False,False,2000,1.9500046080325817,3.0615766542509415,5.29761678792154
59,2022-12-20 18:00:00,0.08892337393365375,0.02511836994938516,0.037860398426713196,0.10617361706302693,0.15154006555164318,0.083,False,False,2000,1.983672012414824,4.48276597023733,5.3523776309056466
60,2022-12-21 00:00:00,0.09806792232633922,0.02633589353042246,0.037119666956009045,0.10482854424247927,0.14482072779215752,0.065,False,False,2000,1.9620556013495882,4.99822340706776,5.34279172161959
61,2022-12-21 06:00:00,0.11588862319891538,0.02474571945815391,0.036618758800410045,0.10672580693616047,0.14717050523545336,0.0355,True,False,2000,1.9345809592289203,5.9903734008167815,5.516740275304836
62,2022-12-21 12:00:00,0.11141856854638134,0.02670786934947865,0.038205104754567024,0.10699850848828588,0.15894701419519947,0.044,True,False,2000,1.9061179006065878,5.845313582697291,5.613425510260175
63,2022-12-21 18:00:00,0.10026114140369158,0.026098237245232532,0.03779773023718002,0.10385818756283391,0.14980396486725042,0.055,False,False,2000,1.8592337923403486,5.392605374146401,5.586074650251504
64,2022-12-22 00:00:00,0.08407094614845169,0.02621714297473642,0.03843487168831883,0.1044780170501424,0.16329551373901952,0.089,False,False,2000,1.8876481638582467,4.453740255102169,5.5348247120689695
65,2022-12-22 06:00:00,0.0794693778165032,0.026395785000832724,0.03803193661012557,0.10961083184477605,0.14860307276292553,0.1065,False,False,2000,1.8529124217144286,4.288890121583472,5.9155970115067475
66,2022-12-22 12:00:00,0.06371355576525937,0.0251741046955138,0.03625811026841474,0.10049356395628248,0.14734061641074037,0.1475,False,False,2000,1.8434007743551433,3.4563051427353115,5.451530961379629
67,2022-12-22 18:00:00,0.06473049305911965,0.026587789533468877,0.03774181376003524,0.10735228844121193,0.15302587228156375,0.157,False,False,2000,1.8066285370104271,3.582944237459815,5.9421339939009465
68,2022-12-23 00:00:00,0.08787103093465314,0.0243406449712276,0.03596501717767656,0.09824607533265772,0.14454598867329455,0.0735,False,False,2000,1.8306156014661652,4.800080959884534,5.366832624717668
69,2022-12-23 06:00:00,0.08453225782165479,0.02831479993813727,0.038667731136011865,0.11017839236208724,0.15834933650555813,0.1015,False,False,2000,1.8105750487066663,4.6688071771472845,6.0852706680559905
70,2022-12-23 12:00:00,0.08066509212720768,0.03086713543629314,0.041124952411393016,0.11452377258338482,0.16184086808542072,0.136,False,False,2000,1.8015289196818227,4.477590742282081,6.357032148205062
71,2022-12-23 18:00:00,0.07893630013782034,0.030905946421559024,0.04171433362083223,0.11830778298747112,0.16749031499513053,0.1435,False,False,2000,1.7979641674122382,4.390315534009293,6.580096819045529
72,2022-12-24 00:00:00,0.04579754934497481,0.02873596682888634,0.038985612907141254,0.10962526557952343,0.1587034155100466,0.267,False,False,2000,1.783867177833204,2.56731834713184,6.145371524391244
73,2022-12-24 06:00:00,0.04604921344331431,0.028667706150521707,0.039141437403389566,0.10991427034068654,0.15310417122248068,0.268,False,False,2000,1.7986406223587417,2.5602231413480063,6.110963411720608
74,2022-12-24 12:00:00,0.059581538316022746,0.028700269176294285,0.040079469443657326,0.11279709910476679,0.15512407589893115,0.202,False,False,2000,1.8005911337372442,3.3089987615543444,6.264448213218126
75,2022-12-24 18:00:00,0.04203878574791017,0.028648033161533755,0.040521087887200845,0.1147802562131012,0.16405795994179648,0.277,False,False,2000,1.836860149290348,2.2886220142644733,6.248720473218681
76,2022-12-25 00:00:00,0.04842101140107568,0.028405467826674795,0.041260061919156786,0.11314745109210442,0.17500927115136458,0.2475,False,False,2000,1.7877812684494594,2.708441589337781,6.328931457607063
77,2022-12-25 06:00:00,0.03323637180720712,0.026859699792998116,0.03794696192291189,0.10756106021071386,0.14384366883588764,0.3085,False,False,2000,1.7675216542089822,1.8803940380623723,6.085416829523969
78,2022-12-25 12:00:00,0.01646653613547298,0.026724733281406895,0.038300904598111425,0.10899329002509565,0.15235015803762067,0.417,False,False,2000,1.7807769402988045,0.9246826911802883,6.120547024087541
79,2022-12-25 18:00:00,0.021882143462101444,0.02617062481831511,0.03796027640026956,0.1077606772671049,0.15444774942127654,0.379,False,False,2000,1.7778195091041877,1.230841677124326,6.061395811850644
80,2022-12-26 00:00:00,0.02979729867202296,0.026770407564475157,0.03917745396972476,0.10866249595363879,0.15950373623178538,0.331,False,False,2000,1.801621167406252,1.6539158848206348,6.031373183191303
81,2022-12-26 06:00:00,0.03445684380437524,0.02706733822953882,0.039535197313952636,0.10808766132175593,0.16646286080627373,0.298,False,False,2000,1.8011421604014057,1.9130552025219447,6.001062198092533
82,2022-12-26 12:00:00,0.03878481930254867,0.02710739028580193,0.03975970382204017,0.11254077980877175,0.16335621336608075,0.281,False,False,2000,1.8160618950965763,2.1356551451946046,6.196968292360264
83,2022-12-26 18:00:00,0.05065212356371701,0.026803070011767183,0.03848257023078676,0.10764437074143181,0.16163289023840466,0.225,False,False,2000,1.8225894050220155,2.7791297054700683,5.906122928445947
84,2022-12-27 00:00:00,0.057030720836025686,0.026581047968875962,0.03776611264583217,0.10899484399989948,0.14694774259876328,0.185,False,False,2000,1.8528000547528407,3.07808285571502,5.882709454822374
85,2022-12-27 06:00:00,0.0595676394708371,0.02437331332821037,0.036582782199543855,0.10414333177042759,0.14975917035658864,0.1655,False,False,2000,1.8836379752255905,3.1623719766906424,5.528840103043423
86,2022-12-27 12:00:00,0.06018079748570953,0.02565509481257646,0.038938379176900774,0.10846426900027041,0.1572833610308924,0.1725,False,False,2000,1.931715899454752,3.115406230424268,5.614918271930445
87,2022-12-27 18:00:00,0.07155645249766246,0.027096736065685773,0.03898872176507484,0.11010136266588506,0.1588166850488935,0.146,False,False,2000,1.9319942950760076,3.703761065963568,5.69884512322297
88,2022-12-28 00:00:00,0.05385347952141532,0.02487165127163265,0.03655519340359794,0.10079679832441164,0.14556051131772663,0.19,False,False,2000,1.9202316625558253,2.804530337226938,5.249199890301322
89,2022-12-28 06:00:00,0.06552524283951588,0.026847979597115865,0.03848668255475736,0.10779556093264338,0.1531244987757726,0.1615,False,False,2000,1.8928713055354252,3.4616850415502047,5.694817213268067
90,2022-12-28 12:00:00,0.07392765298774223,0.025367250687196717,0.0361037816679146,0.10290628468704073,0.14016125158782003,0.12,False,False,2000,1.9128077294075383,3.8648763203523937,5.379855126312895
91,2022-12-28 18:00:00,0.08311096372415094,0.02638134306261484,0.037670615228345965,0.1049466278744857,0.14702926667069238,0.1015,False,False,2000,1.9356438805917606,4.293711490914457,5.421794211567557
92,2022-12-29 00:00:00,0.09749176496096566,0.02590117553419203,0.038297156795409716,0.10858009532568264,0.15104200641008697,0.068,False,False,2000,1.9083858885938783,5.108598085096865,5.689629962925672
93,2022-12-29 06:00:00,0.11514787135927122,0.02537879507294962,0.037747918761931676,0.1064604375721706,0.14479076559472687,0.0345,True,False,2000,1.9490150233898231,5.908003272288808,5.462268699551086
94,2022-12-29 12:00:00,0.14820700614701982,0.026171351471454146,0.037203109469434725,0.10619137157871376,0.15265029050082413,0.0105,True,False,2000,1.915112008069631,7.738816608246717,5.544917014318714
95,2022-12-29 18:00:00,0.15267328166311814,0.02526840811324305,0.03646794615698873,0.10384628122512353,0.14769991345255637,0.008,True,True,2000,1.9128746337571716,7.9813532454683145,5.428807481290811
96,2022-12-30 00:00:00,0.14892554369813135,0.025161891040356828,0.036602759702547186,0.10296405896583058,0.14699857845241726,0.0085,True,True,2000,1.884427548565296,7.902959379442072,5.4639436280913
97,2022-12-30 06:00:00,0.11922885856805344,0.022657087059963776,0.03575296867716659,0.1000038680251038,0.14767915043500646,0.0285,True,False,2000,1.8912142901429914,6.304354783562828,5.287812626328172
98,2022-12-30 12:00:00,0.11673795316511572,0.02451889379792687,0.03775245206369791,0.10566947400184092,0.15691836378171256,0.0365,True,False,2000,1.8715996682799945,6.237335640927862,5.645944257884565
99,2022-12-30 18:00:00,0.15165700448105762,0.024431414587206966,0.03675760796572415,0.09997991818628835,0.14546782818041443,0.0085,True,True,2000,1.854532763617925,8.177639535750059,5.391110912014409
100,2022-12-31 00:00:00,0.14839716070415115,0.026485840496440583,0.0374989509006819,0.10188117338482515,0.15733714556953962,0.012,True,False,2000,1.8351385454597018,8.086428192100216,5.551688379980266
101,2022-12-31 06:00:00,0.16325669432095355,0.023824803197173477,0.03490214289201412,0.09889495306428077,0.14467941857489064,0.004,True,True,2000,1.823694863663166,8.951974235044336,5.422779601716668
102,2022-12-31 12:00:00,0.16396321784556261,0.024712547600698066,0.03641318457553978,0.0983607601795665,0.15065825308529882,0.0075,True,True,2000,1.7957169456868138,9.130794151015325,5.477520297161652
103,2022-12-31 18:00:00,0.15983845528914462,0.025284052348087272,0.03695089871673152,0.10312710805937635,0.1508849845569218,0.007,True,True,2000,1.7758825365075206,9.000508310841635,5.807090612095763
104,2023-01-01 00:00:00,0.16064471407177383,0.025072610979929664,0.03739117123432599,0.10418150816666279,0.15066587237131657,0.0075,True,True,2000,1.782408461853178,9.012789016090668,5.844985052323238
105,2023-01-01 06:00:00,0.14969677752717933,0.02286036142958652,0.03430566831066882,0.0940420693786056,0.14149503308783093,0.0055,True,True,2000,1.766689222946296,8.473294317012417,5.323068039197763
106,2023-01-01 12:00:00,0.1487722833919243,0.023903239316238153,0.03599999614709719,0.10145055235675297,0.14554530515113945,0.0075,True,True,2000,1.7424063892489237,8.538322879776263,5.822439184264237
107,2023-01-01 18:00:00,0.15510531823203166,0.024326332368706453,0.036411052915718965,0.10118141496632133,0.14323733890173548,0.0065,True,True,2000,1.695986605123508,9.145432974733685,5.965932434882228
108,2023-01-02 00:00:00,0.1336907946891471,0.023439645037697205,0.03452281296332033,0.10159925215789788,0.13433293711420025,0.012,True,False,2000,1.7500888553027265,7.639086111774683,5.805376787015963
109,2023-01-02 06:00:00,0.11449451618406664,0.022581655660448112,0.03573286427047759,0.10322662308612093,0.14030203441500388,0.032,True,False,2000,1.76230203974036,6.496872477145582,5.857487579219355
110,2023-01-02 12:00:00,0.1169266083687543,0.022717327790954214,0.03610889264963681,0.09854030628008603,0.152264301585702,0.0305,True,False,2000,1.7466274210833062,6.694421887424235,5.641747352103784
111,2023-01-02 18:00:00,0.11436658885845613,0.02368370192226728,0.03719486970175213,0.10476383456103569,0.15600489236473164,0.0405,True,False,2000,1.7287526748480364,6.615555279965618,6.06008228275018
112,2023-01-03 00:00:00,0.12802978277274712,0.023077729957775104,0.03650309895944238,0.10007133198697409,0.15345436156901038,0.0215,True,False,2000,1.7338115204413231,7.38429646263733,5.7717537810281705
113,2023-01-03 06:00:00,0.09788496658881268,0.022104424790106124,0.03544190658303762,0.10241826197180068,0.1454570190322188,0.055,False,False,2000,1.7625489329820692,5.553602782715394,5.810803890619847
114,2023-01-03 12:00:00,0.09605511437374503,0.022021292373089817,0.03524480982905026,0.0935475788545409,0.14854566673498254,0.0465,True,False,2000,1.7510945547314876,5.485432760566953,5.342234581323649
115,2023-01-03 18:00:00,0.11451054617909082,0.023024251844491198,0.03679524153985786,0.10228482632756256,0.15384401500899447,0.034,True,False,2000,1.7207543791246949,6.654671205157095,5.944185153234496
116,2023-01-04 00:00:00,0.11633445129755374,0.022395962239239633,0.035791481251514295,0.10274770460027138,0.1462610668508975,0.0285,True,False,2000,1.705610573274989,6.820692432398376,6.024101058601127
117,2023-01-04 06:00:00,0.09713179086093668,0.0222923873292866,0.03663419976492509,0.1005069422085441,0.15700824149998746,0.057,False,False,2000,1.7136536753751186,5.6681109057624806,5.8650673501192205
118,2023-01-04 12:00:00,0.09363224294597924,0.02303386300497426,0.03554320906754696,0.09357023728243279,0.14390003758982273,0.05,True,False,2000,1.6897646638132608,5.541141021062725,5.537471535904565
119,2023-01-04 18:00:00,0.09952682610425984,0.02321520023805173,0.03730098890576955,0.103455571218699,0.16267094318079514,0.058,False,False,2000,1.6869803348984904,5.899702803011548,6.132589045557793
120,2023-01-05 00:00:00,0.09805284523365955,0.023553158233804758,0.037568133064580365,0.10394432478638119,0.1645173518063898,0.058,False,False,2000,1.6872482342114246,5.81140600686341,6.160582816372721
121,2023-01-05 06:00:00,0.08562591490252282,0.022074536244069454,0.035887118899031886,0.09674685298308633,0.1549788256171263,0.075,False,False,2000,1.7082800926249337,5.0124048902864935,5.663406920256599
122,2023-01-05 12:00:00,0.08707031009804712,0.0237092826817101,0.03592907218217172,0.09936315108753638,0.14585122920615917,0.069,False,False,2000,1.7131471576353614,5.082476990373048,5.800035953985779
123,2023-01-05 18:00:00,0.06678394371581999,0.023003875520629918,0.03627797420391582,0.10482877741315061,0.14775128522771178,0.129,False,False,2000,1.696323727160852,3.936981051818258,6.179762490771925
124,2023-01-06 00:00:00,0.0672144115798828,0.023551405325172546,0.03655734238036631,0.10201127134191244,0.15351606188776598,0.13,False,False,2000,1.6981159014314815,3.9581757360155594,6.0073208934630875
125,2023-01-06 06:00:00,0.030644325194808707,0.021685540379523964,0.03483033324501492,0.10014329123549955,0.14316953526850182,0.2635,False,False,2000,1.6617994814414916,1.84404469594773,6.026195840946613
126,2023-01-06 12:00:00,0.02826885534138113,0.022155136285213723,0.0356974324299624,0.1010737758903387,0.14748170982922085,0.286,False,False,2000,1.6713844773249622,1.6913436570037563,6.047308519468033
127,2023-01-06 18:00:00,0.020671867970139274,0.025141145928071467,0.0378978496899477,0.10712042696326118,0.15336802540681563,0.3645,False,False,2000,1.6887019904266147,1.2241276487698678,6.343358838358418
128,2023-01-07 00:00:00,0.015527455705560446,0.024037912386700274,0.03733459533906348,0.10409548982961563,0.14883752380998502,0.387,False,False,2000,1.752945891627605,0.8857920703498298,5.938317339217086
129,2023-01-07 06:00:00,0.012015424606435949,0.02231905505869437,0.03558464832282766,0.1002143133808876,0.14742040014496915,0.385,False,False,2000,1.763558790285624,0.6813169298705344,5.682504826768888
130,2023-01-07 12:00:00,0.012994132393099022,0.025283718998036813,0.038228710261389555,0.10600387566978178,0.16142414995776813,0.407,False,False,2000,1.7662246854681325,0.7357009841392272,6.001720876281705
131,2023-01-07 18:00:00,0.03724729475921689,0.02576302064147388,0.03841376348775149,0.10713292089716527,0.16103948611363036,0.2745,False,False,2000,1.8397243470955065,2.0246128077840377,5.823313751666277
132,2023-01-08 00:00:00,0.04277008642784653,0.02754919422613354,0.03993246649627242,0.10960235142037586,0.15811289925826288,0.2705,False,False,2000,1.8802119896253127,2.27474809563201,5.829255000241614
133,2023-01-08 06:00:00,0.04577076962939928,0.025697595214772898,0.03889201388978523,0.10710093752182274,0.1637939123225788,0.229,False,False,2000,1.8696639332308247,2.4480746949162286,5.728352332108676
134,2023-01-08 12:00:00,0.04020880512504605,0.02812518479695587,0.04067057446602941,0.11263267986238251,0.16826357732276473,0.2875,False,False,2000,1.871483015894537,2.1484996007739308,6.018365056257056
135,2023-01-08 18:00:00,0.03895320550229188,0.0277340220148362,0.039176003447135975,0.11061502235334171,0.15891976783744116,0.2945,False,False,2000,1.8589687072587149,2.0954201837928363,5.950343430818563
136,2023-01-09 00:00:00,0.013949792006549729,0.026228555317092332,0.03924233832382328,0.1105024933567382,0.1612529366885702,0.42,False,False,2000,1.8466351577017208,0.7554167886585303,5.983991634507112
137,2023-01-09 06:00:00,0.003643559140241078,0.024465810999610364,0.03596216487455851,0.0998809839909629,0.14544072647770337,0.485,False,False,2000,1.8435470294167646,0.19763852411152083,5.417870138228144
138,2023-01-09 12:00:00,0.0,0.027476663884324893,0.03910804046131788,0.10898314016825111,0.16409741357639096,1.0,False,False,2000,1.860728932984408,0.0,5.857013250901299
139,2023-01-09 18:00:00,0.0,0.02568474616567962,0.03765859548526059,0.10475942787175661,0.15574430236346973,1.0,False,False,2000,1.865116616502411,0.0,5.61677628867027
140,2023-01-10 00:00:00,0.0,0.026397535737445174,0.037953028216660654,0.10427909075817858,0.15686831619727684,1.0,False,False,2000,1.847979679554118,0.0,5.642869989963263
141,2023-01-10 06:00:00,0.0,0.02528206463119158,0.03847165739616958,0.10761184181097207,0.15160516712941063,1.0,False,False,2000,1.823471407734405,0.0,5.901482269177763
142,2023-01-10 12:00:00,0.0,0.024464671645428385,0.03678302265498526,0.10435467820076824,0.15645576801544864,1.0,False,False,2000,1.8120522605613174,0.0,5.758922105725715
143,2023-01-10 18:00:00,0.0,0.025403098427375127,0.03873880928166797,0.1095806613066276,0.15950440906893892,1.0,False,False,2000,1.8340745915654604,0.0,5.974711269136326
144,2023-01-11 00:00:00,0.0,0.024020434472233926,0.036200294768893096,0.10168564954185039,0.1458786953892274,1.0,False,False,2000,1.8068111089357473,0.0,5.627907036820553
145,2023-01-11 06:00:00,0.0,0.023470480622529665,0.0360734133049798,0.10262147592062307,0.14492292847229224,1.0,False,False,2000,1.719258262644473,0.0,5.968938940143645
146,2023-01-11 12:00:00,0.0,0.027333606167612982,0.04014737799703373,0.11263382122119217,0.16272964316216415,1.0,False,False,2000,1.7532340300381066,0.0,6.424346053717887
147,2023-01-11 18:00:00,0.0,0.027678615469666563,0.040768825618006564,0.11243900291510353,0.16513735038676736,1.0,False,False,2000,1.7786729510204673,0.0,6.321510812349993
148,2023-01-12 00:00:00,0.0,0.02783634039948257,0.038535785288742026,0.1063409164714339,0.1568113442505516,1.0,False,False,2000,1.7984816636219327,0.0,5.9128162728818525
149,2023-01-12 06:00:00,0.0,0.028057578604379664,0.03972780151645858,0.11429618141578361,0.15702568282785806,1.0,False,False,2000,1.7444271327262928,0.0,6.552075421869577
150,2023-01-12 12:00:00,0.0,0.026645189566915813,0.039115979067537984,0.1080727803025046,0.16099246148859336,1.0,False,False,2000,1.7264162019816773,0.0,6.259949378281587
151,2023-01-12 18:00:00,0.0,0.028373627660741484,0.0399134397066335,0.11097732533785373,0.15460224412806853,1.0,False,False,2000,1.7433357419058528,0.0,6.365803365938616
152,2023-01-13 00:00:00,0.01943345547828664,0.031809271047997786,0.04224494411404208,0.11728388195021293,0.16670838288709477,0.446,False,False,2000,1.7400799261083044,1.1168139570318267,6.740143380224999
153,2023-01-13 06:00:00,0.0166214416622927,0.03133296928889702,0.043249456228976434,0.12132848486406847,0.17169768650979658,0.4415,False,False,2000,1.7985863200022223,0.9241392240919615,6.745769358677128
154,2023-01-13 12:00:00,0.03584024951572656,0.02857492143965681,0.04098708923403539,0.11204380092194517,0.16915184378138345,0.3235,False,False,2000,1.779925700348623,2.0135812134577726,6.294858313467795
155,2023-01-13 18:00:00,0.05057063012198149,0.02915412010362452,0.0408203689061211,0.11844475844766535,0.15616619496409972,0.2405,False,False,2000,1.7590102647311316,2.8749479827345588,6.733602459435896
156,2023-01-14 00:00:00,0.06296654551411317,0.028407752128876293,0.03973616056517552,0.1118674199121989,0.15468979197383273,0.1885,False,False,2000,1.7619368725622018,3.5737117767759443,6.349116228524222
157,2023-01-14 06:00:00,0.08500698797818523,0.029152540162866402,0.04022390648710439,0.11522128729331586,0.1555313151299255,0.109,False,False,2000,1.7656316361341544,4.814536975804749,6.525782894646845
158,2023-01-14 12:00:00,0.1017115700603068,0.032346730095919714,0.04256755504454766,0.12077042101903906,0.16747850561692004,0.0835,False,False,2000,1.7612501339143862,5.774964504005594,6.857085129108054
159,2023-01-14 18:00:00,0.07469595875700294,0.028109834849437635,0.039127974137809204,0.11013506337692151,0.15160842981542128,0.1345,False,False,2000,1.7509547025781917,4.266013201084925,6.290000718736655
160,2023-01-15 00:00:00,0.04961806589600965,0.028134465477258817,0.03984111223706793,0.1090021403129548,0.15692013538014327,0.2385,False,False,2000,1.7495316865984283,2.8360770071264527,6.23036102449136
161,2023-01-15 06:00:00,0.06021759005531362,0.032068970060144454,0.04162743177374556,0.1169436579452802,0.16063267504932768,0.217,False,False,2000,1.77756363906347,3.3876474930056495,6.578873204612427
162,2023-01-15 12:00:00,0.05327455349830755,0.029218705722817796,0.03939385033780461,0.11032823598693114,0.1568211814225861,0.236,False,False,2000,1.760925863534772,3.0253717434399854,6.265353827302256
163,2023-01-15 18:00:00,0.09074755082679456,0.029125642571218024,0.040782739078887895,0.11653206394067916,0.1616438552118642,0.0985,False,False,2000,1.7821937603010014,5.091901500736253,6.5386865635191995
164,2023-01-16 00:00:00,0.09610779230447647,0.029586027446678057,0.040267409483146534,0.11442368641571687,0.15918368380433068,0.0865,False,False,2000,1.8244736601143117,5.267699633353702,6.271599799832008
165,2023-01-16 06:00:00,0.10181351114253723,0.027138462306856972,0.03789503042485697,0.10834425257594882,0.14533643440556357,0.0625,False,False,2000,1.813038234878248,5.615629564997804,5.975839366852875
166,2023-01-16 12:00:00,0.0926679626718541,0.028173003481042836,0.0395203069959451,0.11341468944545947,0.15921502765440143,0.0875,False,False,2000,1.8170586401895694,5.099888392274797,6.241663694113207
167,2023-01-16 18:00:00,0.12491223373248184,0.028256499342635806,0.039745703502416886,0.11299077576340612,0.16490139087517125,0.0345,True,False,2000,1.818990317458618,6.867119221778023,6.211730468212163
168,2023-01-17 00:00:00,0.13372482173071917,0.029036093432891697,0.040351535537886646,0.11193797851119501,0.1627533963044165,0.034,True,False,2000,1.8085928757386383,7.393859808062403,6.189230313399249
169,2023-01-17 06:00:00,0.11090958884515802,0.02860190043115393,0.04066137926969116,0.11466715259999659,0.16656249284490998,0.0525,False,False,2000,1.8093991776273368,6.129636302288677,6.337305444692393
170,2023-01-17 12:00:00,0.1095052233322309,0.029380956673680587,0.0407717165410292,0.11539372561183335,0.15926028458368008,0.0585,False,False,2000,1.8085222351621872,6.054955875198877,6.3805533251563755
171,2023-01-17 18:00:00,0.13465500756347396,0.02929111848680874,0.04100228313861101,0.11644691012818705,0.17177151206515182,0.0275,True,False,2000,1.7919956369619032,7.514248627957828,6.498169288269458
172,2023-01-18 00:00:00,0.16031840206675624,0.029788318081516104,0.039919703497960035,0.11228625727756336,0.1550353444002366,0.008,True,True,2000,1.7927701745272187,8.942496051343262,6.263282314319793
173,2023-01-18 06:00:00,0.16035131350890164,0.03125223688372328,0.041976410452144786,0.11846494240372647,0.1630909839284938,0.011,True,False,2000,1.8003790542527935,8.90653071807991,6.580000035208844
174,2023-01-18 12:00:00,0.1743831362919588,0.032268208980401,0.04392370291381404,0.1226651402516408,0.17237644890040257,0.009,True,True,2000,1.8055532018091118,9.658155523594209,6.793770470387352
175,2023-01-18 18:00:00,0.18809285900936978,0.03346725621310173,0.04391771198952143,0.1183562075906028,0.17815417755412957,0.007,True,True,2000,1.8063657891372555,10.412777973347549,6.5521727826306595
176,2023-01-19 00:00:00,0.19826133414489389,0.03127888821334517,0.04158802962476453,0.11640010834002072,0.1570867586957679,0.003,True,True,2000,1.797009789346708,11.032846638914002,6.477433179834667
177,2023-01-19 06:00:00,0.22035491980474262,0.03431628050264412,0.04439645695826196,0.12506933949979196,0.17473894469565504,0.002,True,True,2000,1.7880823984522864,12.323532740743692,6.994607161730826
178,2023-01-19 12:00:00,0.22100388407890473,0.03631270328703437,0.045662959319531016,0.1298304638874246,0.17814858365970176,0.001,True,True,2000,1.7786206852727264,12.42557707266386,7.299502640582241
179,2023-01-19 18:00:00,0.2147753616347578,0.0353783706171967,0.0443586901391806,0.12531327272404674,0.17566932444853697,0.003,True,True,2000,1.795282741765385,11.963316787836952,6.980141334217939
180,2023-01-20 00:00:00,0.2140361316333449,0.03572233372794299,0.04512460434648734,0.12624049686015698,0.1840303938651164,0.0035,True,True,2000,1.805726602244998,11.853185934528577,6.991119071026948
181,2023-01-20 06:00:00,0.2159010308784133,0.037254662678828813,0.048182332271272124,0.13598595644707234,0.193667830268576,0.005,True,True,2000,1.8064813485767068,11.951467478394822,7.527670105988814
182,2023-01-20 12:00:00,0.21783099130095482,0.035069479877288756,0.04426718022196681,0.12356209977733032,0.17407105496318495,0.0025,True,True,2000,1.7978452792067898,12.11622567416157,6.872788287535286
183,2023-01-20 18:00:00,0.19550619496489854,0.03271708330173752,0.04339236656017818,0.12216796980026803,0.16531840641616233,0.004,True,True,2000,1.7382518874285027,11.247287943643327,7.028208666639116
184,2023-01-21 00:00:00,0.194714020314218,0.03302577192864298,0.04385262329069092,0.11966238977687808,0.17670219095950102,0.0055,True,True,2000,1.7363795844910503,11.213793461600192,6.891487946856521
185,2023-01-21 06:00:00,0.18334563063499623,0.03647251922289478,0.047250768637195656,0.13337652997977437,0.18468254543692578,0.0115,True,False,2000,1.7319192205208307,10.586269178296877,7.7010826139838535
186,2023-01-21 12:00:00,0.17993966179742682,0.03586515483025784,0.04655830352230052,0.13215353909647976,0.18097750198083798,0.0105,True,False,2000,1.733548961446297,10.379843073327647,7.623294296010208
187,2023-01-21 18:00:00,0.1813372845917381,0.03507712581586073,0.044796900437435734,0.12799069212352734,0.1727446822976271,0.009,True,True,2000,1.7129410784785646,10.586311862682516,7.471984514330683
188,2023-01-22 00:00:00,0.19273204125814933,0.03367866254045455,0.04445344885399101,0.1271281191998877,0.16960849713800316,0.0045,True,True,2000,1.7022429280712235,11.322240679039275,7.468271249858208
189,2023-01-22 06:00:00,0.19433245999961543,0.030855913293471735,0.04217327636787199,0.11887408798425059,0.168806920298532,0.003,True,True,2000,1.6990979733159004,11.437389900498967,6.996305678139328
190,2023-01-22 12:00:00,0.18844771730605933,0.030341731372736915,0.04216617324133759,0.11758911777971436,0.16877493461915913,0.004,True,True,2000,1.635815810561999,11.520106120096518,7.188408194888125
191,2023-01-22 18:00:00,0.19282940922495434,0.030095733679821456,0.04081514019338048,0.11508155054899466,0.15824928743235397,0.0035,True,True,2000,1.6672517086458198,11.565704699836523,6.902470092081449
192,2023-01-23 00:00:00,0.19691830464095747,0.03476641779101486,0.0440487556944366,0.12405506268207014,0.1702183762780159,0.003,True,True,2000,1.67181459462547,11.77871668748485,7.420383999570341
193,2023-01-23 06:00:00,0.17909919199750196,0.03371190168061427,0.0429053096915279,0.12115724694420332,0.17289561342885454,0.006,True,True,2000,1.6701589304104143,10.723481983447602,7.254234596370472
194,2023-01-23 12:00:00,0.17542633573872288,0.03363060736814715,0.04386365522323404,0.12490586416460618,0.17778393748406845,0.0105,True,False,2000,1.66656472791691,10.526223962389604,7.494810256828717
195,2023-01-23 18:00:00,0.1465729609075494,0.033120995491610565,0.0427507372860741,0.1220558061712959,0.16788944263971897,0.022,True,False,2000,1.690771140534867,8.669000634892654,7.218943075446872
196,2023-01-24 00:00:00,0.14541997633374176,0.03450979759680749,0.04304935483201676,0.12301709500484255,0.16662947074149217,0.0255,True,False,2000,1.66963404626961,8.709691603297575,7.367907672923551
197,2023-01-24 06:00:00,0.14117504008568585,0.03326846189732756,0.042353973787124057,0.11720336131179002,0.167437792102522,0.027,True,False,2000,1.6640785062114578,8.483676675032209,7.043138942922971
198,2023-01-24 12:00:00,0.15399478995320753,0.037334052466055624,0.0464746036123969,0.13183660502419903,0.18545107468600713,0.0285,True,False,2000,1.6858382928957156,9.134612174972911,7.820240267395226
199,2023-01-24 18:00:00,0.12857805851853046,0.03626625210112639,0.04453773972722629,0.12761263218883356,0.17484572991966232,0.048,True,False,2000,1.6689959607885387,7.703916698383266,7.646071961045449
200,2023-01-25 00:00:00,0.15083115626189003,0.04007689105006013,0.04804641502355304,0.13510261505651683,0.19311022124684354,0.0315,True,False,2000,1.679842354609023,8.978887563350872,8.042577012410277
201,2023-01-25 06:00:00,0.1453766583146672,0.03875786808376766,0.04629206376140527,0.13351684531917282,0.17501708119398138,0.033,True,False,2000,1.6634162386575124,8.739644049164498,8.026664776756647
202,2023-01-25 12:00:00,0.12364803335662936,0.037878322266680045,0.04493708735759345,0.13249862285026182,0.17200781064952447,0.061,False,False,2000,1.6540580890053127,7.47543476124146,8.01051811487113
203,2023-01-25 18:00:00,0.0808283919606735,0.039545418601884215,0.047186787211765994,0.13626280324200166,0.1855243837933172,0.189,False,False,2000,1.599088559790511,5.054653881787663,8.521279350522825
204,2023-01-26 00:00:00,0.07382363878896256,0.039410321970292955,0.0477120051039256,0.13820208977805826,0.18884458723089928,0.2145,False,False,2000,1.6791421686811538,4.396509132216347,8.23051748421077
205,2023-01-26 06:00:00,0.08671379455587752,0.0399281557337235,0.048006788148341605,0.139516421773503,0.18881307559688665,0.1665,False,False,2000,1.6279060623268262,5.326707514801824,8.570299294425322
206,2023-01-26 12:00:00,0.0791658534554073,0.04125576806011984,0.04802200060202824,0.13750518960054942,0.1869398810372582,0.2085,False,False,2000,1.5551514130487782,5.090555992886091,8.841916513516775
207,2023-01-26 18:00:00,0.06364427668299405,0.04038827002488874,0.04794114347447945,0.1391057056607937,0.18067667930998216,0.2695,False,False,2000,1.5153905196554915,4.199859762714031,9.179528567488857
208,2023-01-27 00:00:00,0.0799401101532461,0.039223544237178005,0.0473354096407739,0.13318292408576393,0.1833606519426133,0.187,False,False,2000,1.5226431432331629,5.250088342006532,8.746824538477535
209,2023-01-27 06:00:00,0.11732943534488817,0.040711684346303983,0.049465631773991575,0.13777411342493057,0.19450470522289354,0.0855,False,False,2000,1.5349846805693088,7.643687707773863,8.975601852510454
210,2023-01-27 12:00:00,0.1435738866097385,0.041514019846959925,0.049682252855678614,0.14320264474522396,0.18972335038839303,0.0495,True,False,2000,1.5394880831210283,9.326079765337898,9.301965134728876
211,2023-01-27 18:00:00,0.15397509408388263,0.03865923383673637,0.04714525390867928,0.134809622078029,0.1790928094895789,0.0295,True,False,2000,1.5751661770067564,9.775165079818889,8.558438090272094
212,2023-01-28 00:00:00,0.16232603612577698,0.03948488141208121,0.048087929974102515,0.1345707003451509,0.19362880320675532,0.0235,True,False,2000,1.6001854589202387,10.144201424959213,8.409693988592768
213,2023-01-28 06:00:00,0.1555003724169836,0.037619525125658894,0.04645355641217458,0.13388449187940696,0.17365630787612665,0.0225,True,False,2000,1.5691867010031875,9.909615746652173,8.532094478866922
214,2023-01-28 12:00:00,0.13463363815213492,0.039452414985899555,0.04769934074828044,0.13624886865519129,0.19056526092288226,0.0555,False,False,2000,1.5350374376766307,8.770707140270847,8.875931316790028
215,2023-01-28 18:00:00,0.0833020703446026,0.039112837708494004,0.04820092789326163,0.14036860358353256,0.19266971674837544,0.1805,False,False,2000,1.4880329485112016,5.598133457189071,9.433165019899148
216,2023-01-29 00:00:00,0.09856062262603402,0.03950315426808581,0.047916361308913434,0.136239387542469,0.18724946662483605,0.1285,False,False,2000,1.4956144705696266,6.589975195178191,9.10925845017936
217,2023-01-29 06:00:00,0.10193478799741067,0.03422186628373592,0.044225206554541624,0.1255574526255483,0.17418343391029184,0.0945,False,False,2000,1.524861135179993,6.684857108996906,8.234025363281859
218,2023-01-29 12:00:00,0.1231547373087607,0.038326585885053985,0.04879675980936127,0.1376168398704742,0.19826729566212684,0.0735,False,False,2000,1.4771678700520399,8.337220149827793,9.31626273902275
219,2023-01-29 18:00:00,0.07680580663164835,0.03765924086646291,0.04818109992702964,0.13647363722698344,0.19952989613803995,0.192,False,False,2000,1.4767789389375123,5.200900731080799,9.241304411151148
220,2023-01-30 00:00:00,0.10900870258670793,0.03845405630539906,0.0479732123330013,0.1325322378459006,0.19419447141352808,0.0935,False,False,2000,1.4509232573236297,7.513057774522491,9.13433823442663
221,2023-01-30 06:00:00,0.09683551672354034,0.03846118491726804,0.046273345803061285,0.12674295658615853,0.18303230507310883,0.1245,False,False,2000,1.4869851457468162,6.512204711695767,8.523485049509608
222,2023-01-30 12:00:00,0.10283587841012634,0.03757270255813816,0.04701752288114441,0.1370738033955746,0.181561682024772,0.1095,False,False,2000,1.4819347749983598,6.939298553827388,9.249651584411083
223,2023-01-30 18:00:00,0.10934334712359806,0.036458516222089704,0.0461023659523837,0.13061155127829127,0.17851776621188947,0.085,False,False,2000,1.506804389810163,7.256638476967395,8.66811592543519
224,2023-01-31 00:00:00,0.10994533846331525,0.04052489542389129,0.04772150895813539,0.13669902239646858,0.18320409293573295,0.09,False,False,2000,1.5136404836539752,7.263636223438197,9.031142062643099
225,2023-01-31 06:00:00,0.10657797506672746,0.039693646895022305,0.04838068128342041,0.1365436437776548,0.18684648091071623,0.109,False,False,2000,1.5011197461843662,7.099898281774894,9.096119355216624
226,2023-01-31 12:00:00,0.11314096905588313,0.04075930057640473,0.04878543535380479,0.1388648137976876,0.18680936162845202,0.0925,False,False,2000,1.457099443484992,7.76480765000364,9.530222142255445
227,2023-01-31 18:00:00,0.10892174810827347,0.038533475140140286,0.047879841466480014,0.13454598642018892,0.18344245970781942,0.1015,False,False,2000,1.4578844418867414,7.471219595931135,9.228851241876507
228,2023-02-01 00:00:00,0.10220229836772422,0.04020686282985433,0.047729166396105124,0.13608195240545584,0.1752671657881786,0.1265,False,False,2000,1.453600465816839,7.030975895449543,9.361716345418595
229,2023-02-01 06:00:00,0.10214564941320035,0.038810469626952955,0.04764494130073494,0.13868006320154985,0.189989587320304,0.11,False,False,2000,1.4540594221767353,7.024860735078333,9.537441254907245
230,2023-02-01 12:00:00,0.11512337863186242,0.04071162986145056,0.04813899553408298,0.1351882872778443,0.18330716053252427,0.095,False,False,2000,1.4622625677806405,7.872962159360459,9.245144494331637
231,2023-02-01 18:00:00,0.1201110824459885,0.0410085870111851,0.04943574618172339,0.1392799950851389,0.19059265626149752,0.0875,False,False,2000,1.4872752869620347,8.07591462716576,9.36477572821354
232,2023-02-02 00:00:00,0.11438706402580215,0.04027091293366689,0.04827904442958861,0.13451704079761553,0.18946386052678418,0.091,False,False,2000,1.4999198273308816,7.6262118775611345,8.968282060581172
233,2023-02-02 06:00:00,0.10007702420458427,0.039334126914373865,0.04674705657367943,0.1375597665010056,0.17693577119017256,0.12,False,False,2000,1.4990434428258466,6.67605896837313,9.176502999919183
234,2023-02-02 12:00:00,0.08727711316198289,0.03813085007325455,0.04719472448363517,0.13582799221173344,0.18140771711897646,0.161,False,False,2000,1.5367460510660176,5.679345204852817,8.838675207104753
235,2023-02-02 18:00:00,0.07822701382784797,0.03721024835549774,0.04594328938085867,0.13032893011233332,0.18238406059045803,0.187,False,False,2000,1.5355915896454253,5.094259069620908,8.487213070919907
236,2023-02-03 00:00:00,0.09564448438554642,0.03874538820173334,0.047659427309745934,0.13644860001128714,0.18122548003080585,0.143,False,False,2000,1.5544881324880275,6.152796048205473,8.777718990552541
237,2023-02-03 06:00:00,0.10058823400291482,0.038093113890091616,0.046047608815560026,0.1313759960923638,0.18486377063102397,0.113,False,False,2000,1.577313488415463,6.377187207342258,8.32909862606586
238,2023-02-03 12:00:00,0.09393997702020863,0.036663295426667665,0.04736901561234918,0.1373167380554788,0.18794240034737297,0.129,False,False,2000,1.5830096095372501,5.934264482934467,8.67440963265028
239,2023-02-03 18:00:00,0.09821613338164821,0.03816863641514851,0.04682609111080581,0.13613139013646167,0.18239951348087022,0.124,False,False,2000,1.5894058137217209,6.179424570724784,8.564923379618143
240,2023-02-04 00:00:00,0.11153101587045856,0.03882068194182708,0.04715709031246875,0.13601310060348404,0.18539016430589056,0.0875,False,False,2000,1.5486984524137035,7.201596650182827,8.7824134124692
241,2023-02-04 06:00:00,0.10301512760040621,0.03956967172601102,0.049487806356581565,0.13774474421549604,0.2042613120656676,0.123,False,False,2000,1.5506196397547045,6.643481416029425,8.883206473335147
242,2023-02-04 12:00:00,0.12681109499170035,0.040449405907665444,0.049051505745282456,0.140066442292679,0.19286414555783063,0.072,False,False,2000,1.5720072462820576,8.066826364294458,8.91003795459271
243,2023-02-04 18:00:00,0.10798057834967315,0.03541547850292016,0.04571241617413859,0.13113819632266333,0.1743880804305316,0.085,False,False,2000,1.6100160970355986,6.706801164813796,8.145148148774302
244,2023-02-05 00:00:00,0.10989903024304064,0.03587199397544932,0.04583620692088957,0.13354169245580452,0.17543897084641308,0.09,False,False,2000,1.6240963493204719,6.766780202973968,8.222522790084398
245,2023-02-05 06:00:00,0.09903576705235737,0.03332785138821022,0.042113637126790365,0.11942325743517769,0.15492285853698376,0.0925,False,False,2000,1.638589638441635,6.04396395100755,7.288173599630109
246,2023-02-05 12:00:00,0.09407938622413761,0.03215748235471174,0.043229313102069046,0.11928890588839913,0.17459946846296068,0.103,False,False,2000,1.6336960018976814,5.758683752353935,7.301781099411064
247,2023-02-05 18:00:00,0.09906935447660918,0.03299572794221708,0.04316638384823592,0.12076510592816213,0.16436552048313788,0.097,False,False,2000,1.6497359026740714,6.005164482146918,7.32026900380921
248,2023-02-06 00:00:00,0.12326079867764193,0.030964421240079445,0.042514751886223126,0.11686244688324259,0.17485902712884924,0.044,True,False,2000,1.6806983015286943,7.333903923478055,6.953207888468102
249,2023-02-06 06:00:00,0.14247456356014943,0.03156004316786584,0.04194370312795727,0.11215420886132065,0.17057911805917916,0.022,True,False,2000,1.6618039439379575,8.57348811090971,6.748943476181078
250,2023-02-06 12:00:00,0.15285011591560424,0.03070140238557937,0.041907500356331444,0.11816618152970952,0.16586703701847758,0.015,True,False,2000,1.657921795106763,9.219380333060965,7.127367640528552
251,2023-02-06 18:00:00,0.14356424543534776,0.028532853959248136,0.03923542539023696,0.10900488978531994,0.14719120900729188,0.013,True,False,2000,1.6017664249788075,8.962870191092138,6.805292462461382
252,2023-02-07 00:00:00,0.1472252342694034,0.029697043978918168,0.040947336291258775,0.11645809930487964,0.1596907253191647,0.0155,True,False,2000,1.6145917250845438,9.118418729768624,7.212851242550597
253,2023-02-07 06:00:00,0.17466840276501466,0.029355886416643964,0.04002096676367641,0.11292584192790776,0.15804969394369556,0.005,True,True,2000,1.6420150314440252,10.637442375384792,6.8772721178196665
254,2023-02-07 12:00:00,0.15975981100323874,0.029481555888987942,0.04053995247900573,0.11239447237039597,0.1574855752577325,0.0075,True,True,2000,1.6703515281202386,9.56444247295822,6.728791543471164
255,2023-02-07 18:00:00,0.14749704257198346,0.027920022675549626,0.03976992011144235,0.1149887599168856,0.15008811104945174,0.0125,True,False,2000,1.6929817751056915,8.71226405037794,6.7920849242282575
256,2023-02-08 00:00:00,0.1308251659691341,0.027248844233580514,0.0388796202343789,0.11082582752265162,0.15304896874756083,0.028,True,False,2000,1.6879621698544636,7.750479738560366,6.565658253597416
257,2023-02-08 06:00:00,0.10799941839852664,0.03034927105809586,0.04133521078778554,0.11791021191343724,0.1732220488390909,0.065,False,False,2000,1.6800112557093176,6.428493739640345,7.0184179726614015
258,2023-02-08 12:00:00,0.11686695477426969,0.028347335852261422,0.04030193310687564,0.11074607185261236,0.16095347006563818,0.044,True,False,2000,1.692470723856143,6.905109383989745,6.543455688278457
259,2023-02-08 18:00:00,0.11271898985063056,0.02762434150795547,0.03957194216093047,0.11199724847519171,0.16163159498735652,0.049,True,False,2000,1.6816603507991885,6.702839238438502,6.659920858689829
260,2023-02-09 00:00:00,0.09302445310717619,0.027986785464664266,0.03971347762726551,0.11508283545764807,0.15731412869358213,0.084,False,False,2000,1.680363155477978,5.5359731498466145,6.8486883375464656
261,2023-02-09 06:00:00,0.105854911676676,0.026514531397193314,0.03953034335558589,0.11211029244209161,0.1574748543193326,0.06,False,False,2000,1.7149716098640995,6.172400234955745,6.537151507188836
262,2023-02-09 12:00:00,0.10786659693804282,0.026777273145839293,0.038547334175644064,0.10974718356324391,0.15029209352567535,0.0535,False,False,2000,1.6944123663749888,6.366018041334984,6.477005582651412
263,2023-02-09 18:00:00,0.09113479428995738,0.02624420370889662,0.03816167976360218,0.10577326363971853,0.1577988354694841,0.079,False,False,2000,1.6808587258905168,5.421918742259216,6.292811050118445
264,2023-02-10 00:00:00,0.08186830272419629,0.026868984748510592,0.03945475247390284,0.11065761024925061,0.16439629527983024,0.1035,False,False,2000,1.6654049045836565,4.9158197204098535,6.64448687191266
265,2023-02-10 06:00:00,0.07299810791648237,0.026026872251513785,0.037037571448982,0.10264362060105696,0.14848851870561275,0.1315,False,False,2000,1.7233623683228894,4.235795631740604,5.956009164859844
266,2023-02-10 12:00:00,0.075992409774893,0.026911311936410595,0.04033864934315074,0.11101602590354814,0.17360458782569338,0.123,False,False,2000,1.6780472698042272,4.52862151992648,6.615786569379542
267,2023-02-10 18:00:00,0.07686921352280215,0.026505829530253232,0.038838052875534344,0.11113250965038865,0.15797299122311279,0.1295,False,False,2000,1.664536542458413,4.618055029856616,6.676483622657697
268,2023-02-11 00:00:00,0.06405468440395876,0.024858680519762394,0.036555642133893874,0.09956730453117855,0.15381640470111282,0.149,False,False,2000,1.6587633242753723,3.8615927580832503,6.002502169782079
269,2023-02-11 06:00:00,0.06022664598719524,0.023636804031502,0.03550920037077819,0.09642769396058197,0.14299327898042735,0.149,False,False,2000,1.65649258184868,3.6357932807632047,5.821196847918671
270,2023-02-11 12:00:00,0.05598968253512164,0.025848866826863444,0.038097540158783944,0.10872492861206907,0.14838950457989325,0.1825,False,False,2000,1.6553366111764773,3.3823744462057643,6.568146193226303
271,2023-02-11 18:00:00,0.05084270470168928,0.0230580656306137,0.03605168489137855,0.09999456958801267,0.15003268157357325,0.1805,False,False,2000,1.6422645422860878,3.0958900586695073,6.0888222946600825
272,2023-02-12 00:00:00,0.0736358565859383,0.025663014927231803,0.03723194150867573,0.10389198838572004,0.1553192359545262,0.1225,False,False,2000,1.5952498332613518,4.615945104685959,6.512584187100133
273,2023-02-12 06:00:00,0.05850991279745065,0.025643430389953637,0.036603714667704894,0.10220257985267006,0.14266024361248977,0.1845,False,False,2000,1.5819877212240554,3.6985061269741646,6.460390209197787
274,2023-02-12 12:00:00,0.03879704626994574,0.024851729200414546,0.037483353165087364,0.10816828507820923,0.15752756251796232,0.2505,False,False,2000,1.5784609197876276,2.457903504837209,6.852769284447195
275,2023-02-12 18:00:00,0.0296194436208194,0.02536693813434297,0.03730546171227661,0.10440920756623376,0.15124803161970068,0.316,False,False,2000,1.605133465270429,1.8452947534695623,6.5047056724746035
276,2023-02-13 00:00:00,0.031357278862003034,0.027766904144120252,0.038559484670568626,0.11036927031537495,0.14972277621377852,0.342,False,False,2000,1.6346915034428489,1.9182383217849355,6.751688014706417
277,2023-02-13 06:00:00,0.03987267870669783,0.025529816817909508,0.036461075185216615,0.10022333085572767,0.14704226850599747,0.269,False,False,2000,1.6423346112270527,2.4278048111588775,6.102491548957059
278,2023-02-13 12:00:00,0.02531357485312507,0.025753359758614168,0.038697957557041085,0.10686245527594554,0.16037920479195342,0.346,False,False,2000,1.6088948964153376,1.5733516781937973,6.641978634778322
279,2023-02-13 18:00:00,0.011962424029520741,0.026936288989987553,0.039904517505063776,0.11334038070658373,0.15930612710471706,0.4365,False,False,2000,1.6101759888132283,0.7429264945341523,7.0390057667001145
280,2023-02-14 00:00:00,0.013779166040262747,0.027122528811109676,0.03826606917120338,0.10675144203897521,0.14836522694235926,0.4415,False,False,2000,1.6203214279719362,0.8503970756906759,6.588287990031083
281,2023-02-14 06:00:00,0.0005841765478287352,0.024950778908438193,0.036750072975977315,0.10204164283778776,0.15158472228610512,0.507,False,False,2000,1.6288324956894165,0.03586474050430077,6.264710650593805
282,2023-02-14 12:00:00,0.010416140580047173,0.02680135856209103,0.03815028650752305,0.10695359086350407,0.15338813314462876,0.46,False,False,2000,1.6403762059419589,0.6349848615407023,6.520064755638646
283,2023-02-14 18:00:00,0.004391595184039712,0.027912713408766478,0.04007497529299398,0.1081498078397507,0.1659797591244806,0.5005,False,False,2000,1.637501544790604,0.26818876586777746,6.604562187059212
284,2023-02-15 00:00:00,0.00045650738795867683,0.02732884067475828,0.03786114798522424,0.1041157467863467,0.15182092453574933,0.534,False,False,2000,1.611316689540382,0.028331326232889243,6.461532202961608
285,2023-02-15 06:00:00,0.013508384058400123,0.02745764892871199,0.0390812140294426,0.11164535850485356,0.1643287274140869,0.448,False,False,2000,1.5879165862515083,0.8506985930721014,7.0309334552898335
286,2023-02-15 12:00:00,0.028151263570262448,0.026801572094604036,0.03912839966013162,0.1072203469509238,0.16036917911215176,0.3355,False,False,2000,1.6082061795070577,1.750476022849961,6.667077164433522
287,2023-02-15 18:00:00,0.024260627853678527,0.0265662918431789,0.03782629424131745,0.10582747982899779,0.14736052412999437,0.3645,False,False,2000,1.6273187988861304,1.490834363265789,6.503180563109991
288,2023-02-16 00:00:00,0.03150084913700479,0.024338532174777938,0.03799907260589035,0.10365126058232682,0.1617096101209894,0.2925,False,False,2000,1.6282428016071644,1.9346530570202265,6.365835640729833
289,2023-02-16 06:00:00,0.02661844072012763,0.024797285085629048,0.03710354362894913,0.09903270544123417,0.15129858727149406,0.3275,False,False,2000,1.6407941385057534,1.6222900908439766,6.035656949105253
290,2023-02-16 12:00:00,0.014758756137397829,0.023512642405913567,0.034108530634554865,0.09700670805257115,0.13581751408001067,0.4055,False,False,2000,1.641841056805058,0.8989150366429283,5.908410418322797
291,2023-02-16 18:00:00,0.024511148926783993,0.024677039007135852,0.035922926667463294,0.10095766262713486,0.1432927108673261,0.3535,False,False,2000,1.66493080084389,1.4722022629625344,6.063775297805967
292,2023-02-17 00:00:00,0.038731307137543705,0.024525281268368688,0.03662948200934743,0.10460125837695608,0.1502570177347669,0.259,False,False,2000,1.645783601600327,2.353365721950453,6.355711545262932
293,2023-02-17 06:00:00,0.05674121028582237,0.02645573168787726,0.038079488510096134,0.10425861345342025,0.1573746209643538,0.199,False,False,2000,1.6489573682893481,3.44103561298777,6.322699146648018
294,2023-02-17 12:00:00,0.04546219157563536,0.025386022465522885,0.039302839068019506,0.10981214941647974,0.1652072497496823,0.2235,False,False,2000,1.6236452534156873,2.800007666699105,6.763309237991873
295,2023-02-17 18:00:00,0.03804347063349604,0.023981581781321794,0.03698838299906221,0.10102280692049957,0.15347236870929135,0.263,False,False,2000,1.617074299343687,2.352611172469721,6.247258209564096
296,2023-02-18 00:00:00,0.044369921004921854,0.02245991712016067,0.034710032378438435,0.09910545098589442,0.14667435029489947,0.207,False,False,2000,1.6231352735011095,2.7335935414191175,6.105803539844437
297,2023-02-18 06:00:00,0.04022668893823089,0.024517252780753437,0.03825603676088559,0.11011543861219623,0.15354374753338731,0.246,False,False,2000,1.6232132145784854,2.478213495118503,6.7837938739792065
298,2023-02-18 12:00:00,0.023050850939879335,0.020772772471326157,0.03309535579758037,0.09216453979656276,0.12878557656822268,0.306,False,False,2000,1.6731541659108777,1.3776884049014262,5.508430823311951
299,2023-02-18 18:00:00,0.030584432773170984,0.020613339505126848,0.03360157482558644,0.09397612272252606,0.14042940192238834,0.257,False,False,2000,1.6945349880076426,1.8048864726676888,5.545835488060293
300,2023-02-19 00:00:00,0.04326271758224975,0.020812870250648575,0.033309824354155505,0.09422502423607407,0.13240850175588123,0.198,False,False,2000,1.7244774145970116,2.5087436469766518,5.463975546359547
301,2023-02-19 06:00:00,0.021520113934775178,0.021242416513986534,0.033836565351340844,0.09319186137206598,0.13448964293921384,0.323,False,False,2000,1.737697419457179,1.2384269950459856,5.362951013714298
302,2023-02-19 12:00:00,0.016404806506960714,0.01905684756819958,0.032324400421344664,0.09217191648523232,0.12887936974202777,0.3195,False,False,2000,1.7405938385846993,0.9424833147921338,5.295429320844809
303,2023-02-19 18:00:00,0.03549198845033566,0.021599525811908597,0.033609065656918936,0.09461448355969122,0.13480119883333846,0.2515,False,False,2000,1.725883759211191,2.0564530062301034,5.4820889909141055
304,2023-02-20 00:00:00,0.048733320670182254,0.02054461648768428,0.03344498711556363,0.09164700333065956,0.14206848928391835,0.176,False,False,2000,1.711919470207668,2.8467063736514753,5.353464629942092
305,2023-02-20 06:00:00,0.03417032265247989,0.02187964066390375,0.03539251453841427,0.10155000956724626,0.15063934146617916,0.2455,False,False,2000,1.7108380893255346,1.997285591528471,5.93568790646229
306,2023-02-20 12:00:00,0.02986503963897861,0.020844986216859204,0.03412248378947662,0.09244200340798807,0.14647436716602605,0.2635,False,False,2000,1.7073300209453495,1.7492247704074413,5.414419138298926
307,2023-02-20 18:00:00,0.025583128675492818,0.02363605789378829,0.036399819494783096,0.10107323318535907,0.14818584867953866,0.316,False,False,2000,1.6788475999668533,1.523850567258036,6.020393583512561
308,2023-02-21 00:00:00,0.02098967114589795,0.02275228712152719,0.03555349047795386,0.09707318775525764,0.1540090119654325,0.344,False,False,2000,1.6797769732623864,1.2495510701717008,5.778933114360207
309,2023-02-21 06:00:00,0.04478219469010983,0.023214020099100372,0.03519752231899467,0.09821657631810798,0.143671665561607,0.212,False,False,2000,1.6967480262738257,2.639295522768609,5.788518672026882
310,2023-02-21 12:00:00,0.048237322116025425,0.022841187230596395,0.03398310056933753,0.09557597308054866,0.13958942887943723,0.1955,False,False,2000,1.6538961658186089,2.916587093733903,5.778837574923731
311,2023-02-21 18:00:00,0.09225347242596244,0.02395888664597855,0.03694282382000697,0.1022664066681887,0.14932044046827492,0.069,False,False,2000,1.6605317070554466,5.555658590196496,6.158654257167638
312,2023-02-22 00:00:00,0.07016321528323764,0.022991929776604445,0.03568919614193168,0.09938076995260275,0.14454283295788686,0.118,False,False,2000,1.6624442420065444,4.220485325784625,5.97799116755048
313,2023-02-22 06:00:00,0.07711242258641088,0.02031984038711341,0.03278451140223974,0.09255524563867373,0.12723830254415344,0.0795,False,False,2000,1.7389998043621928,4.434297369843187,5.322326397421299
314,2023-02-22 12:00:00,0.07504472808202414,0.01985878178899794,0.03254809017389356,0.0923990719729934,0.13475253114929076,0.085,False,False,2000,1.7259640648868013,4.347989022989653,5.353475999458509
315,2023-02-22 18:00:00,0.07073449696669826,0.019842879787482993,0.03287446891845608,0.09043952162859706,0.1411973106425533,0.0905,False,False,2000,1.7122730448584373,4.131029053987488,5.281839943703264
316,2023-02-23 00:00:00,0.06772823196175515,0.020114553233043057,0.03245832663999431,0.0899543029005824,0.1313735510176359,0.105,False,False,2000,1.7095412662159326,3.9617781272792265,5.2618971345275645
317,2023-02-23 06:00:00,0.03802412075927538,0.021340893115125627,0.03448087874354423,0.09746340653949906,0.1414502118094118,0.222,False,False,2000,1.717521071916201,2.2138954439058316,5.6746556495380425
318,2023-02-23 12:00:00,0.049943356796123085,0.02165629371740301,0.0338269731430458,0.09349951758937178,0.1356056156178285,0.1895,False,False,2000,1.696185950868694,2.9444505639576146,5.512338876612344
319,2023-02-23 18:00:00,0.08071140158421444,0.02147148734539188,0.03569174705390408,0.09844832036658265,0.1559225848344097,0.0815,False,False,2000,1.6859458941598855,4.787306749510684,5.839352301138934
320,2023-02-24 00:00:00,0.07779239284834266,0.02254702373811279,0.0365149485450323,0.10071685708442193,0.15576737296507456,0.0995,False,False,2000,1.6484969187450813,4.718989278279158,6.109617551550698
321,2023-02-24 06:00:00,0.07233476170265676,0.022119283790843554,0.03591309686199171,0.09637228813516784,0.15776411407369806,0.106,False,False,2000,1.6546215185827533,4.371680223560386,5.824430968220116
322,2023-02-24 12:00:00,0.0828209809355689,0.021110061767068197,0.033685507125954056,0.0906524481763722,0.1415795026256447,0.0655,False,False,2000,1.6312008930765116,5.07730110295398,5.557405501746507
323,2023-02-24 18:00:00,0.07589268440851635,0.02164329880329057,0.03430436513121429,0.09730769971041477,0.1393380126655966,0.0865,False,False,2000,1.6505187683027593,4.598110961595267,5.895582745204224
324,2023-02-25 00:00:00,0.07745590721575275,0.021668899504788553,0.034241992827527386,0.0978526205016453,0.1356262006498275,0.0855,False,False,2000,1.6442465391545193,4.710723445133782,5.951213408176711
325,2023-02-25 06:00:00,0.08709021979896783,0.022472848646366755,0.03448727364345126,0.09338951484790863,0.13962827415643084,0.0615,False,False,2000,1.5816447534630067,5.506307254412475,5.904582216925296
326,2023-02-25 12:00:00,0.10047688015919178,0.02274739711740075,0.03574293102966218,0.0991069464030565,0.15698967272439404,0.047,True,False,2000,1.5704621825292384,6.397917840808696,6.31068659313045
327,2023-02-25 18:00:00,0.09178474863225694,0.021972385734330392,0.03494642516389888,0.10110494855038969,0.14314234802608136,0.062,False,False,2000,1.5969572728341217,5.747476791872237,6.331099164034529
328,2023-02-26 00:00:00,0.10939656740018226,0.02125045339850108,0.03351807459979226,0.09677830808498157,0.13739226238376867,0.0285,True,False,2000,1.5955207741997048,6.856480289644259,6.065625070505551
329,2023-02-26 06:00:00,0.11394610494833488,0.024386625495615873,0.03595372617555162,0.10105074437321973,0.14829537221660877,0.0355,True,False,2000,1.5901351046651186,7.165812805090662,6.354852746584759
330,2023-02-26 12:00:00,0.10597476253842454,0.024204134419477035,0.03646255290630113,0.10038384393955575,0.15695852549238654,0.041,True,False,2000,1.557697993737819,6.803293254819552,6.444371395682215
331,2023-02-26 18:00:00,0.11237186970402407,0.024093288968253548,0.03588005000064203,0.09809398423143606,0.15850336054451888,0.0315,True,False,2000,1.5585442412537436,7.210053249026059,6.293949291585466
332,2023-02-27 00:00:00,0.10608672919843798,0.02500428213327371,0.03678274081642153,0.10243845005011906,0.15430532407834044,0.042,True,False,2000,1.5541634642513293,6.825969831271385,6.5912275257008215
333,2023-02-27 06:00:00,0.10149298661436001,0.026361892538744137,0.038967334207665405,0.10875859736551512,0.15591991895920837,0.062,False,False,2000,1.5426151450990842,6.579281095275451,7.050274186082195
334,2023-02-27 12:00:00,0.11930019492060498,0.024511845598986667,0.03779134875516788,0.10660648464419838,0.15831282393844795,0.0375,True,False,2000,1.5421568445958038,7.735931357349927,6.912817267438172
335,2023-02-27 18:00:00,0.1340236785416226,0.023789320177879002,0.0360907624057325,0.10116095368095258,0.1483679147885168,0.016,True,False,2000,1.5409413391670594,8.697519829928616,6.564880252718389
336,2023-02-28 00:00:00,0.13983220640412286,0.023133857646036395,0.03571583528847727,0.09786853885009403,0.15030011992037226,0.0155,True,False,2000,1.54849699324622,9.030189081025146,6.320227890460771
337,2023-02-28 06:00:00,0.12075345479655421,0.02387313607565197,0.036905410618383934,0.10457582848418588,0.1485866798482928,0.031,True,False,2000,1.5241430598151602,7.922711324171797,6.861286925183274
338,2023-02-28 12:00:00,0.10615203420780238,0.0222136375278575,0.03471970486813262,0.09617436318036267,0.1419896866979231,0.0365,True,False,2000,1.5307406776497978,6.934684349721566,6.28286453640356
339,2023-02-28 18:00:00,0.09521089491884081,0.023789198509601872,0.03522791540609893,0.09803656163201002,0.14109853313127071,0.058,False,False,2000,1.5447296396908619,6.163596041174872,6.346519100366945
340,2023-03-01 00:00:00,0.11308215107517575,0.021824631757289468,0.03481741609511476,0.09650384467171978,0.1385239218756978,0.029,True,False,2000,1.55482785753499,7.2729691925159585,6.206722127085895
341,2023-03-01 06:00:00,0.1168015492030718,0.023434483616444294,0.036160772684380574,0.10050908843944198,0.15039023086064462,0.028,True,False,2000,1.5201416235550729,7.683596540821923,6.611823982846205
342,2023-03-01 12:00:00,0.10533469825637293,0.02220859163181393,0.035043111263792254,0.09797796336516167,0.1418267617181633,0.0405,True,False,2000,1.5382227168755744,6.847818401117357,6.369556390648924
343,2023-03-01 18:00:00,0.0964546692081115,0.025784432749023936,0.03781629561043503,0.10669982875986184,0.1536828116786886,0.0685,False,False,2000,1.552839253041804,6.2115037998408225,6.871273285425467
344,2023-03-02 00:00:00,0.08162939440370001,0.022338882606522257,0.035283757425492814,0.09734782242990352,0.14596429744569792,0.086,False,False,2000,1.551369992125606,5.261761850366571,6.274958451176603
345,2023-03-02 06:00:00,0.07587310919649225,0.02287742832606786,0.0347797098558263,0.095085252406137,0.14390659389784238,0.098,False,False,2000,1.572738568930725,4.824267090243545,6.045839676379504
346,2023-03-02 12:00:00,0.0761606934601131,0.025031449200696727,0.03776917503938787,0.1068207616400161,0.15675727921066213,0.1135,False,False,2000,1.5958232190075616,4.772501900773022,6.693771613778603
347,2023-03-02 18:00:00,0.090918532550958,0.021666416366322053,0.03457053256192978,0.0967672638017009,0.13582495277937,0.0605,False,False,2000,1.5927554733717932,5.708254284537944,6.075462644422679
348,2023-03-03 00:00:00,0.09246322962250321,0.02363005148092654,0.03559487718470424,0.10166206736568748,0.14175388994267954,0.0605,False,False,2000,1.5689281125398058,5.893401289930503,6.479714816322292
349,2023-03-03 06:00:00,0.10503726004548072,0.022796228033811313,0.03583698004831177,0.09732095312752269,0.1505112932780565,0.041,True,False,2000,1.6127283149282587,6.51301642522183,6.034553509519795
350,2023-03-03 12:00:00,0.10715681783547962,0.023814671207500075,0.03628326189740491,0.10286996237963107,0.1508344240163555,0.0465,True,False,2000,1.5659639835409884,6.842866053226494,6.569114198081332
351,2023-03-03 18:00:00,0.12130100152540263,0.02414097710464857,0.03621636012103029,0.10325097862163118,0.1467727494874605,0.03,True,False,2000,1.51263372297805,8.019191935413623,6.825907491891179
352,2023-03-04 00:00:00,0.12270631713042478,0.02338310913447349,0.035413194417774206,0.09807829505887532,0.13930553543279384,0.0195,True,False,2000,1.4474060741304418,8.477670456381293,6.776142287353452
353,2023-03-04 06:00:00,0.13804287287288738,0.024286946615936632,0.03783033227819032,0.10819997708041058,0.15823999395766403,0.0195,True,False,2000,1.4198519859412366,9.72234248638087,7.620511021695233
354,2023-03-04 12:00:00,0.12834024330235544,0.023256191880878546,0.03591209798118971,0.10370030612607184,0.1376462261005531,0.0205,True,False,2000,1.3634212216731583,9.413102954702387,7.605889102915185
355,2023-03-04 18:00:00,0.12789543471381457,0.021984127197487817,0.03459540220814297,0.0956333600882745,0.14625836365328193,0.018,True,False,2000,1.34147509454799,9.533940304490626,7.12897022665174
356,2023-03-05 00:00:00,0.12418335923171833,0.022956370200046084,0.03520221136470128,0.10110353433664221,0.13987495931934996,0.0195,True,False,2000,1.3582322575359296,9.143013541513778,7.44375888407051
357,2023-03-05 06:00:00,0.09332755614395741,0.022801026481399183,0.035826621022182446,0.09930569777736045,0.1485160125054018,0.0615,False,False,2000,1.320105055985392,7.069706741960251,7.522560217999752
358,2023-03-05 12:00:00,0.07058114817796221,0.023042639884094655,0.036549399775432694,0.10287915784706371,0.14501544468939934,0.1195,False,False,2000,1.3028226869193231,5.417555964185702,7.89663542706134
359,2023-03-05 18:00:00,0.07116542931053114,0.024367596993849498,0.03711709268631803,0.1018380834412931,0.1529859512473445,0.1235,False,False,2000,1.282479703392974,5.549049167971496,7.940716969778674
360,2023-03-06 00:00:00,0.0630240149875079,0.022259873223855753,0.03586637784379972,0.09871765546950581,0.14889683862237996,0.1285,False,False,2000,1.2512997768110337,5.036683947001578,7.889209068756492
361,2023-03-06 06:00:00,0.0744729957550313,0.021985511305098925,0.03561265231361795,0.09890684354691268,0.14502304789531217,0.0995,False,False,2000,1.2649438656715561,5.887454595899695,7.819069780966386
362,2023-03-06 12:00:00,0.06479880164161153,0.021750151272521733,0.03460742890722804,0.09476419259484412,0.14822456524620903,0.1245,False,False,2000,1.2558029370108494,5.159949840207429,7.546103755769876
363,2023-03-06 18:00:00,0.05844016575594053,0.022491967360016386,0.03467791098556688,0.09705671339355156,0.13577493517777972,0.1515,False,False,2000,1.279381587006204,4.567844836089323,7.586220903856178
364,2023-03-07 00:00:00,0.08425012162044229,0.022736629785660975,0.035648161712887906,0.09886618648920814,0.14784335961344636,0.0785,False,False,2000,1.2782512036636269,6.59104574898666,7.73448804161853
365,2023-03-07 06:00:00,0.08635103514814489,0.023724609524645387,0.03641745775175299,0.10243797427823922,0.14625986833423532,0.081,False,False,2000,1.2781163061613106,6.756117164915238,8.014761550605753
366,2023-03-07 12:00:00,0.07510303110538605,0.021232196782595473,0.034479221788663465,0.0978043206845037,0.1417952566784232,0.0975,False,False,2000,1.2890951975906637,5.826026754715604,7.587051822650592
367,2023-03-07 18:00:00,0.07080929035427452,0.022326348309454118,0.03528088862829364,0.09948376692439717,0.14517713960534642,0.107,False,False,2000,1.360821297918832,5.2034231432566855,7.310568042735836
368,2023-03-08 00:00:00,0.09312786780836284,0.022936626388821994,0.03573579448164938,0.10329445074823886,0.13875545006087955,0.0665,False,False,2000,1.3687847165660167,6.803689921523993,7.546435133158279
369,2023-03-08 06:00:00,0.09965002382689173,0.02186841199523936,0.03621715987594889,0.09836153503651364,0.15984663630680554,0.0485,True,False,2000,1.4268740177492634,6.983799731953817,6.893498221494573
370,2023-03-08 12:00:00,0.09862121668438471,0.02183050381105515,0.0339657421872041,0.09587138391890905,0.12987961640343326,0.047,True,False,2000,1.4786552955546601,6.669655664905376,6.483687185724149
371,2023-03-08 18:00:00,0.08731444139124155,0.022284553890430756,0.03669851659126602,0.10420741130698578,0.1496219070286787,0.0705,False,False,2000,1.442875134871703,6.051420478529858,7.222205774323753
372,2023-03-09 00:00:00,0.07866010043292308,0.02166488585840302,0.03543045355144804,0.09703897174803627,0.14716899558555943,0.084,False,False,2000,1.4398622404446115,5.463029602653781,6.739462222307591
373,2023-03-09 06:00:00,0.08555896162112181,0.021447720302155054,0.03503454826190131,0.09870289987835516,0.1400476207506324,0.0715,False,False,2000,1.4633900088370126,5.846627427032753,6.744811655287743
374,2023-03-09 12:00:00,0.116190819202416,0.021921648526940923,0.03398606376648084,0.09528992031625236,0.13269696089959807,0.0225,True,False,2000,1.4924494883658843,7.7852429920181665,6.384800360686738
375,2023-03-09 18:00:00,0.12544550092399626,0.02145632605565635,0.03452888141553465,0.10075008449826027,0.14361417979007626,0.0195,True,False,2000,1.4884164024444684,8.428118684930746,6.768944788084541
376,2023-03-10 00:00:00,0.1287080507443497,0.021219605156665072,0.03413840343914141,0.09559318916099178,0.1451297298138339,0.0195,True,False,2000,1.512078292127142,8.511996463046067,6.32197351543976
377,2023-03-10 06:00:00,0.10003458836892867,0.021901885163326282,0.03430096746114643,0.096278969345498,0.14656619836943638,0.0455,True,False,2000,1.4993237062897198,6.671980703651906,6.421493166659347
378,2023-03-10 12:00:00,0.07672889093922025,0.021948346939689705,0.035360046796890664,0.09459932820566809,0.14588299126356688,0.0945,False,False,2000,1.4756275123119418,5.199746568766879,6.410786422479643
379,2023-03-10 18:00:00,0.07984843560396879,0.020483096439559288,0.03370882977974296,0.09319636207540247,0.1453454068820483,0.0735,False,False,2000,1.5038169878630683,5.309717621785469,6.197320739662277
380,2023-03-11 00:00:00,0.10425258690893605,0.022770752507808256,0.03663142437432084,0.09851052605426498,0.15959837903295282,0.043,True,False,2000,1.527311519191255,6.8258888641225,6.449930143028612
381,2023-03-11 06:00:00,0.11199886171628357,0.020886222565200837,0.03457981517705052,0.09378699199712356,0.14736393541392775,0.033,True,False,2000,1.4928074589863676,7.50256578918302,6.2825913303518695
382,2023-03-11 12:00:00,0.14589111280625322,0.023488165665463263,0.03577564376834561,0.10112448690481668,0.147031852929865,0.0105,True,False,2000,1.5111974704468178,9.654007213439643,6.691679206882014
383,2023-03-11 18:00:00,0.1275522672508328,0.021646553898631068,0.03447637214681674,0.09655067652232378,0.14685089936009796,0.021,True,False,2000,1.554950069297888,8.202981547081247,6.209246099195948
384,2023-03-12 00:00:00,0.1437933145869703,0.02187944079803956,0.03526398697504158,0.09723648783114482,0.14688254591061056,0.011,True,False,2000,1.5309310886592336,9.39253998120205,6.351460790851342
385,2023-03-12 06:00:00,0.1369746332353642,0.02094564043784185,0.03556937952371175,0.10054139740666919,0.14882210078128041,0.014,True,False,2000,1.545446087992652,8.863113006632133,6.505655434235194
386,2023-03-12 12:00:00,0.1280097185989453,0.021869498797525522,0.035627225992320724,0.09974132431759278,0.1436039287279075,0.02,True,False,2000,1.554905059633489,8.232638887233335,6.4146247193448
387,2023-03-12 18:00:00,0.1268984814376111,0.02216250785833868,0.03567245255678757,0.09778027864999415,0.14944908495548795,0.022,True,False,2000,1.561547119115493,8.126458682174777,6.261756526782222
388,2023-03-13 00:00:00,0.11558143207066675,0.022685578471839135,0.035012273260557364,0.09926362633100222,0.14653992349404282,0.0285,True,False,2000,1.5860139969170572,7.287541742717119,6.258685391424912
389,2023-03-13 06:00:00,0.10074348430826068,0.02289903509930774,0.03671446529885522,0.09964289938261274,0.1463792231700413,0.0495,True,False,2000,1.6106810098432787,6.254713608255874,6.186383199011462
390,2023-03-13 12:00:00,0.11168683074646775,0.021613369432387033,0.03502947776311899,0.09907361621858587,0.141113838193153,0.035,True,False,2000,1.6204544433636012,6.892315375101675,6.113940235983266
391,2023-03-13 18:00:00,0.10604027498080493,0.02205334967103443,0.03594085509554719,0.09966518140466772,0.1510054856776799,0.038,True,False,2000,1.5967317008825281,6.641082839540012,6.241823930068017
392,2023-03-14 00:00:00,0.11789049304633502,0.020099643261306498,0.03372566914935955,0.09818947315717032,0.14162835680337266,0.0255,True,False,2000,1.6058518200214027,7.341305815175636,6.114479052983958
393,2023-03-14 06:00:00,0.1414156596138615,0.021436918271645695,0.034752069039170344,0.09506514806798436,0.14725868465974268,0.0145,True,False,2000,1.6126625170513529,8.769079588482697,5.894918934545879
394,2023-03-14 12:00:00,0.12212062638652872,0.019556430860688104,0.03351221750203842,0.08770714627435562,0.14514142147810113,0.021,True,False,2000,1.5936261528287134,7.6630661570006575,5.50362116727778
395,2023-03-14 18:00:00,0.13796012972960103,0.01984719971998723,0.03220820963485492,0.09044982263677888,0.1370556931298761,0.01,True,True,2000,1.561114597699008,8.837283946543465,5.793925876428076
396,2023-03-15 00:00:00,0.1428100163799917,0.022299457467456273,0.03593423989733603,0.09967550787061633,0.15212439915313603,0.0145,True,False,2000,1.6263908747514173,8.780793018272389,6.128631770997304
397,2023-03-15 06:00:00,0.1319256706319754,0.023458006946674912,0.03630159999294495,0.10174545565537434,0.14881322950430395,0.0185,True,False,2000,1.6267670560363263,8.109684182652236,6.254457592919334
398,2023-03-15 12:00:00,0.12460706090716875,0.022624094229259456,0.036189066733595045,0.10396031559028827,0.14555902933753234,0.0255,True,False,2000,1.6565490872703246,7.522086840933722,6.275715968163367
399,2023-03-15 18:00:00,0.13722917346933466,0.02417769089515116,0.036281947527555286,0.1020155853403604,0.14562093949239602,0.016,True,False,2000,1.6434226134275935,8.35020598768101,6.207507704156039
400,2023-03-16 00:00:00,0.13484230844219092,0.022702478290418597,0.03503618304627145,0.09688430403539572,0.1400810482766998,0.014,True,False,2000,1.659854619878016,8.123742093274446,5.836915045157137
401,2023-03-16 06:00:00,0.15568387440912945,0.021528059139628318,0.03443575576214738,0.09673034155645377,0.1379678810261602,0.005,True,True,2000,1.6648248864117117,9.351366361700867,5.810241205904963
402,2023-03-16 12:00:00,0.17258267418573198,0.022968049847658968,0.036344216813568295,0.1026950103583323,0.15508904279767452,0.0035,True,True,2000,1.659086569648546,10.40227058328193,6.189852430671341
403,2023-03-16 18:00:00,0.1349963224736133,0.021773229688177676,0.03658940280658315,0.09688637728080289,0.15300838222577917,0.017,True,False,2000,1.6583817100477647,8.140244290907257,5.842224181187597
404,2023-03-17 00:00:00,0.13203220246242472,0.02104286713217682,0.03515211553780049,0.09708494469681198,0.14341780577635305,0.015,True,False,2000,1.651839310974889,7.993041549816455,5.877384322541277
405,2023-03-17 06:00:00,0.1398340603423467,0.021831621331918814,0.03457355872266552,0.10027577154837526,0.14373617120448992,0.0105,True,False,2000,1.6108013929958265,8.681024299481034,6.225210133564558
406,2023-03-17 12:00:00,0.1250695356387589,0.020925830702841444,0.03360876529718875,0.0932463320642004,0.14618948067998988,0.0195,True,False,2000,1.6288478855614814,7.678404886509465,5.72468017982277
407,2023-03-17 18:00:00,0.1384490894178836,0.02042313975939594,0.033348997871692376,0.09088567985275395,0.14097399518865977,0.0115,True,False,2000,1.614899827315163,8.573230802065343,5.627945357072401
408,2023-03-18 00:00:00,0.1378873267231139,0.021507146939934663,0.03432606146824594,0.09490173506583434,0.13470014019294982,0.009,True,True,2000,1.594291841221514,8.648813420350157,5.9525949146878006
409,2023-03-18 06:00:00,0.13965145517352945,0.023693256538139935,0.03673721652341621,0.10279752333666738,0.15294335319593463,0.014,True,False,2000,1.5685527124496634,8.903204467730696,6.553654366905202
410,2023-03-18 12:00:00,0.15954160101787476,0.02293042041632637,0.03644932290672959,0.10231199744648678,0.14899183245127764,0.0075,True,True,2000,1.5812627967789723,10.089505763549269,6.47027158641157
411,2023-03-18 18:00:00,0.16559167098453506,0.023183009654935516,0.03657733489344926,0.10086318316709576,0.15082283432124882,0.006,True,True,2000,1.5512023119355873,10.675053132038597,6.50225843470017
412,2023-03-19 00:00:00,0.13579824903921414,0.023179315485092687,0.036380896084430236,0.10392768037046944,0.1466899676665566,0.017,True,False,2000,1.5535783495058357,8.740997779893691,6.6895680158987085
413,2023-03-19 06:00:00,0.1235291065254944,0.02297682670183235,0.03714586669128478,0.10746573850107809,0.14936917283021958,0.028,True,False,2000,1.4923345107317916,8.277574875951894,7.201182960540156
414,2023-03-19 12:00:00,0.14769813138659355,0.021627226764532458,0.03524803311318999,0.09863828879975498,0.15151818959548652,0.012,True,False,2000,1.5134257528559825,9.759192422084316,6.517550571186917
415,2023-03-19 18:00:00,0.14628016302482,0.022770682658876204,0.03651486510865653,0.10444611829486432,0.14945961805244165,0.0115,True,False,2000,1.4899155939263642,9.818016780355249,7.010203713595492
416,2023-03-20 00:00:00,0.13746627325410285,0.022985216144490637,0.03606760017117959,0.09890414875853767,0.15141196604479695,0.015,True,False,2000,1.4532495952545021,9.459233548248736,6.805723468391331
417,2023-03-20 06:00:00,0.1569467550279359,0.024768016927187296,0.03743615874670244,0.10412182820830472,0.1503179437975868,0.009,True,True,2000,1.4038143738357962,11.180021942580131,7.4170652579800285
418,2023-03-20 12:00:00,0.1492651617025337,0.022808139663970807,0.03635263617701821,0.10683147258395274,0.15034303796315493,0.011,True,False,2000,1.4248977426400469,10.475499906819671,7.497483460533502
419,2023-03-20 18:00:00,0.14715927337033743,0.02313596309744933,0.03656352028971783,0.09836661186849728,0.14623384309021356,0.01,True,True,2000,1.4520690321159253,10.134454362400385,6.774237979936772
420,2023-03-21 00:00:00,0.14687182179598357,0.022178812616892453,0.03444392237459148,0.09815525857399009,0.13741494044024646,0.007,True,True,2000,1.4439487632467198,10.171539706557327,6.797696779301774
421,2023-03-21 06:00:00,0.14076592611734454,0.024029376060021996,0.03649684391669826,0.10271752165284215,0.14985293835707267,0.013,True,False,2000,1.472565269707912,9.559231703547233,6.975413841806584
422,2023-03-21 12:00:00,0.14938130001197106,0.021857523838320275,0.035338008228458236,0.09686368298211442,0.1469799237522223,0.009,True,True,2000,1.520984577906242,9.821355336660051,6.368485544768316
423,2023-03-21 18:00:00,0.1541004011981523,0.021328423436305335,0.034212577436339715,0.09635229300045825,0.14310624081890339,0.0075,True,True,2000,1.5801929145716385,9.751999251301928,6.097501900682651
424,2023-03-22 00:00:00,0.13738223082237677,0.021751190281957447,0.035491614836347586,0.09988611617043006,0.14308733138646265,0.0135,True,False,2000,1.6356154728802488,8.39942108033819,6.106943705694768
425,2023-03-22 06:00:00,0.13205309050485772,0.020677098049138296,0.03306594602931901,0.09151758192004014,0.13810535592975137,0.0145,True,False,2000,1.6568862738395564,7.96995500474796,5.523467926857978
426,2023-03-22 12:00:00,0.1362236630589709,0.02090469704131837,0.032788206041087134,0.09285604909970524,0.13023180116837713,0.006,True,True,2000,1.7269858927763886,7.887943012665318,5.376769404318945
427,2023-03-22 18:00:00,0.1415356198607321,0.021059467471827308,0.03472453233514292,0.09811620330351432,0.1399803379857361,0.009,True,True,2000,1.7510705485090527,8.082805114919125,5.603212468341454
428,2023-03-23 00:00:00,0.1437401174624701,0.02014048414752314,0.03312364029435746,0.09011602947201551,0.1430115548726987,0.0095,True,True,2000,1.7845769420820194,8.054576637910174,5.049713875988977
429,2023-03-23 06:00:00,0.12421660804911681,0.018456998044162794,0.030913182987584237,0.08607102277318004,0.12750866501138733,0.0115,True,False,2000,1.8070890405368698,6.873850998078831,4.762965235382597
430,2023-03-23 12:00:00,0.11705066553728492,0.021150865268231112,0.03432611188771655,0.09503321009553628,0.1408273621382057,0.0245,True,False,2000,1.8355769905299746,6.3767777729382855,5.177293602274778
431,2023-03-23 18:00:00,0.12583085659272333,0.019476545345079203,0.03202017231164879,0.08984571672454743,0.13071088892441615,0.0105,True,False,2000,1.8659223445388542,6.743627727113225,4.81508338155155
432,2023-03-24 00:00:00,0.13625678868323746,0.020403759893481255,0.03352975452189915,0.091506955847094,0.13868119686106145,0.0125,True,False,2000,1.9148494859749847,7.115796290059818,4.778806716523798
433,2023-03-24 06:00:00,0.12828018466779484,0.022430168785631505,0.035653388011599514,0.10153297709417303,0.14633199502496896,0.019,True,False,2000,1.8682734238242213,6.866242544156869,5.434588738426858
434,2023-03-24 12:00:00,0.12026199345021212,0.023816848677835494,0.03605818832298221,0.09963907713048233,0.14485166601405905,0.0235,True,False,2000,1.8624638209896018,6.457145212426843,5.349853028422323
435,2023-03-24 18:00:00,0.12074329740822784,0.023500156673172574,0.03595661755992427,0.10030275174196548,0.15082689159481596,0.0285,True,False,2000,1.8675600458306558,6.46529666758444,5.370791261351529
436,2023-03-25 00:00:00,0.13836129065946395,0.025026318670525845,0.037752143822483104,0.10814686435632172,0.15228502570775912,0.0175,True,False,2000,1.8201033223102534,7.6018371574555585,5.94179808534447
437,2023-03-25 06:00:00,0.1309907058174592,0.024445330150377538,0.0354576432347476,0.0995983497750294,0.1356065771370151,0.0135,True,False,2000,1.7909751531460947,7.31393205468853,5.561124039050524
438,2023-03-25 12:00:00,0.1407143008909934,0.026391040543087652,0.037609188958074184,0.10739159189042384,0.15212151624221276,0.0165,True,False,2000,1.764484173097516,7.974812301318199,6.0862881927640125
439,2023-03-25 18:00:00,0.13438191961822768,0.0271321012665665,0.03960749345005832,0.11253043189416359,0.157571077368856,0.025,True,False,2000,1.7270814492535007,7.780867525171543,6.5156412827433705
440,2023-03-26 00:00:00,0.13900740395609873,0.02683036294968472,0.03917235141319282,0.10775545807402484,0.16397948841794627,0.0205,True,False,2000,1.731450656372713,8.028378021890099,6.22342067199109
441,2023-03-26 06:00:00,0.13763377386375597,0.02730492019517146,0.03842394384452074,0.11039043153654987,0.14761237720398931,0.0165,True,False,2000,1.7672581383060795,7.787983593369003,6.2464237195342225
442,2023-03-26 12:00:00,0.14469488236822603,0.027089219262004312,0.039061345710414794,0.10766026780058262,0.15697266031589394,0.0155,True,False,2000,1.7008888616420519,8.507015692285528,6.329647411333303
443,2023-03-26 18:00:00,0.15344032867320173,0.0280424779353082,0.03939282170706701,0.11162293419003075,0.15912019957876405,0.014,True,False,2000,1.7092321788937315,8.977149539304433,6.53058932358017
444,2023-03-27 00:00:00,0.14593047374123427,0.024951740235726542,0.03564780838080878,0.10306174602523342,0.13985857334970742,0.0075,True,True,2000,1.6894584198317821,8.637707328468283,6.1002830738796865
445,2023-03-27 06:00:00,0.10752286108173284,0.024581589662965798,0.03662756821396561,0.10141020632593144,0.14812882567346375,0.04,True,False,2000,1.7042684161699642,6.309033252131203,5.950365879210071
446,2023-03-27 12:00:00,0.11087781084228435,0.02487408976979373,0.03698246563735374,0.10160651509020725,0.1562393878478226,0.0325,True,False,2000,1.7385893534985415,6.377458289340512,5.844192873132792
447,2023-03-27 18:00:00,0.1261617973257505,0.025147433018454245,0.036470070347729144,0.10002325298223563,0.14491235249487527,0.0195,True,False,2000,1.7312577102108322,7.287291578928857,5.7774906873948195
448,2023-03-28 00:00:00,0.15111243751136963,0.026460037529850197,0.03865285189971028,0.10979270237252244,0.1522022020624628,0.011,True,False,2000,1.7067900250984083,8.85360444397119,6.432701196867619
449,2023-03-28 06:00:00,0.16791435426509138,0.02510821646658262,0.03536830828741142,0.1015007221760887,0.13442125818652934,0.0015,True,True,2000,1.7098762554564124,9.820263526629914,5.936144317589544
450,2023-03-28 12:00:00,0.18426675419320598,0.024637866900494198,0.03556786385605671,0.09875950388777797,0.1419021577073853,0.0005,True,True,2000,1.7295067723655158,10.654295035871813,5.710269856457436
451,2023-03-28 18:00:00,0.20230040330239374,0.027026080529611023,0.03852495613295297,0.11029099771325121,0.1523901266930819,0.001,True,True,2000,1.7075015336358208,11.847743578398493,6.459203434998161
452,2023-03-29 00:00:00,0.2222730025628982,0.026524588864789304,0.03780067649533956,0.10743294998566816,0.15404740336988818,0.0,True,True,2000,1.688765802088991,13.161860708450401,6.361625149726172
453,2023-03-29 06:00:00,0.2249322326669134,0.025950763768767867,0.03737473280502168,0.10777336410617568,0.14487935286909792,0.0,True,True,2000,1.7327229906651214,12.98143060828039,6.219884233474959
454,2023-03-29 12:00:00,0.20538509506039768,0.02613360510756654,0.03814031929493391,0.10679169593855077,0.14622406164023977,0.0005,True,True,2000,1.7773459794761377,11.555718325642694,6.0084922784716905
455,2023-03-29 18:00:00,0.1806177917818934,0.02444785613986705,0.03644195533878894,0.10619512590882085,0.14332774601716075,0.001,True,True,2000,1.8366367026179642,9.834159990619735,5.782043109421098
456,2023-03-30 00:00:00,0.1830235686164165,0.023777548809550346,0.03697011061662111,0.1057055364293859,0.14918226575722937,0.003,True,True,2000,1.8057416273413727,10.135645423752319,5.853857209074709
457,2023-03-30 06:00:00,0.1969380682159041,0.022582135882073494,0.03509792750964855,0.10337752626733474,0.14249364056151934,0.0,True,True,2000,1.773882894158317,11.10208959477838,5.827753715184562
458,2023-03-30 12:00:00,0.19370644501861065,0.021042577737921443,0.03323186751539204,0.09159393992892824,0.13314715013418674,0.001,True,True,2000,1.8083612839455785,10.711711577676098,5.065024381028758
459,2023-03-30 18:00:00,0.182020881253875,0.02091350577073264,0.0337802038160213,0.0942247766025983,0.13837959105405565,0.0025,True,True,2000,1.8490180876790245,9.844191490974339,5.095935904059961
460,2023-03-31 00:00:00,0.17009836059537783,0.022388413811682426,0.03498472694000568,0.09859952599116678,0.14161616010971015,0.0015,True,True,2000,1.900567194581423,8.949873547240719,5.1879000264908885
461,2023-03-31 06:00:00,0.15762632890924683,0.022474794301071164,0.03493969751574742,0.09925181038864286,0.13784627671895439,0.006,True,True,2000,1.886894360654644,8.353744236882427,5.26006184862454
462,2023-03-31 12:00:00,0.17604385140720052,0.021658563637584557,0.034539662470040124,0.09636517954479079,0.14547658913203249,0.003,True,True,2000,1.8929231842678844,9.30010540682812,5.09081300000356
463,2023-03-31 18:00:00,0.1649547823584938,0.02142054440426247,0.03432936213691254,0.09304182757759097,0.14330374856606493,0.005,True,True,2000,1.840584266596424,8.96208803650839,5.055015913487203
464,2023-04-01 00:00:00,0.16919861029643676,0.021529063947738118,0.034354530703478714,0.0983089169944496,0.1417480261038461,0.002,True,True,2000,1.824344080748253,9.274490052722955,5.388726722764288
465,2023-04-01 06:00:00,0.17847775600931645,0.020378919424747132,0.03263679741384691,0.09191759882698623,0.12778170696619875,0.0,True,True,2000,1.7845559625249752,10.001241751857846,5.1507266097125735
466,2023-04-01 12:00:00,0.19047022878316985,0.02190574832929633,0.034112065686538226,0.09642573899556196,0.1393197233446405,0.0005,True,True,2000,1.7590096534057276,10.828265121478363,5.4818197733517895
467,2023-04-01 18:00:00,0.1931873962764893,0.021428353323156058,0.03414507118218185,0.09601404480499429,0.1341484694959029,0.0005,True,True,2000,1.73320083474303,11.14627874646344,5.53969527825837
468,2023-04-02 00:00:00,0.20704734601316097,0.021527945698985532,0.034811768465721295,0.09592075058349926,0.14960726372292757,0.0005,True,True,2000,1.7286377209626362,11.977486288906235,5.548921524753222
469,2023-04-02 06:00:00,0.17441052100195098,0.02104179479783553,0.03436905187144192,0.09577723453997786,0.14324963402980553,0.003,True,True,2000,1.7101451592120893,10.198579931209272,5.600532447438851
470,2023-04-02 12:00:00,0.1687457767613756,0.020531936928020692,0.033335966001622606,0.09424625488699023,0.13143992805939764,0.0035,True,True,2000,1.6999392798859396,9.926576717063558,5.54409536870716
471,2023-04-02 18:00:00,0.18098334656158918,0.021874438256686283,0.03506759815587083,0.09781210702442324,0.14396878828158646,0.003,True,True,2000,1.6935592171932765,10.68656736205136,5.775535099772097
472,2023-04-03 00:00:00,0.18399349278582425,0.021199672151318218,0.033948579831359134,0.09546837191713478,0.14641602134287737,0.0015,True,True,2000,1.6686369220584842,11.02657446647195,5.721338815837895
473,2023-04-03 06:00:00,0.15181878797654855,0.02163545890163081,0.03481997492050203,0.10150367184830082,0.1438413022909487,0.0065,True,True,2000,1.6700857963312632,9.090478364048977,6.077751937731436
474,2023-04-03 12:00:00,0.13896086799406565,0.02056739060854965,0.03344199770749458,0.09278045800144855,0.13844734193694655,0.01,True,True,2000,1.6586865150660297,8.377765583301546,5.593610194495077
475,2023-04-03 18:00:00,0.13290750478513588,0.02152159054088312,0.03549138569458758,0.09744629229854881,0.14595781588688167,0.0165,True,False,2000,1.621755675514911,8.195285318976143,6.008691307191474
476,2023-04-04 00:00:00,0.13412866219180056,0.020183039416383962,0.03328303552569516,0.09414133591740391,0.13746084354856436,0.0125,True,False,2000,1.6109240074134643,8.326194257118344,5.843934008318576
477,2023-04-04 06:00:00,0.13468023317582448,0.02182849599747167,0.03435954613898461,0.09343941325754498,0.14516878730138882,0.0125,True,False,2000,1.6117510677222049,8.356143567887335,5.797384914383679
478,2023-04-04 12:00:00,0.12411101044717471,0.020371661826674464,0.033376259490135264,0.09162409156027583,0.1411144871845756,0.0195,True,False,2000,1.5840405963094886,7.83509025818717,5.78420097147399
479,2023-04-04 18:00:00,0.11934146407665551,0.02024436888121695,0.033160245523914465,0.09271590672472436,0.13744611650254326,0.0195,True,False,2000,1.587728008631819,7.516492965284069,5.839533359660245
480,2023-04-05 00:00:00,0.11074737815827228,0.02027022022095509,0.03339549665713058,0.09532431923855281,0.13904667478616156,0.025,True,False,2000,1.6452955919361072,6.73115388511738,5.793750357428454
481,2023-04-05 06:00:00,0.11142209268518213,0.02199519319664853,0.03585130677780982,0.10027500084024979,0.15416200290758855,0.0355,True,False,2000,1.6583175019205854,6.718984305245425,6.046791445191648
482,2023-04-05 12:00:00,0.09501266316457357,0.019738921209702057,0.03221862040325312,0.0904465328417796,0.13637553498675128,0.0415,True,False,2000,1.6656148651601466,5.704359702351614,5.43021887794471
483,2023-04-05 18:00:00,0.1074757127265679,0.02135061461790182,0.03443705715808252,0.09376178547608718,0.13974970440434525,0.0345,True,False,2000,1.62961888483663,6.595144038070128,5.7536020445349
484,2023-04-06 00:00:00,0.12000237335090576,0.021092446405288966,0.0347213346044826,0.09556607962510233,0.14328826197416067,0.0285,True,False,2000,1.579404974547327,7.597948296022026,6.050764760475222
485,2023-04-06 06:00:00,0.11989000335021296,0.021874715004405583,0.035617415327953664,0.09899250138618967,0.14875672076880664,0.025,True,False,2000,1.5552391245085728,7.708782621328152,6.365098448604776
486,2023-04-06 12:00:00,0.12503839993746713,0.022376472448793545,0.03456385149387701,0.09777823077359331,0.13697977683938992,0.019,True,False,2000,1.5554270012519453,8.038847199953784,6.286262916542708
487,2023-04-06 18:00:00,0.1403683759730142,0.021407092525958092,0.03445510791858471,0.0958167696814842,0.14477570856382158,0.0125,True,False,2000,1.522402623987218,9.220187469552911,6.293786424943043
488,2023-04-07 00:00:00,0.12836869599361966,0.021781937304521697,0.03466740949252095,0.09736800410587856,0.1377863596704447,0.0175,True,False,2000,1.4947147581350164,8.588173448811578,6.514152855984806
489,2023-04-07 06:00:00,0.1358468627583666,0.02299135317500267,0.03550959053688893,0.10154990938859108,0.14842006764684867,0.0145,True,False,2000,1.4952523949983736,9.085212851875376,6.7914894989151
490,2023-04-07 12:00:00,0.1448204224503421,0.022474875218235418,0.034738911171119664,0.09868404713734684,0.14204114271800186,0.008,True,True,2000,1.4864094644964447,9.742969612979646,6.639088992263536
491,2023-04-07 18:00:00,0.14236986552517206,0.025208346041023913,0.038425333839462276,0.10772071888975954,0.15228601945336281,0.016,True,False,2000,1.503650744314277,9.468280188302518,7.163945437268702
492,2023-04-08 00:00:00,0.13926170082371456,0.022576962494939717,0.03520580849253506,0.10170127855512345,0.13794975098972606,0.0095,True,True,2000,1.5154894800654004,9.189222535395283,6.710787497563795
493,2023-04-08 06:00:00,0.1403603080084943,0.021782011901358388,0.035210676964429956,0.09829040097158866,0.14584427514694165,0.0145,True,False,2000,1.5439253815159195,9.091132880442709,6.366266281281106
494,2023-04-08 12:00:00,0.12969897545013226,0.02358433708095184,0.03593976423913757,0.10023577931408609,0.1472812292254842,0.0195,True,False,2000,1.5608855842315945,8.30931983486679,6.421724969894636
495,2023-04-08 18:00:00,0.13952530976024805,0.026608138007527628,0.03800246041798968,0.10326861818054124,0.15171208616097645,0.0165,True,False,2000,1.6022861753566406,8.707889508513807,6.445079522548802
496,2023-04-09 00:00:00,0.12631480720877594,0.02431040143829676,0.03644738747545701,0.10338660398476486,0.14402624669794445,0.022,True,False,2000,1.616446063483704,7.814353355938583,6.395920428173764
497,2023-04-09 06:00:00,0.11138594436369643,0.023879891024689265,0.036888164139604836,0.10034084399660957,0.15641074182885134,0.0385,True,False,2000,1.5894587662903656,7.007790747768805,6.3128938054048955
498,2023-04-09 12:00:00,0.10003199143769613,0.022776408537962603,0.03561449333546768,0.10025420683754512,0.14318147446305762,0.0505,False,False,2000,1.591075682572332,6.287066827391384,6.301033190040439
499,2023-04-09 18:00:00,0.10054608925628733,0.02359419910533664,0.03671325231779025,0.09962925422948353,0.15353886818542026,0.048,True,False,2000,1.5940170753175178,6.3077172016027,6.25019993651185
500,2023-04-10 00:00:00,0.11099579824477958,0.02120375705000305,0.03549800332784867,0.10004963368578176,0.14944804957630534,0.034,True,False,2000,1.5464822352725176,7.177308326805329,6.469497767502724
501,2023-04-10 06:00:00,0.11365586013992318,0.023093653506124304,0.03439774201837713,0.09838895927488225,0.13576304509362871,0.0255,True,False,2000,1.5566547043674537,7.3012890926319605,6.320538459739058
502,2023-04-10 12:00:00,0.12894833028782512,0.022528290510252225,0.034912906106760136,0.10096423216768731,0.1421021426831373,0.0185,True,False,2000,1.532373030503609,8.414943862947439,6.588750268888886
503,2023-04-10 18:00:00,0.13379085658381712,0.021971032193851228,0.03495759960396611,0.09578157583262974,0.14354838528753963,0.014,True,False,2000,1.4994260882674375,8.922804373666079,6.387882442628685
504,2023-04-11 00:00:00,0.14182968764928403,0.024283956188089744,0.03646772241616914,0.1017684233382679,0.1506377821423064,0.0145,True,False,2000,1.5003963597488756,9.452814699778553,6.782769278066036
505,2023-04-11 06:00:00,0.1285209698384688,0.023234696747605477,0.035279774383797396,0.09766597601442267,0.1516506850315645,0.019,True,False,2000,1.5388812350235115,8.351584704098704,6.3465570826153135
506,2023-04-11 12:00:00,0.12120280369891756,0.022456053398266895,0.03635386350851065,0.10196315171641923,0.15091936006874823,0.025,True,False,2000,1.5827469594178287,7.65774989980071,6.442163803235084
507,2023-04-11 18:00:00,0.13328986103611656,0.023571635359330354,0.03791624412261604,0.10454310927109485,0.1644592714173202,0.026,True,False,2000,1.5621100041330203,8.532680840879268,6.692429406027449
508,2023-04-12 00:00:00,0.13519460123757057,0.025761837398317035,0.03842386836219002,0.10667440929662375,0.15391774692897034,0.0205,True,False,2000,1.5503389515132193,8.720325391141913,6.880715290840331
509,2023-04-12 06:00:00,0.14396466846740044,0.026493880081723143,0.037737335097028715,0.10624416585081349,0.1479057691171967,0.012,True,False,2000,1.5265850979840467,9.430503982877534,6.959596683546546
510,2023-04-12 12:00:00,0.15091134933582584,0.026545846880262347,0.038711954862681336,0.1051998383530653,0.1595870095729289,0.0135,True,False,2000,1.4878183382997723,10.143130075159723,7.070744837927194
511,2023-04-12 18:00:00,0.13686531645542738,0.027449825209315062,0.03975719214272478,0.11228804153019592,0.1575810293698524,0.0195,True,False,2000,1.469474413637067,9.313895851828732,7.641374391288244
512,2023-04-13 00:00:00,0.14302911426643353,0.02735512229783358,0.04028949359012481,0.11317171409245025,0.1507797159237719,0.0185,True,False,2000,1.4164922849525998,10.097415692681992,7.989575043554672
513,2023-04-13 06:00:00,0.14968301527085004,0.027175153178827117,0.038572070278427795,0.10775888892594528,0.16222359617392448,0.013,True,False,2000,1.4159466332432376,10.571232824502703,7.610377848713313
514,2023-04-13 12:00:00,0.1457904531989753,0.025973226443828542,0.037795269775324165,0.10666631594104216,0.15365491528943082,0.014,True,False,2000,1.4283756450723102,10.206730540522118,7.467665547856795
515,2023-04-13 18:00:00,0.14719327943095295,0.024857929581156697,0.0372440779371105,0.10190046449539392,0.15591478207982262,0.013,True,False,2000,1.4275953166238968,10.310574552671453,7.137909693930427
516,2023-04-14 00:00:00,0.15610884862162905,0.022766736968623306,0.036473119519911786,0.1037675792572081,0.15002972039121296,0.008,True,True,2000,1.4618698029187194,10.678710806526508,7.098277770703608
517,2023-04-14 06:00:00,0.16017255942184605,0.025516162262926658,0.03830430722421942,0.1099136107997383,0.1528766413966231,0.0065,True,True,2000,1.4596121438911722,10.973638448556812,7.530329975655052
518,2023-04-14 12:00:00,0.1745869860671983,0.02606713065524199,0.03772469959965859,0.10291368094296725,0.14725171906280926,0.005,True,True,2000,1.4674172682920543,11.897569276283788,7.0132526832500615
519,2023-04-14 18:00:00,0.1658415378472168,0.026382404333721327,0.03909521050480006,0.10827486018941967,0.16334360115814195,0.0095,True,True,2000,1.488565574492239,11.141030041876833,7.273771612402971
520,2023-04-15 00:00:00,0.18768366365168596,0.02707419227396645,0.0395526258467854,0.11333723114871468,0.1597441173827329,0.0025,True,True,2000,1.4688994871010328,12.77716176632968,7.715792138534471
521,2023-04-15 06:00:00,0.22428740003068623,0.029062634061101354,0.0405084961834671,0.11370828967225377,0.1625884278485745,0.001,True,True,2000,1.4476433808739626,15.493277073202986,7.854716926457847
522,2023-04-15 12:00:00,0.22849377603442844,0.026496943176007086,0.03913246845835418,0.1096412479923538,0.15655072980265272,0.0005,True,True,2000,1.4321296536476498,15.954824722220668,7.655818571530612
523,2023-04-15 18:00:00,0.21702459582274516,0.028489890485861983,0.04004990086864041,0.112260633626155,0.16206418525011432,0.0015,True,True,2000,1.4439810651086034,15.02960122308962,7.7743840510617614
524,2023-04-16 00:00:00,0.23141922247525606,0.03022547836304655,0.04234967721392604,0.11789743424937386,0.170923484245658,0.0,True,True,2000,1.4453345144275194,16.011464485570567,8.157103637428301
525,2023-04-16 06:00:00,0.23761652955705645,0.030379964136804872,0.04291363946729047,0.120019277684213,0.17012733832135593,0.0005,True,True,2000,1.4499737577889045,16.387643450830648,8.277341368386757
526,2023-04-16 12:00:00,0.23609551867007045,0.030703828682907004,0.04312607651720348,0.11875150258169173,0.17019274234045814,0.001,True,True,2000,1.4651530552294638,16.11405155436778,8.105057840738253
527,2023-04-16 18:00:00,0.25087798193579053,0.027822537500300542,0.040350719700039346,0.10859059176267134,0.16241966629104315,0.0005,True,True,2000,1.4330208367946848,17.50693189478967,7.5777399026214995
528,2023-04-17 00:00:00,0.24510327531746529,0.029385964202394615,0.04125997795068497,0.11567232911787935,0.16259834380000038,0.0005,True,True,2000,1.4540390705176494,16.8567186595754,7.955242157055594
529,2023-04-17 06:00:00,0.24221414266991556,0.028391923549281394,0.04041007419587211,0.11257221764969423,0.1754867357553979,0.0,True,True,2000,1.4755929245757748,16.41469938191462,7.628948050293623
530,2023-04-17 12:00:00,0.24742682827356058,0.029327301657805747,0.04156810284061899,0.11680554227432846,0.1698569096557366,0.0,True,True,2000,1.4734110813479468,16.792789969191947,7.927559643943302
531,2023-04-17 18:00:00,0.22456284081976396,0.031834732816090575,0.04341230293813803,0.12341531725630536,0.1739147456886603,0.0015,True,True,2000,1.484867377097468,15.123427471261863,8.31153806460146
532,2023-04-18 00:00:00,0.22951770319065454,0.02957132306893262,0.04149535451616656,0.11388430749819353,0.1677965083415325,0.001,True,True,2000,1.4600880795909128,15.719442299327637,7.799824482513522
533,2023-04-18 06:00:00,0.2365576224007077,0.03039942096513049,0.04285146041186588,0.12099134883894246,0.17761479326026786,0.0005,True,True,2000,1.4930377766985898,15.844048026955132,8.10370311637251
534,2023-04-18 12:00:00,0.221160056021401,0.032238023600910194,0.04304292037555101,0.12244805245758045,0.17102413673476807,0.0015,True,True,2000,1.5138663547904072,14.608955098418866,8.088432117545358
535,2023-04-18 18:00:00,0.2316747367960842,0.03438776173773518,0.04570266149371918,0.13090228860421257,0.18185617627339626,0.0,True,True,2000,1.5249778190423775,15.19200698548955,8.583881481398448
536,2023-04-19 00:00:00,0.21314807512701225,0.03423236003594448,0.04402002526230058,0.12284381249985424,0.17128425531713995,0.0025,True,True,2000,1.5710497013014648,13.567239467372636,7.819218729877855
537,2023-04-19 06:00:00,0.20418423816545064,0.03555563996910618,0.046231941040438956,0.13470333311348612,0.18748186421036275,0.004,True,True,2000,1.5487707486402738,13.18363213824331,8.69743525513685
538,2023-04-19 12:00:00,0.21471662241119696,0.0353010853431252,0.04525945558305365,0.12735136061535193,0.1751973754905311,0.003,True,True,2000,1.5198900250197893,14.12711570420375,8.378985223861429
539,2023-04-19 18:00:00,0.23536841812144793,0.03781314801426448,0.048660748708577686,0.1404668909281605,0.18899363513513998,0.0005,True,True,2000,1.5053748548104882,15.635203243186794,9.331024128594462
540,2023-04-20 00:00:00,0.23200831429392482,0.039965762085801576,0.05039504740466705,0.14313494784518918,0.20258108250473006,0.004,True,True,2000,1.5058247237860722,15.407391752115068,9.505418896650013
541,2023-04-20 06:00:00,0.20871411395234304,0.039520959654935024,0.05138163847930251,0.141848963329786,0.20731305609063622,0.0095,True,True,2000,1.5011183244220212,13.903908210080953,9.44955244513469
542,2023-04-20 12:00:00,0.24281904660324227,0.038755947889169896,0.04811006845118337,0.13901121276075404,0.17833025625751328,0.002,True,True,2000,1.488414528934879,16.313939556677497,9.339549571598951
543,2023-04-20 18:00:00,0.25428233226407515,0.03923744306132938,0.04845435198546731,0.1380725045459682,0.19324938211104006,0.0,True,True,2000,1.4728822570285691,17.264267462700715,9.374307001601014
544,2023-04-21 00:00:00,0.2533889512120884,0.03705015288143019,0.046693556813226705,0.1356532990769531,0.1750559035991928,0.0,True,True,2000,1.438253277621821,17.617825396586042,9.431808791095431
545,2023-04-21 06:00:00,0.2519724879159444,0.03667059549479866,0.04821985320791599,0.13592702827543007,0.18709931187876977,0.001,True,True,2000,1.4298292484738249,17.622557951230576,9.506521734711766
546,2023-04-21 12:00:00,0.24381002985539602,0.038652392212060405,0.04880009600493611,0.1400803047911381,0.1829259483143825,0.001,True,True,2000,1.3978945467949109,17.44123191655644,10.020806298466066
547,2023-04-21 18:00:00,0.2510936797512546,0.03826143015767394,0.04909813076374778,0.1394863272087141,0.19639657759574855,0.0025,True,True,2000,1.338406315356313,18.760646663895034,10.421822252951623
548,2023-04-22 00:00:00,0.2521660120854725,0.03903251573474829,0.050086492607551256,0.14353461366771453,0.19329645933879827,0.001,True,True,2000,1.3192650131374346,19.11412866818769,10.879892382377747
549,2023-04-22 06:00:00,0.2442589983115829,0.04153360243515277,0.04987753761544792,0.14017925895174713,0.19748148642749566,0.0015,True,True,2000,1.2990424975055532,18.80300288717373,10.790967902968692
550,2023-04-22 12:00:00,0.23136728368713963,0.036912147379110104,0.04798961099386982,0.13263714993871317,0.18981935056636648,0.001,True,True,2000,1.2429293880141041,18.614676418328777,10.67133428638571
551,2023-04-22 18:00:00,0.2366363513497183,0.03892735863327545,0.050546837746626785,0.14148829939782095,0.20283863369643332,0.0025,True,True,2000,1.17685223475414,20.107566979226988,12.022605321166743
552,2023-04-23 00:00:00,0.22967067652988737,0.03972869495484422,0.05138304593573447,0.1475398581677269,0.19606914675356613,0.0035,True,True,2000,1.1324562716414868,20.280754522819805,13.028305097720816
553,2023-04-23 06:00:00,0.20748260597433935,0.03496250745111081,0.048465489075224966,0.13675933183947275,0.2041807230814323,0.0085,True,True,2000,1.1246882163256207,18.44801100985918,12.159755019597188
554,2023-04-23 12:00:00,0.19506593988888166,0.03630043122850873,0.048354514675066684,0.13688304503607612,0.1917434960909929,0.009,True,True,2000,1.1405151963669191,17.103317913716452,12.001860691739436
555,2023-04-23 18:00:00,0.19670960644498378,0.033815806821543885,0.04630204536022342,0.1290535591439491,0.18525914249700615,0.005,True,True,2000,1.1613891764956865,16.937440991014295,11.111999470612286
556,2023-04-24 00:00:00,0.19331545782281798,0.035630920215492176,0.047499304090656884,0.13382582743355562,0.18389102459140402,0.007,True,True,2000,1.1538273865848578,16.754278852316066,11.598427025524016
557,2023-04-24 06:00:00,0.212325371722694,0.03680249852168337,0.047482510232584346,0.13490178939918573,0.18664888364482585,0.0045,True,True,2000,1.1491196367071472,18.477220729698924,11.739577419958877
558,2023-04-24 12:00:00,0.1952052116849887,0.033203390391487515,0.04573787662495747,0.1258389509686658,0.18386807242134626,0.0085,True,True,2000,1.1358270051318125,17.186174549735693,11.07905961031999
559,2023-04-24 18:00:00,0.19508627702984904,0.03273320257406938,0.046313399404356914,0.12591714281427296,0.18741722892226792,0.007,True,True,2000,1.129690656576192,17.268999782746405,11.146161303652464
560,2023-04-25 00:00:00,0.20004168761089386,0.03281487658713418,0.044802451387059294,0.12724491272200475,0.16989685488062437,0.003,True,True,2000,1.1546944490288908,17.324209688470475,11.019790805179582
561,2023-04-25 06:00:00,0.1790652174253728,0.03208289658815903,0.04488625006715667,0.12453734498797299,0.18295278910096205,0.0115,True,False,2000,1.1890966573615345,15.058928667977037,10.473273490172506
562,2023-04-25 12:00:00,0.1564284001493221,0.03352028865750954,0.04562801787752055,0.12620178464206572,0.1853884134245994,0.0245,True,False,2000,1.1800397776587852,13.256197215629303,10.694705977831676
563,2023-04-25 18:00:00,0.1663614971659128,0.03129358083686489,0.04389040384528326,0.12712118665528183,0.1662903284540736,0.0095,True,True,2000,1.1538466232582874,14.417990555463364,11.017165028078942
564,2023-04-26 00:00:00,0.1784854196921876,0.03261254427676981,0.0459018120895161,0.12640614448446338,0.18258427972404906,0.011,True,False,2000,1.1410218492081208,15.642594382925976,11.078328129491153
565,2023-04-26 06:00:00,0.18055772526464778,0.032571555590094815,0.044732915225538246,0.126898014475876,0.1748357629017094,0.009,True,True,2000,1.1694186053722175,15.439956610505401,10.851376392757603
566,2023-04-26 12:00:00,0.16602713107004072,0.03183489977326346,0.04510821474773077,0.12866560209060335,0.17802644407370458,0.017,True,False,2000,1.1752954751241826,14.126416257366953,10.947511056911747
567,2023-04-26 18:00:00,0.17112561355167505,0.02981422782029184,0.042314608927886625,0.11938185670648037,0.16734641310624507,0.009,True,True,2000,1.0851004903919323,15.770485320660525,11.001917127819222
568,2023-04-27 00:00:00,0.1757220121820412,0.028633374990452192,0.04154232006557289,0.11016338482490863,0.16868014183664687,0.009,True,True,2000,1.1023309953485343,15.940948129330385,9.993675700834054
569,2023-04-27 06:00:00,0.1671728819701963,0.0297162436528873,0.042329055811193964,0.11950874799251501,0.17075660366551537,0.0125,True,False,2000,1.1248690674634114,14.861541383404955,10.624236317743911
570,2023-04-27 12:00:00,0.14530041091858148,0.027464817675206078,0.04051842406822752,0.11611749933340386,0.16400408122842125,0.0195,True,False,2000,1.1249584528008385,12.916069082980197,10.321936694133289
571,2023-04-27 18:00:00,0.147011894885177,0.025442400900126134,0.03955549715905911,0.11180900946536004,0.1576027140254562,0.017,True,False,2000,1.1346812845220386,12.956228051924093,9.853781056453867
572,2023-04-28 00:00:00,0.15811315821865568,0.027644864901671107,0.041471857625939024,0.1150707075317036,0.16510158471182734,0.015,True,False,2000,1.1686224743851201,13.529874847037163,9.846696435668752
573,2023-04-28 06:00:00,0.17137168002755443,0.027449122147851248,0.03963047091463807,0.10768884851341616,0.15673360043582596,0.0075,True,True,2000,1.1572001137931724,14.80916550084127,9.305983228814606
574,2023-04-28 12:00:00,0.18275685353779594,0.027893661876139075,0.04142109490980661,0.1160573229954166,0.17990467238278798,0.008,True,True,2000,1.119716232971227,16.321711533362418,10.36488706495326
575,2023-04-28 18:00:00,0.22254254960941922,0.02840520113939865,0.04112813736797969,0.11700689191833565,0.16486295776317264,0.0005,True,True,2000,1.0892299050863479,20.43118248683939,10.742166678673774
576,2023-04-29 00:00:00,0.2461116251241501,0.02727529417967377,0.03970273403613589,0.10994463961439953,0.16425647256222445,0.0,True,True,2000,1.094320087073677,22.489912049615903,10.046844694992547
577,2023-04-29 06:00:00,0.22765800685988505,0.029970685060969452,0.04163054436355286,0.11925579186957933,0.16706080548406713,0.001,True,True,2000,1.111404332056212,20.483814962165425,10.730189583564416
578,2023-04-29 12:00:00,0.2193673966992139,0.030441560133106976,0.04297331416179763,0.12425242425034536,0.16935092648963393,0.002,True,True,2000,1.1128558183825736,19.71211302269532,11.165186199137102
579,2023-04-29 18:00:00,0.20967108720271205,0.02807645918792459,0.04072197517018143,0.11622086008350808,0.1658793983360136,0.001,True,True,2000,1.053789547446698,19.89686533812554,11.028849200972614
580,2023-04-30 00:00:00,0.20920206413922546,0.028235434926491575,0.04103030592179918,0.11364067196388282,0.17117572249397167,0.0025,True,True,2000,1.0364148300917695,20.185166987691755,10.964786363952404
581,2023-04-30 06:00:00,0.23943865637350764,0.032939883425159716,0.044900523783598746,0.12378235464856008,0.18040937634972048,0.001,True,True,2000,1.031558215740363,23.21135663697461,11.999551044215167
582,2023-04-30 12:00:00,0.2036337207266437,0.032327077689115385,0.04312886312190493,0.12276002077021317,0.16493946886392483,0.002,True,True,2000,1.0115069398656835,20.13171760874759,12.136349829346132
583,2023-04-30 18:00:00,0.19364295589597388,0.03413775736738957,0.04620777800458709,0.1309084300880957,0.17824338270821022,0.006,True,True,2000,1.0184116954347833,19.014211714576124,12.854175838211274
584,2023-05-01 00:00:00,0.17617800789464702,0.03066871093092484,0.043253761163547774,0.12594919820867237,0.17157309769345197,0.0075,True,True,2000,0.9931816493950607,17.738749804928,12.681385956475037
585,2023-05-01 06:00:00,0.1706741562317789,0.03289792286193177,0.04313113569813389,0.12473520015751416,0.15884459977135207,0.0055,True,True,2000,1.00992778519918,16.89963963097799,12.35090290469765
586,2023-05-01 12:00:00,0.16213839577234848,0.031649428108220204,0.04297754566764477,0.11995005432721602,0.17029539156772883,0.012,True,False,2000,0.9940332763649734,16.311163783697825,12.067005922161368
587,2023-05-01 18:00:00,0.15715814130347744,0.02988702432171417,0.04160651719192183,0.11976587159164463,0.16274695709753118,0.0125,True,False,2000,1.002594337476819,15.675147507713818,11.945596251127217
588,2023-05-02 00:00:00,0.17174521652097285,0.03156902935266362,0.04393865371179575,0.12441793509849428,0.1811613065637419,0.014,True,False,2000,1.0318038445120103,16.645142139608854,12.058293420813673
589,2023-05-02 06:00:00,0.16399072650028554,0.02884962248583949,0.04072192269899737,0.11424814299767233,0.16769720271696953,0.011,True,False,2000,1.0337465317722447,15.86372688662292,11.05185260470054
590,2023-05-02 12:00:00,0.1509429093855348,0.02824898244962028,0.03932238845172173,0.11089678792919544,0.15698075578670626,0.014,True,False,2000,1.0236256337692717,14.745909481547606,10.833725169703195
591,2023-05-02 18:00:00,0.13098185510013868,0.02762675237296029,0.039005080112148316,0.10918285108180147,0.15340332616406865,0.0275,True,False,2000,1.0322162633329375,12.68938106799534,10.57751703400404
592,2023-05-03 00:00:00,0.12817296403796574,0.031108659759862493,0.042452396918958656,0.11889633036370954,0.16701374599573968,0.039,True,False,2000,1.043661408494928,12.281086853906473,11.39223213543661
593,2023-05-03 06:00:00,0.11337908483953259,0.028587419315111013,0.04013589774563395,0.11541111161899888,0.16272242609061024,0.054,False,False,2000,1.051485768950765,10.782750293679102,10.976003197281779
594,2023-05-03 12:00:00,0.11245736295611279,0.02776329138187221,0.04069421111067848,0.1134746708502196,0.16586069448978513,0.052,False,False,2000,1.004332004867547,11.19722984143514,11.298521833443397
595,2023-05-03 18:00:00,0.12876382338093942,0.030546495680176883,0.0420415608991889,0.11711243748727845,0.17545454196345472,0.0345,True,False,2000,1.0050335661601384,12.811892827908064,11.65258966769854
596,2023-05-04 00:00:00,0.14441809761650481,0.03423421119846817,0.04426124247799526,0.12391863644608843,0.17017904138841325,0.029,True,False,2000,1.028481382412528,14.04187767383213,12.048700011993427
597,2023-05-04 06:00:00,0.13189321208633337,0.03152394572307892,0.04310430580619116,0.12132383831085466,0.17238700460681108,0.036,True,False,2000,1.1211314639735306,11.76429493994179,10.821553244153629
598,2023-05-04 12:00:00,0.13231865175787255,0.034736750603392104,0.04428663776326317,0.1256426215205277,0.1709655845957114,0.0405,True,False,2000,1.1275591391122293,11.734963352968974,11.142885296415669
599,2023-05-04 18:00:00,0.12677500858928847,0.03612338098102839,0.04759454242685924,0.13419191262760588,0.17981459488527043,0.063,False,False,2000,1.131397416653123,11.205170413444264,11.86072291242892
600,2023-05-05 00:00:00,0.2029744227441597,0.03861690360444504,0.04815975553406629,0.13597249724329777,0.19401518800647774,0.0085,True,True,2000,1.1570066805041195,17.543064025846565,11.752092665882722
601,2023-05-05 06:00:00,0.19523706196946994,0.03724926541502152,0.04704780511726269,0.1306314908589551,0.18158504260625916,0.006,True,True,2000,1.150680721584102,16.967092461642522,11.352540145029916
602,2023-05-05 12:00:00,0.20370954179694786,0.03676530631988516,0.04654992648832094,0.13140573412674145,0.185837149358271,0.006,True,True,2000,1.15517432324592,17.634528200431706,11.375402957148923
603,2023-05-05 18:00:00,0.19251261104113554,0.03432439159669392,0.04369358642014233,0.1244331279331073,0.16851975443534964,0.004,True,True,2000,1.1339574543886206,16.97705767496628,10.973350671273298
604,2023-05-06 00:00:00,0.18934047224026712,0.033743825823755645,0.04364345152332212,0.1265997565279541,0.1679662638418768,0.004,True,True,2000,1.1837497773877481,15.99497426374146,10.69480720894659
605,2023-05-06 06:00:00,0.17876387878010683,0.03427692400448653,0.04347324461278028,0.1236254744517879,0.17207614031689428,0.008,True,True,2000,1.1846335193632003,15.090226290085168,10.435756918160036
606,2023-05-06 12:00:00,0.1885397502089714,0.03403617893519687,0.04396434995959461,0.12232498255608676,0.17501602045443,0.007,True,True,2000,1.1027927567163596,17.096571324095503,11.09229107745663
607,2023-05-06 18:00:00,0.19461847063587506,0.033494018478667356,0.042489582426799045,0.1206530840130385,0.16663580950524348,0.0045,True,True,2000,1.1121431115166143,17.49940889985611,10.84870128346212
608,2023-05-07 00:00:00,0.22548647389576254,0.0360758626662264,0.04542882198473985,0.1288434713564313,0.18126875320479865,0.001,True,True,2000,1.1071052493405884,20.367212063177035,11.637870151295258
609,2023-05-07 06:00:00,0.23622650959911506,0.03677615161792312,0.04494106639669653,0.13035006450242925,0.17425650084759672,0.0005,True,True,2000,1.1052096730798775,21.373908983335703,11.794147995392036
610,2023-05-07 12:00:00,0.22877981749796347,0.03818991181881108,0.04612316750711568,0.1328993203020241,0.18060132432517537,0.0015,True,True,2000,1.1206770108164352,20.414429428805082,11.85884238003636
611,2023-05-07 18:00:00,0.21969849893335153,0.03961027633915955,0.04747949225756144,0.13540153128490443,0.17547439709344181,0.0005,True,True,2000,1.072985285800137,20.475443777359903,12.61914148095088
612,2023-05-08 00:00:00,0.22820482509747125,0.03875080946382372,0.04649476766263031,0.13277020747860724,0.18364409108484814,0.0005,True,True,2000,1.0525766946458803,21.68058881203393,12.613827396518149
613,2023-05-08 06:00:00,0.23702791725560302,0.040865565481277795,0.048246797037220845,0.14080881592187552,0.185082220120412,0.0015,True,True,2000,1.0370932184205433,22.8550252808121,13.577257417257288
614,2023-05-08 12:00:00,0.22764847102522434,0.03846477013522644,0.04689239485917016,0.13093211343664457,0.18127137318782877,0.0015,True,True,2000,1.0249401364096824,22.210904123890234,12.774610807543713
615,2023-05-08 18:00:00,0.23317497362242132,0.04226163704686175,0.048216857055990416,0.13782475451735882,0.1824173354128334,0.0005,True,True,2000,1.008017350607422,23.13203968978433,13.672855376378878
616,2023-05-09 00:00:00,0.21761305948390247,0.04282626073999562,0.04835480484730917,0.14269663391415136,0.1773906669279972,0.0015,True,True,2000,0.9996196218941861,21.76958662251407,14.275093324374177
617,2023-05-09 06:00:00,0.21564661005492905,0.040853993522196874,0.04688203055505065,0.13533634939622619,0.17318113242171118,0.0025,True,True,2000,0.9169015582523758,23.51905808361301,14.760183160139755
618,2023-05-09 12:00:00,0.21137213636092209,0.0408583616491501,0.04748077077956287,0.1351832861779079,0.18604328898487993,0.0035,True,True,2000,0.8884835027483076,23.790215092018457,15.21505866566473
619,2023-05-09 18:00:00,0.18806212268217215,0.04329155115875519,0.04978143347156983,0.1405348618737843,0.20231678863042907,0.0165,True,False,2000,0.8546563295896048,22.004414660156698,16.443435449810263
620,2023-05-10 00:00:00,0.19649346554637193,0.04615979361207003,0.05086449174575597,0.14648522310116285,0.20142014893502666,0.012,True,False,2000,0.8885479214786838,22.11399754549826,16.485911402210967
621,2023-05-10 06:00:00,0.18838709571661044,0.043008943959701916,0.04908838720205325,0.13867975358198456,0.19822677372411507,0.013,True,False,2000,0.9594412231234226,19.635084586351603,14.454220877701934
622,2023-05-10 12:00:00,0.1867288186212875,0.04267960250973398,0.04740234780614902,0.13573259211317354,0.17968373687921946,0.0085,True,True,2000,0.9088677350566693,20.54521372239545,14.934251363286693
623,2023-05-10 18:00:00,0.19942676273669405,0.04003737432966645,0.047027951591515155,0.13159279850190017,0.17800572142338564,0.0055,True,True,2000,0.9013959459328875,22.124213408825575,14.598778605079035
624,2023-05-11 00:00:00,0.1888346921047466,0.040866257679359294,0.04830986099421561,0.143125835085544,0.17986614418751642,0.0085,True,True,2000,0.9452380512046117,19.977474654569356,15.14177670938494
625,2023-05-11 06:00:00,0.20497005360289683,0.04285804880670534,0.048183122716559834,0.13716717701976486,0.18449913786107258,0.0045,True,True,2000,0.9503892507779234,21.56695832103766,14.432736576880393
626,2023-05-11 12:00:00,0.20266015571395443,0.04154774246928985,0.04893375014109113,0.14203900447218948,0.18992596727274888,0.005,True,True,2000,0.9170696483980361,22.098665686730236,15.48835518875882
627,2023-05-11 18:00:00,0.21263462344712875,0.042750369515990955,0.04908185344111121,0.137815450941519,0.18492313746365588,0.004,True,True,2000,0.8554646666286413,24.856038097413766,16.110010888543798
628,2023-05-12 00:00:00,0.2194455756686096,0.047581060479374784,0.05213532802741788,0.15287302559758542,0.19976622335382208,0.002,True,True,2000,0.8380667751138525,26.184736370058054,18.241150960413314
629,2023-05-12 06:00:00,0.20992653736314482,0.04536503515395594,0.04993973916929418,0.14471155237389335,0.18632809355888727,0.004,True,True,2000,0.8303127231652743,25.282827964248693,17.42856014806465
630,2023-05-12 12:00:00,0.21714889221518544,0.04732494906639531,0.05252676387156575,0.14789517244032532,0.20607941822212017,0.0085,True,True,2000,0.8238442138639719,26.358004166433307,17.95183724683474
631,2023-05-12 18:00:00,0.20355921465035617,0.04766026166473193,0.053015225333979336,0.15149858540494757,0.21409832539743806,0.0135,True,False,2000,0.7750589335351975,26.263707937908958,19.546718171988868
632,2023-05-13 00:00:00,0.22116128596038648,0.052920316228883574,0.054462773535465955,0.15858214896657444,0.20413516289746383,0.0045,True,True,2000,0.7668065315817486,28.841862562670233,20.68085526598936
633,2023-05-13 06:00:00,0.23228652792615828,0.05413965760821736,0.05369046780168962,0.15536731914089813,0.21485491937955964,0.005,True,True,2000,0.7038837636802653,33.00069413615185,22.072865884639548
634,2023-05-13 12:00:00,0.21550972955433575,0.05036617715828621,0.05235347247909861,0.1537280670325761,0.1995418518448127,0.006,True,True,2000,0.6965320570475831,30.940389228864067,22.070494168522423
635,2023-05-13 18:00:00,0.21595966276811243,0.0518377568029384,0.053669713840227375,0.1562903431069055,0.2063487233345635,0.008,True,True,2000,0.7158838594660742,30.16685736275449,21.831801491302112
636,2023-05-14 00:00:00,0.22110858289171634,0.05366972291720822,0.05467651571651347,0.16255619132240792,0.20966824033207812,0.004,True,True,2000,0.6533431319739443,33.84264287338284,24.880676533826446
637,2023-05-14 06:00:00,0.22269116531447114,0.054269789987062146,0.05476010855972487,0.1561794102888974,0.21098012724691245,0.007,True,True,2000,0.5951418949048696,37.418163167637054,26.242382132056402
638,2023-05-14 12:00:00,0.2195352403684915,0.0530003390493509,0.05334720819761987,0.1550685777374052,0.19972487623579235,0.004,True,True,2000,0.6050571067031519,36.283391755317076,25.628750744263822
639,2023-05-14 18:00:00,0.22221301678230523,0.05489008200326083,0.05345153272377519,0.15591489289704133,0.20478494648570533,0.0045,True,True,2000,0.5916557921525439,37.55781988947605,26.352297225012627
640,2023-05-15 00:00:00,0.22387220487972612,0.05672525869906192,0.05548073437630666,0.16017717127819306,0.21278186650491718,0.0075,True,True,2000,0.5373933678929963,41.65890728378,29.80631709434995
641,2023-05-15 06:00:00,0.2244417085635823,0.05592558950757895,0.05430190439213574,0.16064864916065044,0.2034813833664929,0.005,True,True,2000,0.5032168370617722,44.60139089822049,31.924339038149093
642,2023-05-15 12:00:00,0.21348239822770917,0.0575012294711508,0.0549562181402618,0.15767035700515206,0.21545717341978127,0.012,True,False,2000,0.47061851307394387,45.36209101365434,33.50279528429405
643,2023-05-15 18:00:00,0.20910777183646703,0.05722697547767463,0.055412825518471306,0.1621918174828305,0.20891697900672382,0.01,True,True,2000,0.4878919873183473,42.859439644788665,33.243386179449814
644,2023-05-16 00:00:00,0.2134127159916095,0.05545356711703912,0.05574799547318284,0.16668933703013625,0.21005462603184447,0.0085,True,True,2000,0.48617030507729664,43.89669911198686,34.28620285717248
645,2023-05-16 06:00:00,0.17990576658142732,0.05787178717882982,0.05474957899151099,0.16361360055351698,0.20732951288059742,0.023,True,False,2000,0.48119672399352426,37.387155317343435,34.00139535358076
646,2023-05-16 12:00:00,0.17387431349660365,0.05878151812659398,0.056998806371928966,0.17069652570563715,0.21812357105270827,0.044,True,False,2000,0.46999566698128104,36.99487584925516,36.31874455396535
647,2023-05-16 18:00:00,0.18586193674170506,0.06021954462513649,0.05801860669100388,0.16781988252138294,0.22055074298334953,0.028,True,False,2000,0.4670978265455055,39.79079459998259,35.92820882137708
648,2023-05-17 00:00:00,0.21778162368453738,0.06890806578024208,0.06203926783809796,0.18430715756355184,0.23673087808889887,0.021,True,False,2000,0.4639831663502141,46.9373976210499,39.72281128501911
