window_idx,timestamp,te_bits,surr_mean,surr_std,surr_p95,surr_p99,p_value,sig95,sig99,n_valid_surrogates,h_target_bits,pct_h,surr_p95_pct
0,2022-12-06 00:00:00,0.22446155889841918,0.02702332146008173,0.029012465322205687,0.0832119917332376,0.10798430038421475,0.0,True,True,2000,1.7396119176696303,12.902967415807659,4.783365237271293
1,2022-12-06 06:00:00,0.22332314316000004,0.024759294998014263,0.028656770496456575,0.08104003227101557,0.10751908320373665,0.0,True,True,2000,1.7462509783676097,12.788719715923186,4.640800965893892
2,2022-12-06 12:00:00,0.21157251359027707,0.023753884732470112,0.028673195915940045,0.0823056704558844,0.10981924581952128,0.0,True,True,2000,1.7596936145290356,12.02325858566591,4.677272780688738
3,2022-12-06 18:00:00,0.2081311610397912,0.02387571844197254,0.0289125932842032,0.08314700054794372,0.11140442785583808,0.0,True,True,2000,1.7681285420251276,11.771268665874711,4.702542749109814
4,2022-12-07 00:00:00,0.19417651464968746,0.023531349146064546,0.02828348309914191,0.07979853201041452,0.10596428504375371,0.0,True,True,2000,1.7773587488803073,10.925004013512405,4.489725670784565
5,2022-12-07 06:00:00,0.20110499952480634,0.021774562535639194,0.027187298030721,0.07555246921500529,0.10357468527047439,0.0,True,True,2000,1.763176522963067,11.40583469129023,4.2850201458012425
6,2022-12-07 12:00:00,0.20204251863383632,0.01799939718140722,0.024364176434581383,0.06953548578446633,0.09301698997987772,0.0,True,True,2000,1.7599708084988652,11.479878964933786,3.950945404814717
7,2022-12-07 18:00:00,0.19101048923701322,0.018638612003731566,0.02477474341139549,0.06936781967588317,0.09458530070092376,0.0,True,True,2000,1.7655119790046767,10.81898573946222,3.9290483724154566
8,2022-12-08 00:00:00,0.17023246422119806,0.01988142435258528,0.025464345065894952,0.07138522051615385,0.09625083353635656,0.0,True,True,2000,1.7481366941267014,9.737937816484045,4.083503352797879
9,2022-12-08 06:00:00,0.15668609228458646,0.021338062287817174,0.026370135272927763,0.07503126369823887,0.10084850077517976,0.0,True,True,2000,1.7587618638874882,8.908886160304531,4.266141155255274
10,2022-12-08 12:00:00,0.16492889999657542,0.019370634474508704,0.02553907129821791,0.07582657793894684,0.09675182389418392,0.0,True,True,2000,1.789837315052871,9.214742513718544,4.236506709365759
11,2022-12-08 18:00:00,0.1758600361095635,0.021475009597977567,0.02683977493542984,0.07588075996661484,0.10562573623202494,0.0,True,True,2000,1.7903276357691074,9.822785092294893,4.238372823531666
12,2022-12-09 00:00:00,0.16813916402966914,0.021770984662305082,0.026876693837199216,0.07685049194925109,0.10454196088710324,0.0,True,True,2000,1.778097344029037,9.456128180737181,4.3220632552722655
13,2022-12-09 06:00:00,0.16046601309162256,0.020144878092932146,0.025207314103046996,0.07047574284208126,0.09975931605071185,0.0,True,True,2000,1.760249300461116,9.11609583083412,4.003736449355179
14,2022-12-09 12:00:00,0.14912423686591866,0.018730273642745203,0.024695024885107893,0.07015300203847105,0.09858144623428497,0.0005,True,True,2000,1.749408220141996,8.524267529382852,4.010099028388976
15,2022-12-09 18:00:00,0.1414618836969392,0.01890713805077465,0.024694530753495918,0.06931962019479215,0.09405327621691041,0.0005,True,True,2000,1.7272572959829595,8.189971698248645,4.013277023406248
16,2022-12-10 00:00:00,0.14438803843212206,0.018350501935800692,0.023904861358208303,0.06951235273443918,0.09027177521624696,0.0,True,True,2000,1.7088050574820317,8.449649525551004,4.067892497747368
17,2022-12-10 06:00:00,0.1280229570800197,0.018678603025171724,0.02407821666000112,0.06822176449501141,0.09451306345815404,0.0,True,True,2000,1.7172121677459558,7.455278939006413,3.972820934792266
18,2022-12-10 12:00:00,0.11570411416754797,0.01992234464606478,0.025418926552505848,0.07057336006310823,0.09984785065537276,0.0015,True,True,2000,1.7212894536694008,6.7219440589084485,4.100028610101674
19,2022-12-10 18:00:00,0.10856069632497753,0.0195071107149743,0.02481919101690824,0.07006679599235409,0.09224928216522628,0.0025,True,True,2000,1.7287298796313981,6.279795218679564,4.053079478633979
20,2022-12-11 00:00:00,0.1082315666433876,0.017275118242227164,0.022389284447347182,0.06130274620902356,0.08568650861150683,0.003,True,True,2000,1.7455190736067911,6.200537609694929,3.5120066652925663
21,2022-12-11 06:00:00,0.09544430345978808,0.018054765698765917,0.02450458119180317,0.06896622659698708,0.09573402659137584,0.0105,True,False,2000,1.7604099254238275,5.421709005464133,3.917623139984462
22,2022-12-11 12:00:00,0.09489172401055974,0.01810772583102474,0.024645965379090348,0.0704010579268554,0.09625424553029675,0.012,True,False,2000,1.76370746049711,5.380241686102186,3.9916516487951186
23,2022-12-11 18:00:00,0.10081510220259782,0.019312642200012463,0.02565255544730169,0.07396436450937985,0.09870707359628576,0.009,True,True,2000,1.7601222427524719,5.727732980917484,4.202228840294335
24,2022-12-12 00:00:00,0.10540585625549373,0.019086641475150216,0.02439914115293789,0.06946515605632515,0.09392581938915825,0.005,True,True,2000,1.7912484598211302,5.884491103262096,3.8780301903657617
25,2022-12-12 06:00:00,0.09493806753713496,0.018915338348319623,0.02411573615911466,0.06859325257953873,0.09155979947824264,0.009,True,True,2000,1.795616946712505,5.287211602171152,3.8200381604284974
26,2022-12-12 12:00:00,0.10980933700826295,0.01901173170334076,0.02550301802115247,0.07169491301119309,0.09976616843871301,0.005,True,True,2000,1.7772601579773866,6.178574167398859,4.034013404812134
27,2022-12-12 18:00:00,0.0999807918047156,0.019069135021925514,0.02524240671220173,0.0704814989620657,0.09889361463289699,0.0095,True,True,2000,1.7935837242731907,5.574358779667816,3.9296464395954938
28,2022-12-13 00:00:00,0.09036317657751909,0.020321367074984796,0.024807429747053203,0.07040719946517839,0.09373498197700894,0.014,True,False,2000,1.778591448175632,5.080603343179683,3.958593162999726
29,2022-12-13 06:00:00,0.07593118338635062,0.020739295217674314,0.025514509954537013,0.07262736535279248,0.10322302722944611,0.042,True,False,2000,1.7838700377337529,4.256542336616315,4.071337250838018
30,2022-12-13 12:00:00,0.06336095866482279,0.018654576337371574,0.0241436154178425,0.0674789777457268,0.09340463496195549,0.0645,False,False,2000,1.7684639791368406,3.5828243838898133,3.8156829057192456
31,2022-12-13 18:00:00,0.0794727014976954,0.020213883013088456,0.026056340785677225,0.07292446298783879,0.09842530260696679,0.038,True,False,2000,1.7829214834241325,4.457442587155698,4.090166822589746
32,2022-12-14 00:00:00,0.061935763878264445,0.020855964602575185,0.025870239235313713,0.07294305111342635,0.09873130497820824,0.0905,False,False,2000,1.808831208896439,3.4240764740039635,4.032606843284655
33,2022-12-14 06:00:00,0.05967181098719188,0.022337492053521934,0.026885065776775147,0.07672265893970608,0.10349531656953556,0.1115,False,False,2000,1.8230548842667325,3.273176880310601,4.2084667665156665
34,2022-12-14 12:00:00,0.04957750777746097,0.021686845892891913,0.02602783810341473,0.07297220660929257,0.09302865474667446,0.167,False,False,2000,1.8433973909377381,2.689463922493719,3.9585716551422228
35,2022-12-14 18:00:00,0.05511062103850247,0.021539955875092418,0.025852138577994926,0.07341167553152551,0.09836289430311765,0.1235,False,False,2000,1.8407551190008793,2.9939137731919105,3.988128283536798
36,2022-12-15 00:00:00,0.0655053816430841,0.0242839405257006,0.028231606043903328,0.08174643062482315,0.1069951695011447,0.106,False,False,2000,1.8317026249969186,3.576201767096026,4.4628658336371965
37,2022-12-15 06:00:00,0.06471725230309987,0.023126578851581942,0.026019295254342906,0.07469547032177314,0.09585473071282814,0.0865,False,False,2000,1.799341190608209,3.596719323766733,4.15126773686122
38,2022-12-15 12:00:00,0.06927001629208464,0.02599371312748255,0.028331702195407465,0.08183960491631508,0.10259944585483892,0.094,False,False,2000,1.7628489751961949,3.92943566163263,4.64246263110581
39,2022-12-15 18:00:00,0.07411161571714751,0.02443522454142316,0.02831467329739783,0.08319795075208386,0.10846851441882814,0.0735,False,False,2000,1.7800371952075882,4.163486915704849,4.673944509478708
40,2022-12-16 00:00:00,0.07089046136393497,0.026661212894546652,0.029499184845708157,0.08505703651181651,0.11534646664083176,0.0935,False,False,2000,1.7981249746813053,3.942465755279296,4.730318398858332
41,2022-12-16 06:00:00,0.07258580451395756,0.02626284489342207,0.028294474189822776,0.08106967255255702,0.10910865799759469,0.0815,False,False,2000,1.8146430800121243,4.000004480962317,4.467527165287808
42,2022-12-16 12:00:00,0.07084102146954395,0.026748839872179138,0.02931042547262135,0.08164817816126071,0.10987962810480287,0.0955,False,False,2000,1.808923833650078,3.9161970311707215,4.513632726951782
43,2022-12-16 18:00:00,0.07152281476798865,0.02620860461679629,0.028421468463067003,0.08075588078727446,0.10892077615298554,0.081,False,False,2000,1.7808010045232299,4.016328303180472,4.534806560764213
44,2022-12-17 00:00:00,0.06993155852446156,0.02770409664083436,0.02940310231905157,0.08454842511636679,0.1136053347230394,0.102,False,False,2000,1.775019337287872,3.9397631933020505,4.763239663943715
45,2022-12-17 06:00:00,0.0636473163121572,0.027008459456838232,0.029119878055052947,0.0832885931065986,0.11172069700453781,0.127,False,False,2000,1.7541115531563156,3.628464574994185,4.748192494184914
46,2022-12-17 12:00:00,0.0677372594140578,0.02651837487358456,0.02911217101366201,0.08496793873132906,0.10697872930958209,0.1085,False,False,2000,1.7751834729757912,3.815789209692668,4.786431375957712
47,2022-12-17 18:00:00,0.06521446532442447,0.027611958421203186,0.02973538579214253,0.08626088345542128,0.11167136857159173,0.125,False,False,2000,1.756182814203452,3.7134212222662972,4.911839630690524
48,2022-12-18 00:00:00,0.06487725869616301,0.02665012915923931,0.02905460498281138,0.0832716397941675,0.10822775296816758,0.1245,False,False,2000,1.8288258402919542,3.5474815188419466,4.553284296380786
49,2022-12-18 06:00:00,0.06128801099289961,0.028455795441524337,0.030786212357890527,0.08795295944636158,0.11862008633276258,0.159,False,False,2000,1.8027447758698882,3.39970537223307,4.878835907535562
50,2022-12-18 12:00:00,0.05405495404849281,0.030705129934836692,0.030886281258191685,0.08830022264717444,0.11404339147194234,0.228,False,False,2000,1.7782364898568856,3.0398068174184867,4.965606270641816
51,2022-12-18 18:00:00,0.06593782166066685,0.027453953548476313,0.029033837962155307,0.08261662245986802,0.1111613522914143,0.1155,False,False,2000,1.753442023533188,3.760479147625426,4.711682584942011
52,2022-12-19 00:00:00,0.062089475948069635,0.029201241035722657,0.031060937582584505,0.08972497970478757,0.11496790419103384,0.1645,False,False,2000,1.7533494904077922,3.541192231654223,5.11734712307239
53,2022-12-19 06:00:00,0.05520598318369621,0.028420581109430344,0.03078650820316102,0.08929358005561383,0.11913973733899519,0.193,False,False,2000,1.803577132839207,3.060916119333941,4.9509155128312745
54,2022-12-19 12:00:00,0.04846462044086913,0.02733647014610166,0.028437003323341738,0.08266024417103703,0.10854184709772402,0.2285,False,False,2000,1.8145051260619431,2.670955278371292,4.555525525046942
55,2022-12-19 18:00:00,0.04885270497521466,0.027700902649864738,0.029770921881767175,0.08633609981531919,0.1126201272732627,0.2435,False,False,2000,1.8807283569584075,2.597541787173417,4.5905672393298484
56,2022-12-20 00:00:00,0.05216381647581944,0.026493585350345718,0.030289292681298083,0.08735976693290749,0.11567351902777362,0.203,False,False,2000,1.9071643999840946,2.7351504923358716,4.580610194571378
57,2022-12-20 06:00:00,0.06040166703349259,0.02566650374098276,0.02913342228016317,0.08211176024867706,0.11221088791871332,0.1435,False,False,2000,1.925351442806916,3.1371761897887422,4.264767378207514
58,2022-12-20 12:00:00,0.05292971514485502,0.024316369313190186,0.02806240551164822,0.08154936741537294,0.10393624181575586,0.1685,False,False,2000,1.950004607954131,2.714337952277293,4.182008959503504
59,2022-12-20 18:00:00,0.0596044574626981,0.024540572386433184,0.028234113905440766,0.0833101387614251,0.10858742030470481,0.1375,False,False,2000,1.9836720124974936,3.0047536632658627,4.199794030291102
60,2022-12-21 00:00:00,0.02879145123008702,0.025156107317461693,0.028940876827538604,0.0831861098840267,0.11023765039571745,0.3675,False,False,2000,1.9620556014158914,1.467412605907297,4.239742738380938
61,2022-12-21 06:00:00,0.011737296874425046,0.0249885505497395,0.028194773780545572,0.07887549233297125,0.10750603918170502,0.54,False,False,2000,1.934580959845253,0.6067100378866497,4.077135771008544
62,2022-12-21 12:00:00,0.009808326410878329,0.025148298766869928,0.028096395152947446,0.08066742123835192,0.10721935923480495,0.5625,False,False,2000,1.9061179009209914,0.5145708146457875,4.2320268436372865
63,2022-12-21 18:00:00,0.011245312923779768,0.025453767463246884,0.028683851396696356,0.08203611217467087,0.10485630115281491,0.55,False,False,2000,1.8592337926639861,0.6048358720754007,4.4123612908910275
64,2022-12-22 00:00:00,0.018916838134702057,0.024565057797573127,0.02861155317402572,0.08230232289638342,0.11097065776433959,0.463,False,False,2000,1.8876481640403604,1.002137924591417,4.360045715310731
65,2022-12-22 06:00:00,0.01746143409509344,0.024613003148681343,0.028383794389820874,0.08043176549606113,0.11030874632109977,0.4725,False,False,2000,1.8529124216514115,0.942377734158148,4.340829310452578
66,2022-12-22 12:00:00,0.0079009066542846,0.023862589032172872,0.027850532401673837,0.07835548662503006,0.10447049550409641,0.547,False,False,2000,1.8434007747034395,0.4286049329427928,4.250594211540116
67,2022-12-22 18:00:00,0.0,0.024152858563750455,0.028602814006969613,0.08131404507771527,0.11012321732367492,1.0,False,False,2000,1.8066285370492032,0.0,4.500872393531814
68,2022-12-23 00:00:00,0.0,0.024462332592626375,0.028618460436740246,0.08031408108886762,0.10768579004565484,1.0,False,False,2000,1.8306156015484523,0.0,4.38727174732548
69,2022-12-23 06:00:00,0.0,0.023958791089436868,0.02835790161049551,0.07992632315337204,0.11029918834187921,1.0,False,False,2000,1.8105750483170386,0.0,4.414416471035816
70,2022-12-23 12:00:00,0.0,0.023396294261084482,0.02828944446537142,0.0830124862909131,0.1062555348639336,1.0,False,False,2000,1.8015289197459423,0.0,4.607890852100215
71,2022-12-23 18:00:00,0.0,0.022300175071619553,0.027746702826030055,0.0780849790194709,0.1104721747851137,1.0,False,False,2000,1.7979641670995812,0.0,4.342966364309424
72,2022-12-24 00:00:00,0.0,0.024716531114928695,0.02887433873740104,0.08143247938765347,0.1105212605828415,1.0,False,False,2000,1.7838671780303712,0.0,4.564940730484534
73,2022-12-24 06:00:00,0.0,0.023877180044151302,0.02859065465777017,0.08178638876711751,0.10810167407281547,1.0,False,False,2000,1.7986406225462017,0.0,4.547122295688986
74,2022-12-24 12:00:00,0.0,0.025078522540564547,0.029451216457901407,0.08352794904218529,0.11111865810669352,1.0,False,False,2000,1.8005911339419098,0.0,4.638918156801278
75,2022-12-24 18:00:00,0.0,0.024574151228330846,0.027917019522904443,0.07944231870973988,0.10805427428090508,1.0,False,False,2000,1.8368601491934733,0.0,4.324897502110944
76,2022-12-25 00:00:00,0.005062783130442002,0.02688273749637505,0.030120221762331513,0.08678940001222311,0.11215614993308248,0.609,False,False,2000,1.7877812690203818,0.2831880621065106,4.854587164333561
77,2022-12-25 06:00:00,0.0015275593134115714,0.026652505467793988,0.030859909813633325,0.08796502379759506,0.11849199794253357,0.6385,False,False,2000,1.7675216545057963,0.08642379625265077,4.976743768505077
78,2022-12-25 12:00:00,0.007643224131289727,0.0252233761583664,0.02884279797310796,0.08335251609740359,0.1083444890205892,0.5785,False,False,2000,1.7807769405820868,0.42920727223654237,4.680682582859476
79,2022-12-25 18:00:00,0.0,0.023728985662729938,0.028942523503263103,0.08294173607038136,0.11055902926296798,1.0,False,False,2000,1.7778195090775237,0.0,4.665363139895918
80,2022-12-26 00:00:00,0.00015646162405072057,0.023740498668303963,0.02889701734895591,0.08244879720116136,0.11104106224787284,0.6175,False,False,2000,1.8016211674581444,0.008684490772911366,4.576367034890359
81,2022-12-26 06:00:00,0.0,0.025290472892846298,0.02966621218415538,0.08476029775669255,0.11235221043526035,1.0,False,False,2000,1.8011421603824291,0.0,4.705919367225058
82,2022-12-26 12:00:00,0.0,0.0266371241135148,0.02972022419177217,0.08571389916228529,0.11270444055866313,1.0,False,False,2000,1.8160618948318188,0.0,4.719767503861593
83,2022-12-26 18:00:00,0.0,0.02430176381176539,0.02930321745558381,0.08420187449996643,0.11159801123568633,1.0,False,False,2000,1.8225894053674794,0.0,4.619903652023546
84,2022-12-27 00:00:00,0.01865293840814059,0.02656516477763906,0.029980340775026704,0.08572193621135042,0.11042637131344098,0.4815,False,False,2000,1.8528000541432978,1.0067431920907075,4.626615592959205
85,2022-12-27 06:00:00,0.02670546350280941,0.029254343479315464,0.03226282550700452,0.0931408697550658,0.11849628219354946,0.4355,False,False,2000,1.8836379751726635,1.4177598803380176,4.944733063503248
86,2022-12-27 12:00:00,0.02521663005717818,0.026803575543730473,0.03077850020541073,0.08652312515677958,0.1194957013495232,0.421,False,False,2000,1.931715900381381,1.3054005535803495,4.479081273788616
87,2022-12-27 18:00:00,0.032750731364537114,0.027707143124855442,0.030093253919504813,0.08666972697705937,0.1133911324865695,0.383,False,False,2000,1.931994294396557,1.695177437093133,4.486023961273135
88,2022-12-28 00:00:00,0.03516235932562556,0.02636691540634262,0.03059369580000874,0.08701715368659059,0.11840976114884114,0.3235,False,False,2000,1.9202316626670597,1.8311519390732076,4.531596649423549
89,2022-12-28 06:00:00,0.026204577255097936,0.026205586572394943,0.030120329578189636,0.08457078072992721,0.112083804833185,0.4005,False,False,2000,1.8928713060404634,1.384382402093308,4.467856872257927
90,2022-12-28 12:00:00,0.020429133093614486,0.02422968492600166,0.029563897991162068,0.08314672289570178,0.11619924743401276,0.432,False,False,2000,1.912807728194873,1.0680181176857524,4.346841643836717
91,2022-12-28 18:00:00,0.02931012979589888,0.023426845966021025,0.027948381234206572,0.07689989116793093,0.10527959713023838,0.3475,False,False,2000,1.9356438806614038,1.5142315220650864,3.972832602950418
92,2022-12-29 00:00:00,0.022215671576446366,0.02138981191502844,0.02716948012988663,0.07633552404877969,0.10431845315010091,0.379,False,False,2000,1.9083858884442924,1.1641079359770619,4.000004638003694
93,2022-12-29 06:00:00,0.03590055964304097,0.020581247819898316,0.02757000093457557,0.07679602342277618,0.10825315687301539,0.246,False,False,2000,1.9490150230730747,1.8419847573281096,3.94024789514908
94,2022-12-29 12:00:00,0.03352398969083077,0.020171704266962943,0.02697560445131781,0.07538298820723148,0.1060813910599235,0.256,False,False,2000,1.915112007769422,1.750497597781604,3.9362182421398892
95,2022-12-29 18:00:00,0.049764732008789524,0.021221664343680842,0.02771487237745457,0.07708708600285807,0.10751861892366509,0.1665,False,False,2000,1.9128746341136316,2.601567877021329,4.029907900293629
96,2022-12-30 00:00:00,0.059713855369402186,0.021830864992088146,0.028053957536171386,0.07919105924456926,0.10820472367543825,0.119,False,False,2000,1.884427548953391,3.168806113165093,4.202393415897145
97,2022-12-30 06:00:00,0.06132628107251538,0.022507812460799848,0.029107899838304772,0.08501472630155778,0.11276521147376264,0.118,False,False,2000,1.8912142894965462,3.2426934067234043,4.495245555922129
98,2022-12-30 12:00:00,0.06301863179258597,0.021778764825644774,0.02800084346711571,0.07961549982406482,0.10969498704862886,0.102,False,False,2000,1.8715996675610724,3.367099967201165,4.253874437144656
99,2022-12-30 18:00:00,0.07130780869938859,0.022651152512775143,0.02779429766574564,0.07762425652071309,0.10406227961793882,0.066,False,False,2000,1.8545327641757128,3.8450552115795533,4.1856503168988155
100,2022-12-31 00:00:00,0.07585640136365257,0.021790701813915434,0.027781795223212825,0.079554591079827,0.10367728803676822,0.0585,False,False,2000,1.8351385455714162,4.133551744456045,4.335072753597233
101,2022-12-31 06:00:00,0.08392061619604792,0.02238342182431543,0.028846241237938584,0.08171833556070984,0.11511881647275886,0.0465,True,False,2000,1.8236948638024775,4.601680788916082,4.480921517228151
102,2022-12-31 12:00:00,0.07641687457051353,0.022190911624655363,0.028946284230429234,0.08186019201823153,0.11567525442434318,0.0655,False,False,2000,1.795716946474986,4.255507791499143,4.558635601168885
103,2022-12-31 18:00:00,0.07209746096703883,0.020423873144078546,0.02717236659561067,0.07667402133507176,0.10987250770017071,0.0605,False,False,2000,1.7758825363021937,4.059810234812193,4.317516489278911
104,2023-01-01 00:00:00,0.07882492351647272,0.020903531565588888,0.027839359636900794,0.07923416603420937,0.10706433367837118,0.051,False,False,2000,1.7824084623279617,4.422382701971766,4.445342788079198
105,2023-01-01 06:00:00,0.08176254361007333,0.021813065629143445,0.02860601460551479,0.08073068114670821,0.11445346274529523,0.047,True,False,2000,1.7666892222788724,4.628009418917885,4.569602855366537
106,2023-01-01 12:00:00,0.06979084451147545,0.02059118444210579,0.027726902913048867,0.07951557483071915,0.1096854353175109,0.0735,False,False,2000,1.7424063892923052,4.005428638253655,4.563549314291436
107,2023-01-01 18:00:00,0.09144709987117237,0.022126128099118333,0.028791823198428237,0.08109511330494179,0.10966083118316784,0.0305,True,False,2000,1.6959866054920263,5.391970642636205,4.781589255618862
108,2023-01-02 00:00:00,0.09819668291575737,0.02061187108612584,0.02774925881362989,0.08109862133849403,0.1063851244518548,0.0165,True,False,2000,1.7500888553527383,5.6109541304384445,4.633971646093834
109,2023-01-02 06:00:00,0.10372512128549902,0.02106875499384802,0.028063155374437126,0.07980915315485343,0.10641521483604757,0.0115,True,False,2000,1.7623020402959455,5.885774340253294,4.528687553550751
110,2023-01-02 12:00:00,0.0971874624733949,0.020750245891174253,0.027665528673011978,0.07863550128867242,0.10893968206786107,0.02,True,False,2000,1.74662742081153,5.564292722957424,4.502133674973238
111,2023-01-02 18:00:00,0.08047884333220713,0.02147906362588198,0.02817588598466171,0.07954807348349535,0.10801983960902485,0.0485,True,False,2000,1.7287526746606006,4.655312729914199,4.601472185667781
112,2023-01-03 00:00:00,0.07778239043411962,0.020523740190633816,0.028239068420959378,0.08117353497222739,0.10687861757813426,0.059,False,False,2000,1.733811520802232,4.486207958644192,4.681796954184992
113,2023-01-03 06:00:00,0.0841328685822414,0.020765732337224892,0.027558812187959338,0.07649042578877013,0.11075259429249552,0.0345,True,False,2000,1.7625489322253225,4.773363567048245,4.339761829601885
114,2023-01-03 12:00:00,0.09099576747724407,0.01920265135165023,0.02654169271108525,0.07454230092000111,0.10743735052784696,0.0205,True,False,2000,1.751094554358783,5.19650793560745,4.25689753499902
115,2023-01-03 18:00:00,0.07627141228738939,0.020436437144925334,0.028195997882813132,0.07913554785106212,0.1139110095954207,0.055,False,False,2000,1.7207543792453095,4.432440399822815,4.598886907134851
116,2023-01-04 00:00:00,0.08375858751000792,0.019963915007984306,0.028567402312695257,0.08203464035770892,0.1133835371581409,0.047,True,False,2000,1.7056105733181137,4.910768543552297,4.809693469366681
117,2023-01-04 06:00:00,0.07248880018118675,0.018308742031008584,0.026234999530845543,0.07355949608740657,0.10284759773707196,0.0535,False,False,2000,1.7136536755780531,4.230072926300857,4.292553223310616
118,2023-01-04 12:00:00,0.07018446447142858,0.018093207785221794,0.026502200351752124,0.07223185526402692,0.10654944553435008,0.0545,False,False,2000,1.6897646643652644,4.153505275114293,4.274669531639175
119,2023-01-04 18:00:00,0.07243106030663324,0.018475241746279764,0.026817006785149432,0.07648386994377973,0.11134690944486333,0.0585,False,False,2000,1.6869803345279244,4.293533174285755,4.5337736533355955
120,2023-01-05 00:00:00,0.061457602031168394,0.018516985199589733,0.026194044059479556,0.07276325449582018,0.10286668644586797,0.085,False,False,2000,1.6872482340756032,3.642475409958827,4.312539970485442
121,2023-01-05 06:00:00,0.07487580456898879,0.02004064351313258,0.02762282561943579,0.0778419654730414,0.11392998284389343,0.058,False,False,2000,1.7082800921043602,4.3831105282478795,4.556744870634831
122,2023-01-05 12:00:00,0.08079773076557052,0.020779856319947075,0.028019521297103684,0.08080287735249467,0.11112844892238448,0.05,False,False,2000,1.7131471581048114,4.71633335077612,4.716633767871043
123,2023-01-05 18:00:00,0.08118466322250667,0.020049736840087096,0.028015055626225586,0.07919148467444644,0.11045602465578741,0.0465,True,False,2000,1.696323727952978,4.785918034671098,4.668418142686124
124,2023-01-06 00:00:00,0.09252069631257584,0.019201115714668867,0.02706302266679118,0.07783101489731381,0.10451040751021692,0.024,True,False,2000,1.698115901877683,5.448432360257127,4.583374716134073
125,2023-01-06 06:00:00,0.09568734802388426,0.01745430240646293,0.026438581337519664,0.07235372939275814,0.10380923131222156,0.018,True,False,2000,1.6617994814910608,5.758056196890141,4.353938618866234
126,2023-01-06 12:00:00,0.10322925565516723,0.018709283214096154,0.026725884001795205,0.07665915533065096,0.10629769743795324,0.0125,True,False,2000,1.6713844775429445,6.17627224867624,4.586566188729084
127,2023-01-06 18:00:00,0.08928194324475223,0.019286368358800838,0.02772670670632049,0.07699524647397742,0.1068053347792962,0.028,True,False,2000,1.6887019905357086,5.287015929698125,4.559433630415284
128,2023-01-07 00:00:00,0.08248442507678726,0.02131181025143929,0.029110688957755957,0.08168497718576434,0.1172045775426425,0.048,True,False,2000,1.7529458919628105,4.7054746786523864,4.659868713591607
129,2023-01-07 06:00:00,0.07714103490573888,0.0198208522760613,0.0272542419263155,0.07525917088942599,0.10628444935837304,0.0465,True,False,2000,1.7635587907373955,4.374168602198057,4.267460278880634
130,2023-01-07 12:00:00,0.08337489111570166,0.021112166574741405,0.02856231831890415,0.0793241189169243,0.11058791628434617,0.0455,True,False,2000,1.7662246861545499,4.720514426577668,4.491168056858606
131,2023-01-07 18:00:00,0.07622706856021426,0.020757642947733208,0.029149974080951175,0.08074723237098078,0.11249589399512383,0.06,False,False,2000,1.839724346969709,4.143396193335769,4.3890940783592445
132,2023-01-08 00:00:00,0.07611389082123256,0.021035118579927094,0.029027655133576757,0.0802614658203941,0.1128845379420191,0.0585,False,False,2000,1.8802119896263398,4.048154742187284,4.268745559714503
133,2023-01-08 06:00:00,0.06573958501579755,0.02112601292448317,0.02931393828893735,0.0827655447502814,0.11588221629636047,0.0965,False,False,2000,1.8696639333842593,3.5161177280027545,4.426760514145895
134,2023-01-08 12:00:00,0.08573067536279674,0.020147797528262058,0.028454314079074134,0.07896537015119198,0.11412703352304579,0.039,True,False,2000,1.8714830156994386,4.5808951854557005,4.219400843543315
135,2023-01-08 18:00:00,0.0844259257623037,0.019055420340169833,0.02734582220381906,0.07749420586451479,0.10534579343360077,0.0375,True,False,2000,1.8589687071839578,4.541546365790932,4.168666506597962
136,2023-01-09 00:00:00,0.0976874818574551,0.020423031191108245,0.02863453773784009,0.08084709799031478,0.11107860959941158,0.024,True,False,2000,1.8466351573253252,5.29002610342078,4.378076398556935
137,2023-01-09 06:00:00,0.1104299756730264,0.020121924849860116,0.027891716891868996,0.07809334552630723,0.10773508326601318,0.0085,True,True,2000,1.8435470291281006,5.990081832913907,4.2360376107812785
138,2023-01-09 12:00:00,0.10333383150588506,0.0196559247360801,0.028979427450313358,0.08059676330739317,0.1194623381635521,0.0225,True,False,2000,1.8607289330518029,5.55340596206058,4.331461819922663
139,2023-01-09 18:00:00,0.11316934582605902,0.01843212307879506,0.027524432305355243,0.07511520724755981,0.12084951663043154,0.0135,True,False,2000,1.8651166156917902,6.067682035210618,4.027373227796742
140,2023-01-10 00:00:00,0.11603396159233466,0.019184585939032283,0.028283755073128466,0.07891919482212424,0.11521523361212077,0.01,True,True,2000,1.8479796798077843,6.278963067624413,4.270566158516036
141,2023-01-10 06:00:00,0.11359252783568247,0.01938492909849021,0.027655185703569576,0.07795140361493921,0.10589236697783709,0.007,True,True,2000,1.8234714081283085,6.229465805130383,4.274890369405461
142,2023-01-10 12:00:00,0.11165050042013909,0.019419126426030196,0.027617914239446345,0.07957183281235265,0.10980738567351582,0.0085,True,True,2000,1.8120522605595504,6.161549688730396,4.391254851986519
143,2023-01-10 18:00:00,0.10925398190216651,0.02007297307844721,0.02835034258113991,0.08091754480956873,0.10793206157042647,0.0095,True,True,2000,1.8340745916823322,5.956899593813776,4.4119004306878224
144,2023-01-11 00:00:00,0.11226955185790598,0.017520805320072576,0.025904583422451312,0.07342190203522071,0.1027148517820582,0.005,True,True,2000,1.8068111095549049,6.21368505341783,4.063618031068432
145,2023-01-11 06:00:00,0.10736505858564285,0.018918146120294153,0.027534988700635907,0.07702645995656063,0.10873891370472294,0.0105,True,False,2000,1.71925826314037,6.24484761175622,4.480214613938531
146,2023-01-11 12:00:00,0.12411981421760837,0.018567421885876328,0.02776199416083022,0.07782003680800711,0.11327133859316016,0.0045,True,True,2000,1.7532340306967145,7.079477813254892,4.4386565310440815
147,2023-01-11 18:00:00,0.12754076010430057,0.0203756356089045,0.028626268065200428,0.08025941383312322,0.11487778783995331,0.0045,True,True,2000,1.7786729509234553,7.170557130139281,4.512319917579787
148,2023-01-12 00:00:00,0.12393899378968307,0.019337299946028848,0.027619095841752078,0.07795479941009599,0.10753874115863714,0.0035,True,True,2000,1.7984816633513925,6.891312617484692,4.3344784102402585
149,2023-01-12 06:00:00,0.12019674519326484,0.018661972425163195,0.028087132545110888,0.07953066725419478,0.11226435388430639,0.006,True,True,2000,1.744427132698503,6.890327657729626,4.559128080699281
150,2023-01-12 12:00:00,0.11568498457163316,0.01944044231194372,0.028228463157192477,0.07858153041647725,0.11221934239250958,0.009,True,True,2000,1.7264162009723456,6.700874592492674,4.551714144724711
151,2023-01-12 18:00:00,0.11328226966234209,0.019428881481122637,0.02766256177634239,0.07766944641367939,0.1105974909939629,0.0075,True,True,2000,1.7433357419655826,6.498017962656934,4.455220216279645
152,2023-01-13 00:00:00,0.14142204563996855,0.019079608115524734,0.027531937146989,0.07726149098751271,0.10281647575369544,0.0015,True,True,2000,1.740079927071642,8.12733044268638,4.440111617029861
153,2023-01-13 06:00:00,0.14125173771772734,0.019346480722267835,0.02741142736914136,0.07771462427396256,0.11014708582605649,0.0005,True,True,2000,1.7985863202964318,7.853486714746452,4.320872642974073
154,2023-01-13 12:00:00,0.13317640643508064,0.01973106483651312,0.0274377202713513,0.0774772666201945,0.10476596559851835,0.0005,True,True,2000,1.7799256998986448,7.4821329026635315,4.352837122617327
155,2023-01-13 18:00:00,0.1267271117653313,0.018915726576278196,0.027699589826716872,0.0782108751900776,0.11456390497800685,0.0045,True,True,2000,1.7590102648067845,7.204455499823443,4.4463001015328665
156,2023-01-14 00:00:00,0.12106717285350035,0.01890297663126512,0.027023451807471663,0.07581740117500804,0.10916521619363008,0.0055,True,True,2000,1.7619368729601985,6.871254850924231,4.3030713721104314
157,2023-01-14 06:00:00,0.10919344967915014,0.01764187639553009,0.02601626307198344,0.07308308075814364,0.10041494738305361,0.0055,True,True,2000,1.7656316353202457,6.18438452816603,4.1392031778411145
158,2023-01-14 12:00:00,0.11882673892515327,0.017955100506403924,0.025957858953858878,0.0722575391929531,0.10645304653166952,0.004,True,True,2000,1.761250133999379,6.746727033900976,4.10262788902525
159,2023-01-14 18:00:00,0.10435291892816244,0.016932455253548293,0.025543727800147152,0.07147412403432529,0.10134075998704284,0.008,True,True,2000,1.750954702362678,5.959772619323173,4.082008742880702
160,2023-01-15 00:00:00,0.1233968474758821,0.017921541846827288,0.0259602205316288,0.07316309007195575,0.10693627602655352,0.0035,True,True,2000,1.7495316864832369,7.053135900837794,4.181867104048976
161,2023-01-15 06:00:00,0.12861095258845615,0.0168395513348388,0.025696669214916954,0.07150575051420494,0.10406101746709405,0.002,True,True,2000,1.7775636386181188,7.23523759118062,4.022683011776368
162,2023-01-15 12:00:00,0.12435400488502744,0.016995010000899532,0.02504335788270846,0.06911291926841688,0.10310793018741006,0.0015,True,True,2000,1.7609258633643132,7.06185350968976,3.924805734659046
163,2023-01-15 18:00:00,0.11385551466054866,0.015922441866240075,0.02438493927520279,0.06823464805435824,0.09335657045724977,0.005,True,True,2000,1.7821937610151355,6.388503716660791,3.8286885268575883
164,2023-01-16 00:00:00,0.10861179760649207,0.016473100961691238,0.025147097663551263,0.07065172625384804,0.10093607837743272,0.007,True,True,2000,1.8244736596580264,5.953048268553788,3.872444300845142
165,2023-01-16 06:00:00,0.09858127824026343,0.01579457311673946,0.024430653705649903,0.06794281138471359,0.0927039530024681,0.0075,True,True,2000,1.8130382353407484,5.437352413129651,3.74745606906322
166,2023-01-16 12:00:00,0.09825382092865702,0.016526419964947855,0.02499100937624197,0.07258701698663392,0.10111645839851792,0.0115,True,False,2000,1.817058639972138,5.407300500228414,3.9947536854257457
167,2023-01-16 18:00:00,0.11092158238290399,0.01670434137331988,0.025320137843933468,0.071340328349236,0.10229526454932474,0.0075,True,True,2000,1.8189903175836049,6.097975415848017,3.921974056684721
168,2023-01-17 00:00:00,0.11332001287474483,0.016666080348007505,0.024982271705577184,0.07112669195170823,0.09710807245269445,0.0035,True,True,2000,1.8085928763797847,6.265645207094626,3.932708841255682
169,2023-01-17 06:00:00,0.1105755233232031,0.015986739607289597,0.02473940083923427,0.06893707278697443,0.09828491252973201,0.0055,True,True,2000,1.8093991774541411,6.111173515552546,3.80994275038691
170,2023-01-17 12:00:00,0.11319691632190806,0.015972070814222205,0.024332013334320432,0.06673278262264813,0.09937875341843568,0.0055,True,True,2000,1.80852223585066,6.259083470359685,3.689906670749866
171,2023-01-17 18:00:00,0.1393265733530474,0.017126099603148405,0.025405897513237272,0.07154324618041451,0.10105375939393528,0.0005,True,True,2000,1.7919956369159258,7.7749393180907695,3.992378368930765
172,2023-01-18 00:00:00,0.13697307175059883,0.01681129913462374,0.025565035525643803,0.07346502547111843,0.1005846692655958,0.0005,True,True,2000,1.7927701749025642,7.6403029048630415,4.097849601670845
173,2023-01-18 06:00:00,0.15452038193196022,0.016679615434328804,0.024802581047242353,0.06970129077591368,0.10193547559888444,0.0,True,True,2000,1.8003790544239333,8.582658277003897,3.8714786536003096
174,2023-01-18 12:00:00,0.1709309280847097,0.016516579449797147,0.02459248095191816,0.06852603215009773,0.09272980258190604,0.0005,True,True,2000,1.8055532006315789,9.466956056731998,3.795292884536853
175,2023-01-18 18:00:00,0.1664167246625795,0.018110592646181863,0.026564290843335673,0.0750472007110262,0.1078270320956341,0.0005,True,True,2000,1.8063657895516616,9.212792094777436,4.154595992966234
176,2023-01-19 00:00:00,0.17438350613339748,0.018505035738024447,0.026978951858905476,0.07536740365311824,0.10800926993822522,0.0,True,True,2000,1.797009789041426,9.704093277444994,4.194045247428578
177,2023-01-19 06:00:00,0.15999167831995795,0.017558731697289696,0.025899492735868633,0.07158850135091058,0.1072309109682062,0.0005,True,True,2000,1.7880823986386316,8.947668096379042,4.003646666698076
178,2023-01-19 12:00:00,0.1477051508938616,0.017883026462205413,0.026831240223209322,0.07597639995104118,0.11160566324253297,0.001,True,True,2000,1.7786206856165439,8.30447728896512,4.271647157004957
179,2023-01-19 18:00:00,0.14329116503411646,0.01834087893287542,0.026517551718928337,0.07548863930644079,0.1008961939144475,0.0005,True,True,2000,1.7952827418050479,7.981537486961296,4.204832896156599
180,2023-01-20 00:00:00,0.15747046543601464,0.019417500608770497,0.02739795146201449,0.07576526397402869,0.10929506892402756,0.0,True,True,2000,1.8057266029698817,8.720615024280127,4.19583251691687
181,2023-01-20 06:00:00,0.15472432970005878,0.0185467541014813,0.026344709663606847,0.07305414072967091,0.10427352619272923,0.0005,True,True,2000,1.806481347942308,8.564955839499765,4.044001938513453
182,2023-01-20 12:00:00,0.1527995783680981,0.019759673165511794,0.02759426032705425,0.07653079194001924,0.11144036124483804,0.0,True,True,2000,1.7978452797095958,8.499039383009626,4.256806345003236
183,2023-01-20 18:00:00,0.14487191798325025,0.019632129586377715,0.028001180269869155,0.0788381140189452,0.10893583486668541,0.001,True,True,2000,1.7382518876271362,8.334345500467883,4.535482721469442
184,2023-01-21 00:00:00,0.13986968549939596,0.018760946991547577,0.026659539007492097,0.07551792474211697,0.11092631838620996,0.0,True,True,2000,1.7363795842099228,8.055248217113693,4.349159908861672
185,2023-01-21 06:00:00,0.13389291541715498,0.018883570662310455,0.02686760848697419,0.07605343161471169,0.10593616388433838,0.0015,True,True,2000,1.731919219960973,7.730898408770597,4.391280536538273
186,2023-01-21 12:00:00,0.1394484210737625,0.0199270968475754,0.02829481262402976,0.07916109397878743,0.1111247424303875,0.001,True,True,2000,1.7335489611945873,8.044100524144913,4.5664181255219685
187,2023-01-21 18:00:00,0.14407219178878078,0.020238284461974648,0.027387959131582103,0.07574572689480603,0.10542270795494872,0.0005,True,True,2000,1.7129410779711696,8.41080838340463,4.421969200745672
188,2023-01-22 00:00:00,0.14079840947608374,0.019150406215197535,0.027563365829215765,0.07587468886244166,0.11246503986009428,0.002,True,True,2000,1.7022429283106142,8.271346417976822,4.457336118161657
189,2023-01-22 06:00:00,0.15095364952719895,0.018892819027825806,0.026275331814437947,0.07252654130069003,0.1014608236516677,0.0005,True,True,2000,1.6990979724036415,8.884340513552097,4.268532037507515
190,2023-01-22 12:00:00,0.17303413228449838,0.01981005620638119,0.02746759988702809,0.07811327180510036,0.10797371828392123,0.0,True,True,2000,1.6358158114515766,10.577849356459808,4.775187478826535
191,2023-01-22 18:00:00,0.18447797408310038,0.019108436620981373,0.02701028772801813,0.0739473291312431,0.10644497042843433,0.0,True,True,2000,1.6672517087801781,11.064794422557297,4.4352828515225005
192,2023-01-23 00:00:00,0.19542495158983464,0.019468881587234133,0.027008652089116108,0.07672847968932979,0.11024991182340928,0.0,True,True,2000,1.6718145936364794,11.689391415393278,4.589532833448497
193,2023-01-23 06:00:00,0.19723879735080943,0.02008947333026032,0.027797733296802796,0.08006900482824791,0.1090652589882164,0.0,True,True,2000,1.6701589305339193,11.809582534026015,4.794094942967572
194,2023-01-23 12:00:00,0.19776571233850637,0.01926913723411665,0.026934793576805872,0.07408912664680585,0.1066058838695102,0.0,True,True,2000,1.666564728637647,11.866668539191531,4.445619505422443
195,2023-01-23 18:00:00,0.20918396660041033,0.0202637893406622,0.02764544666868718,0.07829130145779514,0.10637074568149073,0.0,True,True,2000,1.6907711405415355,12.37210415913599,4.630508504700364
196,2023-01-24 00:00:00,0.20092974250710044,0.020733017537804422,0.028167070448668945,0.07867438872963425,0.11335666410589647,0.0,True,True,2000,1.6696340468618063,12.034358240643327,4.712073815067934
197,2023-01-24 06:00:00,0.21409936049267086,0.020095334226967857,0.027231709246113033,0.07833291871373645,0.10239997855330166,0.0,True,True,2000,1.6640785070478352,12.865941095080583,4.707285045866211
198,2023-01-24 12:00:00,0.22638756357138964,0.01930520732618519,0.026715953346524046,0.07427880569948306,0.10466586466743104,0.0,True,True,2000,1.6858382929044073,13.428782850896278,4.40604570510221
199,2023-01-24 18:00:00,0.2139170762845507,0.020561154968070195,0.028028045112886747,0.08163308520810152,0.10920502458678391,0.0,True,True,2000,1.668995960718932,12.817111683865573,4.8911493574219005
200,2023-01-25 00:00:00,0.2257052055382335,0.019412949807646122,0.026683883641159263,0.07434828808539702,0.10709532417231034,0.0,True,True,2000,1.679842354934365,13.43609445703328,4.425908649523364
201,2023-01-25 06:00:00,0.23181039803255152,0.019515171848720047,0.027061514389352163,0.07498163244377481,0.10249899294275663,0.0,True,True,2000,1.6634162391646994,13.935802270931138,4.507689096592419
202,2023-01-25 12:00:00,0.24191160753558033,0.020097761981848428,0.027533753095801364,0.07664903487514726,0.10925636208826937,0.0,True,True,2000,1.6540580884113865,14.62533929312727,4.633998975741148
203,2023-01-25 18:00:00,0.22235646271127338,0.019338821989306424,0.02710220775650911,0.07566052879515775,0.10800849520069443,0.0,True,True,2000,1.5990885602323397,13.905200014623711,4.731478335644191
204,2023-01-26 00:00:00,0.2316469405912571,0.0170712192567261,0.02544815138344389,0.07120572396490875,0.10267264941914313,0.0,True,True,2000,1.6791421685305903,13.795552570391955,4.240601260536537
205,2023-01-26 06:00:00,0.22740469488166284,0.01743568396889978,0.0251219195686787,0.07043134341106329,0.09981869413566859,0.0,True,True,2000,1.6279060626187527,13.969153386888017,4.326499239014011
206,2023-01-26 12:00:00,0.22610759918082446,0.016507337955531304,0.02431495375719312,0.0688911118946648,0.09487480196577357,0.0,True,True,2000,1.5551514125667247,14.539265910297539,4.429865242572256
207,2023-01-26 18:00:00,0.22904758501940006,0.01691747862067677,0.025269751435631028,0.07255852873094633,0.09855645821461197,0.0,True,True,2000,1.5153905196992863,15.11475636424413,4.788107605777079
208,2023-01-27 00:00:00,0.23354024110437563,0.017033920930078682,0.024853888880239136,0.07018536391852495,0.09757055943807345,0.0,True,True,2000,1.522643143512501,15.337818457293587,4.609442745502287
209,2023-01-27 06:00:00,0.22648313453924065,0.01885282498774934,0.027142511177628205,0.07611598252048565,0.10803514191141556,0.0,True,True,2000,1.5349846813164223,14.754748845115891,4.9587454159612605
210,2023-01-27 12:00:00,0.22601290967615326,0.017467213903763757,0.025239636157938845,0.06980325197832446,0.09546001552394244,0.0,True,True,2000,1.5394880827481565,14.68104314732305,4.534185925864262
211,2023-01-27 18:00:00,0.23075092274814138,0.01806278362538906,0.025795316575729206,0.07403171755209527,0.10238707279286939,0.0,True,True,2000,1.5751661767652783,14.649306603447116,4.699930625994328
212,2023-01-28 00:00:00,0.2382722623865231,0.017416709480307897,0.025805565022070986,0.07229150731242998,0.0979807761786703,0.0,True,True,2000,1.6001854593697036,14.890290434233547,4.51769555142095
213,2023-01-28 06:00:00,0.22887436851561935,0.01630028013138999,0.02442891033469954,0.0686431472152854,0.10106874237275382,0.0,True,True,2000,1.56918669992539,14.585540938277235,4.37444105398989
214,2023-01-28 12:00:00,0.21254205054308248,0.01769281465162553,0.02643791963578785,0.07520106483607161,0.10244067964119427,0.0,True,True,2000,1.5350374391210935,13.846049948122197,4.898972684283779
215,2023-01-28 18:00:00,0.2126537508376305,0.017744811984254108,0.026273142795358726,0.07412396138867575,0.10280337590043803,0.0,True,True,2000,1.488032949280042,14.290930247244807,4.981338714612422
216,2023-01-29 00:00:00,0.20365304511149823,0.018775131621103662,0.02734409709962453,0.07721408480720018,0.10818849769226022,0.0,True,True,2000,1.4956144698872038,13.616680582587392,5.162699770685123
217,2023-01-29 06:00:00,0.19245502400499548,0.017721253347793998,0.025228995126019234,0.07089823048694387,0.10129121319935336,0.0,True,True,2000,1.5248611355037256,12.621150839510348,4.649487670464052
218,2023-01-29 12:00:00,0.20756403615216928,0.01794093616583696,0.02581169783023047,0.07136801536695886,0.10364022323054335,0.0,True,True,2000,1.477167869769272,14.051485982063095,4.83140859123251
219,2023-01-29 18:00:00,0.21782711520977527,0.0172501611811451,0.025628648190219316,0.07285203371000086,0.1009116345663318,0.0,True,True,2000,1.476778938688674,14.750150445888524,4.933171228368873
220,2023-01-30 00:00:00,0.21864363856751237,0.017815883511381313,0.025191596133704502,0.07094801379704242,0.10322614148959322,0.0,True,True,2000,1.4509232572203632,15.069276578168822,4.889852957003569
221,2023-01-30 06:00:00,0.2216355581031947,0.018436917877816532,0.026971926129521435,0.07535900867919343,0.11166955204671405,0.0,True,True,2000,1.4869851467415813,14.905028378317223,5.067905946762617
222,2023-01-30 12:00:00,0.22028716137029541,0.01813723446509334,0.02641291524543455,0.0752755461868423,0.10222282971105072,0.0,True,True,2000,1.4819347747209084,14.864835155230224,5.079545164261287
223,2023-01-30 18:00:00,0.21416376992895916,0.016953539504215114,0.025501743981876473,0.07176588082208823,0.10253165873271822,0.0,True,True,2000,1.5068043896890948,14.213110301141906,4.76278681646899
224,2023-01-31 00:00:00,0.2068621481838624,0.015951862737127332,0.02492264872393572,0.0678193561999997,0.10127781779558212,0.0,True,True,2000,1.5136404843084115,13.666531143184807,4.48054586958188
225,2023-01-31 06:00:00,0.21202390688553843,0.01600372858468042,0.024458859698700465,0.06801030485770786,0.10119517099916886,0.0,True,True,2000,1.5011197460305343,14.124383310938448,4.530638214409609
226,2023-01-31 12:00:00,0.20803254990557396,0.01613217876059189,0.02473264305744313,0.07123347397552837,0.09571412451638811,0.0,True,True,2000,1.4570994421254366,14.277169003793027,4.888717400894875
227,2023-01-31 18:00:00,0.20137824034427143,0.01729300748142875,0.025718011488765805,0.07322684340291981,0.10461263803698395,0.0,True,True,2000,1.4578844423294068,13.813045430576748,5.022815339597012
228,2023-02-01 00:00:00,0.20543981769345443,0.015574710774948665,0.024544955695166334,0.0693033806369173,0.10117964869341196,0.0,True,True,2000,1.4536004638100941,14.133169519977132,4.767704906702027
229,2023-02-01 06:00:00,0.19170248025043918,0.015273352060031749,0.024215573366794065,0.06621897427187172,0.10048399338144154,0.0,True,True,2000,1.454059422918872,13.183950891471582,4.5540762109256905
230,2023-02-01 12:00:00,0.1763951691658431,0.01550585929552216,0.023910919465779043,0.0668925221772006,0.09173207106820998,0.0,True,True,2000,1.462262567022456,12.063166571037183,4.57459034278714
231,2023-02-01 18:00:00,0.17655973809974068,0.016935390040636357,0.025599001548635647,0.07232026285679886,0.102629480810456,0.0,True,True,2000,1.4872752864766003,11.871355606130992,4.862600993534138
232,2023-02-02 00:00:00,0.17376330427554085,0.01593897490860759,0.024736309432660922,0.07115033022112738,0.10033441904634398,0.0,True,True,2000,1.499919827690178,11.584839473929085,4.743608885462652
233,2023-02-02 06:00:00,0.16704964651881665,0.01697373003606715,0.02535999398854601,0.06961068358002374,0.10298280428639901,0.0,True,True,2000,1.4990434428214796,11.143749523656101,4.643673531502426
234,2023-02-02 12:00:00,0.1763056185210512,0.017641766634962096,0.02583833497902125,0.07075045263460555,0.10398062631266426,0.0,True,True,2000,1.536746051682367,11.47265797937395,4.603913090074371
235,2023-02-02 18:00:00,0.18148443032033731,0.0171716945499807,0.02532695606518126,0.07125649907648539,0.10640447714674031,0.0,True,True,2000,1.535591589399128,11.818535056665135,4.640328819746129
236,2023-02-03 00:00:00,0.17185051858131173,0.017913957016273404,0.02578868185660327,0.07195442589718339,0.10017943553072417,0.0,True,True,2000,1.5544881335845688,11.055119358488339,4.628817958954773
237,2023-02-03 06:00:00,0.17219471556519686,0.019074830049179467,0.026820118959680055,0.07593803620035906,0.10938796965147365,0.0005,True,True,2000,1.577313487426653,10.916962096490291,4.814390849104451
238,2023-02-03 12:00:00,0.17294397474138326,0.019145868905621824,0.02689425478036119,0.07696664161731732,0.10894234711394854,0.0,True,True,2000,1.5830096100795057,10.925011044796959,4.8620451276636105
239,2023-02-03 18:00:00,0.17274406606005072,0.018084444152013823,0.026080462001952732,0.07176193962423225,0.10743507030602299,0.0,True,True,2000,1.5894058142073169,10.868468236112703,4.515016805825769
240,2023-02-04 00:00:00,0.1739647187895442,0.017903971638276273,0.025827567418844892,0.06930393089841612,0.1026221417744285,0.0,True,True,2000,1.5486984528625223,11.232962651186106,4.474979023212611
241,2023-02-04 06:00:00,0.18586226809144873,0.02078761675454918,0.02832480180911713,0.0812194765011995,0.11008907466298494,0.0,True,True,2000,1.5506196402567085,11.986322323421547,5.237872292637377
242,2023-02-04 12:00:00,0.18024462217616416,0.019099535033950045,0.026579234768992654,0.07328534741568947,0.10299063959431548,0.0,True,True,2000,1.5720072456422511,11.465890038091036,4.661896286982341
243,2023-02-04 18:00:00,0.1886979576293226,0.016952022285212996,0.025419851166452838,0.07091025666909129,0.10012771516208988,0.0,True,True,2000,1.6100160979913736,11.720252851181966,4.404319730564037
244,2023-02-05 00:00:00,0.19696170369662155,0.016542021312926536,0.025392503446377335,0.07040072760699254,0.1055150172311249,0.0,True,True,2000,1.6240963487600824,12.127464226306039,4.334762999790008
245,2023-02-05 06:00:00,0.19269855958145704,0.018820571892039204,0.027215443879317777,0.07766996648124065,0.10658652957345988,0.0,True,True,2000,1.6385896381786362,11.760025517776976,4.740049898495282
246,2023-02-05 12:00:00,0.19897235479666098,0.01802124018857346,0.0264076785024651,0.07350809028401974,0.10417113043175416,0.0,True,True,2000,1.6336960016566235,12.179276597047199,4.499496247127986
247,2023-02-05 18:00:00,0.2020203944813332,0.018944978837433617,0.02632120457529992,0.07389876995564564,0.1042247966708216,0.0,True,True,2000,1.6497359027285785,12.24562029275121,4.479430303566823
248,2023-02-06 00:00:00,0.1963236631472154,0.019260016099681764,0.026815736256060718,0.07516287412952011,0.10830889057434431,0.0,True,True,2000,1.6806983015495855,11.681077024127836,4.472121740125563
249,2023-02-06 06:00:00,0.19649294892981106,0.020118447633617444,0.027954018415499923,0.0773055679696415,0.1132936573282778,0.0,True,True,2000,1.6618039420573283,11.82407526886421,4.6519066427256455
250,2023-02-06 12:00:00,0.20562813042468733,0.019727746947376786,0.027351019581654153,0.077962798872472,0.10861707139285699,0.0,True,True,2000,1.6579217948913871,12.402764174902371,4.702441279962753
251,2023-02-06 18:00:00,0.20579110245261586,0.020322284650622566,0.027610364541374104,0.07613028784976304,0.1086142568836418,0.0,True,True,2000,1.6017664245321654,12.847759779502315,4.752895720860096
252,2023-02-07 00:00:00,0.21080560229972573,0.020217119633273797,0.028146261993285085,0.07987518815226506,0.11200904115308902,0.0,True,True,2000,1.6145917251829096,13.056279120707407,4.9470827148712395
253,2023-02-07 06:00:00,0.20770067376157542,0.019790837471856667,0.02741375946303637,0.07821646186820667,0.10305176073113066,0.0,True,True,2000,1.6420150301047736,12.64913353127605,4.7634437221452135
254,2023-02-07 12:00:00,0.2011730349896043,0.021168465465690144,0.028705762358968864,0.0807100970317769,0.10915629047721583,0.0,True,True,2000,1.670351528262971,12.043754358629394,4.831922841757075
255,2023-02-07 18:00:00,0.19702097262717602,0.021570644420002047,0.028689610325982835,0.08153158450400105,0.1133239920008044,0.0,True,True,2000,1.6929817757363852,11.637512904796573,4.815857185972234
256,2023-02-08 00:00:00,0.18159395838232945,0.020461603770763632,0.027991306987299805,0.08032491977402316,0.10767060500219526,0.0,True,True,2000,1.6879621691009183,10.758177031837997,4.758691944903462
257,2023-02-08 06:00:00,0.1803237483622349,0.021031360669868014,0.028442155938023496,0.07925590445786905,0.11061210238389577,0.0005,True,True,2000,1.6800112555266833,10.733484538810629,4.717581754118804
258,2023-02-08 12:00:00,0.17063940707242173,0.02143329934589304,0.029154730985568193,0.083249376895223,0.11552821437986913,0.0,True,True,2000,1.692470724578258,10.082266392817099,4.918807497598973
259,2023-02-08 18:00:00,0.163582154474328,0.02099255913601643,0.027414994163956798,0.07772443460656497,0.10686762145754804,0.0,True,True,2000,1.681660349275535,9.727419365319504,4.621886615810911
260,2023-02-09 00:00:00,0.18352079495548,0.021969864120837634,0.028415645392185183,0.08210645198120152,0.10939257642385296,0.0,True,True,2000,1.6803631562176575,10.921496003790535,4.886232578796572
261,2023-02-09 06:00:00,0.18265304285465808,0.02185029475378188,0.02858493434029557,0.08103156876817186,0.10901411218680697,0.0,True,True,2000,1.7149716097780507,10.650499507586414,4.724951031618469
262,2023-02-09 12:00:00,0.181831566331492,0.022091264841257403,0.02901683134847456,0.08277102727829469,0.11525820664404113,0.0,True,True,2000,1.6944123671907918,10.731246410397432,4.8849399875145405
263,2023-02-09 18:00:00,0.18392057398535094,0.021410583234355525,0.027852161246810503,0.07987542051267578,0.10553727811493444,0.0,True,True,2000,1.6808587250089178,10.942060224863642,4.752060320372968
264,2023-02-10 00:00:00,0.18693875284953101,0.020476055394589823,0.027741353408071177,0.07635848287751296,0.11150919225117085,0.0,True,True,2000,1.6654049062085665,11.2248229936534,4.584980060575745
265,2023-02-10 06:00:00,0.16435197863990092,0.02096048075333195,0.02858973450436128,0.07978610067805127,0.10923345493834424,0.0005,True,True,2000,1.7233623679991275,9.536704624153899,4.629676390734073
266,2023-02-10 12:00:00,0.15933304022578856,0.021728566839252755,0.028277337212829715,0.07667882937075637,0.11368609203151354,0.0005,True,True,2000,1.6780472697559663,9.495146119987426,4.569527375823421
267,2023-02-10 18:00:00,0.16251515439281367,0.02050788676902999,0.028023093719530993,0.07907201948841334,0.1079127428976481,0.0,True,True,2000,1.6645365436469415,9.763387593566954,4.750392521582572
268,2023-02-11 00:00:00,0.1702428531597585,0.022285551831548914,0.029039072381483493,0.0834385882317824,0.10823736322389625,0.0,True,True,2000,1.6587633240203514,10.263239528779803,5.0301683804746755
269,2023-02-11 06:00:00,0.1719307574298757,0.025091459470407536,0.03120302195925919,0.08962884153315473,0.12040623209144954,0.0,True,True,2000,1.656492581260516,10.379204795414427,5.410760213906375
270,2023-02-11 12:00:00,0.1811532345028867,0.02341388181521139,0.029939623675901816,0.08314823142286112,0.12085680789801309,0.0,True,True,2000,1.6553366111201566,10.943588952599882,5.023040683344471
271,2023-02-11 18:00:00,0.1839412247879434,0.0223394717494843,0.02829842276899996,0.08127167964336467,0.11038576906836366,0.0,True,True,2000,1.64226454316621,11.200462529216713,4.948756884604999
272,2023-02-12 00:00:00,0.1886708909606341,0.02279852303350539,0.028833437902346038,0.0822445502910544,0.10878926418872167,0.0,True,True,2000,1.595249833382836,11.827043451905249,5.1555905896350565
273,2023-02-12 06:00:00,0.18299788955319618,0.022761113620870885,0.029075541126972453,0.08382533823240201,0.1113076327995924,0.0,True,True,2000,1.5819877205157125,11.567592287855474,5.298735075204995
274,2023-02-12 12:00:00,0.17731919615520525,0.022063072917244974,0.02820509600157009,0.07851243431600587,0.10859044239949982,0.0,True,True,2000,1.578460920091287,11.23367667189064,4.973986578740592
275,2023-02-12 18:00:00,0.19059239625229463,0.022334739300340536,0.030006329060993587,0.0842675356114167,0.11763996313523224,0.0,True,True,2000,1.6051334667841346,11.873928255582646,5.249877181879815
276,2023-02-13 00:00:00,0.1961232770682076,0.021561539723108012,0.02878449610253404,0.08117617396766826,0.10960142763660244,0.0,True,True,2000,1.6346915035135774,11.997571202068626,4.965840575618678
277,2023-02-13 06:00:00,0.20086046357540768,0.022151778914670565,0.029103241233819712,0.08528906916604388,0.1095271126783325,0.0,True,True,2000,1.6423346111683654,12.230179051789849,5.193160308870845
278,2023-02-13 12:00:00,0.20211183879580777,0.02211830922577175,0.028279559961976165,0.07941834722331231,0.10771009440677583,0.0,True,True,2000,1.6088948961555756,12.562153020607514,4.9362048082246375
279,2023-02-13 18:00:00,0.2160752020564716,0.021383534247517426,0.028921403442009632,0.08136611815608812,0.11373921285735938,0.0,True,True,2000,1.610175990013189,13.419353126405875,5.053243785818819
280,2023-02-14 00:00:00,0.23355822622124794,0.021462666721841054,0.028167411188979988,0.08023942088854613,0.10621040690435353,0.0,True,True,2000,1.6203214271019188,14.414314488143656,4.95206812342543
281,2023-02-14 06:00:00,0.2171720936106721,0.021110070071154906,0.027859800728253167,0.07872593118524933,0.10396472983642827,0.0,True,True,2000,1.6288324943245909,13.332991229446483,4.833273615277039
282,2023-02-14 12:00:00,0.2315388895074694,0.020696897093863832,0.028343457076515567,0.08042144579432593,0.11086909795193452,0.0,True,True,2000,1.6403762064757292,14.114987073905427,4.9026220617468965
283,2023-02-14 18:00:00,0.22348682905869266,0.02030865456848491,0.027218655498930044,0.07681344005889167,0.10268067057940732,0.0,True,True,2000,1.6375015450262058,13.648037752240171,4.690892676847055
284,2023-02-15 00:00:00,0.21902922915369122,0.020161448787522556,0.026929729912114894,0.07471495335479272,0.10561544619048811,0.0,True,True,2000,1.6113166908286374,13.593183165070613,4.636888190885042
285,2023-02-15 06:00:00,0.22211229635181237,0.020835966993747925,0.027621357487886453,0.07998383098705274,0.10538308824947823,0.0,True,True,2000,1.5879165863515885,13.987655161543442,5.037029758019236
286,2023-02-15 12:00:00,0.21273236909690627,0.022586425686487617,0.02823849176504335,0.07798782329315929,0.10649926724667415,0.0,True,True,2000,1.6082061814978055,13.227928828054722,4.849367213632098
287,2023-02-15 18:00:00,0.2128198713405621,0.021241572739372345,0.028373651336143932,0.0784827372273826,0.1117885064056491,0.0,True,True,2000,1.6273187988571112,13.077945851177317,4.82282496106492
288,2023-02-16 00:00:00,0.2101423306925745,0.02052406724468297,0.02784142125763446,0.07621373879860731,0.11019598389307564,0.0,True,True,2000,1.6282428021788606,12.906080740008125,4.680735495751653
289,2023-02-16 06:00:00,0.2163409954102178,0.020062222910821242,0.028017081107204245,0.07738427795959256,0.1110923433854541,0.0,True,True,2000,1.640794139315811,13.185139453291143,4.716269768726792
290,2023-02-16 12:00:00,0.20643138162368424,0.01959018035797133,0.02721645726869883,0.07693632402673983,0.10607335159377083,0.0,True,True,2000,1.6418410568127502,12.573164787608759,4.685978810646488
291,2023-02-16 18:00:00,0.20391171950936438,0.01988237585797375,0.02770815451811938,0.07755838256097146,0.11171177830558016,0.0,True,True,2000,1.664930800437982,12.247459140987885,4.658354722044225
292,2023-02-17 00:00:00,0.2021399717311266,0.020442747378624747,0.027921734792337314,0.08042576864605328,0.1086603052336305,0.0,True,True,2000,1.6457836018545875,12.282293462113774,4.886776642775134
293,2023-02-17 06:00:00,0.20020264354028508,0.018504476494347343,0.026438290131132955,0.07422307868799273,0.10534780851669523,0.0,True,True,2000,1.648957367431958,12.14116553250102,4.50121271501311
294,2023-02-17 12:00:00,0.18910300117175594,0.019239943912943765,0.02669554137285423,0.07526029461404544,0.10065147297972857,0.0,True,True,2000,1.6236452531867744,11.64681760382067,4.635267122934024
295,2023-02-17 18:00:00,0.19844180622869934,0.019191860114319306,0.02710770427819136,0.07530195071544803,0.11340898680773738,0.0,True,True,2000,1.6170742985861113,12.2716566828257,4.65667847057419
296,2023-02-18 00:00:00,0.22498153018258527,0.01929822536415392,0.027183020809791403,0.07812712777493097,0.10265976124807083,0.0,True,True,2000,1.6231352735213755,13.860922983608761,4.813346678458596
297,2023-02-18 06:00:00,0.24525172056668543,0.019628878548307284,0.02767273361431319,0.07798283513777715,0.10663047439009658,0.0,True,True,2000,1.623213214682304,15.109026857860211,4.804226236726392
298,2023-02-18 12:00:00,0.2432422292854328,0.017704714548147947,0.0271162247642452,0.07811555564345563,0.10853049444412155,0.0,True,True,2000,1.6731541655219246,14.537944816911457,4.66876019276372
299,2023-02-18 18:00:00,0.24310997705842124,0.01683132425483002,0.025478107782627865,0.06921394370307472,0.10523490677456207,0.0,True,True,2000,1.6945349877777154,14.346707433715839,4.084539074276938
300,2023-02-19 00:00:00,0.2531127466679772,0.01715730843466241,0.026235859344198094,0.0762162285993274,0.10401476234628151,0.0,True,True,2000,1.7244774153971072,14.677649263947663,4.4196710214251524
301,2023-02-19 06:00:00,0.251031682700314,0.018460671177961248,0.0263233982743051,0.07320903995204459,0.10373603231650465,0.0,True,True,2000,1.7376974193110086,14.446225212203355,4.212991234174228
302,2023-02-19 12:00:00,0.23404706510884238,0.017537871735795782,0.025913660254209468,0.07240989744473696,0.10081085821049045,0.0,True,True,2000,1.7405938388021767,13.446391679170047,4.160068582947946
303,2023-02-19 18:00:00,0.23459246899857975,0.016936104871265192,0.025118257203992505,0.07172191417401914,0.10025034932004258,0.0,True,True,2000,1.7258837590054972,13.592599604376515,4.155663079844226
304,2023-02-20 00:00:00,0.23473089317744875,0.01621295422722497,0.02465477390353521,0.06683383315650873,0.10007351333816654,0.0,True,True,2000,1.7119194697361333,13.711561631671202,3.904029035128046
305,2023-02-20 06:00:00,0.24308482700140527,0.016727410835974253,0.025271795188346918,0.07177119632254879,0.10359139291957456,0.0,True,True,2000,1.7108380890497799,14.208523211943305,4.195089925921124
306,2023-02-20 12:00:00,0.22022388106938243,0.01657424839236021,0.024927482251940455,0.0708281488007677,0.09610385125882218,0.0,True,True,2000,1.7073300214134746,12.898729496190912,4.148474396422203
307,2023-02-20 18:00:00,0.21005546191538432,0.017351186548311033,0.025899890600975486,0.0736474420541395,0.10395697447122965,0.0,True,True,2000,1.6788475998766825,12.511883861930867,4.386785438985003
308,2023-02-21 00:00:00,0.20643205918518245,0.017823597768022944,0.02589040822205014,0.0728778534537594,0.10141406239751351,0.0,True,True,2000,1.6797769744281421,12.289254009774691,4.338543423514285
309,2023-02-21 06:00:00,0.1945288527987349,0.018353493791589254,0.026410200292481097,0.0729913956555179,0.10354018001934878,0.0,True,True,2000,1.6967480255081722,11.464805019618277,4.30184061264236
310,2023-02-21 12:00:00,0.19296803412496435,0.017167318792767006,0.02556408446895278,0.07272991539366955,0.10356425167003301,0.0,True,True,2000,1.653896165402059,11.66748180216345,4.397489813152148
311,2023-02-21 18:00:00,0.18733029770429513,0.016851672516315634,0.024980479043072414,0.07089226300787196,0.09654580169719976,0.0,True,True,2000,1.6605317076348223,11.281344213000242,4.269250787679769
312,2023-02-22 00:00:00,0.17125706417504466,0.01697195140381937,0.025534970275275036,0.07241377913707046,0.10683933336900595,0.0,True,True,2000,1.6624442421345238,10.301522290766048,4.3558621276881775
313,2023-02-22 06:00:00,0.1712655502873051,0.01687926994484994,0.024929821355766806,0.07045876162039068,0.09698464194481311,0.0,True,True,2000,1.7389998033998995,9.848508893012276,4.051683127429775
314,2023-02-22 12:00:00,0.17353922325625,0.01713511188697476,0.0255252134905443,0.07080790605955753,0.10042867459977568,0.0,True,True,2000,1.7259640645411751,10.054625517500744,4.1025133439484955
315,2023-02-22 18:00:00,0.1732152243132016,0.016395414683688516,0.02455114762179084,0.07053488123627992,0.09598059583807812,0.0,True,True,2000,1.7122730457355362,10.116098290783643,4.1193711138506215
316,2023-02-23 00:00:00,0.17184401064495664,0.01604569726682482,0.02372537493269026,0.06669459300351055,0.09336832587186573,0.0005,True,True,2000,1.709541265891892,10.052053967548023,3.901315185200577
317,2023-02-23 06:00:00,0.1812298188904486,0.01756864629202262,0.025824669309252698,0.07313264724267006,0.09869232036359776,0.0,True,True,2000,1.7175210701236212,10.55182507178234,4.258034938541175
318,2023-02-23 12:00:00,0.18772379270864487,0.01789024441162343,0.02595473263949863,0.07234805279904419,0.09884000205831403,0.0,True,True,2000,1.6961859519830924,11.067406406070512,4.265337341961747
319,2023-02-23 18:00:00,0.18797268836716066,0.016206857824421696,0.02446008166071962,0.06834182063439619,0.09612250658871921,0.0,True,True,2000,1.685945894356433,11.14939032126618,4.053618853556622
320,2023-02-24 00:00:00,0.1771498872107583,0.01808055209488936,0.02660890202856807,0.07557135866743782,0.10703169428571108,0.0,True,True,2000,1.6484969185591243,10.746146093230003,4.584258412414339
321,2023-02-24 06:00:00,0.17850050402825537,0.01607744716290577,0.024520235549412458,0.06876349050313214,0.09973915700282258,0.0,True,True,2000,1.6546215182242807,10.787996049986095,4.155844085536145
322,2023-02-24 12:00:00,0.17487982282671882,0.017795015460140146,0.025756382977678495,0.07334769981592879,0.1002163773236588,0.0,True,True,2000,1.6312008935631301,10.720924903659066,4.496546078742698
323,2023-02-24 18:00:00,0.17841226544773642,0.017106530478906007,0.025213007621602085,0.07116585164139504,0.10407650113437879,0.0,True,True,2000,1.6505187682098663,10.809466022688147,4.311726289461143
324,2023-02-25 00:00:00,0.17727361489378124,0.017257114631553664,0.024537657449287736,0.06777269175461387,0.09997511034349604,0.0,True,True,2000,1.6442465386837086,10.781449784026703,4.121808388228013
325,2023-02-25 06:00:00,0.16051915145654302,0.017774349896909264,0.02562313411470636,0.07110305034682823,0.10006504499858787,0.0,True,True,2000,1.581644752948523,10.148875160322893,4.4955133075412155
326,2023-02-25 12:00:00,0.1583037380653171,0.018232483751894558,0.025969170587249096,0.07312956267338201,0.10441518264642495,0.0,True,True,2000,1.570462181565929,10.080073237260024,4.656563114462491
327,2023-02-25 18:00:00,0.1570268967495456,0.017742530357255405,0.026068800196733403,0.07441340973155702,0.10000582644031232,0.0,True,True,2000,1.5969572727961707,9.832880279545705,4.659699479702664
328,2023-02-26 00:00:00,0.16095029861462087,0.01840888060076452,0.026731453476685808,0.07627437507360992,0.10289492490406306,0.0,True,True,2000,1.5955207737566146,10.087634160705242,4.780531618778223
329,2023-02-26 06:00:00,0.14896809694639407,0.018709057652146283,0.026093490065848317,0.0735769278422886,0.10266477840869886,0.001,True,True,2000,1.5901351039321285,9.368266669795654,4.6270865702131605
330,2023-02-26 12:00:00,0.16104973301993092,0.02034273954690373,0.027213883548579818,0.07655653467969861,0.1054151548793455,0.0,True,True,2000,1.5576979941916664,10.338957462900513,4.914722556308225
331,2023-02-26 18:00:00,0.15968419165717543,0.021894348552724395,0.029770290261253513,0.08272416996750163,0.11480235290286253,0.0015,True,True,2000,1.5585442418969488,10.245727221886188,5.307784517352916
332,2023-02-27 00:00:00,0.16099289850163925,0.021898694041314115,0.028465068958379733,0.08048952072051263,0.10698985437372178,0.0,True,True,2000,1.5541634633318262,10.358813747718761,5.178961069381894
333,2023-02-27 06:00:00,0.15957694295519195,0.021710787837026957,0.028090871017062712,0.07859659044656507,0.10714079462295158,0.001,True,True,2000,1.5426151447507686,10.344572559021122,5.095022612348556
334,2023-02-27 12:00:00,0.15976514106251777,0.02117464893764434,0.02736293873951744,0.07873795139082777,0.10391150459509738,0.0,True,True,2000,1.542156846132292,10.359850326716542,5.105703196682066
335,2023-02-27 18:00:00,0.14774302840292616,0.019971983402093094,0.02743186869048839,0.07905680985287586,0.10972886367331297,0.0,True,True,2000,1.5409413390911453,9.587842486597557,5.13042306331427
336,2023-02-28 00:00:00,0.1532908748425998,0.020569170868360864,0.027850908309025656,0.07838616674143402,0.10735622410412705,0.0005,True,True,2000,1.5484969936919417,9.89933306083612,5.062080653740564
337,2023-02-28 06:00:00,0.13724395723926128,0.020141167139878555,0.027165621666614948,0.07563322872921162,0.1080617039638703,0.001,True,True,2000,1.5241430612041134,9.00466371777692,4.962344457970984
338,2023-02-28 12:00:00,0.12654295931462062,0.020024796015440962,0.027946647555972513,0.07961096916179111,0.1064010975160828,0.0015,True,True,2000,1.5307406785146096,8.266779676712751,5.200813585162152
339,2023-02-28 18:00:00,0.13640984943720436,0.0204867491377209,0.027869891247905065,0.0778391019273953,0.11458889165084439,0.003,True,True,2000,1.5447296392958871,8.830661752524033,5.03901135494983
340,2023-03-01 00:00:00,0.11674340743647708,0.019757069303194937,0.026921858384500445,0.07449251914152138,0.10566692623384932,0.006,True,True,2000,1.5548278579107544,7.50844582842418,4.791046080279145
341,2023-03-01 06:00:00,0.10862397808621092,0.02130461726675639,0.02794742673505085,0.07779373969896074,0.11424826238344951,0.0125,True,False,2000,1.5201416229951272,7.145648566098049,5.1175323747588815
342,2023-03-01 12:00:00,0.10777942083127094,0.02121700260455333,0.027614781746213797,0.07741863030002609,0.11181781871702488,0.0125,True,False,2000,1.5382227167147529,7.006750040817236,5.03299226170397
343,2023-03-01 18:00:00,0.11045999272572532,0.022517749912630322,0.02901853789620587,0.08143056962653812,0.11254132742426763,0.013,True,False,2000,1.5528392532337219,7.113420947834561,5.243979340228708
344,2023-03-02 00:00:00,0.10369023479139582,0.01992694314457273,0.02663562075006185,0.07471887213222775,0.10493736650368626,0.011,True,False,2000,1.5513699915272623,6.6837850002059715,4.816315420583195
345,2023-03-02 06:00:00,0.09148117669833811,0.02104821351080659,0.027797760183924,0.0786296130522495,0.10674401043401215,0.026,True,False,2000,1.5727385692993023,5.816680437810809,4.999534861492023
346,2023-03-02 12:00:00,0.08308259752745444,0.022178157422567353,0.028512781702240756,0.0796649898660766,0.11312421405805159,0.044,True,False,2000,1.5958232191800534,5.20625320705278,4.992093667305399
347,2023-03-02 18:00:00,0.09205191762671822,0.02107306273969273,0.0275335722459474,0.07722799680437817,0.11456344878814392,0.023,True,False,2000,1.5927554727536561,5.779413048732023,4.848703904991865
348,2023-03-03 00:00:00,0.09674881505513622,0.01986690421938243,0.025841637042646193,0.07502589671864521,0.09686635365692686,0.0105,True,False,2000,1.568928111967711,6.166555007660373,4.781984346277636
349,2023-03-03 06:00:00,0.08784370809084942,0.019305120353005127,0.02614539312757601,0.07734204009882305,0.09647287140124083,0.022,True,False,2000,1.6127283141924746,5.446900591860354,4.795726559656129
350,2023-03-03 12:00:00,0.0883344592998948,0.019402292119959814,0.025787106973115613,0.07250376384754621,0.09867879096289663,0.02,True,False,2000,1.5659639838237447,5.640899804362115,4.629976461559973
351,2023-03-03 18:00:00,0.0996977469041774,0.018428041883865192,0.025046269150371222,0.07024243110381856,0.0989845668225003,0.009,True,True,2000,1.5126337223965576,6.591003851627756,4.643717118280902
352,2023-03-04 00:00:00,0.09932258371558932,0.018999864859190686,0.026071757135843365,0.07480901458796725,0.09921058139235689,0.01,True,True,2000,1.4474060732658929,6.862109089502449,5.1684883716958545
353,2023-03-04 06:00:00,0.10050563568159655,0.018953682329870977,0.025351966400473325,0.072044714026432,0.09744802567514894,0.008,True,True,2000,1.4198519856018912,7.078599509017913,5.074100311652657
354,2023-03-04 12:00:00,0.10388327985704612,0.019568976575503463,0.026926474050568784,0.07448527012651561,0.10866610410125126,0.012,True,False,2000,1.3634212209201262,7.619309298042087,5.463115065514974
355,2023-03-04 18:00:00,0.09276611427309592,0.02046445274212472,0.027003449850397307,0.07711781755072067,0.10839887716950596,0.0235,True,False,2000,1.3414750940278106,6.9152319477332576,5.748732711777198
356,2023-03-05 00:00:00,0.10342924007144405,0.020437573098841037,0.02781745359244771,0.0775167920654725,0.10872214329129451,0.0135,True,False,2000,1.358232257054921,7.614989228404243,5.7071823808362145
357,2023-03-05 06:00:00,0.09749294319469456,0.01970742315099148,0.02663362596806357,0.07612686964417409,0.10258633959408192,0.0125,True,False,2000,1.3201050559233038,7.385241254644415,5.766728132931032
358,2023-03-05 12:00:00,0.07703730428758869,0.020345711657278782,0.026957151404692768,0.07642823115444114,0.1031647052197844,0.0495,True,False,2000,1.3028226857847292,5.913107372795463,5.8663571020338905
359,2023-03-05 18:00:00,0.06016516778811402,0.0205824281722228,0.02732020377968956,0.0761899551576633,0.11409057381372442,0.102,False,False,2000,1.2824797038507572,4.691315395281722,5.940831260634871
360,2023-03-06 00:00:00,0.07055439243300446,0.019210791356306926,0.026002535331732152,0.0715731742506496,0.10032378295786433,0.054,False,False,2000,1.2512997783467192,5.638488366570679,5.719906251818865
361,2023-03-06 06:00:00,0.05618731582473305,0.019442416804023466,0.026463209789744545,0.07418651079442835,0.10901981098595764,0.1075,False,False,2000,1.2649438664407533,4.4418821510894855,5.864806554868817
362,2023-03-06 12:00:00,0.04162256790226988,0.018942544025301072,0.025302220206790297,0.06788633690252488,0.09917954958435828,0.1865,False,False,2000,1.2558029353676805,3.314418745970156,5.405811293365767
363,2023-03-06 18:00:00,0.0397235393649437,0.018729683925298272,0.02622604046473604,0.07446924493667247,0.10206151285922509,0.196,False,False,2000,1.2793815869392198,3.1049016001533927,5.820721956365808
364,2023-03-07 00:00:00,0.04272483492106225,0.017506286307830025,0.024538046952178406,0.0697383458387241,0.09805000668864114,0.161,False,False,2000,1.2782512037640261,3.3424443329489364,5.455762187695798
365,2023-03-07 06:00:00,0.04504814470632724,0.018923749286529314,0.0260246409110989,0.07295106600346082,0.10289725159554979,0.1745,False,False,2000,1.278116306019534,3.5245731937042315,5.707701690361337
366,2023-03-07 12:00:00,0.04839373248872027,0.018389605767169394,0.02534453336044621,0.07072928377865481,0.09686387023426661,0.1415,False,False,2000,1.2890951970009263,3.7540852375610467,5.486738601090606
367,2023-03-07 18:00:00,0.030918298758126364,0.019940180630045056,0.027407833541405174,0.07525080611526694,0.10700179546902738,0.273,False,False,2000,1.360821297939817,2.2720322502987265,5.529808082015699
368,2023-03-08 00:00:00,0.03462500770818247,0.01929205019155819,0.02621111023039223,0.07649915689656356,0.1017505800705723,0.24,False,False,2000,1.368784717263513,2.529616766718809,5.588837742833759
369,2023-03-08 06:00:00,0.04953379315886515,0.0203160475308009,0.028079918309488004,0.07998067130757144,0.11273347176217932,0.154,False,False,2000,1.4268740177832926,3.4714903026840402,5.605307147706333
370,2023-03-08 12:00:00,0.056214815509007726,0.021690177718061653,0.028526249918956137,0.07986220369346411,0.10828546947099983,0.138,False,False,2000,1.4786552959839463,3.8017525559667726,5.401002107142297
371,2023-03-08 18:00:00,0.055454735622943854,0.020827263670722625,0.027626447069566594,0.07743525563502839,0.10825188846615424,0.13,False,False,2000,1.4428751354929397,3.84334959130046,5.3667329715660825
372,2023-03-09 00:00:00,0.04236741639741223,0.02079861279995047,0.02784516910608461,0.07797227121206796,0.10593402998115764,0.214,False,False,2000,1.439862241115832,2.9424631876296226,5.415259111985795
373,2023-03-09 06:00:00,0.05349552916551348,0.018271215319580657,0.026526287250153612,0.076709983345078,0.10713032555157713,0.117,False,False,2000,1.4633900093871741,3.6555893386149245,5.241937067562867
374,2023-03-09 12:00:00,0.04073049759240713,0.019467472498109123,0.02699894229071026,0.07487164566987634,0.1068460336490072,0.1935,False,False,2000,1.4924494874417553,2.7291039284836556,5.016695459369662
375,2023-03-09 18:00:00,0.05492863902270898,0.018298062572838638,0.02681791324391945,0.07633400212483434,0.10693417499104838,0.1215,False,False,2000,1.488416402449672,3.6904080694290986,5.128538089153141
376,2023-03-10 00:00:00,0.05542942447871679,0.018756594181092896,0.026999937912567506,0.0759835886447443,0.10698744539410075,0.1175,False,False,2000,1.5120782922056266,3.6657774114238117,5.025109416385388
377,2023-03-10 06:00:00,0.06500718084788537,0.018357882867524725,0.026170035670783985,0.07456358152873453,0.10180084727214593,0.0855,False,False,2000,1.499323706714594,4.3357668898821675,4.973147639486247
378,2023-03-10 12:00:00,0.060479308649922965,0.01803806109641463,0.025925587254406305,0.07257804602694362,0.10726883441334509,0.0785,False,False,2000,1.4756275121872247,4.098548458227002,4.918453026086915
379,2023-03-10 18:00:00,0.05753441566901135,0.017650492409064522,0.024904000927105832,0.06918161817722118,0.10010175411483649,0.0885,False,False,2000,1.5038169889115438,3.8258921194030737,4.6004014243311975
380,2023-03-11 00:00:00,0.058987207270766416,0.017768380634790398,0.02599226484431188,0.07448383042872056,0.0980610470396926,0.099,False,False,2000,1.527311519902786,3.8621595203132477,4.876793598300201
381,2023-03-11 06:00:00,0.06581384766496272,0.018063049590188826,0.026115441515234636,0.07446666847858491,0.10427180269210679,0.0725,False,False,2000,1.4928074598076493,4.408729821958617,4.988363903820527
382,2023-03-11 12:00:00,0.07116566751367598,0.016955600572668813,0.02543550119999622,0.07450266682453484,0.10363924166169461,0.0545,False,False,2000,1.5111974692986343,4.709223576631905,4.9300417938836585
383,2023-03-11 18:00:00,0.08873195933003619,0.017421181123473788,0.025402920375702253,0.07148988828341372,0.09435090108701474,0.017,True,False,2000,1.5549500687185285,5.706418560639849,4.597568096982705
384,2023-03-12 00:00:00,0.09130457685228997,0.019030063698819495,0.027020983554154943,0.07527149917160443,0.10821038478033704,0.0265,True,False,2000,1.5309310888520986,5.963989987344936,4.916713738437663
385,2023-03-12 06:00:00,0.10209162163391042,0.02019294756795349,0.027915413184431782,0.07783957893031614,0.11351257069580357,0.017,True,False,2000,1.5454460885830055,6.605964607119786,5.036706197994004
386,2023-03-12 12:00:00,0.09516497513459962,0.019125974530990273,0.02677039497509838,0.0761625373233274,0.10203018227874287,0.015,True,False,2000,1.554905059361249,6.120307768095703,4.898211428716732
387,2023-03-12 18:00:00,0.10890625623114544,0.020382287875670087,0.028681975664397848,0.08035193494280927,0.11313637000054264,0.0135,True,False,2000,1.5615471185850183,6.974253606245956,5.145661887911487
388,2023-03-13 00:00:00,0.11756326008263034,0.019582356722516684,0.02796378315313595,0.08045620233665189,0.111464002821075,0.0075,True,True,2000,1.5860139966808835,7.412498271053079,5.0728557569495525
389,2023-03-13 06:00:00,0.09832573601018797,0.018408192811697317,0.026733891466970434,0.07537341332039989,0.10638770235439976,0.016,True,False,2000,1.6106810097369078,6.104606400385183,4.679599055601429
390,2023-03-13 12:00:00,0.09154301540558904,0.01838939568678146,0.026332526748311155,0.07271998029070342,0.10166213630755895,0.0175,True,False,2000,1.6204544433611237,5.6492186979173455,4.487628799972227
391,2023-03-13 18:00:00,0.08492196807143593,0.016769987138989025,0.02569381719094583,0.0730533681421077,0.10650200242232986,0.0315,True,False,2000,1.596731701240869,5.318487007268689,4.575181170721148
392,2023-03-14 00:00:00,0.09759157013996725,0.017869332425472912,0.026711320388100906,0.07540087843464784,0.10546345245096814,0.017,True,False,2000,1.6058518199999123,6.077246289135978,4.695382070473473
393,2023-03-14 06:00:00,0.10691140480937036,0.018631110977160446,0.027450521679795677,0.07943639117662737,0.10987562515212768,0.0135,True,False,2000,1.6126625171181155,6.629496480170246,4.925791375035057
394,2023-03-14 12:00:00,0.08846888357564128,0.018595671826945322,0.027222604992263224,0.0753545900845622,0.10751295035078547,0.0275,True,False,2000,1.5936261526789455,5.551420163814566,4.728498585310508
395,2023-03-14 18:00:00,0.07510670620450823,0.017574621663514176,0.026685794855121993,0.07591687770021116,0.10648237554596268,0.054,False,False,2000,1.561114597255181,4.811094991781133,4.86299198237538
396,2023-03-15 00:00:00,0.07467286324355242,0.018632959471684286,0.02696552564971691,0.07514308577777551,0.10559162621960648,0.0515,False,False,2000,1.6263908742826714,4.591323305136429,4.620235330016702
397,2023-03-15 06:00:00,0.09419696447098608,0.01939131654905213,0.027875425157969237,0.07753317465650228,0.11487616278954829,0.0255,True,False,2000,1.626767057163641,5.790439636466682,4.766089546445924
398,2023-03-15 12:00:00,0.07201617096330173,0.01887634128200281,0.027000525283671133,0.07675756887310793,0.11174337941314225,0.0605,False,False,2000,1.6565490874126587,4.347361120205789,4.633582515384107
399,2023-03-15 18:00:00,0.09393186991217779,0.020176522734903737,0.02828301892298616,0.07949823704377271,0.11044745251374952,0.0285,True,False,2000,1.6434226127899367,5.715624768769335,4.8373581101463285
400,2023-03-16 00:00:00,0.09915530023083065,0.019683086487882296,0.02789392580155662,0.08073898492570644,0.10584639067006392,0.0175,True,False,2000,1.65985462076783,5.973734024065465,4.864220270589572
401,2023-03-16 06:00:00,0.09663074347286349,0.017893105549727763,0.026612907192145444,0.07593794299838241,0.10600923750825471,0.019,True,False,2000,1.664824886464886,5.8042587096382645,4.561317146071151
402,2023-03-16 12:00:00,0.09999125827039072,0.01819476207454975,0.027189384329018025,0.07477127357378167,0.11237176063320566,0.0165,True,False,2000,1.6590865702392923,6.026886123004953,4.506773480964125
403,2023-03-16 18:00:00,0.11366031708314153,0.0186311166512196,0.02715101015177659,0.07509248591267365,0.11200650141146046,0.0095,True,True,2000,1.6583817108932266,6.8536885287960985,4.528058010976727
404,2023-03-17 00:00:00,0.13796920024451867,0.01891048223379381,0.026536638476948458,0.07729185852487633,0.09617674320985109,0.001,True,True,2000,1.651839311484262,8.35245893987995,4.679139065616839
405,2023-03-17 06:00:00,0.13618729952354552,0.01758007529864428,0.025772810114444013,0.0680518607593182,0.10472838977337436,0.003,True,True,2000,1.6108013928734704,8.454630106856577,4.2247207545507575
406,2023-03-17 12:00:00,0.1218070022692883,0.018695119782110806,0.027013213643639684,0.07769608360066615,0.10685871440317041,0.0045,True,True,2000,1.6288478853414965,7.478107892423044,4.77000242317758
407,2023-03-17 18:00:00,0.13515974037167705,0.018299524329280465,0.026755977204193593,0.07621999914975514,0.1066364006031462,0.0015,True,True,2000,1.614899827333674,8.369543304418848,4.719797343442678
408,2023-03-18 00:00:00,0.130251528860981,0.01911491710948846,0.026953740103338276,0.0754308689427433,0.10634104713082687,0.0025,True,True,2000,1.5942918405162656,8.1698673700044,4.731308724399993
409,2023-03-18 06:00:00,0.12256455691634413,0.018624814665188234,0.026415712150274426,0.07552063409956526,0.10412050673307047,0.0045,True,True,2000,1.5685527122526182,7.813862802247024,4.81466982331178
410,2023-03-18 12:00:00,0.1182782215625417,0.019544347514336324,0.027369106416287474,0.07570455294040651,0.10987203926937679,0.0065,True,True,2000,1.5812627961917143,7.479985100983903,4.787600968209208
411,2023-03-18 18:00:00,0.12776200051497266,0.017690239701282882,0.02609694346366131,0.07234935448724078,0.10641747032770137,0.0015,True,True,2000,1.5512023121193281,8.23632091808953,4.664082429608654
412,2023-03-19 00:00:00,0.1231943872919341,0.01831298710193117,0.026036125298786995,0.07124421987324746,0.1024930201716781,0.004,True,True,2000,1.5535783487006296,7.929718343137989,4.585814415657516
413,2023-03-19 06:00:00,0.12560595786037307,0.01995219487543742,0.026966516260527033,0.07869273181322087,0.1021257638386079,0.0015,True,True,2000,1.4923345112412312,8.416742822351662,5.273129530976881
414,2023-03-19 12:00:00,0.11178871312879378,0.01959781666319919,0.02678239744981147,0.07732834106130201,0.1074972853302573,0.006,True,True,2000,1.513425753216753,7.386468275116195,5.10949023412231
415,2023-03-19 18:00:00,0.09019803011161137,0.01872577272836506,0.02652460032057341,0.07576716162803869,0.1024766673656195,0.026,True,False,2000,1.489915593971352,6.053902011401171,5.085332480216697
416,2023-03-20 00:00:00,0.09195596643653724,0.019319087240193565,0.026688004482835294,0.07613599416352727,0.10434520157684277,0.0225,True,False,2000,1.4532495945023403,6.32760998416292,5.239017058841826
417,2023-03-20 06:00:00,0.09101323173403023,0.01936984054162874,0.02653121172824285,0.07526427207447543,0.0984036181854002,0.019,True,False,2000,1.4038143743450082,6.483281080270686,5.361411982235347
418,2023-03-20 12:00:00,0.1053475664655572,0.01962341720488743,0.02712048970108178,0.0780973100837157,0.10661058433573353,0.012,True,False,2000,1.4248977419852935,7.393342228108078,5.480906298223452
419,2023-03-20 18:00:00,0.11119818076166993,0.021313888282840636,0.027948574699098408,0.07857326928145747,0.10678054947560908,0.0095,True,True,2000,1.4520690313648545,7.6579128374599765,5.411124924798064
420,2023-03-21 00:00:00,0.10431122776531683,0.02037083591121036,0.02792148404726787,0.07946325518132323,0.11107299511970614,0.017,True,False,2000,1.443948764765221,7.224025554831741,5.5031907724401545
421,2023-03-21 06:00:00,0.10015443972130889,0.020475699902542326,0.027290086851368755,0.07689648941194206,0.1077386547818248,0.0135,True,False,2000,1.4725652700872656,6.801358266134691,5.221940987877916
422,2023-03-21 12:00:00,0.10352254100842487,0.019832838243797613,0.02791132416431999,0.07873159232302623,0.10783959549621022,0.013,True,False,2000,1.5209845752685214,6.806284737644268,5.176357052084279
423,2023-03-21 18:00:00,0.10463901059461175,0.020636490048276605,0.028917116483919064,0.0810837803399061,0.11709017602564047,0.0165,True,False,2000,1.580192913548737,6.621913672528594,5.131258319454885
424,2023-03-22 00:00:00,0.0822217839141201,0.02006764369999072,0.027986529175558224,0.0770117476090451,0.1138048819878705,0.0425,True,False,2000,1.6356154719368166,5.026962958277538,4.708426212051633
425,2023-03-22 06:00:00,0.08734924519487418,0.019851384476179592,0.027125761807183242,0.07697439743070153,0.1092349984543726,0.03,True,False,2000,1.6568862729025606,5.271891416050803,4.645726063977615
426,2023-03-22 12:00:00,0.08491785804224009,0.021200839190196313,0.02852522739790554,0.08050312321402237,0.11546546073155432,0.0425,True,False,2000,1.726985893132869,4.917113589630623,4.661481227735119
427,2023-03-22 18:00:00,0.08953937821877138,0.020608471343681878,0.028797363448043452,0.08069792099113644,0.11197009217752585,0.0305,True,False,2000,1.7510705483147397,5.113407812434834,4.608490564175241
428,2023-03-23 00:00:00,0.09460419161605778,0.02201236376388997,0.02902060602827631,0.08149443833879083,0.11458796293216435,0.027,True,False,2000,1.7845769421549653,5.301211137571828,4.566597069240525
429,2023-03-23 06:00:00,0.09279415237231535,0.022199682213741273,0.02946164761289978,0.08277303356382695,0.11902679388862183,0.0285,True,False,2000,1.8070890406678073,5.135007201306661,4.580462373521909
430,2023-03-23 12:00:00,0.09737299006250737,0.02119541856751657,0.0277276780984325,0.07572295078642374,0.1137278430529508,0.0195,True,False,2000,1.835576990236758,5.3047619675134365,4.125294182112012
431,2023-03-23 18:00:00,0.1091955037826942,0.02176863243255507,0.028585837227966378,0.07992190468209345,0.11267807842624032,0.011,True,False,2000,1.8659223443508925,5.852092618606836,4.283238524049953
432,2023-03-24 00:00:00,0.13600640949518134,0.02162753282910206,0.028788171970500383,0.08054363827081965,0.11178436931754775,0.0015,True,True,2000,1.9148494859994916,7.102720631026006,4.206264714784012
433,2023-03-24 06:00:00,0.13986706489015432,0.022554921112496365,0.03041208873942681,0.08529360164364615,0.12062717462700172,0.004,True,True,2000,1.8682734240905734,7.486434431204199,4.5653703865730915
434,2023-03-24 12:00:00,0.1412087389798324,0.0236326542853058,0.03006103434935274,0.08302899415572977,0.11939367371442439,0.004,True,True,2000,1.8624638201975967,7.581824540615827,4.458019170913122
435,2023-03-24 18:00:00,0.14032906709391244,0.022630314462868995,0.029452488081221178,0.08273526390700306,0.11603183353245299,0.001,True,True,2000,1.867560045850408,7.514032408527593,4.430126040168573
436,2023-03-25 00:00:00,0.14182444609045652,0.022035922759602776,0.02889705242026164,0.08361496484692128,0.1132404488894219,0.0025,True,True,2000,1.8201033221014151,7.7921096219258565,4.593968036407018
437,2023-03-25 06:00:00,0.14784188996116365,0.022879830989803705,0.029638133554833912,0.08261859358603718,0.11937004065708247,0.0015,True,True,2000,1.7909751535463192,8.254826409424004,4.613050796514048
438,2023-03-25 12:00:00,0.15580634096218085,0.022912342799025955,0.02940000001507551,0.08362486253681303,0.11684566594271809,0.0,True,True,2000,1.7644841730779874,8.830135364172204,4.739337638315951
439,2023-03-25 18:00:00,0.15515937427243906,0.020946676822384894,0.027865495232462786,0.07865122364623697,0.11275119611859778,0.0005,True,True,2000,1.727081449557896,8.983906017412048,4.553996203616823
440,2023-03-26 00:00:00,0.15870878337947913,0.022351754980847807,0.02950964232939368,0.08263246186796709,0.11364357398743201,0.0,True,True,2000,1.7314506556280773,9.16623196067393,4.77244105105568
441,2023-03-26 06:00:00,0.1594760685770044,0.02106585918233404,0.02811556120962074,0.07953490214564242,0.10830807488738826,0.0,True,True,2000,1.7672581370306955,9.023926116699183,4.500468860722013
442,2023-03-26 12:00:00,0.16361719784270654,0.02198709418448175,0.028645901880633585,0.0803103041515193,0.11291045921794014,0.0005,True,True,2000,1.7008888620073623,9.619511391802995,4.721666767618099
443,2023-03-26 18:00:00,0.1721146055719346,0.020647381200350742,0.027925637087306134,0.07877157654881599,0.11099711714035451,0.0,True,True,2000,1.7092321807678865,10.069703081216895,4.60859428199083
444,2023-03-27 00:00:00,0.1749462150619874,0.023541639990660806,0.029299129233066115,0.0838563540528421,0.10874715157496766,0.0,True,True,2000,1.6894584203102432,10.35516547544634,4.963505052550697
445,2023-03-27 06:00:00,0.1608146853368542,0.022323357346048605,0.02823618934748634,0.08113031290251622,0.10445462391592827,0.0005,True,True,2000,1.704268415957617,9.435995165497069,4.7604187311615265
446,2023-03-27 12:00:00,0.16436968851663494,0.02365806614152816,0.030190518742667052,0.08640345197781625,0.1210903961038804,0.0005,True,True,2000,1.738589353204836,9.45419849797443,4.969744685169277
447,2023-03-27 18:00:00,0.1811967319786457,0.02204794968856887,0.028271401923916764,0.08110655872107721,0.10820328983288659,0.0,True,True,2000,1.731257709581874,10.466190618287992,4.684834514941494
448,2023-03-28 00:00:00,0.18570488656979067,0.023222593959907882,0.030506141371698253,0.08942808667455711,0.11587808924330438,0.0,True,True,2000,1.706790025609686,10.880359258219514,5.239548235736398
449,2023-03-28 06:00:00,0.17853474672348552,0.02295216948125126,0.029381738432375352,0.0860260852207933,0.11338504824888819,0.0,True,True,2000,1.7098762553682907,10.441384057060366,5.031129296679081
450,2023-03-28 12:00:00,0.16772241181564476,0.022585060010654325,0.029579428302248835,0.08421057444116434,0.10956049762003991,0.0005,True,True,2000,1.729506772538427,9.697701939002856,4.869051441618065
451,2023-03-28 18:00:00,0.1665916269712768,0.021812536860818386,0.028704982597174557,0.08169063964154438,0.11076315107611359,0.001,True,True,2000,1.7075015346784317,9.756455475318239,4.784220569203114
452,2023-03-29 00:00:00,0.15367298637327712,0.0225000387709273,0.02939245038311251,0.08375046056123928,0.1175778575634744,0.0015,True,True,2000,1.68876580246364,9.099721592484448,4.959270281235013
453,2023-03-29 06:00:00,0.15972050784261335,0.025471496976536324,0.03288325907695794,0.09331593072538538,0.125003185884415,0.0015,True,True,2000,1.7327229903933767,9.217890495372968,5.385507737979517
454,2023-03-29 12:00:00,0.15033589588888652,0.024538511955276725,0.030670144405968797,0.0848457052869027,0.11585449549826429,0.002,True,True,2000,1.7773459798537392,8.45844858530346,4.773730396255478
455,2023-03-29 18:00:00,0.16120912484927424,0.02549865453662424,0.03145995573324361,0.08903567584629335,0.12050349427695946,0.0,True,True,2000,1.8366367038181062,8.777409517850941,4.8477565356937955
456,2023-03-30 00:00:00,0.15841554596091567,0.025016626302341655,0.03140927396116385,0.08806660978449068,0.12262027698169806,0.0015,True,True,2000,1.8057416273637428,8.772879993478986,4.877032707777902
457,2023-03-30 06:00:00,0.15249731522473867,0.025223670645868806,0.03164658249317816,0.09157145324169054,0.1186536504192368,0.001,True,True,2000,1.7738828931711585,8.596808493491938,5.162203976046517
458,2023-03-30 12:00:00,0.15802182735576864,0.027202905959234074,0.033042762924538595,0.09474760863234527,0.12744759343343365,0.001,True,True,2000,1.8083612838374872,8.738399166588753,5.239418111810228
459,2023-03-30 18:00:00,0.15462830892899196,0.025922716627278942,0.03184791359412988,0.09096834566542324,0.1210337139796871,0.001,True,True,2000,1.849018087900073,8.362725596946598,4.919819133231727
460,2023-03-31 00:00:00,0.1420359630843953,0.02564299688179237,0.032285366700333405,0.09090526646292688,0.12340912366084485,0.0055,True,True,2000,1.9005671955259995,7.473346031582196,4.783059850602546
461,2023-03-31 06:00:00,0.14600350501481685,0.026000993164668054,0.031851254845837694,0.08909982297752217,0.12623318237237474,0.002,True,True,2000,1.8868943608931763,7.737767839091159,4.722035574654326
462,2023-03-31 12:00:00,0.15655605450762994,0.024187999618009635,0.03007679855247767,0.08657293089353892,0.1111222098135402,0.0005,True,True,2000,1.892923184053076,8.270597339952081,4.573504705466775
463,2023-03-31 18:00:00,0.14671220770388535,0.024045236477987893,0.029872169994368373,0.08567395854158773,0.11528869983602757,0.0015,True,True,2000,1.8405842666567995,7.970958481046372,4.654715358248943
464,2023-04-01 00:00:00,0.14932689595974932,0.023746634319030818,0.030273981216163762,0.08561659103837917,0.1152810916269427,0.003,True,True,2000,1.8243440813392775,8.185237504655717,4.693006758655241
465,2023-04-01 06:00:00,0.14479723035670009,0.02472211697887606,0.030357314855322164,0.08566063241027962,0.12004739882140814,0.0015,True,True,2000,1.7845559629532712,8.113908073640593,4.800109057298454
466,2023-04-01 12:00:00,0.1619380197285163,0.024172992394870533,0.030407793789774762,0.08620759205826031,0.11802291155549403,0.0005,True,True,2000,1.7590096537892461,9.206204149003423,4.900916369194025
467,2023-04-01 18:00:00,0.1507306931768535,0.025083090352715054,0.030523273597638408,0.08635750147765271,0.11869058163294818,0.0015,True,True,2000,1.7332008346504248,8.696666316068033,4.982544420195277
468,2023-04-02 00:00:00,0.15921425241680262,0.025123679390455747,0.030911016203787098,0.08584496282238725,0.1178835790866097,0.001,True,True,2000,1.728637720649502,9.2103886496808,4.966047066827437
469,2023-04-02 06:00:00,0.15505037921300655,0.025191500273477673,0.030960952421792316,0.08746713614358909,0.12082990093438047,0.001,True,True,2000,1.710145158608881,9.066504000112623,5.114603032571767
470,2023-04-02 12:00:00,0.15281568375034035,0.024672544492811994,0.030837544767858164,0.08821653384373022,0.11799506158948096,0.002,True,True,2000,1.6999392789260392,8.989478956382714,5.189393229354772
471,2023-04-02 18:00:00,0.1620826096033307,0.02592072649785508,0.031152362059598617,0.08970078686820283,0.12037187006708684,0.0,True,True,2000,1.6935592160791881,9.570530989673525,5.2965840235496415
472,2023-04-03 00:00:00,0.1460453245087708,0.02302484175232979,0.029518226786901643,0.08373305040881843,0.10900116014710619,0.0005,True,True,2000,1.6686369225036364,8.752372822341915,5.018050918062192
473,2023-04-03 06:00:00,0.13935464468948325,0.02239134716642067,0.029589074288655894,0.08387177829184408,0.11232674395950999,0.002,True,True,2000,1.6700857964473357,8.344160820116144,5.022004167106806
474,2023-04-03 12:00:00,0.13429040496970454,0.023073480311061944,0.02997223331167872,0.08298297251723599,0.11960707082774559,0.0055,True,True,2000,1.6586865146986607,8.096189592166638,5.002932849689913
475,2023-04-03 18:00:00,0.13840151739965084,0.021634656276578696,0.028424964466112236,0.08037090373754747,0.11330713918434888,0.0015,True,True,2000,1.621755675044277,8.534054761107726,4.955796053271292
476,2023-04-04 00:00:00,0.15496980364223684,0.01988391613379159,0.02635258086634922,0.0756972184867097,0.10043600311323556,0.0,True,True,2000,1.6109240074863915,9.619932592850502,4.69899375358022
477,2023-04-04 06:00:00,0.1606641721352326,0.02066631398289943,0.02737497359198234,0.07478380745631892,0.10887925237425328,0.0005,True,True,2000,1.6117510674150484,9.968299409468257,4.639910527638636
478,2023-04-04 12:00:00,0.15847056958451824,0.021615063062858472,0.028277324040353165,0.0807507170802214,0.10821971026893823,0.0005,True,True,2000,1.5840405960705553,10.004198754604378,5.097768155723747
479,2023-04-04 18:00:00,0.17214567106522238,0.021650576423920043,0.027669777587228543,0.07828745579263337,0.10579347801249557,0.0,True,True,2000,1.587728008371092,10.842264553979424,4.930785082827336
480,2023-04-05 00:00:00,0.1739448432167192,0.021242557046387906,0.028597561314549852,0.07854400064716675,0.11070601200875305,0.0,True,True,2000,1.6452955917599912,10.572254863373727,4.773853466850133
481,2023-04-05 06:00:00,0.1840665959232754,0.021225224862742493,0.0278897581972009,0.07761302269234595,0.11105848509802445,0.0,True,True,2000,1.6583175021868997,11.099599182939231,4.680226952317279
482,2023-04-05 12:00:00,0.18723645090286273,0.020448895058492754,0.02849040622899683,0.07883044990085894,0.11357901709332738,0.0,True,True,2000,1.6656148647154956,11.241281215081175,4.732813783714881
483,2023-04-05 18:00:00,0.20354732193842523,0.021226450550223916,0.028447958177535416,0.08194382581114489,0.11189278105026733,0.0,True,True,2000,1.6296188844335224,12.490486204029295,5.028404284823299
484,2023-04-06 00:00:00,0.20573315860082791,0.020687801960270244,0.027445680348895007,0.07769912886377398,0.10823668644393417,0.0,True,True,2000,1.579404975262886,13.025991548911286,4.919519064503469
485,2023-04-06 06:00:00,0.21459035489410944,0.022772279033924158,0.02912269192943848,0.08176782707698474,0.11047389739867822,0.0,True,True,2000,1.5552391227709554,13.797901027063656,5.257572670323503
486,2023-04-06 12:00:00,0.20056736597550218,0.021847712962956563,0.02875133973354313,0.07959223476414855,0.11123934400973395,0.0,True,True,2000,1.55542700048684,12.89468203346899,5.117066550808017
487,2023-04-06 18:00:00,0.20220035302822895,0.021680168540941253,0.0285109342110512,0.08160084846431404,0.11138193937111548,0.0,True,True,2000,1.5224026246843547,13.281660826757435,5.360004452254057
488,2023-04-07 00:00:00,0.1968472112664278,0.022258632503294826,0.028399879868235865,0.0812096291847712,0.11202762930271688,0.0,True,True,2000,1.494714758446654,13.169550253922457,5.433118842632312
489,2023-04-07 06:00:00,0.19969509104275002,0.022526415722586658,0.02926017652576824,0.08305904039980219,0.11513539337203939,0.0,True,True,2000,1.4952523952780665,13.355276451880451,5.554850850739217
490,2023-04-07 12:00:00,0.17415867070693372,0.022136025936117985,0.02763739379708816,0.07899423829878086,0.11075724219932644,0.0,True,True,2000,1.4864094638885048,11.716735861686987,5.314433217622879
491,2023-04-07 18:00:00,0.18367709995514267,0.023500956933799617,0.02945467851272257,0.08582351095267836,0.11620684961072089,0.0,True,True,2000,1.5036507447426661,12.215409768348637,5.707675885025159
492,2023-04-08 00:00:00,0.18932416263984153,0.022699124072178545,0.028576845640993383,0.07910359383824438,0.10649859707236814,0.0,True,True,2000,1.515489480927165,12.492608165383928,5.219672906594468
493,2023-04-08 06:00:00,0.17659838106408748,0.021525321148805995,0.027850014620661917,0.07790981920102508,0.10383681793752202,0.0,True,True,2000,1.5439253809857683,11.438271773946267,5.0462166216401645
494,2023-04-08 12:00:00,0.1770641610964504,0.022608556191219504,0.02846617651534143,0.08116016965098038,0.10959521439865774,0.0,True,True,2000,1.5608855839852869,11.343827050049777,5.199623244886437
495,2023-04-08 18:00:00,0.1756388057488457,0.022224019301887627,0.028356148187201013,0.08045220537261674,0.110050942231636,0.0,True,True,2000,1.6022861747031871,10.961762544158606,5.021088407476272
496,2023-04-09 00:00:00,0.1749641052411502,0.02216869781839443,0.028975459133536028,0.08079021944821917,0.11423525613022595,0.0,True,True,2000,1.6164460629653934,10.82399897217579,4.998015170392284
497,2023-04-09 06:00:00,0.17466631312691622,0.021106555617185465,0.028710201913433996,0.08032199121760683,0.10984811073133958,0.0,True,True,2000,1.5894587657174482,10.989043370878234,5.053417738795582
498,2023-04-09 12:00:00,0.1377808797201339,0.020772601092873398,0.027274101998107744,0.07663432587051519,0.10826898162993491,0.0015,True,True,2000,1.5910756834501332,8.659605646248453,4.816510406616182
499,2023-04-09 18:00:00,0.131370324786088,0.021074310540341024,0.027719731994080767,0.07681167166937314,0.10921872757944757,0.004,True,True,2000,1.5940170754623715,8.241462830502105,4.818748359210181
500,2023-04-10 00:00:00,0.13764262237649308,0.022165057592710057,0.028941496681797015,0.08341145824811441,0.11328276028035024,0.003,True,True,2000,1.5464822356435108,8.900368798560317,5.393625372838883
501,2023-04-10 06:00:00,0.1377269274638489,0.020587161095598112,0.027408158793552042,0.07737218185430617,0.10766382109062136,0.001,True,True,2000,1.5566547048207449,8.847622214311729,4.9704139019845055
502,2023-04-10 12:00:00,0.1262034611718635,0.02221191212733914,0.028697413736937804,0.07945632418646123,0.10959948526815794,0.004,True,True,2000,1.5323730307190861,8.235818475129445,5.185181583962967
503,2023-04-10 18:00:00,0.12327576698466891,0.022350734096413246,0.028227345657548853,0.08128953962203787,0.10834485043114064,0.0035,True,True,2000,1.4994260881276862,8.221530088128702,5.421376903181875
504,2023-04-11 00:00:00,0.11560826130924849,0.02312638791182865,0.02842191098000701,0.07942264863812107,0.10851972436656997,0.0065,True,True,2000,1.5003963603217834,7.705181401830013,5.293444501630732
505,2023-04-11 06:00:00,0.10794825442190116,0.02109913169490515,0.027528242047695637,0.08022122386080978,0.10220941470950269,0.0085,True,True,2000,1.538881235265897,7.014722900513452,5.2129574409261465
506,2023-04-11 12:00:00,0.10153991664660796,0.021006698905548064,0.027261816823391124,0.07825229375513486,0.10808354639461712,0.014,True,False,2000,1.5827469602669308,6.415423260676059,4.944081127278714
507,2023-04-11 18:00:00,0.10405743193407034,0.02194200718397447,0.028404647404648858,0.07864542331625357,0.114297829381389,0.017,True,False,2000,1.5621100049683894,6.661338292636826,5.03456370333183
508,2023-04-12 00:00:00,0.1087913198143146,0.020114051170076242,0.026823532017463406,0.07679892295411858,0.10154493974494598,0.006,True,True,2000,1.5503389518963246,7.017260301771078,4.95368595752436
509,2023-04-12 06:00:00,0.09866088414606178,0.02263302488459586,0.028512196111769857,0.080093324148267,0.10962736768663689,0.0205,True,False,2000,1.526585097765181,6.462848634543515,5.246567929001685
510,2023-04-12 12:00:00,0.11237173382924738,0.02183826496620277,0.027612328087168927,0.07917527594188557,0.10625611587014218,0.008,True,True,2000,1.4878183374460912,7.552785914854272,5.3215687661030975
511,2023-04-12 18:00:00,0.09852359377151353,0.021357632007273097,0.027855313320360807,0.0812028250755481,0.1121787584712783,0.0175,True,False,2000,1.4694744127378723,6.7046824985504765,5.5259774768213825
512,2023-04-13 00:00:00,0.09684422447050854,0.02100892916618634,0.026368006715196308,0.07399045982984498,0.10201278076797322,0.0165,True,False,2000,1.4164922843401206,6.836904481666404,5.223498966273139
513,2023-04-13 06:00:00,0.09393853899829281,0.020876578301515663,0.02767768647218134,0.07723737701748018,0.10914909920673867,0.023,True,False,2000,1.4159466327304613,6.634327652387934,5.454822606452219
514,2023-04-13 12:00:00,0.0927311323060188,0.020843715403941605,0.02712916023783271,0.07614685136992282,0.10539065737597995,0.022,True,False,2000,1.4283756462382249,6.4920689841104355,5.331010198225056
515,2023-04-13 18:00:00,0.09147738549557116,0.02197634136059349,0.02814608666323347,0.08072721073912653,0.11107424032654992,0.0285,True,False,2000,1.4275953157172347,6.407795296639246,5.654768536317911
516,2023-04-14 00:00:00,0.09329187888647622,0.019542300937998667,0.026515538835828054,0.07262480719492563,0.1086295867018457,0.0205,True,False,2000,1.4618698019312972,6.381681786108925,4.967939490847951
517,2023-04-14 06:00:00,0.0884750270668347,0.020696662701216364,0.027241766508268567,0.07866064382284095,0.10682843820818984,0.032,True,False,2000,1.4596121442724197,6.061543637740647,5.389146982060177
518,2023-04-14 12:00:00,0.09657861446784784,0.019331819972827916,0.026698511726839177,0.07430922643386019,0.10603025154870448,0.0165,True,False,2000,1.4674172680606805,6.581537274362654,5.063946571384313
519,2023-04-14 18:00:00,0.10234355193832693,0.019626688439529714,0.02684850917939032,0.07496008746200201,0.10942069190933541,0.015,True,False,2000,1.4885655753020794,6.875313633230973,5.035726252556265
520,2023-04-15 00:00:00,0.09304436249557829,0.019297212056313944,0.02559486019532354,0.0714480709935014,0.09915685904882454,0.017,True,False,2000,1.4688994886749303,6.334290617768004,4.86405445330732
521,2023-04-15 06:00:00,0.08652723945043338,0.019890907823027076,0.026047445954669842,0.07492911558824926,0.10321887027061398,0.026,True,False,2000,1.4476433808532236,5.977110149837818,5.175937429015628
522,2023-04-15 12:00:00,0.08357061844546933,0.018530888172661363,0.02516239529026775,0.0710581078070389,0.0984053326614049,0.0255,True,False,2000,1.4321296540662383,5.835408701173648,4.961709130544429
523,2023-04-15 18:00:00,0.08074756276933796,0.018999044255941767,0.025066952429370057,0.07140196486056218,0.09735726553012479,0.0275,True,False,2000,1.4439810655397192,5.592009805139433,4.944799247341526
524,2023-04-16 00:00:00,0.08526537561871966,0.020038520661370136,0.02704581195717411,0.07578882160159704,0.10660855924119507,0.0305,True,False,2000,1.445334514731281,5.899352347132757,5.243687245349415
525,2023-04-16 06:00:00,0.0936868990561206,0.019632115525375363,0.025533941358394634,0.0722466219291995,0.09660754905559636,0.0155,True,False,2000,1.4499737569577413,6.4612823926337475,4.982615828908764
526,2023-04-16 12:00:00,0.09462801056973,0.019892598507404265,0.026362359554325903,0.07515235353084486,0.10095923343126863,0.017,True,False,2000,1.4651530562698145,6.4585751068660935,5.129317596495885
527,2023-04-16 18:00:00,0.0992648416576354,0.020705950739740204,0.02658211570285039,0.07681282966630673,0.1029662034143459,0.012,True,False,2000,1.4330208366878403,6.926964292233706,5.360203264304602
528,2023-04-17 00:00:00,0.07888252335896499,0.020716362804609926,0.02714511900507967,0.07593584231063441,0.10405689497702166,0.044,True,False,2000,1.4540390713630356,5.4250621535925765,5.2224072795685705
529,2023-04-17 06:00:00,0.09565667237440002,0.02016051542174235,0.027133907912301258,0.07826360830979158,0.1040123946832606,0.016,True,False,2000,1.4755929243212114,6.482592237856055,5.303875277512169
530,2023-04-17 12:00:00,0.09736029742348105,0.019635986039400925,0.025979862155580742,0.07383873663182011,0.10139796110219763,0.014,True,False,2000,1.4734110809728314,6.6078162897484205,5.011414505113366
531,2023-04-17 18:00:00,0.09993154638486015,0.019117908525650606,0.025761056219298206,0.07262286596862644,0.10462429695408608,0.0145,True,False,2000,1.484867377326271,6.729998106955656,4.8908654791376
532,2023-04-18 00:00:00,0.10971572522830976,0.02099472597792716,0.027705713721943994,0.07684713334956736,0.11066609443834353,0.011,True,False,2000,1.4600880795156892,7.514322373257265,5.263184764514859
533,2023-04-18 06:00:00,0.09595954625745104,0.019202402782092235,0.026674732385647593,0.0754261304572742,0.10445623615101893,0.02,True,False,2000,1.4930377773534766,6.427134511462038,5.05185679835729
534,2023-04-18 12:00:00,0.0869065963173062,0.01953511668440072,0.027836521895403775,0.0774258542557583,0.11073134500736814,0.031,True,False,2000,1.513866355249364,5.7407046544072875,5.1144444809994285
535,2023-04-18 18:00:00,0.0882841411904607,0.02005084919864098,0.027424719214421762,0.07901266619099072,0.1137104420909011,0.029,True,False,2000,1.5249778179245073,5.789208220131051,5.181233803028483
536,2023-04-19 00:00:00,0.10145822318018197,0.01895098416983241,0.02620799633114299,0.07529857570950829,0.10199058691492824,0.0115,True,False,2000,1.5710497021628624,6.457989396548341,4.792883102669815
537,2023-04-19 06:00:00,0.07956263962101143,0.01937192289508691,0.026313073067956626,0.07358083488869471,0.10613065856386028,0.0385,True,False,2000,1.5487707475354786,5.137147621597162,4.750918430360472
538,2023-04-19 12:00:00,0.08060809351736303,0.02012591817287853,0.02692394127820628,0.07616726437645925,0.10838803854047169,0.041,True,False,2000,1.5198900246210056,5.30354777066605,5.011366818823095
539,2023-04-19 18:00:00,0.0945055405329446,0.021221468812700102,0.027714896539856055,0.07722920026276547,0.10901772957383689,0.0215,True,False,2000,1.5053748547003012,6.277874260876991,5.130230521762017
540,2023-04-20 00:00:00,0.09795400820714689,0.02188127383813672,0.028016264290164992,0.07972751113888406,0.11030882971322357,0.015,True,False,2000,1.5058247240384113,6.505007298887214,5.2946076569300855
541,2023-04-20 06:00:00,0.09946210923536894,0.02114841512026934,0.027763752567844868,0.07855018946280454,0.10869961366068596,0.0175,True,False,2000,1.501118325610233,6.625867364248965,5.232777997755267
542,2023-04-20 12:00:00,0.09919826424522757,0.022145493083089784,0.029224599204360328,0.08320999053684519,0.11570951044476481,0.022,True,False,2000,1.4884145293176623,6.664693356003672,5.5905118431618215
543,2023-04-20 18:00:00,0.10145977847624256,0.02328748664204021,0.030376056067434463,0.08391456339764608,0.12489918718330116,0.0215,True,False,2000,1.4728822573150233,6.888519294216884,5.697302889004674
544,2023-04-21 00:00:00,0.10605377994922169,0.022825474207820606,0.029540484841831388,0.08064429399298954,0.12040533371751515,0.017,True,False,2000,1.4382532775223542,7.3737902500676435,5.607099615438639
545,2023-04-21 06:00:00,0.09110358663829173,0.023970678913475433,0.029976903313899846,0.08394005489201622,0.11499302289565164,0.038,True,False,2000,1.4298292491130962,6.371640998028405,5.870634898823276
546,2023-04-21 12:00:00,0.09151239460048742,0.02192656160612364,0.02876490116859164,0.08389470566422784,0.11262050334650604,0.033,True,False,2000,1.3978945474471982,6.546444777798524,6.001504606869979
547,2023-04-21 18:00:00,0.0916249723960341,0.02279270240591206,0.029359335594498708,0.0847421911034577,0.11563839463380253,0.034,True,False,2000,1.3384063156252772,6.845826362768522,6.331574359305664
548,2023-04-22 00:00:00,0.08982209766014894,0.023249469253704604,0.02969179242919113,0.08561750971419363,0.11405287921746922,0.04,True,False,2000,1.3192650140730755,6.808495389628637,6.489788541413651
549,2023-04-22 06:00:00,0.07925697327473609,0.024046397003218884,0.03004885717615875,0.08479360936082579,0.11387791541171043,0.0635,False,False,2000,1.2990424969962822,6.101184022693518,6.527393026547651
550,2023-04-22 12:00:00,0.07306527038666409,0.021510113363436452,0.02833881460606997,0.07914280430059867,0.10744384403170343,0.07,False,False,2000,1.2429293877779148,5.878473154238374,6.367441713007417
551,2023-04-22 18:00:00,0.06130409432213427,0.022211905274947364,0.02952867772969303,0.08480337407083556,0.11185205012642127,0.1205,False,False,2000,1.1768522338221088,5.209158172987833,7.205949195118263
552,2023-04-23 00:00:00,0.05903702718300438,0.023022467153187405,0.029827869854761015,0.08473362318114745,0.1148941235686247,0.146,False,False,2000,1.1324562725448217,5.21318382124708,7.482286533742852
553,2023-04-23 06:00:00,0.0695939837427058,0.02191104528640581,0.028906402988606045,0.08161481535684839,0.10721384114103547,0.088,False,False,2000,1.1246882156012017,6.18784679854624,7.256661377324135
554,2023-04-23 12:00:00,0.07536090313907963,0.023194849907139485,0.03062965492876873,0.08732674312516449,0.12269289900399132,0.0785,False,False,2000,1.1405151965623024,6.607619378174847,7.656780320716589
555,2023-04-23 18:00:00,0.06657388875828123,0.020612952078567958,0.027355379616588894,0.07710151486268038,0.10802033823664424,0.086,False,False,2000,1.1613891768216749,5.732263575976418,6.6387319945309695
556,2023-04-24 00:00:00,0.09673223857624144,0.02036191619096018,0.027545124369423822,0.07870150854902226,0.10780487740631196,0.019,True,False,2000,1.1538273861656863,8.383597038521929,6.8209083518599165
557,2023-04-24 06:00:00,0.10284167893463372,0.023027427284748367,0.02992197581666262,0.08554709429409138,0.11349401890951066,0.019,True,False,2000,1.1491196359896045,8.949605916886801,7.444576840810793
558,2023-04-24 12:00:00,0.0914930519048707,0.020416591127938637,0.02788973748347127,0.07934866271256145,0.10681933034985445,0.0245,True,False,2000,1.1358270051139592,8.055192515491482,6.985981347097861
559,2023-04-24 18:00:00,0.09038583789424805,0.021250317726431604,0.0281576195030754,0.08121459505517512,0.10344633912734276,0.0245,True,False,2000,1.129690657395114,8.000937008956358,7.189100354467212
560,2023-04-25 00:00:00,0.08675373539620668,0.02353403248738357,0.02974881202318113,0.08375909650180166,0.11117060116578868,0.0435,True,False,2000,1.1546944485667183,7.513133496388679,7.2537887928506875
561,2023-04-25 06:00:00,0.08762461985784624,0.020116958620001745,0.028296229997710986,0.07882964166248754,0.1151678329602593,0.037,True,False,2000,1.189096657179152,7.369007332483362,6.629372068835182
562,2023-04-25 12:00:00,0.08242621146008013,0.02074695988530451,0.028277480408871285,0.08025986873727398,0.11428887263640025,0.0445,True,False,2000,1.1800397773793119,6.98503669453721,6.80145451668747
563,2023-04-25 18:00:00,0.08052948569564652,0.022489010949949206,0.028714289161823777,0.0808659413368975,0.11347188947766254,0.0525,False,False,2000,1.153846623389911,6.979219253513714,7.008378730556035
564,2023-04-26 00:00:00,0.06644033314993233,0.02273471469300918,0.028655535919180405,0.07902868415066909,0.11239992618328376,0.0955,False,False,2000,1.1410218499884972,5.822880004497909,6.92613240942457
565,2023-04-26 06:00:00,0.06497822941899992,0.022939171587607034,0.030186652746153616,0.08650690502385983,0.11262410634355119,0.1185,False,False,2000,1.1694186047660076,5.556455930680324,7.3974284889344
566,2023-04-26 12:00:00,0.05408231207642357,0.020927490508696075,0.028832567799153292,0.08208286922535209,0.11512754045391492,0.147,False,False,2000,1.1752954750342446,4.6015928100844405,6.984019845984725
567,2023-04-26 18:00:00,0.043532495494342266,0.02053365210685658,0.02824674373339004,0.0783283978075775,0.11496913701648773,0.1865,False,False,2000,1.085100490629153,4.01183999733533,7.218538603937212
568,2023-04-27 00:00:00,0.04238540944452061,0.021178934104968974,0.028565118483436156,0.08008424734586657,0.1082561952141372,0.221,False,False,2000,1.1023309957666898,3.845071000207233,7.264990973982967
569,2023-04-27 06:00:00,0.0504487395476391,0.021088910394374775,0.028227757331101652,0.08054892828767397,0.10864013562498934,0.161,False,False,2000,1.1248690672360842,4.484854372571263,7.160738136891856
570,2023-04-27 12:00:00,0.047260216560924176,0.021216171025477338,0.02958832235738705,0.08497208977481034,0.11884048689160814,0.1745,False,False,2000,1.1249584517925273,4.201063291325912,7.5533536051410985
571,2023-04-27 18:00:00,0.03659081477736514,0.019760231799269855,0.02727936874152407,0.07852816164242847,0.10899211289102122,0.2255,False,False,2000,1.1346812852953876,3.2247658661118725,6.920724141668161
572,2023-04-28 00:00:00,0.04339151687502164,0.01731309814077343,0.025428020953599105,0.07042928781613858,0.1030237953024848,0.1575,False,False,2000,1.1686224743978062,3.7130482962328264,6.026692910593813
573,2023-04-28 06:00:00,0.0429447522316052,0.01875156154009741,0.02605809764472044,0.07390509090363352,0.09847712723407454,0.174,False,False,2000,1.1572001135216745,3.7110912563698815,6.386543696294692
574,2023-04-28 12:00:00,0.05193055268986364,0.019200897242175594,0.02648857424458188,0.07571356413076129,0.10272293986208654,0.131,False,False,2000,1.119716232600942,4.637831548555506,6.7618528629248695
575,2023-04-28 18:00:00,0.04748345159695386,0.01863515553394507,0.025869808837077735,0.07238962365039518,0.10581500629617689,0.144,False,False,2000,1.0892299053947423,4.3593598892004,6.645945295099185
576,2023-04-29 00:00:00,0.059607095172770956,0.018281267135661257,0.025749477106982846,0.07385166081944482,0.10147131955704614,0.0915,False,False,2000,1.094320085524107,5.446952492352645,6.748634316080815
577,2023-04-29 06:00:00,0.04996418097373895,0.018811310918556565,0.025307312413248267,0.07085418696217377,0.10091324308609297,0.1355,False,False,2000,1.1114043316256823,4.4955899083688955,6.375194422585466
578,2023-04-29 12:00:00,0.0485985073582455,0.01779653484866453,0.025686981723868255,0.07178615602512714,0.1051593268592918,0.129,False,False,2000,1.1128558185864403,4.367008425222215,6.450625033915945
579,2023-04-29 18:00:00,0.03889590056673036,0.017941755440543373,0.026414155069342273,0.07550851725317458,0.10090005347409582,0.1995,False,False,2000,1.053789546725683,3.691050142562815,7.165426672507177
580,2023-04-30 00:00:00,0.042216882320665665,0.017430013909529044,0.024817210019582522,0.06849852377415978,0.0977923156482318,0.1615,False,False,2000,1.0364148308668795,4.073357603861628,6.609180198325236
581,2023-04-30 06:00:00,0.032097522686223685,0.01837972276389914,0.026124703073059193,0.07387216398521183,0.10739740605051462,0.237,False,False,2000,1.0315582152330864,3.111557080563899,7.161221043498742
582,2023-04-30 12:00:00,0.02469210241491703,0.015965576056438113,0.023863091232679684,0.06911564780061585,0.09613407873539548,0.262,False,False,2000,1.0115069402136212,2.441120414824072,6.832938564516349
583,2023-04-30 18:00:00,0.0329689243063369,0.016695743665603995,0.024198038328830374,0.0676523250908593,0.09545569350431614,0.2195,False,False,2000,1.018411695459042,3.2372884613698765,6.642924997082392
584,2023-05-01 00:00:00,0.03167141613708653,0.015533641237627826,0.023483970749159255,0.0649861573834878,0.09538085646892036,0.2055,False,False,2000,0.9931816490643172,3.1888845476478926,6.543229775208964
585,2023-05-01 06:00:00,0.025395912250349567,0.017564435841215857,0.02500558339659345,0.07125559079799589,0.09710010026459232,0.2905,False,False,2000,1.0099277854370035,2.5146265521708133,7.055513456059935
586,2023-05-01 12:00:00,0.01848668482122285,0.016474286455388804,0.024546761546379775,0.06725609793745924,0.09667736288622737,0.3195,False,False,2000,0.9940332755974259,1.859765188455299,6.765980534910917
587,2023-05-01 18:00:00,0.008930343093405008,0.01556332379011836,0.024154296625305646,0.0678066470434719,0.10174145963113151,0.391,False,False,2000,1.0025943380117035,0.8907234715802635,6.763118887938542
588,2023-05-02 00:00:00,0.01905845471280706,0.01620714512881873,0.024193168016907334,0.06734802260782127,0.09383030135878641,0.318,False,False,2000,1.0318038458259828,1.84710056954191,6.5272118223117905
589,2023-05-02 06:00:00,0.022057806526399944,0.016004916864602717,0.02442991055299338,0.06752048828970486,0.10035597525417969,0.2925,False,False,2000,1.033746531552129,2.133773207759259,6.53162900467734
590,2023-05-02 12:00:00,0.017154614456661065,0.016153482035483748,0.02397493346239244,0.06832465955767207,0.09504254521166695,0.333,False,False,2000,1.0236256335242968,1.6758680024061632,6.674770279289838
591,2023-05-02 18:00:00,0.005730306062172812,0.015933389633292508,0.024454772501581564,0.06650275416830781,0.0992901495774809,0.425,False,False,2000,1.0322162638308308,0.5551458800800244,6.442715204030819
592,2023-05-03 00:00:00,0.020956999154669174,0.016954175658813006,0.025085716760567162,0.07036196500066073,0.10046046095350693,0.31,False,False,2000,1.0436614083009612,2.0080266442721424,6.741838343453475
593,2023-05-03 06:00:00,0.02952325396789878,0.01684880900164943,0.025026340985583068,0.06974385169791032,0.10123985536698887,0.241,False,False,2000,1.0514857688580208,2.807765434615713,6.63288593754878
594,2023-05-03 12:00:00,0.021490483412379083,0.01747664996320999,0.025941981439264898,0.07335595902509986,0.10410333271201162,0.305,False,False,2000,1.0043320047774968,2.1397788092136083,7.303955133974985
595,2023-05-03 18:00:00,0.03175100109589552,0.016876097653869125,0.024461504159413262,0.06801225482779678,0.09646594913190049,0.2305,False,False,2000,1.005033567281105,3.1591980735320906,6.767162514958463
596,2023-05-04 00:00:00,0.03296089452988295,0.019191462249134057,0.02738149471729456,0.07533437089604861,0.10692552668154469,0.245,False,False,2000,1.0284813827718942,3.204811976377147,7.324816195798553
597,2023-05-04 06:00:00,0.018044952494828802,0.01906491581969536,0.026296264846347454,0.07355077628450385,0.10204884200560224,0.3635,False,False,2000,1.1211314636087197,1.609530468152714,6.560406042638138
598,2023-05-04 12:00:00,0.01712875815219935,0.018929976847492286,0.026834044190361974,0.07562207883717265,0.10410105643381301,0.361,False,False,2000,1.1275591377051242,1.5191006466464212,6.706706221288155
599,2023-05-04 18:00:00,0.002729801454214234,0.01712639530284045,0.02479869188667678,0.06964426058858186,0.09916361167203237,0.4795,False,False,2000,1.131397415290941,0.241276974590954,6.155596578826611
600,2023-05-05 00:00:00,0.0,0.018600733217628125,0.02597253560741203,0.07374629610263879,0.10089393542001972,1.0,False,False,2000,1.1570066790994284,0.0,6.373886809369174
601,2023-05-05 06:00:00,0.0027648007085786285,0.019042331522393242,0.026579953234834534,0.07247626030070299,0.10872152254944852,0.5065,False,False,2000,1.150680719917807,0.24027522671763524,6.298555198342069
602,2023-05-05 12:00:00,0.001217082422382479,0.017323761780123702,0.026047918667846188,0.07260476536741994,0.10827603868704312,0.475,False,False,2000,1.1551743247697488,0.10535919958444971,6.28517824631288
603,2023-05-05 18:00:00,0.0,0.01809896515916482,0.02574644669438899,0.07251259525950904,0.09929447642436771,1.0,False,False,2000,1.133957454686342,0.0,6.3946486669172575
604,2023-05-06 00:00:00,0.0294752554448565,0.018242718848047453,0.025098870887808756,0.06935200127302986,0.09443756139462367,0.2715,False,False,2000,1.183749777415065,2.4899903685068594,5.858670691746417
605,2023-05-06 06:00:00,0.02811522645615325,0.018746063891434454,0.02641742583793314,0.0734205798572205,0.10644078409336316,0.2865,False,False,2000,1.184633519515187,2.373326939766102,6.197746277453637
606,2023-05-06 12:00:00,0.02908748499028443,0.01774451365620445,0.025364956413738,0.07213038098612708,0.10464229095461101,0.249,False,False,2000,1.1027927576474568,2.6376202408452145,6.540701368043067
607,2023-05-06 18:00:00,0.023466978039405256,0.019565516230029636,0.02698514642363706,0.07742303666438256,0.10327170110577459,0.329,False,False,2000,1.112143110395736,2.1100681935668297,6.961607363357489
608,2023-05-07 00:00:00,0.011652361760010525,0.018401491288176593,0.02613404995146431,0.07397501323576657,0.10241204058215626,0.4095,False,False,2000,1.1071052490272422,1.0525071369907126,6.681841071638374
609,2023-05-07 06:00:00,0.005097382158620022,0.017932852796181932,0.02554666741666724,0.0715712673329953,0.10384719867185321,0.469,False,False,2000,1.105209672634308,0.46121403791827337,6.475808989474599
610,2023-05-07 12:00:00,0.006295578164299592,0.016597653188975076,0.024431307463921092,0.06987206607611825,0.10077153112808712,0.4405,False,False,2000,1.120677008997661,0.5617656214728978,6.234808559034522
611,2023-05-07 18:00:00,0.0020692784019184386,0.019873078253933613,0.025977038143731722,0.07279131615003222,0.10275221742450565,0.547,False,False,2000,1.0729852859808693,0.19285244904610302,6.78399947334693
612,2023-05-08 00:00:00,0.01031813336270679,0.01919708976822339,0.026626011983645514,0.07399294459784808,0.10544161809696863,0.444,False,False,2000,1.05257669402023,0.98027378159947,7.02969626994477
613,2023-05-08 06:00:00,0.009018083251928677,0.01785690856648938,0.025402327950900618,0.07078246594134394,0.09925106754398678,0.432,False,False,2000,1.0370932206631007,0.8695537751334118,6.825082309966963
614,2023-05-08 12:00:00,0.016560531136807895,0.016677820451558713,0.024630651680498095,0.06916309000665805,0.09805324521718743,0.3385,False,False,2000,1.0249401368810687,1.6157559393861005,6.748012641706463
615,2023-05-08 18:00:00,2.8419780420448046e-05,0.01965955849632437,0.02628365010448073,0.07539137127597657,0.10138531969274515,0.5615,False,False,2000,1.0080173511591903,0.0028193741295986755,7.479173963551195
616,2023-05-09 00:00:00,0.004148210579149364,0.019261807489484327,0.02598149172972971,0.07242980280643227,0.10001380122484727,0.5095,False,False,2000,0.9996196212304348,0.4149789070810074,7.245736404941533
617,2023-05-09 06:00:00,0.021755485006286893,0.01952161246411226,0.026507013185695576,0.07678533616066814,0.10382044634016076,0.3445,False,False,2000,0.9169015573733319,2.3727176414238307,8.37443622417185
618,2023-05-09 12:00:00,0.0190605680094493,0.019336410603762445,0.025890018900664457,0.07169948569531852,0.09882301280104805,0.377,False,False,2000,0.8884835039394319,2.145292278915362,8.069872471172665
619,2023-05-09 18:00:00,0.019518217839905566,0.019308835608692454,0.025833925909976824,0.07217490178156646,0.10337978036990086,0.375,False,False,2000,0.85465632857997,2.2837504605313703,8.444903450429791
620,2023-05-10 00:00:00,0.009366331833836219,0.02173082649858692,0.027933520968935296,0.07850705799637503,0.10651341313137418,0.4935,False,False,2000,0.8885479205339645,1.0541166792903651,8.835433203107037
621,2023-05-10 06:00:00,0.026512426303976308,0.02101658770198531,0.02789803216705727,0.07700568083541551,0.1086129861682331,0.321,False,False,2000,0.959441224297745,2.7633194856080796,8.0260967410254
622,2023-05-10 12:00:00,0.023190890748786316,0.019832179813510018,0.026956163722821464,0.0742065085481299,0.11112597906344046,0.338,False,False,2000,0.9088677351272151,2.55162438410692,8.164720308587382
623,2023-05-10 18:00:00,0.015886265608111346,0.020130270704924194,0.026493257242709192,0.07459496547607264,0.1036013954435744,0.4085,False,False,2000,0.9013959463110578,1.762407039118106,8.275493780657747
624,2023-05-11 00:00:00,0.02399495338461769,0.021315690717579043,0.027652572741304254,0.07922744853122857,0.10942095534703557,0.3585,False,False,2000,0.9452380503863329,2.538509042754954,8.381745582379711
625,2023-05-11 06:00:00,0.04144858256020211,0.021799099467330437,0.028540853762571945,0.08228450334037529,0.11480677660300947,0.2135,False,False,2000,0.9503892513642914,4.361221731064649,8.65797916193341
626,2023-05-11 12:00:00,0.045750013631466774,0.02125051704270789,0.02745369086734697,0.07953721923289207,0.10672360283159608,0.1815,False,False,2000,0.9170696487726223,4.988717453761247,8.672974766893903
627,2023-05-11 18:00:00,0.052661183943778216,0.021778929924880668,0.027331370807031848,0.0766640149208373,0.10386725225086275,0.154,False,False,2000,0.8554646653516363,6.155857287469844,8.961681063626955
628,2023-05-12 00:00:00,0.059127237229326536,0.022065903394611102,0.028513133068168824,0.08130633421923862,0.11014688042728438,0.1285,False,False,2000,0.8380667730444281,7.055194064613279,9.70165347611608
629,2023-05-12 06:00:00,0.05742366016870727,0.02267001014784392,0.028463373280004194,0.08157405147927752,0.11025392882756342,0.1345,False,False,2000,0.8303127218980173,6.915907543538795,9.824497364415524
630,2023-05-12 12:00:00,0.04959147958212678,0.02341123778634683,0.029275625896294018,0.08367689096916842,0.11398983437028204,0.1835,False,False,2000,0.8238442117926588,6.019521515386665,10.156882790629815
631,2023-05-12 18:00:00,0.03895483736683088,0.024498718338919718,0.02947699340429879,0.08374671281669972,0.11733513529157952,0.272,False,False,2000,0.775058935997715,5.0260484148454125,10.805205762693976
632,2023-05-13 00:00:00,0.06469521773628523,0.024210617799148064,0.02968221251457507,0.08315994460891858,0.1161366555393797,0.1165,False,False,2000,0.7668065316753329,8.43696748317179,10.84497082037489
633,2023-05-13 06:00:00,0.06038687790537706,0.02637147670196252,0.030857165835561685,0.0872499728389145,0.11624228789849088,0.1585,False,False,2000,0.7038837649034937,8.57909798696045,12.395508632149934
634,2023-05-13 12:00:00,0.06304077286820639,0.026329491218972143,0.030909519094654614,0.08881341330080118,0.11690409432330116,0.146,False,False,2000,0.6965320561195114,9.050663542955418,12.750800558353989
635,2023-05-13 18:00:00,0.05955146658563726,0.025672158030316212,0.030044685076193896,0.08507193716659558,0.11082984573366471,0.15,False,False,2000,0.7158838606307235,8.318593260807686,11.883483040341721
636,2023-05-14 00:00:00,0.06702394867567503,0.030091164595086477,0.03313335248475298,0.09348762377274275,0.13082614996608824,0.147,False,False,2000,0.6533431332110347,10.258613777153727,14.309115535242881
637,2023-05-14 06:00:00,0.07099540124071912,0.03323045010993783,0.03474786913282613,0.0995416168867084,0.12938307823874046,0.1615,False,False,2000,0.5951418969000994,11.929155317498411,16.725694730145584
638,2023-05-14 12:00:00,0.06834858474196105,0.030411741475556555,0.033902414094177956,0.09699790005715468,0.1258639097109039,0.1495,False,False,2000,0.6050571054255102,11.296220493749013,16.031197582406755
639,2023-05-14 18:00:00,0.06862135053615029,0.03221699443511569,0.03544346987271115,0.1026690644203473,0.1330814808713551,0.162,False,False,2000,0.5916557920038832,11.598187909854841,17.352836870339207
640,2023-05-15 00:00:00,0.08610784941430848,0.03212769381243842,0.0351741468197589,0.10006483609255042,0.13209010142540342,0.082,False,False,2000,0.5373933685365647,16.023243764395207,18.62040768479299
641,2023-05-15 06:00:00,0.09026897650050635,0.035457667657333956,0.03574935188465193,0.10285882137219367,0.1366371674196781,0.0885,False,False,2000,0.5032168361383692,17.938385605938898,20.44025835095681
642,2023-05-15 12:00:00,0.09596783405239097,0.03419849765013382,0.03471821626563646,0.09973816983872308,0.12827408297622464,0.0595,False,False,2000,0.4706185145795787,20.391852653336993,21.19299745948647
643,2023-05-15 18:00:00,0.09315301269262727,0.0377786260585253,0.03758608409569023,0.10635146947473009,0.1452842472814317,0.0895,False,False,2000,0.4878919861953875,19.09295813998511,21.798158708050437
644,2023-05-16 00:00:00,0.11326255736534314,0.039048396107875194,0.03894649322280243,0.11247205206253927,0.1477442359301054,0.0475,True,False,2000,0.4861703035045193,23.29688928939081,23.13429085482877
645,2023-05-16 06:00:00,0.126988140872832,0.040438614629455784,0.039281233719579575,0.11253940020005256,0.14874652868801286,0.0305,True,False,2000,0.4811967265424779,26.390067485553033,23.387399371703346
646,2023-05-16 12:00:00,0.12577134139439206,0.03793395481412853,0.03815113685348213,0.1098746889056037,0.14502404989569398,0.027,True,False,2000,0.46999566710766905,26.76010657042498,23.37780890231761
647,2023-05-16 18:00:00,0.13219499138098034,0.03999517431429842,0.03964720507881982,0.11438762671810944,0.15316827351022316,0.024,True,False,2000,0.46709782815374223,28.30135004127427,24.489008473929253
648,2023-05-17 00:00:00,0.1518948848641837,0.0430633271155127,0.04210979067128531,0.12263254258482606,0.16007301418196612,0.0155,True,False,2000,0.4639831648910431,32.737154353402694,26.430386243350835
