window_idx,timestamp,te_bits,surr_mean,surr_std,surr_p95,surr_p99,p_value,sig95,sig99,n_valid_surrogates,h_target_bits,pct_h,surr_p95_pct
0,2022-12-06 00:00:00,0.19633252095318954,0.030564293824650618,0.04127652565804259,0.12227309589863787,0.16975281943645235,0.0015,True,True,2000,1.7396119172980316,11.285995399372382,7.028757085577608
1,2022-12-06 06:00:00,0.1985617339943372,0.03271467050329582,0.04285977237970524,0.12354486167256552,0.17138324498885185,0.004,True,True,2000,1.7462509774153545,11.370744329559695,7.074862850208717
2,2022-12-06 12:00:00,0.19829420622744248,0.03419125011575137,0.043042387964893326,0.12191223442058673,0.1659826338317338,0.0035,True,True,2000,1.7596936145222437,11.26867794432949,6.928037552360265
3,2022-12-06 18:00:00,0.20223058745707986,0.03571895891708604,0.043602430775399846,0.1269112155945878,0.16877095614240234,0.001,True,True,2000,1.7681285426401856,11.437550075126738,7.177714319632147
4,2022-12-07 00:00:00,0.1942256156249622,0.03545140411789052,0.04254711535723141,0.12148882352164136,0.16804647763544653,0.0025,True,True,2000,1.7773587488434404,10.927766594748997,6.8353574426488946
5,2022-12-07 06:00:00,0.1939011838491049,0.03463872223127187,0.04196301963060079,0.12048823904988017,0.16108646046984365,0.0015,True,True,2000,1.7631765226613265,10.997264389411889,6.833589121752599
6,2022-12-07 12:00:00,0.1870566214604901,0.03203247764217489,0.04061563471650845,0.11162600001307808,0.1613841886208581,0.0045,True,True,2000,1.7599708082672088,10.628393413221323,6.342491562287912
7,2022-12-07 18:00:00,0.18052292342138465,0.03189876414362683,0.04064314692723202,0.11303879886084192,0.16280601599480288,0.0045,True,True,2000,1.7655119781846196,10.224961691112773,6.402607303580778
8,2022-12-08 00:00:00,0.18740870801526907,0.03049362139440196,0.03947587512466555,0.11142435462481409,0.15702313404839338,0.0035,True,True,2000,1.7481366943815686,10.720483622224284,6.373892555595159
9,2022-12-08 06:00:00,0.17153173177983946,0.032737117841914645,0.04020290891812775,0.11224475388385127,0.15670363212010102,0.0065,True,True,2000,1.758761863945695,9.752982214147886,6.382032507347852
10,2022-12-08 12:00:00,0.18023399470865628,0.03177140222808996,0.03996691509682188,0.11128212668625592,0.14965519526721646,0.003,True,True,2000,1.7898373147535063,10.069853456680104,6.2174436620001705
11,2022-12-08 18:00:00,0.17643027452140414,0.03407634522708182,0.040870225021386035,0.11417035496793343,0.1608838842947384,0.005,True,True,2000,1.7903276356520663,9.85463615754026,6.3770648843473134
12,2022-12-09 00:00:00,0.1548110222536753,0.03246895921514518,0.04198016652375701,0.1197810469476836,0.1665546585713733,0.018,True,False,2000,1.778097343590281,8.706554948284525,6.736472970924376
13,2022-12-09 06:00:00,0.13626595543147893,0.03235662725269113,0.04108019895473598,0.11655844940215462,0.16154135660678987,0.028,True,False,2000,1.7602492997718098,7.7412872965859885,6.621701222506647
14,2022-12-09 12:00:00,0.12833378515285934,0.032900240176783724,0.04004423503740862,0.11310538108656544,0.14999818199208725,0.03,True,False,2000,1.749408220149487,7.335839838565136,6.465350956045043
15,2022-12-09 18:00:00,0.11599340775186853,0.03456341815650714,0.041553161454733936,0.11429285702231166,0.15832262653892668,0.047,True,False,2000,1.7272572953969645,6.715467814840551,6.6170139982558
16,2022-12-10 00:00:00,0.11266746991678066,0.035343758290876263,0.042739668747015416,0.12152995015117031,0.16424878014465966,0.067,False,False,2000,1.7088050572758318,6.593348342285138,7.111984461522647
17,2022-12-10 06:00:00,0.09472436167367294,0.03443507562131573,0.04204866012276842,0.11906256620160646,0.1634814080985933,0.1005,False,False,2000,1.7172121674720258,5.516171121307644,6.933480233655871
18,2022-12-10 12:00:00,0.12671336914814316,0.03732981427948906,0.043622966049560806,0.12515189374775207,0.17044834861521926,0.047,True,False,2000,1.7212894532408642,7.3615375327819335,7.270822087018229
19,2022-12-10 18:00:00,0.14006109268767572,0.03632857149924586,0.0423653481550125,0.11867276221235318,0.16218736000973918,0.023,True,False,2000,1.7287298792018573,8.101965169500106,6.864737148359093
20,2022-12-11 00:00:00,0.17156329049096014,0.035242298460149,0.04260408191140149,0.12556419775932198,0.16378686580372379,0.0075,True,True,2000,1.7455190734176544,9.82878348931738,7.193516225146281
21,2022-12-11 06:00:00,0.16525087437026967,0.034042566500129295,0.041408372638685916,0.1191968141198008,0.15391172309424242,0.0065,True,True,2000,1.7604099252485141,9.387067864147692,6.7709692163303385
22,2022-12-11 12:00:00,0.1807493127482357,0.0319923045032759,0.039843059613333426,0.11572268065671133,0.151640116137935,0.002,True,True,2000,1.7637074607760277,10.24825923618344,6.56133078927917
23,2022-12-11 18:00:00,0.1839321208353364,0.03247653487409636,0.039980424798608964,0.11600999349190985,0.1484495291225168,0.0015,True,True,2000,1.760122243185978,10.449962867488276,6.591019114781564
24,2022-12-12 00:00:00,0.20554514454566777,0.031990445739671615,0.04039212023581711,0.1139712999816151,0.16024656214313443,0.002,True,True,2000,1.7912484596324094,11.474965599571188,6.362673998056288
25,2022-12-12 06:00:00,0.19554318242359042,0.03164210903255595,0.04023904635889106,0.11509272586107729,0.1520311528841673,0.0015,True,True,2000,1.795616946094972,10.890027678166495,6.409648010472157
26,2022-12-12 12:00:00,0.18739764615678642,0.0314496221936114,0.03968727984245968,0.11423128515159799,0.15628237003151277,0.002,True,True,2000,1.7772601581204766,10.544187653143977,6.427381192880739
27,2022-12-12 18:00:00,0.19743635301644222,0.033352591284033846,0.04175132736435154,0.11520698425074283,0.16970904919069882,0.0045,True,True,2000,1.793583724055749,11.00792510371294,6.423284439169113
28,2022-12-13 00:00:00,0.18505008117873056,0.03410475501478412,0.0419462723996925,0.11626402125999115,0.15707744533023302,0.004,True,True,2000,1.7785914486111936,10.404305121517716,6.53685934174346
29,2022-12-13 06:00:00,0.17393571984997716,0.03178092077679375,0.0395771302003802,0.1131541936341945,0.15688630373355286,0.0055,True,True,2000,1.7838700376286876,9.750470391956988,6.343185952302403
30,2022-12-13 12:00:00,0.1535978180723718,0.037086135036596045,0.042876488836337566,0.12124102908502138,0.17118313804929233,0.0185,True,False,2000,1.7684639794955064,8.685380072948332,6.855725108950654
31,2022-12-13 18:00:00,0.15188337275072333,0.03880374710285987,0.04531010525322697,0.13068189788383175,0.1831282038650143,0.0275,True,False,2000,1.7829214836098088,8.518792002170013,7.329649627601402
32,2022-12-14 00:00:00,0.1390516993786839,0.04086910333932944,0.04504077598996744,0.12844383203612067,0.1759668879516614,0.0385,True,False,2000,1.8088312089166332,7.68737838518202,7.100929672318612
33,2022-12-14 06:00:00,0.13747005420345437,0.042442611718734216,0.04627080646945015,0.13007763005784082,0.18847584967566325,0.0395,True,False,2000,1.8230548836704268,7.540642656170647,7.135146134270544
34,2022-12-14 12:00:00,0.15356510562228978,0.04000329719716365,0.04658168405286163,0.13652947406693164,0.1848028022577165,0.03,True,False,2000,1.843397389696964,8.330548067421011,7.406404871245679
35,2022-12-14 18:00:00,0.13819273186234451,0.03834853373649172,0.04538828556952426,0.1305714058697141,0.1740666137270688,0.04,True,False,2000,1.8407551186014575,7.50739359439286,7.0933610098510975
36,2022-12-15 00:00:00,0.13121894918099392,0.0409444813479878,0.044933369443749274,0.1262023525154621,0.16445060795244731,0.041,True,False,2000,1.8317026253051407,7.163769236785056,6.889893084825285
37,2022-12-15 06:00:00,0.12657222859779302,0.04022214059731236,0.046316331537365994,0.13218257594626281,0.1855115617180107,0.06,False,False,2000,1.799341191093138,7.034365090085982,7.346165174263536
38,2022-12-15 12:00:00,0.12663192457422665,0.03882878403949903,0.04560158552800848,0.13172168431457187,0.18124805433343383,0.057,False,False,2000,1.7628489746701872,7.183367741296063,7.472091268579363
39,2022-12-15 18:00:00,0.17179371228446308,0.037949332772942074,0.045610689844389804,0.12858145888465924,0.17639189186844928,0.0125,True,False,2000,1.7800371952253353,9.651130478917642,7.22352652121868
40,2022-12-16 00:00:00,0.18277332177836908,0.03807105660732345,0.04468901155526014,0.1280982101650378,0.1729171563381404,0.006,True,True,2000,1.7981249742492016,10.164661766887766,7.123988154300822
41,2022-12-16 06:00:00,0.18536572417848196,0.03664748175341765,0.04532689864642189,0.13598488803755882,0.17285417083260954,0.007,True,True,2000,1.8146430797412674,10.214996339936528,7.493753981468775
42,2022-12-16 12:00:00,0.19664948164588603,0.037206024400160895,0.04462210947091846,0.1252338095178427,0.17625326845980369,0.003,True,True,2000,1.808923833663502,10.871075828970861,6.923111254729523
43,2022-12-16 18:00:00,0.19668310152089832,0.0358898806995894,0.043728919166225004,0.12472037452049717,0.1711012745784241,0.0025,True,True,2000,1.7808010045394251,11.044642327780311,7.003610970713376
44,2022-12-17 00:00:00,0.17662960652604465,0.03991033484374727,0.046758185724775095,0.1318499252000807,0.18511840446310365,0.014,True,False,2000,1.7750193374820304,9.95085533978487,7.42808387581386
45,2022-12-17 06:00:00,0.20246571204894398,0.038601228955425136,0.04606377189146889,0.13089065328998803,0.18376331742426202,0.0035,True,True,2000,1.7541115537732257,11.54235097610668,7.461934391141339
46,2022-12-17 12:00:00,0.20558052690576764,0.036360350180694105,0.04366519685296285,0.12480154004509202,0.1697431120263622,0.002,True,True,2000,1.7751834732785565,11.58080446333158,7.0303459852855745
47,2022-12-17 18:00:00,0.18847047576561812,0.036548482131517596,0.04386935941282628,0.12564362764059947,0.1716345119029469,0.005,True,True,2000,1.7561828144586382,10.731825537406602,7.154359250425214
48,2022-12-18 00:00:00,0.17783209256541282,0.03608903257062934,0.044148147219842726,0.12480509395780905,0.17160153200960085,0.0085,True,True,2000,1.8288258399579989,9.72383967242594,6.824329098536543
49,2022-12-18 06:00:00,0.15670154068662376,0.038043716240683874,0.04465399790292786,0.12448673342087428,0.174103592794511,0.018,True,False,2000,1.8027447758127713,8.692386342707582,6.905399759916052
50,2022-12-18 12:00:00,0.15087982777654463,0.04103731215560232,0.04570572863178471,0.13047972226565296,0.17254473087875014,0.0255,True,False,2000,1.7782364903659211,8.48480101459941,7.33759108940584
51,2022-12-18 18:00:00,0.10842766717301054,0.0393583075140179,0.045199414569566186,0.1287539371747376,0.1727857013318916,0.0935,False,False,2000,1.7534420244979878,6.183704146366259,7.342925250784951
52,2022-12-19 00:00:00,0.11165641678282841,0.0406786642075154,0.04662937622809785,0.1311336197380408,0.18020421938413897,0.088,False,False,2000,1.753349490505138,6.368178015134925,7.47903486715939
53,2022-12-19 06:00:00,0.0949007296982471,0.036859450483240394,0.044124658890987226,0.12456260180807481,0.1726850462639315,0.1175,False,False,2000,1.8035771325867629,5.261805995629178,6.9064194459719115
54,2022-12-19 12:00:00,0.09560251207481363,0.036442318077186814,0.043640197272400975,0.12131073531024597,0.17069648925362418,0.119,False,False,2000,1.8145051262339684,5.268792614173432,6.685609952617116
55,2022-12-19 18:00:00,0.06891419897121923,0.03620874925272893,0.04411284276073515,0.1264220850471417,0.1706525435943858,0.2135,False,False,2000,1.8807283563781425,3.6642292725320735,6.721974740180024
56,2022-12-20 00:00:00,0.07847609744703204,0.03922565231581043,0.045893791240889104,0.1293789484989118,0.1764186749032991,0.191,False,False,2000,1.9071644001458727,4.114805070870118,6.783838272621701
57,2022-12-20 06:00:00,0.09201666601028488,0.039526127679649886,0.0447597993338928,0.12768227919266045,0.17498392451798175,0.1395,False,False,2000,1.925351442430095,4.779214016852188,6.631634951357526
58,2022-12-20 12:00:00,0.08668334238124403,0.03890184286303475,0.04670069831020257,0.13612764655569098,0.18949324392728747,0.1575,False,False,2000,1.9500046078465396,4.445289105084299,6.9808884557468645
59,2022-12-20 18:00:00,0.09664486946756261,0.03997658223597161,0.04464771719984762,0.12737527015647,0.17379233780622383,0.1295,False,False,2000,1.9836720125798055,4.8720186026052765,6.4211860301852965
60,2022-12-21 00:00:00,0.0899836511668949,0.03656127092142545,0.04338400337797683,0.12228424593006498,0.1659242236533619,0.132,False,False,2000,1.9620556012407395,4.586192721041758,6.232455688449218
61,2022-12-21 06:00:00,0.08465284067247927,0.03209038230218483,0.04005943334323984,0.1134135552517321,0.15925046460078007,0.118,False,False,2000,1.9345809594894805,4.3757714174349385,5.862435205692347
62,2022-12-21 12:00:00,0.08070762875343998,0.034676768849056315,0.04271864527286177,0.12212705431148839,0.16917838288345993,0.156,False,False,2000,1.906117901470689,4.234136235285813,6.407109141426128
63,2022-12-21 18:00:00,0.09482678956946457,0.035637818981732024,0.04404177189493644,0.12571188557974583,0.17538384039744062,0.1135,False,False,2000,1.8592337927051272,5.100315513924397,6.761488849492078
64,2022-12-22 00:00:00,0.11146845935802971,0.035758753413903235,0.043227585121723346,0.1257338666394704,0.17297874430313032,0.068,False,False,2000,1.8876481635446127,5.905150202817192,6.660874047808157
65,2022-12-22 06:00:00,0.09451683627795615,0.03397168372782933,0.043072534386683334,0.1241325594495036,0.16178912230161693,0.1175,False,False,2000,1.8529124212793777,5.100987785094303,6.699321458690097
66,2022-12-22 12:00:00,0.11820045503485553,0.03400734029933107,0.04356879509658309,0.1230915700846248,0.16894838124447747,0.06,False,False,2000,1.8434007747343277,6.412086652827336,6.677417725527693
67,2022-12-22 18:00:00,0.09309117556045182,0.03053803068458425,0.040732101036483,0.1120946900499165,0.15884434116492416,0.098,False,False,2000,1.806628536886847,5.152756842912767,6.204634088370831
68,2022-12-23 00:00:00,0.09767348710132819,0.032189238157631805,0.041334125791840155,0.1194541787083121,0.15578234477697425,0.095,False,False,2000,1.830615601679107,5.335554171598806,6.525355656247242
69,2022-12-23 06:00:00,0.08132632238695721,0.032195810460425224,0.042714940827995075,0.1217909521201283,0.16947879296812335,0.1385,False,False,2000,1.810575048425467,4.491739928575793,6.72664478757959
70,2022-12-23 12:00:00,0.08165950586625426,0.03577510557246659,0.043562530904252814,0.12471612478634449,0.16951481363610874,0.1595,False,False,2000,1.8015289195892172,4.532789064794706,6.922793380124152
71,2022-12-23 18:00:00,0.08761876651144533,0.03344334074277369,0.04288871969694948,0.12161196872153006,0.16987869060811187,0.1255,False,False,2000,1.7979641673462097,4.873220951937568,6.763870544818977
72,2022-12-24 00:00:00,0.08572782342027051,0.031178954439499775,0.04193509867377196,0.11699318267551946,0.16908717275022267,0.12,False,False,2000,1.783867177740017,4.805729063801665,6.5584021128601195
73,2022-12-24 06:00:00,0.08076042657767861,0.032230371697139076,0.042037878040206714,0.11859453644335688,0.170584154283833,0.132,False,False,2000,1.7986406222335427,4.490081319157061,6.593564883244257
74,2022-12-24 12:00:00,0.09347967189396485,0.03593770995671801,0.04387813931088535,0.12138782657366244,0.16796168602665637,0.128,False,False,2000,1.8005911332293512,5.191610142293078,6.741554167044796
75,2022-12-24 18:00:00,0.08837925585646408,0.037178380933369885,0.045162244904083645,0.12804887814092936,0.174809554512878,0.147,False,False,2000,1.8368601497141017,4.811430846829568,6.971073881746498
76,2022-12-25 00:00:00,0.09263238144100336,0.03682489466920424,0.0442551036574839,0.12787769546044261,0.1718554089406573,0.122,False,False,2000,1.78778126879657,5.181415817347615,7.152871421822336
77,2022-12-25 06:00:00,0.08588409398184316,0.03787603555768158,0.04578153001371039,0.1314138279808966,0.17131134690366273,0.171,False,False,2000,1.7675216544414767,4.8590122653395085,7.434920395497071
78,2022-12-25 12:00:00,0.07755240930497884,0.03585016102271909,0.04599983398396297,0.12927990969390976,0.18571242717054345,0.18,False,False,2000,1.7807769401577211,4.354976053211365,7.25974751685967
79,2022-12-25 18:00:00,0.08706882677677695,0.03722277734126444,0.04435917041438229,0.1267397986420652,0.16952745804187755,0.148,False,False,2000,1.7778195091745541,4.897506542562536,7.128946329366741
80,2022-12-26 00:00:00,0.10180992963070155,0.036344358665928736,0.04507257868774827,0.12606571590067306,0.174992831955036,0.1075,False,False,2000,1.8016211675597877,5.651017620346812,6.99734873072252
81,2022-12-26 06:00:00,0.08630431373888721,0.037167990848435147,0.04607001565294642,0.13183799568508808,0.1831887795690618,0.1565,False,False,2000,1.8011421603548408,4.791643638050452,7.319688505826482
82,2022-12-26 12:00:00,0.08116172490126582,0.03821592527815577,0.04463333646296563,0.1291588450109177,0.17246616917910423,0.1735,False,False,2000,1.816061895289586,4.4691056572344365,7.1120287995648015
83,2022-12-26 18:00:00,0.08056838547927082,0.038312598624339826,0.045070333976234646,0.12798283421830822,0.1742186292708633,0.181,False,False,2000,1.8225894052545215,4.420545035924841,7.022033259347057
84,2022-12-27 00:00:00,0.0989044975127367,0.03477546585462533,0.044288810876372944,0.12479284597280522,0.17722307841777082,0.102,False,False,2000,1.8528000541291676,5.338109597542228,6.735364978789304
85,2022-12-27 06:00:00,0.0980144627423218,0.03630403207628843,0.04367928069075029,0.12596719752167135,0.16446693065361526,0.1065,False,False,2000,1.883637975129493,5.203466060700102,6.68744202361983
86,2022-12-27 12:00:00,0.10552133887220887,0.038224088804019576,0.0441157942782436,0.12276881438040538,0.17062052294147312,0.0925,False,False,2000,1.9317159000604016,5.462570291465188,6.355428061474598
87,2022-12-27 18:00:00,0.11497255013125157,0.040460725026537886,0.04775548878823565,0.1366405816813504,0.18293980733064583,0.0845,False,False,2000,1.9319942945260054,5.950977725814604,7.072514762000047
88,2022-12-28 00:00:00,0.11456453353203139,0.03940096592235888,0.04607517271638239,0.13364606550836514,0.1737418047128407,0.0835,False,False,2000,1.9202316617043826,5.966182925571845,6.959892817814593
89,2022-12-28 06:00:00,0.10706724110229748,0.039134478883763264,0.04476870538642418,0.12720503302474787,0.1810723660699218,0.0845,False,False,2000,1.8928713059890836,5.656340225747758,6.720215612243079
90,2022-12-28 12:00:00,0.0975687333499244,0.04001643341594821,0.04621405970958647,0.13044232244680223,0.1811098751185027,0.1285,False,False,2000,1.9128077285059077,5.100812376272405,6.819416322030997
91,2022-12-28 18:00:00,0.1320727792947696,0.039443303404323615,0.04538290005633215,0.12945328781046644,0.17328329380021687,0.047,True,False,2000,1.9356438808673566,6.823196177779776,6.687866972330612
92,2022-12-29 00:00:00,0.13184630589614268,0.03595908333925458,0.04301767065115502,0.12411887280183291,0.1635433499551511,0.0395,True,False,2000,1.9083858889558483,6.908786459759504,6.503866619436343
93,2022-12-29 06:00:00,0.13601387777279786,0.03745491204722374,0.044692384275547455,0.127644138797368,0.17779523619020696,0.0395,True,False,2000,1.9490150228722667,6.9785956586601365,6.549161360965735
94,2022-12-29 12:00:00,0.12923540036782344,0.03748914116330472,0.04418833932010081,0.12711228062736124,0.1704458733858517,0.047,True,False,2000,1.9151120078732835,6.7481901756408655,6.637328788331207
95,2022-12-29 18:00:00,0.1394891637015738,0.036160446645129594,0.04288946664286463,0.12243860501613986,0.16967853563384566,0.0295,True,False,2000,1.9128746334602178,7.29212261282646,6.400764737763262
96,2022-12-30 00:00:00,0.12476642864274623,0.034427213232345974,0.04323634996541349,0.11966113074613337,0.16805411018548655,0.043,True,False,2000,1.8844275482231834,6.620919374713441,6.349999014765053
97,2022-12-30 06:00:00,0.11836930207121692,0.034457484297333155,0.04249549590678004,0.12387633150625924,0.1613316099235345,0.057,False,False,2000,1.8912142899815962,6.258904805143409,6.550094939662533
98,2022-12-30 12:00:00,0.11348435606398011,0.035433638572030204,0.042837862029661805,0.12399817187855526,0.16853680578472546,0.0655,False,False,2000,1.8715996683375453,6.063495200593991,6.6252507935469485
99,2022-12-30 18:00:00,0.13614548135850615,0.038199913840192855,0.045062555083823425,0.12974738107342434,0.17118884593695818,0.04,True,False,2000,1.8545327642078944,7.341228151159489,6.996230186790034
100,2022-12-31 00:00:00,0.14110971779790316,0.03633100443646482,0.043187065236492635,0.1228291133074394,0.16524059405433553,0.027,True,False,2000,1.8351385450486355,7.689322322754842,6.693179304573113
101,2022-12-31 06:00:00,0.14817598258033893,0.03616094953097251,0.0431735512496876,0.12151958234760497,0.16158589701696122,0.0195,True,False,2000,1.8236948640855053,8.125042489201833,6.663372515913793
102,2022-12-31 12:00:00,0.15423847804022914,0.03224932564113607,0.04163002751583403,0.12137222904367337,0.16514292790006452,0.021,True,False,2000,1.7957169463059208,8.5892422164597,6.758984443141531
103,2022-12-31 18:00:00,0.13613214062512832,0.03280550755117011,0.042376946307650466,0.12075295553996748,0.17242393845665066,0.03,True,False,2000,1.775882536056038,7.665605008282634,6.799602625077965
104,2023-01-01 00:00:00,0.13020864660453457,0.0318947295241473,0.04176533007400568,0.12030042873457686,0.15853201651435375,0.0375,True,False,2000,1.7824084624915766,7.305208056660577,6.7493187597646624
105,2023-01-01 06:00:00,0.10886235894589347,0.03115803853638649,0.04136099263973024,0.11830719842635629,0.15895188063629132,0.067,False,False,2000,1.7666892234311449,6.161941642145092,6.6965483717950125
106,2023-01-01 12:00:00,0.09112895981107676,0.031140761216650225,0.04147765041596785,0.1174878965041883,0.16460129699149206,0.101,False,False,2000,1.7424063889982415,5.230063456291007,6.74285271484429
107,2023-01-01 18:00:00,0.11252438543762497,0.0300346003032126,0.04016988784743435,0.1160391888318116,0.15504944802204157,0.0565,False,False,2000,1.695986605045099,6.634744938603614,6.8419873415642884
108,2023-01-02 00:00:00,0.10642862680003516,0.03076812233863189,0.041489888859319375,0.11756940434792482,0.1632219284629049,0.071,False,False,2000,1.7500888557780592,6.081327039404456,6.717910576926421
109,2023-01-02 06:00:00,0.08461193900456625,0.029432490886706783,0.04046484863914934,0.11536085073373797,0.15812420039390135,0.112,False,False,2000,1.7623020404515712,4.801216650857723,6.546031729281661
110,2023-01-02 12:00:00,0.06780766027917598,0.027951275635113283,0.04012955262462942,0.11144832020447726,0.1610632649442905,0.162,False,False,2000,1.746627420487987,3.882205184906082,6.380772390103662
111,2023-01-02 18:00:00,0.08454695362677225,0.029658608284784928,0.041355632743293534,0.1154467826767348,0.16403861388400992,0.1245,False,False,2000,1.7287526755394484,4.890633276989133,6.678039277116967
112,2023-01-03 00:00:00,0.0804719090512747,0.031181044512772618,0.04141296401837361,0.1161581690436721,0.1644969184837292,0.1395,False,False,2000,1.7338115211522218,4.641329698731975,6.699584564213648
113,2023-01-03 06:00:00,0.07135571676771234,0.027359327132358485,0.03883217186041412,0.11112322297343412,0.15176500426829623,0.1375,False,False,2000,1.7625489325097912,4.048438908649474,6.304688676937871
114,2023-01-03 12:00:00,0.06534228504396913,0.02921672771405737,0.04009150177047343,0.11281388190268495,0.1585437207094766,0.1825,False,False,2000,1.7510945545716392,3.731510949730151,6.44247802656676
115,2023-01-03 18:00:00,0.06719580691353724,0.02922353652193638,0.04125530327376304,0.11448518537042815,0.16892767086779545,0.167,False,False,2000,1.7207543795137843,3.905020246557447,6.653197384438855
116,2023-01-04 00:00:00,0.04096716529326344,0.027865301121389314,0.03892836179671025,0.11031662967406959,0.15195350858041065,0.283,False,False,2000,1.7056105729802233,2.401906152685327,6.467867367948635
117,2023-01-04 06:00:00,0.033862950831179274,0.0262673212201709,0.03928771714133227,0.10953430058694755,0.1664248120662595,0.298,False,False,2000,1.713653675236999,1.9760673536615276,6.391857477958545
118,2023-01-04 12:00:00,0.03513517096540295,0.026211953241171333,0.038709318482638866,0.10953053120449523,0.15606088700701154,0.29,False,False,2000,1.6897646638425317,2.079293745290272,6.481999153386386
119,2023-01-04 18:00:00,0.04016747628820386,0.028039782397835833,0.03980727338961011,0.11093411766693474,0.16157599931813732,0.288,False,False,2000,1.686980335355124,2.3810281273817133,6.575898683702329
120,2023-01-05 00:00:00,0.03965777116966806,0.02837255726398148,0.040938172481974844,0.11382466326075308,0.16857345645480554,0.2895,False,False,2000,1.687248234482066,2.3504408159503445,6.746171721180897
121,2023-01-05 06:00:00,0.03855510937461219,0.029209141366067372,0.04092593962746163,0.11586136052273226,0.1647950819146619,0.3055,False,False,2000,1.7082800926065576,2.256954789877775,6.782339794520855
122,2023-01-05 12:00:00,0.0316113265875567,0.03106634105817743,0.042874590714651606,0.12188589552836149,0.17680861897877348,0.358,False,False,2000,1.7131471582290114,1.8452195677244285,7.1147358791035
123,2023-01-05 18:00:00,0.04012502433000123,0.03115983057147635,0.04342355221453721,0.11934537405388955,0.1826374047033289,0.3095,False,False,2000,1.6963237270090006,2.365410781628967,7.03553055078244
124,2023-01-06 00:00:00,0.02225549713892927,0.027271176215146183,0.039872722204277816,0.11276398238456216,0.15236615561982725,0.369,False,False,2000,1.6981159017979082,1.3105994187655798,6.640535093345008
125,2023-01-06 06:00:00,0.013896899566672147,0.02814682938574159,0.03965824334022325,0.11190149950900093,0.15995655953259372,0.4385,False,False,2000,1.6617994809120562,0.8362561022732431,6.733754631309988
126,2023-01-06 12:00:00,0.031076667434877633,0.025694313070354673,0.03873566856792815,0.10733168825773981,0.1571154987000923,0.308,False,False,2000,1.6713844781991145,1.859336845604918,6.421723407015703
127,2023-01-06 18:00:00,0.05292637302570088,0.02624431026384097,0.039168891555599245,0.11308031689466604,0.16299215346007948,0.201,False,False,2000,1.688701990320703,3.134145238713764,6.696286114590938
128,2023-01-07 00:00:00,0.06101832740963367,0.02680627062094861,0.04095686438222402,0.11815010745241016,0.1722270767540266,0.1735,False,False,2000,1.7529458916067713,3.480901932101483,6.740088671197508
129,2023-01-07 06:00:00,0.0733453243723493,0.027462376338319047,0.040169263030141705,0.11704611358281863,0.15901459210345542,0.1355,False,False,2000,1.7635587900266187,4.158938436707417,6.636927231728519
130,2023-01-07 12:00:00,0.06080815611487168,0.028414112013951345,0.039763470808569304,0.11053245726268075,0.1565911389669709,0.1925,False,False,2000,1.7662246856829171,3.4428324214798294,6.258119828052509
131,2023-01-07 18:00:00,0.037336195604069713,0.028904984847627862,0.04139169680280227,0.11455144242874155,0.1638538845259676,0.3035,False,False,2000,1.8397243466860085,2.02944509982299,6.22655468114498
132,2023-01-08 00:00:00,0.017565679492973843,0.029569750369424167,0.04132249797803591,0.11374367885527299,0.17116874046058236,0.439,False,False,2000,1.8802119893686402,0.9342393087745524,6.049513538814694
133,2023-01-08 06:00:00,0.03413872062790057,0.02662220916790406,0.04017424344227497,0.10942572260241319,0.16421601531903282,0.3005,False,False,2000,1.8696639336802796,1.8259281795472895,5.852694734663768
134,2023-01-08 12:00:00,0.03488684348081329,0.02599215400696945,0.038057517247838235,0.10649903297944653,0.15064684641596426,0.291,False,False,2000,1.8714830157011961,1.8641282441851121,5.690622468168331
135,2023-01-08 18:00:00,0.010125501346038278,0.028242412693352963,0.040610890197356406,0.11482548376989203,0.17140008510953836,0.4605,False,False,2000,1.8589687069966168,0.5446837974156767,6.176837906830941
136,2023-01-09 00:00:00,0.012889560522987169,0.028487499588098694,0.040767879055838875,0.11946480983012424,0.16568878297184073,0.4525,False,False,2000,1.8466351575136688,0.6980025518598826,6.469323912958154
137,2023-01-09 06:00:00,0.004073757118986471,0.02924851217315598,0.040716910556985175,0.1138778131320967,0.16338396231705637,0.5165,False,False,2000,1.843547029293999,0.22097386474304093,6.1771037745485184
138,2023-01-09 12:00:00,0.014256071855625144,0.03037710114496007,0.04167600402332726,0.12095191825938104,0.1646353863540866,0.464,False,False,2000,1.8607289333399344,0.7661552201499905,6.500243861005436
139,2023-01-09 18:00:00,0.01458636225311442,0.028462667880720324,0.04106711371742507,0.1152573762630477,0.16460204687859814,0.428,False,False,2000,1.8651166164834452,0.782061675082604,6.179633768978903
140,2023-01-10 00:00:00,0.02459496651040741,0.031239843946532217,0.04317470258204743,0.12263334204498809,0.17889870825099893,0.3955,False,False,2000,1.8479796798083827,1.3309110905893546,6.636076326212849
141,2023-01-10 06:00:00,0.02665143962094335,0.030162508633843878,0.04218360652804215,0.1210107417642573,0.1672580547876503,0.3915,False,False,2000,1.8234714080831673,1.4615770503887053,6.636284025504066
142,2023-01-10 12:00:00,0.034871635506300756,0.028798291935295917,0.042073344776944584,0.11779377330671364,0.17183788505113967,0.3155,False,False,2000,1.8120522607187204,1.92442769241487,6.50057263028345
143,2023-01-10 18:00:00,0.043313106650008454,0.02938472296946914,0.04146774789987399,0.11713997408223334,0.15889607203684636,0.278,False,False,2000,1.8340745918467072,2.361578250009833,6.386870774120836
144,2023-01-11 00:00:00,0.027743221665234387,0.02884651514835079,0.04136205372314358,0.1153539672438649,0.1617424699636584,0.3625,False,False,2000,1.8068111094052286,1.5354799138005624,6.384395504510566
145,2023-01-11 06:00:00,0.043143967194469786,0.0258427778084161,0.03851156815956965,0.10384886020129845,0.1557586587904692,0.2505,False,False,2000,1.7192582623716224,2.5094523690091246,6.040329278862656
146,2023-01-11 12:00:00,0.05455485267721582,0.026393462295355295,0.04006582825020199,0.11321003321042536,0.15737520498097843,0.203,False,False,2000,1.75323403029744,3.1116697334445687,6.457211715838018
147,2023-01-11 18:00:00,0.08295056429467315,0.02808904003955204,0.04061245120611372,0.11690109825395185,0.15880958696121172,0.1185,False,False,2000,1.778672950862967,4.6636209458533475,6.572377355670383
148,2023-01-12 00:00:00,0.07904973921324471,0.02724011385259167,0.039504168033647785,0.10881740461617155,0.1532922100019437,0.1325,False,False,2000,1.7984816631919285,4.395359754346784,6.050515100779145
149,2023-01-12 06:00:00,0.08427087177622566,0.027579339468578015,0.03976056955685231,0.11443377472869352,0.1558627022853389,0.111,False,False,2000,1.7444271329617682,4.830862246057061,6.5599630140126655
150,2023-01-12 12:00:00,0.0920663356862226,0.026442400333685393,0.038106949785325445,0.10877228059021421,0.15303520037395338,0.078,False,False,2000,1.7264162015634952,5.332800723420258,6.30046685681626
151,2023-01-12 18:00:00,0.11392439714115733,0.027468293071819708,0.04016916443821478,0.11498608083458083,0.15775464411078743,0.0525,False,False,2000,1.7433357419384394,6.5348512280533635,6.595750782160079
152,2023-01-13 00:00:00,0.13381100895523199,0.02675522294222808,0.039584511357138245,0.11165554128850026,0.15923113828889807,0.025,True,False,2000,1.7400799266063394,7.689934635140713,6.4166903819332575
153,2023-01-13 06:00:00,0.13561422336029524,0.0253244524876355,0.0389457469909121,0.10844158203095543,0.1551401898495051,0.0245,True,False,2000,1.7985863202405916,7.540045303033025,6.029267587026322
154,2023-01-13 12:00:00,0.13137990772476235,0.029041673332177317,0.041351414112067324,0.11821603949484621,0.16554274320455875,0.0315,True,False,2000,1.779925700524226,7.381201793202277,6.641627763452658
155,2023-01-13 18:00:00,0.11402477539639051,0.026435283236494238,0.039364839113480904,0.11024628608211591,0.15521285141448307,0.0445,True,False,2000,1.7590102647652417,6.482325753318348,6.267518063450836
156,2023-01-14 00:00:00,0.11099753637188914,0.030262796828698625,0.04128573286929028,0.11988482752578934,0.16786435405994313,0.062,False,False,2000,1.7619368731029286,6.299745357869294,6.804149987204787
157,2023-01-14 06:00:00,0.1093429423215495,0.028877839785585002,0.04001004145389603,0.11507039075536867,0.16289989323560974,0.064,False,False,2000,1.7656316366732936,6.192851331525044,6.517236572186596
158,2023-01-14 12:00:00,0.11564569574341538,0.031223657534545972,0.04157260765194941,0.1181974208141067,0.162408088634739,0.056,False,False,2000,1.7612501339528217,6.566114234090565,6.710995703309501
159,2023-01-14 18:00:00,0.09201150058517057,0.028812700574757016,0.039939558262704955,0.11347502741141953,0.1506792403885441,0.0945,False,False,2000,1.750954702153937,5.254933235678949,6.480751744852578
160,2023-01-15 00:00:00,0.10393718625706812,0.02860550801626268,0.04078626813275785,0.1152066061056404,0.16709885612901137,0.071,False,False,2000,1.7495316871618432,5.9408576031954565,6.584996828067341
161,2023-01-15 06:00:00,0.09471859480360072,0.02946739197958415,0.04096584016594453,0.11784862985194625,0.1613786885892229,0.0945,False,False,2000,1.7775636392514964,5.328562798656548,6.62978400602132
162,2023-01-15 12:00:00,0.07917135706786509,0.02978641274775945,0.04053370305642308,0.11738926023930867,0.1595572543516364,0.1215,False,False,2000,1.7609258637578709,4.496007395729365,6.666337445279854
163,2023-01-15 18:00:00,0.09298182489556062,0.02871509713988731,0.04002361498595953,0.11044076442497114,0.1631362124142814,0.088,False,False,2000,1.7821937611887728,5.217268005334008,6.196899957236079
164,2023-01-16 00:00:00,0.0888686836480207,0.02936740108735195,0.04023544618119601,0.11032409434857764,0.1613688074828339,0.0945,False,False,2000,1.824473659842836,4.870921713151838,6.04689981427746
165,2023-01-16 06:00:00,0.10310215033382955,0.027164161993002273,0.04021796114416587,0.11334583912338268,0.16144405715180085,0.063,False,False,2000,1.8130382359719714,5.6867057896634154,6.251707044811323
166,2023-01-16 12:00:00,0.09725627551707205,0.026352631824428735,0.038753371897366884,0.11122583611035242,0.16089429809099132,0.0735,False,False,2000,1.8170586398925093,5.352401589132279,6.121202346938684
167,2023-01-16 18:00:00,0.10389180814731645,0.027886473421097315,0.040345470869763575,0.11781955998767939,0.16838680841059137,0.0715,False,False,2000,1.8189903181555105,5.711509682616929,6.477195552483786
168,2023-01-17 00:00:00,0.09498690798925358,0.028227803606101377,0.03999818475534792,0.11769162792854886,0.1613915331623868,0.0845,False,False,2000,1.8085928762300574,5.2519784434432895,6.507358813326333
169,2023-01-17 06:00:00,0.09468237249786128,0.027901757872295554,0.03958352532196048,0.11150887207456663,0.16114365730469782,0.081,False,False,2000,1.8093991777732459,5.232807313109484,6.1627568667183805
170,2023-01-17 12:00:00,0.11475211308085431,0.02822052419125733,0.0401173036350887,0.11174538993635207,0.17338237932902104,0.047,True,False,2000,1.8085222349177985,6.345076154735254,6.178823117506827
171,2023-01-17 18:00:00,0.11770887351129672,0.031122844473789015,0.04330449154852192,0.12124361411811369,0.16715572153813552,0.055,False,False,2000,1.791995636507865,6.56859152518255,6.765843155421185
172,2023-01-18 00:00:00,0.10066902425955283,0.03258248045905307,0.04363277936437358,0.12444329342195645,0.1789924262278775,0.083,False,False,2000,1.7927701752077307,5.615277722248373,6.941396903121563
173,2023-01-18 06:00:00,0.10188684025298836,0.03200423897031903,0.04162079118759475,0.11913996420557986,0.16309747741012706,0.0815,False,False,2000,1.8003790547972864,5.659188268242784,6.617493348865604
174,2023-01-18 12:00:00,0.13463390824597554,0.032028662523442455,0.04381453887615096,0.12337685478023105,0.17331739142819047,0.034,True,False,2000,1.8055532015277702,7.4566569476908775,6.833188558267662
175,2023-01-18 18:00:00,0.15342504842584237,0.031153741327701632,0.04203555773917631,0.11729739348545802,0.17417664409726527,0.016,True,False,2000,1.806365789186034,8.493575849605588,6.493557073969685
176,2023-01-19 00:00:00,0.15633426547321436,0.032008697535760314,0.04345076600959489,0.11916582630077265,0.17755958269057037,0.0185,True,False,2000,1.7970097887354348,8.699689142106877,6.631339854004372
177,2023-01-19 06:00:00,0.14095815020113467,0.029131274789817824,0.040706066687669455,0.11169569740605624,0.16634231168659763,0.0225,True,False,2000,1.7880823992030934,7.8832021535448495,6.246675066866963
178,2023-01-19 12:00:00,0.15665768771266256,0.029972424780168823,0.041787628771901626,0.11957098363812978,0.1642744305857202,0.013,True,False,2000,1.7786206853888469,8.807818833975476,6.722680368017245
179,2023-01-19 18:00:00,0.15796239496076975,0.02912143741547927,0.04083203085229612,0.11627079896162124,0.1592206020621611,0.0115,True,False,2000,1.7952827415651285,8.79874747879869,6.476461688717415
180,2023-01-20 00:00:00,0.1676444217132532,0.0312992438334095,0.04215775767179431,0.11715091021668202,0.1687088460664568,0.0105,True,False,2000,1.805726602173845,9.284042308034477,6.487743497584216
181,2023-01-20 06:00:00,0.1669727052129281,0.03314849602869459,0.04319876390874237,0.11967220862405276,0.17281900613020934,0.0135,True,False,2000,1.806481348242145,9.24297975040851,6.624602503673989
182,2023-01-20 12:00:00,0.15548526581822922,0.033418401836485936,0.04435887034068264,0.124983280157169,0.18349973869035252,0.0195,True,False,2000,1.7978452797046893,8.648423063622523,6.951837378225257
183,2023-01-20 18:00:00,0.17519380821406202,0.03399292112658957,0.04376724203726269,0.12290987564582428,0.17245841400007253,0.0085,True,True,2000,1.7382518887748952,10.078735386131932,7.070889808291829
184,2023-01-21 00:00:00,0.1855459083246173,0.03175831146767653,0.043171151343741575,0.12068491630592054,0.17573117858242612,0.007,True,True,2000,1.7363795850857568,10.685791857858861,6.950376366004103
185,2023-01-21 06:00:00,0.20052545212268374,0.03433286029747126,0.04430476342109945,0.12451936948732054,0.18076131522830402,0.0075,True,True,2000,1.731919219461578,11.578222001891257,7.189675366385237
186,2023-01-21 12:00:00,0.19661486164668657,0.033548754779362554,0.04334135245076924,0.12100704909669362,0.17460528584197138,0.0045,True,True,2000,1.733548960589407,11.34175417692486,6.980307556790965
187,2023-01-21 18:00:00,0.16815621726425198,0.03620539474050217,0.04655599200785414,0.13080275050252985,0.18449285782228067,0.0165,True,False,2000,1.712941078417242,9.816812696186162,7.636150020022383
188,2023-01-22 00:00:00,0.17560002752673995,0.035214718065032895,0.04403022732711324,0.12547088527393518,0.16983675671643436,0.008,True,True,2000,1.702242927626598,10.315803031214553,7.3709153515988834
189,2023-01-22 06:00:00,0.19258855902187644,0.03543522413687886,0.045270069796594696,0.12693892703902002,0.17350045189942803,0.006,True,True,2000,1.6990979719116348,11.334753039884884,7.4709598350119
190,2023-01-22 12:00:00,0.1967869548044864,0.03394890270965289,0.04375943855584486,0.12381724097436857,0.17602656945303344,0.0045,True,True,2000,1.635815810595279,12.029896858184477,7.569143186683778
191,2023-01-22 18:00:00,0.18424321306682653,0.0363929155443375,0.04555453592553998,0.13152616649825555,0.17644311365424106,0.0075,True,True,2000,1.667251708172543,11.050713708296247,7.888800824347032
192,2023-01-23 00:00:00,0.1785941927818929,0.038180663297587215,0.04725451058116074,0.13360320910181658,0.18368071934058688,0.0125,True,False,2000,1.6718145943809288,10.682655444100016,7.9915087205761415
193,2023-01-23 06:00:00,0.18726742156450388,0.03826738319531988,0.045588503347227964,0.13218799010496407,0.17509387959622727,0.006,True,True,2000,1.6701589306364149,11.212550981189889,7.914695283196418
194,2023-01-23 12:00:00,0.17667377320917874,0.04113588677579885,0.04848266769262214,0.1394816021658866,0.18768216138294305,0.0145,True,False,2000,1.666564728651015,10.601074784067082,8.369408026461034
195,2023-01-23 18:00:00,0.21571062027718885,0.042285488046287685,0.04903078908612879,0.1386088708869634,0.19459306683710434,0.003,True,True,2000,1.6907711400358303,12.758120550402674,8.197967637655918
196,2023-01-24 00:00:00,0.20261677617405346,0.042397144954729314,0.048182178288005854,0.13989339188043012,0.18458021135036143,0.0045,True,True,2000,1.6696340464069017,12.13540036573226,8.378685867210516
197,2023-01-24 06:00:00,0.18801012685233265,0.03917807174642447,0.04670584458691887,0.13517464999672862,0.17603578906239578,0.007,True,True,2000,1.664078506237811,11.298152469824906,8.123093321019736
198,2023-01-24 12:00:00,0.17214449917453167,0.04049036532953492,0.04763252629752148,0.1344197916603665,0.18477869805007346,0.017,True,False,2000,1.6858382924949178,10.21121064463249,7.973468882441566
199,2023-01-24 18:00:00,0.1949356464894247,0.04396312884914337,0.049684205842564264,0.1456644066888391,0.18733339268581872,0.0075,True,True,2000,1.668995960832983,11.679815353904981,8.727666819285716
200,2023-01-25 00:00:00,0.184074736529131,0.04137376479080936,0.04782728829234005,0.14066705518434977,0.18128106830028726,0.0085,True,True,2000,1.6798423552782855,10.95785779842638,8.373824766494034
201,2023-01-25 06:00:00,0.16195170782906246,0.04072048737876331,0.04844407860798813,0.13781878475598044,0.18523753098768136,0.025,True,False,2000,1.6634162387206417,9.736090345830815,8.285285519514883
202,2023-01-25 12:00:00,0.1696821413563662,0.040642647060050746,0.049150557096050436,0.14127034872070815,0.18065040733922397,0.0185,True,False,2000,1.6540580879809343,10.258535814996241,8.540833586633779
203,2023-01-25 18:00:00,0.16367616772336502,0.039516786271979146,0.0472219199213374,0.1320708877432145,0.1889129971006087,0.0215,True,False,2000,1.5990885594906652,10.235591190490316,8.25913530300543
204,2023-01-26 00:00:00,0.195276805495235,0.03840887631681351,0.047801540897741954,0.1381419384010578,0.18225993564158033,0.0085,True,True,2000,1.6791421687328232,11.629557587884417,8.226935215694548
205,2023-01-26 06:00:00,0.17884468954346744,0.03741958038675901,0.04736071076127519,0.13758000343119794,0.18350939527293408,0.012,True,False,2000,1.6279060622517123,10.986179957834317,8.451347815542741
206,2023-01-26 12:00:00,0.16689351783753756,0.039694469881234345,0.04737899323322751,0.13415332214194772,0.1972097926760406,0.0235,True,False,2000,1.5551514124692754,10.731657155655563,8.626383326170059
207,2023-01-26 18:00:00,0.16122043103664188,0.03781445672341865,0.04653061776232885,0.13274508618438952,0.18888229211924684,0.019,True,False,2000,1.5153905196904915,10.638870241155402,8.75979389203925
208,2023-01-27 00:00:00,0.1449909940294081,0.038846769275390255,0.046823669471606835,0.13199481517477263,0.18875778919834182,0.0345,True,False,2000,1.5226431436066594,9.522322721394216,8.66879516247771
209,2023-01-27 06:00:00,0.1537072399848468,0.03757749730406613,0.045087503436587587,0.13005515157190511,0.17782602166921335,0.02,True,False,2000,1.5349846804747764,10.013600913417884,8.472732869990505
210,2023-01-27 12:00:00,0.14372303298639597,0.03870248661029727,0.046469255661055704,0.13388074928025623,0.18557036174139896,0.041,True,False,2000,1.5394880830962216,9.335767815580612,8.696445964751803
211,2023-01-27 18:00:00,0.1356915933645262,0.03653400833380921,0.044992596087253714,0.12738399042006643,0.17637400821889365,0.039,True,False,2000,1.57516617654386,8.614430362023958,8.087019154992594
212,2023-01-28 00:00:00,0.14187900130806635,0.033811003914408305,0.043405472789421244,0.1251185365732443,0.1716933077113889,0.032,True,False,2000,1.6001854598230372,8.86640985500247,7.8190022165981325
213,2023-01-28 06:00:00,0.13105824313570463,0.034694629901351866,0.044393858388795775,0.12522294066027317,0.1682534298648813,0.045,True,False,2000,1.5691866995929156,8.3519853418146,7.980117387737162
214,2023-01-28 12:00:00,0.1283374094303107,0.03549564909137628,0.04416222651515655,0.12593861496733597,0.1721466525323979,0.0455,True,False,2000,1.5350374381538785,8.360539374509093,8.204269930953394
215,2023-01-28 18:00:00,0.12762522478262,0.03758219295514848,0.04661597517999296,0.1302222927812027,0.17746628135904674,0.0555,False,False,2000,1.488032949165087,8.57677411338429,8.75130438840541
216,2023-01-29 00:00:00,0.13607330971280895,0.03363542295366799,0.04388202179854858,0.12477843947574349,0.17987438038354336,0.0335,True,False,2000,1.495614470009528,9.098154132725265,8.342954817423543
217,2023-01-29 06:00:00,0.14441073830262524,0.03283285109241456,0.04181824854465129,0.12072856743631784,0.16372365178598633,0.021,True,False,2000,1.5248611350157284,9.470418976947412,7.917348318741993
218,2023-01-29 12:00:00,0.16311389138023333,0.0327248561284611,0.04389127297565187,0.12254238349918065,0.17649812851975738,0.0175,True,False,2000,1.4771678700068542,11.042339512805437,8.295765565129171
219,2023-01-29 18:00:00,0.14312451243680688,0.03165122502074867,0.04225754843888372,0.1157420806787724,0.17310285703141093,0.024,True,False,2000,1.4767789379692486,9.691668045700906,7.837468269823233
220,2023-01-30 00:00:00,0.1371601163670866,0.03344663832898915,0.04374430963025865,0.12348767938110933,0.1757893073560145,0.0335,True,False,2000,1.4509232571714739,9.453299179618615,8.510972497735297
221,2023-01-30 06:00:00,0.16019053645058795,0.032726134657574686,0.043465590860672386,0.1234713756971933,0.17323169824413864,0.016,True,False,2000,1.486985145402818,10.772840397621659,8.303470688925103
222,2023-01-30 12:00:00,0.1677791756876512,0.03501931227695566,0.04409189549145707,0.12512071706178687,0.1751190617934763,0.012,True,False,2000,1.4819347749293235,11.321630244870455,8.443065051075148
223,2023-01-30 18:00:00,0.1733986147435836,0.03430588685796759,0.04419670140264367,0.12596536768182612,0.1741868758765271,0.0105,True,False,2000,1.5068043896844876,11.507705706902794,8.359769094394675
224,2023-01-31 00:00:00,0.1824821857515847,0.033476571145223497,0.04339729826057187,0.12353807883782267,0.16921692864344087,0.006,True,True,2000,1.5136404846499167,12.055847316596465,8.161652657328021
225,2023-01-31 06:00:00,0.19556183759182605,0.03515955902267335,0.04422761662734032,0.12427154918818416,0.17230303952584833,0.004,True,True,2000,1.5011197455309901,13.02773067731849,8.278590003106359
226,2023-01-31 12:00:00,0.18354011929295905,0.036502457565969135,0.04582803411688685,0.1331933046098799,0.1800854781480478,0.009,True,True,2000,1.4570994425259103,12.59626583720248,9.140989332820464
227,2023-01-31 18:00:00,0.14935649524055739,0.032853540662270427,0.04278702109604774,0.12126251708408474,0.16756787792281386,0.024,True,False,2000,1.4578844425266213,10.244741687599845,8.317704308163673
228,2023-02-01 00:00:00,0.1426626887817341,0.03524477538940498,0.0450289487626128,0.1287435655590605,0.17851333820867238,0.0325,True,False,2000,1.4536004651129693,9.814436098893708,8.856874268339956
229,2023-02-01 06:00:00,0.13421786345254358,0.032459549651695896,0.04463643335818291,0.1260556971186933,0.177292854323042,0.0415,True,False,2000,1.4540594225529655,9.230562477074733,8.669225972716504
230,2023-02-01 12:00:00,0.11252297315624761,0.03123660529778849,0.04174499672626322,0.11751992083783291,0.16232646094399453,0.061,False,False,2000,1.4622625675272707,7.695127787243251,8.036854901959407
231,2023-02-01 18:00:00,0.11132368591207809,0.031697298265441556,0.04255745804495065,0.11852739717558575,0.17086395371729524,0.0615,False,False,2000,1.4872752874078108,7.485076021541742,7.969432302083665
232,2023-02-02 00:00:00,0.11255534157528528,0.03521147174524432,0.0451806918440541,0.12985037051524675,0.1791431034427852,0.083,False,False,2000,1.4999198270936198,7.504090521516919,8.657154080485526
233,2023-02-02 06:00:00,0.11676050801914263,0.03390228636457108,0.045500365330490004,0.12821032207670252,0.18464546697994894,0.07,False,False,2000,1.4990434427895614,7.789000951290889,8.552808972508274
234,2023-02-02 12:00:00,0.1409410935819722,0.03217521883757279,0.042858080298577135,0.1225806642917886,0.1730294638817278,0.029,True,False,2000,1.536746051225994,9.171397803139394,7.976637662025908
235,2023-02-02 18:00:00,0.1521409244059657,0.03318125974400974,0.042148772277906726,0.11700753252384892,0.16541007467599142,0.018,True,False,2000,1.5355915895396117,9.907642464464091,7.619703918730705
236,2023-02-03 00:00:00,0.16586876288550492,0.031459710705479586,0.04127687678590153,0.11713702453312398,0.16302699507021184,0.0095,True,True,2000,1.554488131625434,10.670313880882835,7.535408096724476
237,2023-02-03 06:00:00,0.15074526086027126,0.03242078949593553,0.04043029377167722,0.1137039691395537,0.15598166156922869,0.013,True,False,2000,1.5773134884899227,9.557089441021056,7.208710885266746
238,2023-02-03 12:00:00,0.13999289081850982,0.03119625665069427,0.04094611939546514,0.1157740323585052,0.16211432782020344,0.02,True,False,2000,1.5830096099798958,8.843464369132144,7.313539452232101
239,2023-02-03 18:00:00,0.16139644551354945,0.03143109302538924,0.040907207017161565,0.11718431714495761,0.16058794910578744,0.01,True,True,2000,1.5894058131602455,10.154514610251857,7.372838086703472
240,2023-02-04 00:00:00,0.15476023386868135,0.03316864040451619,0.04245805693749664,0.12332119331875523,0.16865512204893585,0.017,True,False,2000,1.5486984531871113,9.992922350390147,7.962892522102607
241,2023-02-04 06:00:00,0.14407906626189607,0.03306759183252524,0.04287212942285102,0.12175131672268226,0.1707372254615098,0.0255,True,False,2000,1.5506196394172596,9.291709107724355,7.851784772211307
242,2023-02-04 12:00:00,0.1245915597011015,0.033963597614126526,0.04288985780934658,0.11949456801435801,0.1700869792646258,0.046,True,False,2000,1.5720072467480735,7.925635200399829,7.601400582697693
243,2023-02-04 18:00:00,0.11869203056868206,0.03244701318299739,0.042326249378692685,0.11832228411836462,0.16418655586017508,0.0495,True,False,2000,1.6100160971097104,7.372102103932822,7.34913671551334
244,2023-02-05 00:00:00,0.10087087714434056,0.03164596152936394,0.04251813600488853,0.120607089246086,0.16353285490518935,0.087,False,False,2000,1.6240963484443771,6.21089242894725,7.42610432943884
245,2023-02-05 06:00:00,0.10892446211010313,0.035133269391908556,0.04415427750998679,0.12512677195778277,0.16909816566646615,0.078,False,False,2000,1.638589638453489,6.647452147500867,7.636248211350718
246,2023-02-05 12:00:00,0.07794558402394713,0.030741422668974352,0.04017813006242707,0.11057032524090349,0.15914312901593194,0.144,False,False,2000,1.6336960017570425,4.771119225370971,6.768108945727047
247,2023-02-05 18:00:00,0.06956749215507749,0.031480111605796376,0.04226196444559484,0.11995427462843787,0.1686150605628244,0.179,False,False,2000,1.6497359016519972,4.216886598965,7.271119850657258
248,2023-02-06 00:00:00,0.06540327653764068,0.036138049521731004,0.04564360301897414,0.13412216354256445,0.16979554037992814,0.23,False,False,2000,1.6806983010589445,3.89143467905171,7.980145125276747
249,2023-02-06 06:00:00,0.06745366217023016,0.03384652227395523,0.04395680302256008,0.1257249673093403,0.1751720427035624,0.1985,False,False,2000,1.6618039428869664,4.0590625903225614,7.565571609544071
250,2023-02-06 12:00:00,0.06407106336721549,0.038511056239857594,0.0459413027101679,0.13077473591815222,0.17770853346086113,0.2635,False,False,2000,1.6579217942918805,3.864540751427968,7.88787121132018
251,2023-02-06 18:00:00,0.054716722044530285,0.038387966752158845,0.045411671584390405,0.12784004821789996,0.17401114162880782,0.3015,False,False,2000,1.6017664238642606,3.416023786572216,7.981191658986453
252,2023-02-07 00:00:00,0.04287916852354232,0.038235203260224296,0.04562785679718511,0.13206415730732748,0.17697784695283,0.368,False,False,2000,1.6145917249369897,2.655728247660609,8.179414973310442
253,2023-02-07 06:00:00,0.04583954180441011,0.03772595442454486,0.04602682217762198,0.1316744945907172,0.1734750380915969,0.3445,False,False,2000,1.6420150312492536,2.7916639575178035,8.019079733425983
254,2023-02-07 12:00:00,0.03795483384163962,0.03400292678637561,0.04312827931131163,0.12006505008164098,0.16719598747403333,0.3645,False,False,2000,1.6703515293756337,2.2722662370253817,7.188010904897396
255,2023-02-07 18:00:00,0.03594128250770902,0.03875238567127685,0.047550671923326106,0.13340627836081662,0.1872452398941816,0.409,False,False,2000,1.6929817754022949,2.1229574369853137,7.87995950689522
256,2023-02-08 00:00:00,0.06197309206390396,0.037433033572913825,0.0458863118520326,0.12846092992171315,0.17730190738118032,0.2645,False,False,2000,1.687962169848252,3.6714739921852244,7.61041522235429
257,2023-02-08 06:00:00,0.036550454351812214,0.03630364634044904,0.04539751692184688,0.12744753245787246,0.1737454993987953,0.3825,False,False,2000,1.6800112556741644,2.175607706696289,7.5861118208240566
258,2023-02-08 12:00:00,0.014781145166318291,0.039137639736351,0.04710517861712171,0.1330592930784917,0.1891370697733269,0.5465,False,False,2000,1.6924707250126978,0.8733471691929794,7.861837201201423
259,2023-02-08 18:00:00,0.010238635799125538,0.03710781121809264,0.04501250342054281,0.1247915654327021,0.17543629130646052,0.5665,False,False,2000,1.6816603499570193,0.6088408874828511,7.420735431854094
260,2023-02-09 00:00:00,0.0011780286712823002,0.034958243072708124,0.04417788859386618,0.12297894510063195,0.17590410789942348,0.59,False,False,2000,1.6803631560104875,0.0701055999156261,7.318593285073457
261,2023-02-09 06:00:00,1.6201204450360172e-05,0.033480938672574054,0.04292197539866493,0.12011204320278547,0.17320578799473077,0.5875,False,False,2000,1.7149716102471184,0.0009446922825752002,7.003733617810615
262,2023-02-09 12:00:00,0.0007087173960538981,0.03671026298017682,0.04625592272524055,0.1301108629929814,0.18281156732664747,0.6015,False,False,2000,1.694412366137301,0.04182673652633562,7.678819252812176
263,2023-02-09 18:00:00,0.0,0.03376427308922114,0.04336515972646818,0.1221111670427324,0.16786195844436683,1.0,False,False,2000,1.6808587247313236,0.0,7.264808472362912
264,2023-02-10 00:00:00,0.0,0.03730860286571732,0.04475814186548711,0.1209484555213118,0.18340636149003034,1.0,False,False,2000,1.665404905295071,0.0,7.262405384826373
265,2023-02-10 06:00:00,0.005481030497588499,0.03462907640492658,0.04381748115576365,0.12414430667398212,0.1765113353651622,0.571,False,False,2000,1.7233623692650266,0.31804283274016415,7.203610156982059
266,2023-02-10 12:00:00,0.007932104807241613,0.03855270584865286,0.04589178741758698,0.13012309973210495,0.1884617868322814,0.5865,False,False,2000,1.678047270014304,0.47269853173885845,7.754435888507226
267,2023-02-10 18:00:00,0.02819634295509678,0.03843402523327093,0.04586482195204849,0.12929450158863875,0.1860504682076444,0.461,False,False,2000,1.6645365431848298,1.6939455652410909,7.767597660622938
268,2023-02-11 00:00:00,0.018282180820489408,0.03897617387717746,0.04578575691033914,0.13017567684284817,0.17798940816708003,0.5305,False,False,2000,1.6587633246324358,1.1021572848278727,7.847754704348415
269,2023-02-11 06:00:00,0.019057505333637162,0.03848337673707443,0.04481144082582241,0.1269721480174048,0.16290287283562163,0.5205,False,False,2000,1.6564925818773153,1.1504733279299777,7.665120230934347
270,2023-02-11 12:00:00,0.02097289302265321,0.039763943960111604,0.04560759222302939,0.13113634222278364,0.17608127958739017,0.527,False,False,2000,1.655336611032983,1.2669865985484035,7.922034790310738
271,2023-02-11 18:00:00,0.018790182936045084,0.038228201275909895,0.04641202896532492,0.13467487673715275,0.18327079452529232,0.518,False,False,2000,1.642264542294616,1.144162980575038,8.200559244187383
272,2023-02-12 00:00:00,0.03301189093309482,0.0390148672449853,0.045086773131595016,0.12754479294136056,0.1778738856605604,0.44,False,False,2000,1.5952498335390177,2.0693868909460313,7.995286397141064
273,2023-02-12 06:00:00,0.04056271552185107,0.038165255800004155,0.04536598179987505,0.1326858106470144,0.17715097210112105,0.374,False,False,2000,1.5819877211446558,2.5640347886203374,8.387284482272015
274,2023-02-12 12:00:00,0.03858655153151015,0.03604371073313125,0.044673818732743634,0.12654984384650025,0.17949619730368235,0.379,False,False,2000,1.578460919979456,2.4445680626678024,8.01729344354926
275,2023-02-12 18:00:00,0.03501949994505807,0.03343110746346405,0.043052840563438874,0.12258157915857441,0.1762167863121414,0.364,False,False,2000,1.6051334657756056,2.1817188845499857,7.636846516021184
276,2023-02-13 00:00:00,0.049175662591641314,0.0350790746202748,0.044148017158850604,0.12809816007467087,0.1674697665705307,0.3005,False,False,2000,1.6346915031212543,3.0082533920159293,7.836228415580693
277,2023-02-13 06:00:00,0.03597863201551423,0.032539665909323945,0.042394265041307756,0.12027905392285938,0.165561112459181,0.3585,False,False,2000,1.6423346111714547,2.190700468149494,7.323663101581107
278,2023-02-13 12:00:00,0.05026508713306303,0.03332697394478804,0.043156217728319624,0.12360216473273936,0.17397719633383182,0.2785,False,False,2000,1.6088948964971612,3.12419955103958,7.682426304032809
279,2023-02-13 18:00:00,0.06473870207618561,0.03451440216425765,0.045330180526315836,0.13085629635386323,0.17894685542292188,0.215,False,False,2000,1.6101759893819556,4.020597903775394,8.126831925005332
280,2023-02-14 00:00:00,0.056464867330906617,0.031866813104080786,0.04259586996618075,0.11776070934716941,0.18051397229209767,0.24,False,False,2000,1.6203214274508322,3.484794212697654,7.2677375829335435
281,2023-02-14 06:00:00,0.05487163985229224,0.0325270637222359,0.043033979869869836,0.12091170369360783,0.17802210146186304,0.2445,False,False,2000,1.628832495729169,3.368771190172517,7.4232128847282155
282,2023-02-14 12:00:00,0.04333464492269041,0.02790274441984971,0.040083988699188305,0.11287622256386248,0.16158807763472366,0.258,False,False,2000,1.6403762064625003,2.6417503955475143,6.881118009342627
283,2023-02-14 18:00:00,0.03765853867083381,0.028294277077205505,0.040523128490544826,0.11366632635488207,0.1643379268727549,0.298,False,False,2000,1.6375015458561157,2.2997559157200818,6.941448491607698
284,2023-02-15 00:00:00,0.029571495275620082,0.02978479142807842,0.040576233461498405,0.11362691750550459,0.15781487362538216,0.3655,False,False,2000,1.611316688747839,1.8352379443547013,7.051805414726049
285,2023-02-15 06:00:00,0.032507240678830956,0.029389725633398086,0.040302675308225976,0.11138854454200238,0.15586061946236546,0.3455,False,False,2000,1.5879165876432062,2.047162989025662,7.014760435705619
286,2023-02-15 12:00:00,0.020632298901119134,0.027456832571611665,0.03944652317063485,0.1109535038030907,0.15611174077527878,0.397,False,False,2000,1.6082061804066055,1.2829386649852716,6.89920889217315
287,2023-02-15 18:00:00,0.0019672303643924974,0.02759785177579793,0.04039252754678441,0.11451175913699355,0.16063781514864237,0.509,False,False,2000,1.627318799569265,0.12088782879625085,7.036836246671744
288,2023-02-16 00:00:00,0.025108935836094148,0.02766126807188373,0.03995590922866723,0.1110537105821987,0.15824060944022467,0.366,False,False,2000,1.6282428026393743,1.5420879364792939,6.820463778631856
289,2023-02-16 06:00:00,0.016724780716046928,0.026161394672615586,0.03845951370579827,0.11116066086188284,0.14933262718141269,0.3965,False,False,2000,1.6407941388464795,1.019310120634931,6.774808504620308
290,2023-02-16 12:00:00,0.014606561666413753,0.02520905743024327,0.0376837121339837,0.10323838422415879,0.1528983268459353,0.407,False,False,2000,1.641841056353853,0.8896452923921593,6.2879645885715165
291,2023-02-16 18:00:00,0.01814648341525591,0.02691070854202816,0.04014169535984465,0.11233014024804225,0.16772440778677858,0.3945,False,False,2000,1.6649308004395316,1.0899241824624393,6.746835377085208
292,2023-02-17 00:00:00,0.02712273357110833,0.028008778344967955,0.039889337481310905,0.11001505857589748,0.1579779106241301,0.355,False,False,2000,1.6457836017819654,1.6480133561752166,6.684661243238731
293,2023-02-17 06:00:00,0.01909872365608795,0.027129276221220303,0.039005763687761215,0.10855104811641651,0.16785598443377797,0.3905,False,False,2000,1.6489573671410152,1.1582302876151114,6.583011197228453
294,2023-02-17 12:00:00,0.00987309594684501,0.029411790434530207,0.04065657149151592,0.11563843066781436,0.15554117369769593,0.4785,False,False,2000,1.6236452544894182,0.6080820868687703,7.122148778994138
295,2023-02-17 18:00:00,0.019731326903201278,0.026631635783415767,0.03808536972774139,0.10639826725628657,0.1563564117711546,0.3985,False,False,2000,1.6170743004766635,1.2201867840819123,6.57967708873511
296,2023-02-18 00:00:00,0.037001381626776325,0.0269353338026039,0.03848881955039629,0.10997065686843326,0.15162351398394458,0.288,False,False,2000,1.6231352734111886,2.2796240235118574,6.775199742737302
297,2023-02-18 06:00:00,0.0373963466977597,0.027129503049402048,0.039838665545047634,0.11133078975417784,0.15836231719269947,0.2885,False,False,2000,1.6232132155094627,2.3038468600702253,6.858667037111048
298,2023-02-18 12:00:00,0.04558418443961902,0.02622935619494504,0.038899274505478275,0.1085327324108813,0.15635967380775775,0.241,False,False,2000,1.6731541649934105,2.7244461624251195,6.48671441530367
299,2023-02-18 18:00:00,0.06231997495641851,0.026630303597974615,0.0390899861495252,0.11087483698461023,0.15372235106445095,0.174,False,False,2000,1.6945349876478266,3.6777036420430878,6.5430833705307485
300,2023-02-19 00:00:00,0.07317175890128552,0.026743236880380137,0.03842632511144173,0.11108887534974722,0.15120261489672202,0.1305,False,False,2000,1.7244774145688626,4.243126542749139,6.441886359962598
301,2023-02-19 06:00:00,0.06114783399022044,0.03127742939894705,0.0416727750809917,0.11618319927309943,0.17183212445899232,0.2125,False,False,2000,1.7376974193925026,3.51889997118127,6.686043149774429
302,2023-02-19 12:00:00,0.05086449927037927,0.028912317930513437,0.04014321211915799,0.11326016982290507,0.15647475165737026,0.242,False,False,2000,1.7405938378493508,2.922249761220953,6.506984418768681
303,2023-02-19 18:00:00,0.0557569391943743,0.02990201077548934,0.04213236982727907,0.11993950441678722,0.16875844760247286,0.229,False,False,2000,1.72588375888634,3.2306312002352087,6.949454376590259
304,2023-02-20 00:00:00,0.05704047579503152,0.0287158895949754,0.03949761137723809,0.10909957823512975,0.15224535939052225,0.212,False,False,2000,1.711919469608025,3.331960224045584,6.372938690866696
305,2023-02-20 06:00:00,0.043060431829587124,0.028183489941554833,0.04031912008269905,0.11475056986942199,0.16067531381484618,0.269,False,False,2000,1.7108380894937254,2.5169203382845917,6.707272334775946
306,2023-02-20 12:00:00,0.025058540006709998,0.027705660393662655,0.03892248137707762,0.11062893389738214,0.14936200918118592,0.3705,False,False,2000,1.7073300215975729,1.4677033549297263,6.479645557562742
307,2023-02-20 18:00:00,0.0,0.028617389401533935,0.040216844260395984,0.11104239266685735,0.1623271607715958,1.0,False,False,2000,1.6788476009479423,0.0,6.614203254908816
308,2023-02-21 00:00:00,0.01465201323682935,0.02848568612134672,0.04018273314635357,0.11248349225059165,0.16742812563108786,0.4445,False,False,2000,1.6797769744168352,0.8722594403888683,6.696334928012829
309,2023-02-21 06:00:00,0.0,0.02846244190253694,0.039815843985149875,0.1107864261519999,0.16473904754306648,1.0,False,False,2000,1.6967480249451692,0.0,6.529338742302647
310,2023-02-21 12:00:00,0.007201039213902445,0.027333208134310484,0.039070907839094254,0.11039927926453802,0.15757090551251138,0.4865,False,False,2000,1.6538961652460815,0.43539850718687706,6.675103406392615
311,2023-02-21 18:00:00,0.005840668413707183,0.026441100085810566,0.03830533277539095,0.10869757901755983,0.15304149664970762,0.473,False,False,2000,1.6605317070868557,0.35173483220948104,6.545950225078978
312,2023-02-22 00:00:00,0.0,0.027097865405693193,0.03816333862003858,0.1042067509211382,0.1519389868837354,1.0,False,False,2000,1.6624442421309646,0.0,6.268285472694305
313,2023-02-22 06:00:00,0.0,0.026042548855475103,0.039250379803408536,0.11155435889978456,0.16022849035267628,1.0,False,False,2000,1.7389998042115709,0.0,6.4148574732221535
314,2023-02-22 12:00:00,0.0,0.025471116609595397,0.037909719830007974,0.10544790198239333,0.15754666041248694,1.0,False,False,2000,1.7259640641252525,0.0,6.109507386287101
315,2023-02-22 18:00:00,0.0,0.02719471740086203,0.03982656102407536,0.1092804326544496,0.1611534813833922,1.0,False,False,2000,1.712273045739087,0.0,6.382184951540816
316,2023-02-23 00:00:00,0.0,0.02946161591036249,0.0407309178390732,0.11504575631430654,0.15984917591065517,1.0,False,False,2000,1.7095412659396787,0.0,6.729627333743808
317,2023-02-23 06:00:00,0.0,0.02965327945506206,0.042096136051876995,0.12044758770193777,0.16748898332257633,1.0,False,False,2000,1.7175210710250002,0.0,7.012873945706867
318,2023-02-23 12:00:00,0.009328453082226601,0.031265352039861034,0.0423179112752195,0.11820665311581645,0.17472604107381873,0.508,False,False,2000,1.6961859508242902,0.5499664159871906,6.968967822093558
319,2023-02-23 18:00:00,0.012664852125573424,0.030524925181947264,0.04136941394818953,0.11358337596278743,0.16930733252302782,0.4725,False,False,2000,1.685945893611027,0.7512015761340557,6.737071242512414
320,2023-02-24 00:00:00,0.001245604358473862,0.02820085513766331,0.04052926269742236,0.11096299838770686,0.1705403684522594,0.5255,False,False,2000,1.6484969181848776,0.07556000528319874,6.731162015752245
321,2023-02-24 06:00:00,0.029338655079012923,0.02789173727908688,0.039359105990739246,0.1128280501588922,0.15151301524634056,0.3455,False,False,2000,1.654621518219891,1.7731339013756235,6.818964271676897
322,2023-02-24 12:00:00,0.031330471523781774,0.030320491116233115,0.04119666814223274,0.11376880036719556,0.15828461498990457,0.3585,False,False,2000,1.6312008935459956,1.9206997524182226,6.974542548212965
323,2023-02-24 18:00:00,0.0315500141275161,0.030653302688804663,0.042462944857979655,0.12069267796724567,0.16158877658429857,0.3545,False,False,2000,1.6505187680159585,1.911521076821288,7.312408698770925
324,2023-02-25 00:00:00,0.04743245520398013,0.028374214484938657,0.03953552632673926,0.10855083161323474,0.160295478311169,0.256,False,False,2000,1.6442465378536675,2.8847532357219694,6.601858609046098
325,2023-02-25 06:00:00,0.06486300102107191,0.030239504345921712,0.04184398366734153,0.11753083570074843,0.16297643051099356,0.196,False,False,2000,1.5816447528209818,4.100984175200145,7.430925022267067
326,2023-02-25 12:00:00,0.04200454009251599,0.031048766062607768,0.04289255539770902,0.11887781769013969,0.18007681852501678,0.297,False,False,2000,1.5704621813308288,2.674661038759993,7.56960715790056
327,2023-02-25 18:00:00,0.024277720942184035,0.030101133041601214,0.042022387274238494,0.11848040220666244,0.16793320084912858,0.388,False,False,2000,1.5969572722136403,1.5202486230912864,7.419134141418167
328,2023-02-26 00:00:00,0.02526115984994621,0.03219871367202717,0.04258989051206582,0.12056047973440878,0.1671420566511116,0.4135,False,False,2000,1.5955207743204982,1.58325483795123,7.556183640777299
329,2023-02-26 06:00:00,0.016059390893329924,0.03304692820210787,0.043856086663743264,0.12170993641955817,0.17848019117609143,0.4705,False,False,2000,1.5901351045601744,1.0099387685533736,7.654062605782337
330,2023-02-26 12:00:00,0.008474877097187807,0.030475462084308482,0.042203657468624395,0.11622035654244744,0.16829358516391832,0.494,False,False,2000,1.5576979935957367,0.5440641980686315,7.4610326918485885
331,2023-02-26 18:00:00,0.013845386100015636,0.02903849897343738,0.0400898931964292,0.11213241709776013,0.15517446834428375,0.4545,False,False,2000,1.5585442422173235,0.888353742227937,7.1946893813056345
332,2023-02-27 00:00:00,0.036458054309540196,0.031018028101303875,0.04264174258425607,0.11818894823224718,0.1667017622175573,0.3335,False,False,2000,1.5541634632895032,2.3458313858681246,7.604666498985341
333,2023-02-27 06:00:00,0.030876291153329422,0.030886951297205995,0.042312873138584714,0.11716312827151754,0.17463423716321883,0.3615,False,False,2000,1.542615144525488,2.001555038721407,7.59509775897845
334,2023-02-27 12:00:00,0.025712171050543974,0.02995498680171012,0.0416885344121237,0.11485123812160254,0.16641662456171352,0.381,False,False,2000,1.5421568449764407,1.66728638103842,7.447442100051576
335,2023-02-27 18:00:00,0.02368654743129655,0.029150836592705044,0.04103270420968919,0.11245325452989731,0.1735343882653767,0.388,False,False,2000,1.5409413384846387,1.5371479004249373,7.2976986028867135
336,2023-02-28 00:00:00,0.01250013887136885,0.03122550757780687,0.043619520328769854,0.12537557585944462,0.18375967995074355,0.467,False,False,2000,1.54849699311438,0.8072433415726707,8.096597953818806
337,2023-02-28 06:00:00,0.0,0.02946139057524932,0.04075873746369695,0.11732654028273731,0.1606369901022467,1.0,False,False,2000,1.5241430615482332,0.0,7.697869264552919
338,2023-02-28 12:00:00,0.0,0.029096332864852824,0.041642974990084757,0.11283038384855999,0.1678533120870711,1.0,False,False,2000,1.5307406777777806,0.0,7.370966584121816
339,2023-02-28 18:00:00,0.0,0.0313548955937157,0.04245225605814689,0.1195017370106357,0.1672106484398147,1.0,False,False,2000,1.544729639212737,0.0,7.736094004873182
340,2023-03-01 00:00:00,0.0,0.03212080230367255,0.04342494036748736,0.1224968244635979,0.17190338125190133,1.0,False,False,2000,1.5548278569446516,0.0,7.878481461241179
341,2023-03-01 06:00:00,0.0,0.030040462812695474,0.04082988492084656,0.11619531320342405,0.15424251341098502,1.0,False,False,2000,1.5201416236796548,0.0,7.64371630862667
342,2023-03-01 12:00:00,0.0,0.03127464353895588,0.04274795367109915,0.11867149562491983,0.16954067522991675,1.0,False,False,2000,1.5382227162206827,0.0,7.714844825363669
343,2023-03-01 18:00:00,0.0,0.03449150062066274,0.044612244898043746,0.12377127232782792,0.1774131608989943,1.0,False,False,2000,1.5528392525179318,0.0,7.970642944988193
344,2023-03-02 00:00:00,0.0,0.0344638711634923,0.04488076453558987,0.1265201532742838,0.16972593316720044,1.0,False,False,2000,1.551369992703884,0.0,8.155382266597263
345,2023-03-02 06:00:00,0.0,0.0304327990380069,0.04178409576682662,0.11530584663131917,0.17139191558090616,1.0,False,False,2000,1.5727385680195602,0.0,7.3315329690500155
346,2023-03-02 12:00:00,0.0,0.03110621751900319,0.041707466258956355,0.11663226552761174,0.16654417552453601,1.0,False,False,2000,1.595823218108948,0.0,7.308595601574283
347,2023-03-02 18:00:00,0.0,0.028971494925638167,0.03983452362208092,0.11232177411004987,0.15192512321581575,1.0,False,False,2000,1.5927554726230755,0.0,7.052041323397214
348,2023-03-03 00:00:00,0.0,0.028660261761324222,0.03957431600552183,0.11194682431570867,0.1628569005172677,1.0,False,False,2000,1.5689281130884387,0.0,7.13524242327082
349,2023-03-03 06:00:00,0.0,0.03252669920070244,0.043188078821658815,0.12192631973268159,0.17172757234637942,1.0,False,False,2000,1.6127283146441866,0.0,7.560251694320998
350,2023-03-03 12:00:00,0.0,0.030119344185715387,0.041604073139980345,0.11802593794518573,0.16656789902508384,1.0,False,False,2000,1.5659639822588156,0.0,7.536950995190829
351,2023-03-03 18:00:00,0.0,0.03225304197548219,0.04384321969004382,0.1250028904440509,0.1838914750209592,1.0,False,False,2000,1.5126337228714322,0.0,8.263923285192794
352,2023-03-04 00:00:00,0.0,0.03268316073657056,0.04265277685353086,0.11770587100055133,0.17451989548070224,1.0,False,False,2000,1.4474060738011936,0.0,8.132194076775628
353,2023-03-04 06:00:00,0.0,0.030429752345596747,0.041676881416114676,0.11485935615857629,0.16355600810871976,1.0,False,False,2000,1.419851984241781,0.0,8.089530277334694
354,2023-03-04 12:00:00,0.0,0.02798470652254335,0.040137141536309685,0.11269315261507,0.16213642124363853,1.0,False,False,2000,1.363421221783189,0.0,8.265468573804439
355,2023-03-04 18:00:00,0.0,0.028832309038376813,0.0413413429023319,0.1164207304276089,0.17212278334715894,1.0,False,False,2000,1.3414750944936702,0.0,8.67856070570964
356,2023-03-05 00:00:00,0.0,0.030103070655210038,0.04235934851951875,0.11717883820568621,0.16844839220289404,1.0,False,False,2000,1.3582322560058315,0.0,8.627304916927486
357,2023-03-05 06:00:00,0.0,0.02780651185311603,0.04039045500734295,0.11222154284043699,0.17098260705376406,1.0,False,False,2000,1.3201050555531466,0.0,8.500955463231238
358,2023-03-05 12:00:00,0.0,0.02828938733129502,0.0426333036576018,0.11986088095040652,0.1708152684430433,1.0,False,False,2000,1.3028226879531848,0.0,9.200091620964585
359,2023-03-05 18:00:00,0.0,0.029890847562030053,0.04004512674526408,0.11251476639987991,0.15518541812717712,1.0,False,False,2000,1.2824797031397168,0.0,8.773220045855357
360,2023-03-06 00:00:00,0.0,0.02806416112908553,0.04048921979614491,0.11439233721347926,0.15936708866913116,1.0,False,False,2000,1.2512997783335775,0.0,9.141881041953162
361,2023-03-06 06:00:00,0.0,0.028016057099339152,0.0402963927127018,0.11310070459131634,0.15495477548823947,1.0,False,False,2000,1.2649438661226042,0.0,8.941163922000795
362,2023-03-06 12:00:00,0.0,0.029204262633606117,0.04148032392075941,0.11544412954106212,0.17438536617978154,1.0,False,False,2000,1.2558029367360153,0.0,9.192853923491807
363,2023-03-06 18:00:00,0.0,0.028670088895722357,0.04163707971611521,0.11600670865840766,0.17175638506082355,1.0,False,False,2000,1.279381587272699,0.0,9.06740489408661
364,2023-03-07 00:00:00,0.0,0.029341566490373415,0.042633725843247657,0.1164112490650775,0.1681953809164126,1.0,False,False,2000,1.27825120306446,0.0,9.10707134763456
365,2023-03-07 06:00:00,0.0,0.02831820921679998,0.04222580855134957,0.11813192335003513,0.1711156588871638,1.0,False,False,2000,1.2781163051504714,0.0,9.242658346035853
366,2023-03-07 12:00:00,0.0,0.030406185668608664,0.04257030735453373,0.12088815684088029,0.17361925924540228,1.0,False,False,2000,1.2890951983303995,0.0,9.377752473009851
367,2023-03-07 18:00:00,0.0,0.028295374447091643,0.041491175135458414,0.11562939552996221,0.16950667964769833,1.0,False,False,2000,1.3608212984567956,0.0,8.497030114173606
368,2023-03-08 00:00:00,0.0,0.027105936682972943,0.03919386512983946,0.10980084685488535,0.155332592566976,1.0,False,False,2000,1.3687847175784182,0.0,8.021776211027488
369,2023-03-08 06:00:00,0.0,0.029376436917730044,0.04184113596863449,0.1175127138881169,0.17465450647615574,1.0,False,False,2000,1.4268740188399147,0.0,8.23567549317758
370,2023-03-08 12:00:00,0.0,0.030245086527474388,0.04324384167360789,0.12228343956237354,0.173887749902635,1.0,False,False,2000,1.478655295988715,0.0,8.26990846981735
371,2023-03-08 18:00:00,0.0,0.029734359521623614,0.043258186127470115,0.1212915440604142,0.18221225376211486,1.0,False,False,2000,1.4428751359717316,0.0,8.406239808043273
372,2023-03-09 00:00:00,0.0,0.029754616109612136,0.042237658564742306,0.1198169295733011,0.16082076360883557,1.0,False,False,2000,1.4398622407829273,0.0,8.321416186881216
373,2023-03-09 06:00:00,0.0,0.028452651954381254,0.04029308465819044,0.1143015043451921,0.1613479909192135,1.0,False,False,2000,1.4633900083559406,0.0,7.8107342330159275
374,2023-03-09 12:00:00,0.0,0.028867026449961385,0.040930831081357935,0.11591523624025606,0.16373244299074954,1.0,False,False,2000,1.4924494884764052,0.0,7.766777846437556
375,2023-03-09 18:00:00,0.0,0.028967198432044143,0.041225149868813905,0.11635958337291039,0.1643065051288016,1.0,False,False,2000,1.4884164012777261,0.0,7.8176767786905526
376,2023-03-10 00:00:00,0.0,0.027539703356679764,0.040372920027419816,0.11449140405977432,0.15798061132801028,1.0,False,False,2000,1.5120782917506255,0.0,7.571790738905499
377,2023-03-10 06:00:00,0.0,0.028673079410056482,0.041566667352313125,0.11712733269542869,0.164777744623181,1.0,False,False,2000,1.4993237063184703,0.0,7.81201098880976
378,2023-03-10 12:00:00,0.0,0.027518416954206634,0.04106760313754882,0.11386637006406694,0.16989620592064122,1.0,False,False,2000,1.475627512994105,0.0,7.716471064776212
379,2023-03-10 18:00:00,0.0,0.027257067212181012,0.039616674846204056,0.10990005626834527,0.15685683307095621,1.0,False,False,2000,1.503816988062429,0.0,7.3080738640906295
380,2023-03-11 00:00:00,0.0,0.02557050715940709,0.03839420704580204,0.10733592313889835,0.15321448964800138,1.0,False,False,2000,1.5273115197593794,0.0,7.027768844158827
381,2023-03-11 06:00:00,0.0,0.025683436953391363,0.03917589434904939,0.10830871568362843,0.15878291021913132,1.0,False,False,2000,1.492807460635052,0.0,7.255370738672022
382,2023-03-11 12:00:00,0.0,0.027432786444776272,0.04077422812616436,0.11462958991860897,0.1605702747576552,1.0,False,False,2000,1.5111974698320683,0.0,7.585348189561697
383,2023-03-11 18:00:00,0.0,0.025205799086024102,0.03807806361835105,0.10854216583355436,0.15814593368221933,1.0,False,False,2000,1.5549500684235902,0.0,6.980427734479893
384,2023-03-12 00:00:00,0.0,0.025064186036196857,0.038181021001139015,0.11044962295811503,0.15508347192563035,1.0,False,False,2000,1.5309310891630967,0.0,7.214539161164579
385,2023-03-12 06:00:00,0.005223875653398609,0.024346709549438204,0.03829414079049158,0.10609458912101907,0.15669782052584913,0.432,False,False,2000,1.5454460882254204,0.33801733319581506,6.864981569356692
386,2023-03-12 12:00:00,0.0,0.022846325896921812,0.03746302324692075,0.10354683523450992,0.15693265959722444,1.0,False,False,2000,1.5549050602470023,0.0,6.659367049590868
387,2023-03-12 18:00:00,0.0,0.023130258291160083,0.03777098366267436,0.10376751861183331,0.15458532325822458,1.0,False,False,2000,1.5615471186294658,0.0,6.645173710986556
388,2023-03-13 00:00:00,0.0,0.02460790043719547,0.03849324490071436,0.10806079435022571,0.1546723376042246,1.0,False,False,2000,1.5860139977286332,0.0,6.813356912674291
389,2023-03-13 06:00:00,0.0,0.02511710899650764,0.03864521482360334,0.11028059687780993,0.1528573537372438,1.0,False,False,2000,1.6106810095274946,0.0,6.846830391957099
390,2023-03-13 12:00:00,0.0,0.025588294358432954,0.03966924020896527,0.11204108573953223,0.15412166538897348,1.0,False,False,2000,1.6204544421472307,0.0,6.914176839866531
391,2023-03-13 18:00:00,0.0,0.0279194706073083,0.041473125512544666,0.11451769995544328,0.1673613285828749,1.0,False,False,2000,1.596731700858245,0.0,7.172006411214225
392,2023-03-14 00:00:00,0.0,0.027473720953454267,0.039675482944168644,0.11007434113554612,0.1630074426730763,1.0,False,False,2000,1.6058518196692801,0.0,6.854576480052535
393,2023-03-14 06:00:00,0.0,0.028152100842526118,0.04135786734510615,0.1167056202291997,0.1721534561441757,1.0,False,False,2000,1.6126625169927187,0.0,7.236828474616716
394,2023-03-14 12:00:00,0.0,0.02701518967742043,0.04060016350590211,0.11142024465927121,0.16993395937895264,1.0,False,False,2000,1.5936261531362936,0.0,6.991617478164095
395,2023-03-14 18:00:00,0.0,0.025942258200189614,0.039829753217838444,0.11190290915670091,0.15812356414100814,1.0,False,False,2000,1.561114597509139,0.0,7.168141873456911
396,2023-03-15 00:00:00,0.0,0.02822084845598635,0.0412340846755236,0.11920522031770715,0.17138825436670224,1.0,False,False,2000,1.6263908741867716,0.0,7.329432439007761
397,2023-03-15 06:00:00,0.0,0.02884534745843032,0.04184875293875787,0.11444528102959063,0.1683268310806083,1.0,False,False,2000,1.6267670564344898,0.0,7.035136381506836
398,2023-03-15 12:00:00,0.0,0.02916937615845127,0.042001185475962356,0.11922576541791839,0.17573071749677496,1.0,False,False,2000,1.6565490870949198,0.0,7.197237096487368
399,2023-03-15 18:00:00,0.0,0.031573777898947025,0.04373697390837168,0.12511368644167184,0.17819615033575903,1.0,False,False,2000,1.6434226125910814,0.0,7.612995311316359
400,2023-03-16 00:00:00,0.0,0.03143683150470858,0.04274501926260944,0.12339688064285687,0.16561286059970395,1.0,False,False,2000,1.6598546205794487,0.0,7.434198098612968
401,2023-03-16 06:00:00,0.0,0.027357848024469927,0.041274337205102284,0.11830843661880446,0.16880251188617093,1.0,False,False,2000,1.664824886209521,0.0,7.106359209236085
402,2023-03-16 12:00:00,0.005931666878529252,0.027804724427186962,0.041297164748224834,0.11457201852365234,0.1665794350032333,0.472,False,False,2000,1.6590865698952513,0.35752606200071624,6.905728766816913
403,2023-03-16 18:00:00,0.0,0.027118045936568438,0.04016453063731466,0.11227842523164337,0.16314212587595983,1.0,False,False,2000,1.6583817103140681,0.0,6.7703608001308595
404,2023-03-17 00:00:00,0.0,0.02607641725045049,0.039762239200434646,0.11143107128258113,0.16166925729028175,1.0,False,False,2000,1.6518393118288406,0.0,6.745878396562058
405,2023-03-17 06:00:00,0.011431281894226085,0.026166979932261306,0.039188776756934544,0.1116422867782933,0.16223057413194034,0.4255,False,False,2000,1.6108013935288343,0.7096642665042157,6.930853625207945
406,2023-03-17 12:00:00,0.008017716208193781,0.026760155791197275,0.04025976350357906,0.11311491678915893,0.16287136891350776,0.4445,False,False,2000,1.62884788579692,0.49223234889555595,6.944473930039025
407,2023-03-17 18:00:00,0.0,0.02793081794816016,0.03974333304456231,0.11563161594574133,0.1480272541892137,1.0,False,False,2000,1.6148998269019368,0.0,7.1602965100053195
408,2023-03-18 00:00:00,0.0,0.02848710331139931,0.041945283316728824,0.11569051883311596,0.17626093610039212,1.0,False,False,2000,1.594291841584063,0.0,7.256545872941789
409,2023-03-18 06:00:00,0.0,0.028290343736824104,0.040710007140607185,0.11482134007649614,0.16268963809058543,1.0,False,False,2000,1.5685527118052969,0.0,7.320209210205288
410,2023-03-18 12:00:00,0.01662226579056287,0.030757438955361358,0.04185556019550452,0.11704401661933367,0.16718665560860171,0.453,False,False,2000,1.5812627965263815,1.0512019777533257,7.401933244521315
411,2023-03-18 18:00:00,0.011658643935638124,0.029243615157199657,0.04167383157952486,0.11786774952788777,0.16076490094003254,0.452,False,False,2000,1.5512023120114418,0.7515875811531235,7.598476911438381
412,2023-03-19 00:00:00,0.007839665460613958,0.030174774980920048,0.04196854860868769,0.11795134398644909,0.17190803053300813,0.49,False,False,2000,1.5535783494822828,0.5046198965907617,7.592236595325586
413,2023-03-19 06:00:00,0.0,0.02881748601431812,0.041079010976454264,0.11500082384151007,0.17077315766193646,1.0,False,False,2000,1.4923345118465032,0.0,7.706102279924938
414,2023-03-19 12:00:00,0.0,0.030727050601099613,0.04287406791294203,0.12115014819613985,0.17499170510645595,1.0,False,False,2000,1.5134257532899884,0.0,8.005027529944918
415,2023-03-19 18:00:00,0.0,0.031680273735752905,0.0428364906533577,0.124730744954724,0.16946067811983967,1.0,False,False,2000,1.4899155938524817,0.0,8.371665178173425
416,2023-03-20 00:00:00,0.0,0.03138616313709983,0.04261095266330765,0.11991489649050742,0.1693529253915354,1.0,False,False,2000,1.4532495943361068,0.0,8.251500427584055
417,2023-03-20 06:00:00,0.0,0.030754923473758484,0.042606460719400586,0.12057870993864807,0.17717692895862266,1.0,False,False,2000,1.4038143739445519,0.0,8.589362822937636
418,2023-03-20 12:00:00,0.009734931057333683,0.03052864882633328,0.04358948794110443,0.12196534968840915,0.18183206565592458,0.4795,False,False,2000,1.4248977428149259,0.6832020828457522,8.559586138964832
419,2023-03-20 18:00:00,0.0,0.029174282650146665,0.0412368932838117,0.11462051247931927,0.17701939447208073,1.0,False,False,2000,1.452069031999327,0.0,7.893599405635723
420,2023-03-21 00:00:00,0.0,0.031016681862961852,0.041819276239365884,0.11533198048779093,0.16815658329185,1.0,False,False,2000,1.4439487638238102,0.0,7.987262663141396
421,2023-03-21 06:00:00,0.0,0.03147271798668934,0.04343111237912938,0.11915580250269238,0.16810679310031,1.0,False,False,2000,1.4725652713676989,0.0,8.091716192112969
422,2023-03-21 12:00:00,0.0,0.030337091096870175,0.04165670918640961,0.11728061937302087,0.1610253203106026,1.0,False,False,2000,1.520984576600794,0.0,7.71083554542861
423,2023-03-21 18:00:00,0.0,0.0333119289172762,0.04416439838077701,0.123588438365467,0.1760305939287024,1.0,False,False,2000,1.5801929127642613,0.0,7.82109813094095
424,2023-03-22 00:00:00,0.0,0.03140187919923297,0.04244568831912323,0.12067380200457502,0.1687414457201465,1.0,False,False,2000,1.6356154745061524,0.0,7.377883364732198
425,2023-03-22 06:00:00,0.0,0.0304059224733542,0.041066521118299365,0.11570111995860852,0.1569217464805797,1.0,False,False,2000,1.6568862731147709,0.0,6.983045356583386
426,2023-03-22 12:00:00,0.0,0.030390145016868778,0.0421915502682043,0.11358936554095472,0.17319995236546706,1.0,False,False,2000,1.7269858919181587,0.0,6.577318672522062
427,2023-03-22 18:00:00,0.0,0.029085032794867006,0.04076490216676174,0.117556778217235,0.15544979590088007,1.0,False,False,2000,1.751070547417048,0.0,6.713423304997019
428,2023-03-23 00:00:00,0.0,0.03126479346964544,0.04268526594788958,0.11789905230119177,0.17418001328591545,1.0,False,False,2000,1.7845769410975552,0.0,6.606554729362422
429,2023-03-23 06:00:00,0.0,0.0321384548865939,0.043393326932848586,0.12241521153608009,0.1715091467934132,1.0,False,False,2000,1.8070890403870563,0.0,6.774166009543185
430,2023-03-23 12:00:00,0.0,0.029647174535047584,0.041441638938469014,0.11823699480882,0.15938442395331454,1.0,False,False,2000,1.835576990258793,0.0,6.441407548486978
431,2023-03-23 18:00:00,0.0,0.03288218047821102,0.04251680458461794,0.11736170756095382,0.16592172446647205,1.0,False,False,2000,1.8659223447482096,0.0,6.289742329914098
432,2023-03-24 00:00:00,0.0,0.03315125623705573,0.043507003091747154,0.12576317301441894,0.16695164606560683,1.0,False,False,2000,1.9148494864459973,0.0,6.567783729458452
433,2023-03-24 06:00:00,0.0,0.03225852599079028,0.043487444237306425,0.12245057154801256,0.17634567333810042,1.0,False,False,2000,1.8682734241262333,0.0,6.554210425879235
434,2023-03-24 12:00:00,0.0,0.03309527356179998,0.044459656782122214,0.12299655165394746,0.1834129159916722,1.0,False,False,2000,1.8624638200369763,0.0,6.603969984850797
435,2023-03-24 18:00:00,0.0,0.030483492189075093,0.04156292536169116,0.12018238178293603,0.16482678741267692,1.0,False,False,2000,1.8675600464873825,0.0,6.435261988442201
436,2023-03-25 00:00:00,0.0,0.02864180497084493,0.04120399243905994,0.11604563846051463,0.165015326624712,1.0,False,False,2000,1.8201033216025564,0.0,6.375772028059336
437,2023-03-25 06:00:00,0.0,0.03345707497849682,0.04410383760340426,0.12244351825606059,0.17363643989566524,1.0,False,False,2000,1.7909751529472246,0.0,6.8366955317368765
438,2023-03-25 12:00:00,0.0,0.030952136267891305,0.04158641160966281,0.11874588326125655,0.16027013651310154,1.0,False,False,2000,1.7644841722987243,0.0,6.729778885268066
439,2023-03-25 18:00:00,0.0,0.030515329120232023,0.04243848669877094,0.12106772707147229,0.17504141392485556,1.0,False,False,2000,1.7270814496593145,0.0,7.009960479591405
440,2023-03-26 00:00:00,0.0,0.03000015293570978,0.04118023170703187,0.11774234188106772,0.15942734220856492,1.0,False,False,2000,1.731450656108335,0.0,6.800213535724388
441,2023-03-26 06:00:00,0.0,0.029181633224969483,0.04136126683675398,0.11555838400398104,0.1667699329677544,1.0,False,False,2000,1.7672581363714206,0.0,6.53885143464375
442,2023-03-26 12:00:00,0.0,0.029645953897116727,0.04050797461314638,0.11069775968289752,0.165045166521089,1.0,False,False,2000,1.7008888618199476,0.0,6.508230030059174
443,2023-03-26 18:00:00,0.0,0.030824321950148593,0.043085612199464246,0.11903829841317268,0.17344966048918087,1.0,False,False,2000,1.7092321796671621,0.0,6.964431153897005
444,2023-03-27 00:00:00,0.0,0.029804636953942764,0.042168981696212804,0.11930127199195317,0.16717547088637738,1.0,False,False,2000,1.6894584203124723,0.0,7.06150980441933
445,2023-03-27 06:00:00,0.0,0.02847243937975129,0.04025788166474006,0.11380559912076796,0.1565211934489088,1.0,False,False,2000,1.7042684161117938,0.0,6.67768046657873
446,2023-03-27 12:00:00,0.0,0.026633949171332192,0.03963486866696325,0.10799439805488405,0.1665221548930477,1.0,False,False,2000,1.7385893543323139,0.0,6.211610452219645
447,2023-03-27 18:00:00,0.0,0.02811239334359843,0.039754759027391305,0.11401439014533561,0.1605728768268884,1.0,False,False,2000,1.731257709501953,0.0,6.5856394180699525
448,2023-03-28 00:00:00,0.0,0.030048504328820797,0.04241242289568193,0.11694525431936512,0.16844919265016942,1.0,False,False,2000,1.706790025864222,0.0,6.851765744304175
449,2023-03-28 06:00:00,0.0,0.027424995744408723,0.03954251730292896,0.11087941570142112,0.16034134590609395,1.0,False,False,2000,1.7098762556334108,0.0,6.48464561900982
450,2023-03-28 12:00:00,0.0,0.028415738598263858,0.04079007913392771,0.11695421879084542,0.1670797045763346,1.0,False,False,2000,1.729506773112717,0.0,6.76228741101456
451,2023-03-28 18:00:00,0.0,0.028988677460087698,0.039488901594874906,0.11162051355745052,0.15164896503395886,1.0,False,False,2000,1.7075015353665695,0.0,6.53706665824389
452,2023-03-29 00:00:00,0.0,0.028348962778618043,0.04026084990866295,0.11199376983805416,0.15439228233817456,1.0,False,False,2000,1.6887658017998985,0.0,6.6316933774174265
453,2023-03-29 06:00:00,0.0,0.027270668844630364,0.039458485030309805,0.11192660928288764,0.15843520631314711,1.0,False,False,2000,1.7327229913844233,0.0,6.459578930932273
454,2023-03-29 12:00:00,0.0,0.028741870445606773,0.039635758935203644,0.11092899934209965,0.1512039705989769,1.0,False,False,2000,1.7773459806305232,0.0,6.241272129962394
455,2023-03-29 18:00:00,0.0,0.030694397179907476,0.042908358197964354,0.12511361684160832,0.1688978988051265,1.0,False,False,2000,1.8366367035636495,0.0,6.812104789088054
456,2023-03-30 00:00:00,0.0,0.03126715473527147,0.042436617642743354,0.12062476560029077,0.16579189308523612,1.0,False,False,2000,1.8057416266221291,0.0,6.680067835946986
457,2023-03-30 06:00:00,0.0,0.031725229140887976,0.04209580327098469,0.12045863733341004,0.16066456528859346,1.0,False,False,2000,1.7738828933441744,0.0,6.790675854949929
458,2023-03-30 12:00:00,0.0,0.031286447931916206,0.04172558109542301,0.11876002824656963,0.16225772406096042,1.0,False,False,2000,1.8083612835155056,0.0,6.5672733280208675
459,2023-03-30 18:00:00,0.0,0.02942296004606016,0.04104706642565364,0.11212602447410618,0.16678964338485877,1.0,False,False,2000,1.8490180886867462,0.0,6.064084778842969
460,2023-03-31 00:00:00,0.0,0.03002277987925199,0.04051030952397936,0.1151314960842715,0.1603326040812908,1.0,False,False,2000,1.9005671946886071,0.0,6.057744046410045
461,2023-03-31 06:00:00,0.008908203843209134,0.02924567763663941,0.039771102242832077,0.1121117848385127,0.15391247355545298,0.485,False,False,2000,1.8868943606053241,0.47210930453739564,5.941603683766734
462,2023-03-31 12:00:00,0.06077574414361823,0.028462711255477082,0.039770147619464485,0.11316635280893667,0.1596753648848087,0.1955,False,False,2000,1.8929231840668208,3.210682010510619,5.978391186789007
463,2023-03-31 18:00:00,0.056610003175458994,0.029667178195052164,0.04022637938831064,0.11001701117943719,0.16417911509242958,0.2175,False,False,2000,1.8405842670001935,3.0756539752305208,5.977287383790595
464,2023-04-01 00:00:00,0.05536899377394314,0.029844438862551358,0.04071016314107568,0.1169105254569808,0.15966207442128177,0.229,False,False,2000,1.824344081845633,3.035008270913896,6.408359399982596
465,2023-04-01 06:00:00,0.04810629730304641,0.03068749387247316,0.0418064525617065,0.11659603164336257,0.16982643474900475,0.261,False,False,2000,1.7845559628879413,2.6957012446500213,6.533615872414311
466,2023-04-01 12:00:00,0.05980627325666395,0.03121949522294753,0.04261892925349237,0.12125222710750451,0.16510718210100409,0.224,False,False,2000,1.7590096539818272,3.399996874450458,6.89320987141991
467,2023-04-01 18:00:00,0.0661075075058845,0.0312701877173583,0.040725470289279815,0.11379421041158665,0.15595323593318283,0.1955,False,False,2000,1.7332008339716642,3.814186227593592,6.5655524842337485
468,2023-04-02 00:00:00,0.04684769534752125,0.032525980464036056,0.04266919558813999,0.11931556983044043,0.16438035899095024,0.293,False,False,2000,1.7286377196469,2.7100933188644403,6.902288922331998
469,2023-04-02 06:00:00,0.050998280559576295,0.03250267185164368,0.04299306625011565,0.12235576163181497,0.16561524114899112,0.2745,False,False,2000,1.7101451584734977,2.982102443578425,7.154700349590887
470,2023-04-02 12:00:00,0.05119986622798779,0.0326592083705963,0.04295962138255457,0.12182989721334465,0.1717561230794372,0.273,False,False,2000,1.6999392794595884,3.0118644146080475,7.166720522633869
471,2023-04-02 18:00:00,0.07630764793782713,0.03317824942721433,0.04426773752743168,0.1256923127535532,0.1765144805689728,0.1725,False,False,2000,1.6935592162550974,4.505756114425293,7.421784343123932
472,2023-04-03 00:00:00,0.058826795442031676,0.031343862165934065,0.04173985762220225,0.11693272522671636,0.1633964639327575,0.2215,False,False,2000,1.6686369216196122,3.5254401170107883,7.007679364616908
473,2023-04-03 06:00:00,0.047083505430163715,0.02951395910209023,0.04004302302830216,0.1093938194028172,0.16631364782493271,0.2625,False,False,2000,1.6700857955636865,2.819226746029063,6.550191594551863
474,2023-04-03 12:00:00,0.03758294225540357,0.028227006983372556,0.03954771556730172,0.10845706977544606,0.1620626623467804,0.3105,False,False,2000,1.6586865155728276,2.265825513293227,6.53873222921755
475,2023-04-03 18:00:00,0.022433116351132126,0.029761039409066783,0.04091896217704594,0.11509273266625424,0.16332777026248543,0.407,False,False,2000,1.621755675045684,1.383261159268038,7.096798515165494
476,2023-04-04 00:00:00,0.015840330533046683,0.027451131272033975,0.04012710017790823,0.11452969128782567,0.15784320441810118,0.4175,False,False,2000,1.6109240073130484,0.9833071244290207,7.1095651171563485
477,2023-04-04 06:00:00,0.03824492998419439,0.030382941003435235,0.04108713988869321,0.11734587588789516,0.1602022781496281,0.322,False,False,2000,1.6117510675110083,2.3728806982119885,7.280645147585341
478,2023-04-04 12:00:00,0.03429885125462368,0.03146736020868797,0.04279808317305867,0.12006148696421998,0.166730676277174,0.348,False,False,2000,1.5840405965300541,2.165276024475483,7.579445074022889
479,2023-04-04 18:00:00,0.03843178393115418,0.031853707827196605,0.04314332464161852,0.12183306893652031,0.17521232709651713,0.323,False,False,2000,1.5877280078876277,2.420552118513375,7.673421916806239
480,2023-04-05 00:00:00,0.06481317589209425,0.033237424012584185,0.045051824637834456,0.12378965794688457,0.18558101227526072,0.211,False,False,2000,1.645295592470982,3.939302833404834,7.523855197409936
481,2023-04-05 06:00:00,0.0668119480706072,0.02973241479792594,0.040524251855364075,0.11323104878979753,0.1619214288065091,0.175,False,False,2000,1.6583175018797647,4.028899652501608,6.828068126968806
482,2023-04-05 12:00:00,0.0551528397557339,0.031455756802128844,0.04193991556350642,0.11850421252733127,0.15913651539331175,0.244,False,False,2000,1.6656148648896152,3.311260058872555,7.114742731068557
483,2023-04-05 18:00:00,0.07661120076373998,0.030109917511713925,0.041562702967922,0.11995810685267302,0.16514432376696117,0.146,False,False,2000,1.6296188847273259,4.701172862055956,7.361114183010028
484,2023-04-06 00:00:00,0.08644247968993848,0.030692108899374546,0.041864671685027575,0.11806296364686565,0.16798822048014161,0.1185,False,False,2000,1.5794049753842965,5.473104177660675,7.475154598530937
485,2023-04-06 06:00:00,0.09017730851033064,0.028939332638977414,0.04099604590777148,0.12000115720105091,0.15115207424031596,0.101,False,False,2000,1.555239124740354,5.798292177441566,7.715929678729308
486,2023-04-06 12:00:00,0.07757039988631181,0.030046089571032254,0.0418096755151695,0.12071682386269955,0.16320868732466032,0.142,False,False,2000,1.5554270009279072,4.987080707743683,7.761008635614824
487,2023-04-06 18:00:00,0.07773429873157678,0.029306775930044885,0.04132475107873577,0.1143697977025655,0.16668318991600733,0.139,False,False,2000,1.5224026248313087,5.106027634456437,7.512454053686249
488,2023-04-07 00:00:00,0.08334451003573576,0.028440499243799457,0.04091226773135478,0.11610800517634327,0.1623947722397244,0.1115,False,False,2000,1.4947147574609974,5.5759474923034285,7.767903848997287
489,2023-04-07 06:00:00,0.07878134702919079,0.029535317239292168,0.04182194839726566,0.11644832074124174,0.17727603377794157,0.128,False,False,2000,1.4952523962402746,5.26876581019244,7.787870531693798
490,2023-04-07 12:00:00,0.07069033091569694,0.026974587194711037,0.03947743252469826,0.11145327822969191,0.15877685711491896,0.143,False,False,2000,1.4864094645568582,4.755777771959477,7.498154505018532
491,2023-04-07 18:00:00,0.0741244797596785,0.027964417571792844,0.04038267973071098,0.11366999383157206,0.16419068580635787,0.142,False,False,2000,1.5036507443317113,4.929634094825835,7.5596008089027364
492,2023-04-08 00:00:00,0.06543536470722161,0.02744676060686332,0.03909980953064061,0.11025558542307057,0.15506557510695185,0.1555,False,False,2000,1.51548948028641,4.3177709616865885,7.27524584349035
493,2023-04-08 06:00:00,0.04244309918594395,0.027461487145988138,0.040034473830029095,0.11294052508069587,0.1569648167756184,0.2635,False,False,2000,1.5439253820973318,2.749038242268386,7.315154371467927
494,2023-04-08 12:00:00,0.02906914684425473,0.027917562827159997,0.03955895897896099,0.11138452066542376,0.1583630912295457,0.3465,False,False,2000,1.560885584261415,1.8623496262225883,7.13598240566294
495,2023-04-08 18:00:00,0.023773824662580552,0.026930177557766912,0.039661546329882016,0.11165045112208005,0.16191497811166392,0.364,False,False,2000,1.6022861742049248,1.4837439806517354,6.9681966255174395
496,2023-04-09 00:00:00,0.02110932509846897,0.026194686360004354,0.038381488537009775,0.10564585404518573,0.1466316650701913,0.369,False,False,2000,1.6164460637002875,1.3059096478695096,6.535686925634036
497,2023-04-09 06:00:00,0.011052538561562297,0.0271316577896781,0.04015086664854625,0.11193760376512114,0.1536990986381639,0.432,False,False,2000,1.5894587655737784,0.695364912947109,7.042498125122032
498,2023-04-09 12:00:00,0.02383703661659324,0.02559520522212044,0.03953862119256948,0.10840639195476921,0.16864518256873992,0.3465,False,False,2000,1.591075683533283,1.4981711343648099,6.813402597796757
499,2023-04-09 18:00:00,0.029767417088004282,0.02454611523758465,0.03824769035569306,0.10469097726207112,0.16458364357679672,0.3005,False,False,2000,1.5940170748021505,1.8674465636887243,6.567745033412856
500,2023-04-10 00:00:00,0.028066799372731852,0.024468358225611105,0.03758243117954061,0.10393702376556854,0.1564423449484502,0.3145,False,False,2000,1.5464822355469212,1.8148801665869696,6.720867616614471
501,2023-04-10 06:00:00,0.02361015627332965,0.024935504452103432,0.03735844469470942,0.10329835551256217,0.15744784311221052,0.351,False,False,2000,1.5566547047248869,1.5167240494418033,6.635919655079735
502,2023-04-10 12:00:00,0.021229023637756236,0.0227046441228413,0.036022072642862606,0.10302683444749922,0.14747015236518388,0.333,False,False,2000,1.5323730315057267,1.3853691758655113,6.72335210351907
503,2023-04-10 18:00:00,0.011481729905129844,0.02711497822968006,0.040429551295599955,0.11206282013931844,0.16534348656080072,0.421,False,False,2000,1.4994260877182113,0.7657416393629946,7.473714180193623
504,2023-04-11 00:00:00,0.036621339712278836,0.025597885912773,0.03823934501204485,0.10830372195880464,0.15004617043579116,0.278,False,False,2000,1.5003963606375676,2.440777695349596,7.218340753158241
505,2023-04-11 06:00:00,0.00957853658961811,0.02643084724303646,0.039512461279888486,0.1080229805840407,0.1633887904186748,0.448,False,False,2000,1.5388812354104662,0.622435076158637,7.019578775695949
506,2023-04-11 12:00:00,0.003888796228890049,0.02574493538101862,0.04012799011404333,0.1118317082377604,0.16240321834158017,0.458,False,False,2000,1.5827469600150352,0.24569917536616895,7.065671965447848
507,2023-04-11 18:00:00,0.002199057840457639,0.024931455437921496,0.03791004346868056,0.10676523488275914,0.1504421549808447,0.46,False,False,2000,1.5621100051075918,0.14077483872886257,6.83468094651923
508,2023-04-12 00:00:00,0.0,0.027611517871859174,0.040776918447707367,0.11628995796977792,0.17002178579230529,1.0,False,False,2000,1.5503389523782847,0.0,7.500937636339736
509,2023-04-12 06:00:00,0.0,0.030361324151092398,0.041956090415791965,0.12008616868392442,0.16243037159000515,1.0,False,False,2000,1.5265850976706676,0.0,7.866326539356196
510,2023-04-12 12:00:00,0.0,0.02980832495055831,0.04188093969695948,0.11857672235543942,0.16549001844490988,1.0,False,False,2000,1.4878183382559749,0.0,7.9698387435145746
511,2023-04-12 18:00:00,0.0,0.0325617225153143,0.042517742496664394,0.11645359615749477,0.16849005052488683,1.0,False,False,2000,1.4694744130417583,0.0,7.924846810802244
512,2023-04-13 00:00:00,0.002042979172874081,0.03305894017106586,0.04458701137192847,0.12497431137205534,0.1783436557152961,0.5515,False,False,2000,1.4164922856085949,0.14422804794847974,8.82280211772281
513,2023-04-13 06:00:00,0.0005762270969810753,0.03202870616651864,0.04348883446092875,0.12215557522771776,0.178185163658398,0.5535,False,False,2000,1.4159466324595698,0.04069553779580945,8.627131307592254
514,2023-04-13 12:00:00,0.002904742581541209,0.03481181976591216,0.04490473186924712,0.1257005508058217,0.18347451772233273,0.573,False,False,2000,1.4283756456987928,0.20335985077091853,8.800244612426603
515,2023-04-13 18:00:00,0.021831575883414268,0.03394132943706464,0.044579765021925045,0.12565257533817242,0.1733550972135671,0.4425,False,False,2000,1.4275953163771131,1.529255219106312,8.80169428245589
516,2023-04-14 00:00:00,0.03925104593856487,0.03413864743690658,0.04629033097827569,0.13164364634761383,0.190313309732505,0.338,False,False,2000,1.4618698025356953,2.684989174171443,9.005155323632142
517,2023-04-14 06:00:00,0.021514006444724152,0.03401922343632652,0.04541461023869288,0.1291750345004193,0.1871131385912862,0.4425,False,False,2000,1.4596121446314334,1.4739536474709625,8.849956132218761
518,2023-04-14 12:00:00,0.025991004871711628,0.03323195134022143,0.04482832170018166,0.12447554706530543,0.17802378174971645,0.4115,False,False,2000,1.4674172685754008,1.7712075105225003,8.482627929419754
519,2023-04-14 18:00:00,0.014957243238982194,0.03266531326497461,0.04420899125844811,0.12718551129792946,0.17262313771951118,0.459,False,False,2000,1.4885655742757213,1.004809159734855,8.544165839641497
520,2023-04-15 00:00:00,0.02665670538282094,0.03214946686034605,0.04438135099702253,0.12207974705938122,0.17384193923210847,0.3915,False,False,2000,1.4688994866753327,1.814739920915556,8.310966690831462
521,2023-04-15 06:00:00,0.022743076475075175,0.03167479554190931,0.043039702745434553,0.12236105962883742,0.1650463941685666,0.415,False,False,2000,1.447643382218249,1.571041373478706,8.452431111959456
522,2023-04-15 12:00:00,0.036885460495424384,0.030780496747377102,0.04286052121711073,0.11824110082184215,0.1791953748340488,0.328,False,False,2000,1.4321296542712865,2.5755671202963035,8.256312581000707
523,2023-04-15 18:00:00,0.04283917565837891,0.03153918912227474,0.043191518251136034,0.12088757518380115,0.17987650255337062,0.3035,False,False,2000,1.4439810661172598,2.966740815623694,8.371825505223374
524,2023-04-16 00:00:00,0.03520912299918639,0.03283115495217115,0.04397326636127912,0.12390283169835414,0.180306505449515,0.352,False,False,2000,1.445334513200238,2.4360535694416425,8.57260589619564
525,2023-04-16 06:00:00,0.03568545115738206,0.03402229341253675,0.04577805504015214,0.12975980544809892,0.18855811672011874,0.3535,False,False,2000,1.4499737566222741,2.461110140400859,8.94911406882118
526,2023-04-16 12:00:00,0.04664952785278711,0.030843288713783668,0.04210639760347601,0.1172425584311504,0.164741798604258,0.287,False,False,2000,1.46515305498678,3.1839354730900813,8.002069001057933
527,2023-04-16 18:00:00,0.07218803586782893,0.031986737000147966,0.043790689236557545,0.12416013562817464,0.1767494813853066,0.1785,False,False,2000,1.4330208372402697,5.037472867934676,8.664224022539955
528,2023-04-17 00:00:00,0.06723176856611462,0.030393053504988592,0.043055408938136794,0.12092960344316045,0.1729030573400497,0.1785,False,False,2000,1.4540390701773007,4.623793813044969,8.316805643222137
529,2023-04-17 06:00:00,0.059105307415062786,0.02988553237190698,0.042253431115740356,0.1154639287262716,0.17512726242779833,0.208,False,False,2000,1.4755929251211564,4.0055293305374065,7.824917479649153
530,2023-04-17 12:00:00,0.06865235380022004,0.029166815957333014,0.04291727967527404,0.12161820562035983,0.16846890055083774,0.17,False,False,2000,1.4734110809150704,4.659416145939605,8.254193768166052
531,2023-04-17 18:00:00,0.05962988031045989,0.027579099166550665,0.04119983895123468,0.11323189952594158,0.16265624158955236,0.19,False,False,2000,1.4848673777795527,4.015838801686752,7.625724776529657
532,2023-04-18 00:00:00,0.0771170165847475,0.02835523351134981,0.04115991233980913,0.11655608066091878,0.16710314451803793,0.135,False,False,2000,1.460088079939103,5.281668800964657,7.982811603104115
533,2023-04-18 06:00:00,0.08309415474739855,0.028871399223032956,0.04251417531702747,0.11577067764766046,0.17130974500643023,0.126,False,False,2000,1.4930377767697118,5.565442217220945,7.754035393407001
534,2023-04-18 12:00:00,0.08233661649795324,0.02847628792731343,0.04083729211435996,0.1136098855198764,0.16287413487621097,0.119,False,False,2000,1.5138663550544271,5.438829935221926,7.504617903724524
535,2023-04-18 18:00:00,0.11304659025022551,0.029947382646627566,0.04209812583361919,0.11679365576840949,0.16495147180989117,0.0575,False,False,2000,1.5249778178559488,7.412998990973128,7.658711779336974
536,2023-04-19 00:00:00,0.1400228925154864,0.03095137545913456,0.043235120595816356,0.12189722051476001,0.17112980637459937,0.0275,True,False,2000,1.5710497019951362,8.912696545352192,7.758966527918123
537,2023-04-19 06:00:00,0.11866074588753225,0.033363510136672055,0.04413416731454176,0.12139185095531874,0.17486091294699305,0.0565,False,False,2000,1.548770747810442,7.6616081531296745,7.8379483294693655
538,2023-04-19 12:00:00,0.12263514509081952,0.033729262507131666,0.04577452848280158,0.1295187723835062,0.18866608004280247,0.058,False,False,2000,1.5198900249222336,8.068685436440985,8.521588421513137
539,2023-04-19 18:00:00,0.1347127956013316,0.034396088466373514,0.04589023761321411,0.127432873816089,0.18011815110592186,0.0415,True,False,2000,1.5053748544527172,8.948787420147704,8.465192137304403
540,2023-04-20 00:00:00,0.15384906023915382,0.035145560185436894,0.04749754886136097,0.13032221029754282,0.1886835593016962,0.0265,True,False,2000,1.5058247237007492,10.216930152471587,8.654540481793923
541,2023-04-20 06:00:00,0.15588758126933855,0.03341003491905357,0.04567067084199201,0.1333304399055123,0.18486940999483992,0.0255,True,False,2000,1.5011183254283194,10.384763054894997,8.88207396092301
542,2023-04-20 12:00:00,0.15727818597816942,0.030735813337499102,0.04443873404026071,0.12586697420024628,0.17011525688820206,0.018,True,False,2000,1.488414528359812,10.566826847053505,8.456446225296382
543,2023-04-20 18:00:00,0.16482178011017948,0.0317872204433787,0.044469581314658835,0.12395005506732895,0.17319015168341054,0.0155,True,False,2000,1.4728822577828127,11.190424709052586,8.415476146336085
544,2023-04-21 00:00:00,0.17305232062451656,0.029526471917098458,0.04171666783112976,0.11994864879547829,0.16532746845245128,0.0055,True,True,2000,1.4382532772417609,12.032117246858713,8.339883572211441
545,2023-04-21 06:00:00,0.16750826002949465,0.028880038028278054,0.04253873050635686,0.12194509531839422,0.17343158673583228,0.011,True,False,2000,1.4298292491415254,11.715263212727479,8.528647416578622
546,2023-04-21 12:00:00,0.1773712843470488,0.02946289822416854,0.042726014930326,0.11863635618845192,0.16709540222571412,0.0075,True,True,2000,1.3978945470119686,12.68845956414838,8.486788681023173
547,2023-04-21 18:00:00,0.1753311189222088,0.02735827017191257,0.04330370579198831,0.11382103712669439,0.1885765669958072,0.0135,True,False,2000,1.3384063164320397,13.099991891073207,8.504221455717696
548,2023-04-22 00:00:00,0.1683231537463948,0.026579602046607774,0.03999188080275722,0.11449211975297274,0.15359048889429772,0.006,True,True,2000,1.3192650142401527,12.758858298333836,8.678477676368605
549,2023-04-22 06:00:00,0.15926239295809722,0.029901937428129306,0.04478774830188461,0.12606372591377593,0.18413344763599207,0.0195,True,False,2000,1.299042497598179,12.259983276340849,9.704357336026899
550,2023-04-22 12:00:00,0.1755426379139831,0.029493229545897507,0.04427792230836265,0.1263499789131432,0.18199781620036382,0.0135,True,False,2000,1.2429293872243865,14.123299337703433,10.165499360772069
551,2023-04-22 18:00:00,0.1820828426367924,0.0328876918028411,0.04535753308267741,0.12416930966060041,0.18067813482956002,0.01,True,True,2000,1.1768522347922377,15.472022506626537,10.550968591440995
552,2023-04-23 00:00:00,0.17205848723305625,0.03140126473002293,0.046629632621289364,0.12620201638079326,0.1963719539273681,0.019,True,False,2000,1.1324562720410065,15.193389050065322,11.144096200142151
553,2023-04-23 06:00:00,0.1724211993548757,0.031394291129965335,0.0459290311636286,0.12852847780786186,0.18610133970299558,0.015,True,False,2000,1.1246882156467468,15.330577573067721,11.427920735699374
554,2023-04-23 12:00:00,0.18427588415810006,0.03291959130653086,0.045743095322525795,0.12829480902223775,0.17880868863441166,0.0085,True,True,2000,1.140515196488901,16.157249348837883,11.248846961197527
555,2023-04-23 18:00:00,0.1545924299646434,0.033045572569450586,0.04708904137480309,0.1322406359718494,0.18775317452633938,0.0265,True,False,2000,1.1613891765770343,13.310992825012724,11.386418836931355
556,2023-04-24 00:00:00,0.1793019035407663,0.030458854604380536,0.04379923715304625,0.1235232273969169,0.17879235024703724,0.01,True,True,2000,1.1538273865917894,15.5397510601992,10.705520499195602
557,2023-04-24 06:00:00,0.2028804852127518,0.032240095241757985,0.046625330855397606,0.13049539869823568,0.18691914341645455,0.009,True,True,2000,1.149119636836157,17.655297038638874,11.356119460069927
558,2023-04-24 12:00:00,0.19228388641807256,0.03337067289403927,0.048076821519299685,0.13317986847630367,0.19102337238071823,0.01,True,True,2000,1.1358270041418301,16.928976482941778,11.725365569814675
559,2023-04-24 18:00:00,0.1639515356344321,0.03195852312030383,0.04545710763397212,0.12596454894061043,0.17965696950237348,0.0155,True,False,2000,1.129690656014917,14.512958460042997,11.150357690393001
560,2023-04-25 00:00:00,0.17521404501220075,0.03217993452267873,0.04530030560627625,0.12483104530307405,0.18604214026948115,0.0155,True,False,2000,1.154694450158866,15.174061414090481,10.81074264156197
561,2023-04-25 06:00:00,0.17852391865674944,0.031451892345829124,0.043592822609279235,0.11740464290952965,0.17001746922413574,0.007,True,True,2000,1.189096656642193,15.013406829422149,9.873431419869636
562,2023-04-25 12:00:00,0.18793014952794626,0.03520269828042145,0.04847820546246592,0.1383924527041932,0.18815771237064083,0.0105,True,False,2000,1.1800397776612248,15.925747003242016,11.72777861594459
563,2023-04-25 18:00:00,0.21293107561031832,0.03318489002768736,0.04638231039672172,0.13030907588846724,0.1816016745112493,0.0035,True,True,2000,1.1538466230754716,18.454019048283055,11.29344865101225
564,2023-04-26 00:00:00,0.20583852772238853,0.03087134518522027,0.04528255810010233,0.12619850015015388,0.1717650660074374,0.005,True,True,2000,1.1410218496981113,18.039841022925966,11.06013002148409
565,2023-04-26 06:00:00,0.24484018224693946,0.0326813465399305,0.046499857964386854,0.1279436418811462,0.190370029037988,0.0025,True,True,2000,1.1694186051710116,20.936915246968805,10.940790689954534
566,2023-04-26 12:00:00,0.2369487777291509,0.03116248196606911,0.045065621429553934,0.1279195325249414,0.18364749146016002,0.0005,True,True,2000,1.1752954748877666,20.160783632029048,10.884031739946664
567,2023-04-26 18:00:00,0.23168663426234598,0.033392628916214834,0.04815755064835977,0.13414012977553746,0.19612443623818912,0.0025,True,True,2000,1.0851004905225898,21.35162929939922,12.362000657739534
568,2023-04-27 00:00:00,0.23804877338990246,0.031745259247479056,0.04536793590598802,0.12531773002078087,0.18350305365868547,0.0015,True,True,2000,1.1023309957616616,21.595035820018957,11.368430217658164
569,2023-04-27 06:00:00,0.22885028876421254,0.03193939515136419,0.04355474689523203,0.12288003211217392,0.16876218690512354,0.002,True,True,2000,1.1248690686978646,20.344615665281555,10.923940886241846
570,2023-04-27 12:00:00,0.22627685179907273,0.030419247697451753,0.04321132138518491,0.12218820907939681,0.16810679121279548,0.001,True,True,2000,1.124958452553286,20.114240778003722,10.8615752699195
571,2023-04-27 18:00:00,0.22934171481196403,0.03251324832699613,0.04514060893677952,0.13209293101382144,0.1772553636745384,0.001,True,True,2000,1.134681285044257,20.211994137456742,11.64141268168262
572,2023-04-28 00:00:00,0.22227071181542782,0.030771903238088375,0.04510114741454127,0.11918433621125801,0.17807556133249042,0.0045,True,True,2000,1.1686224747279603,19.019890223073922,10.198703070382292
573,2023-04-28 06:00:00,0.21179581244043286,0.030119882105353112,0.04317204113746463,0.11800118338948122,0.1728021006820399,0.0015,True,True,2000,1.157200113936383,18.302436189707834,10.197128566474401
574,2023-04-28 12:00:00,0.22693798970259332,0.03137872887281265,0.0442398307061462,0.1261436726749693,0.1748839383424755,0.001,True,True,2000,1.119716232570817,20.26745554822887,11.265682233198424
575,2023-04-28 18:00:00,0.27668506205982063,0.030079403918158668,0.044688370297781235,0.13110856564822115,0.17675138675919125,0.0,True,True,2000,1.0892299051714232,25.401897317194567,12.036812891910754
576,2023-04-29 00:00:00,0.28873102016411206,0.03000676374315546,0.04348896178693707,0.12077279055218576,0.1788811239603865,0.0,True,True,2000,1.094320085871176,26.384512529006223,11.036331335912553
577,2023-04-29 06:00:00,0.2696738452661258,0.030812174858988996,0.044020894019682476,0.12148476207166102,0.18430386231507045,0.0005,True,True,2000,1.1114043321437712,24.264242766262747,10.930743974817057
578,2023-04-29 12:00:00,0.27763454010979793,0.032847649478221184,0.04578446422787401,0.13303964710791816,0.17708007925105107,0.0,True,True,2000,1.1128558192077314,24.947934433002526,11.954796372690243
579,2023-04-29 18:00:00,0.2630637652994412,0.030702345356477978,0.04442119300675154,0.12480923457024821,0.17683684720159076,0.001,True,True,2000,1.0537895472355294,24.963596003542875,11.843848223553547
580,2023-04-30 00:00:00,0.2685610852964359,0.031299678554968964,0.04412273839552954,0.12095901687213993,0.17797669415625017,0.0005,True,True,2000,1.0364148298471045,25.912508926184984,11.670907573754441
581,2023-04-30 06:00:00,0.23886716982953118,0.03230970490458178,0.045673245581269215,0.12924783641061155,0.18275014324430922,0.0015,True,True,2000,1.031558215812595,23.15595631618008,12.52937880086568
582,2023-04-30 12:00:00,0.21773944444174753,0.032369799444964376,0.0454255118232955,0.12812483839025163,0.1758315761908236,0.0015,True,True,2000,1.011506940233385,21.526243249651706,12.666728550640432
583,2023-04-30 18:00:00,0.2208751804167474,0.029894635114018075,0.043807399845346456,0.12245636327478866,0.1744337101610237,0.002,True,True,2000,1.018411695717683,21.688201475445045,12.02424950437089
584,2023-05-01 00:00:00,0.24453409362884249,0.03336904586943804,0.04463940981736549,0.12626995671619673,0.17008212158424627,0.001,True,True,2000,0.993181648989305,24.62128593270814,12.71368201825852
585,2023-05-01 06:00:00,0.2459569514529862,0.03144633165716669,0.046460966864784355,0.12903143662035751,0.18293871183677424,0.002,True,True,2000,1.0099277853788984,24.353914706952004,12.77630326528231
586,2023-05-01 12:00:00,0.23890173199854056,0.03284980561702741,0.046845844740413346,0.13370942051266543,0.18433649898401586,0.001,True,True,2000,0.9940332744356989,24.033574945885217,13.451201680202377
587,2023-05-01 18:00:00,0.23103139783174806,0.028973395781859538,0.04178977501086628,0.1220466066600414,0.16541213481929246,0.001,True,True,2000,1.0025943371649872,23.043357544291563,12.173079593203145
588,2023-05-02 00:00:00,0.18711368164950323,0.0305500239177293,0.04283210456842296,0.12006858889200969,0.17314678900048974,0.0055,True,True,2000,1.0318038452351692,18.134617593604354,11.636765015606585
589,2023-05-02 06:00:00,0.16689814219139254,0.030738518438053652,0.04406152447726433,0.12511257374227486,0.175902906266644,0.013,True,False,2000,1.0337465321883268,16.144977225518492,12.102828870189814
590,2023-05-02 12:00:00,0.16146119176707446,0.031255671722877416,0.04429263116706775,0.12405584840420998,0.18232529042981885,0.017,True,False,2000,1.0236256332086728,15.773461168704392,12.119259657003957
591,2023-05-02 18:00:00,0.16380643435213646,0.02950234367018029,0.042579947143256885,0.1206243772786451,0.1668226601792987,0.011,True,False,2000,1.0322162629668838,15.8693909628308,11.685959774741027
592,2023-05-03 00:00:00,0.17806259355011567,0.029593136479933967,0.0429625401588779,0.12342229404542467,0.17497234395550512,0.0085,True,True,2000,1.0436614074221902,17.06133735364657,11.82589421891854
593,2023-05-03 06:00:00,0.12551949321122732,0.030124986193371128,0.043909409297593564,0.12537500873509008,0.1677605357206934,0.049,True,False,2000,1.051485768233334,11.937345896951165,11.923604914381327
594,2023-05-03 12:00:00,0.1382770340811773,0.02878200052819458,0.0422905380035478,0.11735072118824394,0.17793212317995352,0.0295,True,False,2000,1.004332005377673,13.768060097734223,11.684454996942462
595,2023-05-03 18:00:00,0.1379962290172995,0.02912949774479776,0.04288444989754604,0.12128891910032115,0.16574929983917552,0.028,True,False,2000,1.005033567751632,13.730509452138188,12.068146079106342
596,2023-05-04 00:00:00,0.14458850046662103,0.027724231821198996,0.04263807224015297,0.11931496572545246,0.18371929734066836,0.0245,True,False,2000,1.028481382208514,14.058446070860153,11.601081729767529
597,2023-05-04 06:00:00,0.1766400989544306,0.02992018805752385,0.04289609359345079,0.1192933634983342,0.1714148452829825,0.0085,True,True,2000,1.1211314644380626,15.755520610864915,10.640443808980676
598,2023-05-04 12:00:00,0.17287724877454716,0.03095996990429007,0.04527202018348412,0.12860028648264488,0.18352583962744423,0.0135,True,False,2000,1.1275591381200019,15.331989509906174,11.40519216553575
599,2023-05-04 18:00:00,0.17448168451085067,0.028081886475336246,0.04227298009475421,0.11632952884301329,0.179678282914889,0.0115,True,False,2000,1.1313974162569618,15.421785661142307,10.281933401250816
600,2023-05-05 00:00:00,0.18257318497934827,0.028133465816838926,0.041801118907479534,0.1202946346469768,0.16826885108859072,0.008,True,True,2000,1.1570066799886458,15.77978659389762,10.397056190562123
601,2023-05-05 06:00:00,0.19140175077358218,0.02883604245405345,0.04323634776938607,0.11883880552910497,0.1891564266611274,0.0085,True,True,2000,1.1506807214211316,16.63378443824054,10.327695886165088
602,2023-05-05 12:00:00,0.16968317687575935,0.028634101278080686,0.042689478965942364,0.11943834406403868,0.16806771389834582,0.009,True,True,2000,1.155174323736091,14.688967144540243,10.339421644843046
603,2023-05-05 18:00:00,0.1591655603882158,0.02615577954668289,0.04099409608243083,0.11252704149667461,0.16945109153363686,0.015,True,False,2000,1.1339574547443247,14.036290314269607,9.923391836781589
604,2023-05-06 00:00:00,0.1739503725351268,0.029394655895959278,0.04320070564502485,0.11814536236367852,0.17725920972791767,0.0115,True,False,2000,1.1837497775923889,14.694859997264107,9.980602708451833
605,2023-05-06 06:00:00,0.17343785644386006,0.028203825899537505,0.042439068195889114,0.11770189035687535,0.16838821739689128,0.009,True,True,2000,1.1846335202093707,14.640633874112128,9.935721752671059
606,2023-05-06 12:00:00,0.16354072227102806,0.027654394954963288,0.04171884012207191,0.11713625147045871,0.16669554131982686,0.0105,True,False,2000,1.1027927561781616,14.829687750017035,10.621782815876129
607,2023-05-06 18:00:00,0.15411789952116958,0.028380213033341026,0.04267024658912872,0.11754429443306603,0.1760199613279946,0.0185,True,False,2000,1.1121431096600385,13.857739906178132,10.569169867805694
608,2023-05-07 00:00:00,0.14899799578458045,0.026468088922225234,0.04116297883114474,0.1116414582642375,0.1693693266775712,0.02,True,False,2000,1.1071052493054725,13.458340648104805,10.084087157411119
609,2023-05-07 06:00:00,0.13676502555775027,0.02723835372500865,0.04150133928940807,0.1147915099203153,0.17236042373504215,0.0255,True,False,2000,1.1052096728866565,12.374577323462862,10.386401126991187
610,2023-05-07 12:00:00,0.13349470210973807,0.026862865484778495,0.041212377288233196,0.11513520612880732,0.16630179771787373,0.03,True,False,2000,1.120677010560101,11.91196935886273,10.273718925604097
611,2023-05-07 18:00:00,0.14226262405254697,0.026881503864756823,0.03953601245620947,0.11105844396682224,0.16001319269859174,0.0205,True,False,2000,1.0729852874900958,13.258581055228133,10.350416288242663
612,2023-05-08 00:00:00,0.16857531328712203,0.02813858265618415,0.04214908629820289,0.11666664147354373,0.1695322032018737,0.0105,True,False,2000,1.0525766948257955,16.01548980856181,11.083908854057652
613,2023-05-08 06:00:00,0.15997286090018167,0.02978952778195414,0.04402978983723902,0.12234536381728574,0.1721121105603877,0.0155,True,False,2000,1.0370932194136036,15.42511877482277,11.796949543885999
614,2023-05-08 12:00:00,0.14778895814497509,0.029516974985648446,0.04307525760776146,0.11782039510420987,0.17978622242803832,0.0245,True,False,2000,1.0249401376078082,14.419277060405875,11.495344048014408
615,2023-05-08 18:00:00,0.14083362822864146,0.028708361166558213,0.04217807670670309,0.11711861161716995,0.17300860054789916,0.0285,True,False,2000,1.0080173518396989,13.971349597465826,11.61870987671201
616,2023-05-09 00:00:00,0.14411230766739658,0.029417245195667012,0.042815548362662825,0.11690650132141772,0.1670762314241316,0.025,True,False,2000,0.9996196211991969,14.416714579342868,11.695098699760461
617,2023-05-09 06:00:00,0.13493534047075012,0.03208828376346837,0.045059838425633526,0.12299753723562142,0.18341140709041162,0.0355,True,False,2000,0.9169015569375697,14.71644795995669,13.414475774960005
618,2023-05-09 12:00:00,0.15371745473775292,0.029746068869891926,0.042324597058750496,0.12012695254310846,0.16705127251959312,0.018,True,False,2000,0.8884835040575005,17.30110396374953,13.520448268821672
619,2023-05-09 18:00:00,0.14885916867841123,0.02956702688942525,0.04196945418265956,0.11512553625543778,0.17614499919921559,0.021,True,False,2000,0.8546563291863837,17.417430093815874,13.470389479831626
620,2023-05-10 00:00:00,0.1409859146273116,0.03116480761372224,0.04416341665604328,0.12693501292437398,0.17126963018800606,0.0315,True,False,2000,0.8885479202927477,15.867001813572568,14.28566878897798
621,2023-05-10 06:00:00,0.15729424215744828,0.028125206390044014,0.04160319376449766,0.11481391806634499,0.17230389828255413,0.0135,True,False,2000,0.9594412242946607,16.394359359853873,11.966748473910025
622,2023-05-10 12:00:00,0.17978867041135693,0.029970703383708112,0.04361672123908873,0.12403973995137214,0.1735769739441056,0.009,True,True,2000,0.9088677354806697,19.781609951889504,13.64772178712799
623,2023-05-10 18:00:00,0.16389945825406455,0.0313797802102236,0.044601344734318545,0.12265513399755872,0.18296025235439434,0.0175,True,False,2000,0.9013959444932714,18.182848420313476,13.607242715797941
624,2023-05-11 00:00:00,0.1779926206878042,0.0340011042804397,0.04745784893972424,0.13199259073356112,0.19012533586418628,0.015,True,False,2000,0.9452380508153236,18.830454458987873,13.96395232076298
625,2023-05-11 06:00:00,0.1932190753367296,0.03439343367185425,0.04692133899561416,0.12996146554745755,0.18757436447756792,0.009,True,True,2000,0.9503892517390468,20.330519835233023,13.674551275664228
626,2023-05-11 12:00:00,0.20241413723617402,0.033719370646173044,0.04817671437548359,0.13407764979807985,0.19173075418230512,0.008,True,True,2000,0.9170696482652323,22.071839103940377,14.620225415998314
627,2023-05-11 18:00:00,0.1854881114079941,0.032863038163643464,0.04460531745463656,0.12830157612139542,0.17440502957486884,0.0065,True,True,2000,0.8554646635601925,21.682732123153645,14.99788145397403
628,2023-05-12 00:00:00,0.19139409544711303,0.03557213646502617,0.04872226786739736,0.13742036624980636,0.18988742494427202,0.01,True,True,2000,0.8380667723621334,22.837571152911732,16.39730517682739
629,2023-05-12 06:00:00,0.18509649816884832,0.03666312306220118,0.047511559490636214,0.13264096598881894,0.19083341395576336,0.014,True,False,2000,0.8303127231577538,22.29238370151787,15.974820364593889
630,2023-05-12 12:00:00,0.20200089827755427,0.03890943765778222,0.04998789195164201,0.14178240775159756,0.19330842468541287,0.0075,True,True,2000,0.8238442130689423,24.519307785760958,17.209856609107806
631,2023-05-12 18:00:00,0.18237176404985675,0.036046305990031426,0.04951498825655838,0.13782592735859225,0.1982926753133092,0.017,True,False,2000,0.7750589351436828,23.530051171663235,17.78263834001754
632,2023-05-13 00:00:00,0.19770739714757535,0.0379791092641463,0.05046363378922622,0.14427396607819426,0.1995727906273234,0.0115,True,False,2000,0.7668065317285456,25.783217665334785,18.81491094669863
633,2023-05-13 06:00:00,0.1693945535116451,0.036653632499315,0.05147545843291717,0.14706544572157362,0.20206534977803853,0.023,True,False,2000,0.7038837651025815,24.065699751855778,20.893427723843132
634,2023-05-13 12:00:00,0.15587149921435264,0.037361232912863515,0.0497079968317618,0.1411394479268647,0.1963442436763625,0.034,True,False,2000,0.69653205697562,22.378223321286196,20.263166140507565
635,2023-05-13 18:00:00,0.16699363142491636,0.036569400956994694,0.04866911110607822,0.13644689905462007,0.19118531744436856,0.0225,True,False,2000,0.7158838600486405,23.32691666125425,19.059921122589525
636,2023-05-14 00:00:00,0.17193690865217187,0.045007086520134035,0.05526031782865042,0.15671761432076312,0.21871446831260635,0.033,True,False,2000,0.6533431324529719,26.316479061566934,23.9870301739253
637,2023-05-14 06:00:00,0.1701555780846881,0.04235804472191317,0.05468527298356198,0.1569329112605181,0.2211880588873163,0.0345,True,False,2000,0.5951418963727731,28.59075778763682,26.368990692300642
638,2023-05-14 12:00:00,0.1799479269886908,0.04399834679460587,0.056218115247502434,0.15907322036788307,0.21717504355908182,0.0285,True,False,2000,0.6050571072897531,29.740651720419564,26.290612646535727
639,2023-05-14 18:00:00,0.19990853812134662,0.043002991942012986,0.05383691544779266,0.15304666949476903,0.21388600894869567,0.0175,True,False,2000,0.5916557922531533,33.78797955481034,25.86751815813958
640,2023-05-15 00:00:00,0.19713514891108513,0.04671385776030758,0.05753885713020147,0.16143634003030383,0.23186291959312422,0.0265,True,False,2000,0.5373933694520553,36.6835841521623,30.040627444828704
641,2023-05-15 06:00:00,0.20896363959086436,0.04828437817892266,0.057535533787172785,0.16522498864678167,0.23100975318390524,0.018,True,False,2000,0.5032168365749103,41.52556599917288,32.833756074492115
642,2023-05-15 12:00:00,0.20348726238656922,0.048950716834549934,0.06038202759649214,0.1707558960933742,0.24185108542716385,0.0265,True,False,2000,0.47061851380749653,43.23826122781995,36.28329338595056
643,2023-05-15 18:00:00,0.2032810163819632,0.04764515283689151,0.05955524142544186,0.16845881320463013,0.24589742418535096,0.022,True,False,2000,0.48789198726998456,41.66516804660571,34.527890926687874
644,2023-05-16 00:00:00,0.19612168993209161,0.04926111177097371,0.06050385557783678,0.1728948363570239,0.2409359352470714,0.031,True,False,2000,0.4861703055387669,40.340121084678835,35.562607256612345
645,2023-05-16 06:00:00,0.19886621834762355,0.050008034916049895,0.05894178834766561,0.16893815747963095,0.2345395160544502,0.0215,True,False,2000,0.48119672675727276,41.32742541449923,35.10791908708212
646,2023-05-16 12:00:00,0.19356434480478837,0.04744274977446972,0.058137988962826244,0.16717022999561626,0.22301590779891337,0.023,True,False,2000,0.4699956672814844,41.18428280932663,35.5684619312664
647,2023-05-16 18:00:00,0.19457702598666093,0.04646884528713591,0.056983361766892095,0.16296879268453454,0.22163270832517232,0.022,True,False,2000,0.46709782754460427,41.6565898003626,34.889649035880446
648,2023-05-17 00:00:00,0.1967058045915996,0.05332680552761577,0.06372709579090981,0.18072455538566573,0.2610221374429433,0.0345,True,False,2000,0.46398316572011933,42.39503049346732,38.95067078676754
