window_idx,timestamp,te_bits,surr_mean,surr_std,surr_p95,surr_p99,p_value,sig95,sig99,n_valid_surrogates,h_target_bits,pct_h,surr_p95_pct
0,2022-12-06 00:00:00,0.25033445634863943,0.12693754345760608,0.04904801674857143,0.21095243269715513,0.2403073390797266,0.0045,True,True,2000,1.7396119176696303,14.390247261813737,12.126407651871302
1,2022-12-06 06:00:00,0.25266020207204637,0.12387358111103973,0.04940670358974401,0.20463790746509614,0.2395923850670685,0.0055,True,True,2000,1.7462509783676097,14.468722148303815,11.718699660022013
2,2022-12-06 12:00:00,0.23384728285456874,0.12485820066415297,0.04855405242501115,0.20462219356879494,0.24050938761066437,0.0145,True,False,2000,1.7596936145290356,13.289090835119932,11.628285280989669
3,2022-12-06 18:00:00,0.24363869757496473,0.12829539068524726,0.049883090844898385,0.2093399879276088,0.24116600636215652,0.009,True,True,2000,1.7681285420251276,13.779467486900751,11.839636256753202
4,2022-12-07 00:00:00,0.26249526777317356,0.13351163438203317,0.05002619731226159,0.21186510190115995,0.24530545937046683,0.003,True,True,2000,1.7773587488803073,14.768839883255938,11.920221622935145
5,2022-12-07 06:00:00,0.23628395500672333,0.12548983434254893,0.05018838862087717,0.2098599106893456,0.2403981064270864,0.013,True,False,2000,1.763176522963067,13.40103795220921,11.902376645570927
6,2022-12-07 12:00:00,0.26065639095717,0.12494337167740983,0.05058973194244234,0.20973645615285216,0.23991590021809872,0.004,True,True,2000,1.7599708084988652,14.810267857765897,11.917041756604078
7,2022-12-07 18:00:00,0.2523739278255667,0.1249929616317279,0.04770772430221117,0.2051443009438623,0.23767426444686374,0.0035,True,True,2000,1.7655119790046767,14.294659613006127,11.619536054324268
8,2022-12-08 00:00:00,0.23987968510845148,0.1305288739068456,0.04840919428545686,0.20881459233700683,0.24151864999264033,0.012,True,False,2000,1.7481366941267014,13.722021047575215,11.944980792324262
9,2022-12-08 06:00:00,0.22374582649343056,0.13124740626240866,0.05117258964244596,0.21781136721724675,0.2497447594701642,0.037,True,False,2000,1.7587618638874882,12.721780650785366,12.384358092448416
10,2022-12-08 12:00:00,0.2351842282846472,0.13442764657689552,0.051099781207981906,0.2192921016676982,0.25594292036865046,0.0285,True,False,2000,1.789837315052871,13.139977935799152,12.252068935171373
11,2022-12-08 18:00:00,0.2506391921849726,0.13661010722444594,0.049395038118706755,0.21735105984380018,0.25067224487271444,0.0105,True,False,2000,1.7903276357691074,13.99962706140658,12.14029518962479
12,2022-12-09 00:00:00,0.24262675237932366,0.1327923509344633,0.04968533438413116,0.21590524717062412,0.24884804219809747,0.014,True,False,2000,1.778097344029037,13.64530199620845,12.14248746817195
13,2022-12-09 06:00:00,0.22572956823704016,0.12838886912176362,0.0480634219395477,0.20827930985680174,0.24497980011214468,0.0265,True,False,2000,1.760249300461116,12.823727194659751,11.832375664188065
14,2022-12-09 12:00:00,0.2106654852826244,0.12839828574105427,0.04740975649470275,0.2068244803495732,0.23861755266549867,0.042,True,False,2000,1.749408220141996,12.042099885956011,11.82253964330782
15,2022-12-09 18:00:00,0.19738894438077945,0.1274571327037157,0.04957459258072225,0.20904030783483324,0.23525608843987136,0.0795,False,False,2000,1.7272572959829595,11.427883086083476,12.102441733550249
16,2022-12-10 00:00:00,0.20505248662797387,0.13007348728457213,0.04879466006808914,0.21165444435698597,0.24477679667786145,0.064,False,False,2000,1.7088050574820317,11.999758880051772,12.38610825911671
17,2022-12-10 06:00:00,0.2132821771367224,0.1363834138460985,0.05075206672439765,0.2202305995987809,0.25857347348461024,0.0655,False,False,2000,1.7172121677459558,12.420257737672596,12.824891631641513
18,2022-12-10 12:00:00,0.22217487524624008,0.13900475787240482,0.048809213542854,0.22183486079026343,0.25296127566196275,0.0495,True,False,2000,1.7212894536694008,12.9074674089598,12.88771393546632
19,2022-12-10 18:00:00,0.20064466179205345,0.13664827099896099,0.04944932365028642,0.21919108244367572,0.2515406404982759,0.102,False,False,2000,1.7287298796313981,11.60647849939605,12.679313583126817
20,2022-12-11 00:00:00,0.21566271960736183,0.13158785222812058,0.049930926003700075,0.21271298947368822,0.24306267064469453,0.0445,True,False,2000,1.7455190736067911,12.355219880911118,12.186231172722525
21,2022-12-11 06:00:00,0.21057145962001433,0.12875238009584178,0.04893302031559021,0.2085691898960841,0.2374228784565035,0.0445,True,False,2000,1.7604099254238275,11.96150149910784,11.847762665043486
22,2022-12-11 12:00:00,0.2259309229004459,0.13021598983138408,0.0497473811517496,0.21138413632272632,0.2462811742999093,0.0285,True,False,2000,1.76370746049711,12.809999841853939,11.985215295463265
23,2022-12-11 18:00:00,0.22842322443780383,0.1306868479640059,0.05004495412461983,0.20915259409674053,0.24415721720665348,0.023,True,False,2000,1.7601222427524719,12.977690917682885,11.882844782966243
24,2022-12-12 00:00:00,0.2363819469461744,0.1371357713367605,0.05028712087765256,0.21957598160320346,0.2522683063206299,0.0255,True,False,2000,1.7912484598211302,13.196491287969003,12.258264921278972
25,2022-12-12 06:00:00,0.2502960615291512,0.1331622287740946,0.04812556452377595,0.21228490706737926,0.24108077067493844,0.006,True,True,2000,1.795616946712505,13.939279309398605,11.822393827148929
26,2022-12-12 12:00:00,0.26518844472837827,0.13230924367582778,0.048066484541770454,0.20971081222650928,0.24173400580613028,0.002,True,True,2000,1.7772601579773866,14.921194487934528,11.799668792731559
27,2022-12-12 18:00:00,0.27368708460875707,0.13647113529983396,0.048792855020967425,0.21645849085878305,0.25224050904562084,0.003,True,True,2000,1.7935837242731907,15.259231052604616,12.068491028847731
28,2022-12-13 00:00:00,0.27904162976409536,0.1370306834490211,0.04645787906070356,0.21509356231540097,0.24391928994849252,0.002,True,True,2000,1.778591448175632,15.688911022838822,12.093477821229294
29,2022-12-13 06:00:00,0.25314483699069956,0.13959796478565475,0.04836462161403459,0.22072036899536662,0.25137119401309654,0.009,True,True,2000,1.7838700377337529,14.190766795561935,12.37311935996033
30,2022-12-13 12:00:00,0.24459187098958415,0.14172388325363713,0.048461482332619585,0.2227088523789971,0.2527709637692926,0.0165,True,False,2000,1.7684639791368406,13.830752216336665,12.593349652939937
31,2022-12-13 18:00:00,0.2363671814337133,0.15049361188986699,0.04758407140393954,0.22960428329735086,0.26341117074206527,0.038,True,False,2000,1.7829214834241325,13.25729616425766,12.877980630778632
32,2022-12-14 00:00:00,0.2602201209699625,0.15862484213624672,0.04863690306863095,0.2396091490089104,0.2692455455119454,0.0205,True,False,2000,1.808831208896439,14.386091952091087,13.246628421183368
33,2022-12-14 06:00:00,0.23818817135323914,0.15577394129753558,0.04830789249944185,0.2338543054298708,0.26711102046874274,0.0405,True,False,2000,1.8230548842667325,13.065331900253952,12.827606423046964
34,2022-12-14 12:00:00,0.2102895711326637,0.1452587608190646,0.0486832183053339,0.22412546291339513,0.25890767073858206,0.0885,False,False,2000,1.8433973909377381,11.40771773717707,12.158282528510158
35,2022-12-14 18:00:00,0.20923549559281807,0.1446790356758162,0.04790441081249357,0.22484967993429725,0.2588673219769544,0.0875,False,False,2000,1.8407551190008793,11.366829483890633,12.215078345474906
36,2022-12-15 00:00:00,0.19208527329848765,0.14594628807613094,0.047460130449359754,0.22671725940506407,0.2507543922335065,0.1655,False,False,2000,1.8317026249969186,10.486706230429233,12.377405388358028
37,2022-12-15 06:00:00,0.18457664178160585,0.14570959097064096,0.049552897832259565,0.22447107654004494,0.2594678219270842,0.223,False,False,2000,1.799341190608209,10.258012362803504,12.475181344799303
38,2022-12-15 12:00:00,0.1967873706614586,0.14210703764336347,0.04957015008597837,0.22377407979384417,0.25680544732799443,0.134,False,False,2000,1.7628489751961949,11.163030607290525,12.69388829913461
39,2022-12-15 18:00:00,0.20468762851508562,0.14416706441281663,0.049118855604652005,0.22289606691187142,0.2506935175910514,0.1135,False,False,2000,1.7800371952075882,11.499064686185669,12.52198928831244
40,2022-12-16 00:00:00,0.219088032316463,0.14735491773354104,0.0495730929183293,0.2292650468475351,0.25873318626061664,0.072,False,False,2000,1.7981249746813053,12.184249448806725,12.750228714673707
41,2022-12-16 06:00:00,0.1997625605363299,0.14631836947365764,0.048077826423398355,0.22522838788015442,0.2560971702019781,0.132,False,False,2000,1.8146430800121243,11.008366479153311,12.411718335191821
42,2022-12-16 12:00:00,0.20631016036209496,0.14335786753495686,0.04764192632676214,0.22135152338295663,0.25790385304490154,0.094,False,False,2000,1.808923833650078,11.405132517149644,12.236641436489323
43,2022-12-16 18:00:00,0.2012189388070689,0.1471001465946303,0.04920066595140754,0.22739667203781114,0.26194296198323563,0.125,False,False,2000,1.7808010045232299,11.299350028216141,12.769347695796677
44,2022-12-17 00:00:00,0.20342958983125742,0.1520360846968778,0.04911767631521415,0.23426493878605767,0.26512548817397846,0.1535,False,False,2000,1.775019337287872,11.460697106662861,13.19788093937056
45,2022-12-17 06:00:00,0.21792589087041062,0.151273374979489,0.050736252985333706,0.23566855610408718,0.27762071181350284,0.0955,False,False,2000,1.7541115531563156,12.423719031909847,13.435209162155598
46,2022-12-17 12:00:00,0.19944698742729908,0.15090995034700527,0.0492733230586421,0.23081767474983844,0.2708922099678794,0.158,False,False,2000,1.7751834729757912,11.235288659653886,13.00246866105125
47,2022-12-17 18:00:00,0.1955706078369803,0.14771077665087828,0.05024655189531106,0.22873939409088379,0.25950490432453654,0.172,False,False,2000,1.756182814203452,11.136118988027158,13.024805404136277
48,2022-12-18 00:00:00,0.19653101863041816,0.14839180301960658,0.0488333847495077,0.22772882618847987,0.2589491056336545,0.1705,False,False,2000,1.8288258402919542,10.746294934188152,12.452187691755558
49,2022-12-18 06:00:00,0.1889203849780145,0.1507614930316122,0.04967440699739641,0.23085830484061853,0.265281747567067,0.2245,False,False,2000,1.8027447758698882,10.479596862892237,12.805933925351203
50,2022-12-18 12:00:00,0.17016355821971668,0.13951861003237348,0.04947690200775433,0.22139160837596877,0.25128920068144284,0.2795,False,False,2000,1.7782364898568856,9.569231043808555,12.450065536209225
51,2022-12-18 18:00:00,0.16340551722254387,0.1355456303013278,0.04755876803013111,0.21330886044301037,0.2489731483302645,0.2775,False,False,2000,1.753442023533188,9.319128607017273,12.165150462927352
52,2022-12-19 00:00:00,0.16347011304758993,0.1261492685447672,0.04912008542695994,0.20842128201510104,0.24416364770664045,0.2215,False,False,2000,1.7533494904077922,9.323304563174693,11.887035822312107
53,2022-12-19 06:00:00,0.17471820769997348,0.11868094175211771,0.04817177939188574,0.20202203807295424,0.23556002920963479,0.117,False,False,2000,1.803577132839207,9.687315530826815,11.201186486265179
54,2022-12-19 12:00:00,0.1969679372404484,0.12046305281101508,0.04811288735524672,0.19507837333627379,0.23951411222021515,0.0455,True,False,2000,1.8145051260619431,10.855187698914461,10.751051101170283
55,2022-12-19 18:00:00,0.20703422907336458,0.1212792617943358,0.04861533252229762,0.20180020646204436,0.23549788787076736,0.043,True,False,2000,1.8807283569584075,11.008194155597728,10.729896516709307
56,2022-12-20 00:00:00,0.21949860416597386,0.12519807258998453,0.04976906279166806,0.20918812073787807,0.23747208886341667,0.032,True,False,2000,1.9071643999840946,11.509160100083896,10.968541607615089
57,2022-12-20 06:00:00,0.22417251477687375,0.1232703521763649,0.049102067254472075,0.2047129988799349,0.2369520607551635,0.0225,True,False,2000,1.925351442806916,11.643199770845934,10.632500349208431
58,2022-12-20 12:00:00,0.2243958164251406,0.12865889379943465,0.04914520922170087,0.20941373614306685,0.24560465442995522,0.025,True,False,2000,1.950004607954131,11.507450572671617,10.739140578892046
59,2022-12-20 18:00:00,0.22819531114396135,0.1339942527282788,0.048970541413684184,0.2144885573599314,0.24768783490697643,0.0275,True,False,2000,1.9836720124974936,11.503681541418615,10.812702705316935
60,2022-12-21 00:00:00,0.2599534309408744,0.13228295779472096,0.04815184390977328,0.2116227623287232,0.23874082091088802,0.0025,True,True,2000,1.9620556014158914,13.24903487716059,10.785767853673894
61,2022-12-21 06:00:00,0.2602134892955707,0.13073907953747746,0.04978386578355055,0.21381683687749803,0.24842964518772556,0.0055,True,True,2000,1.934580959845253,13.450638391291992,11.052359209334988
62,2022-12-21 12:00:00,0.2617365707691191,0.12966640462355905,0.05071479924589106,0.21644234438848928,0.2438301264333918,0.0025,True,True,2000,1.9061179009209914,13.731394613242662,11.355139379568778
63,2022-12-21 18:00:00,0.2675676216193965,0.13242708219998456,0.04965744410222116,0.21401769421815048,0.2478171053760275,0.004,True,True,2000,1.8592337926639861,14.391284338480892,11.511069509526136
64,2022-12-22 00:00:00,0.2695013518692445,0.13111291203743475,0.050719347792377974,0.21551725149059667,0.24901369652910185,0.003,True,True,2000,1.8876481640403604,14.27709660111651,11.417236304741197
65,2022-12-22 06:00:00,0.26439752180471937,0.12900871426397295,0.05005490745780332,0.21241901709667216,0.2524087904852102,0.006,True,True,2000,1.8529124216514115,14.269294043000402,11.464061367096527
66,2022-12-22 12:00:00,0.2515105784687974,0.12334377505277462,0.04940891256741313,0.20490636799718293,0.23916532960525252,0.0045,True,True,2000,1.8434007747034395,13.643835997045167,11.115671144824576
67,2022-12-22 18:00:00,0.23981877576026306,0.11890709739710009,0.04959069004744759,0.20006154039584254,0.23275832297369983,0.009,True,True,2000,1.8066285370492032,13.274382134578872,11.07375070708262
68,2022-12-23 00:00:00,0.251912559571506,0.11770575567156054,0.049550395376988826,0.2015852272941688,0.23756518863623546,0.004,True,True,2000,1.8306156015484523,13.761084487558293,11.011881856772938
69,2022-12-23 06:00:00,0.23617312843793392,0.12253320046156164,0.0486552417237647,0.20324630880046057,0.23187775329376845,0.0065,True,True,2000,1.8105750483170386,13.044094949693525,11.225511419114142
70,2022-12-23 12:00:00,0.24618391130480613,0.12208589530501245,0.050468930487801836,0.20658893656657304,0.23540815758567232,0.0065,True,True,2000,1.8015289197459423,13.665276677297184,11.467422715351521
71,2022-12-23 18:00:00,0.24686205315758608,0.12646944105405292,0.050571355279655165,0.21001703052446477,0.2463577848405686,0.01,True,True,2000,1.7979641670995812,13.730087488663143,11.680824032397574
72,2022-12-24 00:00:00,0.24100517520176626,0.12471893948596617,0.051831347896237875,0.21228734379356537,0.249595600913731,0.0155,True,False,2000,1.7838671780303712,13.510264562850935,11.900400792617257
73,2022-12-24 06:00:00,0.23080638493157152,0.12963568557517466,0.04946688956299337,0.21251852276852992,0.2455884869338756,0.0225,True,False,2000,1.7986406225462017,12.832267993860613,11.815507784300081
74,2022-12-24 12:00:00,0.2373773776951626,0.13324462100209786,0.05086883366774872,0.21671805349054693,0.24403772021686773,0.0165,True,False,2000,1.8005911339419098,13.183302595491996,12.035939164939743
75,2022-12-24 18:00:00,0.24785919611281743,0.1393940242044827,0.050400129602659674,0.22232854535050772,0.25438688343413773,0.0155,True,False,2000,1.8368601491934733,13.49363457101768,12.103727409412606
76,2022-12-25 00:00:00,0.25035102016400546,0.1475484753685753,0.04768199705137046,0.22649318990998443,0.2561552829973219,0.0135,True,False,2000,1.7877812690203818,14.003447988980541,12.668954185547085
77,2022-12-25 06:00:00,0.2564500705213524,0.1469701538827164,0.0511170885862026,0.23217247893755413,0.2612860855826884,0.015,True,False,2000,1.7675216545057963,14.509020009322402,13.135481443505718
78,2022-12-25 12:00:00,0.26340372473505036,0.14097748123526094,0.04960576502479851,0.2232739081045823,0.25769917414236915,0.007,True,True,2000,1.7807769405820868,14.791505815936215,12.538005351282248
79,2022-12-25 18:00:00,0.26671528872814876,0.13777968350031175,0.05176990736267206,0.21805081855095157,0.25789546991431195,0.0045,True,True,2000,1.7778195090775237,15.00238282718262,12.265070634987797
80,2022-12-26 00:00:00,0.2574723029093579,0.14232252080880137,0.05036696236770706,0.22658229000846403,0.26114315186263043,0.011,True,False,2000,1.8016211674581444,14.291145528258761,12.576577923323494
81,2022-12-26 06:00:00,0.26890118982935474,0.14147247229883675,0.05181314733507675,0.22892698964123226,0.2546907508616674,0.0055,True,True,2000,1.8011421603824291,14.929481733538461,12.710101105657598
82,2022-12-26 12:00:00,0.25916129145921996,0.14394631179715048,0.050927341067542035,0.22658443873587394,0.2646499756219265,0.015,True,False,2000,1.8160618948318188,14.27050984312516,12.476691426690465
83,2022-12-26 18:00:00,0.2578644746854799,0.1365850939119956,0.05056239557975879,0.2194079202780929,0.2537059926718244,0.007,True,True,2000,1.8225894053674794,14.148248306836175,12.038252808446167
84,2022-12-27 00:00:00,0.25574972319957273,0.1420983175269861,0.048918764352310726,0.22130742321122898,0.2565219854335569,0.011,True,False,2000,1.8528000541432978,13.803417299543794,11.944484927897827
85,2022-12-27 06:00:00,0.26870412239156777,0.1499125754642681,0.04924920426937032,0.22895448479455963,0.25962858563608204,0.0055,True,True,2000,1.8836379751726635,14.265168038297645,12.154909160480933
86,2022-12-27 12:00:00,0.2891911744183292,0.1600628580708225,0.05076480312685302,0.24492094191744965,0.273576819160036,0.0025,True,True,2000,1.931715900381381,14.970688720905276,12.678931817514915
87,2022-12-27 18:00:00,0.27710057912960157,0.15562500953327824,0.049579045338924856,0.2388781133508604,0.27310181552795026,0.008,True,True,2000,1.931994294396557,14.342722436256041,12.364328095775877
88,2022-12-28 00:00:00,0.2816335603254166,0.15463611410431463,0.05072289791710563,0.23944311162958723,0.27612850282537055,0.0075,True,True,2000,1.9202316626670597,14.666644957528115,12.469490858046704
89,2022-12-28 06:00:00,0.27076209263334233,0.14476036734170344,0.050307487720023775,0.2286679073608017,0.2638859574938507,0.007,True,True,2000,1.8928713060404634,14.304305409950269,12.080478299347918
90,2022-12-28 12:00:00,0.2537117900055238,0.12878495721974884,0.04920057953691178,0.2096299631217346,0.2403168186758393,0.006,True,True,2000,1.912807728194873,13.26384174769897,10.959280435340123
91,2022-12-28 18:00:00,0.2447264119738528,0.1156389155442628,0.04994895581806912,0.20118927533081196,0.23464609408635004,0.0055,True,True,2000,1.9356438806614038,12.643152721368898,10.3939199426532
92,2022-12-29 00:00:00,0.26064844264289677,0.10925963159315705,0.0495012466778587,0.19136406069932413,0.21939393260651593,0.0005,True,True,2000,1.9083858884442924,13.658057535490173,10.027534884746148
93,2022-12-29 06:00:00,0.2689787263462493,0.10684671657072489,0.04979234769928243,0.18869935784797687,0.22076703785434357,0.0005,True,True,2000,1.9490150230730747,13.800751823972188,9.681780571934665
94,2022-12-29 12:00:00,0.27398842476266266,0.10688853640394046,0.04921758978654035,0.19046369880258962,0.21791889792361463,0.0,True,True,2000,1.915112007769422,14.306652751960117,9.94530335718731
95,2022-12-29 18:00:00,0.2724450264720806,0.11181195110161306,0.04959358633893071,0.1926710254788362,0.22139253004727874,0.0015,True,True,2000,1.9128746341136316,14.242701618463533,10.072328946330252
96,2022-12-30 00:00:00,0.27669704610962337,0.1115430299872543,0.049670796737934064,0.1943811363910741,0.22546126563870353,0.0,True,True,2000,1.884427548953391,14.683347537733708,10.315129201917747
97,2022-12-30 06:00:00,0.2831417862070675,0.11742607748006298,0.04879469021474237,0.19821789687211835,0.2344066324848665,0.0005,True,True,2000,1.8912142894965462,14.971428027991566,10.480985574875563
98,2022-12-30 12:00:00,0.2925498873578439,0.12140762770636285,0.04945934278855111,0.20349254118648444,0.23897438822791725,0.0,True,True,2000,1.8715996675610724,15.631007657693848,10.872653202148758
99,2022-12-30 18:00:00,0.3104930904473174,0.1253236771309781,0.05104859671833027,0.21010801895750794,0.23911038827950212,0.0,True,True,2000,1.8545327641757128,16.7423890505015,11.329431488954848
100,2022-12-31 00:00:00,0.28688988363645984,0.12529043364731635,0.04896862200937915,0.2087700151979486,0.24411781942703437,0.0,True,True,2000,1.8351385455714162,15.633145755059575,11.376253618657596
101,2022-12-31 06:00:00,0.27946269111540323,0.12033909292086531,0.05119303958149129,0.2067084032899949,0.24674334872934295,0.0015,True,True,2000,1.8236948638024775,15.323983011758461,11.334593708236888
102,2022-12-31 12:00:00,0.262633365717786,0.11370693609914877,0.04954439156535623,0.19735039737011384,0.23237128922079744,0.0005,True,True,2000,1.795716946474986,14.625543643353062,10.990061532666106
103,2022-12-31 18:00:00,0.26827569992228545,0.11746100888161908,0.049830978773360346,0.19975043371615409,0.23321658610984494,0.001,True,True,2000,1.7758825363021937,15.106612877724377,11.247953039286122
104,2023-01-01 00:00:00,0.2622144708887129,0.115043168019679,0.05018068299928487,0.19714195564743758,0.23204361616462357,0.003,True,True,2000,1.7824084623279617,14.711244724805713,11.060425251233106
105,2023-01-01 06:00:00,0.2460923383362422,0.11265372287103491,0.04929506206299824,0.1944576849353342,0.23181502055979752,0.005,True,True,2000,1.7666892222788724,13.929577156688877,11.006898241248171
106,2023-01-01 12:00:00,0.24082123195393967,0.11886774067995742,0.05054325807638285,0.2006945117382273,0.23583121307521296,0.008,True,True,2000,1.7424063892923052,13.82118623036911,11.518237821645116
107,2023-01-01 18:00:00,0.22140341939490243,0.11738924278923214,0.05082360052226308,0.20144145181530176,0.2406694889022375,0.0225,True,False,2000,1.6959866054920263,13.054549999271403,11.877537898175863
108,2023-01-02 00:00:00,0.19578167511812514,0.11790364841370558,0.05037616981206577,0.20211023324369154,0.23323723849387423,0.063,False,False,2000,1.7500888553527383,11.18695628049494,11.548569812642759
109,2023-01-02 06:00:00,0.18265751588477638,0.11380013225613707,0.050492251653515556,0.19700576712081194,0.22969715093690288,0.0845,False,False,2000,1.7623020402959455,10.364711139646781,11.178887762493229
110,2023-01-02 12:00:00,0.19038785192910726,0.1145363646597061,0.052071022997009137,0.20048561965730194,0.2336859587651408,0.0755,False,False,2000,1.74662742081153,10.90031277767573,11.478442240655475
111,2023-01-02 18:00:00,0.21313880444757333,0.1188967831469319,0.052062188043680346,0.20945237059657296,0.2463152686571954,0.0425,True,False,2000,1.7287526746606006,12.32905131958324,12.115808910473207
112,2023-01-03 00:00:00,0.20702995212349298,0.11791181029831888,0.049858778456455886,0.200190893475067,0.23322613989587504,0.035,True,False,2000,1.733811520802232,11.940741518876315,11.546289263462672
113,2023-01-03 06:00:00,0.20862844981771395,0.11436604041707221,0.0495492318301668,0.19635854209813355,0.22865294497199448,0.028,True,False,2000,1.7625489322253225,11.836746543785775,11.140600893855426
114,2023-01-03 12:00:00,0.21256674187681404,0.10970504596877224,0.051337847319793864,0.1944163582697095,0.22600480481284527,0.023,True,False,2000,1.751094554358783,12.139078460823145,11.102561982491059
115,2023-01-03 18:00:00,0.1927801999470543,0.10290186844599683,0.04996966936892111,0.18455075570668167,0.22442196190841435,0.039,True,False,2000,1.7207543792453095,11.203237502821528,10.724991197617765
116,2023-01-04 00:00:00,0.2020763824142124,0.1024027996453737,0.05237191729576171,0.19166344457317286,0.2296060909721743,0.0315,True,False,2000,1.7056105733181137,11.847744472003992,11.237233608390964
117,2023-01-04 06:00:00,0.21050769304192957,0.09987490432625049,0.051322783893975446,0.18792180189089053,0.22453795348362807,0.02,True,False,2000,1.7136536755780531,12.284144459406052,10.966148211218954
118,2023-01-04 12:00:00,0.21187774730228676,0.10194457686340808,0.05172321930407346,0.18862132945699123,0.22536078481401622,0.0225,True,False,2000,1.6897646643652644,12.538890874598538,11.162579821601613
119,2023-01-04 18:00:00,0.21949017699370374,0.10783104707641729,0.05398999606527429,0.19617049567722017,0.2337615264203541,0.02,True,False,2000,1.6869803345279244,13.010831987862186,11.628499257646384
120,2023-01-05 00:00:00,0.22894957082169082,0.11599457456498245,0.052359768963855476,0.2053400444346094,0.23605013227159086,0.0155,True,False,2000,1.6872482340756032,13.56940645708401,12.170114645110864
121,2023-01-05 06:00:00,0.2306948847663763,0.11727916125560685,0.05221088125928357,0.2012956981606716,0.2398552637332662,0.013,True,False,2000,1.7082800921043602,13.504511691767874,11.783530059915625
122,2023-01-05 12:00:00,0.22527510633846864,0.11627991047074457,0.05215116953769794,0.20367082123241023,0.2425326300065573,0.0215,True,False,2000,1.7131471581048114,13.149781399262968,11.88869387366135
123,2023-01-05 18:00:00,0.20724646280291742,0.11827109641341911,0.05198715871154044,0.20378804285512006,0.24284355924371462,0.0455,True,False,2000,1.696323727952978,12.217388661597633,12.013511306656028
124,2023-01-06 00:00:00,0.20210105838932382,0.11559162876990639,0.05183801415108684,0.20462258333056962,0.23816675968128254,0.056,False,False,2000,1.698115901877683,11.901487888185464,12.049977454678402
125,2023-01-06 06:00:00,0.19989071124521415,0.11331075091734041,0.05084174633853793,0.19935286084064247,0.23240986061219163,0.048,True,False,2000,1.6617994814910608,12.028569840800579,11.996204299075346
126,2023-01-06 12:00:00,0.20669705755624906,0.10899609631469051,0.0509898176616111,0.1930652860614521,0.2367214892814827,0.027,True,False,2000,1.6713844775429445,12.366816871490192,11.551219282906825
127,2023-01-06 18:00:00,0.24355422798639922,0.1109811451522969,0.053267487353306345,0.198259155373349,0.2374370745557545,0.0085,True,True,2000,1.6887019905357086,14.422570077573976,11.740328162368959
128,2023-01-07 00:00:00,0.24329546563365584,0.10709857569481665,0.05195400015170488,0.1952610761272556,0.2272521737806314,0.0055,True,True,2000,1.7529458919628105,13.879234193659723,11.139024713912741
129,2023-01-07 06:00:00,0.22836678656320158,0.1072658320040654,0.05291852860353544,0.19337653298285376,0.22500505634288775,0.009,True,True,2000,1.7635587907373955,12.949201793704578,10.965131074649197
130,2023-01-07 12:00:00,0.24238755736670908,0.10858902153507244,0.05203312382813492,0.19660089670215833,0.23217791268352933,0.005,True,True,2000,1.7662246861545499,13.723483725869487,11.131137405298116
131,2023-01-07 18:00:00,0.24270341971442466,0.11409143106087064,0.05330960698485154,0.2013313747851234,0.2363379722430945,0.007,True,True,2000,1.839724346969709,13.192379614597813,10.943562013338855
132,2023-01-08 00:00:00,0.2495049831407823,0.11110735931878538,0.05164704616851451,0.19615870503878624,0.23001992451752992,0.0025,True,True,2000,1.8802119896263398,13.270045320281525,10.432797265470551
133,2023-01-08 06:00:00,0.2547434115290153,0.10636046530368488,0.051936787450683045,0.19129060151004335,0.23483695254591927,0.004,True,True,2000,1.8696639333842593,13.625090957812237,10.231282643602704
134,2023-01-08 12:00:00,0.26969837183364354,0.10247471276580199,0.051952120906026016,0.1914245716706496,0.22671902348321893,0.0005,True,True,2000,1.8714830156994386,14.410944132070993,10.228496334983172
135,2023-01-08 18:00:00,0.27300445183403244,0.10089788140636426,0.053539508709668775,0.1919788354828087,0.22390490570026944,0.0,True,True,2000,1.8589687071839578,14.68580136820005,10.327168754423314
136,2023-01-09 00:00:00,0.27319449795839795,0.1002617872937411,0.0520582646176639,0.18679522729961104,0.2263293756950194,0.001,True,True,2000,1.8466351573253252,14.794178312628581,10.11543761411789
137,2023-01-09 06:00:00,0.2578305745755128,0.10406851223420165,0.05183769383554005,0.1925719459295458,0.23057915609061652,0.001,True,True,2000,1.8435470291281006,13.985570777516475,10.445730045770627
138,2023-01-09 12:00:00,0.2431333782045318,0.10266540036864422,0.053180316629304496,0.1936528983189405,0.2296167126037495,0.006,True,True,2000,1.8607289330518029,13.0665662196033,10.40736750416022
139,2023-01-09 18:00:00,0.25053976160417324,0.10130008742510006,0.05073777026100543,0.18732234518672092,0.22763922521919144,0.0005,True,True,2000,1.8651166156917902,13.432927437153605,10.043465572646845
140,2023-01-10 00:00:00,0.23199403433334,0.10267304406847448,0.05366223787852021,0.1938750837549624,0.22900580223140735,0.009,True,True,2000,1.8479796798077843,12.553927776817906,10.491191319545685
141,2023-01-10 06:00:00,0.22741703338369654,0.09804022984977029,0.05287557735256534,0.18918667957330182,0.2225605901639865,0.0095,True,True,2000,1.8234714081283085,12.471653373338462,10.375083411233268
142,2023-01-10 12:00:00,0.2202195628407188,0.09652674568348961,0.053041756674026344,0.19133890072622042,0.22003311008438606,0.01,True,True,2000,1.8120522605595504,12.153046997260244,10.559237439826164
143,2023-01-10 18:00:00,0.2237510839701369,0.09283937089446744,0.051462257996991126,0.18039810613905544,0.22050326219541538,0.0085,True,True,2000,1.8340745916823322,12.199671975440099,9.835919812486067
144,2023-01-11 00:00:00,0.21448703570830624,0.09073179185319097,0.05199013156384441,0.17842996236534814,0.21786236732034234,0.012,True,False,2000,1.8068111095549049,11.87102705833725,9.875407640663838
145,2023-01-11 06:00:00,0.20473423176698824,0.08839801368013246,0.05177705167066144,0.17349362691534004,0.21438042032228796,0.0175,True,False,2000,1.71925826314037,11.908288368091013,10.091190522966533
146,2023-01-11 12:00:00,0.22407351442814494,0.09276981447196644,0.05326249178457382,0.18644844531436855,0.22050839958008298,0.009,True,True,2000,1.7532340306967145,12.780582084589174,10.63454405115991
147,2023-01-11 18:00:00,0.2562332157027635,0.09453181876182751,0.0524188310562344,0.18171049224969205,0.22142690444183866,0.002,True,True,2000,1.7786729509234553,14.405864527806067,10.216071040792023
148,2023-01-12 00:00:00,0.2600065831997129,0.09727322225531755,0.05359954797206857,0.18612682611441259,0.2282432429790447,0.0025,True,True,2000,1.7984816633513925,14.457004955791538,10.349108912657654
149,2023-01-12 06:00:00,0.2664336236417939,0.09794612811025369,0.05423462294274872,0.1908303569586385,0.2220271961532386,0.003,True,True,2000,1.744427132698503,15.273416621859138,10.939428387784687
150,2023-01-12 12:00:00,0.28445126317339736,0.10099464892029104,0.05451586843845058,0.19318064706233948,0.237142052386426,0.0,True,True,2000,1.7264162009723456,16.476401403855558,11.18969150970299
151,2023-01-12 18:00:00,0.299949609559546,0.1027478071171101,0.05305770753039817,0.192629118579421,0.2259695761775816,0.001,True,True,2000,1.7433357419655826,17.2054987653358,11.049456162829244
152,2023-01-13 00:00:00,0.30647934570053187,0.10110743752305965,0.05360589435135213,0.19051703659196517,0.23215266796073356,0.0005,True,True,2000,1.740079927071642,17.61294644759807,10.948752044544518
153,2023-01-13 06:00:00,0.33680378320122806,0.10732873833716938,0.05473607867185144,0.2021811131099029,0.23361120548815323,0.0,True,True,2000,1.7985863202964318,18.726028292360088,11.24111257982773
154,2023-01-13 12:00:00,0.34015035242911207,0.10281916456005497,0.053609698225282866,0.1905107963604014,0.22991985286331074,0.0,True,True,2000,1.7799256998986448,19.110368059098278,10.703300501321475
155,2023-01-13 18:00:00,0.33694486138255236,0.10807059271280398,0.053793619083557696,0.20122934247523297,0.24349967586299268,0.0,True,True,2000,1.7590102648067845,19.155366408254785,11.439918600892113
156,2023-01-14 00:00:00,0.3083238729973915,0.10915760821695702,0.053746941217135365,0.20149874313298452,0.23146466409176575,0.0,True,True,2000,1.7619368729601985,17.499144136723928,11.436206723709125
157,2023-01-14 06:00:00,0.3136009757873573,0.11519929169051119,0.054454349893112215,0.20643199079697938,0.23884805499093892,0.0005,True,True,2000,1.7656316353202457,17.761404446657252,11.69167943456888
158,2023-01-14 12:00:00,0.3153794963947716,0.11676083924031272,0.054349344877384576,0.21016334720152688,0.2436216398663177,0.0,True,True,2000,1.761250133999379,17.906570469841213,11.932623489674125
159,2023-01-14 18:00:00,0.3066414797586155,0.1172412224874085,0.05302584439236587,0.20604996973587988,0.24608971060971316,0.0005,True,True,2000,1.750954702362678,17.512816256459637,11.767864094818853
160,2023-01-15 00:00:00,0.3150634527884564,0.11888771300697092,0.053072296301178865,0.20952491922830693,0.24317160199818877,0.0,True,True,2000,1.7495316864832369,18.008445072622305,11.976057412796935
161,2023-01-15 06:00:00,0.3043338771902712,0.1168492444514035,0.05325983642922408,0.20375957590857058,0.2503487846603397,0.0,True,True,2000,1.7775636386181188,17.120842853584747,11.46285688353603
162,2023-01-15 12:00:00,0.28792106509507975,0.11655975756107748,0.0535734925200992,0.2026411609652745,0.2414178603470409,0.001,True,True,2000,1.7609258633643132,16.350550076253413,11.507648628552776
163,2023-01-15 18:00:00,0.27708135431989755,0.111856209961314,0.0546003289307062,0.20277539702466996,0.23824771613334644,0.001,True,True,2000,1.7821937610151355,15.547207064739826,11.377853601573003
164,2023-01-16 00:00:00,0.24117863786390115,0.10579996445229892,0.0545453337382446,0.19665076977320817,0.23452801868016182,0.008,True,True,2000,1.8244736596580264,13.219080285823742,10.778493223632934
165,2023-01-16 06:00:00,0.2342982316346488,0.10780016214640319,0.053114079215088275,0.19685806485672197,0.2338375653298621,0.0095,True,True,2000,1.8130382353407484,12.922961417336795,10.857910275660778
166,2023-01-16 12:00:00,0.2403580088969965,0.11069306485066198,0.05253561703660421,0.19742145995601323,0.2357677682902349,0.008,True,True,2000,1.817058639972138,13.227861974816731,10.864892063089412
167,2023-01-16 18:00:00,0.25879777836383927,0.10416086228940279,0.05387222074264211,0.19595467640989633,0.23589687044667462,0.0035,True,True,2000,1.8189903175836049,14.227551178372028,10.772716848224224
168,2023-01-17 00:00:00,0.2619618994795851,0.0960198755577949,0.05181817825569957,0.18348922568445153,0.2239507219024707,0.0005,True,True,2000,1.8085928763797847,14.484293447176885,10.145413491384382
169,2023-01-17 06:00:00,0.25008290680626555,0.09795912044860489,0.05427090555380758,0.19099460608424323,0.22094288915025423,0.0035,True,True,2000,1.8093991774541411,13.821323117773101,10.55569210288778
170,2023-01-17 12:00:00,0.27662030514672736,0.10677270255127616,0.05459248883970103,0.1992030451676292,0.23749833759488884,0.001,True,True,2000,1.80852223585066,15.295377610694164,11.014685980564218
171,2023-01-17 18:00:00,0.2903767248120671,0.10883456311229193,0.05492988404939458,0.20621276989341078,0.24010235770042795,0.0005,True,True,2000,1.7919956369159258,16.204097757281012,11.50743705204041
172,2023-01-18 00:00:00,0.3130748789904442,0.10824224606281825,0.05321980915050037,0.19773926033704275,0.23187317174822267,0.0,True,True,2000,1.7927701749025642,17.4631909529318,11.029816487648214
173,2023-01-18 06:00:00,0.2900180260752187,0.1080108633570244,0.05536285957572277,0.20275026712105856,0.2425303628339431,0.0005,True,True,2000,1.8003790544239333,16.108720292128464,11.26153221027849
174,2023-01-18 12:00:00,0.3062239980982971,0.10885782030167038,0.0544134109807388,0.1998740631554013,0.23491633062681103,0.0,True,True,2000,1.8055532006315789,16.96012047671487,11.069962551393433
175,2023-01-18 18:00:00,0.30006817437678934,0.1128502040182747,0.054135228362192325,0.20484059749065459,0.23747812194730983,0.0015,True,True,2000,1.8063657895516616,16.611706007301322,11.339928970947565
176,2023-01-19 00:00:00,0.2949939364348953,0.10963141618886879,0.05418212655180945,0.20082879530888761,0.2342237047534432,0.0005,True,True,2000,1.797009789041426,16.415822453157205,11.17572071858413
177,2023-01-19 06:00:00,0.27046477305313005,0.11015270003341661,0.05369174568306181,0.20166806915145383,0.237772960400917,0.0025,True,True,2000,1.7880823986386316,15.125968090679166,11.278455025618236
178,2023-01-19 12:00:00,0.2905455061276953,0.10521469125744497,0.05389352796963826,0.19531924652775284,0.23131711133262112,0.0,True,True,2000,1.7786206856165439,16.33543950530296,10.981500896018595
179,2023-01-19 18:00:00,0.2910627777720294,0.11010618603502857,0.05293270125359945,0.1986119046902622,0.23092607616210742,0.0,True,True,2000,1.7952827418050479,16.212642777336754,11.062987465170526
180,2023-01-20 00:00:00,0.2656257941848527,0.12074677389414243,0.05339472689158337,0.2086264152469083,0.24920406087635952,0.003,True,True,2000,1.8057266029698817,14.7101888928245,11.553599249398003
181,2023-01-20 06:00:00,0.27610213772193315,0.1355926361549684,0.055739958448343674,0.226990451322747,0.26813050592831605,0.006,True,True,2000,1.806481347942308,15.283973899671327,12.565336009768544
182,2023-01-20 12:00:00,0.26758304954525586,0.12975982280782353,0.05271495686809015,0.21813428318759653,0.25580060983676917,0.0065,True,True,2000,1.7978452797095958,14.88354156863144,12.133095414241183
183,2023-01-20 18:00:00,0.27917814912836675,0.13350845810534456,0.05439911188434339,0.2224004470510097,0.25857958667892744,0.0025,True,True,2000,1.7382518876271362,16.060856951489868,12.794489028549567
184,2023-01-21 00:00:00,0.2900486809823344,0.13994439270542433,0.055890549168345016,0.2326098006193704,0.26733259809762644,0.002,True,True,2000,1.7363795842099228,16.704220875432064,13.396252912361392
185,2023-01-21 06:00:00,0.28516544118185144,0.13530747873047885,0.053783304631430516,0.22249653050554447,0.257748765692415,0.0025,True,True,2000,1.731919219960973,16.46528532596788,12.846819178469431
186,2023-01-21 12:00:00,0.29537605122908517,0.14347138616288294,0.05316466564239441,0.23187271507739485,0.2657957295869537,0.0025,True,True,2000,1.7335489611945873,17.038806393189017,13.375608088831337
187,2023-01-21 18:00:00,0.3097673659309314,0.13576361565118952,0.05471007951197447,0.22677918721736356,0.26269372873797187,0.0,True,True,2000,1.7129410779711696,18.08394753997166,13.239170344724519
188,2023-01-22 00:00:00,0.3178841222038437,0.13562544069168986,0.053676298471643395,0.22560040943735993,0.2633587597189571,0.0005,True,True,2000,1.7022429283106142,18.6744275401001,13.253126547645955
189,2023-01-22 06:00:00,0.3201140915385526,0.13306426960478757,0.05215278205898193,0.2193877268021293,0.2519502155956435,0.0,True,True,2000,1.6990979724036415,18.84023739288564,12.91201157116154
190,2023-01-22 12:00:00,0.3474783268618278,0.13063273316674343,0.05455877950735534,0.22338419112563543,0.2577246672273372,0.0,True,True,2000,1.6358158114515766,21.241898044345554,13.655827848210528
191,2023-01-22 18:00:00,0.353564845025353,0.12960328635040747,0.05310777112459519,0.218007095832862,0.257302091121852,0.0,True,True,2000,1.6672517087801781,21.206446702881706,13.07583580120388
192,2023-01-23 00:00:00,0.3598386343563494,0.13080282033974874,0.05253357875219094,0.21779112811954246,0.2510979028149525,0.0,True,True,2000,1.6718145936364794,21.52383617932414,13.027229750747058
193,2023-01-23 06:00:00,0.3671813363608404,0.12751786192218553,0.05384938965295423,0.21920553840968665,0.2530282416558119,0.0,True,True,2000,1.6701589305339193,21.984814118465913,13.12483108057331
194,2023-01-23 12:00:00,0.3621573918500822,0.12660027807039026,0.053618171270319204,0.21492721553873853,0.24898511588930217,0.0,True,True,2000,1.666564728637647,21.730772626283294,12.89642171381086
195,2023-01-23 18:00:00,0.3533145156118355,0.12506945458647414,0.05316936470544568,0.21444484972815864,0.2526088161151162,0.0,True,True,2000,1.6907711405415355,20.896649294514972,12.683257040895215
196,2023-01-24 00:00:00,0.3470099576293004,0.1292515340708596,0.05439082287792721,0.2209457215450623,0.25807085833433174,0.0,True,True,2000,1.6696340468618063,20.78359376304825,13.233182562391155
197,2023-01-24 06:00:00,0.34356289845422316,0.13120328099478012,0.05370325246341016,0.2183817783298368,0.2602447751959226,0.0,True,True,2000,1.6640785070478352,20.645834736710963,13.123285794806508
198,2023-01-24 12:00:00,0.34175185791534246,0.12947574154493474,0.05499934069628985,0.2199683418381146,0.25820017191761285,0.0,True,True,2000,1.6858382929044073,20.271924024608744,13.048009572682517
199,2023-01-24 18:00:00,0.3227187388273637,0.12466760251453815,0.05363483479388365,0.21126863008032837,0.2527263312198684,0.0,True,True,2000,1.668995960718932,19.336100651097457,12.658426686025226
200,2023-01-25 00:00:00,0.3088592496034828,0.12640356126805338,0.05424168628270309,0.21668089901107015,0.25565489795647445,0.001,True,True,2000,1.679842354934365,18.386204437353328,12.898882944259155
201,2023-01-25 06:00:00,0.30193008904889546,0.12126598725123491,0.0536059223181911,0.20804439825315862,0.2457836583872972,0.0,True,True,2000,1.6634162391646994,18.151204848193174,12.50705586219539
202,2023-01-25 12:00:00,0.30323454151586554,0.11916663638731745,0.05427211962855159,0.2080459500780265,0.2448334272358579,0.0,True,True,2000,1.6540580884113865,18.33276253357597,12.57791074785293
203,2023-01-25 18:00:00,0.3105542687104765,0.11768778283489763,0.053393862286531465,0.20716381670352305,0.2381050937434462,0.0,True,True,2000,1.5990885602323397,19.420704796071735,12.955118425299919
204,2023-01-26 00:00:00,0.33300658303776387,0.11706020553214046,0.05461192701751125,0.20566486422915245,0.2449713242432023,0.0005,True,True,2000,1.6791421685305903,19.831946888045604,12.248210311407332
205,2023-01-26 06:00:00,0.3353916487563907,0.1234377735474539,0.05526718216814778,0.21603021703319333,0.25312859798804893,0.0,True,True,2000,1.6279060626187527,20.602641421265947,13.270435069556374
206,2023-01-26 12:00:00,0.35016436411058816,0.11481699186941208,0.054246488288041905,0.20604116444420112,0.24310779165764634,0.0,True,True,2000,1.5551514125667247,22.516416168934555,13.248945586856856
207,2023-01-26 18:00:00,0.34276704994507423,0.11549301634400795,0.05345373489735909,0.2034705580756274,0.24394757408200052,0.0,True,True,2000,1.5153905196992863,22.6190572983849,13.426938827359432
208,2023-01-27 00:00:00,0.33752403215937843,0.11905103258132382,0.05272478386942111,0.20509020497247749,0.2362030107792867,0.0,True,True,2000,1.522643143512501,22.166982040241088,13.469354644671782
209,2023-01-27 06:00:00,0.33779796914757976,0.13177349461634297,0.051984229301868856,0.21916819393421313,0.2535633141495433,0.0005,True,True,2000,1.5349846813164223,22.0066019719415,14.278200727466004
210,2023-01-27 12:00:00,0.3231864293648366,0.1335221344318471,0.052009384734545354,0.22006424565090632,0.2582389572506805,0.0005,True,True,2000,1.5394880827481565,20.993110176462885,14.294637816102304
211,2023-01-27 18:00:00,0.3149867602740809,0.12782230356961688,0.053155653462200934,0.21413270021202985,0.25377178730796185,0.001,True,True,2000,1.5751661767652783,19.99704951263808,13.594292676583963
212,2023-01-28 00:00:00,0.3225712774867735,0.12525881174708184,0.05377914616580997,0.2149643410710046,0.2519918429328422,0.0,True,True,2000,1.6001854593697036,20.158368244005352,13.43371418683412
213,2023-01-28 06:00:00,0.3114633389679064,0.12502911763532057,0.053715523605343436,0.2132967699795059,0.24701706281335195,0.0,True,True,2000,1.56918669992539,19.848711372758608,13.592822956608508
214,2023-01-28 12:00:00,0.316345847092636,0.11749002718410549,0.05253891102268621,0.20146869785734384,0.24318375805929307,0.0,True,True,2000,1.5350374391210935,20.608347329545534,13.124676488196762
215,2023-01-28 18:00:00,0.3095628120489622,0.1148559888837177,0.05207743656975978,0.20051848919523688,0.23491336171340826,0.0005,True,True,2000,1.488032949280042,20.803491763992092,13.47540652861579
216,2023-01-29 00:00:00,0.3100173953327792,0.1109870334494198,0.052436041097002783,0.1977483378535156,0.22764321072194219,0.0,True,True,2000,1.4956144698872038,20.72842979087787,13.221879156359684
217,2023-01-29 06:00:00,0.31233032187080406,0.11303170544193429,0.05420579819235676,0.20298603044543842,0.23959569694088798,0.0005,True,True,2000,1.5248611355037256,20.482541957345397,13.311771525895939
218,2023-01-29 12:00:00,0.32402352379446375,0.11630994671064113,0.05363528899775266,0.20269247246641253,0.23916948289823103,0.0005,True,True,2000,1.477167869769272,21.935457061158186,13.721695185400446
219,2023-01-29 18:00:00,0.31964732977342436,0.1111843158725775,0.052957594080977034,0.19833714695157187,0.24176040810365793,0.0,True,True,2000,1.476778938688674,21.644900357074402,13.430388378079664
220,2023-01-30 00:00:00,0.34973840026214204,0.1138255232837322,0.05447969818292458,0.2054310769727344,0.2512785465740449,0.0005,True,True,2000,1.4509232572203632,24.104541609744455,14.15864525917748
221,2023-01-30 06:00:00,0.3411646974053345,0.11253435548142966,0.0550667283882011,0.20650037842501456,0.24452931679842863,0.0,True,True,2000,1.4869851467415813,22.94338300237403,13.88718501173446
222,2023-01-30 12:00:00,0.35063943386349306,0.11119267237957763,0.054417454460283406,0.20329721408559903,0.24323771140661576,0.0,True,True,2000,1.4819347747209084,23.660922183942183,13.718364502505572
223,2023-01-30 18:00:00,0.33838704789977164,0.1189617704300971,0.055369182044297964,0.20761552524333005,0.2626205549155467,0.0005,True,True,2000,1.5068043896890948,22.457264540461846,13.778532015437534
224,2023-01-31 00:00:00,0.3496161046425482,0.12504618574889947,0.05433586464624773,0.2210454662887789,0.25190620061680963,0.0,True,True,2000,1.5136404843084115,23.09769778669003,14.603564623192245
225,2023-01-31 06:00:00,0.35085469904214417,0.13160312631334156,0.054450031605917874,0.225527717147139,0.2609295321774215,0.0005,True,True,2000,1.5011197460305343,23.37286548724191,15.023965792436625
226,2023-01-31 12:00:00,0.3361626839745094,0.12869453429822528,0.05414682546540068,0.21691121181111123,0.2566432983744371,0.0,True,True,2000,1.4570994421254366,23.070675497902656,14.886507093483473
227,2023-01-31 18:00:00,0.33092961819303435,0.12281214797271288,0.053553986395276795,0.21422248902928775,0.2544698478249931,0.0,True,True,2000,1.4578844423294068,22.699303770899373,14.694065099357479
228,2023-02-01 00:00:00,0.30694855638000057,0.12223377486093284,0.05403846809471095,0.21295848308571835,0.24896582235327158,0.0,True,True,2000,1.4536004638100941,21.116432198669273,14.6504138095501
229,2023-02-01 06:00:00,0.31427553253192037,0.12094762620574337,0.05373698181516727,0.21069620402584174,0.2524089070023141,0.0,True,True,2000,1.454059422918872,21.613664997338635,14.490205881881444
230,2023-02-01 12:00:00,0.2949610666246185,0.12007647089960051,0.052601978617967754,0.20798982061421106,0.249313027805904,0.001,True,True,2000,1.462262567022456,20.171552857653698,14.22383539761481
231,2023-02-01 18:00:00,0.3010943254356549,0.13095039660360472,0.05442025522437008,0.22108976673390338,0.25652152861327543,0.001,True,True,2000,1.4872752864766003,20.24469364706223,14.865423284056018
232,2023-02-02 00:00:00,0.32324692405479677,0.13433240901974738,0.05387105056862387,0.22219634542392525,0.2662204443624273,0.0005,True,True,2000,1.499919827690178,21.550946796442133,14.813881470324954
233,2023-02-02 06:00:00,0.3266967782835749,0.13290589708887773,0.054629643081560736,0.22355602272148256,0.25870043292366124,0.0,True,True,2000,1.4990434428214796,21.793683154950504,14.913245095866495
234,2023-02-02 12:00:00,0.3200595374696684,0.1205295083999474,0.051775418683325636,0.2061193949666653,0.24142755374545413,0.0,True,True,2000,1.536746051682367,20.8270935278656,13.412716742692405
235,2023-02-02 18:00:00,0.30245067812110576,0.1192187307209131,0.05363939553453247,0.20662348450329932,0.2480271488354345,0.0005,True,True,2000,1.535591589399128,19.69603638161718,13.455627520345459
236,2023-02-03 00:00:00,0.30433266857826813,0.11903149917750247,0.05331805528772642,0.20903517117591267,0.2405066928164104,0.001,True,True,2000,1.5544881335845688,19.577677178949756,13.447202758240968
237,2023-02-03 06:00:00,0.29901221163247726,0.12509786071749324,0.05311950639653078,0.21303120688247937,0.2448455062362815,0.0005,True,True,2000,1.577313487426653,18.957056667302584,13.505952277757693
238,2023-02-03 12:00:00,0.2979370117779063,0.12468091255048831,0.052746705460894217,0.21574220550592174,0.2552528500782949,0.0,True,True,2000,1.5830096100795057,18.82092249351175,13.628609967509057
239,2023-02-03 18:00:00,0.3181892043895147,0.1309875086007742,0.050912268372667595,0.2184968117341414,0.25166146760097974,0.0,True,True,2000,1.5894058142073169,20.019380924953076,13.747075151043923
240,2023-02-04 00:00:00,0.3096337709597951,0.1320092927974188,0.05242674527043481,0.22022716954606064,0.2516942734576888,0.0,True,True,2000,1.5486984528625223,19.993160733613855,14.220145254165251
241,2023-02-04 06:00:00,0.3159155819716715,0.1319760222688425,0.05223999927237796,0.21901493875707004,0.25546778371395445,0.0,True,True,2000,1.5506196402567085,20.373505776011648,14.12434958716321
242,2023-02-04 12:00:00,0.3083502515052668,0.12822863337711057,0.054757223023253684,0.22007685246187014,0.2585984812283607,0.0005,True,True,2000,1.5720072456422511,19.61506553866352,13.99973524752786
243,2023-02-04 18:00:00,0.3207756542852269,0.13285728410277528,0.05296477109249464,0.2227049352979119,0.25522153409375664,0.0,True,True,2000,1.6100160979913736,19.923754469624292,13.832466369482546
244,2023-02-05 00:00:00,0.307871363957865,0.1321591623166251,0.05228982682854173,0.22174893186778827,0.2536491064444901,0.001,True,True,2000,1.6240963487600824,18.956471652245856,13.65368083224143
245,2023-02-05 06:00:00,0.30169674669225177,0.13230766962006146,0.052403615003266124,0.22099378593501792,0.2590502926234709,0.001,True,True,2000,1.6385896381786362,18.411976962554263,13.486829208847077
246,2023-02-05 12:00:00,0.2953891785878142,0.12814234381014342,0.05248298975048353,0.21251501779142226,0.24883999735380535,0.0005,True,True,2000,1.6336960016566235,18.081037003719143,13.008235165901413
247,2023-02-05 18:00:00,0.2943226780965566,0.13268337093516572,0.051761052377614095,0.21884862824511458,0.2605644160230836,0.0005,True,True,2000,1.6497359027285785,17.84059361318148,13.265676517262563
248,2023-02-06 00:00:00,0.29419981502536896,0.1340258565554006,0.05307377002229651,0.22212999515632967,0.259576930872609,0.0015,True,True,2000,1.6806983015495855,17.50461785759645,13.216529995391097
249,2023-02-06 06:00:00,0.2919004089150532,0.13692503991139277,0.05341048275928229,0.2236015143093402,0.26632426047054647,0.002,True,True,2000,1.6618039420573283,17.56527358779026,13.45534865156954
250,2023-02-06 12:00:00,0.2857292212049763,0.14087284763321833,0.052674922755765796,0.22743690043479348,0.26278985052809145,0.0045,True,True,2000,1.6579217948913871,17.234179687208638,13.71819232581433
251,2023-02-06 18:00:00,0.2818163140865593,0.1436033522103124,0.05328437806111298,0.23001798923950273,0.27566444492513215,0.0055,True,True,2000,1.6017664245321654,17.59409547923759,14.360270368801434
252,2023-02-07 00:00:00,0.28002511531903757,0.14663973549498555,0.05310416228692736,0.23352510946256902,0.2712491580322198,0.006,True,True,2000,1.6145917251829096,17.343400870416005,14.463415476510882
253,2023-02-07 06:00:00,0.29386008392819873,0.14722818311363903,0.054680541717910966,0.23586439500802348,0.2751029997446041,0.002,True,True,2000,1.6420150301047736,17.896309019135355,14.364326189692274
254,2023-02-07 12:00:00,0.2920355989603983,0.1457037983088477,0.053242999842764135,0.2332701575133704,0.27129146941002413,0.0025,True,True,2000,1.670351528262971,17.483481412088835,13.965333258679525
255,2023-02-07 18:00:00,0.276738946501618,0.14395125063759243,0.05479271055679352,0.23275004191742468,0.2649563821080044,0.005,True,True,2000,1.6929817757363852,16.346244860270083,13.747935462340516
256,2023-02-08 00:00:00,0.2693186741514149,0.14483043688576183,0.053556147728718445,0.23126009326928235,0.27199935696188154,0.0125,True,False,2000,1.6879621691009183,15.955255341703879,13.70054954445226
257,2023-02-08 06:00:00,0.2756573493604916,0.14089980152721485,0.05447363075349702,0.22751178269867492,0.2728788177990953,0.009,True,True,2000,1.6800112555266833,16.408065627755157,13.542277288335786
258,2023-02-08 12:00:00,0.27060030240889255,0.14709174751695434,0.053770448311626945,0.2354851976048088,0.2718413039989707,0.0105,True,False,2000,1.692470724578258,15.988477583641671,13.913693996892542
259,2023-02-08 18:00:00,0.26500681803507453,0.15387340882803793,0.0544388653224213,0.24392370543479877,0.2799187104304694,0.0195,True,False,2000,1.681660349275535,15.758641044800775,14.504932909899548
260,2023-02-09 00:00:00,0.28081067542791116,0.1484643385377147,0.05382517876174536,0.23739754370608945,0.26966278872003946,0.0045,True,True,2000,1.6803631562176575,16.711308766135417,14.127752255676054
261,2023-02-09 06:00:00,0.25955586651503765,0.15171097050448742,0.05416651330932023,0.23947807065828355,0.27650841457120184,0.0255,True,False,2000,1.7149716097780507,15.134703398887694,13.963967058864402
262,2023-02-09 12:00:00,0.2547185423797558,0.1455436634854242,0.05421170790251489,0.23609507619997774,0.2734814583719844,0.022,True,False,2000,1.6944123671907918,15.032854298747827,13.933743684331438
263,2023-02-09 18:00:00,0.24034134299219628,0.14153927729709995,0.05359812080567759,0.23177430281705702,0.26914312286194175,0.033,True,False,2000,1.6808587250089178,14.298723587904222,13.78904124234637
264,2023-02-10 00:00:00,0.23443228041085715,0.13633823717574653,0.05331465469849099,0.2239787299563896,0.25963597345763884,0.038,True,False,2000,1.6654049062085665,14.076593598163573,13.448905375587964
265,2023-02-10 06:00:00,0.22144055725113648,0.1357927614699094,0.052989976102903756,0.21955488118231828,0.25429941107870946,0.045,True,False,2000,1.7233623679991275,12.849332291515408,12.739913860207341
266,2023-02-10 12:00:00,0.21383229179692448,0.1377472036743068,0.05264369300710399,0.22295734459715744,0.2609494887671251,0.0665,False,False,2000,1.6780472697559663,12.742924210235241,13.28671418353915
267,2023-02-10 18:00:00,0.21533883645743918,0.13827825658718068,0.05297712427310761,0.22765278554749757,0.2599535299248547,0.081,False,False,2000,1.6645365436469415,12.936864455113692,13.676646897082732
268,2023-02-11 00:00:00,0.2196954613337058,0.14733569522793782,0.05300783334015753,0.2349205811391289,0.27785762053118745,0.087,False,False,2000,1.6587633240203514,13.244533331086018,14.162393015162097
269,2023-02-11 06:00:00,0.2392792742806672,0.15573629891895702,0.05279175946252332,0.24256292727911816,0.28153704747982755,0.0585,False,False,2000,1.656492581260516,14.444934857395285,14.643164118159751
270,2023-02-11 12:00:00,0.24187449717650802,0.15361353537827413,0.052834500467085516,0.23896618852438717,0.2793205128082086,0.0405,True,False,2000,1.6553366111201566,14.61180134310163,14.436108457885199
271,2023-02-11 18:00:00,0.24908091236483998,0.1541364410918762,0.052683195389301996,0.23998924079180498,0.2744980266982921,0.036,True,False,2000,1.64226454316621,15.166917741804467,14.613311953329811
272,2023-02-12 00:00:00,0.28503191499368374,0.14959339005318772,0.05319716346079412,0.23684812429815882,0.26982519587602233,0.004,True,True,2000,1.595249833382836,17.867540809532894,14.847086603100044
273,2023-02-12 06:00:00,0.30443008203823413,0.14633793657061123,0.054550312596969325,0.23585152976366097,0.27218439947168654,0.0045,True,True,2000,1.5819877205157125,19.243517385772936,14.908556286819705
274,2023-02-12 12:00:00,0.303582069497446,0.14539032248193018,0.05298444268174743,0.23430287901283714,0.266172392989819,0.0005,True,True,2000,1.578460920091287,19.232789715179578,14.843755460178688
275,2023-02-12 18:00:00,0.3125173494917656,0.1357253076682854,0.05446376577452909,0.22497191245939194,0.2679213160445974,0.001,True,True,2000,1.6051334667841346,19.469866896357864,14.015776078117693
276,2023-02-13 00:00:00,0.3151199001852292,0.14024159289113794,0.05224639349784744,0.22999938266309303,0.2608293830533688,0.0,True,True,2000,1.6346915035135774,19.277025634984703,14.069895278022573
277,2023-02-13 06:00:00,0.3040195507120923,0.1366513506953462,0.052069298166855175,0.22253306996459926,0.2577025264569648,0.0005,True,True,2000,1.6423346111683654,18.51142566470125,13.549800902404904
278,2023-02-13 12:00:00,0.2969778763848222,0.14260424367319544,0.053318522878937936,0.23371505373078622,0.27028272458281805,0.0025,True,True,2000,1.6088948961555756,18.45850074448277,14.526433907475496
279,2023-02-13 18:00:00,0.30496115238719596,0.13979029171290025,0.053900078882243393,0.23129616258584634,0.2620057645253768,0.0015,True,True,2000,1.610175990013189,18.939616183489235,14.364651070467882
280,2023-02-14 00:00:00,0.28831831925130497,0.13327642092615355,0.05196631242165932,0.2176200675208185,0.2516061595720034,0.001,True,True,2000,1.6203214271019188,17.793896595380247,13.43067269745672
281,2023-02-14 06:00:00,0.2806615546460926,0.11995618229617264,0.050814362435757036,0.20238503243164735,0.23794147932474358,0.0,True,True,2000,1.6288324943245909,17.230842067800918,12.42515931729174
282,2023-02-14 12:00:00,0.2947158459632976,0.11365113700442771,0.05202470353095276,0.203798005942491,0.2418703636730862,0.001,True,True,2000,1.6403762064757292,17.966357034431795,12.423857718610867
283,2023-02-14 18:00:00,0.2928011189927315,0.11474527415678523,0.0508346490022314,0.19983375945306614,0.2314580911600544,0.0,True,True,2000,1.6375015450262058,17.8809674947846,12.20357684913623
284,2023-02-15 00:00:00,0.27647709986871466,0.12064290198642524,0.05273468866603967,0.20908917512438052,0.24141257154964166,0.002,True,True,2000,1.6113166908286374,17.158458138141253,12.976293010212295
285,2023-02-15 06:00:00,0.2738583945591138,0.12459278853733052,0.05295462082954539,0.21332358861469156,0.2486596449929157,0.0015,True,True,2000,1.5879165863515885,17.2463967511249,13.43418101733075
286,2023-02-15 12:00:00,0.3022598527859529,0.12598082174292244,0.05175825508474384,0.2069232396403773,0.2485129732278684,0.0,True,True,2000,1.6082061814978055,18.79484460782527,12.866710874575732
287,2023-02-15 18:00:00,0.31675529559003146,0.12853056610805272,0.052049857624628035,0.2125309674063618,0.2466721823327362,0.0,True,True,2000,1.6273187988571112,19.464858134281567,13.06019248076193
288,2023-02-16 00:00:00,0.31038219835267394,0.13013854689791576,0.05196882530576448,0.2159311163779634,0.2562862826754448,0.0,True,True,2000,1.6282428021788606,19.062402605884746,13.26160423304261
289,2023-02-16 06:00:00,0.2952946696225253,0.12556741645295816,0.051713476717627396,0.21011826175192735,0.2442962766906728,0.001,True,True,2000,1.640794139315811,17.997057799442118,12.805888119489738
290,2023-02-16 12:00:00,0.2992879538322994,0.12770702319673047,0.05309439882127046,0.21722721778852982,0.25218694753813203,0.0005,True,True,2000,1.6418410568127502,18.228801904448463,13.230709323972297
291,2023-02-16 18:00:00,0.30532190689403654,0.1266962047326007,0.05008303132503116,0.21348475097411299,0.24614912047019413,0.0,True,True,2000,1.664930800437982,18.338414234016067,12.822439882663772
292,2023-02-17 00:00:00,0.2946638406730746,0.1237551069894754,0.05131743331060304,0.20867214794659203,0.24473823323171232,0.0,True,True,2000,1.6457836018545875,17.90416676536491,12.679197174613066
293,2023-02-17 06:00:00,0.3020112775287518,0.11705551710841174,0.051905807139066694,0.20382382341462163,0.23727391524218294,0.0005,True,True,2000,1.648957367431958,18.31528719260317,12.360769747009979
294,2023-02-17 12:00:00,0.2905940393346951,0.11923677777851831,0.0509258721469588,0.20320177980048418,0.23611756497223618,0.0005,True,True,2000,1.6236452531867744,17.89763119525881,12.51515867777486
295,2023-02-17 18:00:00,0.30538364608205015,0.1194005722262274,0.050413439204510156,0.20155988250182738,0.23718197982067268,0.0,True,True,2000,1.6170742985861113,18.8849483508001,12.464478761307458
296,2023-02-18 00:00:00,0.3076069636441341,0.11956044131735852,0.05211583393516976,0.2056606276540803,0.24216433760745845,0.0,True,True,2000,1.6231352735213755,18.951406494714636,12.670578417527803
297,2023-02-18 06:00:00,0.32180056708977556,0.11596098231603903,0.05073372158049161,0.19947953234964597,0.2302342109912212,0.0,True,True,2000,1.623213214682304,19.824910503378234,12.289176218214081
298,2023-02-18 12:00:00,0.3338043165173026,0.11345077321464905,0.052110799859034385,0.1994350670179271,0.24003316308316858,0.0,True,True,2000,1.6731541655219246,19.95060128922283,11.919706571433315
299,2023-02-18 18:00:00,0.33922869814437784,0.10929258668704754,0.051290225396574025,0.19692949828726472,0.23243166022163514,0.0,True,True,2000,1.6945349877777154,20.01898459407183,11.621447754556332
300,2023-02-19 00:00:00,0.3405698562297134,0.11159733860658179,0.052255994913965376,0.1997138750394257,0.23227020335106732,0.0,True,True,2000,1.7244774153971072,19.749163032749145,11.581124418114587
301,2023-02-19 06:00:00,0.32522344543494086,0.11480037517659275,0.05496560804448565,0.20813416747262872,0.24303366663857168,0.0,True,True,2000,1.7376974193110086,18.71576960526827,11.977583965979143
302,2023-02-19 12:00:00,0.3187944587985033,0.11800259183459366,0.051369098126081925,0.20565276621868098,0.2350026249630228,0.0,True,True,2000,1.7405938388021767,18.315269863180024,11.815092161891421
303,2023-02-19 18:00:00,0.31044571462489684,0.11620080121240867,0.051947816867903306,0.2045077563481903,0.23547039689066349,0.0,True,True,2000,1.7258837590054972,17.98763752222713,11.849451348104315
304,2023-02-20 00:00:00,0.306788943843774,0.11457684600326844,0.0523050403059059,0.2012164625762177,0.24014733513603567,0.0,True,True,2000,1.7119194697361333,17.92075791340003,11.753850933609172
305,2023-02-20 06:00:00,0.2937628239397836,0.1173431211417386,0.05186197659974399,0.20435748400941806,0.24252892118962208,0.0,True,True,2000,1.7108380890497799,17.1706969712688,11.94487574934228
306,2023-02-20 12:00:00,0.28660626183955334,0.11728365048939661,0.053278138582166706,0.20322137895478976,0.23816615437680932,0.0005,True,True,2000,1.7073300214134746,16.78681088277684,11.902876210572671
307,2023-02-20 18:00:00,0.26503097142222604,0.11975687856773161,0.05265956542576521,0.21006690638712386,0.24013819991151844,0.002,True,True,2000,1.6788475998766825,15.786481836808386,12.512565548091088
308,2023-02-21 00:00:00,0.2837967469438425,0.12047211705526283,0.0510990782242305,0.20785243234732956,0.24027095223533088,0.001,True,True,2000,1.6797769744281421,16.894906363415142,12.373811256586022
309,2023-02-21 06:00:00,0.25009450433185393,0.11647224746837509,0.05131591446687581,0.20335575228512612,0.23360694831468123,0.003,True,True,2000,1.6967480255081722,14.739637269178562,11.985029552294398
310,2023-02-21 12:00:00,0.24561227469915015,0.11473850439721565,0.05209934950303286,0.20147285027961453,0.23398163404530636,0.006,True,True,2000,1.653896165402059,14.85052567610508,12.181710949830812
311,2023-02-21 18:00:00,0.2254837360934356,0.114110938596138,0.05001294442131529,0.19489802311879514,0.23599371600253843,0.015,True,False,2000,1.6605317076348223,13.579008160862118,11.737085309644467
312,2023-02-22 00:00:00,0.2189917927336504,0.1107248447406362,0.050639136094550855,0.19510881404041236,0.22987002343620833,0.02,True,False,2000,1.6624442421345238,13.172880460187471,11.736262131107571
313,2023-02-22 06:00:00,0.198007033379564,0.11008021734038352,0.05106420499996452,0.19485880665439512,0.23096871285569173,0.043,True,False,2000,1.7389998033998995,11.386259675961009,11.205223041050886
314,2023-02-22 12:00:00,0.20555286609083506,0.10683226033829452,0.05190187780758787,0.19498405059492332,0.22809557795298444,0.0325,True,False,2000,1.7259640645411751,11.909452248386097,11.29710951697927
315,2023-02-22 18:00:00,0.1949183430513455,0.1071425636774579,0.051218041311504446,0.19281437061131196,0.2270406297277343,0.048,True,False,2000,1.7122730457355362,11.383601671286895,11.260725682245686
316,2023-02-23 00:00:00,0.18998563140527902,0.1031600357902212,0.051423887196546926,0.19050285786415755,0.22098758525931253,0.052,False,False,2000,1.709541265891892,11.11325214522744,11.143507423014412
317,2023-02-23 06:00:00,0.19302929025375706,0.10585531421733194,0.05181360156317761,0.19090800736369118,0.23074249116060874,0.0475,True,False,2000,1.7175210701236212,11.238830987957748,11.11532258232793
318,2023-02-23 12:00:00,0.18352186290389708,0.10740351149836883,0.05312217970596529,0.1983740260644646,0.2369518468783309,0.0845,False,False,2000,1.6961859519830924,10.819678272263301,11.695299435332313
319,2023-02-23 18:00:00,0.19354065884456192,0.10417376721413038,0.05139848150416946,0.1891551553130954,0.2301608624501297,0.0405,True,False,2000,1.685945894356433,11.479648278893384,11.219527029086576
320,2023-02-24 00:00:00,0.21384824606444403,0.10039934785442688,0.051812887670841745,0.18654864162800774,0.2270659247804113,0.017,True,False,2000,1.6484969185591243,12.972317003258885,11.316286947691802
321,2023-02-24 06:00:00,0.23250045727587718,0.09787891406929873,0.05195226260726704,0.18498643344427,0.22065070285396765,0.005,True,True,2000,1.6546215182242807,14.05157945276777,11.179984752210592
322,2023-02-24 12:00:00,0.24366779768490415,0.09544855557150168,0.05099559927220345,0.18174515605482705,0.21699263424517726,0.002,True,True,2000,1.6312008935631301,14.937939198442072,11.141800913180607
323,2023-02-24 18:00:00,0.2380998716246541,0.0935440917505198,0.05110387581217848,0.18238699990467078,0.21996829691133538,0.003,True,True,2000,1.6505187682098663,14.42575971934536,11.050283305926028
324,2023-02-25 00:00:00,0.2391543483819313,0.0959645312869941,0.051749240742770514,0.18055903990733913,0.21825548351499668,0.006,True,True,2000,1.6442465386837086,14.544920287524816,10.981263190122604
325,2023-02-25 06:00:00,0.23476751105836316,0.0957630411121535,0.05055451264811044,0.17869912067200386,0.22019350002818794,0.005,True,True,2000,1.581644752948523,14.843251660697288,11.298309581773696
326,2023-02-25 12:00:00,0.2319349625368353,0.09812048768959941,0.05247720063976145,0.18643193682914141,0.223062204835544,0.006,True,True,2000,1.570462181565929,14.768579928844247,11.871150990929792
327,2023-02-25 18:00:00,0.21790974163176097,0.09561117080663414,0.052445730398326604,0.1802315867452062,0.22220718921363575,0.0135,True,False,2000,1.5969572727961707,13.645308196017972,11.285936688189043
328,2023-02-26 00:00:00,0.23216780303789225,0.09417899214301878,0.052031086744191705,0.17733639153295253,0.21673160811349723,0.006,True,True,2000,1.5955207737566146,14.551224080352073,11.114640088039614
329,2023-02-26 06:00:00,0.2153488481986909,0.09176850646385325,0.0513748850096064,0.1772315431472616,0.2220571984414831,0.0115,True,False,2000,1.5901351039321285,13.542801971113683,11.145690872995553
330,2023-02-26 12:00:00,0.20872056827770777,0.09342364783933117,0.05148869351992342,0.1805009355004771,0.21252422415792252,0.013,True,False,2000,1.5576979941916664,13.399296208635022,11.587672075943331
331,2023-02-26 18:00:00,0.20678429409367388,0.10078255671678718,0.052573715187156096,0.19139121450200924,0.21980987161387125,0.02,True,False,2000,1.5585442418969488,13.267784675909539,12.280127144100927
332,2023-02-27 00:00:00,0.19810430746909485,0.1009833795678306,0.05141934810294228,0.18974079522241405,0.22304739237877816,0.039,True,False,2000,1.5541634633318262,12.746684125773841,12.20854818035977
333,2023-02-27 06:00:00,0.18724925826965827,0.10014419138003783,0.052854481937074746,0.18877560453957656,0.23129169955205467,0.053,False,False,2000,1.5426151447507686,12.138429919272642,12.237375289743829
334,2023-02-27 12:00:00,0.18836365374547256,0.10195638422004778,0.05260037365031786,0.19151954884418923,0.23104866836685325,0.0575,False,False,2000,1.542156846132292,12.21429935728561,12.418940999712033
335,2023-02-27 18:00:00,0.19333849945544387,0.0993137011488402,0.05047702045131754,0.18906871732001962,0.2230842834976637,0.0435,True,False,2000,1.5409413390911453,12.546778683312882,12.269689476403641
336,2023-02-28 00:00:00,0.20525531212542608,0.0957779518567711,0.05126332581328531,0.18290315484469824,0.2231461971442148,0.02,True,False,2000,1.5484969936919417,13.255131457249675,11.811657083596833
337,2023-02-28 06:00:00,0.18673530742351457,0.09628818550226034,0.052429371404280535,0.1847945818780098,0.22141411073839987,0.046,True,False,2000,1.5241430612041134,12.251822822720378,12.124490579776491
338,2023-02-28 12:00:00,0.176000225512879,0.09687546062002272,0.05247314240313104,0.1844176864400038,0.21668714376041248,0.0705,False,False,2000,1.5307406785146096,11.497716627199388,12.047611266132803
339,2023-02-28 18:00:00,0.14735176264004843,0.09813155029782444,0.05016866463477039,0.18456698632615218,0.21714811867933315,0.1605,False,False,2000,1.5447296392958871,9.539000151975705,11.948174077263179
340,2023-03-01 00:00:00,0.1481731288193652,0.09868061181956994,0.05081387573837623,0.18360995384073678,0.2183932966795822,0.1675,False,False,2000,1.5548278579107544,9.529873552591711,11.809021359281292
341,2023-03-01 06:00:00,0.13500992548908786,0.0934857317512056,0.04954264556815505,0.17676767194639517,0.20651298064627652,0.2115,False,False,2000,1.5201416229951272,8.881404432771106,11.62836865147543
342,2023-03-01 12:00:00,0.15155021982311542,0.09601001182510376,0.04947327457423942,0.17954768600598683,0.21501448486002467,0.137,False,False,2000,1.5382227167147529,9.852293700796958,11.672411547103815
343,2023-03-01 18:00:00,0.15008892547059746,0.09628755067884297,0.051591223754003344,0.18109062639393417,0.2244292977171975,0.1385,False,False,2000,1.5528392532337219,9.665451537114588,11.661904219436792
344,2023-03-02 00:00:00,0.14956325678143598,0.09798149018258012,0.05074740156772206,0.1804379257461059,0.2158534267001149,0.1575,False,False,2000,1.5513699915272623,9.640721272054313,11.630876369374137
345,2023-03-02 06:00:00,0.12877716534852957,0.09438642593217164,0.05194693123603308,0.18161792650426611,0.2202595674183706,0.264,False,False,2000,1.5727385692993023,8.18808464816268,11.547877698782564
346,2023-03-02 12:00:00,0.1323000735717059,0.09202346544023303,0.05221545509745518,0.17954066999048188,0.21511721348312612,0.2245,False,False,2000,1.5958232191800534,8.290396579120006,11.250661591622366
347,2023-03-02 18:00:00,0.12650810640120583,0.09100931757334407,0.05196890733858538,0.1836346375959591,0.21765401201526482,0.249,False,False,2000,1.5927554727536561,7.942719931923426,11.52936786200332
348,2023-03-03 00:00:00,0.11250104242869914,0.08350024334355731,0.05051968507156393,0.16968576043014663,0.20890598207110475,0.291,False,False,2000,1.568928111967711,7.170567062349536,10.815394225891646
349,2023-03-03 06:00:00,0.09470354479460565,0.08249934457544365,0.05028209650422016,0.1701218470655654,0.20203582084153704,0.394,False,False,2000,1.6127283141924746,5.87225659531039,10.548698473787807
350,2023-03-03 12:00:00,0.09515277075287719,0.08052085410578258,0.04957191486643278,0.16633246178443917,0.1977774056552832,0.381,False,False,2000,1.5659639838237447,6.0763064627153645,10.621729714261457
351,2023-03-03 18:00:00,0.09758313132717686,0.08382627176708707,0.05104588964678587,0.17048270472398033,0.21129905874271657,0.3935,False,False,2000,1.5126337223965576,6.451206916937563,11.27058733385067
352,2023-03-04 00:00:00,0.08608249602284357,0.08048267790978961,0.05037966449820539,0.16793926198603246,0.2039522007098426,0.4465,False,False,2000,1.4474060732658929,5.947363190801671,11.60277444512156
353,2023-03-04 06:00:00,0.07772372749897058,0.07336791355380305,0.050094086970283225,0.1621561744488872,0.19753168668067056,0.4495,False,False,2000,1.4198519856018912,5.4740725291885,11.420639340807583
354,2023-03-04 12:00:00,0.07671493366544313,0.07340034779121765,0.04873725976634245,0.1546046183224517,0.19556644903610226,0.453,False,False,2000,1.3634212209201262,5.626649526084892,11.339461052110833
355,2023-03-04 18:00:00,0.07607726863083686,0.06982688475704242,0.04893586449356227,0.155191608647743,0.1936998173826894,0.435,False,False,2000,1.3414750940278106,5.671165194905934,11.568728285649833
356,2023-03-05 00:00:00,0.06968298494372185,0.06738824756981457,0.04902005343535026,0.1531024684916165,0.1890898006942459,0.4465,False,False,2000,1.358232257054921,5.130417465921234,11.272186159353282
357,2023-03-05 06:00:00,0.06863674445115808,0.07270249371568821,0.05079804617100462,0.16058579538715217,0.2020320771263868,0.499,False,False,2000,1.3201050559233038,5.199339563407125,12.164622403846167
358,2023-03-05 12:00:00,0.08526672959559667,0.07611591084800909,0.050681347765227,0.16392124390849197,0.1964756214867813,0.407,False,False,2000,1.3028226857847292,6.544768564897836,12.582007183100078
359,2023-03-05 18:00:00,0.08659571763832549,0.07081926281172735,0.05119426216953866,0.1613707251406689,0.20686268825248388,0.364,False,False,2000,1.2824797038507572,6.752209596636445,12.582711808704595
360,2023-03-06 00:00:00,0.09915970237422668,0.07431214166853288,0.05041120802127665,0.16128858776061408,0.19327123009646735,0.316,False,False,2000,1.2512997783467192,7.924536077616949,12.889684035085242
361,2023-03-06 06:00:00,0.0815211810689976,0.07324234961592196,0.049484416141463164,0.1594932980639645,0.19265714392567765,0.417,False,False,2000,1.2649438664407533,6.444648116945974,12.60872535891574
362,2023-03-06 12:00:00,0.06400276035540797,0.0764416079520901,0.04979566043853594,0.16045579402415455,0.20004314165994333,0.576,False,False,2000,1.2558029353676805,5.096560818013131,12.777147552786653
363,2023-03-06 18:00:00,0.0942391041629711,0.07150900331611189,0.04972004175440012,0.1585186547271606,0.1940676312518255,0.3195,False,False,2000,1.2793815869392198,7.365988781222639,12.390256069449858
364,2023-03-07 00:00:00,0.07277850615523737,0.07265291621587479,0.04963450673552168,0.15807136722499238,0.20229854472341294,0.4675,False,False,2000,1.2782512037640261,5.693599657166666,12.366220877361554
365,2023-03-07 06:00:00,0.06332392822604133,0.07205005937079409,0.04805344212481533,0.1539098783355862,0.18839418082530404,0.547,False,False,2000,1.278116306019534,4.95447307320978,12.041930582586115
366,2023-03-07 12:00:00,0.05675183386899044,0.07426404469675256,0.050257197516967764,0.1602429908150154,0.21222152112775702,0.616,False,False,2000,1.2890951970009263,4.4024548381704705,12.430656105756963
367,2023-03-07 18:00:00,0.052012919265775226,0.07387172334668683,0.049834192180527426,0.1595901529371997,0.20286890921493014,0.635,False,False,2000,1.360821297939817,3.8221711656423176,11.72748789123211
368,2023-03-08 00:00:00,0.044839823591589306,0.07475963954718379,0.05006016047374307,0.16262776310892893,0.19941383234488283,0.697,False,False,2000,1.368784717263513,3.2758857566172637,11.881179053054877
369,2023-03-08 06:00:00,0.07370401505393831,0.0809900809238188,0.0515596140868343,0.17013346411297883,0.21272280704243895,0.5405,False,False,2000,1.4268740177832926,5.165418539783948,11.923509853889424
370,2023-03-08 12:00:00,0.06519037807813363,0.08569561086476682,0.053209641319104016,0.1764621648593136,0.2162686328625354,0.633,False,False,2000,1.4786552959839463,4.408761004352526,11.933962251958786
371,2023-03-08 18:00:00,0.08741847518953277,0.08339872558203401,0.05183763034435129,0.17376011367138885,0.21655066440676884,0.449,False,False,2000,1.4428751354929397,6.058630649260401,12.042629982117333
372,2023-03-09 00:00:00,0.08514979242104212,0.08354815710940532,0.05158619433397153,0.17389030901013408,0.20946372190296775,0.48,False,False,2000,1.439862241115832,5.913745773002191,12.07687124813944
373,2023-03-09 06:00:00,0.09636921091045965,0.09015964427593508,0.05234162508015547,0.18310006152684763,0.21860060486541558,0.4435,False,False,2000,1.4633900093871741,6.585340223199713,12.512048076884486
374,2023-03-09 12:00:00,0.09399505435742465,0.08850247070493353,0.05111581758757163,0.17370362836268388,0.2141938100035199,0.444,False,False,2000,1.4924494874417553,6.298039240077995,11.638827968672734
375,2023-03-09 18:00:00,0.09148843498722513,0.08400447036495323,0.05298193367658343,0.17444169185796107,0.21388968146908874,0.434,False,False,2000,1.488416402449672,6.146696236123925,11.71995226408824
376,2023-03-10 00:00:00,0.10140571385932318,0.08558498330393297,0.050525631517985885,0.16898533560077494,0.20595639900228552,0.3755,False,False,2000,1.5120782922056266,6.706379846998893,11.175700125572249
377,2023-03-10 06:00:00,0.09747136589958157,0.08960528553620788,0.05240293423644111,0.18002237341636323,0.2210471445124769,0.436,False,False,2000,1.499323706714594,6.5010221250464015,12.006905020586837
378,2023-03-10 12:00:00,0.09660203041008054,0.08809077764454437,0.05205407358936142,0.17471150029969823,0.2133326574846917,0.4285,False,False,2000,1.4756275121872247,6.546505104590642,11.839810443811459
379,2023-03-10 18:00:00,0.10609976086712443,0.0876237332238841,0.053051198310519625,0.18046805518415632,0.217126113326878,0.373,False,False,2000,1.5038169889115438,7.055363893974823,12.000666072723272
380,2023-03-11 00:00:00,0.10030493296767841,0.08798195827712728,0.05352004249936932,0.17695288435292006,0.2177494068390478,0.413,False,False,2000,1.527311519902786,6.567418084691908,11.585906479915975
381,2023-03-11 06:00:00,0.09909244488191231,0.08636590854801547,0.05195536109268376,0.17444873994899185,0.21053772877614782,0.3995,False,False,2000,1.4928074598076493,6.6379923432778485,11.685950442093173
382,2023-03-11 12:00:00,0.11145573271343617,0.08352115159431116,0.051815459860221576,0.17313257652612343,0.21366478787677762,0.298,False,False,2000,1.5111974692986343,7.375325526793278,11.456648124647565
383,2023-03-11 18:00:00,0.11868686449364954,0.08519981725729174,0.05162210246586562,0.1746256539830089,0.20758114528372282,0.26,False,False,2000,1.5549500687185285,7.632840879029783,11.230306200566432
384,2023-03-12 00:00:00,0.12143522801219216,0.08436515930505135,0.05253630232596831,0.17481355622042216,0.2137970385540167,0.248,False,False,2000,1.5309310888520986,7.932115880097844,11.418773679192734
385,2023-03-12 06:00:00,0.12227092330028688,0.08391681087452536,0.05243276344283947,0.17216250679089792,0.21058448856940792,0.2305,False,False,2000,1.5454460885830055,7.911691271767047,11.139987869052808
386,2023-03-12 12:00:00,0.12238483805340912,0.08383510370795756,0.05244388949295284,0.17576396908101202,0.21947556246569427,0.2265,False,False,2000,1.554905059361249,7.8708881495108445,11.303839293777552
387,2023-03-12 18:00:00,0.11992855502790112,0.08113861406671834,0.05182560843899199,0.16925622278811364,0.21235326722333434,0.2245,False,False,2000,1.5615471185850183,7.680111192326574,10.839008363800358
388,2023-03-13 00:00:00,0.11432986589715727,0.07981422729547098,0.051708012387105186,0.16749512454825508,0.21598728030812314,0.251,False,False,2000,1.5860139966808835,7.208629062317234,10.560759545551237
389,2023-03-13 06:00:00,0.11785110043365785,0.08047212221588032,0.050833502553101026,0.1678556102972787,0.2050957070033219,0.2365,False,False,2000,1.6106810097369078,7.316849191194469,10.421406180525876
390,2023-03-13 12:00:00,0.11120674236110178,0.08028329406043712,0.05184779336642975,0.16906960362282156,0.21463380655132616,0.2765,False,False,2000,1.6204544433611237,6.862688600516183,10.433468482590586
391,2023-03-13 18:00:00,0.10264802027409572,0.08227286068303624,0.052815605591665024,0.17298104895325733,0.210969145662718,0.343,False,False,2000,1.596731701240869,6.428632950314997,10.833444893642962
392,2023-03-14 00:00:00,0.11313746318394222,0.08229173392099805,0.05163581293890246,0.16928567058790944,0.21580007418710145,0.275,False,False,2000,1.6058518199999123,7.04532396917845,10.541798967971944
393,2023-03-14 06:00:00,0.11606124695944647,0.08433144138553239,0.05217632464477416,0.173601342178745,0.21192939659160298,0.275,False,False,2000,1.6126625171181155,7.196871368155317,10.764889760628696
394,2023-03-14 12:00:00,0.11140955511098018,0.0846928159056337,0.05266138047430061,0.1735246086378645,0.21222406055744086,0.311,False,False,2000,1.5936261526789455,6.990946711290884,10.888664718896782
395,2023-03-14 18:00:00,0.11201146288284673,0.08777222312223369,0.051355632523626085,0.17452188943538982,0.21925621844948834,0.3065,False,False,2000,1.561114597255181,7.1750954785632075,11.17931314858254
396,2023-03-15 00:00:00,0.11906221750583872,0.08922522580968842,0.054202298504063454,0.18506389295245523,0.22470291700872175,0.2875,False,False,2000,1.6263908742826714,7.320639791363301,11.378807879383771
397,2023-03-15 06:00:00,0.11707255755678087,0.09193878927234862,0.05446350971718059,0.18548643791911296,0.22342649992757527,0.323,False,False,2000,1.626767057163641,7.196639312385843,11.402151101001449
398,2023-03-15 12:00:00,0.12749160449094196,0.09507284974300063,0.05291980473106963,0.1857812445761461,0.22385881700461463,0.2655,False,False,2000,1.6565490874126587,7.6962165178014335,11.214955595811245
399,2023-03-15 18:00:00,0.12297510443915775,0.0972981612791504,0.05307267849147069,0.18940668830300073,0.22685858510398535,0.314,False,False,2000,1.6434226127899367,7.482865544267432,11.525135825011969
400,2023-03-16 00:00:00,0.10246753319781667,0.09270887551315246,0.05280953970180435,0.18419764256491164,0.2224949335471441,0.4035,False,False,2000,1.65985462076783,6.173283606633956,11.097215398280115
401,2023-03-16 06:00:00,0.08710974622138908,0.08707225835648907,0.051710604072696655,0.1762679514546532,0.21360702371304352,0.483,False,False,2000,1.664824886464886,5.232366895136894,10.5877773024491
402,2023-03-16 12:00:00,0.07124209935407096,0.09121948449994409,0.05112209137923949,0.1790871238725267,0.21322955975320546,0.631,False,False,2000,1.6590865702392923,4.294055574435493,10.79432062708438
403,2023-03-16 18:00:00,0.08256866220290136,0.08663719449959886,0.05201029708825903,0.17480320894568388,0.2116946365775312,0.5035,False,False,2000,1.6583817108932266,4.978869560641065,10.540589527578215
404,2023-03-17 00:00:00,0.07916609533409644,0.08618073969333363,0.05166201972899744,0.17314262484014162,0.2173919042718429,0.544,False,False,2000,1.651839311484262,4.792602693476381,10.48180798437132
405,2023-03-17 06:00:00,0.09178573436765113,0.083916360117031,0.05088483971289774,0.17086082407360578,0.20921607805083886,0.4265,False,False,2000,1.6108013928734704,5.6981409858304595,10.60719371298849
406,2023-03-17 12:00:00,0.08174736348521029,0.07900560162808483,0.05323686772453981,0.17233241738749105,0.2139898393070949,0.474,False,False,2000,1.6288478853414965,5.018723001753569,10.5800191005166
407,2023-03-17 18:00:00,0.07797624888578883,0.07700671861993885,0.050371494051342336,0.16504252598746635,0.1998405783413217,0.472,False,False,2000,1.614899827333674,4.828550202679365,10.219985363424335
408,2023-03-18 00:00:00,0.07212700584764689,0.08088168139675476,0.05107986036797827,0.16821728216993348,0.20330250289485002,0.5475,False,False,2000,1.5942918405162656,4.524077964564545,10.551222674228901
409,2023-03-18 06:00:00,0.08272208596536297,0.08579158680818573,0.051753413375521126,0.17294840680290968,0.21649551182379115,0.5095,False,False,2000,1.5685527122526182,5.273784254694555,11.025986277154583
410,2023-03-18 12:00:00,0.0629943081536898,0.088475768602241,0.0523373528252714,0.17847142477730374,0.2146967372555115,0.6675,False,False,2000,1.5812627961917143,3.9837975259649556,11.286639084099823
411,2023-03-18 18:00:00,0.0686951670407318,0.08327511003647703,0.05075312696289986,0.1701542902975621,0.20191063255257186,0.5965,False,False,2000,1.5512023121193281,4.428511129981305,10.969187511401335
412,2023-03-19 00:00:00,0.08409087662712024,0.08234633094622373,0.05058771909103803,0.1695312144972145,0.19839010163865284,0.4715,False,False,2000,1.5535783487006296,5.412721971663132,10.912305429526986
413,2023-03-19 06:00:00,0.07020217331598784,0.08558583797306672,0.05248856318388799,0.17601518216316714,0.22030102802169346,0.599,False,False,2000,1.4923345112412312,4.704184804893242,11.794619828014875
414,2023-03-19 12:00:00,0.05111305815934908,0.0841829211527856,0.05202727183804656,0.17794599678567008,0.2108925448851704,0.715,False,False,2000,1.513425753216753,3.3773086027318753,11.757827987758883
415,2023-03-19 18:00:00,0.060703253990769986,0.0891836641445141,0.052042124889592895,0.18038400859354714,0.2183257463102505,0.69,False,False,2000,1.489915593971352,4.074274692901643,12.106995142774213
416,2023-03-20 00:00:00,0.0755850563564884,0.08841064467498172,0.05269755964265881,0.1769195032821033,0.21661001520358927,0.585,False,False,2000,1.4532495945023403,5.201106309778274,12.174061768287553
417,2023-03-20 06:00:00,0.06455628380271472,0.08847280580740952,0.05233725698088734,0.18201596496489975,0.2140329355671587,0.6575,False,False,2000,1.4038143743450082,4.5986339064832125,12.965814305030518
418,2023-03-20 12:00:00,0.0952994680245589,0.08860864436255765,0.05120745150054429,0.17585660738190848,0.21466677705931772,0.44,False,False,2000,1.4248977419852935,6.68816190920334,12.341700193649652
419,2023-03-20 18:00:00,0.07680901605252556,0.08452555747490602,0.05174034087202843,0.17503644258513734,0.21654677782583096,0.547,False,False,2000,1.4520690313648545,5.289625657833214,12.05427833004702
420,2023-03-21 00:00:00,0.09041481420708918,0.07996550259014751,0.050989525524015956,0.1685260829586528,0.2048423675864529,0.412,False,False,2000,1.443948764765221,6.261635898264727,11.671195479436165
421,2023-03-21 06:00:00,0.09367875405901437,0.08220746376656649,0.052398321576956,0.17051586184845818,0.21117293772629017,0.4085,False,False,2000,1.4725652700872656,6.361602841106179,11.579511299920393
422,2023-03-21 12:00:00,0.09699211201652623,0.08262195729019675,0.051802735473482235,0.1732491134562734,0.2167555290360598,0.3795,False,False,2000,1.5209845752685214,6.376929364941312,11.390589771476625
423,2023-03-21 18:00:00,0.09893115586844553,0.08171230882410067,0.05035646697269646,0.16820207739648838,0.20792619218174585,0.3595,False,False,2000,1.580192913548737,6.2607011473219245,10.644401449614564
424,2023-03-22 00:00:00,0.09627754752588548,0.09109066000950898,0.05310901249149631,0.18198126938484588,0.22369542703289252,0.4595,False,False,2000,1.6356154719368166,5.886319197743848,11.126164584965222
425,2023-03-22 06:00:00,0.08634752147695089,0.09254298740870436,0.052662316680278175,0.18561323752935371,0.21869583861807995,0.537,False,False,2000,1.6568862729025606,5.211433209938174,11.202533364235881
426,2023-03-22 12:00:00,0.07012526815008395,0.09597220191089548,0.0517682041577276,0.18548847007017266,0.21665383069882604,0.6695,False,False,2000,1.726985893132869,4.060558249429124,10.740589764383312
427,2023-03-22 18:00:00,0.08144822599781545,0.09817297428409102,0.053638724910649235,0.1893237027506106,0.23178896142836072,0.6025,False,False,2000,1.7510705483147397,4.651338923848764,10.811883218115854
428,2023-03-23 00:00:00,0.08320373757240498,0.09766199927286516,0.05357149074013536,0.18897791644665643,0.23317039147981017,0.5865,False,False,2000,1.7845769421549653,4.662378830913972,10.589507909838632
429,2023-03-23 06:00:00,0.08315769056798837,0.10299906829382954,0.05357836225961226,0.19157669663980942,0.22365267544179085,0.6355,False,False,2000,1.8070890406678073,4.601748375235432,10.601397735720456
430,2023-03-23 12:00:00,0.0938358714571686,0.10231817765293405,0.05231480582102231,0.1888501752396185,0.22758882349897916,0.552,False,False,2000,1.835576990236758,5.112064051590959,10.288327661770268
431,2023-03-23 18:00:00,0.10156986400772473,0.10362539856266094,0.05291759235162889,0.19049242358470894,0.23144651394172366,0.5005,False,False,2000,1.8659223443508925,5.443413243601964,10.209022050752946
432,2023-03-24 00:00:00,0.09918512132537122,0.10375862660781593,0.05246323689148104,0.19175586052161697,0.23258846536489683,0.54,False,False,2000,1.9148494859994916,5.179786821396027,10.014147948632443
433,2023-03-24 06:00:00,0.12783982876623137,0.10357633814586178,0.052876283012548146,0.19198134334482345,0.22403042810050042,0.3175,False,False,2000,1.8682734240905734,6.842672336810682,10.27586973455317
434,2023-03-24 12:00:00,0.11963764972812466,0.10155567724584995,0.05368605105549158,0.19229390176345912,0.23059298753677446,0.3745,False,False,2000,1.8624638201975967,6.423622753403703,10.32470535417208
435,2023-03-24 18:00:00,0.11217222370549271,0.1010671447161213,0.05227166794992544,0.19039536366386403,0.22475831956476539,0.4055,False,False,2000,1.867560045850408,6.006351654113173,10.194872399787608
436,2023-03-25 00:00:00,0.1153716798656507,0.10143653160970424,0.0532228628486974,0.1898449526366241,0.23488546016399353,0.3855,False,False,2000,1.8201033221014151,6.338743436413674,10.43044921303902
437,2023-03-25 06:00:00,0.09899046147409335,0.09997167109818605,0.05151641542510292,0.183646246143964,0.22021493922480215,0.5085,False,False,2000,1.7909751535463192,5.527182288268032,10.253980675294413
438,2023-03-25 12:00:00,0.09219669480781326,0.10243123758960992,0.0501484841150385,0.18686805764155456,0.22156550638043815,0.5745,False,False,2000,1.7644841730779874,5.225135833719848,10.590520475770528
439,2023-03-25 18:00:00,0.10200495658042778,0.09851965068970131,0.05431259612041364,0.1915377686935869,0.2337086249586044,0.462,False,False,2000,1.727081449557896,5.906204169267138,11.090256845883983
440,2023-03-26 00:00:00,0.11422592300406768,0.10086236161735931,0.052171231145287,0.18731322699070674,0.22269302759034904,0.404,False,False,2000,1.7314506556280773,6.597122628518261,10.81828271466157
441,2023-03-26 06:00:00,0.12268870608137811,0.09990026896169647,0.051359716455099146,0.18522290183945964,0.22073427333468293,0.334,False,False,2000,1.7672581370306955,6.94231948975585,10.480806281682579
442,2023-03-26 12:00:00,0.10741199181166537,0.09905361032808074,0.05125944657029658,0.1893745460362649,0.22158833678098797,0.4385,False,False,2000,1.7008888620073623,6.31505057214023,11.133857729703047
443,2023-03-26 18:00:00,0.11294014579319371,0.10400049580445525,0.05087706998508201,0.18599068284979112,0.2181313171504285,0.439,False,False,2000,1.7092321807678865,6.607653838020673,10.881534114706012
444,2023-03-27 00:00:00,0.11964204735641724,0.10228908998398231,0.05065219602520791,0.18538363916044562,0.22671281590612535,0.3695,False,False,2000,1.6894584203102432,7.081680491103581,10.97296251460292
445,2023-03-27 06:00:00,0.12477731740119337,0.10178108636932169,0.05013053046284379,0.18545567423345233,0.22605822748748433,0.3225,False,False,2000,1.704268415957617,7.321459239217424,10.881834838747864
446,2023-03-27 12:00:00,0.1300922164564654,0.10438249834480391,0.04996389045309406,0.18768426446244388,0.22721630276632152,0.305,False,False,2000,1.738589353204836,7.482630456505405,10.795203830995243
447,2023-03-27 18:00:00,0.14948484163927586,0.10685420817007704,0.05116834006772396,0.19710031582286697,0.23175918938129197,0.1995,False,False,2000,1.731257709581874,8.634465037292385,11.38480508892404
448,2023-03-28 00:00:00,0.1612545641172917,0.10537041005426052,0.05148287452050189,0.19483180649866305,0.2340942327071735,0.1465,False,False,2000,1.706790025609686,9.447826721373628,11.41510107132638
449,2023-03-28 06:00:00,0.15442323917491513,0.10510124280036136,0.05023100157791082,0.18654709595995211,0.22036565717867446,0.1805,False,False,2000,1.7098762553682907,9.031252331277848,10.909976401758483
450,2023-03-28 12:00:00,0.1410618955298358,0.10742536678192889,0.049546024230920235,0.18904310608361344,0.2206316625082566,0.2465,False,False,2000,1.729506772538427,8.156192145047042,10.930463475789203
451,2023-03-28 18:00:00,0.1515497895038937,0.10813667992996924,0.049580741329900736,0.1890571066758044,0.22456834028143693,0.1935,False,False,2000,1.7075015346784317,8.8755287433715,11.072148565383802
452,2023-03-29 00:00:00,0.1447665257206504,0.10931405583183833,0.0505322060802277,0.19419467725269002,0.22349132538817387,0.251,False,False,2000,1.68876580246364,8.572326933045371,11.499207111453284
453,2023-03-29 06:00:00,0.13936941075977366,0.1151274989938635,0.05166719697050408,0.20245302725673414,0.24009837349559487,0.3035,False,False,2000,1.7327229903933767,8.043375169168437,11.684096556644153
454,2023-03-29 12:00:00,0.13305932413558624,0.11906375866603731,0.05160999843475836,0.2047045179521422,0.24903600168592344,0.3865,False,False,2000,1.7773459798537392,7.486405328158782,11.51742656030244
455,2023-03-29 18:00:00,0.1308039679695178,0.12117753630531937,0.0525214378424184,0.20736768357378427,0.24350641930516964,0.419,False,False,2000,1.8366367038181062,7.121929323180516,11.290620684139459
456,2023-03-30 00:00:00,0.13974564831416664,0.12662803827867064,0.050977982602589456,0.2092788307613168,0.2414651747186975,0.397,False,False,2000,1.8057416273637428,7.738961443680377,11.589633178410432
457,2023-03-30 06:00:00,0.1463433137371375,0.12629995962458185,0.05150199475454071,0.21232427008620025,0.24819995311551427,0.343,False,False,2000,1.7738828931711585,8.249885846495793,11.96946376243753
458,2023-03-30 12:00:00,0.15136404433273987,0.13006733448062538,0.05113500148285447,0.21432392991329782,0.2532360706325857,0.339,False,False,2000,1.8083612838374872,8.370232524085743,11.851831369585911
459,2023-03-30 18:00:00,0.14569741895033325,0.12728153060813127,0.05174238968629909,0.21062779494044226,0.25121578071463246,0.362,False,False,2000,1.849018087900073,7.879718424810088,11.391332314096069
460,2023-03-31 00:00:00,0.1641126119563814,0.13392510125040194,0.050921494228331296,0.21832774705785704,0.2574407196912574,0.2825,False,False,2000,1.9005671955259995,8.634928159483556,11.487504760253048
461,2023-03-31 06:00:00,0.17055889627509993,0.12543762536141245,0.05034035003598483,0.20834939720394907,0.2457585103416965,0.189,False,False,2000,1.8868943608931763,9.039133287481157,11.041921663559652
462,2023-03-31 12:00:00,0.17761944023904516,0.13001893761773461,0.05017170677036926,0.20977626032100655,0.2507738155021658,0.1695,False,False,2000,1.892923184053076,9.383341159081333,11.082132761026218
463,2023-03-31 18:00:00,0.16993903820845926,0.1308044730664887,0.049762368244793916,0.21465029208070538,0.24350273547410797,0.2275,False,False,2000,1.8405842666567995,9.232885518310614,11.662073612668214
464,2023-04-01 00:00:00,0.17343216105018788,0.12554645760245198,0.05120436457961669,0.21304772682218,0.24552902408465116,0.1675,False,False,2000,1.8243440813392775,9.506548837150765,11.678045221917708
465,2023-04-01 06:00:00,0.18641617086846285,0.12554037746348648,0.05195817770638739,0.21010138091590502,0.24214720449970403,0.124,False,False,2000,1.7845559629532712,10.446081531674789,11.77331421807625
466,2023-04-01 12:00:00,0.20095222522263861,0.1255985879932488,0.04939929602661961,0.20941441269411962,0.24231556414105732,0.0665,False,False,2000,1.7590096537892461,11.424168411455204,11.905245218126039
467,2023-04-01 18:00:00,0.19465592704265827,0.12599395817688236,0.050281162933724845,0.212251113942798,0.23979183132730306,0.089,False,False,2000,1.7332008346504248,11.231008152723344,12.24619269154735
468,2023-04-02 00:00:00,0.1791208916835019,0.12770749499363318,0.052198527050497726,0.21314357283899849,0.24499287894396354,0.1715,False,False,2000,1.728637720649502,10.361968244925299,12.330147045438412
469,2023-04-02 06:00:00,0.17532755738244318,0.12343185401788896,0.049921293166583114,0.2068195936465549,0.23648708971397323,0.1505,False,False,2000,1.710145158608881,10.252203241335579,12.093686468977433
470,2023-04-02 12:00:00,0.17959935565724028,0.13056870715283792,0.05137657996968077,0.21407021790492872,0.25411707889997837,0.1615,False,False,2000,1.6999392789260392,10.565045345072837,12.592815552810253
471,2023-04-02 18:00:00,0.18069915292210792,0.1262121646921766,0.05001787336948251,0.20864503450332494,0.24462023117393683,0.148,False,False,2000,1.6935592160791881,10.669786518622606,12.319913736843851
472,2023-04-03 00:00:00,0.16787666238758236,0.1281376207642105,0.05100636735706908,0.21206275171448102,0.24656613231233157,0.217,False,False,2000,1.6686369225036364,10.060706443897864,12.70874141969125
473,2023-04-03 06:00:00,0.1662892538458528,0.1306768523377723,0.05081221212343099,0.21178028982510366,0.24598134552826847,0.2505,False,False,2000,1.6700857964473357,9.956928811656805,12.680803002792432
474,2023-04-03 12:00:00,0.16909523689916536,0.128524156876643,0.04971743951755955,0.21114571101012403,0.24719469836286206,0.2065,False,False,2000,1.6586865146986607,10.194526536552056,12.729693594240354
475,2023-04-03 18:00:00,0.16154320360125377,0.13200017724059626,0.04989943847023164,0.2107985012442427,0.2529183592157187,0.2755,False,False,2000,1.621755675044277,9.961007449339947,12.998166400033565
476,2023-04-04 00:00:00,0.16351700920509218,0.12817705842424806,0.049967988482442535,0.21108084026633514,0.24356913183539455,0.2305,False,False,2000,1.6109240074863915,10.150510417945553,13.10309110084563
477,2023-04-04 06:00:00,0.1668537670637644,0.1294209228500536,0.05119022457625687,0.21701425516975026,0.24899242790839146,0.229,False,False,2000,1.6117510674150484,10.35232862177452,13.464502028703546
478,2023-04-04 12:00:00,0.17741719881674584,0.13511698282410373,0.05138617825336012,0.21593266330862346,0.25236497760225574,0.213,False,False,2000,1.5840405960705553,11.200293682930551,13.631763216440037
479,2023-04-04 18:00:00,0.20105842062043736,0.13768760883494632,0.0521203805885546,0.226752905387324,0.2578219602873958,0.1125,False,False,2000,1.587728008371092,12.663278569149291,14.281596356038214
480,2023-04-05 00:00:00,0.21438243437240212,0.13659803789989378,0.051259007541321885,0.22075335183876618,0.2525222895895855,0.0665,False,False,2000,1.6452955917599912,13.030025452330715,13.417245687908508
481,2023-04-05 06:00:00,0.20825508448631053,0.12943669824612697,0.04912069555470402,0.2118069483084423,0.24267673104029577,0.057,False,False,2000,1.6583175021868997,12.558215432911668,12.772400220652722
482,2023-04-05 12:00:00,0.22347659283713456,0.13284748371537922,0.050561143793079535,0.2165428739578753,0.25038099562624133,0.0375,True,False,2000,1.6656148647154956,13.41706282594366,13.000776983031011
483,2023-04-05 18:00:00,0.2153383057968848,0.1325208895910668,0.05155443176845629,0.2136284759682163,0.25346932188679555,0.046,True,False,2000,1.6296188844335224,13.214028620669751,13.109106553000977
484,2023-04-06 00:00:00,0.22447482858101575,0.13817864526022441,0.051156136237881435,0.22152670652938178,0.2596182593726057,0.0415,True,False,2000,1.579404975262886,14.2126200750794,14.02595977592824
485,2023-04-06 06:00:00,0.23169151543264216,0.13717213220784732,0.0504189159181911,0.22036769179870466,0.24992388527115325,0.029,True,False,2000,1.5552391227709554,14.897485025957904,14.169376822650753
486,2023-04-06 12:00:00,0.23934802324927223,0.12591446719144853,0.051713429545584624,0.20668811216079852,0.2411731468998321,0.011,True,False,2000,1.55542700048684,15.38793033516569,13.28819109454229
487,2023-04-06 18:00:00,0.2322323804427772,0.12105994061947066,0.05065836676387042,0.2066166398102818,0.2407909987873651,0.018,True,False,2000,1.5224026246843547,15.2543339506477,13.571747477321933
488,2023-04-07 00:00:00,0.22157492241760693,0.12127513396316437,0.04965352951100753,0.20190267139276696,0.23918534364883678,0.021,True,False,2000,1.494714758446654,14.823893399425137,13.507772653732905
489,2023-04-07 06:00:00,0.22705178688801902,0.1200788351375144,0.051509053522418385,0.2059160077851341,0.24179052870877357,0.0235,True,False,2000,1.4952523952780665,15.184846893075537,13.771321044888927
490,2023-04-07 12:00:00,0.22646898436371427,0.11999231875884665,0.05003730614387516,0.20535946459325982,0.23717511593822385,0.016,True,False,2000,1.4864094638885048,15.235975675993249,13.815807123296398
491,2023-04-07 18:00:00,0.2169833600375029,0.12426455077834268,0.05063206716163546,0.2089421694155211,0.24776284524822842,0.038,True,False,2000,1.5036507447426661,14.430436109991573,13.895658293394412
492,2023-04-08 00:00:00,0.21261247155838636,0.12294153048849146,0.05255381096619545,0.21087407898741203,0.25144677449673386,0.0475,True,False,2000,1.515489480927165,14.029293784890651,13.914585461748032
493,2023-04-08 06:00:00,0.20874052080725683,0.12151186309522877,0.05107408132099247,0.20574490301324241,0.24697990400188308,0.0475,True,False,2000,1.5439253809857683,13.520117188175234,13.326091114706465
494,2023-04-08 12:00:00,0.21654143803691236,0.12210038173943065,0.05195530842780044,0.20785787635018985,0.24835414010658308,0.0365,True,False,2000,1.5608855839852869,13.872985967621924,13.316663212397836
495,2023-04-08 18:00:00,0.23126789305828138,0.1286308620737363,0.05180817970594994,0.2143266191641407,0.24701099981571342,0.026,True,False,2000,1.6022861747031871,14.433619705988054,13.376300847371617
496,2023-04-09 00:00:00,0.1952015925234697,0.12314445828395564,0.050263844557456354,0.20713572105614744,0.24345674357705882,0.078,False,False,2000,1.6164460629653934,12.075973148486598,12.814267410578118
497,2023-04-09 06:00:00,0.1758445065395174,0.11198951400406261,0.05102588087594063,0.1981055525881296,0.23670564677435443,0.1115,False,False,2000,1.5894587657174482,11.063168817729279,12.463711350115393
498,2023-04-09 12:00:00,0.1689333518245038,0.11276656234289956,0.0492122662925395,0.19509367695389723,0.23448638053070597,0.1295,False,False,2000,1.5910756834501332,10.617556008283904,12.261747130145979
499,2023-04-09 18:00:00,0.18216669389035617,0.11527220029913673,0.051369671502801674,0.2001527515603124,0.2358387888747262,0.107,False,False,2000,1.5940170754623715,11.428151974941402,12.5564998419013
500,2023-04-10 00:00:00,0.17688527189386224,0.10883676667254337,0.05011297988887615,0.1947358387591275,0.22717880458764605,0.087,False,False,2000,1.5464822356435108,11.437911656337782,12.59218077458843
501,2023-04-10 06:00:00,0.15321336729553403,0.10713245330710187,0.050398155411868026,0.19132573430114305,0.22643597808427934,0.181,False,False,2000,1.5566547048207449,9.842476100901077,12.290826842242769
502,2023-04-10 12:00:00,0.1681993728434039,0.10401426660671982,0.04996131059894694,0.1872802786880454,0.2170462387262786,0.101,False,False,2000,1.5323730307190861,10.97639866217654,12.22158540601316
503,2023-04-10 18:00:00,0.16137020669972202,0.11203132842114327,0.04974139651419487,0.19421968292712466,0.22680652903044202,0.1675,False,False,2000,1.4994260881276862,10.76213145665772,12.952934757167272
504,2023-04-11 00:00:00,0.16156144895064745,0.11594552105119695,0.05218093721695662,0.20375718564274434,0.23475631515885456,0.1915,False,False,2000,1.5003963603217834,10.767917946428373,13.58022393489714
505,2023-04-11 06:00:00,0.15068608588252197,0.11518934455372332,0.05015556435377348,0.19866707329192781,0.23978413166002854,0.2355,False,False,2000,1.538881235265897,9.79192431679015,12.909837922456763
506,2023-04-11 12:00:00,0.12286668703358797,0.11146190860561594,0.05151412792463521,0.1958003557393969,0.22789561324666882,0.4215,False,False,2000,1.5827469602669308,7.762876196765303,12.370919714568593
507,2023-04-11 18:00:00,0.1221858209819176,0.10846644444257217,0.050193310977533614,0.19300637521633587,0.22603192215170465,0.3915,False,False,2000,1.5621100049683894,7.821844850445736,12.355491905337455
508,2023-04-12 00:00:00,0.12033098719046312,0.1063890897152246,0.05109229835008678,0.193525901145965,0.2276512347706786,0.3895,False,False,2000,1.5503389518963246,7.76159220171035,12.482812284968416
509,2023-04-12 06:00:00,0.1238708806662134,0.10948429031632892,0.0510617198153765,0.1946458019044018,0.23131591078548056,0.383,False,False,2000,1.526585097765181,8.114246683499802,12.750406262274558
510,2023-04-12 12:00:00,0.12823163439372928,0.11330699010531929,0.052168410733122283,0.20090737998259525,0.23752825139123857,0.385,False,False,2000,1.4878183374460912,8.618769588083234,13.503488626673471
511,2023-04-12 18:00:00,0.14415835927747558,0.1180164649401564,0.05263895598323048,0.20304610767406253,0.24997183667762404,0.314,False,False,2000,1.4694744127378723,9.810198668848196,13.817600763510695
512,2023-04-13 00:00:00,0.13960546713988486,0.11993256991456308,0.052436346713052626,0.20774397475144643,0.2468439310891207,0.3495,False,False,2000,1.4164922843401206,9.855716736566674,14.66608586916694
513,2023-04-13 06:00:00,0.10937769194601729,0.11888120027045698,0.05197967122221135,0.20200711498533958,0.24083110752624526,0.569,False,False,2000,1.4159466327304613,7.72470440747454,14.266576883324777
514,2023-04-13 12:00:00,0.10715890468574486,0.11792333992172416,0.053330060111742454,0.2086958308295441,0.24909960496789152,0.571,False,False,2000,1.4283756462382249,7.502151480106717,14.610710521365034
515,2023-04-13 18:00:00,0.11189897053927932,0.1176716389149701,0.05295869050459993,0.2058144744193623,0.23842270974581964,0.546,False,False,2000,1.4275953157172347,7.838283672362739,14.416863949708292
516,2023-04-14 00:00:00,0.0849110508703844,0.11756671052813243,0.05307840413459563,0.20654795022701708,0.2393523754435115,0.7205,False,False,2000,1.4618698019312972,5.808386681098905,14.129025030419509
517,2023-04-14 06:00:00,0.08897255305324413,0.11661662157756517,0.054881268969714646,0.208001409055774,0.2484368172049048,0.684,False,False,2000,1.4596121442724197,6.095629815247579,14.250457552849255
518,2023-04-14 12:00:00,0.08853308308280561,0.11282903652488246,0.051196824595926144,0.19623603813380477,0.2298669430597745,0.6735,False,False,2000,1.4674172680606805,6.0332589107261745,13.3728859817186
519,2023-04-14 18:00:00,0.08067220260660853,0.11065216225746134,0.051801716078709925,0.19682895619977,0.2345979651099265,0.703,False,False,2000,1.4885655753020794,5.419459105134649,13.222726594347506
520,2023-04-15 00:00:00,0.06663953368493811,0.11027309194888471,0.053359496839386254,0.1981713917076062,0.23676484396708086,0.7855,False,False,2000,1.4688994886749303,4.536697997291327,13.491147163947433
521,2023-04-15 06:00:00,0.07099438312779995,0.10268760635693588,0.050873087013080964,0.1876894875217473,0.2218389513473802,0.7295,False,False,2000,1.4476433808532236,4.90413482124007,12.965174296664511
522,2023-04-15 12:00:00,0.07084092962791345,0.10190957943547617,0.050469961214316544,0.18264460834376614,0.21877371166563467,0.718,False,False,2000,1.4321296540662383,4.946544429603505,12.753357059899168
523,2023-04-15 18:00:00,0.08643107442287569,0.10786453910797471,0.05321607027672798,0.19486296982056092,0.23175432497465742,0.6545,False,False,2000,1.4439810655397192,5.985609956081398,13.494842451256567
524,2023-04-16 00:00:00,0.12220094735069811,0.1154060529202313,0.05388973161387984,0.20673345601653242,0.24465810792601242,0.446,False,False,2000,1.445334514731281,8.454855682555806,14.303502331774636
525,2023-04-16 06:00:00,0.10982396729066578,0.12077847947498209,0.052823340384109116,0.2115070777421532,0.25303492209706935,0.572,False,False,2000,1.4499737569577413,7.5742037925632975,14.586959020963677
526,2023-04-16 12:00:00,0.0932675538624402,0.11821170707366792,0.05224863814216826,0.20361699453981733,0.23429564925844085,0.681,False,False,2000,1.4651530562698145,6.365720868773492,13.89731903219812
527,2023-04-16 18:00:00,0.08198038967716048,0.11921287149113184,0.053256800754302364,0.20743081726921292,0.2545080056078633,0.7595,False,False,2000,1.4330208366878403,5.720809326586124,14.475073352642273
528,2023-04-17 00:00:00,0.07053042945156408,0.116312509587478,0.052680291411715506,0.2030423730067154,0.2384843435092086,0.8015,False,False,2000,1.4540390713630356,4.850655724501813,13.964024557908253
529,2023-04-17 06:00:00,0.093963515935717,0.11646390124452033,0.053690391095362035,0.20576945642557748,0.23896106679651175,0.6585,False,False,2000,1.4755929243212114,6.367848095974113,13.94486602870054
530,2023-04-17 12:00:00,0.10429827136099833,0.11516074635861664,0.052634005761265,0.20271138109175138,0.2409409721201754,0.5745,False,False,2000,1.4734110809728314,7.078694649977423,13.757965018011781
531,2023-04-17 18:00:00,0.10948969230543878,0.11237913689635418,0.05297915955486109,0.2033701392657586,0.23534363320225046,0.51,False,False,2000,1.484867377326271,7.373701784909005,13.696182054451041
532,2023-04-18 00:00:00,0.12027552566159105,0.11186365808130641,0.05235571720312851,0.20006098732392216,0.2406565355967116,0.421,False,False,2000,1.4600880795156892,8.237552744180093,13.701980731894087
533,2023-04-18 06:00:00,0.1307297944719384,0.11392361427109797,0.05223704954904208,0.1963816410648689,0.2426657313203669,0.3725,False,False,2000,1.4930377773534766,8.755960261344956,13.153159554540567
534,2023-04-18 12:00:00,0.14864722716100076,0.11595249064566678,0.05378355961955185,0.2065902454972341,0.24421055719005258,0.271,False,False,2000,1.513866355249364,9.819045561423788,13.646531266176698
535,2023-04-18 18:00:00,0.16794882691404597,0.11900358575786268,0.05356776431119949,0.21037446859804754,0.2407564123915421,0.18,False,False,2000,1.5249778179245073,11.013198024258747,13.795247781660647
536,2023-04-19 00:00:00,0.15349334589429264,0.11019248379283308,0.05266055222987547,0.1964277019799131,0.22978512400590054,0.2105,False,False,2000,1.5710497021628624,9.770113936114084,12.502959117683629
537,2023-04-19 06:00:00,0.17005887766126968,0.11114298843452905,0.05230118864964157,0.20140266102909574,0.23860310222921438,0.139,False,False,2000,1.5487707475354786,10.980248557243236,13.004033124307322
538,2023-04-19 12:00:00,0.17122063810802726,0.10502050078980216,0.05244146490930231,0.1940685079199691,0.2308229972601573,0.1125,False,False,2000,1.5198900246210056,11.26533073672368,12.76858883052156
539,2023-04-19 18:00:00,0.1529905970475991,0.09911811875950795,0.05230677344404682,0.18936349409653674,0.22313301103280775,0.153,False,False,2000,1.5053748547003012,10.162956858878673,12.579158839094356
540,2023-04-20 00:00:00,0.1754135690559584,0.10162744375553642,0.052956133114890606,0.19109899729257482,0.2249227677632985,0.0905,False,False,2000,1.5058247240384113,11.649003118073646,12.690653450029298
541,2023-04-20 06:00:00,0.1689707801062274,0.09098841640197611,0.052662842406380854,0.18051189140000326,0.21413762296171163,0.0815,False,False,2000,1.501118325610233,11.256326514935962,12.025160729859305
542,2023-04-20 12:00:00,0.15289846098739385,0.08714415568078174,0.05115551224624243,0.17700121784435827,0.207199829815573,0.103,False,False,2000,1.4884145293176623,10.272572457182845,11.891930262566127
543,2023-04-20 18:00:00,0.153758511871312,0.0901520316826541,0.05396157047366217,0.17962688076718283,0.22092906782812782,0.131,False,False,2000,1.4728822573150233,10.439294187140566,12.195603543668993
544,2023-04-21 00:00:00,0.15915293607042522,0.08537067486386164,0.05234834402339279,0.17409004972540185,0.22007447499131194,0.084,False,False,2000,1.4382532775223542,11.065709952324552,12.104269285956558
545,2023-04-21 06:00:00,0.14535103550872575,0.0874059912524466,0.05234872947337225,0.17758018353845612,0.20802034793678334,0.148,False,False,2000,1.4298292491130962,10.165621915965493,12.419677639732626
546,2023-04-21 12:00:00,0.14902270935448128,0.09269664213771991,0.05453809704655879,0.18549868550533288,0.21947168453086421,0.1655,False,False,2000,1.3978945474471982,10.660511526182216,13.269862583274694
547,2023-04-21 18:00:00,0.14941162002361508,0.09349406456006489,0.05566480228791104,0.18754014425460092,0.22670880760595793,0.163,False,False,2000,1.3384063156252772,11.163397712585725,14.012198094491643
548,2023-04-22 00:00:00,0.13630830399601648,0.09608492933523775,0.05480851997252714,0.19141638123532806,0.2318920448092911,0.226,False,False,2000,1.3192650140730755,10.332139679440193,14.50931990111316
549,2023-04-22 06:00:00,0.13896366485805223,0.09560586124504807,0.055676423160920765,0.18955185818838846,0.22648658984376357,0.229,False,False,2000,1.2990424969962822,10.697391746565003,14.59165952050689
550,2023-04-22 12:00:00,0.1547794197235959,0.10126369314386453,0.05657153644773954,0.19832037139046477,0.2410984466865894,0.169,False,False,2000,1.2429293877779148,12.452792672342197,15.95588400601084
551,2023-04-22 18:00:00,0.16234409211338516,0.1066554983039054,0.05877954104769114,0.2053099949808507,0.250533052697354,0.1785,False,False,2000,1.1768522338221088,13.794772822594211,17.445690213295293
552,2023-04-23 00:00:00,0.13604821341294995,0.106712707724177,0.056950550837682294,0.20352262030202373,0.24504648831839831,0.292,False,False,2000,1.1324562725448217,12.013551137584013,17.971786216934788
553,2023-04-23 06:00:00,0.12733718177238162,0.10893779469684153,0.0580742675720943,0.20745563516321297,0.2455682800892279,0.3675,False,False,2000,1.1246882156012017,11.321998399735483,18.44561295170303
554,2023-04-23 12:00:00,0.12635059076215677,0.10642471772393958,0.055931977308324894,0.1981829463814076,0.2357318945489525,0.3575,False,False,2000,1.1405151965623024,11.078378538313029,17.37661602219445
555,2023-04-23 18:00:00,0.13863803310600628,0.101622816862695,0.05593094160241175,0.19461431678151064,0.23685668044063188,0.261,False,False,2000,1.1613891768216749,11.93725891999538,16.75702862274845
556,2023-04-24 00:00:00,0.15279614540043143,0.10358558564672121,0.05585107785513602,0.1997625442238217,0.23025115204233867,0.1925,False,False,2000,1.1538273861656863,13.242547995692169,17.313035434845915
557,2023-04-24 06:00:00,0.17056171761371283,0.10879852296991217,0.058146562799569985,0.20676744202570632,0.24334837772989049,0.152,False,False,2000,1.1491196359896045,14.8428163849822,17.993552242072802
558,2023-04-24 12:00:00,0.1716705762826379,0.10635035978254466,0.056425117572228844,0.2003994379655587,0.243188012236913,0.127,False,False,2000,1.1358270051139592,15.114148150176614,17.643482419706366
559,2023-04-24 18:00:00,0.1708051185582253,0.10898417072823544,0.0571960265761042,0.205865078796203,0.2496112379782602,0.1385,False,False,2000,1.129690657395114,15.119636286279874,18.223137232177784
560,2023-04-25 00:00:00,0.18083584704903224,0.10650016357992155,0.055444226298315795,0.19797162985739314,0.2343185953548334,0.095,False,False,2000,1.1546944485667183,15.660926340600097,17.144936489746563
561,2023-04-25 06:00:00,0.191303456427114,0.10847714099611355,0.05632398018380806,0.2017708697856562,0.23748464636178834,0.072,False,False,2000,1.189096657179152,16.08813339707268,16.968416197915268
562,2023-04-25 12:00:00,0.18560445347035553,0.10728327353240331,0.05387279244025823,0.1991012679814141,0.24404656874359607,0.0785,False,False,2000,1.1800397773793119,15.728660764517166,16.87242004871968
563,2023-04-25 18:00:00,0.20963131916275643,0.10574589991443659,0.05559803796047229,0.19604983673957144,0.23141970830263037,0.03,True,False,2000,1.153846623389911,18.168040267507656,16.99097893648918
564,2023-04-26 00:00:00,0.21754402055140112,0.11057123144941108,0.057488519433238267,0.20695665762490123,0.24463932515081724,0.035,True,False,2000,1.1410218499884972,19.065719079226593,18.13783475110381
565,2023-04-26 06:00:00,0.2665029967176658,0.10681003538011208,0.05712679549726668,0.2036172069614955,0.24151781927420124,0.0025,True,True,2000,1.1694186047660076,22.789358372743795,17.411832352559315
566,2023-04-26 12:00:00,0.24284730450126585,0.10103456262436938,0.05798127112534381,0.19624464292672278,0.23881582634013554,0.009,True,True,2000,1.1752954750342446,20.662659702164685,16.697472856432533
567,2023-04-26 18:00:00,0.23724847168331653,0.09577395426688132,0.05811863325344183,0.1962082063413182,0.23451219157279313,0.0095,True,True,2000,1.085100490629153,21.864193568446115,18.082030930384573
568,2023-04-27 00:00:00,0.24011634080893382,0.09607791779668869,0.056458181957536394,0.1920616463293206,0.23783632449153425,0.0095,True,True,2000,1.1023309957666898,21.782599031602924,17.423228328596394
569,2023-04-27 06:00:00,0.23514057598232702,0.099874575266466,0.057034778839629006,0.1944133125086448,0.23962139688361367,0.011,True,False,2000,1.1248690672360842,20.90381741584298,17.283194833185142
570,2023-04-27 12:00:00,0.21479397073510115,0.10268824147490499,0.059378508052722996,0.20298934468917865,0.244796693127066,0.0315,True,False,2000,1.1249584517925273,19.093502554947243,18.044163708066915
571,2023-04-27 18:00:00,0.20638217548815663,0.10375695459150591,0.056896262487866334,0.19809831909335665,0.2343522898498322,0.034,True,False,2000,1.1346812852953876,18.188559039680456,17.458498845496198
572,2023-04-28 00:00:00,0.1943973176797889,0.10395008715718913,0.057473468548877006,0.20313885229953957,0.24216903668216677,0.065,False,False,2000,1.1686224743978062,16.634740640253582,17.382761049860648
573,2023-04-28 06:00:00,0.1974549534990974,0.10560005079483988,0.05828932436737479,0.20225554162745624,0.24491538989730177,0.064,False,False,2000,1.1572001135216745,17.063164027714127,17.478009141559593
574,2023-04-28 12:00:00,0.19994496552073446,0.10750174743281227,0.057434761193079484,0.2037367270220614,0.2432498313520698,0.061,False,False,2000,1.119716232600942,17.856753318319825,18.195389250436232
575,2023-04-28 18:00:00,0.198006478684791,0.10477854079265606,0.05608315560845393,0.19929729241915486,0.24638758215019438,0.0525,False,False,2000,1.0892299053947423,18.178575313081627,18.297082317706707
576,2023-04-29 00:00:00,0.19981275202057508,0.10086996726864214,0.056837218736198014,0.19748833133278312,0.2349116135971347,0.047,True,False,2000,1.094320085524107,18.259077454918316,18.04666970342587
577,2023-04-29 06:00:00,0.18109893279376565,0.09947922292502955,0.05630079955355208,0.19346106033471408,0.23497732676566896,0.0765,False,False,2000,1.1114043316256823,16.294603830530978,17.406901775498135
578,2023-04-29 12:00:00,0.19607942998772146,0.09558035641560639,0.05632521227097352,0.18896854081682132,0.2264418650450377,0.037,True,False,2000,1.1128558185864403,17.619481941226077,16.980505260497345
579,2023-04-29 18:00:00,0.21195801243832174,0.09304213813266783,0.05502087461451109,0.18625878214905583,0.228705261994405,0.0215,True,False,2000,1.053789546725683,20.113884512985926,17.675140423227383
580,2023-04-30 00:00:00,0.22746450670838733,0.09468368713122355,0.054700336797274846,0.19095464594566355,0.2352200723691569,0.012,True,False,2000,1.0364148308668795,21.94724544014207,18.42453815389201
581,2023-04-30 06:00:00,0.22225506941906395,0.09574568677683001,0.05471964513464588,0.18839945636656666,0.2337848913150898,0.014,True,False,2000,1.0315582152330864,21.545567291986924,18.26357965885587
582,2023-04-30 12:00:00,0.21596799994173332,0.09874278852890808,0.05617145709031338,0.19528741883432374,0.2379290667245859,0.025,True,False,2000,1.0115069402136212,21.351114001859724,19.306582196369387
583,2023-04-30 18:00:00,0.2277850159672982,0.10504636505570733,0.055835263989037716,0.20276563633754943,0.24153531746461454,0.018,True,False,2000,1.018411695459042,22.36669285937704,19.90998701621884
584,2023-05-01 00:00:00,0.2227839840765856,0.11220799195503867,0.0558852629683324,0.20486783395921085,0.2500369656099805,0.0275,True,False,2000,0.9931816490643172,22.431343177400812,20.62742844193891
585,2023-05-01 06:00:00,0.21852829481293956,0.11985125628793278,0.056820159120631396,0.2165942439542546,0.25604611684879086,0.046,True,False,2000,1.0099277854370035,21.638011941455865,21.44650806498334
586,2023-05-01 12:00:00,0.2120654576142601,0.12204016747615373,0.05447691711339837,0.21195422193909144,0.2564658546995726,0.05,True,False,2000,0.9940332755974259,21.33383889858277,21.32264856140801
587,2023-05-01 18:00:00,0.21613223440640653,0.12471516035078115,0.056890244710205325,0.2226828365307902,0.2694099247205308,0.063,False,False,2000,1.0025943380117035,21.55729652683153,22.21066168919366
588,2023-05-02 00:00:00,0.22568744829897636,0.12615742928023496,0.05684927223574542,0.2183293675187151,0.2572953345179502,0.039,True,False,2000,1.0318038458259828,21.87309624905578,21.159968379836517
589,2023-05-02 06:00:00,0.2284954579078668,0.12744743169822884,0.05647091782843438,0.2188430659676211,0.26564504292594887,0.0355,True,False,2000,1.033746531552129,22.103625108641477,21.169896032351083
590,2023-05-02 12:00:00,0.2261531351123328,0.12534578560938828,0.05622458159720367,0.21856063196694697,0.2535785122539893,0.037,True,False,2000,1.0236256335242968,22.093344256503013,21.3516177017229
591,2023-05-02 18:00:00,0.2336039095511999,0.12361913702953041,0.05430335588719538,0.2141783748595525,0.2551412694658862,0.0265,True,False,2000,1.0322162638308308,22.631295178806162,20.749370298107806
592,2023-05-03 00:00:00,0.23694149716451948,0.125929101451645,0.05607033349891108,0.22157162280157433,0.25914489859516754,0.029,True,False,2000,1.0436614083009612,22.70290874798664,21.230220935569903
593,2023-05-03 06:00:00,0.24954075828233416,0.12449922035282344,0.05460052740542038,0.21620854113969473,0.2536476443620251,0.015,True,False,2000,1.0514857688580208,23.732205006764,20.56219375888565
594,2023-05-03 12:00:00,0.24075005490217322,0.12562537411549313,0.055331183291961204,0.21927837772598288,0.25756893195300407,0.0205,True,False,2000,1.0043320047774968,23.97116230060893,21.83325600328375
595,2023-05-03 18:00:00,0.2579170972146055,0.12311052256740156,0.053758393193477166,0.2123269752902367,0.24181731298390294,0.0045,True,True,2000,1.005033567281105,25.662535621804437,21.126356591714657
596,2023-05-04 00:00:00,0.23563459407543405,0.1271777439468294,0.05399456790584387,0.21657732512393923,0.25381922379352084,0.0245,True,False,2000,1.0284813827718942,22.910924594509186,21.057972341729176
597,2023-05-04 06:00:00,0.2473931447611277,0.12522650685364894,0.056462038765394,0.22260544439500227,0.26760445371585145,0.018,True,False,2000,1.1211314636087197,22.0663814005196,19.855427451699157
598,2023-05-04 12:00:00,0.2523442651496388,0.11703320573744956,0.05775083476899982,0.21345688473928692,0.25727999331338997,0.0125,True,False,2000,1.1275591377051242,22.379692267247727,18.93088154770553
599,2023-05-04 18:00:00,0.24963734494758108,0.11193649675999287,0.054868660328354,0.2053874376516254,0.23785273945851607,0.0045,True,True,2000,1.131397415290941,22.064514340735556,18.15342998629793
600,2023-05-05 00:00:00,0.2453553517443693,0.10792992122353506,0.053235806441949085,0.19950430040947437,0.23739298408333087,0.0055,True,True,2000,1.1570066790994284,21.206044543783005,17.243141635514256
601,2023-05-05 06:00:00,0.22699847699740433,0.10339441889569591,0.0539438387443453,0.1927443166587566,0.23060613427571058,0.0125,True,False,2000,1.150680719917807,19.727320799606236,16.75046025560629
602,2023-05-05 12:00:00,0.22529553553134393,0.09895351005701426,0.053252191677039575,0.1914039784398875,0.22825838228081727,0.011,True,False,2000,1.1551743247697488,19.503163349501403,16.569272215952203
603,2023-05-05 18:00:00,0.22584106508114635,0.09798454197986478,0.05417723857411095,0.18970736312018519,0.23051337996371077,0.011,True,False,2000,1.133957454686342,19.9161850515472,16.729672029243737
604,2023-05-06 00:00:00,0.19661536592115178,0.0968502343144402,0.05372171303129353,0.18726571394853586,0.22661283732560625,0.0345,True,False,2000,1.183749777415065,16.609537731064883,15.81970425856932
605,2023-05-06 06:00:00,0.17560445440713254,0.09567940068585638,0.05313687236047566,0.18600739041515693,0.22535917298551747,0.068,False,False,2000,1.184633519515187,14.823525716121805,15.701682195459126
606,2023-05-06 12:00:00,0.1954904751324883,0.10401900945289062,0.053210806950096654,0.1916650321273669,0.235816355209534,0.0405,True,False,2000,1.1027927576474568,17.7268551844247,17.379968339313198
607,2023-05-06 18:00:00,0.18022334917133645,0.10913784945589924,0.05360316841454799,0.2025549121254806,0.23459398474476975,0.099,False,False,2000,1.112143110395736,16.20505018524165,18.213025844615007
608,2023-05-07 00:00:00,0.18628276206822117,0.11470925468903463,0.05448064786407161,0.2052083565509954,0.24321200456588798,0.096,False,False,2000,1.1071052490272422,16.826111359502494,18.535577961652848
609,2023-05-07 06:00:00,0.18170123623203696,0.10432875700043118,0.05376305793737242,0.19411981890724667,0.22786789192986345,0.0805,False,False,2000,1.105209672634308,16.440431235002258,17.564071661131496
610,2023-05-07 12:00:00,0.20721528500006553,0.0994072681665608,0.0550597829383067,0.19452615886765573,0.23253763883048334,0.0335,True,False,2000,1.120677008997661,18.490187925368424,17.35791466281983
611,2023-05-07 18:00:00,0.20443934617693155,0.0976682847275146,0.053678180514879346,0.18632642294921145,0.23002463888181388,0.028,True,False,2000,1.0729852859808693,19.053322431168603,17.365235607949757
612,2023-05-08 00:00:00,0.24078981848500677,0.09974810453172304,0.0553000833789395,0.19421544744756775,0.23258325946260136,0.007,True,True,2000,1.05257669402023,22.87622553804891,18.451429577618505
613,2023-05-08 06:00:00,0.218602838925359,0.09619290314152051,0.055499311183072775,0.1913357675778532,0.22876045210477836,0.017,True,False,2000,1.0370932206631007,21.078417500944404,18.44923520525148
614,2023-05-08 12:00:00,0.23010999827744777,0.09495932796686421,0.05376068361902844,0.18559777879046235,0.22771908846146077,0.0095,True,True,2000,1.0249401368810687,22.451067140143536,18.108157941325565
615,2023-05-08 18:00:00,0.2330891815197474,0.09836028274380167,0.05563890404008694,0.19493627425711,0.23220117553474118,0.0095,True,True,2000,1.0080173511591903,23.123528702328557,19.338583213169795
616,2023-05-09 00:00:00,0.23599264892058563,0.09180385742733699,0.055206840209566926,0.18734325217152817,0.23688987598217734,0.011,True,False,2000,0.9996196212304348,23.608244967230792,18.741454068391214
617,2023-05-09 06:00:00,0.2501678257071429,0.09152705515596093,0.05403728601396836,0.18384079582168403,0.21695383779202554,0.002,True,True,2000,0.9169015573733319,27.284044147967663,20.05022178698625
618,2023-05-09 12:00:00,0.27874009632332264,0.09178040435392722,0.055800569898288965,0.18841127935756966,0.22786558235947899,0.001,True,True,2000,0.8884835039394319,31.372568549378986,21.205940067786976
619,2023-05-09 18:00:00,0.28810969325701913,0.08526516846742532,0.05341208192558634,0.1749183093788667,0.2153995836549147,0.0,True,True,2000,0.85465632857997,33.71059028319835,20.466508411573724
620,2023-05-10 00:00:00,0.26481199254715165,0.08512661780944751,0.05562500769200956,0.1828404130251426,0.22814014642295796,0.0025,True,True,2000,0.8885479205339645,29.80278119248936,20.577439753082352
621,2023-05-10 06:00:00,0.256346918706717,0.0830913310162856,0.0553076515141918,0.18070083166851128,0.22536673977018556,0.0025,True,True,2000,0.959441224297745,26.71835566523087,18.833965759682023
622,2023-05-10 12:00:00,0.2677543150587142,0.08279123187363141,0.05378282956210301,0.1729600118246618,0.21525842516923735,0.0005,True,True,2000,0.9088677351272151,29.46020688271395,19.03027306833072
623,2023-05-10 18:00:00,0.24924580768891197,0.07744296925471437,0.05276207315715463,0.17365098338765966,0.2068553406173909,0.002,True,True,2000,0.9013959463110578,27.65109036810568,19.264673210293694
624,2023-05-11 00:00:00,0.21635735737203157,0.06949055645291433,0.052784005832495415,0.16220583603999514,0.21302632518933717,0.009,True,True,2000,0.9452380503863329,22.889192546110802,17.16031596206894
625,2023-05-11 06:00:00,0.21179485909537418,0.07215582414305621,0.05317275051008916,0.16891728811261586,0.20943467210795363,0.008,True,True,2000,0.9503892513642914,22.285064650230517,17.773484692733398
626,2023-05-11 12:00:00,0.21881659783110388,0.07299255356828643,0.05389379201230625,0.16935112780453673,0.20997697188115527,0.007,True,True,2000,0.9170696487726223,23.860412142519518,18.46655028123448
627,2023-05-11 18:00:00,0.1981102813523958,0.07286717501430162,0.05461969908566473,0.1708275878072699,0.21627173400490496,0.019,True,False,2000,0.8554646653516363,23.158207390244826,19.968982323431405
628,2023-05-12 00:00:00,0.21036046302142714,0.07387869065618335,0.0553060633051117,0.1730945394703589,0.2252167122652748,0.0175,True,False,2000,0.8380667730444281,25.100680493184925,20.65402722524864
629,2023-05-12 06:00:00,0.20493080871326266,0.06885496644137243,0.055444341421492786,0.16978738070648983,0.21132512335653167,0.0155,True,False,2000,0.8303127218980173,24.68115967738155,20.448606438110662
630,2023-05-12 12:00:00,0.22563438236629052,0.06385262851086325,0.054228402880907224,0.16389378684877026,0.22068183578135786,0.009,True,True,2000,0.8238442117926588,27.387991459613133,19.89378386141023
631,2023-05-12 18:00:00,0.2450048185654863,0.05794801443327393,0.05141708244063031,0.15445157432388754,0.20005458244639676,0.002,True,True,2000,0.775058935997715,31.611121062696657,19.92771996429738
632,2023-05-13 00:00:00,0.21727303622398925,0.0547207894119838,0.05209129064384213,0.1520997607992234,0.19740658428553542,0.005,True,True,2000,0.7668065316753329,28.33479205625533,19.835480595987242
633,2023-05-13 06:00:00,0.20811896971190877,0.0570326621170438,0.05410094473667619,0.16001389550700587,0.2076192435072243,0.0095,True,True,2000,0.7038837649034937,29.567235400072484,22.73299989081928
634,2023-05-13 12:00:00,0.20487788568768645,0.06056242051211035,0.05450910333609088,0.1661718279743784,0.21663213807635,0.016,True,False,2000,0.6965320561195114,29.413992347903278,23.857025174138798
635,2023-05-13 18:00:00,0.1996872725275566,0.06137271914159287,0.05511846763891283,0.1655308283347985,0.2117607984909389,0.015,True,False,2000,0.7158838606307235,27.893808410713966,23.122581390361134
636,2023-05-14 00:00:00,0.22479039848285667,0.06760056727434931,0.062111391405451084,0.18529877141909673,0.2478684916533834,0.018,True,False,2000,0.6533431332110347,34.40617755911237,28.36163143069935
637,2023-05-14 06:00:00,0.21693982361389505,0.0696017682745655,0.061301294504695604,0.18739660891610518,0.24152289659011353,0.025,True,False,2000,0.5951418969000994,36.451781456466776,31.487719129201487
638,2023-05-14 12:00:00,0.24271736309950334,0.06919559565478317,0.0608289039327211,0.1818563205831353,0.23304193259683553,0.007,True,True,2000,0.6050571054255102,40.11478601326578,30.056058998802058
639,2023-05-14 18:00:00,0.24032268767272244,0.06308414983249191,0.05728133855017417,0.16929802698383228,0.22637777216133667,0.005,True,True,2000,0.5916557920038832,40.618665602642345,28.614276961683345
640,2023-05-15 00:00:00,0.2364055620714498,0.06826431321895288,0.0601015500894114,0.18129315559788076,0.22600213200561667,0.008,True,True,2000,0.5373933685365647,43.99115729976943,33.73565179852892
641,2023-05-15 06:00:00,0.24623528203349393,0.06825466131459104,0.060754296237514896,0.1821248647108093,0.23718081981760517,0.0055,True,True,2000,0.5032168361383692,48.93224239536111,36.192124673016814
642,2023-05-15 12:00:00,0.24897304161723616,0.06894788710063128,0.06057125193594988,0.18076337887960026,0.2358956195820437,0.0075,True,True,2000,0.4706185145795787,52.90336735681833,38.40974659509157
643,2023-05-15 18:00:00,0.2508010627087266,0.0639467077016295,0.060554624939119985,0.1815656962968981,0.2364959606567969,0.006,True,True,2000,0.4878919861953875,51.405038370170644,37.21432231604352
644,2023-05-16 00:00:00,0.22325657429833778,0.06599763478349058,0.06034399831578676,0.17944207281540636,0.2454515345895455,0.0145,True,False,2000,0.4861703035045193,45.92147498294545,36.90930349342868
645,2023-05-16 06:00:00,0.19480966656908774,0.06821631716242461,0.06184191997225424,0.18293553693135553,0.2423754384125444,0.035,True,False,2000,0.4811967265424779,40.48441226291069,38.016787488517295
646,2023-05-16 12:00:00,0.2057440985446482,0.06990879121558013,0.06326037576818482,0.18776105057053794,0.24372772565282833,0.034,True,False,2000,0.46999566710766905,43.775743680955095,39.94952798735582
647,2023-05-16 18:00:00,0.18653314831156662,0.06790050514349298,0.06336334344152439,0.19027471759228012,0.2593396559795111,0.056,False,False,2000,0.46709782815374223,39.93449274830934,40.7355175134003
648,2023-05-17 00:00:00,0.1969546374526351,0.07468564031396016,0.06517782176327024,0.19602571492443796,0.2590740585788956,0.049,True,False,2000,0.4639831648910431,42.44866028682008,42.248454202098166
