window_idx,timestamp,te_bits,surr_mean,surr_std,surr_p95,surr_p99,p_value,sig95,sig99,n_valid_surrogates,h_target_bits,pct_h,surr_p95_pct
0,2022-12-06 00:00:00,0.1645892174148633,0.05016250853732765,0.04681130491688456,0.1393759188227363,0.1792332379007767,0.02,True,False,2000,1.739611917239612,9.461260628521721,8.011897219231273
1,2022-12-06 06:00:00,0.1707032031229747,0.047841673767114457,0.04627530982144468,0.13505277315250586,0.17072394693635232,0.01,True,False,2000,1.7462509776549062,9.77541059717643,7.733869580068746
2,2022-12-06 12:00:00,0.17073080928399975,0.046337055549918356,0.046462673929769986,0.13527837735525786,0.17533950912503551,0.0135,True,False,2000,1.7596936146722082,9.702303165758948,7.687609719516838
3,2022-12-06 18:00:00,0.18156169806334457,0.04783195979249026,0.04767196148643822,0.13828113344724058,0.18295999731349616,0.0115,True,False,2000,1.7681285425182933,10.268580235956804,7.8207624684510115
4,2022-12-07 00:00:00,0.172383604142663,0.04751953507893687,0.04547875715876184,0.13517577741895997,0.16689084930939094,0.007,True,True,2000,1.7773587493391956,9.698863789133933,7.6054301062864775
5,2022-12-07 06:00:00,0.15538280290515205,0.04695615845425819,0.045894244802044966,0.13415448071743483,0.17712966615615028,0.0235,True,False,2000,1.7631765229927991,8.812662877418918,7.608681205085596
6,2022-12-07 12:00:00,0.1553192432240007,0.04503937432293317,0.04411357147609183,0.12784043020442226,0.17034810419548652,0.0225,True,False,2000,1.7599708085100965,8.825103375179626,7.263781284681965
7,2022-12-07 18:00:00,0.13158085835360414,0.04437789043580635,0.0453968054164613,0.12862038999204387,0.1785763588151027,0.0445,True,False,2000,1.7655119779842945,7.452844273751773,7.285160995559557
8,2022-12-08 00:00:00,0.12891436506483728,0.040462835640703035,0.043351874524004665,0.12716032564233468,0.16819003667625562,0.0465,True,False,2000,1.748136694298689,7.374386996467383,7.274049338192537
9,2022-12-08 06:00:00,0.122199057901772,0.04311729679684736,0.045312782385035784,0.1306552041774845,0.17874561255073795,0.0645,False,False,2000,1.7587618640285485,6.948016124358519,7.428817217938248
10,2022-12-08 12:00:00,0.12643615028403574,0.04192239346321925,0.04325645441300827,0.12481126504644215,0.15950449169414394,0.045,True,False,2000,1.7898373154000264,7.064114106693402,6.973330144172738
11,2022-12-08 18:00:00,0.12510813138757948,0.04373514882112903,0.04417933395344116,0.1280553631730057,0.15985409083119648,0.0565,False,False,2000,1.7903276356523354,6.98800202243397,7.152621711407958
12,2022-12-09 00:00:00,0.13025804124765789,0.04443163851271183,0.04468571664827664,0.1303970778371318,0.17649303817640424,0.0505,False,False,2000,1.7780973438416905,7.32569798266653,7.333517385240606
13,2022-12-09 06:00:00,0.1342416557047205,0.040327016921354854,0.04136791325317319,0.11834041263267471,0.15526253099872303,0.028,True,False,2000,1.7602493004540287,7.626286553279411,6.72293479123387
14,2022-12-09 12:00:00,0.1340238482043302,0.04164210106083216,0.04314206779099601,0.12660834348015504,0.16170736967158839,0.042,True,False,2000,1.7494082203902828,7.661096286287614,7.237209817838256
15,2022-12-09 18:00:00,0.14334869671745293,0.03981813297589639,0.042396693500080046,0.12408601727123197,0.16256839586766106,0.022,True,False,2000,1.7272572958094856,8.299209218292635,7.183991497519111
16,2022-12-10 00:00:00,0.121348364729867,0.03805549423542942,0.04196087651052609,0.12020508022926676,0.1624444057038815,0.048,True,False,2000,1.708805056852857,7.101358007060027,7.034452510964067
17,2022-12-10 06:00:00,0.10108190906832012,0.040398140126903986,0.04177628871932625,0.12180990056201564,0.16078932086287398,0.1,False,False,2000,1.717212167647719,5.8863960419512225,7.093468288713209
18,2022-12-10 12:00:00,0.09028146159443329,0.04257277588427233,0.04429042415522676,0.1273530421496613,0.17272824250186328,0.1555,False,False,2000,1.7212894533376417,5.244990110139484,7.39869996314212
19,2022-12-10 18:00:00,0.08910084242428018,0.04192356202869183,0.04355307437705228,0.12716457904845846,0.16609283692650897,0.158,False,False,2000,1.7287298795214894,5.15412173294206,7.355954250276364
20,2022-12-11 00:00:00,0.11982616737723205,0.04376398046033356,0.04465011199812281,0.13003121870857628,0.1758878636396112,0.07,False,False,2000,1.7455190735581505,6.864787053456402,7.449429838856722
21,2022-12-11 06:00:00,0.12250701336412281,0.043209333076375984,0.043536787138428776,0.127453378025276,0.16867116346004993,0.06,False,False,2000,1.7604099253722503,6.95900492257324,7.239982926040659
22,2022-12-11 12:00:00,0.13849955943904266,0.041993693612339955,0.04280914934586972,0.1237815254900814,0.16237711405444283,0.0265,True,False,2000,1.763707460783388,7.852751236734303,7.018257179402145
23,2022-12-11 18:00:00,0.148615542207204,0.040245123618644955,0.04233797185710155,0.12276807819753958,0.16347252447432323,0.0195,True,False,2000,1.7601222431388615,8.44347844512066,6.974974532371387
24,2022-12-12 00:00:00,0.15245453856911115,0.04177160493659254,0.043959668817768575,0.1286501937436098,0.1706262966748586,0.0185,True,False,2000,1.7912484588176005,8.511077166243373,7.182152375920621
25,2022-12-12 06:00:00,0.1654921099078696,0.04231445868770498,0.043747152200044354,0.12520034295575114,0.16548252346949968,0.01,True,True,2000,1.79561694645921,9.216448432067024,6.972552982563157
26,2022-12-12 12:00:00,0.16536357437067453,0.040368694938827325,0.04201486040661138,0.11896240115243978,0.157264637978318,0.008,True,True,2000,1.77726015813065,9.304410140190535,6.69358397577349
27,2022-12-12 18:00:00,0.1733916842028201,0.04559062931964714,0.044174822546065744,0.12923054764058017,0.16887381080485966,0.0085,True,True,2000,1.7935837245125505,9.667331490195332,7.205158358342133
28,2022-12-13 00:00:00,0.15706726697404702,0.043373107180243224,0.044190356069302265,0.1271800783844827,0.1672028927415186,0.0155,True,False,2000,1.7785914477783353,8.830991916116657,7.150606652435284
29,2022-12-13 06:00:00,0.12998362469393743,0.04406146001479612,0.044080590733394834,0.128369198529994,0.16404571397893122,0.046,True,False,2000,1.7838700381106123,7.286608436543377,7.19610710351727
30,2022-12-13 12:00:00,0.11895385062064533,0.04190821014582197,0.044638959666912115,0.12849391248532385,0.1753582524100213,0.072,False,False,2000,1.768463979295576,6.726393752618454,7.265848441906418
31,2022-12-13 18:00:00,0.11280000964879022,0.04489855712752781,0.04444403454413996,0.12832551035775028,0.1808506178417274,0.09,False,False,2000,1.7829214832239184,6.326695298147551,7.197485226646617
32,2022-12-14 00:00:00,0.12743331697131224,0.048682182620397856,0.04629951097997773,0.1359434976423986,0.17336949383705375,0.0685,False,False,2000,1.8088312079948472,7.045064039589219,7.515543575406173
33,2022-12-14 06:00:00,0.13571230236618653,0.05148339396063874,0.045670515101821775,0.13548889414164822,0.17949007596735667,0.0495,True,False,2000,1.8230548848845844,7.444224718159176,7.431970110446009
34,2022-12-14 12:00:00,0.1413641595845073,0.047239690156327126,0.045064068389181415,0.13151096825745534,0.1705723949230639,0.0405,True,False,2000,1.8433973906857393,7.668675256826754,7.1341626565139915
35,2022-12-14 18:00:00,0.15822728921662127,0.04493685744679779,0.04313775393714712,0.12693482166726527,0.15910311732169513,0.011,True,False,2000,1.8407551193529197,8.595781565569833,6.895801637747809
36,2022-12-15 00:00:00,0.16768387296536175,0.05308532187260801,0.04696179184048494,0.13961572989874324,0.17515318546758735,0.017,True,False,2000,1.8317026250619706,9.154535822084583,7.622183207496344
37,2022-12-15 06:00:00,0.15572653753799334,0.04831700210423626,0.0457869636875301,0.136902094253647,0.17080285271600526,0.0195,True,False,2000,1.7993411912389163,8.654641948744004,7.608456635141253
38,2022-12-15 12:00:00,0.1571199939194086,0.04904805936964383,0.04551795344340336,0.13266384160113598,0.1758005735623827,0.0185,True,False,2000,1.7628489745459013,8.912844843097334,7.525536419551162
39,2022-12-15 18:00:00,0.19863556323088352,0.05073552023149214,0.04568308536658193,0.13381377281539067,0.1698348537523247,0.004,True,True,2000,1.7800371952984253,11.15906812259516,7.517470599425121
40,2022-12-16 00:00:00,0.18859586936041103,0.051490205058502145,0.047021346190213205,0.13247718925690477,0.1768704119700499,0.007,True,True,2000,1.798124974651716,10.488473939189944,7.367518449743164
41,2022-12-16 06:00:00,0.1714079273867627,0.04923240910666108,0.04658502028524934,0.13517064805244774,0.18048573748323302,0.014,True,False,2000,1.8146430810241154,9.445820457983759,7.448883445231696
42,2022-12-16 12:00:00,0.1821779060774932,0.05000094401689742,0.04726165498545191,0.14073318823926903,0.1785442278672835,0.008,True,True,2000,1.8089238333145816,10.071065609417037,7.779939964713527
43,2022-12-16 18:00:00,0.19938766917743533,0.050684669743222645,0.047814015801847666,0.14196272178182373,0.18654810996735652,0.007,True,True,2000,1.780801004648491,11.196515986736658,7.971846456243744
44,2022-12-17 00:00:00,0.1752926906820548,0.05625411274797136,0.04868451776387465,0.14485878129626015,0.191296378844056,0.0195,True,False,2000,1.7750193370752108,9.875536960115232,8.160969194563892
45,2022-12-17 06:00:00,0.16667238033348605,0.05374386977436205,0.047891360331602066,0.14198015530964977,0.18646498774488973,0.022,True,False,2000,1.7541115534014275,9.501811900747635,8.094134893207542
46,2022-12-17 12:00:00,0.167438813554093,0.05674621334369866,0.049966715806336055,0.14937323658513302,0.18870647228036735,0.024,True,False,2000,1.7751834733943603,9.432197632728647,8.414523840711166
47,2022-12-17 18:00:00,0.1559113273571341,0.05370292738926823,0.047141142247226986,0.1397802104202565,0.1853669095732194,0.033,True,False,2000,1.7561828138111155,8.877852928009746,7.959320027561232
48,2022-12-18 00:00:00,0.1607396029733395,0.053036974242705495,0.04803687809586013,0.14116771907905978,0.18085578130402055,0.0235,True,False,2000,1.8288258401511264,8.789224181131248,7.7190356774155315
49,2022-12-18 06:00:00,0.15125555878298647,0.054791034850254675,0.047881203535677784,0.1417285180226204,0.19088899649372024,0.033,True,False,2000,1.802744776406741,8.390292445305064,7.8618182605480005
50,2022-12-18 12:00:00,0.141343090726563,0.05857063356109076,0.048133560743521556,0.14533538079541994,0.17955188911103037,0.0565,False,False,2000,1.7782364901022458,7.94849793676408,8.173006324207382
51,2022-12-18 18:00:00,0.1306715058814352,0.0552476068292529,0.047899541752770246,0.14313783512974768,0.18597015951480914,0.081,False,False,2000,1.7534420242359117,7.452285509033425,8.16324880727791
52,2022-12-19 00:00:00,0.11969531610047861,0.055097981437100936,0.047030962396256704,0.14017261129732694,0.17609862065762283,0.1085,False,False,2000,1.7533494904762796,6.826666146745483,7.994561954630647
53,2022-12-19 06:00:00,0.1105165109217207,0.05208316663986152,0.04735373653887776,0.14020826395630295,0.18328335332107412,0.1265,False,False,2000,1.8035771322147989,6.127628752201246,7.773898961788605
54,2022-12-19 12:00:00,0.10777271624784654,0.05096626566484138,0.04701752322838175,0.13973674423119528,0.18119114889075436,0.131,False,False,2000,1.8145051267876064,5.939510153859249,7.70109393289975
55,2022-12-19 18:00:00,0.09902962979568157,0.05426485158338936,0.0482368569072307,0.1450642900956699,0.1821033376081469,0.1795,False,False,2000,1.8807283566722843,5.265493522461809,7.713197367446684
56,2022-12-20 00:00:00,0.09465134974978849,0.052804539489496705,0.04755337803774369,0.14281637897200436,0.17853399422037983,0.1985,False,False,2000,1.907164400486087,4.962936059715896,7.488414681796921
57,2022-12-20 06:00:00,0.08518236349283188,0.05566089534133499,0.04752496537470437,0.14159821007847445,0.180095284715769,0.2645,False,False,2000,1.9253514430796275,4.424250118024243,7.354408494481718
58,2022-12-20 12:00:00,0.0962173325044842,0.05519151088606963,0.049221583983380716,0.14813277095165897,0.1934502549870983,0.21,False,False,2000,1.9500046079884328,4.934210519827395,7.5965344053452455
59,2022-12-20 18:00:00,0.10647058507241632,0.056320659252673835,0.04779476592370262,0.14332977231279123,0.1824755839631512,0.157,False,False,2000,1.983672012519583,5.36734825114468,7.225477367638984
60,2022-12-21 00:00:00,0.11171392885252235,0.05836168050174911,0.049626817741652916,0.14961397895111922,0.1832787964772472,0.1595,False,False,2000,1.9620556014778265,5.693718810434274,7.625368967037911
61,2022-12-21 06:00:00,0.1020401474406132,0.05739882855749263,0.047312122902131874,0.13947912792824255,0.17668621989212538,0.191,False,False,2000,1.9345809592411574,5.274534878118444,7.209785005997034
62,2022-12-21 12:00:00,0.10319841112831013,0.053766549795207216,0.04811713142374553,0.14144183905593177,0.18384279636814138,0.167,False,False,2000,1.906117901279497,5.414062323166754,7.420413971296728
63,2022-12-21 18:00:00,0.09720778108304547,0.05566459946813382,0.04878460091973688,0.14495577359045075,0.18392395339802353,0.211,False,False,2000,1.8592337925637843,5.228378564967944,7.79653286048359
64,2022-12-22 00:00:00,0.10945879893381519,0.05616970915133999,0.04953624989754582,0.1455534261212518,0.19593310250590865,0.147,False,False,2000,1.887648164257274,5.79868648228117,7.710834512347918
65,2022-12-22 06:00:00,0.10622061369004973,0.051847748629850955,0.04718512704162681,0.14007919232487456,0.18085126836442147,0.132,False,False,2000,1.8529124220169642,5.73263001682641,7.559946744401073
66,2022-12-22 12:00:00,0.12107287643641909,0.05135078955356889,0.04684634016647895,0.13727719891976523,0.17740267746250993,0.096,False,False,2000,1.8434007743650822,6.567908515614024,7.446953523551994
67,2022-12-22 18:00:00,0.11046307666788473,0.050212395675200625,0.04638491847954806,0.13781447800090382,0.1773307093412253,0.1165,False,False,2000,1.8066285370831436,6.1143214778523705,7.628268632544101
68,2022-12-23 00:00:00,0.11260091012560901,0.05050778313341132,0.0466242039566047,0.1354334209127166,0.1800618736575885,0.1095,False,False,2000,1.8306156017503674,6.150986040867572,7.398244655143336
69,2022-12-23 06:00:00,0.09356216275705093,0.049474822061785564,0.04666161387639519,0.13637607478895203,0.17758237625508305,0.1865,False,False,2000,1.8105750485566519,5.167538502843972,7.5321967403487555
70,2022-12-23 12:00:00,0.0949691588693628,0.05008231775288766,0.046506984861640475,0.13829653406099882,0.17137769598100955,0.1835,False,False,2000,1.8015289197374873,5.271586696659934,7.676620261036438
71,2022-12-23 18:00:00,0.09638462710153346,0.052978911356334764,0.047067626656663954,0.138087391404925,0.1872458414112787,0.195,False,False,2000,1.7979641677741818,5.36076462640823,7.680208197690194
72,2022-12-24 00:00:00,0.08743647279213083,0.05266448897439923,0.04790823804529874,0.14318429282589742,0.1868123056501154,0.219,False,False,2000,1.7838671782614568,4.901512503713743,8.026622977919452
73,2022-12-24 06:00:00,0.09644073853550605,0.05352231418451144,0.047730870967563566,0.14155667379686934,0.18859301126274694,0.191,False,False,2000,1.7986406228490555,5.36186814143803,7.870203307909442
74,2022-12-24 12:00:00,0.11045392210963445,0.05705368471920441,0.04940478425446213,0.14509900599853387,0.18896188300447067,0.1535,False,False,2000,1.8005911332401052,6.134314452103083,8.058409447870208
75,2022-12-24 18:00:00,0.10666857792699079,0.05669481508015127,0.049431020988730597,0.15042516503142597,0.1894721285781433,0.174,False,False,2000,1.8368601495334855,5.807114817863615,8.189255184703638
76,2022-12-25 00:00:00,0.1252745892050964,0.05993127914314562,0.049941087995959914,0.15121097695828492,0.19368776424535364,0.115,False,False,2000,1.7877812700533688,7.007266006392197,8.45802445137883
77,2022-12-25 06:00:00,0.137528322948451,0.06099115279865588,0.051036951338656385,0.1549850956392754,0.19873669882452064,0.0875,False,False,2000,1.7675216545425916,7.780856466171063,8.768497700775454
78,2022-12-25 12:00:00,0.14861416925745882,0.058891039195403005,0.05134909968128975,0.1534922253336921,0.1958872347538373,0.058,False,False,2000,1.7807769408961276,8.345467972124167,8.6193965009706
79,2022-12-25 18:00:00,0.13057974093760163,0.05896304541973086,0.04961495944509876,0.1480593147756615,0.19129879242744544,0.093,False,False,2000,1.7778195097442515,7.344938010967502,8.328140959425099
80,2022-12-26 00:00:00,0.1280271876593355,0.06083146880447582,0.04940716478885067,0.1499099763592609,0.18941132947483313,0.1055,False,False,2000,1.801621167851386,7.106221326874215,8.320837867266157
81,2022-12-26 06:00:00,0.12430325853209398,0.05673584731757707,0.048530387083421264,0.1451715139621792,0.1803351188148175,0.101,False,False,2000,1.801142160243565,6.901357442839752,8.059969788422915
82,2022-12-26 12:00:00,0.11870050068789337,0.059711124209399544,0.04936766591929728,0.15034909278414485,0.19473819042111346,0.134,False,False,2000,1.816061894389538,6.536148412925876,8.278852898605866
83,2022-12-26 18:00:00,0.12258017357076194,0.05901808929352369,0.048114525478670345,0.14780349386014655,0.18232637182824893,0.1145,False,False,2000,1.8225894056099998,6.725605514519918,8.10953325006728
84,2022-12-27 00:00:00,0.13483842249217223,0.059473367513918234,0.05025274996969107,0.15218388393019905,0.18979818990565314,0.0915,False,False,2000,1.852800054261093,7.277548496507712,8.213724064839303
85,2022-12-27 06:00:00,0.1367040810568822,0.062181913638564706,0.05049144405750521,0.1533073468138861,0.18770580419611652,0.0915,False,False,2000,1.8836379750665924,7.2574498319959435,8.138896584332572
86,2022-12-27 12:00:00,0.1533424876066935,0.06116664511542903,0.04946844546871069,0.15040795250042124,0.18916898372743585,0.0455,True,False,2000,1.9317158996200785,7.9381490640964465,7.786235674200477
87,2022-12-27 18:00:00,0.16210766943212193,0.06468485229198127,0.052130293164279626,0.15809884070409497,0.19545275991111605,0.041,True,False,2000,1.9319942946419157,8.390690898089204,8.183193974358899
88,2022-12-28 00:00:00,0.14408214738487676,0.06270630183175777,0.050249035598621976,0.15448986560648925,0.19244563445832386,0.0705,False,False,2000,1.9202316622885154,7.503373171816202,8.045376432464902
89,2022-12-28 06:00:00,0.15099339831120923,0.06418962716752431,0.05131446983128742,0.1571826312258839,0.19223725287282217,0.062,False,False,2000,1.8928713062886802,7.976950034033711,8.303925930076522
90,2022-12-28 12:00:00,0.17185031160608719,0.06201766509572144,0.051438913952691526,0.15409842418547454,0.20043991301123706,0.0325,True,False,2000,1.9128077286241667,8.984191617089223,8.056137680723067
91,2022-12-28 18:00:00,0.21088518442110674,0.060054984742932874,0.049697966491034674,0.15272234463946796,0.18669536093286246,0.004,True,True,2000,1.9356438803993872,10.894833835736053,7.890002194409661
92,2022-12-29 00:00:00,0.20432879212377128,0.05492713491063307,0.048568432382506174,0.1419815703753449,0.18695315470584487,0.0075,True,True,2000,1.9083858883861675,10.706890748210393,7.4398773979308785
93,2022-12-29 06:00:00,0.20454381790114795,0.05679348049191885,0.04898418769416371,0.1474449549854944,0.18290330770249663,0.004,True,True,2000,1.9490150230649752,10.494727617824472,7.565100999253763
94,2022-12-29 12:00:00,0.2025717382454291,0.05598366797735399,0.04936821256060175,0.14893358987093283,0.19224840861612627,0.0065,True,True,2000,1.9151120083127482,10.577539975006415,7.776756097004806
95,2022-12-29 18:00:00,0.21315461414688294,0.058305294075725864,0.049415576027647,0.14984807365429648,0.1904360303356183,0.002,True,True,2000,1.9128746334946751,11.143156504588376,7.833658883360043
96,2022-12-30 00:00:00,0.22288590640717842,0.05767857420043094,0.05020940113385906,0.15113478276811845,0.18806580676676152,0.002,True,True,2000,1.8844275489416806,11.827777965374901,8.020195992836006
97,2022-12-30 06:00:00,0.1945965896743556,0.05742280885706367,0.050172649827907846,0.1547264574343737,0.1847825751941788,0.0075,True,True,2000,1.8912142899512605,10.289505039609798,8.181328697466707
98,2022-12-30 12:00:00,0.19508273632354592,0.056143655367452916,0.0481144646569686,0.14520072160134329,0.18596931169289885,0.0065,True,True,2000,1.8715996679856917,10.423315394873073,7.7581078948157485
99,2022-12-30 18:00:00,0.21847916361103123,0.057938430118456064,0.048603213981681645,0.1471480377396446,0.17813819096906383,0.0015,True,True,2000,1.8545327635583349,11.780819832583072,7.934507312629423
100,2022-12-31 00:00:00,0.21980881264396304,0.059349459878509356,0.04896753903801164,0.14937845468731978,0.19408933659957964,0.0015,True,True,2000,1.8351385449524937,11.977777549740978,8.139900668436276
101,2022-12-31 06:00:00,0.2176446031098712,0.054192234120263055,0.04765572598513912,0.14141741961922852,0.1780146983717941,0.0025,True,True,2000,1.82369486400735,11.934266384433597,7.754445242472238
102,2022-12-31 12:00:00,0.2107021973161795,0.050389910697080695,0.047133459306156894,0.14073705729992003,0.17984414458069176,0.0035,True,True,2000,1.7957169457997717,11.733597425196516,7.837374238134114
103,2022-12-31 18:00:00,0.19755176611717937,0.047878725711872516,0.046586005851009166,0.1369291101486895,0.1755131177738278,0.0035,True,True,2000,1.775882535891483,11.124146002033266,7.7104823872797335
104,2023-01-01 00:00:00,0.1842993740067913,0.04880836110017806,0.04670544793255419,0.13381414156703855,0.17683102060991354,0.0075,True,True,2000,1.7824084622746592,10.339906811909637,7.50749025261408
105,2023-01-01 06:00:00,0.17291042865762535,0.0509305465023485,0.04849481537498688,0.13995608662711573,0.18554449093231193,0.0145,True,False,2000,1.7666892232867728,9.78725779149433,7.921941492728387
106,2023-01-01 12:00:00,0.16541361332572915,0.04831532609557492,0.04665473212985451,0.13715193242584703,0.18827266269590764,0.0195,True,False,2000,1.7424063888053254,9.493400299062516,7.871408949543898
107,2023-01-01 18:00:00,0.17961171340986065,0.04920558104522003,0.04751115268211307,0.13838406327635108,0.18365770873304318,0.0115,True,False,2000,1.6959866049655175,10.590396933796095,8.159502137056366
108,2023-01-02 00:00:00,0.17861936429734382,0.04987269436663263,0.0475602487229262,0.13935612090931124,0.1806620515648951,0.0105,True,False,2000,1.7500888557681324,10.20630259478716,7.962802599994065
109,2023-01-02 06:00:00,0.1815781022819219,0.046093838866548636,0.04616522675093591,0.13459746343396908,0.17966245580362358,0.0095,True,True,2000,1.7623020389792083,10.303460942886883,7.637593355559698
110,2023-01-02 12:00:00,0.1489643518189571,0.0477389603201305,0.046660136322700815,0.13648945745695443,0.16818373464327266,0.0305,True,False,2000,1.7466274206544294,8.52868505654989,7.814457499230965
111,2023-01-02 18:00:00,0.15578529891642115,0.0446107267895794,0.046277957688722456,0.134954033518331,0.1754358359555142,0.024,True,False,2000,1.728752674724687,9.011427788028197,7.806439607668178
112,2023-01-03 00:00:00,0.1628219963767521,0.04640767813891962,0.047263707995700115,0.1368411214736426,0.17563455480287424,0.018,True,False,2000,1.733811520295618,9.390985956131532,7.892502724304828
113,2023-01-03 06:00:00,0.1306353550550635,0.04234455489060779,0.04594717671241457,0.13438999857048733,0.17716344594857594,0.054,False,False,2000,1.762548932237539,7.411729266955621,7.624752772104914
114,2023-01-03 12:00:00,0.14514256133517797,0.04254362274082841,0.0448683943567458,0.12981206401211523,0.17085633319914018,0.028,True,False,2000,1.751094554966325,8.288676412335095,7.4131955721038505
115,2023-01-03 18:00:00,0.14351550662103466,0.0398619984132234,0.044381501076973966,0.1281852477880401,0.16945559571150157,0.029,True,False,2000,1.7207543791463398,8.340266824846449,7.449363450211434
116,2023-01-04 00:00:00,0.11992054598103408,0.040649864706977255,0.04478265237362651,0.13089561998977067,0.1760448430963358,0.0705,False,False,2000,1.7056105732904259,7.0309452731455595,7.674414197447765
117,2023-01-04 06:00:00,0.1126110930817374,0.04126307045444733,0.04591625042427542,0.13200739195045888,0.17719008906984657,0.0885,False,False,2000,1.7136536756134113,6.571403235337366,7.703271310243369
118,2023-01-04 12:00:00,0.11513250321864739,0.039325210586465105,0.045201144129421916,0.13099532324419197,0.17211381697212147,0.0765,False,False,2000,1.6897646641191688,6.813522951650965,7.752282079615891
119,2023-01-04 18:00:00,0.11988957309377649,0.041907724845783104,0.04712438233528575,0.13582718943971886,0.178194989937259,0.075,False,False,2000,1.6869803347894086,7.106755818154969,8.051498090324486
120,2023-01-05 00:00:00,0.12618069198291074,0.0412011790888495,0.04626032131882364,0.13196253707610806,0.18263026439376867,0.057,False,False,2000,1.687248234367069,7.478490088937294,7.8211690721140785
121,2023-01-05 06:00:00,0.1387806239345481,0.03998737388938024,0.04581034206325866,0.13279686422155107,0.17364117112360689,0.0405,True,False,2000,1.708280092841149,8.123997025788274,7.773717248012191
122,2023-01-05 12:00:00,0.12595785149880284,0.041950885692573436,0.04509715426705958,0.1293960818397748,0.17626016865757674,0.0595,False,False,2000,1.713147158034284,7.352424507613849,7.553121238472456
123,2023-01-05 18:00:00,0.1079065809732686,0.042477843956118776,0.04605783148559051,0.1374906710221277,0.17046129091153084,0.1095,False,False,2000,1.6963237278594616,6.361202122040266,8.105214161899564
124,2023-01-06 00:00:00,0.12829545314273993,0.04118160293663183,0.045237761497920866,0.12861941434520055,0.18118139507270692,0.0505,False,False,2000,1.6981159016761267,7.555164698481759,7.574242383470213
125,2023-01-06 06:00:00,0.10593638763199668,0.03996808994767693,0.044853675867059954,0.12658854504244374,0.17513093971010235,0.097,False,False,2000,1.66179948220004,6.374799653430421,7.617558339520867
126,2023-01-06 12:00:00,0.1109795832188289,0.03879298284015494,0.044845596082663794,0.13167160337553493,0.17181797498909862,0.0855,False,False,2000,1.6713844774973021,6.639979293394392,7.877996065435368
127,2023-01-06 18:00:00,0.12767040158140294,0.03842014964196184,0.04569140718496474,0.13172287277787065,0.18588013891362287,0.055,False,False,2000,1.6887019902621527,7.5602683195501825,7.800243828540884
128,2023-01-07 00:00:00,0.12495707319284598,0.04024222425616138,0.046227086509783126,0.13137236880738123,0.17983963969192876,0.064,False,False,2000,1.7529458925539836,7.128404460378849,7.494376715528627
129,2023-01-07 06:00:00,0.1263869687439901,0.036647174865365534,0.04339475387317064,0.12551514421085033,0.17101815426392727,0.0485,True,False,2000,1.7635587903979888,7.166586644694045,7.117151120463916
130,2023-01-07 12:00:00,0.13672751422868865,0.03847371659128296,0.044507323348692854,0.12641052865424784,0.17425674122941592,0.038,True,False,2000,1.7662246858521515,7.741229942255146,7.157103491238911
131,2023-01-07 18:00:00,0.15211396089582419,0.03707407633858691,0.04458654442424327,0.1278159454207894,0.17686803100043377,0.021,True,False,2000,1.8397243465203517,8.268301780292902,6.947559598400707
132,2023-01-08 00:00:00,0.1764906278980491,0.04053459097474513,0.04752577315351893,0.1333062794115493,0.19068229557945973,0.016,True,False,2000,1.8802119892285518,9.386740905234996,7.0899600776529805
133,2023-01-08 06:00:00,0.18350301194435806,0.03911222767355467,0.04686305344220287,0.13067179279925528,0.18368390302520823,0.0105,True,False,2000,1.8696639335402834,9.81475914748421,6.989052441730692
134,2023-01-08 12:00:00,0.18670758356244793,0.035785770103820155,0.044251557605964324,0.12498386125805488,0.1730169278312767,0.0065,True,True,2000,1.8714830156172118,9.976450868343687,6.678332649299273
135,2023-01-08 18:00:00,0.17955826964146868,0.03857222129554799,0.04659627976057593,0.13493018915808416,0.17708811742710998,0.01,True,True,2000,1.8589687073356258,9.65902593910907,7.258335690409409
136,2023-01-09 00:00:00,0.1589785491757193,0.037596255763112346,0.0456176202991155,0.13040227019723719,0.17452135566394708,0.02,True,False,2000,1.8466351567211943,8.609093604499265,7.06161526940567
137,2023-01-09 06:00:00,0.13620977242136634,0.03793012901394695,0.04634529048105897,0.13038701298275618,0.18009973543983956,0.043,True,False,2000,1.8435470300668346,7.38846203540727,7.072616584022227
138,2023-01-09 12:00:00,0.1418609904491109,0.03882995412944017,0.045653592830177815,0.12892264745760498,0.1833379748014132,0.032,True,False,2000,1.860728933230595,7.623947148648464,6.92860981280974
139,2023-01-09 18:00:00,0.11982858669904439,0.03919832903783582,0.046528546524245,0.13328113633830058,0.18007066463439858,0.073,False,False,2000,1.8651166163867658,6.4247235613172915,7.145994795569517
140,2023-01-10 00:00:00,0.13133140251170083,0.03841156169074694,0.04520828023792598,0.12678807601822725,0.17546877763976215,0.043,True,False,2000,1.8479796799596935,7.106755768795321,6.860902064734427
141,2023-01-10 06:00:00,0.13567195051612627,0.03767619383577926,0.04467076976961046,0.12579903100528933,0.17571903759195395,0.035,True,False,2000,1.8234714073585483,7.440311373604618,6.898875984434535
142,2023-01-10 12:00:00,0.14597736047422563,0.038198806976763894,0.04445842076834136,0.12533469101365521,0.1693313791935025,0.0265,True,False,2000,1.8120522610882221,8.055913375619719,6.9167260627674105
143,2023-01-10 18:00:00,0.14400448108166353,0.038778490121684356,0.045844953807886085,0.12838907227339813,0.18469772403924797,0.0325,True,False,2000,1.8340745919713697,7.851615289369401,7.000209960675488
144,2023-01-11 00:00:00,0.1212565038865553,0.03653345739664831,0.044908846133259274,0.12884669799050266,0.17136990719365466,0.0615,False,False,2000,1.8068111096381831,6.711078055682153,7.131165914532395
145,2023-01-11 06:00:00,0.09868677323504703,0.03605845944955941,0.04243948200245806,0.12118397567761985,0.16072321297783368,0.105,False,False,2000,1.7192582624894952,5.740078462217076,7.04861964729748
146,2023-01-11 12:00:00,0.1215353798487762,0.03411919012094411,0.04336388629042472,0.12580850691136372,0.1708988776817626,0.056,False,False,2000,1.7532340304127192,6.932068265875848,7.175796541078308
147,2023-01-11 18:00:00,0.13645456539214668,0.03371875830561039,0.04167304219805162,0.12101848871735277,0.16717414692538,0.0255,True,False,2000,1.77867295027227,7.671706334279099,6.803864009897261
148,2023-01-12 00:00:00,0.13422563840802582,0.03674413579668972,0.04446329421505606,0.12605089500886618,0.17794174957155262,0.0375,True,False,2000,1.7984816631442921,7.463275337117346,7.0087395157808245
149,2023-01-12 06:00:00,0.14651624547747985,0.03640544819213673,0.04420928799517194,0.12623651370902175,0.16965289151101168,0.024,True,False,2000,1.744427132270183,8.39910379557126,7.2365598639100845
150,2023-01-12 12:00:00,0.18262724760959673,0.03652050347844228,0.04366351191291208,0.12715089891081938,0.16262121948900157,0.0055,True,True,2000,1.7264162030944998,10.578402084169976,7.365020015620153
151,2023-01-12 18:00:00,0.20655620707766678,0.03683351805880049,0.04506709596084518,0.12523610292724113,0.18094385450189385,0.0045,True,True,2000,1.743335741496578,11.848332031576847,7.183705349821566
152,2023-01-13 00:00:00,0.22741856564982554,0.03546516994906158,0.04369565656895598,0.12498578403537905,0.17339067062202584,0.001,True,True,2000,1.7400799266995948,13.069432165749406,7.182761097212315
153,2023-01-13 06:00:00,0.2258606648275016,0.03713985477617736,0.04490874765123789,0.12865810494404736,0.17454014101470347,0.0005,True,True,2000,1.7985863197448353,12.557677235060055,7.153290533328422
154,2023-01-13 12:00:00,0.2717816958386804,0.03919434240872914,0.045095111094979795,0.1270328642803036,0.17459174494340882,0.0005,True,True,2000,1.779925700475951,15.269271957026417,7.1369756752394276
155,2023-01-13 18:00:00,0.27593497282448193,0.03609901140868126,0.04362350743147572,0.1218422901835595,0.1689276907593546,0.0,True,True,2000,1.7590102647229475,15.686945003015259,6.926752653302466
156,2023-01-14 00:00:00,0.2694277465351711,0.03591494291306351,0.04390237648845788,0.12583008249867858,0.17095878958669614,0.0,True,True,2000,1.761936872396109,15.291566386755303,7.141577230718749
157,2023-01-14 06:00:00,0.2533310583542182,0.0366229005486645,0.04395792086270959,0.12516701616959094,0.175834125052605,0.0,True,True,2000,1.7656316360675814,14.347899821190206,7.089078696412758
158,2023-01-14 12:00:00,0.27472296390245415,0.041954040680803974,0.04736562493353932,0.13727892269145744,0.18332111114602614,0.0005,True,True,2000,1.761250133252434,15.59817987892121,7.794402402000086
159,2023-01-14 18:00:00,0.24115442463121603,0.03694546653273969,0.04252888852842471,0.12169084628839429,0.1605928386486251,0.0,True,True,2000,1.7509547023018244,13.772739198460805,6.949971128802941
160,2023-01-15 00:00:00,0.24499887204288565,0.038071665168914595,0.04349194456197806,0.12444366662103507,0.16652610941031878,0.0005,True,True,2000,1.749531686833055,14.003683036251523,7.1129701483886185
161,2023-01-15 06:00:00,0.24266751955773563,0.036834543807695554,0.043166330013165354,0.12255164058282816,0.171912499420885,0.0,True,True,2000,1.7775636394527767,13.651692359798767,6.894360227831601
162,2023-01-15 12:00:00,0.23741240170003305,0.035352637940318184,0.04222095265411824,0.12203493294969679,0.16413688859559494,0.0,True,True,2000,1.7609258642838062,13.48224854409712,6.930157335120417
163,2023-01-15 18:00:00,0.264125853033653,0.03665398000764722,0.043597331498420676,0.12346270226423561,0.1659554132371082,0.0005,True,True,2000,1.782193760532642,14.82026583656729,6.927568988196686
164,2023-01-16 00:00:00,0.2683704893146976,0.03468067909424029,0.042308567820407594,0.12199405302193912,0.1677840400512298,0.0,True,True,2000,1.824473660369077,14.70947458131066,6.686534076751793
165,2023-01-16 06:00:00,0.2727436175443523,0.035742148279444746,0.04323499797314144,0.12319772878892685,0.1694306594639109,0.0,True,True,2000,1.813038235673041,15.043456457668341,6.795098214969143
166,2023-01-16 12:00:00,0.2507756204952002,0.03689799382183296,0.043224193994305236,0.12351406785087732,0.16536596475239504,0.0,True,True,2000,1.8170586402991094,13.801184779260595,6.7974728559418125
167,2023-01-16 18:00:00,0.2448891260420859,0.03428630737347045,0.041994616967015376,0.11823087483808432,0.16974696970807923,0.0,True,True,2000,1.8189903180511993,13.462915311415802,6.499807814521665
168,2023-01-17 00:00:00,0.2408784716036261,0.032054663908094014,0.04055623422001378,0.11438860854016027,0.16176382016898258,0.0,True,True,2000,1.808592875884705,13.318556918775663,6.324729576533638
169,2023-01-17 06:00:00,0.2431619982493085,0.03160831508552132,0.03953137509173995,0.1132530489009449,0.15560051925202592,0.0,True,True,2000,1.8093991772133253,13.43882551244468,6.259152227280611
170,2023-01-17 12:00:00,0.2475962069046378,0.036018222763502694,0.042651182333809476,0.12028000115775189,0.1699104877113267,0.0,True,True,2000,1.8085222350292098,13.690526005650067,6.650733888035898
171,2023-01-17 18:00:00,0.2468784004302548,0.03892513184546227,0.04515657837147609,0.12677103535855141,0.1813272527306927,0.001,True,True,2000,1.7919956370667398,13.77672999440792,7.074293750293882
172,2023-01-18 00:00:00,0.24782214363539892,0.03867204851741266,0.04403390781268822,0.12403315419451766,0.17247109310696473,0.001,True,True,2000,1.7927701748092983,13.823419594860251,6.918519503355269
173,2023-01-18 06:00:00,0.2457451095572798,0.036634821605598944,0.04391265979024017,0.12307604014195711,0.17055778347875242,0.0005,True,True,2000,1.8003790550860772,13.649631663012796,6.83611819379185
174,2023-01-18 12:00:00,0.2645608488658023,0.03738370866640915,0.04404496926427166,0.12778928988001567,0.17282404245377012,0.0,True,True,2000,1.8055532005966108,14.652619971451584,7.077569901445724
175,2023-01-18 18:00:00,0.2859505866896843,0.03841719465072842,0.04391256975581301,0.1250468387329999,0.16011515375296695,0.0,True,True,2000,1.806365790008246,15.830159554138753,6.922564600408484
176,2023-01-19 00:00:00,0.3053083845036995,0.03785726312664309,0.04514074334707811,0.12629086803782033,0.17574976541050386,0.0,True,True,2000,1.7970097885292788,16.989800859881356,7.0278341745250135
177,2023-01-19 06:00:00,0.3072770621058028,0.038705917279338545,0.04564080939933313,0.13254951790940728,0.17066431888893066,0.0,True,True,2000,1.7880823983765068,17.184726072176296,7.412942380605944
178,2023-01-19 12:00:00,0.30989140773126106,0.03872189894311025,0.04471212819786698,0.12907230295330877,0.17165111401182728,0.0,True,True,2000,1.7786206855142066,17.423130758297134,7.25687629771344
179,2023-01-19 18:00:00,0.32954261153408276,0.03738530525561032,0.044046437129685236,0.12192541055330655,0.17079575116441947,0.0,True,True,2000,1.795282741786964,18.356028488641694,6.791432219303023
180,2023-01-20 00:00:00,0.32520501999053386,0.03821261607013126,0.045028023828135755,0.12855437019043534,0.17951937646708324,0.0,True,True,2000,1.805726601879274,18.009648838981672,7.119259917677734
181,2023-01-20 06:00:00,0.31240971457277633,0.0389207868757457,0.044890248245083884,0.12989895453474537,0.17819922974213245,0.0,True,True,2000,1.8064813481217716,17.293824533399906,7.190716619897762
182,2023-01-20 12:00:00,0.30461488484493404,0.04196928082564456,0.04467007777573226,0.12939260219480705,0.17058272289747267,0.0,True,True,2000,1.7978452795234319,16.94333145985068,7.197093302105846
183,2023-01-20 18:00:00,0.3267250238744471,0.04091678907413668,0.04498707568594537,0.1308385433091312,0.16707502884472106,0.0,True,True,2000,1.7382518881995936,18.796184033653187,7.527018621256791
184,2023-01-21 00:00:00,0.3381093210880329,0.041350731735246754,0.04500507600521749,0.12989122869319322,0.1678223963293968,0.0,True,True,2000,1.7363795846229129,19.472085716871614,7.480577970594
185,2023-01-21 06:00:00,0.33960377685294024,0.04236266183327103,0.04666976360926674,0.13388011607084263,0.176255977198054,0.0,True,True,2000,1.7319192197393318,19.60852290235877,7.730159383010525
186,2023-01-21 12:00:00,0.32567129582512416,0.04576915264337617,0.04770071662321802,0.1386463238468633,0.17713759123024242,0.0,True,True,2000,1.733548961440526,18.786391562572387,7.997831438902796
187,2023-01-21 18:00:00,0.3377869337373622,0.04517675544794488,0.04658412326167128,0.13531851978728926,0.1816329513357566,0.0,True,True,2000,1.7129410788884136,19.719705359425657,7.899776673877312
188,2023-01-22 00:00:00,0.3546651813550766,0.043686269604249386,0.046137522164206454,0.1357277692361413,0.17702643581676944,0.0,True,True,2000,1.7022429286018408,20.835168435470337,7.973466475059647
189,2023-01-22 06:00:00,0.3613004838595892,0.0417084631972485,0.0463963809294438,0.1334756506404629,0.17378194252744072,0.0,True,True,2000,1.6990979726048057,21.26425254370098,7.855677117655421
190,2023-01-22 12:00:00,0.3818200614563609,0.04363636367588246,0.04792000999595834,0.13922470719021357,0.18926818862514652,0.0,True,True,2000,1.6358158110161949,23.341262438291764,8.51102589011687
191,2023-01-22 18:00:00,0.36587385050964427,0.04474842369563216,0.048110538096435326,0.1382256912253314,0.18297081745809116,0.0,True,True,2000,1.667251707780363,21.944727889752023,8.290631257433427
192,2023-01-23 00:00:00,0.3755745598147555,0.0446572460841731,0.047684453105557835,0.13793041268384615,0.1795420576244965,0.0,True,True,2000,1.6718145946488787,22.465084406900708,8.250341462823206
193,2023-01-23 06:00:00,0.36250733842479993,0.04487633403741636,0.046305899068135724,0.13277365267933805,0.17881774610992895,0.0,True,True,2000,1.6701589302601807,21.704960639184666,7.949761563030071
194,2023-01-23 12:00:00,0.36154387403412086,0.04629338035155978,0.0477319337361674,0.13664172010012557,0.18710656804221973,0.0,True,True,2000,1.6665647283459128,21.69395930951676,8.199004681668995
195,2023-01-23 18:00:00,0.40128248618411405,0.04450790019493259,0.04625612762858114,0.13190563042830275,0.17688402511266688,0.0,True,True,2000,1.6907711408289583,23.733696210793592,7.801507090050727
196,2023-01-24 00:00:00,0.40138959126527923,0.04491177881148232,0.047596233256325726,0.13567167576118677,0.1873214483500752,0.0,True,True,2000,1.6696340462046393,24.04057297332345,8.125833087172094
197,2023-01-24 06:00:00,0.41596784302548095,0.04584214840067105,0.047913032693996736,0.13888327578932488,0.17522578376803308,0.0,True,True,2000,1.6640785060063878,24.99688815906647,8.345956953835671
198,2023-01-24 12:00:00,0.43904518867345166,0.04687999725974979,0.04743496580768072,0.13806208843760748,0.18840795622128279,0.0,True,True,2000,1.6858382923994915,26.043137746536104,8.189521442243468
199,2023-01-24 18:00:00,0.4391802978399882,0.0492271552739396,0.04980518156558515,0.14399582503374456,0.1891352353195378,0.0,True,True,2000,1.6689959605262024,26.3140419885452,8.62769164452294
200,2023-01-25 00:00:00,0.42697500434253405,0.04799313566483888,0.048671529120733324,0.1403601843114026,0.1818616350880314,0.0,True,True,2000,1.6798423543902194,25.417563929534648,8.355556933338137
201,2023-01-25 06:00:00,0.42479157913959464,0.047712184969594264,0.0491223237814872,0.1428545554092786,0.1863026915324561,0.0,True,True,2000,1.6634162387141662,25.537299038751833,8.588022172953313
202,2023-01-25 12:00:00,0.42692041414503995,0.04868592293941746,0.04985719982775785,0.1427400245314247,0.19655084780203036,0.0,True,True,2000,1.6540580888337082,25.81048495377,8.629686314830213
203,2023-01-25 18:00:00,0.420343949906548,0.050259425928381785,0.04872834772420745,0.14242070008131477,0.1871256002856352,0.0,True,True,2000,1.5990885597206692,26.28647096193185,8.906367268751707
204,2023-01-26 00:00:00,0.41788042526228025,0.0438301684469792,0.04617998033755021,0.132457524004678,0.17666427098206483,0.0,True,True,2000,1.6791421681798233,24.88654225837585,7.8884043599632125
205,2023-01-26 06:00:00,0.4199613282144474,0.043553884375971005,0.04739844220837607,0.13835342857190713,0.1812342370377221,0.0,True,True,2000,1.627906061982624,25.79763894379613,8.498858245137727
206,2023-01-26 12:00:00,0.4272776706066018,0.047366887087217105,0.04892420512103897,0.1416813787407117,0.18245833034193482,0.0,True,True,2000,1.5551514127914292,27.474988421844852,9.110455584925958
207,2023-01-26 18:00:00,0.4208959340244804,0.044755560778957024,0.0470178654968669,0.13894554530256936,0.18176540983947112,0.0,True,True,2000,1.515390519766402,27.774750371895006,9.168959650347283
208,2023-01-27 00:00:00,0.4341934905740176,0.044593120937442395,0.04726247549091538,0.13455720397867074,0.18475427136642397,0.0,True,True,2000,1.522643143844419,28.515774843851577,8.837080738362394
209,2023-01-27 06:00:00,0.4194074149437724,0.04657882583958613,0.049192971117619125,0.14206898226092524,0.18682160036364293,0.0,True,True,2000,1.5349846815220027,27.32323129947539,9.255400654556226
210,2023-01-27 12:00:00,0.3984049639434869,0.046642292533963965,0.048670414708238664,0.13881738478688335,0.18788087829400862,0.0,True,True,2000,1.5394880823197534,25.87905476625429,9.017113310660292
211,2023-01-27 18:00:00,0.39647663425184043,0.04373427308547374,0.04661853282152349,0.13482463720436727,0.18273164217343693,0.0,True,True,2000,1.5751661761458406,25.170463933015007,8.559391335729405
212,2023-01-28 00:00:00,0.3812709548233472,0.04287139594771341,0.04681241206120943,0.13412938860619888,0.17455148428891848,0.0,True,True,2000,1.6001854598666505,23.826672869226044,8.382115196658292
213,2023-01-28 06:00:00,0.3722601855885691,0.04274337153596726,0.044736870937488765,0.12922721260034375,0.18197757770590967,0.0,True,True,2000,1.5691867001887592,23.723129028801324,8.235298743278852
214,2023-01-28 12:00:00,0.3868346752005723,0.04274476213387804,0.045764670111102586,0.12978513768727418,0.17547764252655956,0.0,True,True,2000,1.5350374388173984,25.20034140005028,8.454851615036919
215,2023-01-28 18:00:00,0.3686117754983373,0.043514447083728314,0.04550422589921709,0.1285525872497263,0.17177929400710712,0.0,True,True,2000,1.4880329483342443,24.771748227146055,8.639095484655265
216,2023-01-29 00:00:00,0.37951885759712095,0.04145724581319996,0.04604182789626203,0.13030959826973398,0.18532282995927793,0.0,True,True,2000,1.4956144694142,25.37544703922063,8.712779993414577
217,2023-01-29 06:00:00,0.3736501571926864,0.04089343757119457,0.0454556309844403,0.12710607338937294,0.1738648307264216,0.0,True,True,2000,1.524861135053236,24.503880950421202,8.335583514293937
218,2023-01-29 12:00:00,0.3816504876391364,0.042064238139781614,0.04483445813312901,0.12891103681949426,0.16928962978424963,0.0,True,True,2000,1.4771678703292124,25.836636126811978,8.726905005777319
219,2023-01-29 18:00:00,0.37650988424046855,0.042762029841755506,0.046644116895508896,0.13555621417213806,0.17893765048535074,0.0,True,True,2000,1.4767789374283187,25.495344949605496,9.179181171705858
220,2023-01-30 00:00:00,0.37204587205922496,0.04176387264247583,0.04499181090522756,0.1289576082932338,0.1685131128724903,0.0,True,True,2000,1.450923256272955,25.64200900707279,8.887968935344823
221,2023-01-30 06:00:00,0.37343165107485876,0.042161979087689476,0.045719523755540906,0.12832314986644847,0.17660867547288278,0.0,True,True,2000,1.4869851460142158,25.113341049560738,8.62975331061052
222,2023-01-30 12:00:00,0.357802290397734,0.04454403721786997,0.04767799863091185,0.13934671589297448,0.1833771969314821,0.0,True,True,2000,1.4819347746807656,24.144267110191187,9.403026251475351
223,2023-01-30 18:00:00,0.3773636350786116,0.04517424600283384,0.047504547705762436,0.13718275877365643,0.1844299506848992,0.0,True,True,2000,1.5068043890456564,25.043969729715027,9.10421815671389
224,2023-01-31 00:00:00,0.3878367077863819,0.044882081242300594,0.04816159876071071,0.14232767747751646,0.18880216890215734,0.0,True,True,2000,1.513640484859117,25.62277579556681,9.40300414142026
225,2023-01-31 06:00:00,0.40306591924958357,0.046744391569431026,0.04835414000018126,0.139594778589269,0.1842262591073603,0.0,True,True,2000,1.5011197452733256,26.851017083663294,9.299376617276552
226,2023-01-31 12:00:00,0.4162102988140448,0.04623312483339129,0.04798224498435533,0.1393862741937018,0.18523448755214447,0.0,True,True,2000,1.4570994439536968,28.564302906100824,9.566009703187504
227,2023-01-31 18:00:00,0.39169974746552966,0.044301135403447156,0.04643076511276385,0.13148323776512183,0.18081136646494858,0.0,True,True,2000,1.4578844418220116,26.86768143132095,9.018769526122304
228,2023-02-01 00:00:00,0.35583515544317634,0.0453443275765243,0.047909432501174756,0.14169024040309655,0.18625006550852802,0.0,True,True,2000,1.4536004649792018,24.479570832296595,9.74753681061349
229,2023-02-01 06:00:00,0.35727889395028045,0.04157421816644225,0.044740304451847665,0.12896510606566822,0.16399957378052057,0.0,True,True,2000,1.4540594219936946,24.57113433922852,8.869314700278284
230,2023-02-01 12:00:00,0.3361110870041938,0.045798686963714766,0.04878885219950082,0.14070710000844122,0.18311126563655222,0.0,True,True,2000,1.4622625667945008,22.98568633545751,9.62256048972739
231,2023-02-01 18:00:00,0.3372513519394612,0.044162405859209226,0.04641252727574162,0.13346914170680818,0.17146625237927518,0.0,True,True,2000,1.4872752873959338,22.675785363848387,8.974071097523508
232,2023-02-02 00:00:00,0.34140485345766897,0.048398283011744384,0.05037336514460728,0.14681920851111627,0.19738123602130758,0.0,True,True,2000,1.4999198277728827,22.761540126087617,9.788470409722965
233,2023-02-02 06:00:00,0.33668428547669554,0.047904105326687714,0.049220769523417696,0.1411862253160229,0.1885569657044297,0.0,True,True,2000,1.4990434435784552,22.459941832838183,9.418421188580693
234,2023-02-02 12:00:00,0.3467139061062767,0.04492804858204924,0.04715034450699005,0.1392922497082722,0.18137912430910524,0.0,True,True,2000,1.5367460523889507,22.561561525880748,9.064103303973695
235,2023-02-02 18:00:00,0.3517490215475809,0.04538608725910697,0.04665472418739915,0.1332337760275868,0.18513524584157548,0.0,True,True,2000,1.535591589705154,22.906417559575175,8.67638094144347
236,2023-02-03 00:00:00,0.376098122280345,0.0457738685262083,0.047153506470401944,0.1334359169325443,0.1811123404674,0.0,True,True,2000,1.5544881334985114,24.194338584875734,8.583913511918235
237,2023-02-03 06:00:00,0.38817275406005336,0.047336596794242854,0.04753188201595508,0.14001062402019074,0.18314756077502875,0.0,True,True,2000,1.5773134890008764,24.609740344383606,8.876524863099865
238,2023-02-03 12:00:00,0.38144769978937754,0.04781544025729094,0.04677005911175232,0.13884410451154006,0.17419894806962138,0.0,True,True,2000,1.5830096091304893,24.096360349884293,8.770894611802383
239,2023-02-03 18:00:00,0.364134692935893,0.046913881145568645,0.04788612291996362,0.14129299850891117,0.18404648704259552,0.0,True,True,2000,1.5894058136181388,22.910114573380934,8.889674197634298
240,2023-02-04 00:00:00,0.3590690171802005,0.04755777345762464,0.0480665595506106,0.13746406438453446,0.18165607039039125,0.0,True,True,2000,1.5486984523448921,23.185211855576682,8.876102650997
241,2023-02-04 06:00:00,0.3636461542378699,0.046370288150163634,0.047813851359358055,0.14106934430487755,0.18184520115570021,0.0,True,True,2000,1.550619640038855,23.451666988350397,9.097611087999805
242,2023-02-04 12:00:00,0.3263052136209669,0.04599894538371064,0.04732239978009745,0.13649530253630054,0.18106295084291932,0.0,True,True,2000,1.5720072481230762,20.757233404016702,8.682867251361044
243,2023-02-04 18:00:00,0.35134459590441924,0.04523267750028981,0.04732553359933413,0.13755651660808213,0.1777044463053989,0.0,True,True,2000,1.610016097145929,21.822427522758737,8.54379759630529
244,2023-02-05 00:00:00,0.3720093462966332,0.04590197319909772,0.048743226320173784,0.14169669000435986,0.18295071906454383,0.0,True,True,2000,1.6240963477946453,22.90562051948355,8.724648029457692
245,2023-02-05 06:00:00,0.3469038473482379,0.04720089461659549,0.04730579826602985,0.13946719496073567,0.17799027096304046,0.0,True,True,2000,1.638589637245115,21.170880094876672,8.51141687892128
246,2023-02-05 12:00:00,0.3355350231855392,0.04513497671548937,0.04587298111232551,0.1341978663162242,0.17409130685531907,0.0,True,True,2000,1.6336960003371879,20.538400235801898,8.214371969358213
247,2023-02-05 18:00:00,0.33824369238592444,0.04653437991370897,0.048230029581712894,0.14327236807894594,0.18019208269975023,0.0,True,True,2000,1.6497359015549065,20.50289940754296,8.684563871338987
248,2023-02-06 00:00:00,0.32021646506134643,0.04538717615372012,0.04709334436979524,0.13644513046407875,0.1835865736109151,0.0,True,True,2000,1.6806983017925041,19.052584554873892,8.118359512742817
249,2023-02-06 06:00:00,0.29959941701122406,0.04546245405789504,0.04732912510834483,0.1344062965168882,0.18535545046510862,0.0,True,True,2000,1.661803943619126,18.028565774055604,8.08797554205908
250,2023-02-06 12:00:00,0.284094030392194,0.04860349931254358,0.04766954686722069,0.14272594730061453,0.17673404179194246,0.0,True,True,2000,1.6579217947868778,17.13555074102356,8.608726162440107
251,2023-02-06 18:00:00,0.2837638244321082,0.05076108005730917,0.0485184784946374,0.13959976768559335,0.1891990217330502,0.0,True,True,2000,1.6017664244579677,17.715680644768973,8.715363585725893
252,2023-02-07 00:00:00,0.2812928507670963,0.0482585507815316,0.047963040760513144,0.14163911270983248,0.18706032488875238,0.0,True,True,2000,1.6145917261996439,17.42191825974429,8.772441380163423
253,2023-02-07 06:00:00,0.29091595380596347,0.048249234489195866,0.0497172349621536,0.1419783430180539,0.20047573130106539,0.0,True,True,2000,1.6420150308269092,17.717009183494493,8.64659216588014
254,2023-02-07 12:00:00,0.28779299132605607,0.04673495998420404,0.04768563367035871,0.1392643875336779,0.180612048608473,0.0,True,True,2000,1.6703515284735098,17.22948651348034,8.337429885848517
255,2023-02-07 18:00:00,0.2730972362627916,0.04664916435985666,0.0468451149632512,0.13630929859751542,0.18450814809776142,0.0,True,True,2000,1.6929817752946263,16.13113857739343,8.051433310544278
256,2023-02-08 00:00:00,0.27217092829116396,0.04622384729907041,0.047826560875595434,0.1385826025291202,0.18392329382199638,0.0,True,True,2000,1.6879621702854197,16.12423151907144,8.21005381333203
257,2023-02-08 06:00:00,0.24159215272742654,0.046197642231895104,0.04748836339106275,0.13898773777668316,0.18523747312181485,0.0015,True,True,2000,1.680011255474015,14.380388937290862,8.273024202892486
258,2023-02-08 12:00:00,0.23147950229310651,0.04916338279220373,0.0487765280080402,0.14056380644958463,0.18688105568434032,0.0005,True,True,2000,1.69247072526616,13.677016614671652,8.305243000730746
259,2023-02-08 18:00:00,0.2132075359453437,0.048759404402436105,0.047107664408917074,0.1402237930505907,0.1822857630382224,0.003,True,True,2000,1.6816603491527324,12.678394662320702,8.338413468643617
260,2023-02-09 00:00:00,0.2223296215147054,0.04571395360830081,0.04587432456506523,0.1341221858531559,0.17674375312958943,0.0,True,True,2000,1.6803631566864516,13.231045957537091,7.981738073669424
261,2023-02-09 06:00:00,0.2086488669665039,0.044223867316288745,0.04668049947313932,0.13365921241894427,0.1815954898442248,0.004,True,True,2000,1.7149716101495254,12.16631609127991,7.7936690979561325
262,2023-02-09 12:00:00,0.2034789191180373,0.04440841497428972,0.04598752878002577,0.13259943358689727,0.18019372251526095,0.004,True,True,2000,1.6944123656210726,12.008819296089936,7.82568849692584
263,2023-02-09 18:00:00,0.2364315193035468,0.04382764887708301,0.045623899150731555,0.13376610475861272,0.17486195587983372,0.0,True,True,2000,1.6808587246835065,14.066114887083394,7.958200340947745
264,2023-02-10 00:00:00,0.22564632152852018,0.04096940240342254,0.04477516228805702,0.130080869153125,0.17003926486181936,0.0005,True,True,2000,1.6654049048963135,13.549036685620228,7.810765344252646
265,2023-02-10 06:00:00,0.2025310274721053,0.04237595380116467,0.04570593340048962,0.13280137989367752,0.17615713956901136,0.003,True,True,2000,1.7233623683043697,11.752085991721941,7.705946371820911
266,2023-02-10 12:00:00,0.1977037092188633,0.042661429540606734,0.04485418427489486,0.13104103905695955,0.1736750014769004,0.0025,True,True,2000,1.6780472705384646,11.781772342767354,7.809138714841454
267,2023-02-10 18:00:00,0.20542690547846776,0.04399810864064909,0.046621389900640554,0.13349722506090142,0.1835008317150951,0.0025,True,True,2000,1.664536544160286,12.341387529109499,8.02008376020649
268,2023-02-11 00:00:00,0.20000677992068236,0.04311910158940458,0.04667310542013201,0.13394543703139278,0.18641881669864102,0.007,True,True,2000,1.6587633249301796,12.057583918977773,8.075017997943183
269,2023-02-11 06:00:00,0.19779918739855198,0.0454461617630063,0.04652458855810634,0.13705738857095268,0.17386870788855693,0.003,True,True,2000,1.6564925815402227,11.940843539102143,8.273951244835361
270,2023-02-11 12:00:00,0.19536646884573503,0.04663051295458528,0.04647185356231383,0.13544046246752026,0.17978646323138667,0.0025,True,True,2000,1.6553366116666735,11.802220011857925,8.182049591179657
271,2023-02-11 18:00:00,0.17265555663562354,0.044484322154299205,0.04604263888723828,0.13264229919416182,0.17188889388920656,0.01,True,True,2000,1.6422645423032267,10.513260938671873,8.076792488507058
272,2023-02-12 00:00:00,0.19211945598489394,0.04659357371692435,0.047432696976051646,0.138662406798773,0.18383738845542427,0.0075,True,True,2000,1.595249833315407,12.04322056474453,8.692206317965317
273,2023-02-12 06:00:00,0.18665480867771395,0.04255066837134047,0.04478042313645483,0.12966076988469474,0.17197387601173938,0.006,True,True,2000,1.5819877213686915,11.798752048228632,8.19606676672028
274,2023-02-12 12:00:00,0.19044344746892944,0.042516931273183026,0.04488256124028259,0.13062283785009787,0.17288001290991517,0.004,True,True,2000,1.5784609184876182,12.065135426438074,8.27532923496468
275,2023-02-12 18:00:00,0.20634841558312816,0.04044908399319846,0.043242200269185356,0.12099009204451068,0.16239035082960204,0.001,True,True,2000,1.6051334657209346,12.855530084562044,7.53769668556308
276,2023-02-13 00:00:00,0.2126663785378435,0.04351507725841946,0.045054120741474836,0.12926426990542908,0.1776052447545908,0.0025,True,True,2000,1.6346915034794314,13.009572637111305,7.907563575775052
277,2023-02-13 06:00:00,0.22264426180420874,0.041371511259348355,0.04425000165031057,0.12816900824930236,0.1678258526182368,0.0,True,True,2000,1.6423346115811308,13.556571251327501,7.804073989886247
278,2023-02-13 12:00:00,0.2238129585590136,0.04195126385323376,0.044337094534921136,0.1299616114894067,0.16601622640274885,0.0,True,True,2000,1.6088948966735388,13.91097448452082,8.07769430794442
279,2023-02-13 18:00:00,0.24249656926041951,0.04365715277337448,0.04740288808961185,0.13733087900233215,0.18335975157865433,0.0,True,True,2000,1.6101759893337422,15.060252473442956,8.528935961786193
280,2023-02-14 00:00:00,0.23468000751787443,0.041417141530884535,0.04592285955707843,0.13193567640169346,0.17979783420610262,0.0,True,True,2000,1.6203214278340414,14.48354650420084,8.142561971673606
281,2023-02-14 06:00:00,0.2115202933377352,0.04085683552746311,0.04549359318099912,0.13062517549088717,0.17080569338219564,0.0025,True,True,2000,1.6288324947203063,12.986006481535489,8.019558543576169
282,2023-02-14 12:00:00,0.2231965481271771,0.03942116260456487,0.045317035639084756,0.12840864601272803,0.1696223460589637,0.001,True,True,2000,1.6403762055527886,13.60642439043197,7.827999795294259
283,2023-02-14 18:00:00,0.20596267670747964,0.03927832625261817,0.045038096740678525,0.1301641888091815,0.1681182607848616,0.003,True,True,2000,1.6375015461220546,12.577861510741304,7.948950589844479
284,2023-02-15 00:00:00,0.19898846511921284,0.0378453359783863,0.04392787537036694,0.13034251215976442,0.17835263577811844,0.0035,True,True,2000,1.6113166883932966,12.349432396038274,8.089192714173013
285,2023-02-15 06:00:00,0.19687004819520976,0.03705542716844561,0.042962355324687375,0.12096886316902643,0.17532100154804806,0.0025,True,True,2000,1.5879165871358103,12.398009428839853,7.618086752731948
286,2023-02-15 12:00:00,0.22083899698658366,0.03861396023332917,0.043953968477925,0.12649602301805343,0.17410846497076463,0.001,True,True,2000,1.608206179974059,13.732007732375825,7.865659552439593
287,2023-02-15 18:00:00,0.22465942051821686,0.03830256190535452,0.04308926265282592,0.12345100143614071,0.16848175610026192,0.001,True,True,2000,1.6273187989253404,13.805495313307937,7.586159609147643
288,2023-02-16 00:00:00,0.2409072627549883,0.039670941458925905,0.045030785003354216,0.13330441838872742,0.17804452790797567,0.0,True,True,2000,1.6282428030149627,14.79553677798596,8.187011061365792
289,2023-02-16 06:00:00,0.2341857617962456,0.04013052344447227,0.04325087097066781,0.12251324792044384,0.16876744549129663,0.0005,True,True,2000,1.640794139967247,14.272708324087526,7.466704380288036
290,2023-02-16 12:00:00,0.22045955086478125,0.03952416951412089,0.04278028134032939,0.12017947568667642,0.1710174936327631,0.001,True,True,2000,1.6418410559744552,13.427581802913041,7.319799638908911
291,2023-02-16 18:00:00,0.22539387639010292,0.039164121682936814,0.04329911454843273,0.12171309140152399,0.16390803096113069,0.002,True,True,2000,1.6649308010517967,13.53773239390571,7.31039940666804
292,2023-02-17 00:00:00,0.22302596205533867,0.03858606098738346,0.04369263276259047,0.125415359329566,0.17078708055136052,0.0005,True,True,2000,1.6457836019398429,13.551354005014007,7.620403993680708
293,2023-02-17 06:00:00,0.20694845605580497,0.038371131756982195,0.04408628686018886,0.1267203539572959,0.16752186270280356,0.003,True,True,2000,1.6489573677684402,12.55026115901781,7.6848775131638805
294,2023-02-17 12:00:00,0.20009086702384252,0.03732929072258179,0.041874027940354046,0.12104029091390665,0.1621179483297995,0.0015,True,True,2000,1.623645253749191,12.323558151745818,7.454848319508843
295,2023-02-17 18:00:00,0.22212831815178216,0.03626427365109485,0.042195283709764546,0.11706687194728636,0.1627654014190852,0.0005,True,True,2000,1.6170742998326106,13.73643240602955,7.23942443209965
296,2023-02-18 00:00:00,0.2303631281069413,0.03637144990652713,0.04240015884911807,0.11941660576274654,0.16891526104175159,0.0,True,True,2000,1.6231352731394855,14.192478711978854,7.357156716320364
297,2023-02-18 06:00:00,0.22867027828836042,0.038079315331338834,0.04243405298869379,0.11974222762620582,0.16517143208972576,0.0005,True,True,2000,1.6232132139919535,14.087507193586339,7.376863778217086
298,2023-02-18 12:00:00,0.2430086823976893,0.036048945567222435,0.04129863336240639,0.11570422247346175,0.16297351525635517,0.0005,True,True,2000,1.673154166611441,14.52398632756258,6.915335405570665
299,2023-02-18 18:00:00,0.2515457869861832,0.038610569222153286,0.04354045224189553,0.12640449791313121,0.16239565179875542,0.0005,True,True,2000,1.694534987264179,14.844531914463625,7.459538980496994
300,2023-02-19 00:00:00,0.2541374936830228,0.036235875087322726,0.04283519185265884,0.12297828089359965,0.1592147807541111,0.0,True,True,2000,1.7244774154543818,14.737072889763548,7.131336124874455
301,2023-02-19 06:00:00,0.2602717617073035,0.03554165192085907,0.04178178782812047,0.11727842672415961,0.16784406966096516,0.0,True,True,2000,1.7376974194002233,14.977967901749997,6.749070661832425
302,2023-02-19 12:00:00,0.24247073410871733,0.03780921238946206,0.043023139789610525,0.12363686540757658,0.16510216960750732,0.0,True,True,2000,1.740593837757444,13.93034542861034,7.1031427737828
303,2023-02-19 18:00:00,0.2212054958072312,0.03680261688788078,0.04227977284071738,0.12061495073971343,0.1630525329077354,0.0,True,True,2000,1.725883759395105,12.816940573376751,6.988590632661556
304,2023-02-20 00:00:00,0.22421423391885328,0.03566053501353162,0.0422468427015907,0.122235980847087,0.16983916131127824,0.0,True,True,2000,1.7119194696359936,13.09724189108779,7.140288022606467
305,2023-02-20 06:00:00,0.2158416575085531,0.03571168118691741,0.04216733831634342,0.12008782084152211,0.16321981295951496,0.001,True,True,2000,1.7108380883653818,12.616135856244512,7.019239380873259
306,2023-02-20 12:00:00,0.205895306264782,0.035246364242705754,0.04109680166862568,0.12066208354908903,0.15864183617097322,0.001,True,True,2000,1.7073300210886317,12.059490767549356,7.067297011046065
307,2023-02-20 18:00:00,0.21236342430525854,0.036525169466346374,0.042271600739927175,0.11939161544427469,0.16717520558587545,0.0005,True,True,2000,1.6788476005866035,12.64935687021603,7.111521939368306
308,2023-02-21 00:00:00,0.2280329855737928,0.03833301253280692,0.04226120544104892,0.12247115867911977,0.16393229034819876,0.001,True,True,2000,1.679776973373544,13.575194159009554,7.290917819474418
309,2023-02-21 06:00:00,0.21910649097086046,0.0376443627022547,0.04207632928911741,0.12245773379609584,0.1656804543863647,0.0,True,True,2000,1.696748025188975,12.91331934489551,7.217202081756195
310,2023-02-21 12:00:00,0.22190778855725643,0.03782912774728477,0.04273113487831844,0.12201677257123628,0.1674210864808719,0.001,True,True,2000,1.6538961655566224,13.41727450480985,7.377535247514844
311,2023-02-21 18:00:00,0.2419564673511014,0.03774268882441458,0.041761634864020555,0.11857168115394692,0.16231092464546437,0.0,True,True,2000,1.6605317078765156,14.571023618724801,7.140585186751787
312,2023-02-22 00:00:00,0.2290045193247356,0.035844098210013456,0.041037899765162165,0.119402391688005,0.16723757970195824,0.0,True,True,2000,1.662444243253475,13.775169919477353,7.182339628686095
313,2023-02-22 06:00:00,0.22391096678115674,0.033706434313290026,0.039497187311429344,0.11186018369659674,0.14602852316031692,0.0,True,True,2000,1.7389998038957784,12.875847730375947,6.432443721155287
314,2023-02-22 12:00:00,0.2180531048110951,0.03278635364846558,0.039303698725584806,0.11217527601975189,0.14892991952615808,0.0005,True,True,2000,1.7259640640730713,12.633699006253671,6.499282247802511
315,2023-02-22 18:00:00,0.2215450913072042,0.03544458838868913,0.04206539943694856,0.12054900558366888,0.16216996296157565,0.0005,True,True,2000,1.7122730453200499,12.938654375990252,7.040291027949717
316,2023-02-23 00:00:00,0.22538962835482856,0.03363405966164347,0.040325591206104565,0.11522209479619074,0.16021838114408554,0.0,True,True,2000,1.709541265330722,13.184216896409662,6.739942295215686
317,2023-02-23 06:00:00,0.21823214149280584,0.03549487955969694,0.04067874067309065,0.11365105041679888,0.1582944770933396,0.0,True,True,2000,1.7175210709715298,12.706227899105835,6.61715610583521
318,2023-02-23 12:00:00,0.2187234947634303,0.03466832613174713,0.042321436729088203,0.12282351576724869,0.16322444905107406,0.001,True,True,2000,1.6961859514032986,12.895018649486792,7.241158651599114
319,2023-02-23 18:00:00,0.21902963532705108,0.03496864454088511,0.0412372014429492,0.11729643112809733,0.15391542728075247,0.0,True,True,2000,1.6859458946480594,12.991498482979102,6.957306963435082
320,2023-02-24 00:00:00,0.1944085572007879,0.035806858063818,0.04130798030250405,0.11883986643403001,0.1554668514713224,0.001,True,True,2000,1.648496918591156,11.793079805507553,7.208983231560623
321,2023-02-24 06:00:00,0.19164201353893315,0.03469541554884819,0.040828024818160086,0.1140435240687481,0.15730474363177302,0.0025,True,True,2000,1.6546215182376103,11.582226595424501,6.8924236033276935
322,2023-02-24 12:00:00,0.2030210212886072,0.03540408033386963,0.041689960050658385,0.11590508190353799,0.16538132397690158,0.0015,True,True,2000,1.6312008937382716,12.446107776666176,7.105506277520169
323,2023-02-24 18:00:00,0.20705386025649392,0.03249926389830516,0.039912313888174296,0.1133073252017297,0.16094107468371477,0.0015,True,True,2000,1.650518768040325,12.544774665139416,6.864952243848791
324,2023-02-25 00:00:00,0.19771028113929331,0.03434578672348045,0.04110453050071092,0.11530881935340814,0.1657321309080135,0.001,True,True,2000,1.6442465388890046,12.024369610221804,7.012866782819612
325,2023-02-25 06:00:00,0.19240743622587295,0.0334974134758739,0.040182841301757165,0.11606346400697848,0.15414318493220952,0.002,True,True,2000,1.5816447531659268,12.16502225551833,7.338149971708756
326,2023-02-25 12:00:00,0.1992107055080811,0.03365118098927216,0.04037378866326129,0.1123424433254549,0.15992016109307386,0.003,True,True,2000,1.5704621813947726,12.684845765031817,7.15346378004979
327,2023-02-25 18:00:00,0.2124615027433457,0.03553619063298522,0.04086734536100166,0.116350304661703,0.16168477453654348,0.0005,True,True,2000,1.5969572725767884,13.304144474731377,7.285749384763729
328,2023-02-26 00:00:00,0.2171501156404721,0.0341852389837585,0.0411620553911547,0.11737483420081062,0.16333435722383308,0.0005,True,True,2000,1.5955207747724838,13.609983591184328,7.356521836423465
329,2023-02-26 06:00:00,0.21577275806474266,0.03744256518074028,0.04227798373496202,0.120872097711579,0.15938819736104015,0.0005,True,True,2000,1.5901351048742005,13.5694606957195,7.601372823043329
330,2023-02-26 12:00:00,0.21709100846528984,0.03594211636737969,0.041270812465203977,0.11744344580024992,0.15698606604881135,0.0005,True,True,2000,1.557697993688841,13.936655843742132,7.539551715164492
331,2023-02-26 18:00:00,0.22912911659203508,0.037353501181602154,0.04340537550726278,0.12005964088756987,0.1717417066563348,0.001,True,True,2000,1.5585442412050585,14.701482995110462,7.703319399822771
332,2023-02-27 00:00:00,0.2516435811551149,0.0400483788844402,0.042771482256758,0.12326484144844718,0.15914966329292524,0.0,True,True,2000,1.5541634624457994,16.19157747789936,7.931266203779126
333,2023-02-27 06:00:00,0.24328977963293053,0.03983998138865833,0.044037612503902895,0.12595240986346237,0.16360165233358123,0.0005,True,True,2000,1.5426151442633735,15.771255749541197,8.164862787186426
334,2023-02-27 12:00:00,0.24976633729563352,0.0399653495490797,0.044065373773604755,0.1265075296184327,0.16865168410772147,0.0005,True,True,2000,1.5421568446834872,16.195910173254504,8.203285551308314
335,2023-02-27 18:00:00,0.24928458968696315,0.04020312505900179,0.044212690733080214,0.1293603583947608,0.1688213150455051,0.0,True,True,2000,1.5409413385703157,16.17742242662198,8.394891820786718
336,2023-02-28 00:00:00,0.2416419422149893,0.03895290096974193,0.04324209629748163,0.1226204513334765,0.16518250005543705,0.0005,True,True,2000,1.54849699325349,15.604934544127486,7.918675455471385
337,2023-02-28 06:00:00,0.22517537990157543,0.03668917093195644,0.04193072524775786,0.11887413713027616,0.1667733471862832,0.0,True,True,2000,1.5241430609920792,14.773900538903916,7.799408085281696
338,2023-02-28 12:00:00,0.2036434654318907,0.033694424560552064,0.03902988016110225,0.11066785039761043,0.14443206366535505,0.001,True,True,2000,1.530740677099924,13.303590116760008,7.2296929227279065
339,2023-02-28 18:00:00,0.22020217483182813,0.03832465049093678,0.042081355983416474,0.12263617744440464,0.16416210882371043,0.001,True,True,2000,1.5447296396854808,14.255062450712282,7.939005913641582
340,2023-03-01 00:00:00,0.23949538421874683,0.03928447665494023,0.04228126726738796,0.12109403845597447,0.1608253134774047,0.0005,True,True,2000,1.554827856511057,15.403337624536809,7.788260156831924
341,2023-03-01 06:00:00,0.224784003300568,0.039388852722673035,0.0440204281683515,0.12474986380891591,0.17286969297328,0.001,True,True,2000,1.5201416227030677,14.787043519067927,8.206463262751114
342,2023-03-01 12:00:00,0.21207368669610777,0.04043386044702856,0.04343482467717675,0.12172341930489418,0.17097894069665331,0.0015,True,True,2000,1.5382227163276143,13.78692984085016,7.913250663434439
343,2023-03-01 18:00:00,0.23041329850418366,0.04520541610993293,0.04698778950654831,0.13516882802285687,0.1743050202538766,0.001,True,True,2000,1.5528392519329366,14.838193857952184,8.704624632240716
344,2023-03-02 00:00:00,0.23402312575845466,0.0412145097866567,0.04374482282993219,0.12413949862196466,0.17021044298868776,0.0,True,True,2000,1.5513699925523778,15.084933116015101,8.001927278335792
345,2023-03-02 06:00:00,0.23913830971535782,0.042475044407703125,0.044439788968774555,0.12750603663969332,0.16844476565733343,0.0005,True,True,2000,1.5727385689887488,15.205216838366262,8.107262017595087
346,2023-03-02 12:00:00,0.2541434536981048,0.03957087709239873,0.0422727317292426,0.12379747480157523,0.1608476995471902,0.0,True,True,2000,1.5958232179405094,15.925539297898537,7.757593285385465
347,2023-03-02 18:00:00,0.2487907856900319,0.03785348903083983,0.042043779661780856,0.12112134474951353,0.16168065853671035,0.0,True,True,2000,1.5927554726187914,15.62014948101059,7.604515999581977
348,2023-03-03 00:00:00,0.2546936158424622,0.039162967182796486,0.042630953999589744,0.12263402251183746,0.16604202108124227,0.0,True,True,2000,1.5689281114063125,16.233606498016467,7.816420753779098
349,2023-03-03 06:00:00,0.23977789152573728,0.03834266229894092,0.041882073052601186,0.12152496983326241,0.16040413135766787,0.0005,True,True,2000,1.612728314628903,14.86784161664027,7.535365301825554
350,2023-03-03 12:00:00,0.23488632095120762,0.03500210427765405,0.03974125943244815,0.11638741764984861,0.15211984688662036,0.0,True,True,2000,1.5659639838044952,14.999471468082776,7.432317655677269
351,2023-03-03 18:00:00,0.23620665548485253,0.038332477955266966,0.04098295735977368,0.11795902174208958,0.16029351015432028,0.0,True,True,2000,1.5126337224650546,15.615588359349793,7.7982541305411575
352,2023-03-04 00:00:00,0.23378337607851726,0.03807356734049864,0.04237409875527888,0.12216246933114021,0.1584708020819885,0.0005,True,True,2000,1.447406074024343,16.151885795843732,8.440096495621424
353,2023-03-04 06:00:00,0.2306091435907397,0.035253827557346226,0.04093290236897297,0.11717000470158673,0.16124838492665086,0.001,True,True,2000,1.4198519852997702,16.241773507261158,8.25226896287002
354,2023-03-04 12:00:00,0.2201866187598961,0.03539609501444921,0.04085072556946668,0.11750852034901993,0.15173237106165638,0.0,True,True,2000,1.3634212207914163,16.149566649115656,8.618651269107467
355,2023-03-04 18:00:00,0.20811086348522834,0.03543699724992542,0.04066156404276958,0.11735702795337753,0.14769336292101393,0.001,True,True,2000,1.3414750937036073,15.513583849750509,8.748356827809062
356,2023-03-05 00:00:00,0.20995874347022453,0.03403421698702941,0.04162261837688386,0.11857199486348217,0.16721033252331657,0.001,True,True,2000,1.3582322555903426,15.458235703507716,8.729876232540656
357,2023-03-05 06:00:00,0.21364830252251513,0.03330288599840145,0.04192750382685431,0.11928921536643135,0.17079979740755924,0.0015,True,True,2000,1.3201050559367786,16.184189399297853,9.036342587278465
358,2023-03-05 12:00:00,0.1968186843697651,0.037029631428937254,0.04220492610455295,0.12117338780035171,0.16143029275061624,0.0015,True,True,2000,1.3028226869088453,15.107096794326544,9.300834949985013
359,2023-03-05 18:00:00,0.18510597775730184,0.03568956289557913,0.04159787162058951,0.12030326331646399,0.15887133908646137,0.0035,True,True,2000,1.2824797032912865,14.433443062081675,9.38051986380168
360,2023-03-06 00:00:00,0.19736830396198188,0.03354069425399886,0.03983746740771201,0.11366644224946858,0.15648961826843075,0.001,True,True,2000,1.251299777892522,15.77306313395146,9.083869769473559
361,2023-03-06 06:00:00,0.18646733833042725,0.03416392578792016,0.040373139405071534,0.11350177426361974,0.15641848391675545,0.0025,True,True,2000,1.2649438665283605,14.741155182022977,8.972870438521943
362,2023-03-06 12:00:00,0.16707211229754998,0.03591368353666668,0.03941954652330834,0.11292906588742307,0.14829547405307114,0.003,True,True,2000,1.2558029368523835,13.304007133181987,8.992578578488992
363,2023-03-06 18:00:00,0.19924391079614845,0.033795596128860496,0.03997836820878663,0.115581456541729,0.1536485703663815,0.0005,True,True,2000,1.2793815874659649,15.573454608705545,9.034166012241737
364,2023-03-07 00:00:00,0.2104302388284682,0.03379404670315051,0.04006939231341905,0.1117005007067418,0.15670180406313566,0.001,True,True,2000,1.2782512043966547,16.4623540431392,8.738540618818769
365,2023-03-07 06:00:00,0.178382365441229,0.032240414377262494,0.0388146074847426,0.1105515318637237,0.15554033663600306,0.003,True,True,2000,1.278116305855841,13.956661426190179,8.649567442119217
366,2023-03-07 12:00:00,0.21174554389421377,0.03309396557373904,0.03952522200550577,0.11060414881074371,0.15067843358323146,0.0005,True,True,2000,1.2890951975725373,16.42590433142149,8.579983000403663
367,2023-03-07 18:00:00,0.21304063315856747,0.03504620191799936,0.041674712927963944,0.116536390845496,0.16206875417164732,0.0015,True,True,2000,1.3608212988324422,15.655298262993982,8.56368069381938
368,2023-03-08 00:00:00,0.20958909306478676,0.036750541302425555,0.04095594085229962,0.11788735001430362,0.15376031413334082,0.0,True,True,2000,1.3687847172130168,15.312056777747433,8.612555979901215
369,2023-03-08 06:00:00,0.20055667179192385,0.03412516395144657,0.04149105851671827,0.11495864568360553,0.16536079269294485,0.0025,True,True,2000,1.4268740174779702,14.055667797947011,8.056678044134364
370,2023-03-08 12:00:00,0.19945867800801625,0.035761958409228474,0.0414679033284005,0.11835352952318036,0.14836411638864982,0.0015,True,True,2000,1.4786552950770147,13.48919377437644,8.004132532931957
371,2023-03-08 18:00:00,0.20186388062928354,0.03567589345934406,0.04072134668852464,0.11618659733291808,0.15190622301255588,0.0,True,True,2000,1.4428751355729652,13.990391521240225,8.05243603333565
372,2023-03-09 00:00:00,0.17253166769441494,0.035140100953509786,0.04074465151025843,0.11609076075863786,0.15319350550415262,0.005,True,True,2000,1.4398622411945503,11.98251212916576,8.062629704236546
373,2023-03-09 06:00:00,0.1615376884799846,0.038050873707982005,0.04245127131766184,0.12111826355387846,0.1680849420597103,0.0115,True,False,2000,1.463390007822445,11.038594470134182,8.276553953932279
374,2023-03-09 12:00:00,0.16574071056487158,0.03766236605307456,0.041953995668597005,0.12018837842278171,0.16535677144509994,0.01,True,True,2000,1.4924494880298942,11.105281076122541,8.053095222769395
375,2023-03-09 18:00:00,0.17936684473752662,0.0389057444477216,0.042732526527575775,0.12478288780883745,0.16021889171261028,0.003,True,True,2000,1.4884164021892399,12.05085112430262,8.383600693011735
376,2023-03-10 00:00:00,0.20186706148850359,0.03774972902198934,0.04185375338233406,0.11781402491344528,0.16575109560340262,0.001,True,True,2000,1.5120782915951445,13.350304849330714,7.791529418040856
377,2023-03-10 06:00:00,0.22523265471546552,0.03859706096255157,0.04288854276156333,0.12530023629741296,0.16663764194550093,0.0005,True,True,2000,1.4993237072867829,15.022283288180155,8.357116991377378
378,2023-03-10 12:00:00,0.19783113071135258,0.038933346408391745,0.04258068969470505,0.11840030443202011,0.17093535846329533,0.003,True,True,2000,1.475627512644854,13.40657645754844,8.023725731421495
379,2023-03-10 18:00:00,0.17461152113267364,0.037676232102928184,0.041550969151600135,0.11715351080475316,0.16074075180136785,0.005,True,True,2000,1.503816987733343,11.61122148220045,7.790410120405346
380,2023-03-11 00:00:00,0.18931711691266465,0.037305930922483306,0.04173543503344704,0.11848220501872675,0.1533075327701772,0.003,True,True,2000,1.527311520068628,12.395448762421296,7.757566381310532
381,2023-03-11 06:00:00,0.196834509619386,0.036330236917630127,0.0407315587955989,0.11634530794795833,0.16591113742251637,0.0015,True,True,2000,1.4928074593943463,13.185525593450922,7.79372498548214
382,2023-03-11 12:00:00,0.2009339623841738,0.035865654525928534,0.04160232646876278,0.11871256529186568,0.16206417606164011,0.002,True,True,2000,1.511197470124181,13.296340574714055,7.855529647102347
383,2023-03-11 18:00:00,0.21640112399834383,0.035516975776540366,0.040667749054489624,0.11648325303261936,0.15090395913803203,0.0,True,True,2000,1.5549500686808855,13.916917871319425,7.491124980716318
384,2023-03-12 00:00:00,0.22222600037955414,0.03580705099566388,0.041611272359528086,0.11666771930684455,0.15328749953214688,0.0015,True,True,2000,1.5309310879284495,14.515741572682744,7.620703520020047
385,2023-03-12 06:00:00,0.22297377533899476,0.036427115743303956,0.041703644280517094,0.1186640212491616,0.16078357454402772,0.0005,True,True,2000,1.5454460878230067,14.427793832205877,7.67830221863758
386,2023-03-12 12:00:00,0.21743729001276454,0.036713912865113545,0.040874987115511505,0.11736668044004667,0.15190706192112916,0.0,True,True,2000,1.5549050601523429,13.983959251599643,7.548157340779866
387,2023-03-12 18:00:00,0.22541469950376986,0.03724335690101633,0.04204656600377786,0.12347324870433593,0.1539714233905287,0.001,True,True,2000,1.5615471190195485,14.435344073722309,7.907110019316057
388,2023-03-13 00:00:00,0.21364263275571488,0.035626891501601324,0.04206281450757141,0.12101321467871198,0.1614246984352812,0.0,True,True,2000,1.5860139978230523,13.47041281154887,7.630021856352691
389,2023-03-13 06:00:00,0.2062790592754693,0.035904451079623076,0.04185894072586068,0.11669790214260553,0.1650344280491136,0.002,True,True,2000,1.6106810094373591,12.80694675524401,7.2452522540990465
390,2023-03-13 12:00:00,0.1978245449927113,0.03762894552841141,0.043401021825016005,0.12475862307281577,0.17334089609135253,0.004,True,True,2000,1.6204544423427834,12.207967087720471,7.6989898520346625
391,2023-03-13 18:00:00,0.19143269284276648,0.03596601263915531,0.04258706794236121,0.12288748572759986,0.16868280722866338,0.005,True,True,2000,1.5967317012413553,11.989033141506491,7.6961887605828085
392,2023-03-14 00:00:00,0.18621820982352721,0.03736861828050639,0.0421385325312957,0.1199901265122535,0.16108127984993634,0.005,True,True,2000,1.6058518193395726,11.596226225911172,7.4720547106021895
393,2023-03-14 06:00:00,0.1991572106106899,0.03525923889334179,0.040634372222911386,0.11420022328330873,0.15270621205447843,0.001,True,True,2000,1.612662517473628,12.349590100394128,7.081470676345416
394,2023-03-14 12:00:00,0.18138950058954334,0.03690601546149376,0.04226842890262941,0.11927505325467921,0.16485487517599295,0.005,True,True,2000,1.5936261532800398,11.382186481829699,7.484506514227594
395,2023-03-14 18:00:00,0.15211567623198033,0.03578586792294941,0.04202352164460058,0.12044548690703034,0.16186525329129742,0.0175,True,False,2000,1.5611145967069697,9.744042913496203,7.715352041490049
396,2023-03-15 00:00:00,0.14908112091247344,0.036692375307220616,0.041970823560753746,0.1205723125075225,0.17009784948372586,0.0205,True,False,2000,1.6263908750568095,9.166377111361133,7.4134892390681255
397,2023-03-15 06:00:00,0.10669400677900984,0.03818722690541403,0.04332166135184027,0.12301405929179485,0.1636130492455341,0.091,False,False,2000,1.6267670555519842,6.55865302993901,7.561873033509061
398,2023-03-15 12:00:00,0.11803519116005602,0.03907448728150258,0.043681985011709806,0.12074573891471976,0.17554254020107588,0.0595,False,False,2000,1.6565490870281885,7.125366346481678,7.288992512219175
399,2023-03-15 18:00:00,0.13262056935273153,0.03779806966509528,0.04323534733527388,0.1240891816998272,0.17137424065039422,0.035,True,False,2000,1.6434226128151437,8.069778784749449,7.550655609348432
400,2023-03-16 00:00:00,0.1532273850541321,0.03588946892491042,0.041058320087890655,0.11980055218300727,0.1560991173282065,0.012,True,False,2000,1.6598546201768265,9.231373831872611,7.217532832498592
401,2023-03-16 06:00:00,0.1431993337208725,0.03601392779683569,0.04264499535971487,0.12362988387815609,0.17113695377798735,0.025,True,False,2000,1.6648248866839228,8.601465227138917,7.4259992667702095
402,2023-03-16 12:00:00,0.14320410921550175,0.0357739881884894,0.041189328252640385,0.12125348480927599,0.15907577302627188,0.021,True,False,2000,1.6590865700603599,8.631503129477553,7.308448335210417
403,2023-03-16 18:00:00,0.14257506093450437,0.03611875487438458,0.04113616024656969,0.11553512254332421,0.1599886619768192,0.0195,True,False,2000,1.6583817098631821,8.5972403148529,6.966738830763875
404,2023-03-17 00:00:00,0.15359947237367994,0.03545702049442191,0.041055473766284226,0.12087189572772639,0.15436465031578017,0.0105,True,False,2000,1.6518393112482483,9.298693361257346,7.317412468915448
405,2023-03-17 06:00:00,0.1565427513599656,0.03539977108975403,0.041063804763408734,0.11697400419566974,0.16800200616795147,0.0135,True,False,2000,1.6108013929258207,9.718314874040749,7.261851442976528
406,2023-03-17 12:00:00,0.16718797711846536,0.03555579643847659,0.040505960293855454,0.11661237693589138,0.1643765567272181,0.008,True,True,2000,1.6288478860822786,10.264186026639207,7.159193803932708
407,2023-03-17 18:00:00,0.16919395958523828,0.03652914555803903,0.0419004202082405,0.12288967186766528,0.15950515163951545,0.006,True,True,2000,1.6148998269630428,10.477056022937472,7.6097396145474745
408,2023-03-18 00:00:00,0.17901197939300403,0.03497816346182652,0.04208492771192035,0.12005154528023772,0.16609249301208556,0.006,True,True,2000,1.5942918408903668,11.22830681320121,7.5300859103181725
409,2023-03-18 06:00:00,0.1781917829328264,0.036671553332274724,0.04159151002459742,0.11977920037281602,0.15626008596414956,0.0055,True,True,2000,1.568552712008692,11.360267434342937,7.636287863059859
410,2023-03-18 12:00:00,0.1845739836130207,0.04003754196392607,0.04351158926215363,0.125798261574809,0.16870161655111793,0.0035,True,True,2000,1.5812627960762673,11.672568536426777,7.955556905971847
411,2023-03-18 18:00:00,0.18886617562488725,0.041135000470601105,0.04397903710122209,0.12580785496686514,0.17095753103477004,0.003,True,True,2000,1.5512023110832132,12.175470232055092,8.110344735047024
412,2023-03-19 00:00:00,0.17194833657535075,0.03623732811160821,0.041299937946792625,0.11626001175597056,0.1642419175607597,0.0055,True,True,2000,1.553578349526309,11.067889600017814,7.483369718136109
413,2023-03-19 06:00:00,0.1767878707546961,0.03612885612173735,0.04115501751931115,0.11709790601213323,0.15876626121784318,0.007,True,True,2000,1.4923345114821034,11.846396997086146,7.846625881206629
414,2023-03-19 12:00:00,0.16036624711528064,0.03578046363832052,0.041083330519567765,0.11840929608319897,0.1667160719265193,0.012,True,False,2000,1.5134257527844743,10.596241462141833,7.82392501682648
415,2023-03-19 18:00:00,0.14924000924915354,0.03680227858487996,0.04152510359374579,0.11677901927762815,0.16207217260550397,0.0165,True,False,2000,1.489915594306233,10.01667542909677,7.837962078113918
416,2023-03-20 00:00:00,0.1371679321528299,0.039930269884009835,0.04358168907029822,0.12710525187344146,0.16714812591163214,0.037,True,False,2000,1.4532495955652165,9.438704305951022,8.746278152171518
417,2023-03-20 06:00:00,0.14085466420318782,0.03835150174070072,0.04128730975750143,0.11882247084714605,0.16418586205024824,0.02,True,False,2000,1.4038143752995385,10.033710060358443,8.464258019995865
418,2023-03-20 12:00:00,0.16236911667537787,0.03955274332100666,0.04301165985173768,0.12182420736269968,0.1614473684756395,0.01,True,True,2000,1.4248977421423055,11.39514169144932,8.549680707581121
419,2023-03-20 18:00:00,0.16358727934571637,0.036178706557345196,0.04190642026624359,0.11861422587288116,0.16538132592100405,0.011,True,False,2000,1.452069030634042,11.265805956503765,8.168635469147674
420,2023-03-21 00:00:00,0.16913967474969288,0.0369051582834209,0.04120716753532844,0.11654091760767886,0.15874885891427387,0.005,True,True,2000,1.4439487638823874,11.713689500652508,8.07098704072656
421,2023-03-21 06:00:00,0.16029194640809646,0.035541948564366786,0.04153755387361112,0.11748759485397443,0.16083428049588666,0.011,True,False,2000,1.472565271521336,10.885218435342816,7.978430370872165
422,2023-03-21 12:00:00,0.16605994307893904,0.03586955044358389,0.041065847929911976,0.11619386594742927,0.16478929724113844,0.01,True,True,2000,1.5209845779238609,10.917924184715295,7.6393848848903865
423,2023-03-21 18:00:00,0.16452653990056154,0.03722786599882606,0.04219713471461756,0.1205025719795497,0.16515660426108855,0.0105,True,False,2000,1.5801929134858665,10.411800894462946,7.625813971898153
424,2023-03-22 00:00:00,0.1515228295423844,0.037753103999182844,0.04239404771154428,0.12044203666568896,0.1630128315982501,0.0155,True,False,2000,1.635615473177013,9.263964056788181,7.3637134547121175
425,2023-03-22 06:00:00,0.15166743892702023,0.038387287479872315,0.04228722995878241,0.12491065004351624,0.15569594717435506,0.014,True,False,2000,1.6568862742025983,9.153762771075673,7.538878919353194
426,2023-03-22 12:00:00,0.15393375481765054,0.0389207654846539,0.04219007571599895,0.122599948374026,0.15519842365232034,0.011,True,False,2000,1.726985892309247,8.913434412125817,7.099070636303284
427,2023-03-22 18:00:00,0.158069418166812,0.03694630135079914,0.04213374279303813,0.12039151831761781,0.16268889830669034,0.0115,True,False,2000,1.751070548390135,9.02701597671977,6.875309417333357
428,2023-03-23 00:00:00,0.15370146642451954,0.03763638947052705,0.041728485314866504,0.12002459708962529,0.1622544531145385,0.014,True,False,2000,1.7845769423726976,8.612767697209211,6.725661093101746
429,2023-03-23 06:00:00,0.14543133403635283,0.03978585670761667,0.04329192992675458,0.12281153637067611,0.16954319134663615,0.0205,True,False,2000,1.807089041690965,8.047823360174158,6.796097676280327
430,2023-03-23 12:00:00,0.14960611138773458,0.037895673534515034,0.0421731488829462,0.12121840657963046,0.15799248917626968,0.015,True,False,2000,1.8355769905497743,8.150358833105988,6.6038312314714895
431,2023-03-23 18:00:00,0.14931627649194193,0.03776801246553478,0.04308440856535568,0.12211418444764492,0.16801168622720603,0.0185,True,False,2000,1.8659223436810644,8.002277104275034,6.544440869213231
432,2023-03-24 00:00:00,0.15861858484429853,0.03757370953149855,0.04211588611519205,0.12142565607298826,0.16208784410777657,0.0125,True,False,2000,1.9148494860007836,8.283605891948085,6.34126373695246
433,2023-03-24 06:00:00,0.15178441029424003,0.03865123980358563,0.04380421442662326,0.12524287806966208,0.1665904669974776,0.0195,True,False,2000,1.8682734243763557,8.12431458446222,6.703669625417335
434,2023-03-24 12:00:00,0.14394993797336467,0.03863221187790994,0.04339697854764732,0.12669207760909168,0.16209058260654025,0.024,True,False,2000,1.8624638203548434,7.729005868470444,6.8023913390679365
435,2023-03-24 18:00:00,0.14477362553177286,0.03729008986461189,0.04392103335606767,0.12732925537815948,0.17124460330974192,0.026,True,False,2000,1.8675600456645491,7.752019854347274,6.817947068087488
436,2023-03-25 00:00:00,0.15812969346553102,0.037120426508227236,0.04263188246398314,0.11910898141112854,0.16444441305668228,0.0145,True,False,2000,1.8201033218762712,8.687951478629326,6.54407801906234
437,2023-03-25 06:00:00,0.14901618039218006,0.041046976849717656,0.045340316568409804,0.12683565768611146,0.17859198619962394,0.0265,True,False,2000,1.7909751532866425,8.32039350845926,7.081932848334252
438,2023-03-25 12:00:00,0.14459973666078407,0.039046491627242476,0.0432338412834053,0.12409370194994146,0.16216129045427255,0.0215,True,False,2000,1.764484172521392,8.195014662792675,7.032860021216029
439,2023-03-25 18:00:00,0.14955620004873932,0.039709978297176096,0.04518176596061703,0.1301092208083813,0.17132280545443518,0.026,True,False,2000,1.7270814499836877,8.659475790800247,7.533473352377803
440,2023-03-26 00:00:00,0.1412925478009516,0.037589796697242446,0.04312731540153812,0.12312587135915616,0.15880728828332752,0.0245,True,False,2000,1.7314506555083249,8.160356597599398,7.111139492624378
441,2023-03-26 06:00:00,0.1434971181969319,0.03814532555866964,0.04350863211770767,0.12388124945688019,0.16371974288653418,0.0275,True,False,2000,1.7672581376956562,8.119759934111215,7.009799350445207
442,2023-03-26 12:00:00,0.1672011813537944,0.04116402459165177,0.044882297340604116,0.12781476404902778,0.17987632416558746,0.0145,True,False,2000,1.7008888621058835,9.830223777630087,7.514586455153768
443,2023-03-26 18:00:00,0.15525858851814048,0.04325005606155345,0.04577173498402373,0.1344636140132976,0.16912196092825693,0.0185,True,False,2000,1.7092321796851462,9.083528286177032,7.866901618834888
444,2023-03-27 00:00:00,0.15083804945067228,0.0411357715648692,0.04553702533486564,0.12933435123878811,0.1786734630633407,0.0205,True,False,2000,1.6894584203428848,8.928189509396677,7.655373442842056
445,2023-03-27 06:00:00,0.14184120502224729,0.040069641090901845,0.04432931582909691,0.12772932077794308,0.1776224883494518,0.033,True,False,2000,1.704268415664288,8.322703379265558,7.4946715906928825
446,2023-03-27 12:00:00,0.17050275367015563,0.04131042901442817,0.043383102772180895,0.12293579857435519,0.16876374318476678,0.01,True,True,2000,1.7385893542336415,9.806959490173119,7.071008359449231
447,2023-03-27 18:00:00,0.15918342090777834,0.03940884892695703,0.04396109536530212,0.12499288881154537,0.17014057329888926,0.0125,True,False,2000,1.7312577090738304,9.194669290046747,7.219773703038858
448,2023-03-28 00:00:00,0.17376538145757275,0.03924614129843648,0.04375507436298881,0.12406484260962002,0.16782882757965642,0.008,True,True,2000,1.7067900245916026,10.180829449079479,7.268898975391306
449,2023-03-28 06:00:00,0.1701260896920338,0.04195960277841324,0.04698523827078764,0.1355765797265435,0.18237843117050673,0.015,True,False,2000,1.709876255343122,9.949614140813628,7.929028741283811
450,2023-03-28 12:00:00,0.15502292693311928,0.039286785734944187,0.04310521372929557,0.12411969930777841,0.16249675995221924,0.017,True,False,2000,1.7295067728526288,8.963418320555416,7.176595157419176
451,2023-03-28 18:00:00,0.15058417030364832,0.0401239202577808,0.043321298765310164,0.12257267477381528,0.16870937476411071,0.0215,True,False,2000,1.707501534360049,8.818977158933297,7.178481091072872
452,2023-03-29 00:00:00,0.15176716450099556,0.04098005972093075,0.04571218763459018,0.12935161622452485,0.1782919116609612,0.0225,True,False,2000,1.6887658026186327,8.986868650801814,7.659535503617479
453,2023-03-29 06:00:00,0.1424382942324137,0.04067014442030075,0.04435347619339466,0.12550220759448688,0.17499738808965049,0.027,True,False,2000,1.7327229909237596,8.220488501539196,7.243062408237476
454,2023-03-29 12:00:00,0.13779806649832474,0.04330910932318535,0.04678258538404204,0.13308713787580165,0.18487152560100945,0.043,True,False,2000,1.7773459805130896,7.753024341301562,7.487970228361597
455,2023-03-29 18:00:00,0.1529983421804017,0.04043899536780956,0.04578739926640645,0.13226296575002341,0.1750524108975834,0.0255,True,False,2000,1.8366367029740076,8.330354170351509,7.201367888154156
456,2023-03-30 00:00:00,0.1480935087027626,0.04049340696229456,0.0450767752097629,0.13062031131345178,0.169297446695781,0.028,True,False,2000,1.8057416269612618,8.20125684049148,7.233610244299582
457,2023-03-30 06:00:00,0.13708587301516023,0.04174500557075644,0.04596006137407907,0.1319032842370616,0.1820097143783802,0.0445,True,False,2000,1.7738828937529867,7.728011443028744,7.435850737474283
458,2023-03-30 12:00:00,0.17209915444144475,0.043439425189076813,0.046839295691160285,0.13391339203504637,0.18389924648495246,0.015,True,False,2000,1.8083612839447802,9.51685683438354,7.405234408852536
459,2023-03-30 18:00:00,0.1724315513852916,0.041901314215655745,0.0459129333572811,0.1308654878606932,0.17554625774324614,0.011,True,False,2000,1.8490180881370881,9.325574070452648,7.077566666345706
460,2023-03-31 00:00:00,0.19003650084147652,0.040032311400109724,0.0445508012294602,0.12684715948227446,0.16833468832954154,0.0055,True,True,2000,1.9005671955297911,9.998936174866632,6.674173887701733
461,2023-03-31 06:00:00,0.1806874355311878,0.04174574705611769,0.04571591761156692,0.13482490747151313,0.17239683986460355,0.007,True,True,2000,1.8868943606630626,9.575916876856502,7.145334168264464
462,2023-03-31 12:00:00,0.18818827330544172,0.03911245086988916,0.04350480568480947,0.125392078651475,0.16286656096771485,0.0035,True,True,2000,1.892923184198893,9.941675123234607,6.624256055300119
463,2023-03-31 18:00:00,0.18473482375670017,0.040222756024958624,0.04618324562885431,0.1325610692167504,0.17518003295261977,0.0075,True,True,2000,1.8405842665977656,10.036749042638178,7.202119002233099
464,2023-04-01 00:00:00,0.19703081488375443,0.040587645906177895,0.04401933938213991,0.12749042384110976,0.1682004101433302,0.001,True,True,2000,1.8243440817017458,10.800090666008813,6.988288290561222
465,2023-04-01 06:00:00,0.19403564808929355,0.039481135446231705,0.0447988030254891,0.12774134347701782,0.1731546540239136,0.0035,True,True,2000,1.7845559630331194,10.873049212729704,7.1581584507948035
466,2023-04-01 12:00:00,0.20177741055254853,0.04036123201042015,0.045371377776807865,0.13095107966124078,0.17984669948449047,0.0025,True,True,2000,1.7590096540125006,11.471080337294987,7.4445912995716945
467,2023-04-01 18:00:00,0.18962701211159286,0.039470992622697605,0.044275402581684865,0.127613307555593,0.16652182668694493,0.004,True,True,2000,1.7332008346091512,10.940856265763053,7.362869034411161
468,2023-04-02 00:00:00,0.20756534528192158,0.04314370469471682,0.04575786211258136,0.1345311110159487,0.17456422734945434,0.0025,True,True,2000,1.7286377213116202,12.007452037112172,7.782493078646459
469,2023-04-02 06:00:00,0.20670909919997194,0.040545817854175284,0.045456834651500196,0.13097761359623183,0.17039771591610714,0.0025,True,True,2000,1.7101451586084508,12.087225353909233,7.658859421197241
470,2023-04-02 12:00:00,0.20259552509514767,0.03906925275466724,0.04477726614711336,0.12807219377445794,0.17561677052074168,0.003,True,True,2000,1.6999392799135684,11.917809505845904,7.533927551869361
471,2023-04-02 18:00:00,0.20407538016019464,0.042158112450898004,0.045832626021814545,0.13450670949125176,0.1754296757332367,0.0035,True,True,2000,1.6935592168221838,12.050088248058092,7.942250153120827
472,2023-04-03 00:00:00,0.20949093284400647,0.03982248549730735,0.044547800892786364,0.13300754204017184,0.16751174604586752,0.001,True,True,2000,1.6686369219568178,12.554614493267687,7.9710295445334705
473,2023-04-03 06:00:00,0.20742337205582195,0.03990408552445545,0.04417696509516035,0.12873353700509932,0.16575260304835154,0.0015,True,True,2000,1.6700857962561424,12.419923127351073,7.708199021492387
474,2023-04-03 12:00:00,0.2063419386270948,0.043076527006526276,0.047102005414954976,0.13501661764004716,0.17820956409008706,0.003,True,True,2000,1.6586865159196562,12.440080548474757,8.139971980491287
475,2023-04-03 18:00:00,0.19459274620657238,0.0376502336823402,0.043759194624066175,0.12480280515065191,0.169161878113945,0.002,True,True,2000,1.6217556757935174,11.998894106620535,7.695536819353907
476,2023-04-04 00:00:00,0.20386402539993803,0.03927375226937679,0.04473724212785626,0.126394772386046,0.17074111856723778,0.0055,True,True,2000,1.6109240072351911,12.655098842919804,7.846103963834754
477,2023-04-04 06:00:00,0.20146028279050718,0.03783839081117157,0.04470372040101286,0.1274241387966916,0.18213925236562037,0.0045,True,True,2000,1.6117510677964355,12.499466376401474,7.905944121439558
478,2023-04-04 12:00:00,0.19468482449809266,0.03819018177175259,0.0436522227381507,0.12380049579909705,0.1745462627080175,0.0035,True,True,2000,1.5840405966927806,12.290393624037348,7.815487561213542
479,2023-04-04 18:00:00,0.20225823136394616,0.03736457052640651,0.04399654490212922,0.12551307743584447,0.1758574758584546,0.0025,True,True,2000,1.587728007652395,12.73884635083083,7.905200187368827
480,2023-04-05 00:00:00,0.20840465297267893,0.037431130606973784,0.042753580905340934,0.11970247740401978,0.16043655946697644,0.002,True,True,2000,1.6452955930765552,12.666699762015465,7.27543900972754
481,2023-04-05 06:00:00,0.22852107532263685,0.036838617733844135,0.04326921751260824,0.12301453633246653,0.17555981967946407,0.0005,True,True,2000,1.6583175018644825,13.780296901269246,7.418032806996163
482,2023-04-05 12:00:00,0.19757909036404867,0.03676942736745686,0.04148464052241042,0.1193337868504358,0.15828050693887757,0.002,True,True,2000,1.6656148643512223,11.862231455349564,7.164548624325456
483,2023-04-05 18:00:00,0.20757201066198672,0.036987721611094655,0.04276691030288169,0.12200418699788472,0.15690361170487918,0.0,True,True,2000,1.6296188842615336,12.737457369122755,7.486669930998699
484,2023-04-06 00:00:00,0.2254243918982614,0.036154574447550894,0.04168530845830714,0.1188305725433847,0.16479556355632616,0.0005,True,True,2000,1.5794049743270544,14.272741669330832,7.523755748206091
485,2023-04-06 06:00:00,0.22527123478448402,0.03800150734228867,0.043148832729791725,0.12035949481623151,0.16223028099348744,0.002,True,True,2000,1.5552391233231473,14.484668717897037,7.738970362258771
486,2023-04-06 12:00:00,0.2259741951572601,0.036385137667361685,0.043563668650725154,0.12449074438133072,0.17196929574454647,0.0005,True,True,2000,1.5554270010563145,14.528113180740565,8.003637862579673
487,2023-04-06 18:00:00,0.2296731618999916,0.036842998675470556,0.04377793506198263,0.12451091601152649,0.16938057274081197,0.0,True,True,2000,1.5224026238420694,15.086230035545272,8.178579967058896
488,2023-04-07 00:00:00,0.23518989219974248,0.03818866446191949,0.04437383557417722,0.12756759589802982,0.17544386357210157,0.0005,True,True,2000,1.4947147571760553,15.734767524747237,8.534577937735865
489,2023-04-07 06:00:00,0.2253687322361326,0.03878662913128447,0.043893971032126486,0.12806614851130935,0.16195874071485217,0.0,True,True,2000,1.495252394443989,15.072286998071396,8.564851592090635
490,2023-04-07 12:00:00,0.22994527905725984,0.038652719027311384,0.0448066029715896,0.12659094961907116,0.17627008929856466,0.0005,True,True,2000,1.4864094653964013,15.469847603260328,8.516559707544072
491,2023-04-07 18:00:00,0.24837973200465088,0.039426013053069836,0.0450249236579641,0.12751325813092013,0.17709666266936813,0.0005,True,True,2000,1.503650745250274,16.518445708834435,8.480244400749875
492,2023-04-08 00:00:00,0.24412626281814573,0.03878851773967726,0.044101970141175395,0.12644524171731536,0.1732263896550155,0.0,True,True,2000,1.5154894801656793,16.108740180199526,8.343524872471688
493,2023-04-08 06:00:00,0.23973806464391484,0.03963575282381306,0.04584704049049275,0.13358910169817217,0.17638867312418147,0.0005,True,True,2000,1.5439253821100116,15.527827149021665,8.652562050350006
494,2023-04-08 12:00:00,0.24034149626210682,0.041375631134249004,0.047786540505963065,0.13660647005118007,0.1894794510242243,0.0005,True,True,2000,1.5608855838817552,15.397765136916908,8.75185673196202
495,2023-04-08 18:00:00,0.2423784720757881,0.041210555265626655,0.04664417908323416,0.13532101831295773,0.18531743325014033,0.0015,True,True,2000,1.6022861751086666,15.127040090659841,8.445496217539311
496,2023-04-09 00:00:00,0.23688999653642756,0.041282306678280874,0.046802678115449615,0.13412103379028545,0.18418201507405857,0.001,True,True,2000,1.6164460639810212,14.654989226984124,8.29727862740864
497,2023-04-09 06:00:00,0.20368734495949178,0.03830724123719746,0.043915016084605484,0.12274971256551563,0.16426601529843105,0.0035,True,True,2000,1.589458766558085,12.8148870071395,7.722736515608118
498,2023-04-09 12:00:00,0.2105401198165904,0.03535567513450415,0.04241343370831152,0.11694929236419642,0.16641659360906944,0.0005,True,True,2000,1.5910756838769993,13.232564732782789,7.350328683248067
499,2023-04-09 18:00:00,0.21909072078275238,0.03760708729805723,0.04332616450493799,0.12452459022128376,0.16331688223885535,0.001,True,True,2000,1.5940170754210217,13.744565485591476,7.81199851252494
500,2023-04-10 00:00:00,0.2045906270518501,0.035026853958745816,0.04265614255299364,0.12391833674893762,0.16840932740561637,0.0,True,True,2000,1.5464822343922466,13.229419808514798,8.01291692805229
501,2023-04-10 06:00:00,0.20403466770029047,0.03597368110536597,0.043285899500200176,0.12532286975705917,0.1682280540400105,0.0015,True,True,2000,1.5566547044830883,13.107252823165005,8.050781550727693
502,2023-04-10 12:00:00,0.18841089304869396,0.03162550034059593,0.04007004608547432,0.11591023759225505,0.14980239449553504,0.0015,True,True,2000,1.5323730312371047,12.295367329493354,7.564100596228792
503,2023-04-10 18:00:00,0.1892778338144229,0.034295925651117755,0.041627436078491176,0.11825741473342513,0.16262089177164793,0.002,True,True,2000,1.4994260887240975,12.623352043679894,7.886845215161861
504,2023-04-11 00:00:00,0.19386323480544684,0.033731425676386054,0.04137552899944795,0.11858003911916938,0.15681238738856054,0.002,True,True,2000,1.5003963608254627,12.920801454009823,7.9032475827874595
505,2023-04-11 06:00:00,0.17782855258696856,0.033567657537682025,0.041130648623876914,0.1169386909068068,0.16117774352600509,0.0045,True,True,2000,1.53888123441068,11.555703494887872,7.598941899605975
506,2023-04-11 12:00:00,0.18407136713214284,0.031845494599386515,0.040152672088840505,0.1143454272732736,0.1548624738003334,0.003,True,True,2000,1.5827469610967106,11.629867038543978,7.224491980325258
507,2023-04-11 18:00:00,0.19800933257957312,0.03445638863355498,0.042003091627878346,0.12193010193724878,0.16187513886688434,0.0025,True,True,2000,1.562110004653761,12.675761117313986,7.80547474723295
508,2023-04-12 00:00:00,0.17595522818867607,0.034533371183171076,0.041613616710643404,0.11943868950283211,0.1618580528853194,0.0045,True,True,2000,1.550338952448263,11.349468315352022,7.704037192267989
509,2023-04-12 06:00:00,0.1672441589875245,0.03371307487062699,0.04062979178672268,0.11600799645984333,0.1518079137588976,0.0055,True,True,2000,1.526585097094211,10.955442923284563,7.5991830839079695
510,2023-04-12 12:00:00,0.16211646915716482,0.03717722098339594,0.04321241182376693,0.12296980865685528,0.16156656109397682,0.0095,True,True,2000,1.487818337016764,10.89625427538592,8.265109092782321
511,2023-04-12 18:00:00,0.15758502977904715,0.03956507003315616,0.045523089863685924,0.1308399825433664,0.17797993639796456,0.022,True,False,2000,1.4694744129167696,10.723904301692166,8.9038625915004
512,2023-04-13 00:00:00,0.16663133276292583,0.04014900190821969,0.04546653599630586,0.13178498271934014,0.1718120039411198,0.013,True,False,2000,1.416492286530163,11.763659735211524,9.30361456765574
513,2023-04-13 06:00:00,0.16328820811025843,0.03938844144441083,0.04466689199593632,0.12793491766067747,0.17705706739234156,0.019,True,False,2000,1.4159466328137797,11.53208774442091,9.03529234053435
514,2023-04-13 12:00:00,0.16875903040095017,0.03847673745885112,0.04451752472959865,0.13067351459830384,0.17702069626514616,0.0135,True,False,2000,1.4283756446242766,11.814751325120849,9.148399798757177
515,2023-04-13 18:00:00,0.16342736842582384,0.037921043415128315,0.04450439155532444,0.12884056677761013,0.17128146434789518,0.0135,True,False,2000,1.4275953170747637,11.44773777772662,9.025006263092324
516,2023-04-14 00:00:00,0.15442829511773143,0.037329620211059254,0.04541832528453266,0.1274558853173269,0.17539145149531307,0.021,True,False,2000,1.4618698013699345,10.563751640058161,8.718689256586774
517,2023-04-14 06:00:00,0.15848415602473628,0.03639212827317783,0.042974863408692554,0.1228827124555585,0.16319439619991422,0.0125,True,False,2000,1.4596121450319732,10.857963642201995,8.418860645535853
518,2023-04-14 12:00:00,0.16994182455881354,0.0403223969350256,0.04619416467213749,0.13256811147052128,0.17908661504154186,0.0155,True,False,2000,1.4674172678542672,11.581015726175227,9.034111453817712
519,2023-04-14 18:00:00,0.16628697198897563,0.03663271532462311,0.04463988817462757,0.13065085786130437,0.1672636938716123,0.0105,True,False,2000,1.4885655740798447,11.170953761426718,8.776963550434523
520,2023-04-15 00:00:00,0.1529802352400513,0.036679753990890726,0.04401940887783836,0.12535450548571486,0.16994630403437527,0.021,True,False,2000,1.468899487403967,10.41461560521191,8.533906272052548
521,2023-04-15 06:00:00,0.16458636240217436,0.03717411782393148,0.04426025369779904,0.12509983873352967,0.17875722165632943,0.0175,True,False,2000,1.4476433811740652,11.369261555887599,8.641619915539655
522,2023-04-15 12:00:00,0.15601193808495306,0.039038091230362004,0.04442740090102661,0.12769427656471014,0.16562755470228682,0.017,True,False,2000,1.4321296532752923,10.893702098001565,8.916390794134614
523,2023-04-15 18:00:00,0.14582042201836304,0.03644158342713864,0.04312577374148991,0.12355274604540101,0.16640920566363515,0.021,True,False,2000,1.4439810654400023,10.09849959313209,8.556396548576117
524,2023-04-16 00:00:00,0.12974370413243222,0.0413139607373664,0.04659307405976244,0.13418906870454875,0.17825643383682405,0.058,False,False,2000,1.4453345147284544,8.976724959537005,9.284291445137171
525,2023-04-16 06:00:00,0.15650456515598374,0.039027840293940415,0.04542741192785136,0.1307097971594454,0.17582396646564086,0.021,True,False,2000,1.4499737578639484,10.793613629707401,9.014631916649483
526,2023-04-16 12:00:00,0.17074415072089105,0.04171334475975908,0.047239702417075896,0.13429774737051423,0.1871679940215145,0.0175,True,False,2000,1.4651530556193293,11.653673318704334,9.166124102559765
527,2023-04-16 18:00:00,0.1668441435704646,0.038129364622793815,0.04507965908083765,0.1298015362377919,0.1732437651149721,0.012,True,False,2000,1.4330208360048473,11.64282747176331,9.057895947952066
528,2023-04-17 00:00:00,0.17123792187096137,0.037906873924471396,0.04643463114454081,0.13162163922735604,0.1840356771503571,0.0135,True,False,2000,1.4540390693492213,11.776707069336291,9.052139106981866
529,2023-04-17 06:00:00,0.1636692842453736,0.03582658579228967,0.04317470615164732,0.1258027582780728,0.1739515130080989,0.0125,True,False,2000,1.475592923986662,11.091763967204619,8.525573431064375
530,2023-04-17 12:00:00,0.16351892502579002,0.039700982262800937,0.04666124685532815,0.13209143962228526,0.19028266375316924,0.021,True,False,2000,1.4734110803021896,11.097983937534464,8.965009248823751
531,2023-04-17 18:00:00,0.149539230981834,0.03729812497883667,0.045280210595409605,0.13210606860015575,0.17730132040193075,0.0255,True,False,2000,1.4848673776852994,10.070881294122358,8.89682611292132
532,2023-04-18 00:00:00,0.13992477732782432,0.03902512905254902,0.04633694766918025,0.13055596890027568,0.18324326086924697,0.037,True,False,2000,1.46008808036292,9.58331070636811,8.941650209747937
533,2023-04-18 06:00:00,0.1410287633468053,0.039063565377067455,0.04517372259834346,0.1311600247686493,0.17872104988733736,0.0325,True,False,2000,1.493037776581249,9.44575988356653,8.784776033529367
534,2023-04-18 12:00:00,0.13938367136618582,0.04025406899907418,0.0466638435357578,0.1349736441806503,0.1704550841679271,0.0415,True,False,2000,1.5138663551087348,9.207131851224375,8.915822967143999
535,2023-04-18 18:00:00,0.15730845668043347,0.04319328087277793,0.047679388176049,0.13787273160456015,0.18317503280772984,0.0235,True,False,2000,1.5249778175214495,10.31545868228479,9.040966368195773
536,2023-04-19 00:00:00,0.16237801018662595,0.04301350559363955,0.04836304687098146,0.136366558439707,0.18056928572583056,0.022,True,False,2000,1.5710497020092613,10.335638011894593,8.679964629082315
537,2023-04-19 06:00:00,0.16103050239397687,0.0466103082592001,0.05039022887002253,0.1478774969425483,0.19676132680392647,0.027,True,False,2000,1.5487707484354825,10.397310419030358,9.548055907688681
538,2023-04-19 12:00:00,0.1671500356511141,0.046483298129207096,0.05124582515956542,0.14884390715994694,0.19183628593554147,0.0305,True,False,2000,1.519890025115076,10.997508562401324,9.793070860418172
539,2023-04-19 18:00:00,0.17813553519934183,0.047476808548940964,0.049851255508972396,0.14236094323949916,0.18928966263567015,0.0165,True,False,2000,1.5053748547907064,11.833300830849081,9.456843442445551
540,2023-04-20 00:00:00,0.21032895286716116,0.05144284157409503,0.05209433923492157,0.15471892550900665,0.19660877519817796,0.004,True,True,2000,1.505824723571883,13.96769156294974,10.274696854625052
541,2023-04-20 06:00:00,0.21039477006474652,0.05048392835593904,0.05141128342606773,0.1469119650233569,0.19670552170464609,0.0055,True,True,2000,1.5011183251305853,14.01586847235669,9.78683442629859
542,2023-04-20 12:00:00,0.20380270237885376,0.04883065601093781,0.053253299821994636,0.15497503169564988,0.20259029268548256,0.0095,True,True,2000,1.488414528816429,13.692603668745122,10.412088077296875
543,2023-04-20 18:00:00,0.2172794302030094,0.04316741131863344,0.048622437595314386,0.13924548736102385,0.1836004206741923,0.002,True,True,2000,1.4728822570159157,14.751989113048397,9.453945602083467
544,2023-04-21 00:00:00,0.19887850409567187,0.046626957914091126,0.05125515820180801,0.15017792977696728,0.19576027497826062,0.0085,True,True,2000,1.4382532776265526,13.827780349221033,10.441688686765607
545,2023-04-21 06:00:00,0.2079278601977193,0.04479762394616161,0.04993141832968952,0.14371041090349237,0.18630763424173655,0.0055,True,True,2000,1.429829248742226,14.542146230441617,10.050879224208746
546,2023-04-21 12:00:00,0.2098227822386518,0.043991512210906206,0.050429648011388925,0.14527529592408575,0.19489965226641723,0.006,True,True,2000,1.3978945472365005,15.009914921941053,10.392435982476695
547,2023-04-21 18:00:00,0.20390141693087066,0.04345880012909899,0.049509469973448225,0.14284150422683634,0.18493587596192235,0.005,True,True,2000,1.3384063157229722,15.23464246511183,10.67250673796149
548,2023-04-22 00:00:00,0.21122507323299947,0.04753702018316055,0.05154858372175054,0.14988793437482253,0.19516167774551377,0.0045,True,True,2000,1.3192650140707587,16.010814429258442,11.361472697007585
549,2023-04-22 06:00:00,0.21340929220782576,0.045585250849713786,0.050699120911297225,0.14754179725483432,0.1903110047217253,0.0055,True,True,2000,1.299042497281068,16.42819943569955,11.357734451616741
550,2023-04-22 12:00:00,0.20861261057310942,0.04436150855025024,0.050026397731979685,0.1445628694903545,0.18688687718449776,0.0045,True,True,2000,1.2429293882472259,16.783947064546773,11.63081916457189
551,2023-04-22 18:00:00,0.2066173591543288,0.04550911968304739,0.052027091799612055,0.14970027978342862,0.20268296506322317,0.0085,True,True,2000,1.1768522346517758,17.556780118233426,12.720397291655235
552,2023-04-23 00:00:00,0.20377864640105783,0.045676763433575684,0.05169123440928694,0.14790677254502757,0.19073975111643637,0.0065,True,True,2000,1.1324562724139957,17.994394253004923,13.060704960355132
553,2023-04-23 06:00:00,0.18405495409001615,0.04333270259345146,0.05000781042562786,0.13959022255501824,0.2007917671326639,0.016,True,False,2000,1.1246882162051162,16.364975771778596,12.411459508842256
554,2023-04-23 12:00:00,0.17465562171660381,0.04166006697112779,0.04873103595225151,0.13922016883691396,0.19103450555600332,0.017,True,False,2000,1.1405151958413584,15.313747888098966,12.206778949070573
555,2023-04-23 18:00:00,0.18387178041566815,0.040300131837524726,0.048964180396749345,0.13961332312331193,0.1952741138718161,0.014,True,False,2000,1.1613891764979072,15.83205562239881,12.021235081965093
556,2023-04-24 00:00:00,0.18384720340072755,0.04096990108994698,0.04929945407855556,0.13878584494879354,0.20068058666550972,0.015,True,False,2000,1.1538273867887785,15.933683452634403,12.028302199954618
557,2023-04-24 06:00:00,0.22440492900995307,0.03803118695377222,0.04805534449513771,0.13777871234261085,0.19172353489113397,0.0035,True,True,2000,1.1491196365988035,19.528421746768952,11.989936291612956
558,2023-04-24 12:00:00,0.22707048328897886,0.037169980833321445,0.045092825612874726,0.12876551899732638,0.16979686189760324,0.001,True,True,2000,1.1358270052330823,19.991643290994112,11.3367192718668
559,2023-04-24 18:00:00,0.2249630728971196,0.03875773318953006,0.04659951259542376,0.130093432032082,0.17879657842985208,0.001,True,True,2000,1.129690657078698,19.913688007198232,11.515845618170786
560,2023-04-25 00:00:00,0.2492554434582585,0.03675097254383731,0.045336715158946175,0.12777118678258845,0.1720838858759135,0.001,True,True,2000,1.1546944487638489,21.58626844747521,11.065367718652594
561,2023-04-25 06:00:00,0.26178371509064924,0.03690738310601431,0.04486350903229615,0.12889135005205693,0.17428943024709487,0.0,True,True,2000,1.189096657471503,22.01534361784403,10.839434224475216
562,2023-04-25 12:00:00,0.2728200128252329,0.03479051632535738,0.043552322639905425,0.12519919039196475,0.1747169609767384,0.0,True,True,2000,1.1800397775140736,23.119560715145397,10.609743228801587
563,2023-04-25 18:00:00,0.28179816609636316,0.034733133017750675,0.04432490431230789,0.12650317344821935,0.1710133037326526,0.0,True,True,2000,1.1538466231964137,24.422497794006546,10.963603905844712
564,2023-04-26 00:00:00,0.2966282928171801,0.03562909677439734,0.04509164495578072,0.1273452483997519,0.17933536534578023,0.0,True,True,2000,1.1410218498431905,25.99672327553985,11.16063188599349
565,2023-04-26 06:00:00,0.303856592664673,0.03548619096123356,0.045597673043771374,0.1253889467861078,0.17917098081387842,0.0,True,True,2000,1.1694186049230126,25.983560667283644,10.722332127969063
566,2023-04-26 12:00:00,0.2965647684885811,0.03537561600038401,0.045311657568482676,0.12789906713288093,0.17910184237226218,0.0,True,True,2000,1.1752954750492373,25.233209417075052,10.882290440837679
567,2023-04-26 18:00:00,0.2919647679259602,0.033779575573900045,0.04471127185381175,0.12467633861191373,0.17540827941740378,0.0,True,True,2000,1.0851004904705175,26.90670315699143,11.489842618894404
568,2023-04-27 00:00:00,0.2845589291545687,0.030560544734739244,0.04048194417328628,0.11327344073149172,0.16089002343311734,0.0,True,True,2000,1.1023309956287202,25.81429083306045,10.275810185931098
569,2023-04-27 06:00:00,0.2529497943587302,0.03011519530144834,0.040881782519946765,0.11306911547191029,0.15495081519563975,0.0005,True,True,2000,1.124869067505602,22.48704330715099,10.051757910157592
570,2023-04-27 12:00:00,0.2334457821270069,0.029473713493008803,0.03979439387960298,0.11062973435645193,0.15533684426353944,0.001,True,True,2000,1.1249584523498037,20.751502567884824,9.834117351211457
571,2023-04-27 18:00:00,0.1662511761291565,0.030720750358971385,0.04086083811716629,0.11557966220935847,0.16042187607296204,0.0085,True,True,2000,1.1346812857525357,14.651795020916072,10.186090460873734
572,2023-04-28 00:00:00,0.16436718043660672,0.03052402517686363,0.03972767730472122,0.11024822355202117,0.15082336303080013,0.007,True,True,2000,1.1686224737169353,14.06503675338524,9.43403246399706
573,2023-04-28 06:00:00,0.18608157979394715,0.0316864023179996,0.04138807634604803,0.11794955357876258,0.16270495339168847,0.004,True,True,2000,1.1572001134117866,16.08032851339088,10.192666956366823
574,2023-04-28 12:00:00,0.21985244207740454,0.03123951634063794,0.04186706287509642,0.11804154066551134,0.16450207723948812,0.0025,True,True,2000,1.1197162323637566,19.63465704281959,10.542094260464715
575,2023-04-28 18:00:00,0.20793679056251657,0.030960446599822753,0.040514966640026955,0.11548018633586744,0.1620418746126692,0.0005,True,True,2000,1.0892299053764771,19.090257211644047,10.60200291654252
576,2023-04-29 00:00:00,0.21202381580228327,0.03135049198730781,0.04051029040341796,0.11508173315930839,0.16114600165165857,0.0015,True,True,2000,1.094320086238698,19.374935950507236,10.516277148385107
577,2023-04-29 06:00:00,0.20824933864374,0.032586036873125605,0.042876773573344996,0.12512893313667056,0.16831405729195262,0.0015,True,True,2000,1.1114043315515152,18.73749568287402,11.25863284714674
578,2023-04-29 12:00:00,0.20901603026634333,0.0344038139729452,0.04268966615422382,0.11952875072324212,0.17030705062632492,0.003,True,True,2000,1.112855819003393,18.781950608258093,10.74072208476071
579,2023-04-29 18:00:00,0.21128411533547034,0.031675599776679886,0.040963089136899666,0.11815173061301877,0.16022608283955425,0.001,True,True,2000,1.0537895468889897,20.04993463440835,11.212080340123673
580,2023-04-30 00:00:00,0.20739752446599244,0.03144003312777794,0.04036183821085594,0.11706742894360943,0.15535107774883103,0.001,True,True,2000,1.0364148296832347,20.011053347179576,11.295422025116082
581,2023-04-30 06:00:00,0.216318498741058,0.03633164172000646,0.04323947913955129,0.12207712605903519,0.1645902391788358,0.001,True,True,2000,1.0315582154140697,20.970071830044734,11.834244954370623
582,2023-04-30 12:00:00,0.22038069830236007,0.035751514460777525,0.043101563362377276,0.12531782526045251,0.16258287960356504,0.0015,True,True,2000,1.0115069402912986,21.787363934338778,12.389220505433496
583,2023-04-30 18:00:00,0.20742715276211476,0.033333700355915194,0.041131117055794614,0.1175040831660513,0.1564390785530838,0.001,True,True,2000,1.0184116952278202,20.36771118537803,11.53797464391505
584,2023-05-01 00:00:00,0.21953777480615413,0.03296198524465044,0.04161154356716109,0.11807714940431138,0.16552536728657802,0.0005,True,True,2000,0.9931816490167238,22.104493676811522,11.888776793370164
585,2023-05-01 06:00:00,0.21624752238920986,0.03197400424298906,0.0417743896739771,0.12079387039338803,0.16108183324693792,0.0005,True,True,2000,1.0099277864605078,21.4121767207824,11.960644316633182
586,2023-05-01 12:00:00,0.20886890249608517,0.0357828955379505,0.04257686552561353,0.12361859636663652,0.16053019291405188,0.0,True,True,2000,0.9940332754788774,21.012264644306015,12.436062193902215
587,2023-05-01 18:00:00,0.20544039195747557,0.032306989852048,0.040515922700333745,0.11729218283732164,0.151631733989009,0.0,True,True,2000,1.0025943377945996,20.490878934084297,11.698867469701506
588,2023-05-02 00:00:00,0.20457952256342907,0.03325354288664297,0.04112197098234564,0.118810920645003,0.15279044404634326,0.001,True,True,2000,1.031803845057097,19.82736578696392,11.514874771418238
589,2023-05-02 06:00:00,0.19020604050140352,0.033937489555825845,0.0423693529988639,0.12091557224228809,0.16888204349835315,0.0045,True,True,2000,1.0337465322166433,18.399678700111167,11.696829781185443
590,2023-05-02 12:00:00,0.1907288694478696,0.0346177212116033,0.0436812760087012,0.12403245534367185,0.16971929811478648,0.0035,True,True,2000,1.0236256346979196,18.632678098585846,12.116974325313263
591,2023-05-02 18:00:00,0.2046966552402252,0.03292965018686526,0.04058850812536479,0.11448006105791915,0.15764032696511224,0.0005,True,True,2000,1.032216263585438,19.830791517390402,11.090705029222152
592,2023-05-03 00:00:00,0.19379202241582796,0.03720035738663559,0.044745368438991094,0.12555355611243887,0.182982688813494,0.0055,True,True,2000,1.0436614083596583,18.568476410411154,12.030104314173473
593,2023-05-03 06:00:00,0.17433375226459177,0.033842216066169155,0.042400034983920885,0.12062099773837236,0.17212770766094015,0.009,True,True,2000,1.0514857683366439,16.579753860137558,11.471481723350754
594,2023-05-03 12:00:00,0.1666093136706915,0.03505843403874671,0.043094451421678275,0.12350971715705668,0.1615272196148673,0.008,True,True,2000,1.0043320052531557,16.58906743977509,12.297698023267152
595,2023-05-03 18:00:00,0.14978912489932208,0.03501361881689987,0.04309191992142263,0.12423308028348769,0.16941186519898271,0.019,True,False,2000,1.005033566195984,14.903892759151175,12.361087675280881
596,2023-05-04 00:00:00,0.1704572802657661,0.03803885997177374,0.04708687699442195,0.13597117090831767,0.1799774094284284,0.016,True,False,2000,1.028481381761261,16.573686533232156,13.220576796000799
597,2023-05-04 06:00:00,0.1720326775262163,0.0374520307996733,0.04497604406102926,0.13045513639665104,0.16713546412392422,0.008,True,True,2000,1.1211314644963155,15.344558865226787,11.636024902330245
598,2023-05-04 12:00:00,0.1774412281560918,0.03953322756873429,0.0469820246836582,0.13808082038006794,0.18233455337047488,0.012,True,False,2000,1.1275591383942485,15.736755804115518,12.245993640449598
599,2023-05-04 18:00:00,0.1580774663316478,0.038128792640785635,0.04529070826514275,0.12568598546273166,0.1756258906086882,0.0185,True,False,2000,1.1313974151413801,13.971877981698794,11.108915733825135
600,2023-05-05 00:00:00,0.14662368174381393,0.040468720254336066,0.048476593908577705,0.1370680275723772,0.1857567511978127,0.0365,True,False,2000,1.157006681092184,12.672673731270509,11.846779263451495
601,2023-05-05 06:00:00,0.146865018035747,0.0383449855911612,0.046377432808902795,0.13108990424793598,0.18501948125467185,0.0315,True,False,2000,1.1506807208643703,12.763316128684652,11.39237860433289
602,2023-05-05 12:00:00,0.1370037989120609,0.0379426526770296,0.046797848688320286,0.13253288040798028,0.17595691063675648,0.042,True,False,2000,1.1551743228617946,11.86001075341181,11.47297665686052
603,2023-05-05 18:00:00,0.16279539062324647,0.040044399411739505,0.04786132317183806,0.13537022780117958,0.18922694871467655,0.0215,True,False,2000,1.133957454694414,14.356393174126413,11.937857742437084
604,2023-05-06 00:00:00,0.16316694714287228,0.038747130990697404,0.04680143991603332,0.13487336031048344,0.18131339860492363,0.021,True,False,2000,1.183749777212206,13.783905203947674,11.393739023809356
605,2023-05-06 06:00:00,0.16925525226176955,0.03832021376623179,0.045673702245734124,0.12910060424560413,0.18063226837431767,0.0145,True,False,2000,1.1846335191103403,14.287562316224195,10.897936126487345
606,2023-05-06 12:00:00,0.15934020920667677,0.040815620770345486,0.04721825374842443,0.13720960602299873,0.18312114523500217,0.024,True,False,2000,1.1027927562481084,14.448789974716531,12.442011905283955
607,2023-05-06 18:00:00,0.16076345694586247,0.042490060662677305,0.049901511645779176,0.138317004024464,0.19458648240854093,0.0255,True,False,2000,1.112143109990193,14.455285070936608,12.436978908738075
608,2023-05-07 00:00:00,0.20115636882740043,0.0426571881124372,0.048167488669446944,0.1380217853197687,0.182108920610286,0.0045,True,True,2000,1.1071052501318817,18.16957952312466,12.466907306539024
609,2023-05-07 06:00:00,0.21143063877172516,0.04290317208017872,0.04791772115422535,0.13857453618204366,0.18159684671377962,0.0025,True,True,2000,1.105209673502603,19.13036447660329,12.538302867262887
610,2023-05-07 12:00:00,0.20845247545692502,0.04095334116502728,0.04740294305777694,0.13361980948179145,0.18785341774201372,0.003,True,True,2000,1.120677010184599,18.60058460756579,11.923132915859625
611,2023-05-07 18:00:00,0.2150619120329178,0.0415988369891198,0.04735385000984959,0.13886491722963173,0.18190959331831102,0.0015,True,True,2000,1.0729852854083797,20.04332351594784,12.941921862123165
612,2023-05-08 00:00:00,0.22888182096853318,0.04532481792287703,0.0499680004879755,0.1444490099138547,0.19553151073483088,0.003,True,True,2000,1.052576692855894,21.744906810307732,13.723371502928664
613,2023-05-08 06:00:00,0.222219919201645,0.04367685636362982,0.05032413656903876,0.1499993958569283,0.1908013904308407,0.002,True,True,2000,1.0370932209937487,21.427188482508118,14.46344386603916
614,2023-05-08 12:00:00,0.2243076397808626,0.044295118826077895,0.05123492271594199,0.14310286692692073,0.1961779999403108,0.005,True,True,2000,1.024940136893981,21.88495032115859,13.962070737183277
615,2023-05-08 18:00:00,0.2238695519751248,0.04514463445565019,0.049732537213198744,0.14078454602670976,0.20071488243691485,0.0035,True,True,2000,1.0080173515003732,22.2088986505945,13.966480419921387
616,2023-05-09 00:00:00,0.22684428107739196,0.04912106610244626,0.05349006769389857,0.15372280346394038,0.20186570282498464,0.004,True,True,2000,0.9996196221923367,22.693060044167968,15.378129845710712
617,2023-05-09 06:00:00,0.22509429317348584,0.049356533785315564,0.050833076097748904,0.1471729084620848,0.18639735000031601,0.003,True,True,2000,0.9169015570240411,24.549450423453028,16.05111337576515
618,2023-05-09 12:00:00,0.2265765497472487,0.05062762872731119,0.05301119714699522,0.15008848835584712,0.20760729998410046,0.004,True,True,2000,0.8884835050351364,25.50149197629599,16.89265895261743
619,2023-05-09 18:00:00,0.2332482671679605,0.05085048516886477,0.05516814321364516,0.15762443903029152,0.21485212377971444,0.0035,True,True,2000,0.8546563301530355,27.291468972820322,18.443020132088314
620,2023-05-10 00:00:00,0.2445662349383115,0.05185227275918553,0.05407774417407225,0.15997753677768792,0.2094451769988198,0.003,True,True,2000,0.8885479208943954,27.52425943354139,18.004379169179483
621,2023-05-10 06:00:00,0.2356347778072641,0.05424680355526111,0.0562038498604099,0.16318564708679822,0.22579362655486943,0.007,True,True,2000,0.9594412221321762,24.559584513537004,17.008404821730412
622,2023-05-10 12:00:00,0.2451209734420608,0.05363995611990822,0.05479343685672334,0.15969381295758622,0.2067509530716937,0.004,True,True,2000,0.9088677363622969,26.969927926273048,17.570632840016266
623,2023-05-10 18:00:00,0.23083149882725004,0.0525791623146294,0.05358146966401267,0.15650242413677792,0.20810926240018962,0.0045,True,True,2000,0.901395944606749,25.608224688425313,17.362228560397515
624,2023-05-11 00:00:00,0.23402192802080507,0.05874200534191972,0.056828726886847744,0.1700490611043501,0.22294093856271108,0.0055,True,True,2000,0.9452380516347108,24.757988489363452,17.990077823281066
625,2023-05-11 06:00:00,0.23974624824895563,0.05951236264254022,0.05801942405999188,0.1692256067382657,0.22197284524752353,0.0055,True,True,2000,0.9503892513193268,25.226111081974125,17.8059259933072
626,2023-05-11 12:00:00,0.23331680054797999,0.05777958299063001,0.05606924825265705,0.1652954386230709,0.20607689016520636,0.0045,True,True,2000,0.9170696476798118,25.44155737116281,18.024305901004215
627,2023-05-11 18:00:00,0.21848981772197934,0.05707431006825168,0.05730593838813324,0.16586659066613202,0.22574169835895658,0.0125,True,False,2000,0.8554646644659671,25.540484230096627,19.38906392699177
628,2023-05-12 00:00:00,0.2351574915287221,0.06479779823769787,0.0603829586514375,0.18117424697186899,0.23368213039596383,0.0095,True,True,2000,0.8380667730070556,28.05951734429905,21.618115979207744
629,2023-05-12 06:00:00,0.23053848277449357,0.06361695326875695,0.06029889308657156,0.17732805431540274,0.23439603764462077,0.0115,True,False,2000,0.8303127257118388,27.765259478210414,21.356779057357805
630,2023-05-12 12:00:00,0.2434287651199799,0.06636868653710945,0.060570957206542764,0.17881840704154783,0.229403714587014,0.0065,True,True,2000,0.8238442124577131,29.54791226775472,21.70536666247763
631,2023-05-12 18:00:00,0.2381818743977173,0.06377240540594513,0.05758468260167303,0.16915358229088132,0.2265306277475591,0.008,True,True,2000,0.7750589340894518,30.73080819041666,21.824609052420627
632,2023-05-13 00:00:00,0.2599550247605746,0.07107297721089229,0.06130573349139604,0.1863437690925036,0.23526202839775437,0.0035,True,True,2000,0.7668065299594258,33.900992571663366,24.301275721056218
633,2023-05-13 06:00:00,0.23395059510142852,0.07122243381355928,0.06311117666910968,0.19041181961730486,0.2393232879277379,0.0145,True,False,2000,0.7038837656935638,33.23710625303426,27.051599837607387
634,2023-05-13 12:00:00,0.23805447209624248,0.07184740575116177,0.061850855478204604,0.1846543660608717,0.22985244018631815,0.0085,True,True,2000,0.6965320585195166,34.17710199904205,26.51053369364732
635,2023-05-13 18:00:00,0.23350811591270298,0.07431498419481407,0.06420795007593211,0.1918244608027771,0.2475235764445289,0.0145,True,False,2000,0.7158838596906524,32.61815624864157,26.795472227250418
636,2023-05-14 00:00:00,0.258578521517817,0.08242123762746201,0.06603446691992654,0.19973044143976923,0.2570685313875193,0.009,True,True,2000,0.6533431310087615,39.577751604822396,30.570527485516763
637,2023-05-14 06:00:00,0.26183528641324244,0.08547903388019076,0.06743741656992557,0.204280322116222,0.25835614354593545,0.0095,True,True,2000,0.5951418965109356,43.99543839011698,34.32464145337958
638,2023-05-14 12:00:00,0.26680840673317335,0.08364590325879218,0.06872855508751277,0.20611108522832472,0.25762347129177854,0.007,True,True,2000,0.6050571067030303,44.09640078223663,34.06473255911804
639,2023-05-14 18:00:00,0.2689038990797629,0.08270222557108349,0.06578971271728655,0.1985674109659199,0.24956383054797238,0.0035,True,True,2000,0.591655792405821,45.4493816389986,33.56130600166948
640,2023-05-15 00:00:00,0.27617517602007585,0.0936804055513594,0.07087932507888062,0.21934919020070784,0.27787658673473586,0.011,True,False,2000,0.5373933671354052,51.39162351263054,40.81724926564625
641,2023-05-15 06:00:00,0.2792529521497773,0.0907441008598067,0.0710789864338993,0.21329480940215825,0.28200159952210524,0.0105,True,False,2000,0.5032168367214723,55.4935629676362,42.38626250898193
642,2023-05-15 12:00:00,0.27328825370262033,0.09314999405632537,0.0710570498149066,0.2200799800108689,0.26987677165839674,0.0085,True,True,2000,0.47061851473017563,58.07001746612273,46.76398677962118
643,2023-05-15 18:00:00,0.26356381979324933,0.09276102556898819,0.06971840091524739,0.2220420274527386,0.2747534825227399,0.0155,True,False,2000,0.4878919874235479,54.02093631114396,45.51048862788146
644,2023-05-16 00:00:00,0.2724667621900175,0.09579839819901255,0.07251736553260582,0.22342064635589767,0.29301654082969786,0.0135,True,False,2000,0.48617030396130995,56.04348105385325,45.955222796511606
645,2023-05-16 06:00:00,0.26473624592448974,0.09444166519313643,0.07048327644559484,0.21724526524501872,0.2675773780839098,0.0115,True,False,2000,0.4811967270880266,55.01621915147832,45.14687091902798
646,2023-05-16 12:00:00,0.24517783423413397,0.09788016509563795,0.07381556610004585,0.23342894906099404,0.27191533686964897,0.032,True,False,2000,0.46999566648469615,52.1659776286719,49.66619177723735
647,2023-05-16 18:00:00,0.24432294545754,0.09503015566108562,0.07313468447732491,0.22429594128986513,0.2837952326492077,0.0285,True,False,2000,0.4670978291795781,52.306589796547485,48.019050245603566
648,2023-05-17 00:00:00,0.2785070700561688,0.10187757737781414,0.07588225664442037,0.23510949442827994,0.29489384359935195,0.0175,True,False,2000,0.4639831654787808,60.02525323710385,50.671988106653
