window_idx,timestamp,te_bits,surr_mean,surr_std,surr_p95,surr_p99,p_value,sig95,sig99,n_valid_surrogates,h_target_bits,pct_h,surr_p95_pct
0,2022-12-06 00:00:00,0.22356802365548872,0.04704632740870846,0.04764085560087897,0.13616699957763934,0.17959205138796708,0.0025,True,True,2000,1.739611917239612,12.851603362791561,7.827435431329242
1,2022-12-06 06:00:00,0.23517598128421746,0.05071562985111851,0.048613761068591554,0.13998857659911246,0.1889994465215567,0.0015,True,True,2000,1.7462509776549062,13.467478861488882,8.016521015043748
2,2022-12-06 12:00:00,0.22570156791663867,0.04989177553925746,0.047871797450877045,0.13990259991357973,0.1794517276883808,0.0015,True,True,2000,1.7596936146722082,12.826185537911488,7.950395384007828
3,2022-12-06 18:00:00,0.22953838618020464,0.047980094950794236,0.0471489768565362,0.1366297435884256,0.17903351957275573,0.0015,True,True,2000,1.7681285425182933,12.981996538174759,7.727364855149496
4,2022-12-07 00:00:00,0.23175127334944212,0.04954622025687887,0.04663354880279868,0.1375578774702341,0.17364727906415392,0.001,True,True,2000,1.7773587493391956,13.039082483241213,7.7394548242653185
5,2022-12-07 06:00:00,0.24075504061815195,0.04934091023747189,0.04786910087996983,0.13954706583090398,0.18763177819641774,0.0005,True,True,2000,1.7631765229927991,13.654619232877296,7.914526084662136
6,2022-12-07 12:00:00,0.23346819931395088,0.04704146652498665,0.04697618547162229,0.13754120468413975,0.17623976551419498,0.0015,True,True,2000,1.7599708085100965,13.265458619259341,7.814970794917631
7,2022-12-07 18:00:00,0.21951259876216264,0.044795080694160855,0.04499306135282189,0.13283969758842745,0.1734383898791912,0.0,True,True,2000,1.7655119779842945,12.433367855865963,7.524145927352591
8,2022-12-08 00:00:00,0.21487906296640188,0.041274202381537846,0.044071859778278516,0.1250206201793709,0.16788104875698978,0.001,True,True,2000,1.748136694298689,12.291891341632542,7.151650130513748
9,2022-12-08 06:00:00,0.20959214917481878,0.04373747722897464,0.04546551221308086,0.13461491991142707,0.17003655286493788,0.003,True,True,2000,1.7587618640285485,11.917028306193513,7.65395945094486
10,2022-12-08 12:00:00,0.2120760427713598,0.04191289246051284,0.04427183488906394,0.12925711656586986,0.1773642247353988,0.0015,True,True,2000,1.7898373154000264,11.848900508813063,7.221724312803316
11,2022-12-08 18:00:00,0.21053421993547983,0.045987610317250543,0.04650052739417785,0.1342435281022132,0.1810196829519669,0.0025,True,True,2000,1.7903276356523354,11.75953583818574,7.4982659837733765
12,2022-12-09 00:00:00,0.19218713778402452,0.04484143354664746,0.044104658447028065,0.12934282367715946,0.17263242183547975,0.0035,True,True,2000,1.7780973438416905,10.80858359356143,7.274226246674786
13,2022-12-09 06:00:00,0.1891658037595984,0.04222522428772666,0.043331187790602466,0.12490253167805626,0.1684144949309728,0.0025,True,True,2000,1.7602493004540287,10.746534806791631,7.095729658625037
14,2022-12-09 12:00:00,0.18343979412875785,0.04092968207472126,0.042752953939517155,0.12166247078248715,0.16289513735422734,0.004,True,True,2000,1.7494082203902828,10.48581983271083,6.954492917344641
15,2022-12-09 18:00:00,0.19710619654683567,0.03926069644876676,0.04164246634345068,0.1186414045600202,0.15404486190385067,0.002,True,True,2000,1.7272572958094856,11.411513329544867,6.868774261243948
16,2022-12-10 00:00:00,0.1997816687504748,0.040238801062505415,0.04215019310731997,0.12443183668730685,0.15683355669995147,0.0005,True,True,2000,1.708805056852857,11.691308376534009,7.281804099788634
17,2022-12-10 06:00:00,0.17523596568822913,0.04212216323744741,0.04326840036404637,0.126637866470503,0.1630793318847148,0.005,True,True,2000,1.717212167647719,10.204677615828441,7.374619680454209
18,2022-12-10 12:00:00,0.18377328653171543,0.043634342426464606,0.04510373810317997,0.12962087063825442,0.17418460131695507,0.006,True,True,2000,1.7212894533376417,10.676489429210902,7.53045168474802
19,2022-12-10 18:00:00,0.18580712782311765,0.04353006021607068,0.04596002863574961,0.13566912220417818,0.17126633326427043,0.0045,True,True,2000,1.7287298795214894,10.748187442363689,7.847907519347745
20,2022-12-11 00:00:00,0.1949235813667088,0.0454429817968475,0.045808574689095174,0.1336569100257772,0.17972846425913777,0.004,True,True,2000,1.7455190735581505,11.167084010681542,7.657144058204102
21,2022-12-11 06:00:00,0.18767602927736754,0.04338133583306846,0.044598995469507956,0.1284631000528077,0.16763131111653579,0.0055,True,True,2000,1.7604099253722503,10.660927694876648,7.297340136595931
22,2022-12-11 12:00:00,0.20689952088708566,0.04531747395530196,0.04518033075641895,0.13008282156798,0.17120430597658381,0.0025,True,True,2000,1.763707460783388,11.730943225425086,7.375532760416002
23,2022-12-11 18:00:00,0.2198664645272388,0.04299420636347424,0.04411610669956057,0.13187952677026138,0.16560396295805574,0.0005,True,True,2000,1.7601222431388615,12.491545140361756,7.492634519241002
24,2022-12-12 00:00:00,0.23000409089749962,0.04457953678333028,0.04537571403182281,0.13243747033563538,0.17676697164699398,0.001,True,True,2000,1.7912484588176005,12.840434824397553,7.393584607634894
25,2022-12-12 06:00:00,0.24210174453673122,0.04545626477092031,0.04542301564638669,0.13377841268165527,0.17758503721031196,0.001,True,True,2000,1.79561694645921,13.482928250044276,7.450275680759969
26,2022-12-12 12:00:00,0.2421261430071887,0.04207564757885514,0.042599851065061915,0.12328904366943169,0.16068603980557994,0.001,True,True,2000,1.77726015813065,13.62356219484832,6.937028498917629
27,2022-12-12 18:00:00,0.25436244966060023,0.044122224726966475,0.04466068411796539,0.1297823792889122,0.17107838095980682,0.0005,True,True,2000,1.7935837245125505,14.18179961070562,7.23592534405851
28,2022-12-13 00:00:00,0.2721507175132337,0.043226345367617984,0.044206650277673704,0.12874510657221222,0.1727085180106336,0.0,True,True,2000,1.7785914477783353,15.301474537796816,7.2385992147342
29,2022-12-13 06:00:00,0.2653450282007889,0.044052570309938005,0.04470557410694349,0.12837230329405136,0.1732529785063236,0.0,True,True,2000,1.7838700381106123,14.87468383525458,7.196281150056033
30,2022-12-13 12:00:00,0.2389154025958603,0.04323900976953111,0.04417055612973472,0.12717005694159636,0.16640805819043314,0.001,True,True,2000,1.768463979295576,13.509769234374023,7.190989380074986
31,2022-12-13 18:00:00,0.24082850479330692,0.0449809409627797,0.04450455124513265,0.12850651335901775,0.16992706920735817,0.0005,True,True,2000,1.7829214832239184,13.507521618834017,7.207637272206144
32,2022-12-14 00:00:00,0.24030168168246854,0.046357602298619995,0.04591662048070675,0.13636115353385372,0.17469848362552434,0.0,True,True,2000,1.8088312079948472,13.284914624446987,7.5386333965906545
33,2022-12-14 06:00:00,0.2718497817284868,0.048823085368845186,0.046788702608951786,0.13782949426537636,0.18164685330302183,0.0,True,True,2000,1.8230548848845844,14.911771663182662,7.560359011029018
34,2022-12-14 12:00:00,0.26842554050517936,0.045436410234572594,0.04532589519473161,0.1323696587777033,0.1781691221354553,0.0,True,True,2000,1.8433973906857393,14.561458200031721,7.180744610279724
35,2022-12-14 18:00:00,0.2729258812453661,0.04565861134306991,0.04527414807684006,0.12994113941195035,0.1765466430234796,0.0,True,True,2000,1.8407551193529197,14.826843526112679,7.059121446726088
36,2022-12-15 00:00:00,0.2952691709540347,0.04933434694546659,0.04632941149967569,0.1356666090769717,0.17076798087246675,0.0,True,True,2000,1.8317026250619706,16.119929453289128,7.406584847383827
37,2022-12-15 06:00:00,0.28347242177491383,0.04657415986690949,0.046085033963189886,0.13623880335178312,0.18092785357877827,0.0,True,True,2000,1.7993411912389163,15.754234002709183,7.57159364856075
38,2022-12-15 12:00:00,0.30016401910274215,0.04695550559330315,0.04639438705214738,0.13312440907492612,0.1789115613471939,0.0,True,True,2000,1.7628489745459013,17.02721126068457,7.551662734422165
39,2022-12-15 18:00:00,0.3033459384965038,0.04668401972449008,0.04613190044382803,0.13424470558609508,0.1756944884406932,0.0,True,True,2000,1.7800371952984253,17.04155055286064,7.5416797997633305
40,2022-12-16 00:00:00,0.2977881490981915,0.05086302231543458,0.04754236524952648,0.13978453578488564,0.18537568949023495,0.0,True,True,2000,1.798124974651716,16.561037374828242,7.7739054712790985
41,2022-12-16 06:00:00,0.2869795430642674,0.04987341207256198,0.04618012343080995,0.13410702075719208,0.17781230317276767,0.0,True,True,2000,1.8146430810241154,15.814655017575523,7.390269864060936
42,2022-12-16 12:00:00,0.2789746443490398,0.04981162030974543,0.046951713456349686,0.13501315555523974,0.1839512506769296,0.0,True,True,2000,1.8089238333145816,15.422133271242306,7.463728050276633
43,2022-12-16 18:00:00,0.2704007174569472,0.05167141442193934,0.04832458514675295,0.1433877309583587,0.18347001876530156,0.0,True,True,2000,1.780801004648491,15.184218604499334,8.051867142037116
44,2022-12-17 00:00:00,0.25274746123620734,0.05266018836319498,0.04814872554492788,0.14392690469538372,0.18708536346425106,0.0005,True,True,2000,1.7750193370752108,14.239138467791124,8.108469676310083
45,2022-12-17 06:00:00,0.22100436924511732,0.054828627259121715,0.05084397391653038,0.15158097503865758,0.20025301622869235,0.0045,True,True,2000,1.7541115534014275,12.599219748399923,8.641467228508034
46,2022-12-17 12:00:00,0.23852010810110633,0.056531073812298674,0.05068076235223095,0.1527628606980898,0.20535066726230913,0.003,True,True,2000,1.7751834733943603,13.436363715409524,8.605468842383328
47,2022-12-17 18:00:00,0.22224289625138777,0.05273360845890139,0.0483526857418508,0.1437405937226478,0.18415721641490776,0.002,True,True,2000,1.7561828138111155,12.654883905229406,8.184830906681887
48,2022-12-18 00:00:00,0.24380481948750973,0.05092961035043106,0.04745681786968688,0.13964366678579537,0.1859327134851023,0.0,True,True,2000,1.8288258401511264,13.331221275141363,7.635700662139365
49,2022-12-18 06:00:00,0.2330921572800936,0.05590163327299044,0.04905959015893776,0.14338810274090683,0.19302136106046833,0.0015,True,True,2000,1.802744776406741,12.929847881445344,7.95387703337076
50,2022-12-18 12:00:00,0.20271942623771128,0.05592078447361715,0.04813200933442839,0.1443481836504509,0.1870775778917658,0.006,True,True,2000,1.7782364901022458,11.400026226323542,8.117490809231516
51,2022-12-18 18:00:00,0.21703461851810552,0.05273883314424962,0.04803401435866116,0.14083277815619605,0.18125561017360953,0.0035,True,True,2000,1.7534420242359117,12.377632993750197,8.031789828783534
52,2022-12-19 00:00:00,0.23528184433118,0.05295433374350223,0.04781445530931977,0.1418429504194529,0.17877144377665452,0.0005,True,True,2000,1.7533494904762796,13.418992939466282,8.089827566603546
53,2022-12-19 06:00:00,0.22122975245204948,0.04993578285461973,0.04609576494067316,0.13294809000449107,0.174910535894782,0.002,True,True,2000,1.8035771322147989,12.26616530563229,7.371355936478877
54,2022-12-19 12:00:00,0.2126681178017146,0.05007393834443003,0.04790163517877545,0.1357692979082701,0.1807439060781417,0.003,True,True,2000,1.8145051267876064,11.720447336416266,7.482442231983969
55,2022-12-19 18:00:00,0.19468795947674147,0.04816114017719784,0.04638497215665976,0.13415696475315056,0.17285542847920185,0.0045,True,True,2000,1.8807283566722843,10.351732018398323,7.133245174785617
56,2022-12-20 00:00:00,0.1833062735941568,0.05033585146200915,0.04603803876293794,0.13681745894028902,0.1750854414942287,0.0045,True,True,2000,1.907164400486087,9.611456335250216,7.1738681209348165
57,2022-12-20 06:00:00,0.1742245348882998,0.049723811111391396,0.04595850499645866,0.13795332224845874,0.16485738179916956,0.0055,True,True,2000,1.9253514430796275,9.048973137580802,7.165098234107349
58,2022-12-20 12:00:00,0.1830683036360532,0.05101475327131118,0.04741698665502991,0.14073451016284771,0.17837307767860247,0.008,True,True,2000,1.9500046079884328,9.388095950445011,7.2171373127177
59,2022-12-20 18:00:00,0.19484236957521472,0.052857460559194484,0.047542116684269914,0.14198762892122466,0.17890889493059894,0.004,True,True,2000,1.983672012519583,9.822307737645273,7.157817825986136
60,2022-12-21 00:00:00,0.18722515000702325,0.05301609281503678,0.04872753361013624,0.14107021687529075,0.1855401955186166,0.0095,True,True,2000,1.9620556014778265,9.542295838405632,7.189919427820303
61,2022-12-21 06:00:00,0.20486787528239106,0.0505692009979807,0.04638762697318236,0.13604421324574634,0.1749056406569169,0.002,True,True,2000,1.9345809592411574,10.58978040199211,7.032231584617161
62,2022-12-21 12:00:00,0.2136185808727655,0.051704390279305984,0.04814850128414249,0.1414033607383998,0.18978537965404493,0.002,True,True,2000,1.906117901279497,11.20699725496373,7.4183952967170415
63,2022-12-21 18:00:00,0.20782161017024953,0.05225278978968501,0.04688995352731188,0.1400785169390902,0.18212498873426444,0.004,True,True,2000,1.8592337925637843,11.17780942888708,7.534206698444815
64,2022-12-22 00:00:00,0.21021050559046278,0.05378723896971028,0.04920938260746698,0.14440822266340744,0.1882887712606861,0.0065,True,True,2000,1.887648164257274,11.136106270798274,7.650166243783424
65,2022-12-22 06:00:00,0.22120233359591476,0.050970268963723885,0.047916813934324516,0.14206970267781452,0.17825488051640495,0.0015,True,True,2000,1.8529124220169642,11.938088976441087,7.6673727797219025
66,2022-12-22 12:00:00,0.22666670288036542,0.05124621670098099,0.04849295617533693,0.14168555406493272,0.18432021664446446,0.0015,True,True,2000,1.8434007743650822,12.2961162885719,7.686096047872884
67,2022-12-22 18:00:00,0.22503903899208735,0.047011814287225735,0.04641221923262002,0.13871125205963492,0.17657479559851813,0.001,True,True,2000,1.8066285370831436,12.456298257937389,7.677906620670812
68,2022-12-23 00:00:00,0.22136950520878007,0.047922954511670446,0.04788342600560586,0.13908192129598065,0.18075584398969696,0.001,True,True,2000,1.8306156017503674,12.092626381918448,7.597549215848244
69,2022-12-23 06:00:00,0.195764851866507,0.05173856798709443,0.04996775081333606,0.14622371676506463,0.20033607137043596,0.0115,True,False,2000,1.8105750485566519,10.812302534632085,8.076092558639354
70,2022-12-23 12:00:00,0.18897779713758778,0.049423353032956543,0.04799579216573175,0.14058111987447983,0.18866724258734566,0.01,True,True,2000,1.8015289197374873,10.489856425126108,7.803433979564693
71,2022-12-23 18:00:00,0.2003619976223373,0.05151967918576973,0.048278935241999804,0.1401060968782524,0.19148991000803278,0.009,True,True,2000,1.7979641677741818,11.143825956797494,7.792485489390979
72,2022-12-24 00:00:00,0.1925318882878388,0.04824143297754985,0.04758452016887705,0.14123546457953956,0.18795348053052074,0.009,True,True,2000,1.7838671782614568,10.792949757362479,7.917375592794221
73,2022-12-24 06:00:00,0.18541065009788973,0.051750784709753715,0.04852949657172428,0.14322591491203468,0.18274331101150518,0.0095,True,True,2000,1.7986406228490555,10.308376656377211,7.963009013171521
74,2022-12-24 12:00:00,0.2103201117480945,0.05352671587638882,0.04877244681355381,0.14614518738469032,0.18725751673093474,0.0025,True,True,2000,1.8005911332401052,11.680614652901811,8.116511554830709
75,2022-12-24 18:00:00,0.2152701641823288,0.05509961848864592,0.04979101767112493,0.14740739411196674,0.1923678589839922,0.0045,True,True,2000,1.8368601495334855,11.719464012380138,8.024965545112641
76,2022-12-25 00:00:00,0.2314016603213075,0.05544097138098311,0.048909071086067214,0.14632362958174827,0.19034102036725423,0.001,True,True,2000,1.7877812700533688,12.943510718981841,8.184649432946584
77,2022-12-25 06:00:00,0.23427665984864585,0.054496711616187216,0.05019098766508082,0.15050418903914198,0.19016443849745815,0.0015,True,True,2000,1.7675216545425916,13.254528409682944,8.514984167370228
78,2022-12-25 12:00:00,0.2340284705705372,0.05473206586613775,0.04987208195767303,0.15067393447771033,0.19472384893478456,0.001,True,True,2000,1.7807769408961276,13.14193064813433,8.461134632723162
79,2022-12-25 18:00:00,0.22141530224242476,0.05480204280621991,0.04920828509920878,0.14783365562872047,0.18950182303204757,0.001,True,True,2000,1.7778195097442515,12.454318395587665,8.315447930368764
80,2022-12-26 00:00:00,0.2214262340168456,0.054166031761409925,0.050507643942836564,0.1473629630685634,0.1934544994884333,0.001,True,True,2000,1.801621167851386,12.290388121988965,8.179464456687558
81,2022-12-26 06:00:00,0.2262789048596881,0.053947691305741605,0.049454499030221255,0.14656967065137083,0.19124071626248296,0.0,True,True,2000,1.801142160243565,12.563078576156855,8.137595903676504
82,2022-12-26 12:00:00,0.21837385894463635,0.057615290767130505,0.05117461227070518,0.152887729125886,0.19350517389112923,0.0045,True,True,2000,1.816061894389538,12.024582401033301,8.418640884333879
83,2022-12-26 18:00:00,0.22450542300730256,0.058065744745285766,0.04927561016611779,0.14646955348595092,0.18902944615805,0.001,True,True,2000,1.8225894056099998,12.317937452959306,8.036343953010592
84,2022-12-27 00:00:00,0.24036791068005303,0.05573518790904706,0.049521446588951884,0.14711838756267412,0.19174578728192632,0.001,True,True,2000,1.852800054261093,12.973224505647648,7.940327248173887
85,2022-12-27 06:00:00,0.2532846830773989,0.05612201772760864,0.048681054521203276,0.14478790344987905,0.1845433303201678,0.0,True,True,2000,1.8836379750665924,13.446569161913635,7.686609920080867
86,2022-12-27 12:00:00,0.27239275959337766,0.05603687825574342,0.048765818957334554,0.147851798306808,0.18303589783144264,0.0,True,True,2000,1.9317158996200785,14.101077681606839,7.653910098057734
87,2022-12-27 18:00:00,0.28378892769200964,0.05808722766901711,0.0507679778772631,0.15396309921067552,0.1978589836187253,0.0,True,True,2000,1.9319942946419157,14.688911270548463,7.969128047513811
88,2022-12-28 00:00:00,0.26557362791021144,0.055588718832287685,0.04861177724278185,0.14353396632795976,0.18493886117505395,0.0,True,True,2000,1.9202316622885154,13.830291059449728,7.474825519588466
89,2022-12-28 06:00:00,0.2584092870347851,0.0577693545314654,0.0489210297287573,0.14648588900501763,0.1927606755207948,0.0,True,True,2000,1.8928713062886802,13.651709240679638,7.738819248743855
90,2022-12-28 12:00:00,0.27057611462900194,0.05766681709928177,0.05018281054427427,0.15151749729533337,0.19219856145346623,0.0,True,True,2000,1.9128077286241667,14.145494634927076,7.921208965645282
91,2022-12-28 18:00:00,0.29088334736338745,0.053926379419409545,0.048585534831709964,0.1440825770481832,0.19345399682231082,0.0,True,True,2000,1.9356438803993872,15.027730581483233,7.44365110272527
92,2022-12-29 00:00:00,0.3027513281380434,0.05089710641232276,0.04822132268941825,0.14098751098241044,0.18655938729150606,0.0005,True,True,2000,1.9083858883861675,15.86426151966917,7.38778838391207
93,2022-12-29 06:00:00,0.3033317057060155,0.052696558422169776,0.04927206346236524,0.14542328823625528,0.18843771359880196,0.0,True,True,2000,1.9490150230649752,15.563333382058964,7.461373386828288
94,2022-12-29 12:00:00,0.32814062526701904,0.05196326562286866,0.047545236048998636,0.14403279294393428,0.18215150930609939,0.0,True,True,2000,1.9151120083127482,17.13427850917803,7.520854776051979
95,2022-12-29 18:00:00,0.3390009852962509,0.051204217090578,0.04858161185840992,0.1426759104588157,0.1811251091741546,0.0,True,True,2000,1.9128746334946751,17.722070195312387,7.458717260427974
96,2022-12-30 00:00:00,0.3593717896993608,0.05230271040594977,0.048148418420881606,0.1417752647900231,0.18474877624754849,0.0,True,True,2000,1.8844275489416806,19.070607936144253,7.5235190055274845
97,2022-12-30 06:00:00,0.36103933292685364,0.050118439656765476,0.0472394701558896,0.14022306318232333,0.17973349601309485,0.0,True,True,2000,1.8912142899512605,19.090345015115034,7.414446048096279
98,2022-12-30 12:00:00,0.36949562500289745,0.050900667051430516,0.04882098085943735,0.14287828519663864,0.18872556961530954,0.0,True,True,2000,1.8715996679856917,19.742236084096284,7.6340195844558645
99,2022-12-30 18:00:00,0.35475523593963076,0.0510593492460972,0.04736524066988182,0.14223656379460178,0.17653664320807316,0.0,True,True,2000,1.8545327635583349,19.129089704457616,7.669671120918306
100,2022-12-31 00:00:00,0.3629623535017525,0.04849372362660376,0.04698384535519417,0.1373553846647748,0.1824606078493141,0.0,True,True,2000,1.8351385449524937,19.77847146745798,7.4847419581789945
101,2022-12-31 06:00:00,0.37755081576795096,0.04758563795476342,0.04671449638845806,0.1348898024956178,0.17662888397611837,0.0,True,True,2000,1.82369486400735,20.702521195806213,7.396511618134061
102,2022-12-31 12:00:00,0.367723241160654,0.04411457610266437,0.04409855765352264,0.1288292706532916,0.1691891595648858,0.0,True,True,2000,1.7957169457997717,20.477795346352785,7.174252654608322
103,2022-12-31 18:00:00,0.35517961584748514,0.04313883166331595,0.04401633915126864,0.12727186622596012,0.16543712319809234,0.0,True,True,2000,1.775882535891483,20.00017504925724,7.166682686142323
104,2023-01-01 00:00:00,0.343634471621714,0.04567754156873871,0.045883382884861275,0.13397127327268857,0.18097192139729104,0.0,True,True,2000,1.7824084622746592,19.27922128372177,7.5163059482851775
105,2023-01-01 06:00:00,0.3121401977700125,0.044400097542723754,0.046222263665461144,0.13500315530732498,0.1683258224433711,0.0,True,True,2000,1.7666892232867728,17.668087496979386,7.641590469214686
106,2023-01-01 12:00:00,0.29724971793183663,0.041156411383970096,0.045243820397400145,0.129161267099061,0.16497406969488512,0.0,True,True,2000,1.7424063888053254,17.059723830308315,7.4128095448283995
107,2023-01-01 18:00:00,0.29497343167712003,0.042519547602733354,0.04579617221436363,0.13053018505506314,0.17168858817602942,0.0,True,True,2000,1.6959866049655175,17.392438761809526,7.696416037302196
108,2023-01-02 00:00:00,0.28782520208597506,0.04325903836608216,0.04555891951160747,0.131844148532446,0.1848534298239636,0.0,True,True,2000,1.7500888557681324,16.44631934757653,7.533568829828255
109,2023-01-02 06:00:00,0.27145783778152943,0.043579392673196146,0.04635354316897575,0.1341821301214498,0.18225866126838833,0.0,True,True,2000,1.7623020389792083,15.40359324209646,7.614025697840828
110,2023-01-02 12:00:00,0.2454742627300991,0.041698911274752296,0.047046903644480886,0.13256318366326184,0.18238925902992933,0.0005,True,True,2000,1.7466274206544294,14.054185788410695,7.589665780787572
111,2023-01-02 18:00:00,0.23324188681143143,0.04164011894535426,0.04638726041250176,0.13349774740570902,0.1778425802602501,0.0015,True,True,2000,1.728752674724687,13.491917624860736,7.722200483476866
112,2023-01-03 00:00:00,0.2434447872277157,0.04180478874850737,0.045509137094419165,0.13298781435751794,0.16974912712736706,0.0,True,True,2000,1.733811520295618,14.041017975599097,7.6702578567965265
113,2023-01-03 06:00:00,0.20489015816824097,0.03897351053909757,0.04515339995317842,0.12984173235253132,0.16959067023059404,0.003,True,True,2000,1.762548932237539,11.62465077824165,7.366702278597083
114,2023-01-03 12:00:00,0.2173118708675533,0.03863443820856871,0.045468984015811904,0.13377174668178496,0.17640271684948117,0.001,True,True,2000,1.751094554966325,12.410059197045038,7.63932172037149
115,2023-01-03 18:00:00,0.2344050334131502,0.03951427586436567,0.04575798658171417,0.12906557779055666,0.1716541750519422,0.0005,True,True,2000,1.7207543791463398,13.622225010953493,7.500522988910576
116,2023-01-04 00:00:00,0.21422552844706338,0.03900596196225136,0.04630336940543295,0.13140023428669384,0.18068774248151145,0.004,True,True,2000,1.7056105732904259,12.560049275127575,7.703999749086889
117,2023-01-04 06:00:00,0.22185623473862195,0.037401406120268446,0.044044295664814194,0.12559907872277248,0.16814827539959398,0.0015,True,True,2000,1.7136536756134113,12.946386886440598,7.329315165026775
118,2023-01-04 12:00:00,0.2126242024913993,0.03791997210176321,0.0449540766669904,0.12750895688075262,0.1789240813471433,0.002,True,True,2000,1.6897646641191688,12.583065973996732,7.54595948112217
119,2023-01-04 18:00:00,0.22269036079791887,0.03801003327185775,0.04489558542311352,0.1266200324725084,0.17644630026019498,0.003,True,True,2000,1.6869803347894086,13.200530925318585,7.505720716555643
120,2023-01-05 00:00:00,0.22157971979370028,0.03782250384981676,0.04541133498720039,0.12942624420662213,0.1701883764609913,0.0015,True,True,2000,1.687248234367069,13.132609374270327,7.670847808305653
121,2023-01-05 06:00:00,0.22415961581533256,0.03694754558853829,0.04525134098455331,0.12739275385403304,0.17734568824296218,0.0025,True,True,2000,1.708280092841149,13.121947434423268,7.457369221118655
122,2023-01-05 12:00:00,0.213180233338791,0.03920739440806057,0.0450256813525615,0.13306293494775293,0.1685966077238834,0.001,True,True,2000,1.713147158034284,12.443778243977611,7.767163160719555
123,2023-01-05 18:00:00,0.21101357595076264,0.037934765595338676,0.04517452076521945,0.12927547864027214,0.18693191602028233,0.0035,True,True,2000,1.6963237278594616,12.439463793684839,7.620920259330504
124,2023-01-06 00:00:00,0.19316753352140725,0.03949571727860362,0.04669569999483397,0.13334539989412367,0.17181785706867114,0.0065,True,True,2000,1.6981159016761267,11.37540337092074,7.852549979804381
125,2023-01-06 06:00:00,0.20863585506299417,0.03903273092043155,0.046376278039319846,0.13048632848673228,0.17759740464136764,0.004,True,True,2000,1.66179948220004,12.554815264882816,7.85211031080493
126,2023-01-06 12:00:00,0.22007274657225034,0.04135797919825756,0.0484580012315469,0.1374268471451722,0.19006859004848412,0.0035,True,True,2000,1.6713844774973021,13.167092882290191,8.222335973285597
127,2023-01-06 18:00:00,0.23424692148063553,0.03881141033674606,0.04647838975714793,0.13336572666874516,0.17991429096776473,0.0015,True,True,2000,1.6887019902621527,13.871418570678134,7.89752883799477
128,2023-01-07 00:00:00,0.22730302072011827,0.038241807000814615,0.04562614985590451,0.13280371153983433,0.1796100904731437,0.0015,True,True,2000,1.7529458925539836,12.966915960477557,7.576030275888537
129,2023-01-07 06:00:00,0.2422758637368156,0.0358749789426063,0.04438864737543757,0.12573483454417736,0.17171175878042852,0.0005,True,True,2000,1.7635587903979888,13.737895501750769,7.129608336776928
130,2023-01-07 12:00:00,0.24842531582882826,0.0379563263595756,0.04568728423883608,0.13069708605418673,0.17982630794871543,0.0005,True,True,2000,1.7662246858521515,14.065329163314821,7.399799532930275
131,2023-01-07 18:00:00,0.2639717040167994,0.03814631136957787,0.0469956348166849,0.1335379963343839,0.1946443301240023,0.0,True,True,2000,1.8397243465203517,14.348437825268476,7.258587221882301
132,2023-01-08 00:00:00,0.2816468273337299,0.03849048182660293,0.04752547275413836,0.13506805655700005,0.18982323724130856,0.0,True,True,2000,1.8802119892285518,14.979525125211504,7.183661062198538
133,2023-01-08 06:00:00,0.27047705683380485,0.03962763006996575,0.047633788778036354,0.13521276807053983,0.19034825904439237,0.0,True,True,2000,1.8696639335402834,14.466613597324185,7.2319289924210635
134,2023-01-08 12:00:00,0.2500428144788243,0.03757213899633868,0.04638705085487738,0.12910881092214427,0.19133777107932015,0.0005,True,True,2000,1.8714830156172118,13.360677729493615,6.898743394663638
135,2023-01-08 18:00:00,0.25494280227739397,0.038447713681640766,0.047366200232401706,0.1350701595966232,0.1879368949511427,0.0,True,True,2000,1.8589687073356258,13.71420623011948,7.265865157580464
136,2023-01-09 00:00:00,0.22139278298047613,0.036876378193630245,0.04521708739534797,0.12589905354097455,0.18469494991846028,0.001,True,True,2000,1.8466351567211943,11.988983431549718,6.817754610743763
137,2023-01-09 06:00:00,0.21688060367034753,0.037230398397127634,0.04599454415544768,0.13250481584422852,0.18189018311977187,0.0015,True,True,2000,1.8435470300668346,11.764310871010702,7.187493114261629
138,2023-01-09 12:00:00,0.21151715635648993,0.037735703343596314,0.047495388577999884,0.13587134138296153,0.19466630598025744,0.0045,True,True,2000,1.860728933230595,11.367435233527226,7.302049156996871
139,2023-01-09 18:00:00,0.19478545229780947,0.036533314959687244,0.045462548291900086,0.1319526344822024,0.18145043370613512,0.0055,True,True,2000,1.8651166163867658,10.443607149624857,7.074765905942668
140,2023-01-10 00:00:00,0.19100430848656752,0.036312118498999554,0.04465333576535174,0.12742406830968087,0.17300458791529816,0.005,True,True,2000,1.8479796799596935,10.335844628482795,6.895317610443645
141,2023-01-10 06:00:00,0.19571840650412442,0.03752822297534502,0.044572746124161865,0.1260784851993311,0.18073729647861433,0.003,True,True,2000,1.8234714073585483,10.733286286492365,6.914201379333192
142,2023-01-10 12:00:00,0.20198175686624606,0.037203767640209835,0.04456311622571038,0.12505342935836872,0.18401622139269516,0.0035,True,True,2000,1.8120522610882221,11.146574588579833,6.901204344033007
143,2023-01-10 18:00:00,0.20840435308356847,0.03538033180233678,0.0432159488616293,0.12095410677527244,0.1689601517012364,0.002,True,True,2000,1.8340745919713697,11.362915881167265,6.5948302923309114
144,2023-01-11 00:00:00,0.21078417158404594,0.03586920552840104,0.04419190706480794,0.126704298579844,0.17478339895853023,0.002,True,True,2000,1.8068111096381831,11.666087863841827,7.012592401273022
145,2023-01-11 06:00:00,0.20671116618938049,0.034664178847355724,0.04355384588354059,0.12408417135676542,0.1672066784214987,0.0025,True,True,2000,1.7192582624894952,12.023276007995541,7.217308420963518
146,2023-01-11 12:00:00,0.2318181671230211,0.03433058776757636,0.04330996843405152,0.12342353757496796,0.1733672520212346,0.001,True,True,2000,1.7532340304127192,13.222317334808409,7.039763969554795
147,2023-01-11 18:00:00,0.24868337772316415,0.03521517351971966,0.04495473396608224,0.127461742031248,0.17622653352939494,0.0005,True,True,2000,1.77867295027227,13.98139987933684,7.166114603122334
148,2023-01-12 00:00:00,0.2561174216748829,0.03658403106528364,0.04405317909800083,0.12574157553788415,0.16670841601157996,0.0,True,True,2000,1.7984816631442921,14.240758019579241,6.991540593082816
149,2023-01-12 06:00:00,0.2551439591786586,0.038617243968771066,0.04533280131737968,0.12791137016344764,0.17861491373722688,0.0,True,True,2000,1.744427132270183,14.626231985202867,7.332571696301516
150,2023-01-12 12:00:00,0.25664821787232045,0.03547002105997896,0.044656170776813386,0.12919501853749815,0.16987086254364106,0.0,True,True,2000,1.7264162030944998,14.86595279934778,7.483422497189476
151,2023-01-12 18:00:00,0.27522667621437275,0.03790513638030573,0.045665436101464896,0.1279058626513685,0.18159735210114597,0.0,True,True,2000,1.743335741496578,15.787359236844567,7.336846231441735
152,2023-01-13 00:00:00,0.28936923114676016,0.03650908345059247,0.04417729726214987,0.12579278766878402,0.17361556029307512,0.0,True,True,2000,1.7400799266995948,16.62965170201153,7.229138486033506
153,2023-01-13 06:00:00,0.3068213111559285,0.0352403727744751,0.043958124825019596,0.126094165723388,0.17092305556829243,0.0,True,True,2000,1.7985863197448353,17.05902618004217,7.010737507515176
154,2023-01-13 12:00:00,0.29454355611533917,0.03792719078277729,0.04486232146261395,0.13073224009403142,0.1629639226123903,0.0,True,True,2000,1.779925700475951,16.548081531525636,7.344814452596178
155,2023-01-13 18:00:00,0.2937089190636066,0.033428766397137884,0.04260037845323867,0.12153450684945556,0.16866944124058364,0.0,True,True,2000,1.7590102647229475,16.697396539062673,6.909255124136402
156,2023-01-14 00:00:00,0.2918708680811686,0.03418039805033264,0.04351497339228725,0.12393121134658762,0.1743194493938675,0.0,True,True,2000,1.761936872396109,16.56534196280511,7.03380542675459
157,2023-01-14 06:00:00,0.2807967508607893,0.03712363438848448,0.04479989637652688,0.1290654307049786,0.17414325454868151,0.0,True,True,2000,1.7656316360675814,15.903473019218234,7.3098730260879
158,2023-01-14 12:00:00,0.27169778087559837,0.03847708194333848,0.04595176740359654,0.13103608909971814,0.17205152835973112,0.001,True,True,2000,1.761250133252434,15.426416483720251,7.4399477181437454
159,2023-01-14 18:00:00,0.24674740556634916,0.036610128913225876,0.04409847735567108,0.1252601956194003,0.17628409399774916,0.0005,True,True,2000,1.7509547023018244,14.092163848783311,7.15382273766031
160,2023-01-15 00:00:00,0.24905660451306902,0.036314832473387966,0.04395066253288997,0.12744720724464176,0.1695147979632756,0.0,True,True,2000,1.749531686833055,14.235615529999524,7.284646983178825
161,2023-01-15 06:00:00,0.23217845842504192,0.03624028864437042,0.0439674046362271,0.12405874290422673,0.1820897645172197,0.001,True,True,2000,1.7775636394527767,13.061611594199693,6.97914494596763
162,2023-01-15 12:00:00,0.22825051743281122,0.03436432931054657,0.043507913666479964,0.12841612386152568,0.1683517681816564,0.0005,True,True,2000,1.7609258642838062,12.961960640270565,7.292534368773916
163,2023-01-15 18:00:00,0.24215638415886517,0.03474970124928898,0.0424272637369362,0.12004564372017351,0.16117638951170324,0.0005,True,True,2000,1.782193760532642,13.58754527826942,6.735835708699576
164,2023-01-16 00:00:00,0.250190972554546,0.03351589490616273,0.042220469742869776,0.11893139198576667,0.16636869052203615,0.0,True,True,2000,1.824473660369077,13.71304930233601,6.5186686203903745
165,2023-01-16 06:00:00,0.2607480448731817,0.03455107959364205,0.042031926537165365,0.11714406420427523,0.16507536488092941,0.0,True,True,2000,1.813038235673041,14.381828234107049,6.461202080539062
166,2023-01-16 12:00:00,0.2560773573647534,0.033952435988519554,0.04159911331982179,0.11748326564995326,0.1581147488304919,0.0,True,True,2000,1.8170586402991094,14.092960550937422,6.465573704908836
167,2023-01-16 18:00:00,0.26063418932225535,0.03234195999064277,0.041435444674269746,0.1177911848872634,0.15456096034703162,0.0,True,True,2000,1.8189903180511993,14.32850888406539,6.475635615997155
168,2023-01-17 00:00:00,0.2521498830754214,0.030811414074095742,0.0405593540618553,0.11664730139611386,0.16318042101235947,0.0,True,True,2000,1.808592875884705,13.94177133159821,6.449616326120592
169,2023-01-17 06:00:00,0.2546664828836629,0.03214756381957123,0.04115587896316489,0.11632574075417573,0.15635275007252336,0.0005,True,True,2000,1.8093991772133253,14.074643455728625,6.428970578693985
170,2023-01-17 12:00:00,0.26631257130086344,0.03548592801462798,0.042483146272004765,0.12219896153605186,0.16407812484988168,0.0,True,True,2000,1.8085222350292098,14.725424224411714,6.756840428565603
171,2023-01-17 18:00:00,0.2632282218756297,0.03489451948995654,0.04326802680758944,0.12502609075147178,0.17341576378968274,0.0,True,True,2000,1.7919956370667398,14.689110644627437,6.9769193721990845
172,2023-01-18 00:00:00,0.25580284633864414,0.035510494226434604,0.043514490732312165,0.12355924128468204,0.17385334794763418,0.0,True,True,2000,1.7927701748092983,14.26857998493056,6.892084831667024
173,2023-01-18 06:00:00,0.25481318390061725,0.037515403679240736,0.044359818679258825,0.12633605075953083,0.17797153539166588,0.0,True,True,2000,1.8003790550860772,14.153307503815327,7.017191763180707
174,2023-01-18 12:00:00,0.26058184428942976,0.033928392607967275,0.042829580894762895,0.12129633064761144,0.16912324615298002,0.0,True,True,2000,1.8055532005966108,14.432244045942562,6.717959382616439
175,2023-01-18 18:00:00,0.28054780931813816,0.03597163727281142,0.04423579509149189,0.12413461786917739,0.16995123255633368,0.0,True,True,2000,1.806365790008246,15.531063025549077,6.872064260506767
176,2023-01-19 00:00:00,0.310346938022522,0.03708326066521524,0.045282682226335275,0.12790689656504653,0.17987951866708618,0.0,True,True,2000,1.7970097885292788,17.270186284100227,7.117762929367736
177,2023-01-19 06:00:00,0.3280787331495967,0.03906534168018035,0.046785004097402015,0.13189262204740745,0.1871269134430513,0.0,True,True,2000,1.7880823983765068,18.348076880991414,7.37620493144833
178,2023-01-19 12:00:00,0.3066623764230491,0.03826745260298832,0.04689646959018097,0.12964366264085792,0.18046887426596298,0.0,True,True,2000,1.7786206855142066,17.24158382507464,7.2890000491238744
179,2023-01-19 18:00:00,0.3272247491542623,0.03816472889598427,0.046934552479761325,0.13540073868105346,0.17355505469392307,0.0005,True,True,2000,1.795282741786964,18.226920001946535,7.542028647046433
180,2023-01-20 00:00:00,0.3132332892922491,0.03753047169947759,0.04559042865003793,0.12963595944215095,0.17351266036650212,0.0,True,True,2000,1.805726601879274,17.3466619457374,7.179157648075568
181,2023-01-20 06:00:00,0.3192632286077065,0.03952627388386453,0.0465469047259378,0.12952239922271125,0.18857448056038928,0.0,True,True,2000,1.8064813481217716,17.673209244017368,7.169871936811184
182,2023-01-20 12:00:00,0.3207025854650076,0.041564474654932786,0.04614520786524196,0.13294017481922316,0.17372439462477915,0.0,True,True,2000,1.7978452795234319,17.838163779589454,7.394416879658443
183,2023-01-20 18:00:00,0.3339857208059806,0.03669690816370866,0.043419357714422256,0.1252809486416837,0.16662530307166823,0.0,True,True,2000,1.7382518881995936,19.21388511488451,7.207295415133667
184,2023-01-21 00:00:00,0.3391592903218651,0.03537149366702299,0.04324048726794644,0.12494507646094598,0.1681259231760984,0.0,True,True,2000,1.7363795846229129,19.532554593788305,7.19572365209996
185,2023-01-21 06:00:00,0.3424779121176277,0.036309604048156176,0.04440671808420981,0.12586408205407132,0.17423145600858642,0.0,True,True,2000,1.7319192197393318,19.774473786899453,7.267318280180233
186,2023-01-21 12:00:00,0.33645006499834895,0.03924801136803019,0.046320068219209164,0.13572498082596243,0.17036843033781837,0.0,True,True,2000,1.733548961440526,19.40816628096672,7.829313382252506
187,2023-01-21 18:00:00,0.34261181703869154,0.0377127015775569,0.046664605147962855,0.13116830286490905,0.191556174122654,0.0,True,True,2000,1.7129410788884136,20.001377820947823,7.657490644688647
188,2023-01-22 00:00:00,0.3610061952274182,0.038313385856603495,0.046379924785621494,0.13433640582029435,0.18438962266831171,0.0,True,True,2000,1.7022429286018408,21.207677773931792,7.891729409657956
189,2023-01-22 06:00:00,0.3704720913564847,0.03744336011968173,0.04570575152290414,0.12955484826668998,0.17684156327322664,0.0,True,True,2000,1.6990979726048057,21.80404528342363,7.624919242771837
190,2023-01-22 12:00:00,0.381372038887101,0.037189845422353485,0.04391023349789671,0.12668491606744273,0.1719316512433887,0.0,True,True,2000,1.6358158110161949,23.31387411215854,7.744448685133079
191,2023-01-22 18:00:00,0.3533984113081478,0.040437851262313876,0.045447856228257866,0.13356228687155017,0.16815205627894816,0.0,True,True,2000,1.667251707780363,21.19646419667684,8.010925179939605
192,2023-01-23 00:00:00,0.35486683542165026,0.040696692232421984,0.046287506615283906,0.1328449354194188,0.17555806010373046,0.0,True,True,2000,1.6718145946488787,21.226446793651828,7.946152393012183
193,2023-01-23 06:00:00,0.32925875778268004,0.038767793734284274,0.045467879141141,0.12711031001155407,0.18189945519346973,0.0,True,True,2000,1.6701589302601807,19.714217121324342,7.610671518054427
194,2023-01-23 12:00:00,0.35058713195772706,0.04029341520860715,0.04513038485164293,0.12629546952587645,0.17360655196643549,0.0,True,True,2000,1.6665647283459128,21.036514573645714,7.578191676432894
195,2023-01-23 18:00:00,0.3621300717815055,0.03852795771770655,0.04420799471620123,0.12504710408337155,0.16613970669975517,0.0,True,True,2000,1.6907711408289583,21.418041923992085,7.395862223083778
196,2023-01-24 00:00:00,0.35859819662707443,0.035752604203882356,0.04283004156513417,0.1196976497349406,0.15790349167735926,0.0,True,True,2000,1.6696340462046393,21.477652389889197,7.169094928738043
197,2023-01-24 06:00:00,0.3604104477551182,0.03991567231044632,0.04616219588412946,0.13305585327070452,0.17393430323502468,0.0,True,True,2000,1.6640785060063878,21.658259899051586,7.995767795236083
198,2023-01-24 12:00:00,0.35945863810338186,0.04439437801496161,0.048128558879291204,0.1389965022519481,0.1826169424631532,0.0,True,True,2000,1.6858382923994915,21.322248979868423,8.24494869280204
199,2023-01-24 18:00:00,0.3541410615781438,0.041996458063738945,0.04705853711911772,0.13468579747415801,0.1847066489752668,0.0,True,True,2000,1.6689959605262024,21.218808790075798,8.06986958983976
200,2023-01-25 00:00:00,0.3349330860890355,0.0418775146198686,0.047065630012739584,0.13509664896041637,0.18698707639992035,0.0,True,True,2000,1.6798423543902194,19.93836416933396,8.042221855363104
201,2023-01-25 06:00:00,0.33755756117315544,0.04434701746673956,0.04734680777494713,0.1360287914863848,0.17968609050309844,0.0,True,True,2000,1.6634162387141662,20.293030290126907,8.177676057288952
202,2023-01-25 12:00:00,0.3209641697043414,0.0427304079148501,0.04602870410588901,0.13206315522619033,0.16914919612920268,0.0,True,True,2000,1.6540580888337082,19.404649200117042,7.984190888925147
203,2023-01-25 18:00:00,0.3109947300874293,0.048067335479794616,0.05003763761442755,0.14618362540538082,0.18849903930513365,0.0,True,True,2000,1.5990885597206692,19.448249329089958,9.14168414980821
204,2023-01-26 00:00:00,0.30666121360546816,0.04388111577369963,0.048141991795743085,0.13968727518389887,0.1855640461510122,0.0005,True,True,2000,1.6791421681798233,18.262968997907215,8.318966543215263
205,2023-01-26 06:00:00,0.3070997442727381,0.04436055399416468,0.048904803392094236,0.13983820780582865,0.1839892905770145,0.0,True,True,2000,1.627906061982624,18.864709177304853,8.590066163616342
206,2023-01-26 12:00:00,0.308838559783588,0.04721502766498888,0.04869346663291069,0.14115689097078443,0.18683797427672763,0.0,True,True,2000,1.5551514127914292,19.859066920643837,9.076729751826154
207,2023-01-26 18:00:00,0.3049881796124828,0.042008632087925823,0.0467427083636458,0.13312803673208062,0.1816351518491462,0.0,True,True,2000,1.515390519766402,20.126045110767677,8.785064641463004
208,2023-01-27 00:00:00,0.2929265954569422,0.04276128040960781,0.04720205662717867,0.13485335187474182,0.18407222423396372,0.0,True,True,2000,1.522643143844419,19.23803332653189,8.856530331477385
209,2023-01-27 06:00:00,0.2752733335209717,0.04076295512173043,0.047152028372800345,0.1336548676055606,0.19295885033615248,0.0,True,True,2000,1.5349846815220027,17.933295154973564,8.707244392369837
210,2023-01-27 12:00:00,0.2875581362555348,0.03972514312642001,0.04525206412275035,0.1308543754787629,0.1722933333496537,0.0,True,True,2000,1.5394880823197534,18.678815351544152,8.49986284282156
211,2023-01-27 18:00:00,0.29461441970249125,0.04048946870922492,0.046562347275540844,0.13098227406383106,0.18487479809263152,0.0,True,True,2000,1.5751661761458406,18.70370403860257,8.315457508383151
212,2023-01-28 00:00:00,0.2755340421138089,0.03792173712318981,0.043145963910972855,0.12181866837595517,0.1674659781296965,0.0,True,True,2000,1.6001854598666505,17.218881749917298,7.612784357264863
213,2023-01-28 06:00:00,0.26629973931061424,0.040533197462881636,0.04623150080795669,0.13457955306109398,0.1700555625307056,0.0,True,True,2000,1.5691867001887592,16.97055801445301,8.576388841742366
214,2023-01-28 12:00:00,0.2574136049196047,0.03720682343714098,0.04378231594830414,0.12552184679482659,0.1668333173393603,0.001,True,True,2000,1.5350374388173984,16.76920695288824,8.177119568596929
215,2023-01-28 18:00:00,0.25895436189347526,0.036956659185463606,0.04236853089873204,0.12136000083114273,0.16326994256104257,0.0,True,True,2000,1.4880329483342443,17.402461563996802,8.155733444410442
216,2023-01-29 00:00:00,0.25934091296106676,0.03617348989126058,0.04379597704883507,0.12452914535156029,0.17495273757919244,0.0,True,True,2000,1.4956144694142,17.34009119760957,8.326286479451865
217,2023-01-29 06:00:00,0.2696287277767517,0.037830075733825776,0.04481946081588756,0.12682361302791215,0.1725719278928124,0.0,True,True,2000,1.524861135053236,17.68218243475255,8.317059836631254
218,2023-01-29 12:00:00,0.28119951668220233,0.0361313450445147,0.04355249885265214,0.12465414841236709,0.16732684050980262,0.0,True,True,2000,1.4771678703292124,19.036395411141196,8.438725950936487
219,2023-01-29 18:00:00,0.29715669601404365,0.03670954062249248,0.044315136567863414,0.1286751278651693,0.17960636925572265,0.0,True,True,2000,1.4767789374283187,20.121948416430968,8.713228811974105
220,2023-01-30 00:00:00,0.3060045980138143,0.03951094058738458,0.0445582636584455,0.12616260810513327,0.17303839018686362,0.0,True,True,2000,1.450923256272955,21.090336562656017,8.695332958492392
221,2023-01-30 06:00:00,0.32482471442746425,0.039028352073211287,0.044731003695115415,0.12608715066410595,0.17247066839329844,0.0,True,True,2000,1.4869851460142158,21.84451642292053,8.47938198993284
222,2023-01-30 12:00:00,0.3239758213966121,0.04347892729926897,0.047417600038099146,0.13923989943055678,0.18634238108940798,0.0,True,True,2000,1.4819347746807656,21.861678862782746,9.395818345686061
223,2023-01-30 18:00:00,0.3384382123609974,0.0426671029791562,0.047342789040238024,0.13375274371446338,0.18830830628896597,0.0,True,True,2000,1.5068043890456564,22.460660110988215,8.87658309776868
224,2023-01-31 00:00:00,0.3403050938786392,0.044370475238155266,0.04753781481744404,0.13545306597102935,0.1820738805381714,0.0,True,True,2000,1.513640484859117,22.482557600876625,8.948826840056192
225,2023-01-31 06:00:00,0.36302401210797736,0.04242009254557163,0.04632355086036083,0.13628723733998988,0.17632169370060363,0.0,True,True,2000,1.5011197452733256,24.1835478649225,9.079038349147458
226,2023-01-31 12:00:00,0.3728095633550103,0.0431759326536737,0.04815841772218611,0.13659846345034057,0.1887039069159208,0.0,True,True,2000,1.4570994439536968,25.58573231923197,9.374683657808145
227,2023-01-31 18:00:00,0.3546104351758945,0.04211140317406252,0.046818705905243535,0.1336301243071007,0.18114660827674228,0.0,True,True,2000,1.4578844418220116,24.323631215428513,9.166029931706698
228,2023-02-01 00:00:00,0.3314524671587954,0.04343264536186861,0.046752226707760934,0.13750987955240418,0.1765739788542702,0.0,True,True,2000,1.4536004649792018,22.802171239229608,9.459950162741016
229,2023-02-01 06:00:00,0.3222414528769352,0.0418397788192442,0.04675597125359331,0.13437784974660938,0.17811058716128159,0.0,True,True,2000,1.4540594219936946,22.16150509413862,9.241565214876898
230,2023-02-01 12:00:00,0.3068262833708766,0.04399707882085885,0.047719701197422346,0.13405947767362747,0.18301233672787465,0.0,True,True,2000,1.4622625667945008,20.982981465735385,9.167948405292627
231,2023-02-01 18:00:00,0.3165083707270307,0.047714798766474144,0.04954379887531743,0.147036838398937,0.19015232572914212,0.0,True,True,2000,1.4872752873959338,21.281088538841004,9.886322972284667
232,2023-02-02 00:00:00,0.3107520817907385,0.047697083607771064,0.04917017480186678,0.1428472238161497,0.19164262694784748,0.0,True,True,2000,1.4999198277728827,20.717912786855464,9.523657276286073
233,2023-02-02 06:00:00,0.3070824013510408,0.04571929848792483,0.04876432811170732,0.13780929574505577,0.18635290657615558,0.0,True,True,2000,1.4990434435784552,20.48522360486006,9.19314889340919
234,2023-02-02 12:00:00,0.29245565222076125,0.04481032411940508,0.047543703129000026,0.13863960216214413,0.1761272309601155,0.0,True,True,2000,1.5367460523889507,19.030838033787294,9.021633857241524
235,2023-02-02 18:00:00,0.3001224719098339,0.04395580198935268,0.0471781488961941,0.13495752656942675,0.18940547050021725,0.0,True,True,2000,1.535591589705154,19.54442013891596,8.788634131249683
236,2023-02-03 00:00:00,0.3127722850701176,0.045232033935280656,0.049312079170998516,0.1426417854331412,0.18486647354466035,0.0,True,True,2000,1.5544881334985114,20.120596505693243,9.176125720053802
237,2023-02-03 06:00:00,0.3184058237142074,0.04564854531564545,0.04740751004325757,0.1380172279972797,0.18039074407503594,0.0,True,True,2000,1.5773134890008764,20.18659105717129,8.750145672354863
238,2023-02-03 12:00:00,0.30266481988009847,0.04570870816845762,0.04817485544430102,0.1400630115709587,0.18259514239896316,0.0,True,True,2000,1.5830096091304893,19.119581974385188,8.847893958640725
239,2023-02-03 18:00:00,0.3128861388433588,0.04588582243725426,0.04841746741624327,0.14084802018238565,0.18705068893132681,0.0,True,True,2000,1.5894058136181388,19.685730111374248,8.861677677002945
240,2023-02-04 00:00:00,0.32475161403210645,0.044434156962331404,0.04818856468652772,0.14212637529060046,0.18819241792488536,0.0,True,True,2000,1.5486984523448921,20.969325147861962,9.177149694661747
241,2023-02-04 06:00:00,0.3416179054535136,0.047033597278025974,0.04899704529787921,0.14050244522932184,0.18866185579414327,0.0,True,True,2000,1.550619640038855,22.031057561282626,9.061051569410097
242,2023-02-04 12:00:00,0.3341776841291267,0.04592057429237743,0.04977427768028692,0.14370948422350321,0.19591943245951743,0.0,True,True,2000,1.5720072481230762,21.25802438431016,9.14178254553772
243,2023-02-04 18:00:00,0.34225280922046064,0.04462576822563729,0.0491292490143851,0.1425536538716512,0.19039604500064936,0.0,True,True,2000,1.610016097145929,21.25772592132285,8.854175689569544
244,2023-02-05 00:00:00,0.3601013410474455,0.0449248893782343,0.048779261405359126,0.140489570237964,0.1897353994134144,0.0,True,True,2000,1.6240963477946453,22.172412464102013,8.650322404131645
245,2023-02-05 06:00:00,0.33715617448374774,0.04529883738572387,0.04839464265740236,0.1410572048260605,0.18227048803188478,0.0,True,True,2000,1.638589637245115,20.575998213353333,8.608452148105455
246,2023-02-05 12:00:00,0.320807089766696,0.04511512953992066,0.04830935466826273,0.13911935008089152,0.18893826890177842,0.0,True,True,2000,1.6336960003371879,19.636890198695642,8.51562041237647
247,2023-02-05 18:00:00,0.3392883223637163,0.04485362618361663,0.04812978647352462,0.13959446925702101,0.18696553841345387,0.0,True,True,2000,1.6497359015549065,20.566220450432752,8.461625228950322
248,2023-02-06 00:00:00,0.3248165024641538,0.04546576516311918,0.04864583741584891,0.1398383371911262,0.1932685663388698,0.0,True,True,2000,1.6806983017925041,19.326282540877763,8.320252185772148
249,2023-02-06 06:00:00,0.32686999358449265,0.04498339002151729,0.04838166156578152,0.14273684287415675,0.18181442904083758,0.0,True,True,2000,1.661803943619126,19.669588271202766,8.589270919847513
250,2023-02-06 12:00:00,0.2981772915259724,0.04666198926543838,0.04957417452290031,0.14134196516972758,0.18076912266274164,0.0,True,True,2000,1.6579217947868778,17.985003421967946,8.525249237579194
251,2023-02-06 18:00:00,0.2858708318247669,0.04707480401011053,0.048797554295212785,0.14233949126572895,0.1854204934899984,0.0,True,True,2000,1.6017664244579677,17.84722338161787,8.886407474416638
252,2023-02-07 00:00:00,0.3026608827106465,0.04711310401554191,0.04774967329425843,0.1395057180784414,0.181001199305791,0.0,True,True,2000,1.6145917261996439,18.745350778121264,8.640309238224818
253,2023-02-07 06:00:00,0.30800890549239196,0.04552616095891806,0.04848252210521657,0.14007324160027476,0.19270020928804704,0.0,True,True,2000,1.6420150308269092,18.757983313787356,8.530569999090366
254,2023-02-07 12:00:00,0.3050156640811857,0.04480275605981029,0.04690033108713868,0.13686200085133754,0.17863783174691736,0.0,True,True,2000,1.6703515284735098,18.260567244784184,8.193604670533759
255,2023-02-07 18:00:00,0.30886386222901546,0.04406625487829379,0.046100663703433284,0.1343242794526261,0.18143708823960122,0.0,True,True,2000,1.6929817752946263,18.243779509987014,7.9341834278901135
256,2023-02-08 00:00:00,0.3174426723699885,0.04498325153787169,0.04870900317330505,0.140394535064103,0.18324387782744353,0.0,True,True,2000,1.6879621702854197,18.806266986203354,8.317398193844799
257,2023-02-08 06:00:00,0.29428886417978145,0.044540737599396564,0.04705216484242482,0.13428945214873214,0.1776506598636168,0.0,True,True,2000,1.680011255474015,17.51707693748444,7.993366217706821
258,2023-02-08 12:00:00,0.3234144837768442,0.04536409445601568,0.048527342232947954,0.14227669171873192,0.1796361023510798,0.0,True,True,2000,1.69247072526616,19.10901494180844,8.406449198485092
259,2023-02-08 18:00:00,0.3066843796071616,0.04421336186618021,0.04719565530458143,0.13350518907446934,0.18373605032047324,0.0,True,True,2000,1.6816603491527324,18.23699891370322,7.938891414174866
260,2023-02-09 00:00:00,0.28185070879021945,0.04072056559713575,0.046235852259274984,0.13327422767270544,0.1752817889775541,0.0,True,True,2000,1.6803631566864516,16.773202130068572,7.931275280726345
261,2023-02-09 06:00:00,0.2286180938307237,0.04116030565709101,0.047158643647754725,0.13256045428754187,0.19242520689927964,0.0035,True,True,2000,1.7149716101495254,13.330721772752312,7.72960050784655
262,2023-02-09 12:00:00,0.23253617913033453,0.04048181206495409,0.0461645923208344,0.13112808158235872,0.1754407909175166,0.0,True,True,2000,1.6944123656210726,13.72370645118022,7.738852964183534
263,2023-02-09 18:00:00,0.23500541303979866,0.0398070171980195,0.04560478833086647,0.13357500796342123,0.17361458322236537,0.0015,True,True,2000,1.6808587246835065,13.98127097707444,7.946831342923982
264,2023-02-10 00:00:00,0.2321112884560949,0.03757849935649112,0.044081405090031146,0.12731263346297284,0.1671603406617391,0.0,True,True,2000,1.6654049048963135,13.937228584693399,7.644545364834217
265,2023-02-10 06:00:00,0.2159802232820059,0.03573393591658086,0.04247113188866566,0.1211953334444659,0.15976498649221027,0.001,True,True,2000,1.7233623683043697,12.532490395186624,7.032492740555253
266,2023-02-10 12:00:00,0.21319369404662789,0.03590838389398609,0.04262587058470301,0.12088246391586387,0.16228563636090634,0.001,True,True,2000,1.6780472705384646,12.704868199464766,7.203757965475798
267,2023-02-10 18:00:00,0.2154893164467318,0.03516352109590965,0.042113225236264346,0.11995353914262838,0.16467762672072203,0.001,True,True,2000,1.664536544160286,12.945904804717904,7.206422686450644
268,2023-02-11 00:00:00,0.23641165677560055,0.037114427546141866,0.04448320466027497,0.12705931187872238,0.17246842312629213,0.002,True,True,2000,1.6587633249301796,14.25228380821306,7.6598819113673455
269,2023-02-11 06:00:00,0.2602143528919659,0.037833576850269425,0.04428939915468467,0.12681163487424205,0.17024601092410405,0.0,True,True,2000,1.6564925815402227,15.708754496806506,7.655430292137582
270,2023-02-11 12:00:00,0.27099561838907804,0.0362068178178823,0.04179976559909769,0.11890648462551458,0.16377597148623863,0.0,True,True,2000,1.6553366116666735,16.371027891192867,7.183220849914855
271,2023-02-11 18:00:00,0.26859270350660186,0.03807509511169316,0.04293243831837329,0.1218074177913956,0.16469657882754213,0.0,True,True,2000,1.6422645423032267,16.35502055776645,7.417039986783393
272,2023-02-12 00:00:00,0.2771182861705138,0.037929160928147944,0.043780142314659314,0.12406898996886695,0.18030783065321815,0.0,True,True,2000,1.595249833315407,17.37146623576691,7.777401845014735
273,2023-02-12 06:00:00,0.251332597181848,0.03638892651941078,0.041453584131994924,0.11871693550172385,0.15674686636189755,0.0,True,True,2000,1.5819877213686915,15.887139564168178,7.504289312625845
274,2023-02-12 12:00:00,0.2330991684194773,0.03574909180929157,0.04184344029024223,0.11886238620201373,0.1605597915415579,0.0005,True,True,2000,1.5784609184876182,14.767496976917126,7.530271089378644
275,2023-02-12 18:00:00,0.24344412947532157,0.03745489221182309,0.041633135606361886,0.11995546902972483,0.15920960164599254,0.0,True,True,2000,1.6051334657209346,15.16659733749806,7.4732395524410595
276,2023-02-13 00:00:00,0.24531721159117276,0.03910109476531498,0.04465149015325438,0.12869413901539947,0.16939007673552173,0.0,True,True,2000,1.6346915034794314,15.006942353894695,7.87268660425987
277,2023-02-13 06:00:00,0.23080761195631405,0.037109645654625066,0.04279655957552611,0.12269681164972218,0.17049669208343013,0.0,True,True,2000,1.6423346115811308,14.053628921216474,7.470877784862479
278,2023-02-13 12:00:00,0.2284671932186905,0.03729458162391405,0.04345335397694962,0.12767011606922532,0.16728830319916202,0.0,True,True,2000,1.6088948966735388,14.200255945311063,7.935267638252127
279,2023-02-13 18:00:00,0.25766077235192325,0.040690588067000176,0.0456164726082146,0.13023054600985473,0.18650248377307266,0.001,True,True,2000,1.6101759893337422,16.002025496513458,8.087969692290683
280,2023-02-14 00:00:00,0.25549308036646134,0.038601175810119216,0.04389209616606334,0.12335307026794406,0.16748299157089655,0.0,True,True,2000,1.6203214278340414,15.768049226380395,7.612876565659928
281,2023-02-14 06:00:00,0.2076694127912807,0.037120703464367945,0.0426862656280809,0.12157392619519107,0.1607560579910497,0.001,True,True,2000,1.6288324947203063,12.749586803088706,7.463869157157688
282,2023-02-14 12:00:00,0.2054335530869426,0.037745073347441434,0.04303674472250479,0.12412253586632645,0.1625618334257106,0.0005,True,True,2000,1.6403762055527886,12.523563338186424,7.566711553493824
283,2023-02-14 18:00:00,0.20823121028752176,0.03775468135668969,0.044357333932702366,0.12502157730750552,0.18212276871294597,0.0065,True,True,2000,1.6375015461220546,12.71639778177045,7.634898275582255
284,2023-02-15 00:00:00,0.20388512381915722,0.03698775613556238,0.0430664706624746,0.12203174819446477,0.1661161158080596,0.002,True,True,2000,1.6113166883932966,12.653324159539277,7.573418004883145
285,2023-02-15 06:00:00,0.19809465779983595,0.035971564442889736,0.043001199781185155,0.12347164440157714,0.17086619304021508,0.0025,True,True,2000,1.5879165871358103,12.475129953592043,7.775700902796662
286,2023-02-15 12:00:00,0.20168720431878187,0.039463032303072645,0.04513860590153042,0.12811896177095825,0.17482692511359138,0.004,True,True,2000,1.608206179974059,12.541128546218816,7.9665756397618654
287,2023-02-15 18:00:00,0.19980916286885037,0.03730330241251386,0.04365354307557945,0.12310569380340534,0.17195542014058485,0.0025,True,True,2000,1.6273187989253404,12.278427742664908,7.564940187792503
288,2023-02-16 00:00:00,0.22832551672008014,0.038256670403375465,0.04322224622524063,0.12365267778602991,0.16453309170713884,0.002,True,True,2000,1.6282428030149627,14.022817499779357,7.594240708883612
289,2023-02-16 06:00:00,0.22165266654447732,0.03937641212270681,0.043970374653430414,0.12677745066002583,0.16108067733637035,0.001,True,True,2000,1.640794139967247,13.508865076084554,7.72659089717108
290,2023-02-16 12:00:00,0.21865417464199438,0.03997277780593398,0.0439077425855706,0.12606309421076758,0.17064220031253088,0.0015,True,True,2000,1.6418410559744552,13.317621327980506,7.678154578486125
291,2023-02-16 18:00:00,0.22347495304707876,0.03972446542072822,0.044440893360564705,0.12818272661092614,0.17323034717805688,0.0005,True,True,2000,1.6649308010517967,13.422476952549713,7.698982235775115
292,2023-02-17 00:00:00,0.22086204339526927,0.03915354551722665,0.04385617480498527,0.1253858240519028,0.17708125159504756,0.0015,True,True,2000,1.6457836019398429,13.419871429934341,7.618609390937772
293,2023-02-17 06:00:00,0.2152305773334433,0.03882643618336415,0.04332099625192431,0.12632969174859104,0.16572455177960757,0.001,True,True,2000,1.6489573677684402,13.052525282974308,7.661186045067677
294,2023-02-17 12:00:00,0.19885923598961106,0.0357664505279113,0.041677871521053914,0.1158229341613934,0.1624242016281126,0.004,True,True,2000,1.623645253749191,12.247702232394749,7.133512317049824
295,2023-02-17 18:00:00,0.21837481154315183,0.03735188989028292,0.042361242124973636,0.11927418642299932,0.15954505043900682,0.0,True,True,2000,1.6170742998326106,13.5043152665129,7.375924930310614
296,2023-02-18 00:00:00,0.21915268306459862,0.03700280105270124,0.04296283124422521,0.12363989206986646,0.16169110681706333,0.0005,True,True,2000,1.6231352731394855,13.501812614835925,7.617349836204401
297,2023-02-18 06:00:00,0.2255282536808879,0.0374154857116475,0.04183856112967124,0.11709032095141236,0.1598423251226334,0.0005,True,True,2000,1.6232132139919535,13.893938993155947,7.2134898818038335
298,2023-02-18 12:00:00,0.21249716204223082,0.039193690861699264,0.04389379020494388,0.12466566302663983,0.16789629851969537,0.001,True,True,2000,1.673154166611441,12.700393441483707,7.450937009535662
299,2023-02-18 18:00:00,0.20151433137685568,0.03662065468983314,0.04170238599963946,0.11987133173053763,0.16014222146475904,0.0015,True,True,2000,1.694534987264179,11.89201361384694,7.073995676186627
300,2023-02-19 00:00:00,0.20346084284428168,0.03476391273241026,0.04167510365335844,0.11696245389248437,0.16765304696129404,0.001,True,True,2000,1.7244774154543818,11.798405767504462,6.7824868475686
301,2023-02-19 06:00:00,0.20705428997130082,0.036711064414200904,0.04265366313704857,0.1256572893111722,0.16295231373755023,0.001,True,True,2000,1.7376974194002233,11.915439803252218,7.231252570688835
302,2023-02-19 12:00:00,0.2070643653262499,0.03455170127483816,0.04161225892156398,0.11894121623360451,0.15683271299740162,0.0005,True,True,2000,1.740593837757444,11.896190876616492,6.833369948433614
303,2023-02-19 18:00:00,0.18352435780968582,0.03412637389266261,0.040861917667116665,0.11880806628306788,0.15183164335141477,0.003,True,True,2000,1.725883759395105,10.633645331595693,6.883897344552811
304,2023-02-20 00:00:00,0.19906896115162667,0.032787910247255594,0.04012768241717517,0.11597883062529944,0.15582561971845577,0.001,True,True,2000,1.7119194696359936,11.628406866238562,6.774783083106128
305,2023-02-20 06:00:00,0.19663816648052992,0.034634870627311735,0.041400017737109295,0.11462408113450194,0.16330114369522378,0.0015,True,True,2000,1.7108380883653818,11.49367481457042,6.699878960727334
306,2023-02-20 12:00:00,0.17489338011563327,0.03304525060243785,0.039995575874945705,0.1150671047054914,0.1569812617602401,0.0025,True,True,2000,1.7073300210886317,10.2436774352575,6.739593592580423
307,2023-02-20 18:00:00,0.181615422803721,0.034873043652622386,0.04028059779325855,0.11256345773123862,0.15792646886070513,0.0045,True,True,2000,1.6788476005866035,10.81786236822586,6.704804991942567
308,2023-02-21 00:00:00,0.17697202816095897,0.036269355236558394,0.041346995086426516,0.11835653978034125,0.1564107029777593,0.0045,True,True,2000,1.679776973373544,10.5354479175614,7.045967509760683
309,2023-02-21 06:00:00,0.19276146257922266,0.03615646558024955,0.04175857925354079,0.11878369749715545,0.16293624521559144,0.0045,True,True,2000,1.696748025188975,11.360641634325985,7.000668085877155
310,2023-02-21 12:00:00,0.19188761441104593,0.03388670426067323,0.04056684886322661,0.11624532657099164,0.14861136994182886,0.0015,True,True,2000,1.6538961655566224,11.60215607286723,7.028574646454241
311,2023-02-21 18:00:00,0.20792833897182422,0.035370954671904146,0.03970528991144516,0.11268769204042592,0.16096853178267417,0.0005,True,True,2000,1.6605317078765156,12.521792747801397,6.786241509626498
312,2023-02-22 00:00:00,0.20078252659292634,0.03298927720126066,0.03961338147760359,0.11145774481939258,0.15964112073290293,0.0015,True,True,2000,1.662444243253475,12.07754951227635,6.704450105422182
313,2023-02-22 06:00:00,0.1872120399488693,0.03207833487726378,0.038651537992516374,0.10734316900786918,0.15835643936552438,0.004,True,True,2000,1.7389998038957784,10.765500923546355,6.172695866175179
314,2023-02-22 12:00:00,0.18590090565479728,0.03113784991829144,0.0389819280515083,0.11138461019676722,0.15455367455108915,0.0015,True,True,2000,1.7259640640730713,10.770844510869658,6.453472150162426
315,2023-02-22 18:00:00,0.20330951081613766,0.03268228037421983,0.0396216031442939,0.11331817196311665,0.15056061986987582,0.0,True,True,2000,1.7122730453200499,11.873661818821427,6.617996602401445
316,2023-02-23 00:00:00,0.20372633842592303,0.0331595065035819,0.04016012301545517,0.11734642420774441,0.1526938286787651,0.001,True,True,2000,1.709541265330722,11.91701788997242,6.864205420922845
317,2023-02-23 06:00:00,0.1979214128273468,0.032888261447717566,0.039576487724991366,0.11381011798681892,0.15249689728560936,0.0,True,True,2000,1.7175210709715298,11.523667230201195,6.626417568341172
318,2023-02-23 12:00:00,0.19582635373049403,0.03211533541563463,0.040056921466474944,0.11386374050502902,0.1551227003792632,0.0015,True,True,2000,1.6961859514032986,11.545099378312962,6.7129279316826445
319,2023-02-23 18:00:00,0.1916757936652243,0.034944815388452816,0.04170664118036142,0.11672360043550434,0.16386840522297458,0.0045,True,True,2000,1.6859458946480594,11.369035879128052,6.923330149919808
320,2023-02-24 00:00:00,0.17872305849387307,0.032098376336949286,0.040155098579468786,0.1136516090441749,0.15644319320717495,0.004,True,True,2000,1.648496918591156,10.841576740502127,6.894256686952392
321,2023-02-24 06:00:00,0.16407471411084742,0.03199999420858695,0.039774132311941775,0.11154655411205784,0.15987368804430882,0.0095,True,True,2000,1.6546215182376103,9.916147729397874,6.74151477437992
322,2023-02-24 12:00:00,0.15495202968401678,0.03254797347977249,0.038768832936693406,0.10976902376799501,0.14557693720608272,0.005,True,True,2000,1.6312008937382716,9.499260960365746,6.729338132989497
323,2023-02-24 18:00:00,0.15885286283467157,0.03138938288578942,0.03970384865207424,0.11172301147609161,0.14864736184358646,0.008,True,True,2000,1.650518768040325,9.624420267773079,6.76896340953101
324,2023-02-25 00:00:00,0.15215745271270398,0.031462972508044654,0.03785534512996493,0.10604823678146931,0.14981028740278363,0.009,True,True,2000,1.6442465388890046,9.253931762296105,6.449655466699336
325,2023-02-25 06:00:00,0.1571073548396655,0.030375136317901338,0.03797137766515791,0.10741140479807358,0.14982176478095002,0.0075,True,True,2000,1.5816447531659268,9.933163216657144,6.791120735744968
326,2023-02-25 12:00:00,0.1830886652295657,0.03349331921162926,0.0400141987908399,0.11899902843980331,0.1528522541384365,0.001,True,True,2000,1.5704621813947726,11.658266426190501,7.577325315412361
327,2023-02-25 18:00:00,0.19207269592621093,0.03340834788242757,0.040026685751149024,0.11328006225887544,0.157776629529075,0.0015,True,True,2000,1.5969572725767884,12.02741608836471,7.093493620908912
328,2023-02-26 00:00:00,0.1847603462908515,0.03543958702495856,0.041355162549460735,0.1188621501741697,0.16314909344216702,0.0035,True,True,2000,1.5955207747724838,11.579939867420261,7.449740050618837
329,2023-02-26 06:00:00,0.18731182912345087,0.0347824819492331,0.041188490258795875,0.11775835989797606,0.15922173512845303,0.0025,True,True,2000,1.5901351048742005,11.77961725071591,7.405556894946496
330,2023-02-26 12:00:00,0.1710143427819951,0.03550634709662899,0.04131395795202597,0.11881971010057196,0.15650558355872776,0.0055,True,True,2000,1.557697993688841,10.978658473906732,7.627904162551477
331,2023-02-26 18:00:00,0.17889251973465284,0.03606130373446338,0.0415783951459282,0.1220529180581857,0.1554132870567773,0.004,True,True,2000,1.5585442412050585,11.47818040739954,7.83121292494174
332,2023-02-27 00:00:00,0.18702493885986637,0.040754653837445524,0.043259742746672415,0.12627249907742666,0.16174347722767288,0.0025,True,True,2000,1.5541634624457994,12.033801036960664,8.124788809454484
333,2023-02-27 06:00:00,0.18270899645092223,0.03810100654200545,0.043366823254720854,0.12615580568485626,0.16505367290047365,0.0055,True,True,2000,1.5426151442633735,11.844107529371433,8.17804791778431
334,2023-02-27 12:00:00,0.1788571806114651,0.040597057146239776,0.04424773730064601,0.1275696773192133,0.17485453838621512,0.0085,True,True,2000,1.5421568446834872,11.597859272749512,8.27215971961631
335,2023-02-27 18:00:00,0.17127330512490116,0.038628637353297524,0.042702468037094966,0.12480867442804668,0.16710706322529442,0.0085,True,True,2000,1.5409413385703157,11.114849140448683,8.099508482512649
336,2023-02-28 00:00:00,0.16301078878765698,0.03836400478496394,0.04378214035559615,0.12507454272940907,0.16631137978584143,0.0105,True,False,2000,1.54849699325349,10.527032955043781,8.077157609884637
337,2023-02-28 06:00:00,0.1368965583073472,0.036366081540538116,0.04228646661500185,0.12314852617852727,0.15679346082742843,0.027,True,False,2000,1.5241430609920792,8.981870653155086,8.079853481625847
338,2023-02-28 12:00:00,0.10430197473654779,0.03582846817408463,0.04103320305379558,0.11710406504310018,0.15983839020640428,0.077,False,False,2000,1.530740677099924,6.813823941371563,7.650156998830171
339,2023-02-28 18:00:00,0.1083254311824264,0.03544884821312706,0.04072867118354367,0.11635338395561662,0.15409096595901312,0.064,False,False,2000,1.5447296396854808,7.012581904266581,7.532281440479584
340,2023-03-01 00:00:00,0.12349495360989206,0.03776729917269758,0.04165685273733218,0.12085190756233713,0.1656401833944784,0.0415,True,False,2000,1.554827856511057,7.942676939620026,7.772687314306406
341,2023-03-01 06:00:00,0.11144334311920101,0.038665488351510416,0.042421969466947616,0.11955200924462157,0.1611354915837091,0.0715,False,False,2000,1.5201416227030677,7.331115828605231,7.864531005475528
342,2023-03-01 12:00:00,0.12934467986806183,0.04099796776060316,0.04478788592517965,0.1251954832118475,0.17740838193660524,0.0435,True,False,2000,1.5382227163276143,8.408709512291047,8.138969856767027
343,2023-03-01 18:00:00,0.11625632891969079,0.04283445564116207,0.0457720489158504,0.1333490030037999,0.17554000646704584,0.0845,False,False,2000,1.5528392519329366,7.486694374512863,8.587431238475606
344,2023-03-02 00:00:00,0.11224398364118719,0.04310232709293213,0.045089465469371225,0.12824736277864768,0.1690127962156523,0.093,False,False,2000,1.5513699925523778,7.235152425277916,8.266716733875317
345,2023-03-02 06:00:00,0.09277896877883719,0.043064444168947974,0.04418933273068377,0.12649113276778753,0.17017670379813105,0.151,False,False,2000,1.5727385689887488,5.89919841785866,8.042731021031662
346,2023-03-02 12:00:00,0.12293419220989864,0.04414965560501855,0.045602709669878914,0.13119253133997238,0.17407688519987977,0.063,False,False,2000,1.5958232179405094,7.703496905412333,8.220994021460784
347,2023-03-02 18:00:00,0.12559904831156224,0.03878074870463933,0.042641118287827004,0.12390170276021392,0.1662789425527299,0.0445,True,False,2000,1.5927554726187914,7.885645378135392,7.77907876571261
348,2023-03-03 00:00:00,0.12992208661759264,0.03875831108600761,0.04305163752651445,0.12254229211338853,0.16798011900126428,0.039,True,False,2000,1.5689281114063125,8.280945804529988,7.810574061519457
349,2023-03-03 06:00:00,0.13414770152845584,0.03507316334886008,0.04081267928363821,0.11634690329444124,0.1576508919224781,0.028,True,False,2000,1.612728314628903,8.318059546150145,7.21429035746875
350,2023-03-03 12:00:00,0.116668156386401,0.03490094501497573,0.04074639894070301,0.11776080963792504,0.15521717150898995,0.051,False,False,2000,1.5659639838044952,7.450245190375118,7.520020310545473
351,2023-03-03 18:00:00,0.12020815061125323,0.038307692771445925,0.042002020039513345,0.12246680208821656,0.1606034624723369,0.054,False,False,2000,1.5126337224650546,7.946943719815841,8.096262847336186
352,2023-03-04 00:00:00,0.10975067837283624,0.035828346591491,0.041725521670004706,0.11934077808432217,0.16004978024673316,0.0725,False,False,2000,1.447406074024343,7.582576883050334,8.245148353738015
353,2023-03-04 06:00:00,0.10784453509821787,0.03679729816956123,0.04266335652607741,0.11798369577963383,0.1689142858693488,0.072,False,False,2000,1.4198519852997702,7.5954772902225365,8.309577125021535
354,2023-03-04 12:00:00,0.10262299085836471,0.03376668221479589,0.040833780979294874,0.11841854868553778,0.15608613545600147,0.082,False,False,2000,1.3634212207914163,7.526873521800974,8.685397211054125
355,2023-03-04 18:00:00,0.10253705487903082,0.0326497079366906,0.039312884186443166,0.11251250333965548,0.14835277978317965,0.0765,False,False,2000,1.3414750937036073,7.643604816839478,8.387222682534173
356,2023-03-05 00:00:00,0.10741341545387308,0.03356370066167046,0.04066090975223947,0.11322873576694174,0.15795111054651453,0.0645,False,False,2000,1.3582322555903426,7.908324589684175,8.336478190744186
357,2023-03-05 06:00:00,0.07993929779433225,0.031151842205370893,0.039175111073110024,0.11089304975550267,0.15014318044145708,0.129,False,False,2000,1.3201050559367786,6.055525462525055,8.40032005458916
358,2023-03-05 12:00:00,0.06123383090804456,0.033970901595214625,0.0415075316257681,0.11667228800401756,0.1598813797823395,0.2365,False,False,2000,1.3028226869088453,4.700089392312594,8.955346662011328
359,2023-03-05 18:00:00,0.055049134682736874,0.03276976901381067,0.04122440510415032,0.1163752033188197,0.1599909406897766,0.255,False,False,2000,1.2824797032912865,4.292398120723607,9.074233535248993
360,2023-03-06 00:00:00,0.04161769633825343,0.03232334729038533,0.040394733886118694,0.11427430354949103,0.1558473994126108,0.3335,False,False,2000,1.251299777892522,3.325957302441726,9.132448160580303
361,2023-03-06 06:00:00,0.03713564846369929,0.03127280806373095,0.03960293505897676,0.113036195404523,0.1592879317822126,0.3475,False,False,2000,1.2649438665283605,2.935754656498561,8.936064152376257
362,2023-03-06 12:00:00,0.025074938741839938,0.032594112373618284,0.04001348609637755,0.11301325340735502,0.1587341810340554,0.4385,False,False,2000,1.2558029368523835,1.9967256012865524,8.999282458330438
363,2023-03-06 18:00:00,0.01989465830414611,0.03281123400867127,0.04054639344653451,0.11279065862939436,0.1529207565160353,0.4695,False,False,2000,1.2793815874659649,1.5550214649837895,8.81602953601948
364,2023-03-07 00:00:00,0.04442627605520733,0.03003320454840032,0.038315749486311654,0.10593529026657166,0.1471304604456522,0.2965,False,False,2000,1.2782512043966547,3.475551276806886,8.287517344180715
365,2023-03-07 06:00:00,0.049665542440766194,0.03056706750686942,0.0393230950612036,0.10762739255255045,0.15541228311536434,0.2705,False,False,2000,1.278116305855841,3.885839044007,8.420782370074056
366,2023-03-07 12:00:00,0.06336696177362824,0.03132652320653731,0.041087185269576054,0.11602120353635571,0.16715153468639335,0.2,False,False,2000,1.2890951975725373,4.915615378364063,9.00020446549117
367,2023-03-07 18:00:00,0.07051321311923112,0.031208819099531986,0.04039023506920374,0.1122565232434798,0.16872803272474654,0.1675,False,False,2000,1.3608212988324422,5.181665893951694,8.249174475722395
368,2023-03-08 00:00:00,0.06298482098543007,0.030710942948374502,0.038594087445343546,0.10797355831280718,0.15068609811753783,0.1965,False,False,2000,1.3687847172130168,4.60151404332403,7.8882790664592015
369,2023-03-08 06:00:00,0.0733950017891724,0.03137196639028363,0.03955519233950824,0.11131533741452695,0.15342363444365664,0.159,False,False,2000,1.4268740174779702,5.143761880176331,7.801343079417703
370,2023-03-08 12:00:00,0.09152046720458885,0.03275277970923789,0.0394073392954908,0.11349908748726405,0.15594271674841556,0.0975,False,False,2000,1.4786552950770147,6.189438979408793,7.675831403380092
371,2023-03-08 18:00:00,0.09664490011676725,0.03437699681747826,0.040620412656718605,0.11355508350864278,0.1580015502216253,0.0895,False,False,2000,1.4428751355729652,6.698077867866896,7.870056161412061
372,2023-03-09 00:00:00,0.09439619975799268,0.03209340980143467,0.040077736041216776,0.11336976468191605,0.15643093235541936,0.1005,False,False,2000,1.4398622411945503,6.555918827323295,7.873653564792511
373,2023-03-09 06:00:00,0.08748791424314041,0.03357806995232032,0.04048499247653164,0.11462657704656294,0.14661423768318174,0.129,False,False,2000,1.463390007822445,5.978441411754906,7.832947910935219
374,2023-03-09 12:00:00,0.08618327962685604,0.03337976089852459,0.04130443029914773,0.11624546082402676,0.16252330091896355,0.116,False,False,2000,1.4924494880298942,5.774619531051744,7.788904197855058
375,2023-03-09 18:00:00,0.09186123042513382,0.033506914698076984,0.041373528508193806,0.11967700313987639,0.1593245248555117,0.1145,False,False,2000,1.4884164021892399,6.1717426850456345,8.040559279234579
376,2023-03-10 00:00:00,0.06815044048197279,0.03165304239302245,0.03927408489503811,0.10960169767238588,0.1603324397733041,0.179,False,False,2000,1.5120782915951445,4.507070887849233,7.248414204582171
377,2023-03-10 06:00:00,0.055299375527817815,0.032765213240054034,0.04030853366755689,0.114984804644054,0.15552321103696828,0.2495,False,False,2000,1.4993237072867829,3.688287943361416,7.669111352353232
378,2023-03-10 12:00:00,0.06129752760976585,0.03389894953471255,0.041181813129096655,0.12029421154958969,0.16082530300416847,0.2285,False,False,2000,1.475627512644854,4.1539973390641585,8.152071611485429
379,2023-03-10 18:00:00,0.08805695421603353,0.03368967791763687,0.04087009342389368,0.11591486501415972,0.1570980414825846,0.1145,False,False,2000,1.503816987733343,5.855563205783375,7.7080433297189055
380,2023-03-11 00:00:00,0.0733809274296325,0.03279312988158682,0.040741983371825094,0.11472669603423699,0.1661551831852823,0.164,False,False,2000,1.527311520068628,4.804581545114988,7.511676205328555
381,2023-03-11 06:00:00,0.0797938866567037,0.03385838551417294,0.04070981064302716,0.11532605834926392,0.1574898566928783,0.152,False,False,2000,1.4928074593943463,5.345222932438805,7.725447620422085
382,2023-03-11 12:00:00,0.1143949571664247,0.03342276381309596,0.040006134991834974,0.11470647985657212,0.1546138464641403,0.051,False,False,2000,1.511197470124181,7.569821907988267,7.590436202036933
383,2023-03-11 18:00:00,0.1312646765610254,0.033122509122546745,0.041635472356578204,0.1193829636700336,0.1670844842066868,0.032,True,False,2000,1.5549500686808855,8.441729365135272,7.677607537025935
384,2023-03-12 00:00:00,0.13376871736129886,0.035174220568094355,0.04220751489532361,0.12033360303718128,0.16140137437501248,0.029,True,False,2000,1.5309310879284495,8.737736036329727,7.860158042776989
385,2023-03-12 06:00:00,0.13253444847674598,0.035058537876962954,0.041658875847757085,0.11708181825289837,0.1567080607594677,0.0275,True,False,2000,1.5454460878230067,8.57580536267303,7.575923817428386
386,2023-03-12 12:00:00,0.146796054849038,0.03553327606990969,0.04199097165795231,0.11763496454977888,0.16067912757596742,0.021,True,False,2000,1.5549050601523429,9.440837168196978,7.565411391628857
387,2023-03-12 18:00:00,0.18240962744720737,0.03556043895386824,0.04290405648934851,0.12100735123417553,0.17520127638264593,0.008,True,True,2000,1.5615471190195485,11.681339949686388,7.749196278505681
388,2023-03-13 00:00:00,0.17828813664258125,0.03430145924407356,0.04355470274707887,0.12539399419681413,0.16563538775869519,0.004,True,True,2000,1.5860139978230523,11.241271318367799,7.906235024970066
389,2023-03-13 06:00:00,0.1709217376434754,0.033932158702435954,0.04113591316654747,0.11811430287632638,0.15555809366190193,0.0045,True,True,2000,1.6106810094373591,10.611768354007076,7.333190258298624
390,2023-03-13 12:00:00,0.17447053200228022,0.0329295752727506,0.04176995860852627,0.12162668794369541,0.1604685018057648,0.006,True,True,2000,1.6204544423427834,10.766765633351483,7.5057147406040485
391,2023-03-13 18:00:00,0.1649932186497056,0.03271938669059146,0.040459165728999866,0.11539171295164843,0.15498672448445144,0.0055,True,True,2000,1.5967317012413553,10.33318362261074,7.22674403357426
392,2023-03-14 00:00:00,0.15991917677083087,0.03440235996473851,0.041380103288173306,0.1158238097134978,0.15924341769816386,0.01,True,True,2000,1.6058518193395726,9.958526362451032,7.212608804785728
393,2023-03-14 06:00:00,0.15678271423368054,0.034523024640858935,0.04220913291528789,0.12312279017167319,0.16642724903400474,0.013,True,False,2000,1.612662517473628,9.721979182556677,7.63475239472642
394,2023-03-14 12:00:00,0.13705964953325495,0.031223178888575887,0.03965394234289998,0.11100849985064024,0.1526054947294626,0.0175,True,False,2000,1.5936261532800398,8.60048947183475,6.965780501415583
395,2023-03-14 18:00:00,0.11553678207604123,0.03306664578009352,0.04102314003021241,0.11679993263441084,0.1592790984692892,0.052,False,False,2000,1.5611145967069697,7.400916135161098,7.4818295133995765
396,2023-03-15 00:00:00,0.12021228200283315,0.03332108103587286,0.04096575208198891,0.11614781662101643,0.1613102516279593,0.0435,True,False,2000,1.6263908750568095,7.391352463080818,7.141445417723425
397,2023-03-15 06:00:00,0.1139718781455013,0.034676224030908684,0.04121533491220212,0.117571546140554,0.15361002319047948,0.058,False,False,2000,1.6267670555519842,7.0060355449495555,7.227312954199233
398,2023-03-15 12:00:00,0.1285441049304883,0.03314038323858681,0.04122151033840132,0.11586133896374852,0.16583289487563127,0.036,True,False,2000,1.6565490870281885,7.759752242602934,6.994138590339097
399,2023-03-15 18:00:00,0.15612028170412232,0.03385785004970103,0.040875737296306516,0.11686068405770907,0.154880250636725,0.009,True,True,2000,1.6434226128151437,9.499703879374763,7.110811494648324
400,2023-03-16 00:00:00,0.14361048143991892,0.0327622427419877,0.0403004268011643,0.11361232226449157,0.15872386065993616,0.018,True,False,2000,1.6598546201768265,8.651991547586253,6.844715246952669
401,2023-03-16 06:00:00,0.1362273763841094,0.03201227977135893,0.039982878931987334,0.11591318854370668,0.15686574520348898,0.025,True,False,2000,1.6648248866839228,8.182685006316403,6.9624853322914975
402,2023-03-16 12:00:00,0.1522377451306548,0.03250379558881633,0.04071905631099119,0.11267163707658828,0.1631531486591315,0.016,True,False,2000,1.6590865700603599,9.175997677150518,6.791184927287376
403,2023-03-16 18:00:00,0.16031206653098898,0.03280966899898996,0.04092008151448915,0.11665165430028641,0.16003777710768277,0.0095,True,True,2000,1.6583817098631821,9.666777291231393,7.034065414886316
404,2023-03-17 00:00:00,0.1735096904146505,0.030135945447279933,0.03774994143152228,0.10856924532717432,0.15118393607388522,0.0025,True,True,2000,1.6518393112482483,10.504029613118611,6.572627530285111
405,2023-03-17 06:00:00,0.172523374908714,0.032600056841562336,0.04089732195677926,0.11622407803829428,0.16475635921799073,0.008,True,True,2000,1.6108013929258207,10.710406364582708,7.21529535228348
406,2023-03-17 12:00:00,0.17322441448499953,0.0316186922220413,0.04042838031445547,0.11254728717333352,0.15756115290088388,0.005,True,True,2000,1.6288478860822786,10.634781551126952,6.909625394427309
407,2023-03-17 18:00:00,0.16931764997336954,0.030317433445343583,0.03917522717125963,0.11141731680903166,0.15207102168276582,0.005,True,True,2000,1.6148998269630428,10.48471534558189,6.8993330080765105
408,2023-03-18 00:00:00,0.1753270021030897,0.03029352820162795,0.04019673000007831,0.11520755974077883,0.16163874604936904,0.0045,True,True,2000,1.5942918408903668,10.997171133057707,7.226252859478893
409,2023-03-18 06:00:00,0.18185275162831258,0.029701509777269038,0.0397835750512478,0.11244944689403537,0.15366142393157806,0.0035,True,True,2000,1.568552712008692,11.593665309177373,7.168993814051195
410,2023-03-18 12:00:00,0.1665459865874344,0.03313974809331693,0.04051372389327022,0.11580603516817113,0.16091907779545053,0.0075,True,True,2000,1.5812627960762673,10.532467278728133,7.323642563116725
411,2023-03-18 18:00:00,0.15337323071558473,0.036164311593901044,0.04265056310858902,0.12018703559627499,0.16448500582395356,0.0165,True,False,2000,1.5512023110832132,9.88737765665675,7.747992298460909
412,2023-03-19 00:00:00,0.15465989569527477,0.03004338775815891,0.03969019577065258,0.10986577691029836,0.1592065314972258,0.012,True,False,2000,1.553578349526309,9.955075374372402,7.071788619080382
413,2023-03-19 06:00:00,0.15085668253914336,0.03115241342695709,0.0393223363066135,0.11176458957864645,0.15834279427590855,0.0125,True,False,2000,1.4923345114821034,10.10877128274149,7.4892451202276416
414,2023-03-19 12:00:00,0.14464750088629333,0.031300310251827036,0.03947444770643639,0.10912192596461764,0.1518980963966379,0.014,True,False,2000,1.5134257527844743,9.557621219287688,7.210259622175043
415,2023-03-19 18:00:00,0.15149127269485904,0.03197284015241382,0.040383849218319445,0.11674918694009113,0.16007711285439083,0.0155,True,False,2000,1.489915594306233,10.167775495054116,7.835959794383818
416,2023-03-20 00:00:00,0.15967127506865755,0.033258828279909565,0.039488148432161155,0.11344018111993481,0.14999823554424832,0.006,True,True,2000,1.4532495955652165,10.987188680864978,7.805966811627717
417,2023-03-20 06:00:00,0.17273132525039403,0.03305587847838761,0.03995570580305792,0.11236909666564722,0.15374329606520243,0.006,True,True,2000,1.4038143752995385,12.30442772845502,8.004555206358425
418,2023-03-20 12:00:00,0.1878681856666467,0.03153005448784465,0.040711806533167624,0.11411514365028948,0.16449844646005576,0.004,True,True,2000,1.4248977421423055,13.184678458693508,8.008654956440568
419,2023-03-20 18:00:00,0.19761883093625962,0.030799830589845614,0.03896683708373192,0.109682066018051,0.15064891304551015,0.002,True,True,2000,1.452069030634042,13.609465305514428,7.553502189228471
420,2023-03-21 00:00:00,0.1953611727640951,0.030614648321126363,0.03871367418833532,0.11057696679379102,0.1493853893602608,0.001,True,True,2000,1.4439487638823874,13.529647148893412,7.657956401200794
421,2023-03-21 06:00:00,0.20883898435363488,0.029429788136600566,0.037472321306207576,0.10741882553914986,0.1483981206159615,0.0005,True,True,2000,1.472565271521336,14.18198489346956,7.294673289977386
422,2023-03-21 12:00:00,0.2146048893094131,0.029996376316457424,0.03954894504110835,0.11189669176444662,0.16006138500566347,0.0,True,True,2000,1.5209845779238609,14.109603241496904,7.356859062777958
423,2023-03-21 18:00:00,0.228528310968695,0.029279786682513513,0.03673139184347023,0.10273235616192819,0.1425092227302764,0.0,True,True,2000,1.5801929134858665,14.462051374763298,6.50125407380186
424,2023-03-22 00:00:00,0.20292552761643676,0.03069021467510067,0.03869131434289893,0.10814831276419899,0.1516948217816806,0.0005,True,True,2000,1.635615473177013,12.40667693258459,6.61208667549055
425,2023-03-22 06:00:00,0.20058296377127893,0.031056143804011598,0.039032629628074446,0.11010595733194047,0.15861202522707027,0.002,True,True,2000,1.6568862742025983,12.106018795273837,6.645353941683815
426,2023-03-22 12:00:00,0.2188496573840267,0.03004257818097042,0.03782843398599528,0.10805287977477178,0.14502884192383042,0.0005,True,True,2000,1.726985892309247,12.672347722041371,6.256732047202099
427,2023-03-22 18:00:00,0.22206326271065097,0.03195065785364977,0.038445190895423274,0.10903501071374527,0.1490484125323238,0.0,True,True,2000,1.751070548390135,12.681571448666482,6.226762868805472
428,2023-03-23 00:00:00,0.2299049566454129,0.03173901216539599,0.03885080336310567,0.10907248727266382,0.15253014771335352,0.0,True,True,2000,1.7845769423726976,12.882882838312426,6.1119520645406125
429,2023-03-23 06:00:00,0.22706042398973475,0.03129801532816217,0.039808086526580085,0.11347226778665694,0.15329352586440737,0.0,True,True,2000,1.807089041690965,12.564982618524724,6.279284814901895
430,2023-03-23 12:00:00,0.22311779880989216,0.0315351367644852,0.038529160459943576,0.1068805603444161,0.15355329655927694,0.0,True,True,2000,1.8355769905497743,12.15518607819692,5.8227228220159954
431,2023-03-23 18:00:00,0.20679887866052807,0.03203318738715892,0.040095670758149,0.11498239507759561,0.15076435552373812,0.0005,True,True,2000,1.8659223436810644,11.082930613958899,6.1622283192536305
432,2023-03-24 00:00:00,0.20555940636063344,0.03199971133343907,0.03912135803670472,0.11040035066344357,0.15281055038817623,0.0005,True,True,2000,1.9148494860007836,10.735016400163648,5.765484518264554
433,2023-03-24 06:00:00,0.20551743461743827,0.0313558002007882,0.0394795464850902,0.11103632593447332,0.15527329032787454,0.002,True,True,2000,1.8682734243763557,11.00039383614535,5.9432588659520285
434,2023-03-24 12:00:00,0.16980252184680186,0.032930614920735936,0.039593473297422604,0.11193950497045196,0.15098720943617158,0.004,True,True,2000,1.8624638203548434,9.117091027005854,6.010291515307118
435,2023-03-24 18:00:00,0.15353171797335194,0.031109550264389652,0.038508799044998036,0.10845245399006745,0.15176072296948726,0.0095,True,True,2000,1.8675600456645491,8.220978936113376,5.8071736028961745
436,2023-03-25 00:00:00,0.16257374804660368,0.03379221014360057,0.041249763772555764,0.11759387018364119,0.15936022155047705,0.009,True,True,2000,1.8201033218762712,8.932116440456412,6.460834875155241
437,2023-03-25 06:00:00,0.15682800728931212,0.035225569830413694,0.04216822528110516,0.1196228713158885,0.16281005250594627,0.0135,True,False,2000,1.7909751532866425,8.756570798959157,6.679203287458621
438,2023-03-25 12:00:00,0.16256160750451626,0.0343469001573593,0.04245729418997829,0.12280369274121516,0.1697633434009006,0.0125,True,False,2000,1.764484172521392,9.212981903499925,6.959750314208406
439,2023-03-25 18:00:00,0.16818017676536165,0.034004664484893414,0.04183435481425625,0.11823046074957484,0.16819457865736875,0.0105,True,False,2000,1.7270814499836877,9.737825437645116,6.845679498826852
440,2023-03-26 00:00:00,0.17136260604490902,0.032432849319122325,0.040501706051881824,0.1133251932583388,0.15764819263259208,0.006,True,True,2000,1.7314506555083249,9.89705398185892,6.545100947451974
441,2023-03-26 06:00:00,0.16895665820872424,0.03645699089331745,0.042717023126727136,0.12141109099291314,0.16123759078632532,0.0075,True,True,2000,1.7672581376956562,9.560383659006847,6.870025855488331
442,2023-03-26 12:00:00,0.16827763795382114,0.03774723147831344,0.04337512268491695,0.12333571253826246,0.17083651533169666,0.0105,True,False,2000,1.7008888621058835,9.893511663394357,7.251250524714446
443,2023-03-26 18:00:00,0.16277735846864388,0.03698996789222254,0.04291190126734222,0.12355872619413825,0.16875253850629887,0.0125,True,False,2000,1.7092321796851462,9.52341995448674,7.22890240791621
444,2023-03-27 00:00:00,0.16884255012906108,0.03564381536357003,0.042263853983324995,0.12351218816554553,0.161757451035941,0.008,True,True,2000,1.6894584203428848,9.993886093674536,7.310756315652803
445,2023-03-27 06:00:00,0.13745930712752377,0.03532183169769239,0.04232782314376023,0.12047428534792246,0.16532888488961045,0.0275,True,False,2000,1.704268415664288,8.065590247645646,7.068973657002505
446,2023-03-27 12:00:00,0.1537116784771037,0.03822955756163747,0.04238869003805022,0.12134292964370824,0.1644643278967762,0.0145,True,False,2000,1.7385893542336415,8.841172189557021,6.979389891478737
447,2023-03-27 18:00:00,0.15970475062019784,0.03682183581337412,0.04254515132097358,0.1224385184757467,0.16894600421163722,0.0145,True,False,2000,1.7312577090738304,9.224782063534317,7.072229503096193
448,2023-03-28 00:00:00,0.16782449961771842,0.03657947582667404,0.04231990579877197,0.11907788009548856,0.16288684466465903,0.0095,True,True,2000,1.7067900245916026,9.832756062531779,6.976715259627866
449,2023-03-28 06:00:00,0.16526712271280225,0.038369076998708326,0.04428845374517482,0.1249872979518077,0.18056642455198496,0.0135,True,False,2000,1.709876255343122,9.665443460973613,7.309727681242431
450,2023-03-28 12:00:00,0.16175600169650314,0.03665260803475647,0.042973145156018265,0.12146459880123425,0.16457203037577234,0.0115,True,False,2000,1.7295067728526288,9.352724385675844,7.023077371411037
451,2023-03-28 18:00:00,0.13904512936798233,0.03736553503704052,0.042369725804786304,0.12031118412353467,0.16657039521235062,0.028,True,False,2000,1.707501534360049,8.143192059859247,7.046036662486857
452,2023-03-29 00:00:00,0.13363989838054766,0.03795233097467978,0.045501214288217046,0.130237596264483,0.1715606353101492,0.0475,True,False,2000,1.6887658026186327,7.9134654534881665,7.71199867160586
453,2023-03-29 06:00:00,0.12775590212132026,0.03793452219513594,0.04344042184807507,0.1258542200718297,0.16424632819757404,0.044,True,False,2000,1.7327229909237596,7.373129045469079,7.263377973921472
454,2023-03-29 12:00:00,0.1313281972113258,0.03664137019440923,0.04286599902175444,0.12451249801019347,0.16194478702940307,0.0385,True,False,2000,1.7773459805130896,7.3890057789093815,7.005529557855068
455,2023-03-29 18:00:00,0.1228557650552979,0.036841246356331576,0.04322098209473964,0.12511517716228066,0.1745611073079012,0.053,False,False,2000,1.8366367029740076,6.689170746526052,6.81218974659962
456,2023-03-30 00:00:00,0.11779513698453342,0.035688321611655784,0.04237948875788987,0.12347725773363605,0.16387256232996594,0.0615,False,False,2000,1.8057416269612618,6.523366091014994,6.838035735014097
457,2023-03-30 06:00:00,0.1176214807851202,0.03554972548433537,0.04209333536700105,0.12268139373979738,0.15755723756810644,0.0585,False,False,2000,1.7738828937529867,6.630735388415049,6.915980427560331
458,2023-03-30 12:00:00,0.12371653064196449,0.035976689481642864,0.04184295865869099,0.11966985134945628,0.1615837731354717,0.045,True,False,2000,1.8083612839447802,6.841361388366367,6.617585347127488
459,2023-03-30 18:00:00,0.13571590379962614,0.03656146646512786,0.042638194871323504,0.11860833971595805,0.16258101060800328,0.0285,True,False,2000,1.8490180881370881,7.339890543545836,6.414666274869038
460,2023-03-31 00:00:00,0.12432118586117094,0.03656934152512942,0.04517291177508554,0.12919501557092922,0.1792533353057973,0.0545,False,False,2000,1.9005671955297911,6.54126758336034,6.797708382781781
461,2023-03-31 06:00:00,0.10942709757868614,0.03853319125815764,0.044633515001819515,0.1255769301619375,0.1776035745418749,0.084,False,False,2000,1.8868943606630626,5.79932294356071,6.655217842604036
462,2023-03-31 12:00:00,0.1221732019940284,0.03641361091670963,0.04396363667883937,0.12238227402173882,0.16673917969388927,0.051,False,False,2000,1.892923184198893,6.454208127084328,6.465253056400829
463,2023-03-31 18:00:00,0.1006415274585696,0.03330212107225235,0.04127504263355792,0.11488235052597777,0.15990703812947715,0.083,False,False,2000,1.8405842665977656,5.467911971485053,6.241624065293813
464,2023-04-01 00:00:00,0.11437885225797115,0.03349828816873434,0.040900216898942375,0.1174042060364678,0.1612822940099689,0.053,False,False,2000,1.8243440817017458,6.269587705805953,6.435420116963534
465,2023-04-01 06:00:00,0.12139198772820063,0.03479304224100069,0.04245475924167443,0.12505287355381714,0.16370111114901928,0.053,False,False,2000,1.7845559630331194,6.802363738813594,7.007506413039079
466,2023-04-01 12:00:00,0.1212564885715543,0.0328466916449092,0.04029230279416303,0.11338280205952671,0.16104404736475394,0.0405,True,False,2000,1.7590096540125006,6.893452136260565,6.445831709956091
467,2023-04-01 18:00:00,0.1300829832636868,0.03313592299324731,0.04100029781325222,0.11967887638430517,0.1541240429771527,0.0315,True,False,2000,1.7332008346091512,7.505361217589155,6.9050783956778785
468,2023-04-02 00:00:00,0.15386207053436018,0.0359794888351401,0.04228777450841962,0.12088839074801286,0.1674118668084008,0.014,True,False,2000,1.7286377213116202,8.900770163549126,6.993275066118981
469,2023-04-02 06:00:00,0.14510689084937392,0.03428251199837388,0.041022814553602245,0.1152445047496894,0.1569649475035413,0.0215,True,False,2000,1.7101451586084508,8.485062809957473,6.738872672274447
470,2023-04-02 12:00:00,0.13489505411530148,0.032091649950786005,0.04076099532921112,0.11347019278534813,0.16311339000324632,0.0245,True,False,2000,1.6999392799135684,7.935286613423044,6.674955636716471
471,2023-04-02 18:00:00,0.16508825990881776,0.035992374946311856,0.04278635466845414,0.12291896476375218,0.16710461923490044,0.0105,True,False,2000,1.6935592168221838,9.748006344802722,7.258025792236476
472,2023-04-03 00:00:00,0.1651832580106287,0.033164593516469734,0.04109837851634503,0.11390486775448122,0.16657106490472678,0.011,True,False,2000,1.6686369219568178,9.899292999996522,6.826222424762392
473,2023-04-03 06:00:00,0.1641308036407788,0.033347913692063816,0.04033877300663092,0.11460244780061254,0.15462545487824023,0.0045,True,True,2000,1.6700857962561424,9.827686937324623,6.862069485143736
474,2023-04-03 12:00:00,0.14758995689889165,0.03523913938643176,0.04148688827252771,0.11906722714656418,0.16208187603227533,0.0145,True,False,2000,1.6586865159196562,8.898001851607301,7.17840447871173
475,2023-04-03 18:00:00,0.15564754635751168,0.033736221736053,0.04158001872163548,0.11680290924890367,0.16647763835691773,0.0145,True,False,2000,1.6217556757935174,9.597471966999843,7.2022506837691544
476,2023-04-04 00:00:00,0.16125833757604988,0.03369901522183668,0.041474296982857685,0.11937101778917661,0.1580610096692063,0.0095,True,True,2000,1.6109240072351911,10.010300725036407,7.410096146872354
477,2023-04-04 06:00:00,0.13526133127508722,0.03343587235374253,0.0400801160338168,0.11376622111148824,0.15591413726286457,0.0245,True,False,2000,1.6117510677964355,8.392197404281214,7.058547897661882
478,2023-04-04 12:00:00,0.14101269945793918,0.030714339026596094,0.04035858841095091,0.11400005339164639,0.1563290347654695,0.018,True,False,2000,1.5840405966927806,8.902088731333704,7.196788619537907
479,2023-04-04 18:00:00,0.1455872839800924,0.033782789989145696,0.04131778676056965,0.11655830439699677,0.1600023945865296,0.017,True,False,2000,1.587728007652395,9.16953554251127,7.3412010013817905
480,2023-04-05 00:00:00,0.14986022919247857,0.03222494209980313,0.03997145390983558,0.11416843468853427,0.14872243307632296,0.01,True,True,2000,1.6452955930765552,9.108407621286664,6.939083479525375
481,2023-04-05 06:00:00,0.16209898880159337,0.03344659047286255,0.040754689109408,0.11490593659530932,0.1578544721093477,0.0075,True,True,2000,1.6583175018644825,9.774906712335964,6.9290673508612235
482,2023-04-05 12:00:00,0.16134557953754977,0.03411137253394683,0.04170975930021561,0.11889934076893242,0.16384349924048516,0.012,True,False,2000,1.6656148643512223,9.686847961722284,7.1384653987970506
483,2023-04-05 18:00:00,0.16897403141892872,0.03298912534228262,0.04059845556083016,0.11236061934588631,0.16078658928425996,0.0065,True,True,2000,1.6296188842615336,10.368929389002496,6.894901650382068
484,2023-04-06 00:00:00,0.16921996234817693,0.0322031692806569,0.041171455324050456,0.11874788980502445,0.15587353440620005,0.005,True,True,2000,1.5794049743270544,10.714159135802229,7.518520691985284
485,2023-04-06 06:00:00,0.17203906486747664,0.033767923072033086,0.04135608316861519,0.11716303703654327,0.15513233808363935,0.0065,True,True,2000,1.5552391233231473,11.061904390617004,7.5334419819761145
486,2023-04-06 12:00:00,0.1641588846699337,0.0355435979066841,0.04247625241429705,0.11951869052676417,0.16437680415746295,0.0105,True,False,2000,1.5554270010563145,10.553943358219374,7.683979411801209
487,2023-04-06 18:00:00,0.16489171390461868,0.03448934914527628,0.042420102779920595,0.12218160624868063,0.16051539715604557,0.009,True,True,2000,1.5224026238420694,10.83101876745873,8.025577750275573
488,2023-04-07 00:00:00,0.16579951020208028,0.034854943350369386,0.04162203931820309,0.11991779178568086,0.15653986167923825,0.007,True,True,2000,1.4947147571760553,11.092384644366735,8.0227877064812
489,2023-04-07 06:00:00,0.16579390389800885,0.03363347167501863,0.04213804842517518,0.12155067923197621,0.16974362086090825,0.0125,True,False,2000,1.495252394443989,11.088021294201603,8.129107813746383
490,2023-04-07 12:00:00,0.16542939206801174,0.03806041243723103,0.0448725880127763,0.12617167279132938,0.18095082939807866,0.014,True,False,2000,1.4864094653964013,11.129463039573311,8.488352350318317
491,2023-04-07 18:00:00,0.16534293365855715,0.037253100678965215,0.043632466748542084,0.12409088543441206,0.170872999255394,0.012,True,False,2000,1.503650745250274,10.99609960496756,8.252640171023081
492,2023-04-08 00:00:00,0.1568404567543265,0.03860162210844747,0.043890291832854936,0.1242157402389006,0.16892970607820793,0.0155,True,False,2000,1.5154894801656793,10.349161693763792,8.196410589753539
493,2023-04-08 06:00:00,0.16302925287468137,0.037451726400853515,0.04348473446787352,0.12436834267481148,0.1631161575133745,0.0105,True,False,2000,1.5439253821100116,10.559399745852796,8.055333769099839
494,2023-04-08 12:00:00,0.14447322885550035,0.038854201209562185,0.0449335167351113,0.13156443095401296,0.17304416115353063,0.034,True,False,2000,1.5608855838817552,9.255850034581709,8.428832472577927
495,2023-04-08 18:00:00,0.14692594213319654,0.03936153030083944,0.045286851999682576,0.12939338688109878,0.17393347771329742,0.028,True,False,2000,1.6022861751086666,9.169769072196612,8.075547857256108
496,2023-04-09 00:00:00,0.13196094074768297,0.03839286481126089,0.04533620229125306,0.12872952410017025,0.1821627735685977,0.046,True,False,2000,1.6164460639810212,8.163646389950461,7.963737669237918
497,2023-04-09 06:00:00,0.13433343234014591,0.036624346850620965,0.04216148619378599,0.11650301264750262,0.16045700907151644,0.03,True,False,2000,1.589458766558085,8.451520427361576,7.329728527641246
498,2023-04-09 12:00:00,0.13853330827616847,0.03409010179782427,0.04163109576169705,0.11841826832757495,0.16443796582181464,0.0275,True,False,2000,1.5910756838769993,8.70689620110353,7.442654647265005
499,2023-04-09 18:00:00,0.151667370842601,0.033449794075999975,0.04045574169224215,0.11611600137403723,0.1523018928723621,0.011,True,False,2000,1.5940170754210217,9.514789595496753,7.284489179224629
500,2023-04-10 00:00:00,0.15455287736534867,0.03417450826316452,0.041498534615686845,0.11930559605390409,0.16170007485487126,0.0125,True,False,2000,1.5464822343922466,9.993834647967136,7.714643815535979
501,2023-04-10 06:00:00,0.15641292540254678,0.03304205087700076,0.04087734067329758,0.11307383682573414,0.16351305902201674,0.0135,True,False,2000,1.5566547044830883,10.048016747200604,7.263899726772231
502,2023-04-10 12:00:00,0.14558596590961967,0.029049018013548682,0.03860434495302176,0.106660696832741,0.1553015869048185,0.016,True,False,2000,1.5323730312371047,9.500687035198357,6.960491646517195
503,2023-04-10 18:00:00,0.1428886835683501,0.031488964311248584,0.03973137493697843,0.11341071694993353,0.15191777288019606,0.016,True,False,2000,1.4994260887240975,9.529558318538927,7.563608356743866
504,2023-04-11 00:00:00,0.14798086759220547,0.03192243213990123,0.04055136902189448,0.11868434700116719,0.15487643808191412,0.015,True,False,2000,1.5003963608254627,9.8627850250711,7.910199604581249
505,2023-04-11 06:00:00,0.13730061190804838,0.030214046314630903,0.03873441292325009,0.11163752705204079,0.1524082952975984,0.018,True,False,2000,1.53888123441068,8.922105802442132,7.254460224462532
506,2023-04-11 12:00:00,0.1292090899205108,0.029265787999343682,0.03894843824981144,0.10915736869326467,0.15320596833214037,0.0255,True,False,2000,1.5827469610967106,8.163597409846219,6.896703729421649
507,2023-04-11 18:00:00,0.12620377598244237,0.03143107777560732,0.040127798707868964,0.11430983490845231,0.1509681863950891,0.0345,True,False,2000,1.562110004653761,8.079058171733253,7.317655899258445
508,2023-04-12 00:00:00,0.11382620361011547,0.031935022682670414,0.03974418770639388,0.11167999737721222,0.15338964548054998,0.049,True,False,2000,1.550338952448263,7.342020493670981,7.2035858481688475
509,2023-04-12 06:00:00,0.1290071211515598,0.031833049648365856,0.039817722569038635,0.11079292480766632,0.16155016800568517,0.0275,True,False,2000,1.526585097094211,8.450699629985861,7.2575662515346115
510,2023-04-12 12:00:00,0.12793298261958272,0.034194499001908574,0.04092238505152548,0.11312147447648416,0.1603781764084512,0.0335,True,False,2000,1.487818337016764,8.59869645618847,7.603177865337035
511,2023-04-12 18:00:00,0.11295994306188793,0.03692175857106366,0.04274063797130032,0.12292137061463815,0.16750529852494725,0.067,False,False,2000,1.4694744129167696,7.687098330461772,8.364988837787974
512,2023-04-13 00:00:00,0.12249503490585169,0.03711524473872714,0.04325262319977329,0.12280502230856935,0.15909793988338958,0.0505,False,False,2000,1.416492286530163,8.647772816745462,8.669656974228381
513,2023-04-13 06:00:00,0.13569414921057474,0.03660458184520283,0.04302711937745974,0.12510644748521055,0.16635101302296915,0.033,True,False,2000,1.4159466328137797,9.583281323316706,8.835534093301108
514,2023-04-13 12:00:00,0.1464321588474818,0.03644638733483701,0.043504530820106434,0.1249260560716135,0.17700842700985664,0.0235,True,False,2000,1.4283756446242766,10.251656096110466,8.746022556585551
515,2023-04-13 18:00:00,0.14239669368078295,0.03658071809218365,0.043429870369712305,0.12217552195941599,0.16768291719112263,0.0245,True,False,2000,1.4275953170747637,9.974583971917413,8.558134122333886
516,2023-04-14 00:00:00,0.15476208279695816,0.03830956505002209,0.04472924875718834,0.12478695210195885,0.17508304854475948,0.021,True,False,2000,1.4618698013699345,10.586584568059951,8.536119426300456
517,2023-04-14 06:00:00,0.15823002399879996,0.03649187900881987,0.043148772792079224,0.12337703368098146,0.16753516398101964,0.0155,True,False,2000,1.4596121450319732,10.840552713771363,8.452727260520215
518,2023-04-14 12:00:00,0.16301930367862214,0.039116633612521684,0.04413397998267909,0.1263167183889468,0.17391992657312833,0.015,True,False,2000,1.4674172678542672,11.109267094627919,8.608098129692422
519,2023-04-14 18:00:00,0.1401925521374515,0.037313623858357195,0.04355129653216472,0.12741710905058526,0.16584479572303998,0.0305,True,False,2000,1.4885655740798447,9.41796280786027,8.559724292250143
520,2023-04-15 00:00:00,0.12666050999671502,0.03768923921589551,0.04413646891676928,0.12510267271845615,0.16531021253650052,0.049,True,False,2000,1.468899487403967,8.622816678938747,8.516761956228477
521,2023-04-15 06:00:00,0.13099981097617103,0.03697391086702435,0.04431278298719494,0.12607705419762852,0.16904121190364377,0.045,True,False,2000,1.4476433811740652,9.049176936790039,8.709123796454463
522,2023-04-15 12:00:00,0.1242611934078976,0.0361393815374156,0.04213884217795909,0.1186235888004395,0.1620477323231696,0.0415,True,False,2000,1.4321296532752923,8.676672054357036,8.283020223004696
523,2023-04-15 18:00:00,0.11290845224478878,0.03620039906558702,0.04286099440263762,0.12154322986829254,0.16711074632144246,0.064,False,False,2000,1.4439810654400023,7.81924742277586,8.417231553604655
524,2023-04-16 00:00:00,0.12419908238813782,0.03986313544962414,0.04428565320147393,0.12468054717451957,0.17284123865779447,0.051,False,False,2000,1.4453345147284544,8.59310291994736,8.626414570743453
525,2023-04-16 06:00:00,0.15956519633621546,0.04232863352428123,0.04584520387529814,0.13425991194026993,0.17228841725746985,0.0175,True,False,2000,1.4499737578639484,11.00469546230143,9.259471849894513
526,2023-04-16 12:00:00,0.16132364315782302,0.041893551274412064,0.04700724145521071,0.13431965293560943,0.17844024383309284,0.0195,True,False,2000,1.4651530556193293,11.010702434062802,9.167619206775068
527,2023-04-16 18:00:00,0.1884244706109422,0.041438122778171715,0.04606115968994167,0.13604101503281316,0.17801663970487167,0.0045,True,True,2000,1.4330208360048473,13.148760009397717,9.493303350151217
528,2023-04-17 00:00:00,0.19255731386528002,0.04183988756563206,0.04546798439862372,0.13383464026413255,0.17412199802898942,0.0035,True,True,2000,1.4540390693492213,13.242925718045676,9.204335914029627
529,2023-04-17 06:00:00,0.19815379483671494,0.04055855621270433,0.045562440752493244,0.13223967684519303,0.17447137029460602,0.0055,True,True,2000,1.475592923986662,13.428757458483586,8.961799334732262
530,2023-04-17 12:00:00,0.19886890758688947,0.04384696726265807,0.04769389437214528,0.13657824123821413,0.17991512822481504,0.0045,True,True,2000,1.4734110803021896,13.49717741678055,9.2695272259119
531,2023-04-17 18:00:00,0.1947686520195517,0.042949416852503704,0.04549512816847617,0.13068668386357954,0.16951915566115192,0.003,True,True,2000,1.4848673776852994,13.116905586758113,8.801236112231235
532,2023-04-18 00:00:00,0.16967426172673372,0.042636765025330044,0.04691180509471609,0.13678909597812797,0.1820549724032476,0.019,True,False,2000,1.46008808036292,11.620823702948075,9.36855096742709
533,2023-04-18 06:00:00,0.17596127128587188,0.042837108559537485,0.04619417920201673,0.13249391921986214,0.18457121362391402,0.0125,True,False,2000,1.493037776581249,11.785453392129648,8.874117004811902
534,2023-04-18 12:00:00,0.1637430167963799,0.04605451224689792,0.04816988762349415,0.14020048643843946,0.18102937869685867,0.0205,True,False,2000,1.5138663551087348,10.816213481712452,9.261087411402933
535,2023-04-18 18:00:00,0.16575713956162486,0.047277103300045566,0.04895754496843726,0.1397709902697991,0.18124237729827497,0.021,True,False,2000,1.5249778175214495,10.869478733207437,9.16544415688415
536,2023-04-19 00:00:00,0.16539418774974596,0.04702953375519769,0.04932393816840626,0.1459629105822536,0.19080975191318256,0.0235,True,False,2000,1.5710497020092613,10.52762287139729,9.290788852547273
537,2023-04-19 06:00:00,0.1648178655917553,0.04818349506892142,0.048868090881616984,0.14130816928057344,0.19504702415774955,0.022,True,False,2000,1.5487707484354825,10.641850367993385,9.1238919267631
538,2023-04-19 12:00:00,0.18553398294901527,0.0517100949898338,0.05163114298030924,0.15269335089455854,0.19811260779222234,0.0175,True,False,2000,1.519890025115076,12.207066293166038,10.046342062347414
539,2023-04-19 18:00:00,0.19027572516442554,0.05402774237755335,0.052066379931393125,0.15444283618528074,0.19659042643629368,0.014,True,False,2000,1.5053748547907064,12.63975710494246,10.25942712499692
540,2023-04-20 00:00:00,0.21745553357994857,0.05607114677563826,0.05416766214997527,0.15989753635673745,0.2112588476849139,0.0055,True,True,2000,1.505824723571883,14.440959175124608,10.61860214231663
541,2023-04-20 06:00:00,0.21048746563163143,0.05452770691240684,0.05258203220064595,0.1538466070695463,0.20397117074918528,0.0075,True,True,2000,1.5011183251305853,14.022043572968887,10.248799477960066
542,2023-04-20 12:00:00,0.22225649550235504,0.05178663896775515,0.05143256807220009,0.15037760304381267,0.1965024083081234,0.0035,True,True,2000,1.488414528816429,14.932432544789185,10.103207146425216
543,2023-04-20 18:00:00,0.23168771081454775,0.050714571654215064,0.05101983738980546,0.15000436392844338,0.19093187292504296,0.003,True,True,2000,1.4728822570159157,15.730226208573587,10.184409732272472
544,2023-04-21 00:00:00,0.2212396758395711,0.05478050230057805,0.052770718106991486,0.1549212505462774,0.1961616360877333,0.0045,True,True,2000,1.4382532776265526,15.38252540641988,10.771486007105295
545,2023-04-21 06:00:00,0.23043440610989718,0.051284978745290546,0.052948435203833584,0.15359491091276467,0.19837395526388824,0.0035,True,True,2000,1.429829248742226,16.116218514385743,10.742185547531435
546,2023-04-21 12:00:00,0.22680102210996633,0.05007683513599308,0.05280867809391526,0.154601274504885,0.2118432735128295,0.0035,True,True,2000,1.3978945472365005,16.224472908799132,11.059580625056194
547,2023-04-21 18:00:00,0.2285097686896335,0.05138623704437363,0.05408265308564832,0.15685475347982694,0.20335310962903852,0.004,True,True,2000,1.3384063157229722,17.073273340480203,11.719516834101167
548,2023-04-22 00:00:00,0.2361672310953345,0.056819119877469376,0.055989949970745995,0.16054179316917777,0.2155786627538456,0.005,True,True,2000,1.3192650140707587,17.90142454900784,12.169032867308882
549,2023-04-22 06:00:00,0.23271239129184235,0.05700881915980006,0.055823148926549715,0.1640411414482287,0.22031029553944761,0.0055,True,True,2000,1.299042497281068,17.914147672529257,12.627850265989865
550,2023-04-22 12:00:00,0.23502998093670852,0.05373581431975425,0.054813708713034065,0.1586364660729609,0.20258165215837579,0.003,True,True,2000,1.2429293882472259,18.90935906408544,12.763111691861226
551,2023-04-22 18:00:00,0.23234513409539032,0.05495839966026498,0.05538724577694274,0.1608152610261062,0.22073173715754288,0.0055,True,True,2000,1.1768522346517758,19.74293180181112,13.664864312696876
552,2023-04-23 00:00:00,0.2193903353594593,0.0505287528068175,0.05335084285726221,0.15173489311477587,0.20540231467430123,0.0055,True,True,2000,1.1324562724139957,19.372963063006114,13.398741903855663
553,2023-04-23 06:00:00,0.21206778148993363,0.04840844055551568,0.05149587679432911,0.14887762725030354,0.19025728299952804,0.005,True,True,2000,1.1246882162051162,18.85569515483014,13.237235449362247
554,2023-04-23 12:00:00,0.21001589599728587,0.04614298882856831,0.0512879785778201,0.14690942262689854,0.19357784148889298,0.005,True,True,2000,1.1405151958413584,18.41412519211172,12.880970210881182
555,2023-04-23 18:00:00,0.2476994457391836,0.04474196234992954,0.05110918385303955,0.1462217566319823,0.1915032626103744,0.0015,True,True,2000,1.1613891764979072,21.32785897713504,12.590246197480884
556,2023-04-24 00:00:00,0.23685753798072806,0.04250395686769273,0.0490140754105073,0.14058470457429745,0.1950079467130066,0.0015,True,True,2000,1.1538273867887785,20.52798717492113,12.184205903238203
557,2023-04-24 06:00:00,0.2516239279264291,0.045089354546405315,0.05268098760194839,0.14920514070114618,0.20384887326522677,0.002,True,True,2000,1.1491196365988035,21.89710452352835,12.984299976177219
558,2023-04-24 12:00:00,0.25515409008842127,0.042305162147157696,0.04855569868219276,0.14018839569005648,0.19283821483348326,0.0005,True,True,2000,1.1358270052330823,22.46416830317054,12.342407342330139
559,2023-04-24 18:00:00,0.2234588489326803,0.04068751589654644,0.04776908508046896,0.1368328733856785,0.18098221503941464,0.0005,True,True,2000,1.129690657078698,19.780534390762288,12.1124196724366
560,2023-04-25 00:00:00,0.22739903804901937,0.04135882398818648,0.048148845046358406,0.13518771382534842,0.19231944699506215,0.0035,True,True,2000,1.1546944487638489,19.693438233158567,11.707661188643698
561,2023-04-25 06:00:00,0.22967923915808686,0.041890264687083484,0.047367386940589305,0.1339554125690644,0.18874083568335967,0.0015,True,True,2000,1.189096657471503,19.315438969147987,11.265308982863296
562,2023-04-25 12:00:00,0.228880172389156,0.04094493004038486,0.04739707664773108,0.13513661147479358,0.1918621610145755,0.001,True,True,2000,1.1800397775140736,19.39597094526132,11.451869169993458
563,2023-04-25 18:00:00,0.22546350367655732,0.042920841788773735,0.04824077326334036,0.13813392529842497,0.18409057067910956,0.001,True,True,2000,1.1538466231964137,19.54016237027872,11.971601989505592
564,2023-04-26 00:00:00,0.24285156000909697,0.04443379591728473,0.05031530275752727,0.14150560186378333,0.1935963467467361,0.002,True,True,2000,1.1410218498431905,21.283690583354893,12.401655751222494
565,2023-04-26 06:00:00,0.25211882511367634,0.046882455354303444,0.051552094093965405,0.14889825963812825,0.19237988703022604,0.001,True,True,2000,1.1694186049230126,21.559330769350492,12.73267408362558
566,2023-04-26 12:00:00,0.2512849044160079,0.04547956069013333,0.05081191871987597,0.14495003479366847,0.1997229999846713,0.0005,True,True,2000,1.1752954750492373,21.380572779409427,12.333071799463536
567,2023-04-26 18:00:00,0.25349392937872156,0.043456343543084856,0.04849722595542652,0.14079778860571726,0.1861409234280621,0.001,True,True,2000,1.0851004904705175,23.36133211669662,12.975552941153406
568,2023-04-27 00:00:00,0.2266039536326444,0.0421977329263518,0.0487160058947968,0.13928863102713468,0.1900488794689154,0.0015,True,True,2000,1.1023309956287202,20.556797779545306,12.635826405996204
569,2023-04-27 06:00:00,0.2333275469466684,0.04292289145566868,0.049095076811288794,0.14167635939298603,0.1857650713782087,0.0015,True,True,2000,1.124869067505602,20.742640515848876,12.594920020972172
570,2023-04-27 12:00:00,0.23378589447674128,0.04201593093589354,0.04967739719196052,0.1427514544010778,0.1942811665052831,0.001,True,True,2000,1.1249584523498037,20.78173589330444,12.689486807526071
571,2023-04-27 18:00:00,0.2274672299855847,0.038712937473921454,0.046738251841910376,0.13143079624386933,0.18205012936899714,0.003,True,True,2000,1.1346812857525357,20.04679488784601,11.583058423026928
572,2023-04-28 00:00:00,0.2040585445905796,0.040704405408960684,0.04745815995748466,0.13567540640967157,0.18551491188129932,0.002,True,True,2000,1.1686224737169353,17.461459896586483,11.609857713769673
573,2023-04-28 06:00:00,0.19881446128425592,0.04306153059702811,0.04918501377011317,0.14260125275142443,0.19108561324585696,0.0075,True,True,2000,1.1572001134117866,17.180646543326798,12.322955303814437
574,2023-04-28 12:00:00,0.17953514164688217,0.042189118755277484,0.04821659488494135,0.1393970442999352,0.18180460281816122,0.012,True,False,2000,1.1197162323637566,16.033985795479428,12.449318878379
575,2023-04-28 18:00:00,0.16985530170908017,0.043702135727331566,0.0495351542602336,0.14522746995466676,0.19231654217374378,0.022,True,False,2000,1.0892299053764771,15.59407255260514,13.333041007946886
576,2023-04-29 00:00:00,0.18536550415865677,0.04364979628800482,0.04822692533533471,0.14003607745188887,0.18805089170843295,0.0105,True,False,2000,1.094320086238698,16.93887432842241,12.796628629307968
577,2023-04-29 06:00:00,0.1878451738225634,0.04446347318359449,0.05059508232122532,0.1447079382880485,0.19163456240911694,0.012,True,False,2000,1.1114043315515152,16.901605337486174,13.020278415330353
578,2023-04-29 12:00:00,0.20585509414614653,0.04537426140695653,0.04948086270250683,0.13985677830449283,0.1912083680148422,0.004,True,True,2000,1.112855819003393,18.4979123648289,12.567376286870674
579,2023-04-29 18:00:00,0.22090848589809972,0.04077548616540811,0.04800266990390246,0.13786430706468514,0.18564882263589058,0.002,True,True,2000,1.0537895468889897,20.963245132794157,13.082717272313985
580,2023-04-30 00:00:00,0.21779782433147318,0.04356372042524834,0.047848170800886373,0.13566596761878238,0.18205290604210608,0.003,True,True,2000,1.0364148296832347,21.014541484131403,13.089929218809687
581,2023-04-30 06:00:00,0.23088458739356071,0.048303028740878634,0.05010484102897337,0.14361200554787293,0.1905282315027638,0.0015,True,True,2000,1.0315582154140697,22.382119006330935,13.921851758044191
582,2023-04-30 12:00:00,0.21409001289429097,0.043111264554402395,0.04714503146191043,0.13578282150293985,0.176862147874099,0.002,True,True,2000,1.0115069402912986,21.165451700473383,13.42381511132652
583,2023-04-30 18:00:00,0.20793414671165514,0.044550884949794534,0.048687085539855075,0.140277134386471,0.19300076414431738,0.005,True,True,2000,1.0184116952278202,20.417493994424323,13.774108746374008
584,2023-05-01 00:00:00,0.23558545011384613,0.04509184017247176,0.04967600783915724,0.1416438803033733,0.19590327044918696,0.0015,True,True,2000,0.9931816490167238,23.720278193529047,14.26162882123371
585,2023-05-01 06:00:00,0.21019102352485425,0.043584453992335445,0.049018347227714566,0.1420489863579898,0.19046199716818435,0.005,True,True,2000,1.0099277864605078,20.812480490462626,14.065261720922507
586,2023-05-01 12:00:00,0.21931861470253533,0.0451889554663575,0.04990754309293333,0.14376678158778233,0.1953715646957399,0.0035,True,True,2000,0.9940332754788774,22.063508346526746,14.462974744836627
587,2023-05-01 18:00:00,0.2346245494427581,0.04422774832510254,0.04815027409650025,0.13616306821790672,0.1772340809325909,0.0015,True,True,2000,1.0025943377945996,23.401742918163716,13.581072930994578
588,2023-05-02 00:00:00,0.22840971091260817,0.04572796297863976,0.04893234520130431,0.1389154063791983,0.18954821814888365,0.0015,True,True,2000,1.031803845057097,22.136931550198735,13.463354206778627
589,2023-05-02 06:00:00,0.21720682026218446,0.044817936047350355,0.05049301545195473,0.1406713492115647,0.20957656480483317,0.0075,True,True,2000,1.0337465322166433,21.011612952783693,13.607914979886393
590,2023-05-02 12:00:00,0.2004364376571313,0.046457963263928884,0.051310054514529704,0.14846040669057495,0.19912419420397134,0.0095,True,True,2000,1.0236256346979196,19.58102951537373,14.503388901000594
591,2023-05-02 18:00:00,0.2223869724215733,0.044592902388275964,0.04872359602886226,0.13979955680238149,0.18567035962834474,0.002,True,True,2000,1.032216263585438,21.54461039483186,13.543630509829697
592,2023-05-03 00:00:00,0.22536618423803628,0.04672639825689297,0.049613893510496075,0.14381590978410916,0.1841607383083339,0.0025,True,True,2000,1.0436614083596583,21.59380259084682,13.779939416380957
593,2023-05-03 06:00:00,0.21489957592852083,0.04406929237433107,0.04901880787282142,0.14183700160020082,0.1833380199781499,0.0035,True,True,2000,1.0514857683366439,20.437706567200873,13.489198415359843
594,2023-05-03 12:00:00,0.20243012823431256,0.04597957606278636,0.04925568553610887,0.14484447790792798,0.18256821848181612,0.004,True,True,2000,1.0043320052531557,20.155698232805722,14.421971733482488
595,2023-05-03 18:00:00,0.20161074916272054,0.04691953765307371,0.04970143706949826,0.14814240684225882,0.19064150281388273,0.0055,True,True,2000,1.005033566195984,20.060101069639895,14.740045688520883
596,2023-05-04 00:00:00,0.2280426299612953,0.053664590442593176,0.054620845003324085,0.16193484439758743,0.2070559214282198,0.005,True,True,2000,1.028481381761261,22.17275237114893,15.745043835433957
597,2023-05-04 06:00:00,0.23550657073461778,0.052912910386493636,0.05368060107044044,0.15691342138451864,0.20726074354942534,0.004,True,True,2000,1.1211314644963155,21.006151213535205,13.995987656542514
598,2023-05-04 12:00:00,0.2429623904930726,0.05433327455735277,0.05522374867919395,0.15940355783666835,0.21630349617687772,0.0045,True,True,2000,1.1275591383942485,21.54764058221143,14.137046333877812
599,2023-05-04 18:00:00,0.26094057791148517,0.05179851564369593,0.05214759110847479,0.1483933622754855,0.2017184403232903,0.0015,True,True,2000,1.1313974151413801,23.06356497012837,13.115936123730862
600,2023-05-05 00:00:00,0.26319221209682087,0.05493650353048103,0.05510863290962283,0.1615618729935098,0.216647429422013,0.002,True,True,2000,1.157006681092184,22.74768299940795,13.963780471950225
601,2023-05-05 06:00:00,0.24815599777623004,0.05037758896014331,0.052264014819438265,0.15295406407071854,0.20765811355257766,0.002,True,True,2000,1.1506807208643703,21.56601681740351,13.292485160942146
602,2023-05-05 12:00:00,0.25433666111253006,0.051031749502335626,0.05109949712189558,0.1474563026731599,0.18655651519076547,0.001,True,True,2000,1.1551743228617946,22.017167113137003,12.764852867215403
603,2023-05-05 18:00:00,0.25479449320240305,0.04875731618663029,0.05035317566932766,0.14964790428929525,0.1901597977947623,0.0005,True,True,2000,1.133957454694414,22.469493202552883,13.19695934532423
604,2023-05-06 00:00:00,0.29000754070879864,0.051616148981355484,0.05134678764361973,0.1511586552794928,0.19949865377597573,0.0,True,True,2000,1.183749777212206,24.49905768022883,12.76947697810592
605,2023-05-06 06:00:00,0.3082502208029629,0.0514103717309623,0.05200911667514,0.1532033687026808,0.1951345669525553,0.0,True,True,2000,1.1846335191103403,26.020724201224592,12.932553927541788
606,2023-05-06 12:00:00,0.31559203485292303,0.05542261288342287,0.053829417032158475,0.15910660935831875,0.20286848941816432,0.0005,True,True,2000,1.1027927562481084,28.617528820793282,14.427607404643004
607,2023-05-06 18:00:00,0.31782065753421845,0.05677352505944056,0.05284118489481436,0.1544361297212437,0.1995711476158549,0.0,True,True,2000,1.112143109990193,28.577316595255535,13.886354043285449
608,2023-05-07 00:00:00,0.3724648249275207,0.05886685259302591,0.054676159712372434,0.15864139556295762,0.21008104161086325,0.0,True,True,2000,1.1071052501318817,33.64312696404895,14.329386979608289
609,2023-05-07 06:00:00,0.38472255454226645,0.06065644190431533,0.054950364677638266,0.16184742597170357,0.2160528023497119,0.0,True,True,2000,1.105209673502603,34.80991559936435,14.644047175119338
610,2023-05-07 12:00:00,0.3796281597806866,0.060355363295426415,0.05563229131875449,0.16161286111983536,0.21966067420107319,0.0,True,True,2000,1.120677010184599,33.874894936780564,14.421002630652191
611,2023-05-07 18:00:00,0.37577078223563143,0.06137957100378608,0.0551674084753991,0.16264289716280902,0.20469156721248952,0.0,True,True,2000,1.0729852854083797,35.021056425076004,15.157980204817711
612,2023-05-08 00:00:00,0.39386138386285613,0.06750106543167075,0.058138875699881694,0.1735723543638423,0.22402204716547963,0.0,True,True,2000,1.052576692855894,37.4187825491571,16.490233494805846
613,2023-05-08 06:00:00,0.3856154765759563,0.06489670408314341,0.056331065023379014,0.16662973872872727,0.2104130271832477,0.0,True,True,2000,1.0370932209937487,37.182335085216096,16.066997195205047
614,2023-05-08 12:00:00,0.38427953705289825,0.06293626881915008,0.057464970146664233,0.16985144058894883,0.22080388308901985,0.0,True,True,2000,1.024940136893981,37.4928762393318,16.571840098259134
615,2023-05-08 18:00:00,0.38800741471290084,0.0684706677512637,0.057391653073133486,0.172468747834099,0.22130262545664656,0.0,True,True,2000,1.0080173515003732,38.492136483104694,17.109700302022542
616,2023-05-09 00:00:00,0.4062061045254493,0.07818454102996825,0.06070808079922218,0.18948823578002666,0.23335609068537488,0.0,True,True,2000,0.9996196221923367,40.63606751081675,18.956034032670004
617,2023-05-09 06:00:00,0.4061866527757539,0.07119819276960337,0.05992767613781709,0.18307055453270846,0.21593395528788045,0.0,True,True,2000,0.9169015570240411,44.29991962213493,19.96621699791795
618,2023-05-09 12:00:00,0.4249367418457534,0.07368024474048068,0.06026274704365248,0.18252493878715165,0.22968885266021466,0.0,True,True,2000,0.8884835050351364,47.82719537702038,20.543424582759524
619,2023-05-09 18:00:00,0.4011347859938808,0.07739792229247837,0.06170489559802264,0.18835705689497323,0.23897798262946798,0.0,True,True,2000,0.8546563301530355,46.93521499127647,22.03892374625551
620,2023-05-10 00:00:00,0.4180290910854851,0.08066066115029581,0.0625132962823641,0.19053941961045212,0.24950802663461508,0.0,True,True,2000,0.8885479208943954,47.046319197360226,21.44391035417187
621,2023-05-10 06:00:00,0.4144358178403662,0.07947904047290359,0.06166792737371574,0.1860347290839506,0.23041262942801435,0.0,True,True,2000,0.9594412221321762,43.19554009982615,19.3899037056719
622,2023-05-10 12:00:00,0.3914657486038376,0.07865911180242964,0.06051982117276815,0.18540364627519101,0.23143359764660448,0.0005,True,True,2000,0.9088677363622969,43.07180604415138,20.399408941202044
623,2023-05-10 18:00:00,0.37284973917402287,0.0775468501260486,0.061171964202827764,0.1878031606424886,0.23534126037136865,0.0,True,True,2000,0.901395944606749,41.36359181610093,20.834702193431905
624,2023-05-11 00:00:00,0.3623119707144215,0.08999962891971643,0.06343368329999673,0.2038805016245282,0.23843454658348556,0.0,True,True,2000,0.9452380516347108,38.33023544575179,21.569222829310966
625,2023-05-11 06:00:00,0.37243395351659864,0.09102394405856365,0.0645232412281484,0.20652361374754882,0.25049586592279294,0.0,True,True,2000,0.9503892513193268,39.187517430314706,21.730423977423303
626,2023-05-11 12:00:00,0.36394851835045083,0.090757558296021,0.06340966376046835,0.19955294448111077,0.24369973554746818,0.0,True,True,2000,0.9170696476798118,39.686028130059846,21.759846156284876
627,2023-05-11 18:00:00,0.35887602626687226,0.08895768881485494,0.06326165549171345,0.198685769553439,0.2464333339032265,0.0,True,True,2000,0.8554646644659671,41.95100524589223,23.225479415619194
628,2023-05-12 00:00:00,0.37670108695944005,0.1043844684288156,0.0680579861947941,0.22240914343495344,0.267306021037376,0.0005,True,True,2000,0.8380667730070556,44.94881542765432,26.53835596380111
629,2023-05-12 06:00:00,0.36736795429010977,0.10036334665802658,0.06581940471476802,0.2163300246928246,0.2611223226385817,0.0,True,True,2000,0.8303127257118388,44.244528948434464,26.054041807845575
630,2023-05-12 12:00:00,0.3643711949435536,0.10573421969257366,0.06894560179742708,0.224752322642277,0.2802458835035023,0.0,True,True,2000,0.8238442124577131,44.22816710170872,27.280925112260018
631,2023-05-12 18:00:00,0.3518522138624514,0.10120081370561959,0.06594434653078918,0.22098491961064334,0.2658284050821975,0.0005,True,True,2000,0.7750589340894518,45.396833503482085,28.51201500828566
632,2023-05-13 00:00:00,0.3470093088527613,0.10848205950287126,0.06722458857444892,0.22597822271052712,0.2698791904198021,0.0,True,True,2000,0.7668065299594258,45.253828090264534,29.47004412214439
633,2023-05-13 06:00:00,0.3595372760768845,0.12117635968408678,0.069196662643029,0.2377121195494253,0.28160937492502275,0.0005,True,True,2000,0.7038837656935638,51.07906924414126,33.77150193472617
634,2023-05-13 12:00:00,0.35113294817173824,0.11579340492925243,0.06912411372382707,0.23571467139422217,0.27653585104351586,0.0,True,True,2000,0.6965320585195166,50.41159898915114,33.84118053305906
635,2023-05-13 18:00:00,0.34488722292900814,0.11757825584585285,0.06811871806780972,0.2309503482902577,0.27785352913829037,0.001,True,True,2000,0.7158838596906524,48.17642111362041,32.26086817910044
636,2023-05-14 00:00:00,0.37634655817160023,0.1349972617601835,0.07165447880099131,0.2520976916793601,0.3054987785115836,0.0005,True,True,2000,0.6533431310087615,57.603201183200824,38.58580272974193
637,2023-05-14 06:00:00,0.36181428829364987,0.1387111246315688,0.0710645984127131,0.25940129563525993,0.30897304235044903,0.0,True,True,2000,0.5951418965109356,60.79462568755678,43.586461843136846
638,2023-05-14 12:00:00,0.3639944030028129,0.13999071222897083,0.07156109489442997,0.25892866287414784,0.3045352943003217,0.001,True,True,2000,0.6050571067030303,60.15868567947686,42.79408670779126
639,2023-05-14 18:00:00,0.37011932506627837,0.14325478788382395,0.07338047561638539,0.2626513035129921,0.30967488754743727,0.0005,True,True,2000,0.591655792405821,62.55652861290858,44.39258550059756
640,2023-05-15 00:00:00,0.416263562368388,0.15848695851400504,0.07724682491544387,0.283001189093299,0.32791327090901595,0.0,True,True,2000,0.5373933671354052,77.45975068268818,52.66183142561791
641,2023-05-15 06:00:00,0.4174474527214602,0.15558126920943066,0.07541697462843569,0.27850028294014534,0.33151268742593687,0.0,True,True,2000,0.5032168367214723,82.95578014463673,55.34399142020236
642,2023-05-15 12:00:00,0.4235543818915408,0.15523888987788478,0.07529838386136299,0.28030185598939994,0.3271575956805532,0.0,True,True,2000,0.47061851473017563,89.99951524099757,59.56031206084362
643,2023-05-15 18:00:00,0.4125272237560597,0.15523061424543466,0.07776813287959689,0.28366068381186965,0.33828966973753805,0.0,True,True,2000,0.4878919874235479,84.55298188734905,58.14005786604949
644,2023-05-16 00:00:00,0.41586433722146043,0.1632820781987083,0.07628132046454425,0.28831753573959684,0.3315928949707288,0.0,True,True,2000,0.48617030396130995,85.53881918187982,59.30381460784193
645,2023-05-16 06:00:00,0.3821725099327818,0.16592676824182484,0.07660122486192604,0.28732693154987726,0.3394648546195192,0.0035,True,True,2000,0.4811967270880266,79.42126128860181,59.71090728082109
646,2023-05-16 12:00:00,0.3658985524587842,0.1644041003443228,0.07937515183310215,0.29487541986490057,0.3351621861389542,0.004,True,True,2000,0.46999566648469615,77.85147365198068,62.74002951354919
647,2023-05-16 18:00:00,0.3612408714799844,0.1655678073648246,0.0786600890878072,0.29057530728903086,0.33454618206345577,0.0045,True,True,2000,0.4670978291795781,77.33730471718881,62.20866147021157
648,2023-05-17 00:00:00,0.40871358090494,0.17714463136471856,0.08250321143118193,0.30732380086845207,0.3678175090745361,0.0,True,True,2000,0.4639831654787808,88.08801941837511,66.23598090058438
